brand,color_count,description,dimensions,discount_percent,image_url,is_on_sale,leaf_category,material_text,mission_tags,name,original_price,price,product_id,product_name,product_url,rating,review_count,source,subcluster,timestamp,price_current,is_sale,text_raw,text_clean,silhouette,material,subcluster_score,segment_label
A New Day,2.0,Twill fabric clutch bag; Kiss lock clasp closure; Main compartment with credit card slip pocket; Kiss lock metal clasp closure; Detachable carrying handle; Bag structure: Unstructured; Interior features: Credit Card Pockets; Exterior features: Detachable Handle,7 Inches (H) x 13.5 Inches (W) x 5 Inches (D),0.0,https://target.scene7.com/is/image/Target/GUEST_c81ce67f-222a-4e84-967e-6fe3dc83c1fe?wid=1200&hei=1200&qlt=85,False,Clutches,Polyurethane,,Kiss Lock Clutch Bag - A New Day™ Black,,30.0,94687138,Kiss Lock Clutch Bag - A New Day™ Black,https://www.target.com/p/kiss-lock-clutch-bag-a-new-day/-/A-94705891?preselect=94687138#lnk=sametab,4.4,90,target,1,2026-02-23T16:44:52.645735,30.0,False,Kiss Lock Clutch Bag - A New Day™ Black Clutches Polyurethane Twill fabric clutch bag; Kiss lock clasp closure; Main compartment with credit card slip pocket; Kiss lock metal clasp closure; Detachable carrying handle; Bag structure: Unstructured; Interior features: Credit Card Pockets; Exterior features: Detachable Handle,kiss lock clutch new day black clutches polyurethane twill fabric clutch kiss lock clasp main compartment credit card slip kiss lock metal clasp detachable carrying handle structure unstructured interior credit card exterior detachable handle,clutch,unknown,0.06108855197966701,clutch – unknown | kiss lock / credit card | Entry
Universal Thread,4.0,Universal Thread quilted tote handbag; Woven with recycled polyester fabric; Interior zip pocket; Double shoulder straps; Drawstring closure; Bag structure: Softside; Interior features: Zip Pocket; Exterior features: No Compartments or Pockets,14.72 Inches (H) x 19.31 Inches (W) x 5 Inches (D),0.0,https://target.scene7.com/is/image/Target/GUEST_5e168547-8dac-457c-8f8c-dd363f529a80?wid=1200&hei=1200&qlt=85,False,Shoulder Bags,100% Recycled Polyester,,Quilted Drawstring Tote Handbag - Universal Thread™ Pink,,35.0,94776900,Quilted Drawstring Tote Handbag - Universal Thread™ Pink,https://www.target.com/p/quilted-drawstring-tote-handbag-universal-thread/-/A-94776901?preselect=94776900#lnk=sametab,3.9,11,target,1,2026-02-23T16:44:52.646741,35.0,False,Quilted Drawstring Tote Handbag - Universal Thread™ Pink Shoulder Bags 100% Recycled Polyester Universal Thread quilted tote handbag; Woven with recycled polyester fabric; Interior zip pocket; Double shoulder straps; Drawstring closure; Bag structure: Softside; Interior features: Zip Pocket; Exterior features: No Compartments or Pockets,quilted drawstring tote universal thread pink shoulder 100 recycled polyester universal thread quilted tote woven recycled polyester fabric interior double shoulder straps drawstring structure softside interior exterior,tote,recycled,-0.011392759094398826,tote – unknown | universal thread / interior exterior | Mid
A New Day,,Gold-tone chain bag charm; Metal construction; Five heart-shaped charms with printed phrases; Additional small gold-tone heart charms; Lobster claw clasp closure; Suggested for ages 15 and up,"11.42 Inches (L), 1.36 Inches (W)",15.0,https://target.scene7.com/is/image/Target/GUEST_faba82f4-1b2d-4a51-8bea-67318e006232?wid=1200&hei=1200&qlt=85,True,Bag Charms & Straps,Zinc Alloy,,Conversation Heart Bag Charm - A New Day™,10.0,8.5,94794411,Conversation Heart Bag Charm - A New Day™,https://www.target.com/p/conversation-heart-bag-charm-a-new-day-8482/-/A-94794411#lnk=sametab,4.8,29,target,3,2026-02-23T16:44:52.646741,8.5,True,Conversation Heart Bag Charm - A New Day™ Bag Charms & Straps Zinc Alloy Gold-tone chain bag charm; Metal construction; Five heart-shaped charms with printed phrases; Additional small gold-tone heart charms; Lobster claw clasp closure; Suggested for ages 15 and up,conversation heart charm new day charms straps zinc alloy gold tone chain charm metal construction five heart shaped charms printed phrases additional small gold tone heart charms lobster claw clasp suggested ages,accessory,unknown,0.032533576824388726,accessory – unknown | new day charms / day charms straps | Entry
A New Day,,Kiss structured clutch; Red polyurethane shell with vinyl finish; Zip-closure main compartment; Detachable metal shoulder strap; Bag structure: Structured; Interior features: No Compartments or Pockets; Exterior features: Detachable Straps,5.75 Inches (H) x 8.5 Inches (W) x 2.75 Inches (D),15.0,https://target.scene7.com/is/image/Target/GUEST_82702f88-fb01-4f54-af1c-b284eeacb30e?wid=1200&hei=1200&qlt=85,True,Clutches,Metal,,Kiss Lip Clutch - A New Day™ Red,30.0,25.5,94742363,Kiss Lip Clutch - A New Day™ Red,https://www.target.com/p/kiss-lip-clutch-a-new-day-8482-red/-/A-94742363#lnk=sametab,4.6,14,target,0,2026-02-23T16:44:52.646741,25.5,True,Kiss Lip Clutch - A New Day™ Red Clutches Metal Kiss structured clutch; Red polyurethane shell with vinyl finish; Zip-closure main compartment; Detachable metal shoulder strap; Bag structure: Structured; Interior features: No Compartments or Pockets; Exterior features: Detachable Straps,kiss lip clutch new day red clutches metal kiss structured clutch red polyurethane shell vinyl finish main compartment detachable metal shoulder structure structured interior exterior detachable straps,clutch,unknown,0.06108855197966701,clutch – unknown | minaudiere clutch / interior exterior | Mid
A New Day,4.0,Conversation heart wristlet wallet; Polyurethane construction; Zip closure; Detachable loop strap; Bag structure: Unstructured; Interior features: No Compartments or Pockets; Exterior features: No Compartments or Pockets,4.5 Inches (H) x 4.75 Inches (W) x .75 Inches (D),15.0,https://target.scene7.com/is/image/Target/GUEST_c3bcb3dd-0448-4197-8fb6-6c8c4ea780b6?wid=1200&hei=1200&qlt=85,True,Clutches,Polyurethane,,Conversation Heart Wristlet - A New Day™ Pink,15.0,12.75,94742362,Conversation Heart Wristlet - A New Day™ Pink,https://www.target.com/p/conversation-heart-wristlet-a-new-day/-/A-94781667?preselect=94742362#lnk=sametab,4.6,16,target,0,2026-02-23T16:44:52.646741,12.75,True,Conversation Heart Wristlet - A New Day™ Pink Clutches Polyurethane Conversation heart wristlet wallet; Polyurethane construction; Zip closure; Detachable loop strap; Bag structure: Unstructured; Interior features: No Compartments or Pockets; Exterior features: No Compartments or Pockets,conversation heart wristlet new day pink clutches polyurethane conversation heart wristlet wallet polyurethane construction detachable loop structure unstructured interior exterior,clutch,unknown,0.06108855197966701,clutch – unknown | minaudiere clutch / interior exterior | Mid
A New Day,3.0,"Crescent-shape minaudiere clutch; Crafted from acrylic shell; Clasp closure; Top carrying handle; Bag structure: Hardside, Structured; Interior features: No Compartments or Pockets; Exterior features: No Compartments or Pockets",8.62 Inches (H) x 9.05 Inches (W) x 1.96 Inches (D),0.0,https://target.scene7.com/is/image/Target/GUEST_2383dd5a-cb9c-4806-bd55-6769489211e9?wid=1200&hei=1200&qlt=85,False,Clutches,Acrylic,,Crescent Marble Minaudiere Clutch - A New Day™ Pink,,40.0,94742370,Crescent Marble Minaudiere Clutch - A New Day™ Pink,https://www.target.com/p/crescent-marble-minaudiere-clutch-a-new-day/-/A-94781668?preselect=94742370#lnk=sametab,3.9,9,target,0,2026-02-23T16:44:52.646741,40.0,False,"Crescent Marble Minaudiere Clutch - A New Day™ Pink Clutches Acrylic Crescent-shape minaudiere clutch; Crafted from acrylic shell; Clasp closure; Top carrying handle; Bag structure: Hardside, Structured; Interior features: No Compartments or Pockets; Exterior features: No Compartments or Pockets",crescent marble minaudiere clutch new day pink clutches acrylic crescent shape minaudiere clutch crafted acrylic shell clasp top carrying handle structure hardside structured interior exterior,clutch,unknown,0.06108855197966701,clutch – unknown | minaudiere clutch / interior exterior | Mid
Universal Thread,4.0,Faux leather slouchy shoulder bag; Polyurethane shell; Unstructured; No interior or exterior compartments; Magnetic closure; Carrying handle; 10.5in H 15.75in W x 5in D; Bag structure: Unstructured; Interior features: No Compartments or Pockets; Exterior features: No Compartments or Pockets,10.5 Inches (H) x 15.75 Inches (W) x 5 Inches (D),0.0,https://target.scene7.com/is/image/Target/GUEST_21c648d2-b83a-49d5-ad4a-bee5938769eb?wid=1200&hei=1200&qlt=85,False,Shoulder Bags,Polyurethane,,Oversized Slouchy Shoulder Bag - Universal Thread™ Black,,35.0,94172689,Oversized Slouchy Shoulder Bag - Universal Thread™ Black,https://www.target.com/p/oversized-slouchy-shoulder-bag-universal-thread/-/A-94248767?preselect=94172689#lnk=sametab,4.3,390,target,4,2026-02-23T16:44:52.646741,35.0,False,Oversized Slouchy Shoulder Bag - Universal Thread™ Black Shoulder Bags Polyurethane Faux leather slouchy shoulder bag; Polyurethane shell; Unstructured; No interior or exterior compartments; Magnetic closure; Carrying handle; 10.5in H 15.75in W x 5in D; Bag structure: Unstructured; Interior features: No Compartments or Pockets; Exterior features: No Compartments or Pockets,oversized slouchy shoulder universal thread black shoulder polyurethane faux leather slouchy shoulder polyurethane shell unstructured interior exterior magnetic carrying handle 5in 75in 5in structure unstructured interior exterior,shoulder,leather,0.02078770549093766,shoulder – canvas_cotton | slouchy shoulder / cotton polyester | Mid
Universal Thread,1.0,"Keep yourself ready for quick trips with the Foundational Weekender Bag from Universal Thread™. This unstructured weekender bag features interior and exterior pockets to help provide ample space for your essential items. Designed with a removable strap and double handles, it offers multiple carrying options for your convenience. Universal Thread™: Found exclusively at Target.; Bag structure: Unstructured; Interior features: Zip Pocket, Accessories Pocket; Exterior features: Detachable Strap, Front Zip Pocket",15 Inches (H) x 23 Inches (W) x 9 Inches (D),0.0,https://target.scene7.com/is/image/Target/GUEST_b2e9698f-b9d1-4304-a4c7-a312383c87ec?wid=1200&hei=1200&qlt=85,False,Weekender Bags,Polyester,,"Foundational Weekender Bag - Universal Thread™ Pucker Brown: 90% Recycled Nylon, Double Handle, Removable Strap, 48 Linear Inches",,40.0,92450022,"Foundational Weekender Bag - Universal Thread™ Pucker Brown: 90% Recycled Nylon, Double Handle, Removable Strap, 48 Linear Inches",https://www.target.com/p/foundational-weekender-bag-universal-thread/-/A-92750865?preselect=92450022#lnk=sametab,4.6,133,target,0,2026-02-23T16:44:52.646741,40.0,False,"Foundational Weekender Bag - Universal Thread™ Pucker Brown: 90% Recycled Nylon, Double Handle, Removable Strap, 48 Linear Inches Weekender Bags Polyester Keep yourself ready for quick trips with the Foundational Weekender Bag from Universal Thread™. This unstructured weekender bag features interior and exterior pockets to help provide ample space for your essential items. Designed with a removable strap and double handles, it offers multiple carrying options for your convenience. Universal Thread™: Found exclusively at Target.; Bag structure: Unstructured; Interior features: Zip Pocket, Accessories Pocket; Exterior features: Detachable Strap, Front Zip Pocket",foundational weekender universal thread pucker brown recycled nylon double handle removable linear inches weekender polyester keep yourself ready quick trips foundational weekender universal thread unstructured weekender interior exterior help provide ample space essential items designed removable double handles offers multiple carrying options convenience universal thread found exclusively structure unstructured interior exterior detachable front,weekender,nylon,,weekender – small group – Mid
A New Day,2.0,Triple compartment tote handbag; Main compartment with zipper closure; Interior pocket; Double handles; Bag structure: Unstructured; Interior features: Accessories Pocket; Exterior features: No Compartments or Pockets,13.39 Inches (H) x 21.26 Inches (W) x 6.3 Inches (D),0.0,https://target.scene7.com/is/image/Target/GUEST_fbb80f99-6aed-4e26-8c6c-83e57f76035a?wid=1200&hei=1200&qlt=85,False,Shoulder Bags,Polyurethane,,"Triple Compartment Work Tote Handbag - A New Day™ Black: Shell, Double Shoulder Handles",,35.0,90367010,"Triple Compartment Work Tote Handbag - A New Day™ Black: Shell, Double Shoulder Handles",https://www.target.com/p/triple-compartment-work-tote-handbag-a-new-day/-/A-90564596?preselect=90367010#lnk=sametab,4.1,236,target,1,2026-02-23T16:44:52.646741,35.0,False,"Triple Compartment Work Tote Handbag - A New Day™ Black: Shell, Double Shoulder Handles Shoulder Bags Polyurethane Triple compartment tote handbag; Main compartment with zipper closure; Interior pocket; Double handles; Bag structure: Unstructured; Interior features: Accessories Pocket; Exterior features: No Compartments or Pockets",triple compartment work tote new day black shell double shoulder handles shoulder polyurethane triple compartment tote main compartment zipper interior double handles structure unstructured interior exterior,tote,unknown,-0.011392759094398826,tote – unknown | universal thread / interior exterior | Mid
Wild Fable,7.0,"Hobo bag with single strap handle; Boxed puffer design; Lightweight construction; Zippered compartment; Inner zip-up pocket; Recycled polyester; Bag structure: Softside, Lightweight; Interior features: Zip Pocket; Exterior features: No Compartments or Pockets",14 Inches (H) x 17 Inches (W) x 6.5 Inches (D),0.0,https://target.scene7.com/is/image/Target/GUEST_3751241b-b8ba-4345-81d5-d8bbd0db785c?wid=1200&hei=1200&qlt=85,False,Shoulder Bags,100% Recycled Polyester,,Puffer Hobo Shoulder Bag - Wild Fable™ Black,,25.0,90862916,Puffer Hobo Shoulder Bag - Wild Fable™ Black,https://www.target.com/p/puffer-hobo-bag-wild-fable/-/A-90864021?preselect=90862916#lnk=sametab,4.7,406,target,2,2026-02-23T16:44:52.646741,25.0,False,"Puffer Hobo Shoulder Bag - Wild Fable™ Black Shoulder Bags 100% Recycled Polyester Hobo bag with single strap handle; Boxed puffer design; Lightweight construction; Zippered compartment; Inner zip-up pocket; Recycled polyester; Bag structure: Softside, Lightweight; Interior features: Zip Pocket; Exterior features: No Compartments or Pockets",puffer hobo shoulder black shoulder 100 recycled polyester hobo single handle boxed puffer design lightweight construction zippered compartment inner recycled polyester structure softside lightweight interior exterior,shoulder,recycled,0.02078770549093766,shoulder – recycled | recycled polyester / 100 recycled polyester | Mid
Universal Thread,,Universal Thread mini handbag in brown; Slouchy design; Polyester shell; Magnetic closure main compartment; Removable chain; Top carrying handle; Bag structure: Miniature; Interior features: No Compartments or Pockets; Exterior features: No Compartments or Pockets,5.33 Inches (H) x 9.25 Inches (W) x 3 Inches (D),0.0,https://target.scene7.com/is/image/Target/GUEST_1205b8b2-8153-43fa-bbb1-bf16b6a2afba?wid=1200&hei=1200&qlt=85,False,Mini Bags,Polyester,,Mini Slouchy Chain Handbag - Universal Thread™ Brown,,30.0,94969933,Mini Slouchy Chain Handbag - Universal Thread™ Brown,https://www.target.com/p/mini-slouchy-chain-handbag-universal-thread-8482-brown/-/A-94969933#lnk=sametab,3.9,8,target,0,2026-02-23T16:44:52.646741,30.0,False,Mini Slouchy Chain Handbag - Universal Thread™ Brown Mini Bags Polyester Universal Thread mini handbag in brown; Slouchy design; Polyester shell; Magnetic closure main compartment; Removable chain; Top carrying handle; Bag structure: Miniature; Interior features: No Compartments or Pockets; Exterior features: No Compartments or Pockets,mini slouchy chain universal thread brown mini polyester universal thread mini brown slouchy design polyester shell magnetic main compartment removable chain top carrying handle structure miniature interior exterior,mini,unknown,,mini – small group – Mid
A New Day,2.0,XL straw tote bag; Open design; Double handles; Unstructured; Forest Stewardship Council Certified; Bag structure: Unstructured; Interior features: No Compartments or Pockets; Exterior features: No Compartments or Pockets,13.39 Inches (H) x 16.93 Inches (W) x 7.09 Inches (D),0.0,https://target.scene7.com/is/image/Target/GUEST_d43b2e33-d6fe-4ea1-9d55-a682e79d44a8?wid=1200&hei=1200&qlt=85,False,Shoulder Bags,Paper,,Straw XL Tote Bag - A New Day™ Natural,,40.0,94742376,Straw XL Tote Bag - A New Day™ Natural,https://www.target.com/p/straw-xl-tote-bag-a-new-day/-/A-94781669?preselect=94742376#lnk=sametab,2.0,1,target,1,2026-02-23T16:44:52.646741,40.0,False,Straw XL Tote Bag - A New Day™ Natural Shoulder Bags Paper XL straw tote bag; Open design; Double handles; Unstructured; Forest Stewardship Council Certified; Bag structure: Unstructured; Interior features: No Compartments or Pockets; Exterior features: No Compartments or Pockets,straw tote new day natural shoulder paper straw tote open design double handles unstructured forest stewardship council certified structure unstructured interior exterior,tote,straw,-0.011392759094398826,tote – unknown | universal thread / interior exterior | Mid
Wild Fable,,Hobo bag with single strap handle; Boxed puffer design; Lightweight construction; Zippered compartment; Inner zip-up pocket; Recycled polyester; Bag structure: Softside; Interior features: Zip Pocket; Exterior features: No Compartments or Pockets,14 Inches (H) x 6.5 Inches (W) x 17 Inches (D),0.0,https://target.scene7.com/is/image/Target/GUEST_619f0e09-74a5-4410-9842-9e591590a50a?wid=1200&hei=1200&qlt=85,False,Shoulder Bags,100% Recycled Polyester,,Floral Print Puffer Hobo Shoulder Bag - Wild Fable™ Pink,,30.0,94780226,Floral Print Puffer Hobo Shoulder Bag - Wild Fable™ Pink,https://www.target.com/p/floral-print-puffer-hobo-shoulder-bag-wild-fable-8482-pink/-/A-94780226#lnk=sametab,4.7,9,target,2,2026-02-23T16:44:52.646741,30.0,False,Floral Print Puffer Hobo Shoulder Bag - Wild Fable™ Pink Shoulder Bags 100% Recycled Polyester Hobo bag with single strap handle; Boxed puffer design; Lightweight construction; Zippered compartment; Inner zip-up pocket; Recycled polyester; Bag structure: Softside; Interior features: Zip Pocket; Exterior features: No Compartments or Pockets,floral print puffer hobo shoulder pink shoulder 100 recycled polyester hobo single handle boxed puffer design lightweight construction zippered compartment inner recycled polyester structure softside interior exterior,shoulder,recycled,0.02078770549093766,shoulder – recycled | recycled polyester / 100 recycled polyester | Mid
A New Day,,Straw crossbody bag; Cane design; White trim detailing; Polyethylene shell; Spacious main compartment; Popper flap with magnetic closure; Shoulder strap; Bag structure: Structured; Interior features: No Compartments or Pockets; Exterior features: No Compartments or Pockets,5 Inches (H) x 8.5 Inches (W) x 2.75 Inches (D),0.0,https://target.scene7.com/is/image/Target/GUEST_6d37a024-3606-4c35-ab82-307979ec1c39?wid=1200&hei=1200&qlt=85,False,Satchels,Polyethylene,,Straw Caning Crossbody Bag - A New Day™ Natural,,30.0,94742374,Straw Caning Crossbody Bag - A New Day™ Natural,https://www.target.com/p/straw-caning-crossbody-bag-a-new-day-8482-natural/-/A-94742374#lnk=sametab,5.0,3,target,4,2026-02-23T16:44:52.646741,30.0,False,Straw Caning Crossbody Bag - A New Day™ Natural Satchels Polyethylene Straw crossbody bag; Cane design; White trim detailing; Polyethylene shell; Spacious main compartment; Popper flap with magnetic closure; Shoulder strap; Bag structure: Structured; Interior features: No Compartments or Pockets; Exterior features: No Compartments or Pockets,straw caning crossbody new day natural satchels polyethylene straw crossbody cane design white trim detailing polyethylene shell spacious main compartment popper flap magnetic shoulder structure structured interior exterior,crossbody,straw,-0.018921649570236516,crossbody – unknown | universal thread / interior exterior | Entry
Shade & Shore,2.0,"Packable tote handbag; 100% recycled polyester mesh shell; Zippered main compartment; 2 exterior mesh pockets; Double shoulder handles; 12in H x 21.5in W x 12in D; Bag structure: Unstructured; Interior features: No Compartments or Pockets; Exterior features: Front Pocket, Mesh Pocket",12 Inches (H) x 21.5 Inches (W) x 12 Inches (D),0.0,https://target.scene7.com/is/image/Target/GUEST_39521f7f-2e9b-4be7-99f7-68707e050e45?wid=1200&hei=1200&qlt=85,False,Beach Bags,100% Recycled Polyester,,Packable Zip Top Mesh Tote Handbag - Shade & Shore™ Brown,,18.0,94742389,Packable Zip Top Mesh Tote Handbag - Shade & Shore™ Brown,https://www.target.com/p/packable-zip-top-mesh-tote-handbag-shade-shore/-/A-94800765?preselect=94742389#lnk=sametab,5.0,2,target,1,2026-02-23T16:44:52.646741,18.0,False,"Packable Zip Top Mesh Tote Handbag - Shade & Shore™ Brown Beach Bags 100% Recycled Polyester Packable tote handbag; 100% recycled polyester mesh shell; Zippered main compartment; 2 exterior mesh pockets; Double shoulder handles; 12in H x 21.5in W x 12in D; Bag structure: Unstructured; Interior features: No Compartments or Pockets; Exterior features: Front Pocket, Mesh Pocket",packable top mesh tote shade shore brown beach 100 recycled polyester packable tote 100 recycled polyester mesh shell zippered main compartment exterior mesh double shoulder handles 12in 5in 12in structure unstructured interior exterior front mesh,tote,recycled,-0.011392759094398826,tote – unknown | universal thread / interior exterior | Mid
Universal Thread,,Bag structure: Lightweight; Interior features: Zip Pocket; Exterior features: Adjustable Strap,7.5 Inches (H) x 9 Inches (W) x 2.75 Inches (D),0.0,https://target.scene7.com/is/image/Target/GUEST_073cd41e-5e4e-41d8-baa7-da242fc2eff7?wid=1200&hei=1200&qlt=85,False,Crossbody & Messenger Bags,Polyurethane,,Western Soft Saddle Crossbody Bag Purse - Universal Thread™ Brown,,30.0,94832341,Western Soft Saddle Crossbody Bag Purse - Universal Thread™ Brown,https://www.target.com/p/western-soft-saddle-crossbody-bag-purse-universal-thread-8482-brown/-/A-94832341#lnk=sametab,5.0,1,target,2,2026-02-23T16:44:52.646741,30.0,False,Western Soft Saddle Crossbody Bag Purse - Universal Thread™ Brown Crossbody & Messenger Bags Polyurethane Bag structure: Lightweight; Interior features: Zip Pocket; Exterior features: Adjustable Strap,western soft saddle crossbody universal thread brown crossbody messenger polyurethane structure lightweight interior exterior,crossbody,unknown,-0.018921649570236516,crossbody – single
Universal Thread,3.0,Bag structure: Softside; Interior features: Zip Pocket; Exterior features: Adjustable Strap,4.75 Inches (H) x 8.25 Inches (W) x 2.5 Inches (D),0.0,https://target.scene7.com/is/image/Target/GUEST_039226b7-b600-4848-8407-b1fd316b5e7f?wid=1200&hei=1200&qlt=85,False,Shoulder Bags,Polyester,,Western Faux Suede Fringe Shoulder Bag Purse - Universal Thread™ Brown,,35.0,94832340,Western Faux Suede Fringe Shoulder Bag Purse - Universal Thread™ Brown,https://www.target.com/p/western-faux-suede-fringe-shoulder-bag-purse-universal-thread/-/A-94894923?preselect=94832340#lnk=sametab,3.7,6,target,0,2026-02-23T16:44:52.646741,35.0,False,Western Faux Suede Fringe Shoulder Bag Purse - Universal Thread™ Brown Shoulder Bags Polyester Bag structure: Softside; Interior features: Zip Pocket; Exterior features: Adjustable Strap,western faux suede fringe shoulder universal thread brown shoulder polyester structure softside interior exterior,shoulder,unknown,0.02078770549093766,shoulder – unknown | faux suede / tan shoulder | Mid
Universal Thread,2.0,Bag structure: Lightweight; Interior features: Zip Pocket; Exterior features: No Compartments or Pockets,16 Inches (H) x 16.25 Inches (W) x 2 Inches (D),0.0,https://target.scene7.com/is/image/Target/GUEST_e48ca886-f959-458c-946a-9270218020b8?wid=1200&hei=1200&qlt=85,False,Shoulder Bags,Polyester,,Western Faux Suede with Tassel Shoulder Bag Purse - Universal Thread™ Tan,,40.0,94832338,Western Faux Suede with Tassel Shoulder Bag Purse - Universal Thread™ Tan,https://www.target.com/p/western-faux-suede-with-tassel-shoulder-bag-purse-universal-thread/-/A-94894924?preselect=94832338#lnk=sametab,5.0,1,target,0,2026-02-23T16:44:52.646741,40.0,False,Western Faux Suede with Tassel Shoulder Bag Purse - Universal Thread™ Tan Shoulder Bags Polyester Bag structure: Lightweight; Interior features: Zip Pocket; Exterior features: No Compartments or Pockets,western faux suede tassel shoulder universal thread tan shoulder polyester structure lightweight interior exterior,shoulder,unknown,0.02078770549093766,shoulder – unknown | faux suede / tan shoulder | Mid
A New Day,2.0,"Quilted tote handbag; Unstructured design; Magnetic closure on main compartment; Features interior and exterior pockets; Double shoulder and grab handles; Bag structure: Unstructured; Interior features: Accessories Pocket, Zip Pocket; Exterior features: Side Pockets",13 Inches (H) x 18 Inches (W) x 6.25 Inches (D),0.0,https://target.scene7.com/is/image/Target/GUEST_92897fbb-2131-4ff5-a979-4fa08111046c?wid=1200&hei=1200&qlt=85,False,Shoulder Bags,"Polyurethane, Nylon",,"Kate Tote Handbag - A New Day™ Black: Double Shoulder Handles, Magnetic Closure, Recycled Nylon",,30.0,90367018,"Kate Tote Handbag - A New Day™ Black: Double Shoulder Handles, Magnetic Closure, Recycled Nylon",https://www.target.com/p/kate-tote-handbag-a-new-day/-/A-90564600?preselect=90367018#lnk=sametab,4.5,247,target,2,2026-02-23T16:44:52.646741,30.0,False,"Kate Tote Handbag - A New Day™ Black: Double Shoulder Handles, Magnetic Closure, Recycled Nylon Shoulder Bags Polyurethane, Nylon Quilted tote handbag; Unstructured design; Magnetic closure on main compartment; Features interior and exterior pockets; Double shoulder and grab handles; Bag structure: Unstructured; Interior features: Accessories Pocket, Zip Pocket; Exterior features: Side Pockets",kate tote new day black double shoulder handles magnetic recycled nylon shoulder polyurethane nylon quilted tote unstructured design magnetic main compartment interior exterior double shoulder grab handles structure unstructured interior exterior side,tote,nylon,-0.011392759094398826,tote – single
A New Day,2.0,"Satchel crossbody bag; Woven from polyurethane; Main zip closure; Cell phone and zippered pockets; Padded handle; Detachable, adjustable strap; Unstructured design; Bag structure: Unstructured; Interior features: Cell Phone Pocket, Zip Pocket; Exterior features: Detachable Straps, Adjustable Strap",8 Inches (H) x 12 Inches (W) x 4 Inches (D),0.0,https://target.scene7.com/is/image/Target/GUEST_ac24bb23-ec00-4d70-b20f-a223551963b5?wid=1200&hei=1200&qlt=85,False,Crossbody & Messenger Bags,Polyester,,Satchel Crossbody Bag - A New Day™ Tan,,30.0,94780336,Satchel Crossbody Bag - A New Day™ Tan,https://www.target.com/p/satchel-crossbody-bag-a-new-day/-/A-94810415?preselect=94780336#lnk=sametab,4.3,7,target,0,2026-02-23T16:44:52.646741,30.0,False,"Satchel Crossbody Bag - A New Day™ Tan Crossbody & Messenger Bags Polyester Satchel crossbody bag; Woven from polyurethane; Main zip closure; Cell phone and zippered pockets; Padded handle; Detachable, adjustable strap; Unstructured design; Bag structure: Unstructured; Interior features: Cell Phone Pocket, Zip Pocket; Exterior features: Detachable Straps, Adjustable Strap",satchel crossbody new day tan crossbody messenger polyester satchel crossbody woven polyurethane main cell phone zippered padded handle detachable unstructured design structure unstructured interior cell phone exterior detachable straps,satchel,unknown,0.06271342895513957,satchel – unknown | frame satchel / universal thread | Mid
Shade & Shore,5.0,Unstructured packable tote handbag; 100% recycled polyester shell; Open main compartment; 2 exterior mesh pockets; Double handles; 18in H x 24in W x 6.5in D; Bag structure: Unstructured; Interior features: No Compartments or Pockets; Exterior features: Side Pockets,18 Inches (H) x 24 Inches (W) x 6.5 Inches (D),0.0,https://target.scene7.com/is/image/Target/GUEST_df2c6490-b7c6-4dd1-9edf-696530d4fbe6?wid=1200&hei=1200&qlt=85,False,Beach Bags,100% Recycled Polyester,,Packable Cut Out Mesh Tote Handbag - Shade & Shore™ White,,15.0,94742390,Packable Cut Out Mesh Tote Handbag - Shade & Shore™ White,https://www.target.com/p/packable-cut-out-mesh-tote-handbag-shade-shore/-/A-94800766?preselect=94742390#lnk=sametab,4.5,14,target,5,2026-02-23T16:44:52.646741,15.0,False,Packable Cut Out Mesh Tote Handbag - Shade & Shore™ White Beach Bags 100% Recycled Polyester Unstructured packable tote handbag; 100% recycled polyester shell; Open main compartment; 2 exterior mesh pockets; Double handles; 18in H x 24in W x 6.5in D; Bag structure: Unstructured; Interior features: No Compartments or Pockets; Exterior features: Side Pockets,packable cut out mesh tote shade shore white beach 100 recycled polyester unstructured packable tote 100 recycled polyester shell open main compartment exterior mesh double handles 18in 24in 5in structure unstructured interior exterior side,tote,recycled,-0.011392759094398826,tote – single
Universal Thread,,Universal Thread mini shoulder bag in beige hue; Straw paper shell; Crochet exterior; Spacious main compartment with magnetic closure; Faux-leather handle; Detachable linked chain; Forest Stewardship Council Certified; Bag structure: Unstructured; Interior features: No Compartments or Pockets; Exterior features: Detachable Straps,12.75 Inches (H) x 9.25 Inches (W) x 3 Inches (D),0.0,https://target.scene7.com/is/image/Target/GUEST_c8258c63-4fdf-4a0c-a8c5-fe69832d0caf?wid=1200&hei=1200&qlt=85,False,Crossbody & Messenger Bags,Paper,,Straw Mini Slouchy Shoulder Bag - Universal Thread™ Natural,,30.0,94742398,Straw Mini Slouchy Shoulder Bag - Universal Thread™ Natural,https://www.target.com/p/straw-mini-slouchy-shoulder-bag-universal-thread-8482-natural/-/A-94742398#lnk=sametab,1.0,1,target,0,2026-02-23T16:44:52.646741,30.0,False,Straw Mini Slouchy Shoulder Bag - Universal Thread™ Natural Crossbody & Messenger Bags Paper Universal Thread mini shoulder bag in beige hue; Straw paper shell; Crochet exterior; Spacious main compartment with magnetic closure; Faux-leather handle; Detachable linked chain; Forest Stewardship Council Certified; Bag structure: Unstructured; Interior features: No Compartments or Pockets; Exterior features: Detachable Straps,straw mini slouchy shoulder universal thread natural crossbody messenger paper universal thread mini shoulder beige hue straw paper shell crochet exterior spacious main compartment magnetic faux leather handle detachable linked chain forest stewardship council certified structure unstructured interior exterior detachable straps,crossbody,leather,-0.018921649570236516,crossbody – leather | universal thread / double gusset | Entry
Universal Thread,,Universal Thread tote handbag in beige; Straw paper shell; Crochet exterior with scalloped design; Spacious main compartment; Double handles; Forest Stewardship Council Certified; Bag structure: Unstructured; Interior features: No Compartments or Pockets; Exterior features: No Compartments or Pockets,10.6 Inches (H) x 18.5 Inches (W) x 5.12 Inches (D),0.0,https://target.scene7.com/is/image/Target/GUEST_ca9e2f7e-4a09-4dca-98a5-2599bbba2fbd?wid=1200&hei=1200&qlt=85,False,Shoulder Bags,Paper,,Straw Scallop Woven Tote Handbag - Universal Thread™ Natural,,35.0,94742415,Straw Scallop Woven Tote Handbag - Universal Thread™ Natural,https://www.target.com/p/straw-scallop-woven-tote-handbag-universal-thread-8482-natural/-/A-94742415#lnk=sametab,0.0,0,target,1,2026-02-23T16:44:52.646741,35.0,False,Straw Scallop Woven Tote Handbag - Universal Thread™ Natural Shoulder Bags Paper Universal Thread tote handbag in beige; Straw paper shell; Crochet exterior with scalloped design; Spacious main compartment; Double handles; Forest Stewardship Council Certified; Bag structure: Unstructured; Interior features: No Compartments or Pockets; Exterior features: No Compartments or Pockets,straw scallop woven tote universal thread natural shoulder paper universal thread tote beige straw paper shell crochet exterior scalloped design spacious main compartment double handles forest stewardship council certified structure unstructured interior exterior,tote,straw,-0.011392759094398826,tote – unknown | universal thread / interior exterior | Mid
Wild Fable,,Lightweight shoulder bag; Interior pocket; Zipper closure; Single strap; Bag structure: Lightweight; Interior features: Zip Pocket; Exterior features: No Compartments or Pockets,5 Inches (H) x 10 Inches (W) x 2.38 Inches (D),0.0,https://target.scene7.com/is/image/Target/GUEST_f54c11d1-bc0c-4d1f-8516-2331f5a95961?wid=1200&hei=1200&qlt=85,False,Shoulder Bags,100% Recycled Polyester,,Simple Shoulder Bag - Wild Fable™ Black,,18.0,93859885,Simple Shoulder Bag - Wild Fable™ Black,https://www.target.com/p/simple-shoulder-bag-wild-fable-8482-black/-/A-93859885#lnk=sametab,4.2,38,target,2,2026-02-23T16:44:52.646741,18.0,False,Simple Shoulder Bag - Wild Fable™ Black Shoulder Bags 100% Recycled Polyester Lightweight shoulder bag; Interior pocket; Zipper closure; Single strap; Bag structure: Lightweight; Interior features: Zip Pocket; Exterior features: No Compartments or Pockets,simple shoulder black shoulder 100 recycled polyester lightweight shoulder interior zipper single structure lightweight interior exterior,shoulder,recycled,0.02078770549093766,shoulder – recycled | recycled polyester / 100 recycled polyester | Mid
Wild Fable,,Hobo bag with single strap handle; Boxed puffer design; Lightweight construction; Zippered compartment; Inner zip-up pocket; Recycled polyester; Bag structure: Softside; Interior features: Zip Pocket; Exterior features: No Compartments or Pockets,14 Inches (H) x 6.5 Inches (W) x 17 Inches (D),0.0,https://target.scene7.com/is/image/Target/GUEST_a16ea970-d389-44be-a6ed-708a75272ae0?wid=1200&hei=1200&qlt=85,False,Shoulder Bags,100% Recycled Polyester,,Gingham Cherry & Bow Print Puffer Hobo Shoulder Bag - Wild Fable™ Blue,,30.0,94780225,Gingham Cherry & Bow Print Puffer Hobo Shoulder Bag - Wild Fable™ Blue,https://www.target.com/p/gingham-cherry-38-bow-print-puffer-hobo-shoulder-bag-wild-fable-8482-blue/-/A-94780225#lnk=sametab,5.0,4,target,2,2026-02-23T16:45:09.898384,30.0,False,Gingham Cherry & Bow Print Puffer Hobo Shoulder Bag - Wild Fable™ Blue Shoulder Bags 100% Recycled Polyester Hobo bag with single strap handle; Boxed puffer design; Lightweight construction; Zippered compartment; Inner zip-up pocket; Recycled polyester; Bag structure: Softside; Interior features: Zip Pocket; Exterior features: No Compartments or Pockets,gingham cherry bow print puffer hobo shoulder blue shoulder 100 recycled polyester hobo single handle boxed puffer design lightweight construction zippered compartment inner recycled polyester structure softside interior exterior,shoulder,recycled,0.02078770549093766,shoulder – recycled | recycled polyester / 100 recycled polyester | Mid
Universal Thread,5.0,Universal Thread magazine tote handbag; Recycled cotton canvas fabric; Features an open top; Double shoulder handles; Bag structure: Lightweight; Interior features: No Compartments or Pockets; Exterior features: No Compartments or Pockets,12.99 Inches (H) x .18 Inches (W) x 17.32 Inches (D),0.0,https://target.scene7.com/is/image/Target/GUEST_fc165e91-0d76-435c-8f17-60d17374c06a?wid=1200&hei=1200&qlt=85,False,Shoulder Bags,100% Recycled Cotton,,Magazine Tote Handbag - Universal Thread™ Green/Pink/Yellow,,15.0,94780222,Magazine Tote Handbag - Universal Thread™ Green/Pink/Yellow,https://www.target.com/p/magazine-tote-handbag-universal-thread/-/A-94810392?preselect=94780222#lnk=sametab,4.5,4,target,1,2026-02-23T16:45:09.898384,15.0,False,Magazine Tote Handbag - Universal Thread™ Green/Pink/Yellow Shoulder Bags 100% Recycled Cotton Universal Thread magazine tote handbag; Recycled cotton canvas fabric; Features an open top; Double shoulder handles; Bag structure: Lightweight; Interior features: No Compartments or Pockets; Exterior features: No Compartments or Pockets,magazine tote universal thread green pink yellow shoulder 100 recycled cotton universal thread magazine tote recycled cotton canvas fabric open top double shoulder handles structure lightweight interior exterior,tote,canvas_cotton,-0.011392759094398826,tote – unknown | universal thread / interior exterior | Mid
Universal Thread,1.0,"Universal Thread belt crossbody bag; Features exterior pocket; Zipper closure; Adjustable strap with buckle closure; Bag structure: Lightweight; Interior features: No Compartments or Pockets; Exterior features: Adjustable Strap, Zip Pocket",4.8 Inches (H) x 7.28 Inches (W) x 2.04 Inches (D),0.0,https://target.scene7.com/is/image/Target/GUEST_f325c316-7ea2-427d-a299-05b8e05da250?wid=1200&hei=1200&qlt=85,False,Crossbody & Messenger Bags,TPU (Thermoplastic Polyurethane),,"Essential Belt Crossbody Bag - Universal Thread™ Clear/Black: TPU Shell, Adjustable Strap, Crossbody Style, Solid Pattern",,10.0,92467847,"Essential Belt Crossbody Bag - Universal Thread™ Clear/Black: TPU Shell, Adjustable Strap, Crossbody Style, Solid Pattern",https://www.target.com/p/essential-belt-crossbody-bag-universal-thread/-/A-92750861?preselect=92467847#lnk=sametab,4.6,318,target,4,2026-02-23T16:45:09.898384,10.0,False,"Essential Belt Crossbody Bag - Universal Thread™ Clear/Black: TPU Shell, Adjustable Strap, Crossbody Style, Solid Pattern Crossbody & Messenger Bags TPU (Thermoplastic Polyurethane) Universal Thread belt crossbody bag; Features exterior pocket; Zipper closure; Adjustable strap with buckle closure; Bag structure: Lightweight; Interior features: No Compartments or Pockets; Exterior features: Adjustable Strap, Zip Pocket",essential belt crossbody universal thread clear black tpu shell crossbody style solid pattern crossbody messenger tpu thermoplastic polyurethane universal thread belt crossbody exterior zipper buckle structure lightweight interior exterior,crossbody,unknown,-0.018921649570236516,crossbody – unknown | universal thread / interior exterior | Entry
A New Day,2.0,"Flap cellphone wallet; Multiple interior pockets; Adjustable strap for wearing crossbody style; Faux-leather exterior; Interior features: Cell Phone Pocket, Credit Card Pockets; Exterior features: No Compartments or Pockets, Adjustable Strap",5 Inches (H) x 7.5 Inches (W) x 1 Inches (D),0.0,https://target.scene7.com/is/image/Target/GUEST_9f0ca3ee-2634-44a9-abe4-7a96c9a64ec2?wid=1200&hei=1200&qlt=85,False,Crossbody & Messenger Bags,Polyurethane,,"Flap Cell Phone Wallet - A New Day™ Black: Shell, Snap Closure, Solid Pattern",,15.0,89393183,"Flap Cell Phone Wallet - A New Day™ Black: Shell, Snap Closure, Solid Pattern",https://www.target.com/p/flap-cell-phone-wallet-a-new-day/-/A-89489964?preselect=89393183#lnk=sametab,4.6,159,target,4,2026-02-23T16:45:09.898384,15.0,False,"Flap Cell Phone Wallet - A New Day™ Black: Shell, Snap Closure, Solid Pattern Crossbody & Messenger Bags Polyurethane Flap cellphone wallet; Multiple interior pockets; Adjustable strap for wearing crossbody style; Faux-leather exterior; Interior features: Cell Phone Pocket, Credit Card Pockets; Exterior features: No Compartments or Pockets, Adjustable Strap",flap cell phone wallet new day black shell snap solid pattern crossbody messenger polyurethane flap cellphone wallet multiple interior wearing crossbody style faux leather exterior interior cell phone credit card exterior,crossbody,leather,-0.018921649570236516,crossbody – unknown | universal thread / interior exterior | Entry
Universal Thread,1.0,"Universal Thread crossbody bag; Transparent design; Zippered main compartment; Back pocket; Adjustable and detachable strap; Bag structure: Unstructured; Interior features: No Compartments or Pockets; Exterior features: Detachable Straps, Back Pocket",7 Inches (H) x 6.25 Inches (W) x 2.5 Inches (D),0.0,https://target.scene7.com/is/image/Target/GUEST_39025d97-5030-4e55-baeb-b209305fe024?wid=1200&hei=1200&qlt=85,False,Crossbody & Messenger Bags,Polyester,,"Everyday Crossbody Bag - Universal Thread™ Black Clear: Removable Strap, TPU Shell, Vinyl Construction",,20.0,92450025,"Everyday Crossbody Bag - Universal Thread™ Black Clear: Removable Strap, TPU Shell, Vinyl Construction",https://www.target.com/p/everyday-crossbody-bag-universal-thread/-/A-94310271?preselect=92450025#lnk=sametab,4.3,88,target,4,2026-02-23T16:45:09.898384,20.0,False,"Everyday Crossbody Bag - Universal Thread™ Black Clear: Removable Strap, TPU Shell, Vinyl Construction Crossbody & Messenger Bags Polyester Universal Thread crossbody bag; Transparent design; Zippered main compartment; Back pocket; Adjustable and detachable strap; Bag structure: Unstructured; Interior features: No Compartments or Pockets; Exterior features: Detachable Straps, Back Pocket",everyday crossbody universal thread black clear removable tpu shell vinyl construction crossbody messenger polyester universal thread crossbody transparent design zippered main compartment back detachable structure unstructured interior exterior detachable straps back,crossbody,unknown,-0.018921649570236516,crossbody – unknown | universal thread / interior exterior | Entry
A New Day,1.0,Clear wristlet pouch; Single main compartment; Unstructured design; Zipper closure; Bag structure: Unstructured; Interior features: No Compartments or Pockets; Exterior features: No Compartments or Pockets,.5 Inches (H) x 6.38 Inches (W) x 8.75 Inches (D),0.0,https://target.scene7.com/is/image/Target/GUEST_df01ed1a-347a-48a2-9cbd-24eefd7af32f?wid=1200&hei=1200&qlt=85,False,Clutches,TPU (Thermoplastic Polyurethane),,"Clear Pouch Wristlet - A New Day™ Black: Solid TPU Shell, Zip Closure, Faux Leather, Unstructured Design, 8.75"" x 6.375""",,5.0,93178685,"Clear Pouch Wristlet - A New Day™ Black: Solid TPU Shell, Zip Closure, Faux Leather, Unstructured Design, 8.75"" x 6.375""",https://www.target.com/p/clear-pouch-wristlet-a-new-day/-/A-93344260?preselect=93178685#lnk=sametab,4.7,170,target,2,2026-02-23T16:45:09.898384,5.0,False,"Clear Pouch Wristlet - A New Day™ Black: Solid TPU Shell, Zip Closure, Faux Leather, Unstructured Design, 8.75"" x 6.375"" Clutches TPU (Thermoplastic Polyurethane) Clear wristlet pouch; Single main compartment; Unstructured design; Zipper closure; Bag structure: Unstructured; Interior features: No Compartments or Pockets; Exterior features: No Compartments or Pockets",clear pouch wristlet new day black solid tpu shell faux leather unstructured design 375 clutches tpu thermoplastic polyurethane clear wristlet pouch single main compartment unstructured design zipper structure unstructured interior exterior,accessory,leather,0.032533576824388726,accessory – single
A New Day,,Straw tote bag; Cane design; White trim detailing; Polyethylene shell; Spacious main compartment; Double handles; Bag structure: Structured; Interior features: No Compartments or Pockets; Exterior features: No Compartments or Pockets,10.5 Inches (H) x 19.5 Inches (W) x 3.75 Inches (D),0.0,https://target.scene7.com/is/image/Target/GUEST_7c5c9ad5-2102-437b-a5c6-e182cdb71d6f?wid=1200&hei=1200&qlt=85,False,Shoulder Bags,Polyethylene,,Straw Caning Tote Bag - A New Day™ Natural,,40.0,94745584,Straw Caning Tote Bag - A New Day™ Natural,https://www.target.com/p/straw-caning-tote-bag-a-new-day-8482-natural/-/A-94745584#lnk=sametab,0.0,0,target,1,2026-02-23T16:45:09.898384,40.0,False,Straw Caning Tote Bag - A New Day™ Natural Shoulder Bags Polyethylene Straw tote bag; Cane design; White trim detailing; Polyethylene shell; Spacious main compartment; Double handles; Bag structure: Structured; Interior features: No Compartments or Pockets; Exterior features: No Compartments or Pockets,straw caning tote new day natural shoulder polyethylene straw tote cane design white trim detailing polyethylene shell spacious main compartment double handles structure structured interior exterior,tote,straw,-0.011392759094398826,tote – unknown | universal thread / interior exterior | Mid
A New Day,3.0,"Mini bowler crossbody bag; Polyurethane shell; Zippered main compartment; Detachable and adjustable strap; Double handles; Bag structure: Unstructured; Interior features: No Compartments or Pockets; Exterior features: Detachable Straps, Adjustable Shoulder Strap",5.5 Inches (H) x 8.25 Inches (W) x 3.5 Inches (D),0.0,https://target.scene7.com/is/image/Target/GUEST_a450babf-571e-4587-8542-3e8da6499b9e?wid=1200&hei=1200&qlt=85,False,Crossbody & Messenger Bags,Polyurethane,,Woven Mini Bowler Crossbody bag - A New Day™ Brown,,30.0,94780327,Woven Mini Bowler Crossbody bag - A New Day™ Brown,https://www.target.com/p/woven-mini-bowler-crossbody-bag-a-new-day/-/A-94810405?preselect=94780327#lnk=sametab,4.2,5,target,4,2026-02-23T16:45:09.898384,30.0,False,"Woven Mini Bowler Crossbody bag - A New Day™ Brown Crossbody & Messenger Bags Polyurethane Mini bowler crossbody bag; Polyurethane shell; Zippered main compartment; Detachable and adjustable strap; Double handles; Bag structure: Unstructured; Interior features: No Compartments or Pockets; Exterior features: Detachable Straps, Adjustable Shoulder Strap",woven mini bowler crossbody new day brown crossbody messenger polyurethane mini bowler crossbody polyurethane shell zippered main compartment detachable double handles structure unstructured interior exterior detachable straps shoulder,crossbody,unknown,-0.018921649570236516,crossbody – unknown | universal thread / interior exterior | Entry
Wild Fable,7.0,Softside crossbody bag; Puffer design; 100% recycled polyester shell material; Zippered main compartment; 23in single strap; Bag structure: Softside; Interior features: Zip Pocket; Exterior features: No Compartments or Pockets,8.32 Inches (H) x 11.24 Inches (W) x 3 Inches (D),0.0,https://target.scene7.com/is/image/Target/GUEST_189c5713-a9f9-4846-af74-3f02e7d81e94?wid=1200&hei=1200&qlt=85,False,Crossbody & Messenger Bags,100% Recycled Polyester,,"Puffer Crossbody Handbag - Wild Fable™ Taupe: Softside Woven Bag, Single Strap, Solid Pattern",,20.0,93657296,"Puffer Crossbody Handbag - Wild Fable™ Taupe: Softside Woven Bag, Single Strap, Solid Pattern",https://www.target.com/p/puffer-crossbody-handbag-wild-fable/-/A-93723382?preselect=93657296#lnk=sametab,4.4,167,target,4,2026-02-23T16:45:09.898384,20.0,False,"Puffer Crossbody Handbag - Wild Fable™ Taupe: Softside Woven Bag, Single Strap, Solid Pattern Crossbody & Messenger Bags 100% Recycled Polyester Softside crossbody bag; Puffer design; 100% recycled polyester shell material; Zippered main compartment; 23in single strap; Bag structure: Softside; Interior features: Zip Pocket; Exterior features: No Compartments or Pockets",puffer crossbody taupe softside woven single solid pattern crossbody messenger 100 recycled polyester softside crossbody puffer design 100 recycled polyester shell material zippered main compartment 23in single structure softside interior exterior,crossbody,recycled,-0.018921649570236516,crossbody – unknown | universal thread / interior exterior | Entry
Universal Thread,1.0,"Universal Thread camera handbag; Features an interior pocket; Double zipper closure; Adjustable shoulder strap; Bag structure: Unstructured; Interior features: Zip Pocket; Exterior features: Adjustable Shoulder Strap, Detachable Straps",5 Inches (H) x 8.25 Inches (W) x 2.75 Inches (D),0.0,https://target.scene7.com/is/image/Target/GUEST_2e56d35e-05d8-455c-871e-790051287d3b?wid=1200&hei=1200&qlt=85,False,Crossbody & Messenger Bags,Polyester,,Canvas Double Zip Camera Crossbody Handbag - Universal Thread™ Off-White,,30.0,94788201,Canvas Double Zip Camera Crossbody Handbag - Universal Thread™ Off-White,https://www.target.com/p/double-zip-camera-crossbody-handbag-universal-thread/-/A-94594859?preselect=94788201#lnk=sametab,4.6,61,target,4,2026-02-23T16:45:09.898384,30.0,False,"Canvas Double Zip Camera Crossbody Handbag - Universal Thread™ Off-White Crossbody & Messenger Bags Polyester Universal Thread camera handbag; Features an interior pocket; Double zipper closure; Adjustable shoulder strap; Bag structure: Unstructured; Interior features: Zip Pocket; Exterior features: Adjustable Shoulder Strap, Detachable Straps",canvas double camera crossbody universal thread off white crossbody messenger polyester universal thread camera interior double zipper shoulder structure unstructured interior exterior shoulder detachable straps,crossbody,canvas_cotton,-0.018921649570236516,crossbody – unknown | universal thread / interior exterior | Entry
Universal Thread,3.0,Universal Thread belt handbag; Polyurethane material; Zippered main compartment; Removable and adjustable strap; Bag structure: Unstructured; Interior features: No Compartments or Pockets; Exterior features: Back Pocket,6 Inches (H) x 12.75 Inches (W) x 2.75 Inches (D),0.0,https://target.scene7.com/is/image/Target/GUEST_8535cef8-c872-46a2-970a-84bb5ef6150e?wid=1200&hei=1200&qlt=85,False,Crossbody & Messenger Bags,Polyurethane,,Woven Modern Belt Handbag - Universal Thread™ Brown,,25.0,94780201,Woven Modern Belt Handbag - Universal Thread™ Brown,https://www.target.com/p/modern-belt-handbag-universal-thread/-/A-94837651?preselect=94780201#lnk=sametab,5.0,3,target,4,2026-02-23T16:45:09.898384,25.0,False,Woven Modern Belt Handbag - Universal Thread™ Brown Crossbody & Messenger Bags Polyurethane Universal Thread belt handbag; Polyurethane material; Zippered main compartment; Removable and adjustable strap; Bag structure: Unstructured; Interior features: No Compartments or Pockets; Exterior features: Back Pocket,woven modern belt universal thread brown crossbody messenger polyurethane universal thread belt polyurethane material zippered main compartment removable structure unstructured interior exterior back,crossbody,unknown,-0.018921649570236516,crossbody – unknown | universal thread / interior exterior | Entry
A New Day,3.0,Mini tulip tote bag; Made from polyurethane; Strap accent with buckle; Double handles; Removable crossbody strap; Magnetic closure; Bag structure: Unstructured; Interior features: No Compartments or Pockets; Exterior features: No Compartments or Pockets,6.5 Inches (H) x 9 Inches (W) x 4.75 Inches (D),0.0,https://target.scene7.com/is/image/Target/GUEST_fa6e2d25-49c1-4142-b969-3fab3db3e50c?wid=1200&hei=1200&qlt=85,False,Shoulder Bags,Polyurethane,,Mini Tulip Tote Handbag with Crossbody Strap - A New Day™ Brown,,25.0,94269884,Mini Tulip Tote Handbag with Crossbody Strap - A New Day™ Brown,https://www.target.com/p/mini-tulip-tote-handbag-with-crossbody-strap-a-new-day/-/A-94436052?preselect=94269884#lnk=sametab,4.4,64,target,1,2026-02-23T16:45:09.898384,25.0,False,Mini Tulip Tote Handbag with Crossbody Strap - A New Day™ Brown Shoulder Bags Polyurethane Mini tulip tote bag; Made from polyurethane; Strap accent with buckle; Double handles; Removable crossbody strap; Magnetic closure; Bag structure: Unstructured; Interior features: No Compartments or Pockets; Exterior features: No Compartments or Pockets,mini tulip tote crossbody new day brown shoulder polyurethane mini tulip tote polyurethane accent buckle double handles removable crossbody magnetic structure unstructured interior exterior,tote,unknown,-0.011392759094398826,tote – unknown | universal thread / interior exterior | Mid
A New Day,3.0,Travel pouch; Woven design in plastic; See-through sides for visible contents; Unstructured with single compartment; Zipper closure; Top handle; Bag structure: Unstructured; Interior features: No Compartments or Pockets; Exterior features: No Compartments or Pockets,5.5 Inches (H) x 8.5 Inches (W) x 3.4 Inches (D),0.0,https://target.scene7.com/is/image/Target/GUEST_5d89a195-c7f0-41d8-8f89-9053cf09c34e?wid=1200&hei=1200&qlt=85,False,Handbags & Purses,Polyurethane,,"Travel Pouch - A New Day™ Taupe: Top Handle Bag, Unstructured, Woven, Handle",,15.0,90367006,"Travel Pouch - A New Day™ Taupe: Top Handle Bag, Unstructured, Woven, Handle",https://www.target.com/p/travel-pouch-a-new-day/-/A-90564597?preselect=90367006#lnk=sametab,4.6,260,target,3,2026-02-23T16:45:09.898384,15.0,False,"Travel Pouch - A New Day™ Taupe: Top Handle Bag, Unstructured, Woven, Handle Handbags & Purses Polyurethane Travel pouch; Woven design in plastic; See-through sides for visible contents; Unstructured with single compartment; Zipper closure; Top handle; Bag structure: Unstructured; Interior features: No Compartments or Pockets; Exterior features: No Compartments or Pockets",travel pouch new day taupe top handle unstructured woven handle polyurethane travel pouch woven design plastic see through sides visible contents unstructured single compartment zipper top handle structure unstructured interior exterior,accessory,unknown,0.032533576824388726,accessory – unknown | new day charms / day charms straps | Entry
A New Day,,"Small satchel bag in brown; Straw paper shell; Crochet exterior; Zippered main compartment; Double handle; Detachable and adjustable faux-leather strap; Forest Stewardship Council Certified; Bag structure: Unstructured; Interior features: No Compartments or Pockets; Exterior features: Detachable Straps, Adjustable Shoulder Strap",5.5 Inches (H) x 10.23 Inches (W) x 3.15 Inches (D),0.0,https://target.scene7.com/is/image/Target/GUEST_60763823-9abf-4b7b-a277-ba63db44ab6a?wid=1200&hei=1200&qlt=85,False,Shoulder Bags,Paper,,Straw Small Satchel Bag - A New Day™ Brown,,30.0,94744290,Straw Small Satchel Bag - A New Day™ Brown,https://www.target.com/p/straw-small-satchel-bag-a-new-day-8482-brown/-/A-94744290#lnk=sametab,0.0,0,target,1,2026-02-23T16:45:09.898384,30.0,False,"Straw Small Satchel Bag - A New Day™ Brown Shoulder Bags Paper Small satchel bag in brown; Straw paper shell; Crochet exterior; Zippered main compartment; Double handle; Detachable and adjustable faux-leather strap; Forest Stewardship Council Certified; Bag structure: Unstructured; Interior features: No Compartments or Pockets; Exterior features: Detachable Straps, Adjustable Shoulder Strap",straw small satchel new day brown shoulder paper small satchel brown straw paper shell crochet exterior zippered main compartment double handle detachable faux leather forest stewardship council certified structure unstructured interior exterior detachable straps shoulder,satchel,leather,0.06271342895513957,satchel – unknown | belted satchel / satchel new day | Mid
Universal Thread,,Universal Thread crescent handbag; Paper straw shell; Crocheted exterior; Zippered main compartment; Single handle; Bag structure: Structured; Interior features: No Compartments or Pockets; Exterior features: No Compartments or Pockets,22 Inches (H) x 17 Inches (W) x 10 Inches (D),0.0,https://target.scene7.com/is/image/Target/GUEST_4cf2071b-f1f5-4be6-96da-0d09a7c8a33a?wid=1200&hei=1200&qlt=85,False,Shoulder Bags,Paper Straw,,Straw Crescent XL Tote Handbag - Universal Thread™ Natural,,35.0,94755267,Straw Crescent XL Tote Handbag - Universal Thread™ Natural,https://www.target.com/p/straw-crescent-xl-tote-handbag-universal-thread-8482-natural/-/A-94755267#lnk=sametab,2.0,2,target,1,2026-02-23T16:45:09.898384,35.0,False,Straw Crescent XL Tote Handbag - Universal Thread™ Natural Shoulder Bags Paper Straw Universal Thread crescent handbag; Paper straw shell; Crocheted exterior; Zippered main compartment; Single handle; Bag structure: Structured; Interior features: No Compartments or Pockets; Exterior features: No Compartments or Pockets,straw crescent tote universal thread natural shoulder paper straw universal thread crescent paper straw shell crocheted exterior zippered main compartment single handle structure structured interior exterior,tote,straw,-0.011392759094398826,tote – unknown | universal thread / interior exterior | Mid
A New Day,2.0,Bucket shoulder bag; Polyurethane woven material; Magnetic closure; Adjustable strap; Unstructured; Bag structure: Unstructured; Interior features: No Compartments or Pockets; Exterior features: No Compartments or Pockets,11.5 Inches (H) x 12 Inches (W) x 5.25 Inches (D),0.0,https://target.scene7.com/is/image/Target/GUEST_b9ab15ed-5f97-4714-ae53-660fd4434b10?wid=1200&hei=1200&qlt=85,False,Shoulder Bags,Polyurethane,,Bucket Shoulder Bag - A New Day™ Dark Brown,,35.0,94780337,Bucket Shoulder Bag - A New Day™ Dark Brown,https://www.target.com/p/bucket-shoulder-bag-a-new-day/-/A-94810417?preselect=94780337#lnk=sametab,3.0,2,target,0,2026-02-23T16:45:09.898384,35.0,False,Bucket Shoulder Bag - A New Day™ Dark Brown Shoulder Bags Polyurethane Bucket shoulder bag; Polyurethane woven material; Magnetic closure; Adjustable strap; Unstructured; Bag structure: Unstructured; Interior features: No Compartments or Pockets; Exterior features: No Compartments or Pockets,bucket shoulder new day dark brown shoulder polyurethane bucket shoulder polyurethane woven material magnetic unstructured structure unstructured interior exterior,bucket,unknown,,bucket – small group – Mid
A New Day,,"Winged tote bag in a white; Cotton shell; Spacious main compartment with magnetic closure; Zippered inner pocket and accessories pocket; Exterior pocket with flap closure; Polyurethane double handles; Bag structure: Unstructured; Interior features: Accessories Pocket, Zip Pocket; Exterior features: Front Pocket",11.5 Inches (H) x 21.5 Inches (W) x 7.25 Inches (D),0.0,https://target.scene7.com/is/image/Target/GUEST_ebe197ee-296f-4b3d-a2a8-d38473d37365?wid=1200&hei=1200&qlt=85,False,Shoulder Bags,Polyurethane,,Winged Tote Bag - A New Day™ White,,35.0,1004118866,Winged Tote Bag - A New Day™ White,https://www.target.com/p/winged-tote-bag-a-new-day-8482-white/-/A-1004118866#lnk=sametab,5.0,1,target,0,2026-02-23T16:45:09.898384,35.0,False,"Winged Tote Bag - A New Day™ White Shoulder Bags Polyurethane Winged tote bag in a white; Cotton shell; Spacious main compartment with magnetic closure; Zippered inner pocket and accessories pocket; Exterior pocket with flap closure; Polyurethane double handles; Bag structure: Unstructured; Interior features: Accessories Pocket, Zip Pocket; Exterior features: Front Pocket",winged tote new day white shoulder polyurethane winged tote white cotton shell spacious main compartment magnetic zippered inner exterior flap polyurethane double handles structure unstructured interior exterior front,tote,canvas_cotton,-0.011392759094398826,tote – single
A New Day,3.0,Crossbody vanity bag; Quilted polyurethane construction; Zipper closure; Padded top handle; Detachable shoulder strap; Bag structure: Unstructured; Interior features: No Compartments or Pockets; Exterior features: Detachable Straps,4.5 Inches (H) x 7.5 Inches (W) x 2.75 Inches (D),0.0,https://target.scene7.com/is/image/Target/GUEST_c4751f50-f9a1-4bbf-aa7e-39f08791abc9?wid=1200&hei=1200&qlt=85,False,Crossbody & Messenger Bags,Polyurethane,,Quilted Vanity Crossbody Bag - A New Day™ Black,,20.0,94269889,Quilted Vanity Crossbody Bag - A New Day™ Black,https://www.target.com/p/quilted-vanity-crossbody-bag-a-new-day/-/A-94436057?preselect=94269889#lnk=sametab,4.8,55,target,0,2026-02-23T16:45:09.898384,20.0,False,Quilted Vanity Crossbody Bag - A New Day™ Black Crossbody & Messenger Bags Polyurethane Crossbody vanity bag; Quilted polyurethane construction; Zipper closure; Padded top handle; Detachable shoulder strap; Bag structure: Unstructured; Interior features: No Compartments or Pockets; Exterior features: Detachable Straps,quilted vanity crossbody new day black crossbody messenger polyurethane crossbody vanity quilted polyurethane construction zipper padded top handle detachable shoulder structure unstructured interior exterior detachable straps,satchel,unknown,0.06271342895513957,satchel – unknown | frame satchel / universal thread | Mid
Universal Thread,2.0,Universal Thread double gusset crossbody bag; Faux leather design; Credit card pockets; Zip closure; Removable adjustable strap; Bag structure: Unstructured; Interior features: Accessories Pocket; Exterior features: No Compartments or Pockets,5 Inches (H) x 9.5 Inches (W) x 1.5 Inches (D),0.0,https://target.scene7.com/is/image/Target/GUEST_5c32376b-0886-485d-a6b3-7d8f8de8bc9a?wid=1200&hei=1200&qlt=85,False,Crossbody & Messenger Bags,Polyurethane,,"Double Gusset Crossbody Bag - Universal Thread™ Black: Removable Adjustable Strap, Twill",,20.0,90779633,"Double Gusset Crossbody Bag - Universal Thread™ Black: Removable Adjustable Strap, Twill",https://www.target.com/p/double-gusset-crossbody-bag-universal-thread/-/A-91030307?preselect=90779633#lnk=sametab,4.3,66,target,0,2026-02-23T16:45:09.898384,20.0,False,"Double Gusset Crossbody Bag - Universal Thread™ Black: Removable Adjustable Strap, Twill Crossbody & Messenger Bags Polyurethane Universal Thread double gusset crossbody bag; Faux leather design; Credit card pockets; Zip closure; Removable adjustable strap; Bag structure: Unstructured; Interior features: Accessories Pocket; Exterior features: No Compartments or Pockets",double gusset crossbody universal thread black removable twill crossbody messenger polyurethane universal thread double gusset crossbody faux leather design credit card removable structure unstructured interior exterior,crossbody,leather,-0.018921649570236516,crossbody – leather | universal thread / double gusset | Entry
A New Day,2.0,Woven tote bag; Polyurethane shell; Open main compartment; Magnetic closure; Shoulder straps; Bag structure: Unstructured; Interior features: No Compartments or Pockets; Exterior features: No Compartments or Pockets,11.5 Inches (H) x 18 Inches (W) x 4.75 Inches (D),0.0,https://target.scene7.com/is/image/Target/GUEST_bdc10bd0-6ac3-4db0-a5aa-d648bc06d864?wid=1200&hei=1200&qlt=85,False,Shoulder Bags,Polyurethane,,Woven Tote Bag - A New Day™ Brown,,40.0,94780355,Woven Tote Bag - A New Day™ Brown,https://www.target.com/p/woven-tote-bag-a-new-day/-/A-94810396?preselect=94780355#lnk=sametab,4.0,1,target,1,2026-02-23T16:45:09.898384,40.0,False,Woven Tote Bag - A New Day™ Brown Shoulder Bags Polyurethane Woven tote bag; Polyurethane shell; Open main compartment; Magnetic closure; Shoulder straps; Bag structure: Unstructured; Interior features: No Compartments or Pockets; Exterior features: No Compartments or Pockets,woven tote new day brown shoulder polyurethane woven tote polyurethane shell open main compartment magnetic shoulder straps structure unstructured interior exterior,tote,unknown,-0.011392759094398826,tote – unknown | universal thread / interior exterior | Mid
Universal Thread,1.0,Universal Thread tote handbag; Nylon twill material; Zippered pocket; Front pocket; Zip closure; Carrying handle; Bag structure: Unstructured; Interior features: Zip Pocket; Exterior features: Front Pocket,12 Inches (H) x 18.75 Inches (W) x 5.5 Inches (D),0.0,https://target.scene7.com/is/image/Target/GUEST_5c1563e8-8e54-474a-ba7a-dc5d0fb81e91?wid=1200&hei=1200&qlt=85,False,Shoulder Bags,Nylon,,"Essential Zip Tote Handbag - Universal Thread™ Black: Nylon Twill, Unstructured, 18.75"" Width",,20.0,90780561,"Essential Zip Tote Handbag - Universal Thread™ Black: Nylon Twill, Unstructured, 18.75"" Width",https://www.target.com/p/essential-zip-tote-handbag-universal-thread/-/A-91030310?preselect=90780561#lnk=sametab,4.3,51,target,1,2026-02-23T16:44:52.649734,20.0,False,"Essential Zip Tote Handbag - Universal Thread™ Black: Nylon Twill, Unstructured, 18.75"" Width Shoulder Bags Nylon Universal Thread tote handbag; Nylon twill material; Zippered pocket; Front pocket; Zip closure; Carrying handle; Bag structure: Unstructured; Interior features: Zip Pocket; Exterior features: Front Pocket",essential tote universal thread black nylon twill unstructured width shoulder nylon universal thread tote nylon twill material zippered front carrying handle structure unstructured interior exterior front,tote,nylon,-0.011392759094398826,tote – unknown | universal thread / interior exterior | Mid
A New Day,1.0,Faux-leather crossbody bag; Features interior pocket; Softside structure; Zipper closure; Chain strap handle; Bag structure: Softside; Interior features: Zip Pocket; Exterior features: No Compartments or Pockets,4.72 Inches (H) x 7.48 Inches (W) x 1.97 Inches (D),0.0,https://target.scene7.com/is/image/Target/GUEST_3f95ca26-f69c-4b3c-aaa7-c2909dc3b70a?wid=1200&hei=1200&qlt=85,False,Crossbody & Messenger Bags,Polyurethane,,"Quilted Camera Crossbody Bag - A New Day™ Black: Faux Leather, Chain Strap, Softside, Zip Closure, 22.83"" Strap Length",,25.0,92449937,"Quilted Camera Crossbody Bag - A New Day™ Black: Faux Leather, Chain Strap, Softside, Zip Closure, 22.83"" Strap Length",https://www.target.com/p/elevated-camera-crossbody-bag-a-new-day/-/A-92710285?preselect=92449937#lnk=sametab,4.7,79,target,4,2026-02-23T16:44:52.649734,25.0,False,"Quilted Camera Crossbody Bag - A New Day™ Black: Faux Leather, Chain Strap, Softside, Zip Closure, 22.83"" Strap Length Crossbody & Messenger Bags Polyurethane Faux-leather crossbody bag; Features interior pocket; Softside structure; Zipper closure; Chain strap handle; Bag structure: Softside; Interior features: Zip Pocket; Exterior features: No Compartments or Pockets",quilted camera crossbody new day black faux leather chain softside length crossbody messenger polyurethane faux leather crossbody interior softside structure zipper chain handle structure softside interior exterior,crossbody,leather,-0.018921649570236516,crossbody – unknown | universal thread / interior exterior | Entry
Universal Thread,1.0,"Universal Thread belt bag; Semi-circle shape; Interior and exterior pockets; Zipper closure; Belt-style adjustable, removable strap; Bag structure: Unstructured; Interior features: Zip Pocket; Exterior features: Zip Pocket, Adjustable Shoulder Strap",6.12 Inches (H) x 10.25 Inches (W) x 3.5 Inches (D),25.0,https://target.scene7.com/is/image/Target/GUEST_fce194cb-e9cc-4eb6-a271-70193a32b3dc?wid=1200&hei=1200&qlt=85,True,Crossbody & Messenger Bags,Cotton,,"Belt Crossbody Bag - Universal Thread™ Beige: Cotton Canvas, Adjustable Strap, Solid Pattern, Zip Closure",20.0,15.0,89393333,"Belt Crossbody Bag - Universal Thread™ Beige: Cotton Canvas, Adjustable Strap, Solid Pattern, Zip Closure",https://www.target.com/p/belt-bag-universal-thread/-/A-89489985?preselect=89393333#lnk=sametab,4.4,641,target,0,2026-02-23T16:44:52.649734,15.0,True,"Belt Crossbody Bag - Universal Thread™ Beige: Cotton Canvas, Adjustable Strap, Solid Pattern, Zip Closure Crossbody & Messenger Bags Cotton Universal Thread belt bag; Semi-circle shape; Interior and exterior pockets; Zipper closure; Belt-style adjustable, removable strap; Bag structure: Unstructured; Interior features: Zip Pocket; Exterior features: Zip Pocket, Adjustable Shoulder Strap",belt crossbody universal thread beige cotton canvas solid pattern crossbody messenger cotton universal thread belt semi circle shape interior exterior zipper belt style removable structure unstructured interior exterior shoulder,crossbody,canvas_cotton,-0.018921649570236516,crossbody – leather | universal thread / double gusset | Entry
Universal Thread,1.0,"Universal Thread tote handbag; Double handles; Zipper closure; Adjustable, detachable straps; Bag structure: Unstructured; Interior features: No Compartments or Pockets; Exterior features: Adjustable Shoulder Strap, Detachable Straps",5.5 Inches (H) x 9.5 Inches (W) x 3.75 Inches (D),0.0,https://target.scene7.com/is/image/Target/GUEST_e067c89a-b6c7-4108-a35e-81010635beab?wid=1200&hei=1200&qlt=85,False,Shoulder Bags,Polyester,,Foundational Mini Tote Handbag - Universal Thread™ Cream/Clear,,20.0,93719956,Foundational Mini Tote Handbag - Universal Thread™ Cream/Clear,https://www.target.com/p/foundational-mini-tote-handbag-universal-thread/-/A-92750862?preselect=93719956#lnk=sametab,4.6,190,target,1,2026-02-23T16:44:52.649734,20.0,False,"Foundational Mini Tote Handbag - Universal Thread™ Cream/Clear Shoulder Bags Polyester Universal Thread tote handbag; Double handles; Zipper closure; Adjustable, detachable straps; Bag structure: Unstructured; Interior features: No Compartments or Pockets; Exterior features: Adjustable Shoulder Strap, Detachable Straps",foundational mini tote universal thread cream clear shoulder polyester universal thread tote double handles zipper detachable straps structure unstructured interior exterior shoulder detachable straps,tote,unknown,-0.011392759094398826,tote – unknown | universal thread / interior exterior | Mid
Universal Thread,,"Universal Thread crossbody tote handbag; Straw paper shell; Crochet exterior with side fringes; Spacious main compartment with magnetic closure; Double handles; Detachable and adjustable strap; Forest Stewardship Council Certified; Bag structure: Unstructured; Interior features: No Compartments or Pockets; Exterior features: Detachable Straps, Adjustable Strap",8 Inches (H) x 10.25 Inches (W) x 3.25 Inches (D),0.0,https://target.scene7.com/is/image/Target/GUEST_bf7ac9ae-3e4e-4943-bb5c-b72ce6d0cefe?wid=1200&hei=1200&qlt=85,False,Crossbody & Messenger Bags,Paper,,Straw Fringe Small Detachable Strap Crossbody Tote Handbag - Universal Thread™ Natural,,35.0,94742414,Straw Fringe Small Detachable Strap Crossbody Tote Handbag - Universal Thread™ Natural,https://www.target.com/p/straw-fringe-small-detachable-strap-crossbody-tote-handbag-universal-thread-8482-natural/-/A-94742414#lnk=sametab,0.0,0,target,1,2026-02-23T16:44:52.649734,35.0,False,"Straw Fringe Small Detachable Strap Crossbody Tote Handbag - Universal Thread™ Natural Crossbody & Messenger Bags Paper Universal Thread crossbody tote handbag; Straw paper shell; Crochet exterior with side fringes; Spacious main compartment with magnetic closure; Double handles; Detachable and adjustable strap; Forest Stewardship Council Certified; Bag structure: Unstructured; Interior features: No Compartments or Pockets; Exterior features: Detachable Straps, Adjustable Strap",straw fringe small detachable crossbody tote universal thread natural crossbody messenger paper universal thread crossbody tote straw paper shell crochet exterior side fringes spacious main compartment magnetic double handles detachable forest stewardship council certified structure unstructured interior exterior detachable straps,tote,straw,-0.011392759094398826,tote – unknown | universal thread / interior exterior | Mid
Universal Thread,2.0,Universal Thread medium satchel handbag; Polyurethane shell; Zippered main compartment; Zippered interior pocket; Detachable and adjustable shoulder strap; Double shoulder handles; Sport cord accent with carabiner hook; Bag structure: Structured; Interior features: Zip Pocket; Exterior features: No Compartments or Pockets,9.05 Inches (H) x 3.93 Inches (W) x 13.38 Inches (D),0.0,https://target.scene7.com/is/image/Target/GUEST_8f2f106b-02bd-4986-9f4d-0a9d0eadff8c?wid=1200&hei=1200&qlt=85,False,Satchels,Polyurethane,,Sport Cord Medium Satchel Handbag - Universal Thread™ Black,,30.0,94780204,Sport Cord Medium Satchel Handbag - Universal Thread™ Black,https://www.target.com/p/sport-cord-medium-satchel-handbag-universal-thread/-/A-94810391?preselect=94780204#lnk=sametab,3.3,3,target,0,2026-02-23T16:44:52.649734,30.0,False,Sport Cord Medium Satchel Handbag - Universal Thread™ Black Satchels Polyurethane Universal Thread medium satchel handbag; Polyurethane shell; Zippered main compartment; Zippered interior pocket; Detachable and adjustable shoulder strap; Double shoulder handles; Sport cord accent with carabiner hook; Bag structure: Structured; Interior features: Zip Pocket; Exterior features: No Compartments or Pockets,sport cord medium satchel universal thread black satchels polyurethane universal thread medium satchel polyurethane shell zippered main compartment zippered interior detachable shoulder double shoulder handles sport cord accent carabiner hook structure structured interior exterior,satchel,unknown,0.06271342895513957,satchel – unknown | frame satchel / universal thread | Mid
Universal Thread,3.0,"Universal Thread carry-all tote handbag; 100% recycled nylon shell; Zippered main compartment; Interior zippered pocket and sleeves; Double handle; Bag structure: Unstructured; Interior features: Accessories Pocket, Zip Pocket; Exterior features: No Compartments or Pockets",11.5 Inches (H) x 18 Inches (W) x 6 Inches (D),0.0,https://target.scene7.com/is/image/Target/GUEST_2883457b-526b-4aa5-8e6a-27d5d07ee00e?wid=1200&hei=1200&qlt=85,False,Shoulder Bags,Polyurethane,,Nylon Carry-All Tote Handbag - Universal Thread™ Black,,35.0,94780224,Nylon Carry-All Tote Handbag - Universal Thread™ Black,https://www.target.com/p/nylon-carry-all-tote-handbag-universal-thread/-/A-95144170?preselect=94780224#lnk=sametab,4.5,2,target,1,2026-02-23T16:44:52.649734,35.0,False,"Nylon Carry-All Tote Handbag - Universal Thread™ Black Shoulder Bags Polyurethane Universal Thread carry-all tote handbag; 100% recycled nylon shell; Zippered main compartment; Interior zippered pocket and sleeves; Double handle; Bag structure: Unstructured; Interior features: Accessories Pocket, Zip Pocket; Exterior features: No Compartments or Pockets",nylon carry all tote universal thread black shoulder polyurethane universal thread carry all tote 100 recycled nylon shell zippered main compartment interior zippered sleeves double handle structure unstructured interior exterior,tote,nylon,-0.011392759094398826,tote – unknown | universal thread / interior exterior | Mid
Universal Thread,4.0,Universal Thread small satchel handbag; Recycled polyester and polyurethane shell; Zippered main compartment; Zippered interior pocket; Detachable and adjustable shoulder strap; Double shoulder handles; Decorative faux-leather fob; Bag structure: Structured; Interior features: Zip Pocket; Exterior features: No Compartments or Pockets,5.9 Inches (H) x 2.75 Inches (W) x 10 Inches (D),0.0,https://target.scene7.com/is/image/Target/GUEST_5dd1bdc5-9a51-4f53-96d6-12000554dee9?wid=1200&hei=1200&qlt=85,False,Satchels,Polyurethane,,Small Satchel Handbag - Universal Thread™ Brown,,25.0,94780207,Small Satchel Handbag - Universal Thread™ Brown,https://www.target.com/p/small-satchel-handbag-universal-thread/-/A-94810388?preselect=94780207#lnk=sametab,5.0,3,target,0,2026-02-23T16:44:52.649734,25.0,False,Small Satchel Handbag - Universal Thread™ Brown Satchels Polyurethane Universal Thread small satchel handbag; Recycled polyester and polyurethane shell; Zippered main compartment; Zippered interior pocket; Detachable and adjustable shoulder strap; Double shoulder handles; Decorative faux-leather fob; Bag structure: Structured; Interior features: Zip Pocket; Exterior features: No Compartments or Pockets,small satchel universal thread brown satchels polyurethane universal thread small satchel recycled polyester polyurethane shell zippered main compartment zippered interior detachable shoulder double shoulder handles decorative faux leather fob structure structured interior exterior,satchel,leather,0.06271342895513957,satchel – unknown | frame satchel / universal thread | Mid
A New Day,2.0,Gathered pochette handbag; Polyester shell; Open main compartment; Detachable and adjustable strap; Double strap handles; Metallic linked chain accent with ring; Bag structure: Structured; Interior features: No Compartments or Pockets; Exterior features: No Compartments or Pockets,13.5 Inches (H) x 8 Inches (W) x 5 Inches (D),0.0,https://target.scene7.com/is/image/Target/GUEST_0dcd75d2-bcdd-4852-9694-0daefa3a9c7b?wid=1200&hei=1200&qlt=85,False,Clutches,Polyester,,Gathered Pochette Handbag - A New Day™ Light Brown,,20.0,94780345,Gathered Pochette Handbag - A New Day™ Light Brown,https://www.target.com/p/gathered-pochette-handbag-a-new-day/-/A-94810400?preselect=94780345#lnk=sametab,4.8,4,target,0,2026-02-23T16:44:52.649734,20.0,False,Gathered Pochette Handbag - A New Day™ Light Brown Clutches Polyester Gathered pochette handbag; Polyester shell; Open main compartment; Detachable and adjustable strap; Double strap handles; Metallic linked chain accent with ring; Bag structure: Structured; Interior features: No Compartments or Pockets; Exterior features: No Compartments or Pockets,gathered pochette new day light brown clutches polyester gathered pochette polyester shell open main compartment detachable double handles metallic linked chain accent ring structure structured interior exterior,other,unknown,,other – small group – Entry
Universal Thread,1.0,"Universal Thread crossbody bag; Straw detailing; Interior zip pocket; Zipper closure; Adjustable strap; Bag structure: Structured; Interior features: Zip Pocket; Exterior features: No Compartments or Pockets, Detachable Straps",5.12 Inches (H) x 9.45 Inches (W) x 3.94 Inches (D),0.0,https://target.scene7.com/is/image/Target/GUEST_0ac25fbe-89f5-4aca-9347-9bbbf6330563?wid=1200&hei=1200&qlt=85,False,Crossbody & Messenger Bags,Polyethylene,,Straw Detail Belt Crossbody Bag - Universal Thread™ Black,,20.0,89956736,Straw Detail Belt Crossbody Bag - Universal Thread™ Black,https://www.target.com/p/straw-detail-belt-crossbody-bag-universal-thread/-/A-94741230?preselect=89956736#lnk=sametab,4.8,121,target,4,2026-02-23T16:44:52.649734,20.0,False,"Straw Detail Belt Crossbody Bag - Universal Thread™ Black Crossbody & Messenger Bags Polyethylene Universal Thread crossbody bag; Straw detailing; Interior zip pocket; Zipper closure; Adjustable strap; Bag structure: Structured; Interior features: Zip Pocket; Exterior features: No Compartments or Pockets, Detachable Straps",straw detail belt crossbody universal thread black crossbody messenger polyethylene universal thread crossbody straw detailing interior zipper structure structured interior exterior detachable straps,crossbody,straw,-0.018921649570236516,crossbody – unknown | universal thread / interior exterior | Entry
A New Day,,Boxy barrel shoulder bag; Straw paper shell; Crochet exterior; Zippered main compartment; Adjustable shoulder strap; Forest Stewardship Council Certified; Bag structure: Unstructured; Interior features: No Compartments or Pockets; Exterior features: Adjustable Shoulder Strap,4.25 Inches (H) x 8 Inches (W) x 3.5 Inches (D),0.0,https://target.scene7.com/is/image/Target/GUEST_c9376eb5-98d0-4804-af9d-101bd0195df9?wid=1200&hei=1200&qlt=85,False,Shoulder Bags,Paper,,Straw Mini Boxy Barrel Shoulder Bag - A New Day™ Natural,,25.0,94742369,Straw Mini Boxy Barrel Shoulder Bag - A New Day™ Natural,https://www.target.com/p/straw-mini-boxy-barrel-shoulder-bag-a-new-day-8482-natural/-/A-94742369#lnk=sametab,0.0,0,target,2,2026-02-23T16:44:52.649734,25.0,False,Straw Mini Boxy Barrel Shoulder Bag - A New Day™ Natural Shoulder Bags Paper Boxy barrel shoulder bag; Straw paper shell; Crochet exterior; Zippered main compartment; Adjustable shoulder strap; Forest Stewardship Council Certified; Bag structure: Unstructured; Interior features: No Compartments or Pockets; Exterior features: Adjustable Shoulder Strap,straw mini boxy barrel shoulder new day natural shoulder paper boxy barrel shoulder straw paper shell crochet exterior zippered main compartment shoulder forest stewardship council certified structure unstructured interior exterior shoulder,shoulder,straw,0.02078770549093766,shoulder – recycled | recycled polyester / 100 recycled polyester | Mid
Wild Fable,1.0,Camera bag; Crossbody style; Interior and exterior pockets; Fold-over top and zipper closure; Adjustable strap; Bag structure: Fold Over Top; Interior features: Zip Pocket; Exterior features: Front Pocket,5.5 Inches (H) x 8.25 Inches (W) x 3.75 Inches (D),0.0,https://target.scene7.com/is/image/Target/GUEST_1e398e04-890d-4b92-b96f-a6a023323a9b?wid=1200&hei=1200&qlt=85,False,Crossbody & Messenger Bags,100% Recycled Polyester,,"Camera Crossbody Bag - Wild Fable™ Black: Adjustable Strap, Solid Pattern, Zip Closure",,18.0,90777938,"Camera Crossbody Bag - Wild Fable™ Black: Adjustable Strap, Solid Pattern, Zip Closure",https://www.target.com/p/camera-crossbody-bag-wild-fable/-/A-91029296?preselect=90777938#lnk=sametab,4.7,126,target,4,2026-02-23T16:44:52.649734,18.0,False,"Camera Crossbody Bag - Wild Fable™ Black: Adjustable Strap, Solid Pattern, Zip Closure Crossbody & Messenger Bags 100% Recycled Polyester Camera bag; Crossbody style; Interior and exterior pockets; Fold-over top and zipper closure; Adjustable strap; Bag structure: Fold Over Top; Interior features: Zip Pocket; Exterior features: Front Pocket",camera crossbody black solid pattern crossbody messenger 100 recycled polyester camera crossbody style interior exterior fold over top zipper structure fold over top interior exterior front,crossbody,recycled,-0.018921649570236516,crossbody – unknown | universal thread / interior exterior | Entry
A New Day,1.0,Lightweight shoulder bag; Made with canvas fabric; Interior pocket; Flap closure; Adjustable strap; Bag structure: Lightweight; Interior features: Zip Pocket; Exterior features: Adjustable Shoulder Strap,7.5 Inches (H) x 9.5 Inches (W) x 2.5 Inches (D),0.0,https://target.scene7.com/is/image/Target/GUEST_4a94a143-9c47-4c8f-a14f-3a31d27fcbee?wid=1200&hei=1200&qlt=85,False,Shoulder Bags,Polyurethane,,"Flap Shoulder Bag - A New Day™ Black: Shell, Adjustable Strap, Lightweight Design",,25.0,92449952,"Flap Shoulder Bag - A New Day™ Black: Shell, Adjustable Strap, Lightweight Design",https://www.target.com/p/flap-shoulder-bag-a-new-day/-/A-92710288?preselect=92449952#lnk=sametab,4.5,34,target,4,2026-02-23T16:44:52.649734,25.0,False,"Flap Shoulder Bag - A New Day™ Black: Shell, Adjustable Strap, Lightweight Design Shoulder Bags Polyurethane Lightweight shoulder bag; Made with canvas fabric; Interior pocket; Flap closure; Adjustable strap; Bag structure: Lightweight; Interior features: Zip Pocket; Exterior features: Adjustable Shoulder Strap",flap shoulder new day black shell lightweight design shoulder polyurethane lightweight shoulder canvas fabric interior flap structure lightweight interior exterior shoulder,shoulder,canvas_cotton,0.02078770549093766,shoulder – canvas_cotton | slouchy shoulder / cotton polyester | Mid
Wild Fable,,Flap sling crossbody bag; Clear design with black strap and edging; Features exterior pocket; Adjustable strap and loop handle; Zipper closure; Bag structure: Lightweight; Interior features: No Compartments or Pockets; Exterior features: Zip Pocket,12.25 Inches (H) x 7 Inches (W) x 3.75 Inches (D),0.0,https://target.scene7.com/is/image/Target/GUEST_7239a67c-f0cf-4d0a-8e08-6fe3cfba9905?wid=1200&hei=1200&qlt=85,False,Crossbody & Messenger Bags,TPU (Thermoplastic Polyurethane),,"Flap Sling Crossbody Bag - Wild Fable™ Clear: Lightweight TPU Handbag with Adjustable Strap, Zip Closure, 26"" Max Length",,18.0,90251889,"Flap Sling Crossbody Bag - Wild Fable™ Clear: Lightweight TPU Handbag with Adjustable Strap, Zip Closure, 26"" Max Length",https://www.target.com/p/flap-sling-crossbody-bag-wild-fable-8482-clear/-/A-90251889#lnk=sametab,4.7,128,target,4,2026-02-23T16:44:52.649734,18.0,False,"Flap Sling Crossbody Bag - Wild Fable™ Clear: Lightweight TPU Handbag with Adjustable Strap, Zip Closure, 26"" Max Length Crossbody & Messenger Bags TPU (Thermoplastic Polyurethane) Flap sling crossbody bag; Clear design with black strap and edging; Features exterior pocket; Adjustable strap and loop handle; Zipper closure; Bag structure: Lightweight; Interior features: No Compartments or Pockets; Exterior features: Zip Pocket",flap sling crossbody clear lightweight tpu max length crossbody messenger tpu thermoplastic polyurethane flap sling crossbody clear design black edging exterior loop handle zipper structure lightweight interior exterior,crossbody,unknown,-0.018921649570236516,crossbody – unknown | universal thread / interior exterior | Entry
A New Day,,Frame satchel handbag; Polyurethane shell; Snake print in brown; Spacious main compartment; Cinched closure; Double handle; Bag structure: Unstructured; Interior features: No Compartments or Pockets; Exterior features: No Compartments or Pockets,8.75 Inches (H) x 6.75 Inches (W) x 3.25 Inches (D),0.0,https://target.scene7.com/is/image/Target/GUEST_db58e4d2-ec00-4e59-97fd-11ed969ef0ca?wid=1200&hei=1200&qlt=85,False,Satchels,Polyurethane,,Snake Print Frame Satchel Handbag - A New Day™ Brown,,25.0,94780350,Snake Print Frame Satchel Handbag - A New Day™ Brown,https://www.target.com/p/snake-print-frame-satchel-handbag-a-new-day-8482-brown/-/A-94780350#lnk=sametab,0.0,0,target,0,2026-02-23T16:44:52.649734,25.0,False,Snake Print Frame Satchel Handbag - A New Day™ Brown Satchels Polyurethane Frame satchel handbag; Polyurethane shell; Snake print in brown; Spacious main compartment; Cinched closure; Double handle; Bag structure: Unstructured; Interior features: No Compartments or Pockets; Exterior features: No Compartments or Pockets,snake print frame satchel new day brown satchels polyurethane frame satchel polyurethane shell snake print brown spacious main compartment cinched double handle structure unstructured interior exterior,satchel,unknown,0.06271342895513957,satchel – unknown | frame satchel / universal thread | Mid
A New Day,,Winged tote bag in black; Made from polyurethane; Interior accessories pocket; Magnetic closure; Double handle; Bag structure: Unstructured; Interior features: Accessories Pocket; Exterior features: No Compartments or Pockets,11.5 Inches (H) x 21.5 Inches (W) x 7.25 Inches (D),0.0,https://target.scene7.com/is/image/Target/GUEST_c79d3048-e24c-44fb-9fa3-63e2aa9e47b2?wid=1200&hei=1200&qlt=85,False,Shoulder Bags,Polyurethane,,Winged Tote Bag - A New Day™ Black,,35.0,94780328,Winged Tote Bag - A New Day™ Black,https://www.target.com/p/winged-tote-bag-a-new-day-8482-black/-/A-94780328#lnk=sametab,5.0,1,target,1,2026-02-23T16:44:52.649734,35.0,False,Winged Tote Bag - A New Day™ Black Shoulder Bags Polyurethane Winged tote bag in black; Made from polyurethane; Interior accessories pocket; Magnetic closure; Double handle; Bag structure: Unstructured; Interior features: Accessories Pocket; Exterior features: No Compartments or Pockets,winged tote new day black shoulder polyurethane winged tote black polyurethane interior magnetic double handle structure unstructured interior exterior,tote,unknown,-0.011392759094398826,tote – unknown | universal thread / interior exterior | Mid
A New Day,,Frame satchel handbag in off-white; Polyurethane shell; Raised flowers applique; Spacious main compartment; Cinched closure; Double handle; Bag structure: Unstructured; Interior features: No Compartments or Pockets; Exterior features: No Compartments or Pockets,8.75 Inches (H) x 6.75 Inches (W) x 3.25 Inches (D),0.0,https://target.scene7.com/is/image/Target/GUEST_e469df6e-72d3-4257-b3f2-a61c984c28c6?wid=1200&hei=1200&qlt=85,False,Satchels,Polyurethane,,Flower Frame Satchel Handbag - A New Day™ White,,25.0,94780338,Flower Frame Satchel Handbag - A New Day™ White,https://www.target.com/p/flower-frame-satchel-handbag-a-new-day-8482-white/-/A-94780338#lnk=sametab,4.0,3,target,0,2026-02-23T16:44:52.649734,25.0,False,Flower Frame Satchel Handbag - A New Day™ White Satchels Polyurethane Frame satchel handbag in off-white; Polyurethane shell; Raised flowers applique; Spacious main compartment; Cinched closure; Double handle; Bag structure: Unstructured; Interior features: No Compartments or Pockets; Exterior features: No Compartments or Pockets,flower frame satchel new day white satchels polyurethane frame satchel off white polyurethane shell raised flowers applique spacious main compartment cinched double handle structure unstructured interior exterior,satchel,unknown,0.06271342895513957,satchel – unknown | frame satchel / universal thread | Mid
A New Day,,Clear acrylic crossbody bag; Golden frame and accents; 22.83in chain strap handle; Single compartment; Snap closure; Bag structure: Structured; Interior features: No Compartments or Pockets; Exterior features: No Compartments or Pockets,4.33 Inches (H) x 7.08 Inches (W) x 1.97 Inches (D),0.0,https://target.scene7.com/is/image/Target/GUEST_fda50f16-1f2b-4b8f-b490-bed116f27c42?wid=1200&hei=1200&qlt=85,False,Crossbody & Messenger Bags,Acrylic,,Clear Minaudiere Crossbody Bag - A New Day™,,25.0,94270080,Clear Minaudiere Crossbody Bag - A New Day™,https://www.target.com/p/clear-minaudiere-crossbody-bag-a-new-day-8482/-/A-94270080#lnk=sametab,3.9,13,target,4,2026-02-23T16:44:52.649734,25.0,False,Clear Minaudiere Crossbody Bag - A New Day™ Crossbody & Messenger Bags Acrylic Clear acrylic crossbody bag; Golden frame and accents; 22.83in chain strap handle; Single compartment; Snap closure; Bag structure: Structured; Interior features: No Compartments or Pockets; Exterior features: No Compartments or Pockets,clear minaudiere crossbody new day crossbody messenger acrylic clear acrylic crossbody golden frame accents 83in chain handle single compartment snap structure structured interior exterior,crossbody,unknown,-0.018921649570236516,crossbody – unknown | universal thread / interior exterior | Entry
A New Day,3.0,"Soft shoulder bag in a solid color; Spacious zippered compartment; Zippered interior pocket and cell phone sleeve; Round single handle; Bag structure: Unstructured; Interior features: Cell Phone Pocket, Zip Pocket; Exterior features: No Compartments or Pockets",17 Inches (H) x 16.25 Inches (W) x 4 Inches (D),0.0,https://target.scene7.com/is/image/Target/GUEST_a881ae80-4b51-49fa-9b4b-0db60536d55a?wid=1200&hei=1200&qlt=85,False,Shoulder Bags,Polyester,,Faux Suede Soft Shoulder Bag - A New Day™ Tan,,35.0,94439808,Faux Suede Soft Shoulder Bag - A New Day™ Tan,https://www.target.com/p/soft-shoulder-bag-a-new-day/-/A-94594852?preselect=94439808#lnk=sametab,4.7,73,target,0,2026-02-23T16:44:52.649734,35.0,False,"Faux Suede Soft Shoulder Bag - A New Day™ Tan Shoulder Bags Polyester Soft shoulder bag in a solid color; Spacious zippered compartment; Zippered interior pocket and cell phone sleeve; Round single handle; Bag structure: Unstructured; Interior features: Cell Phone Pocket, Zip Pocket; Exterior features: No Compartments or Pockets",faux suede soft shoulder new day tan shoulder polyester soft shoulder solid color spacious zippered compartment zippered interior cell phone sleeve round single handle structure unstructured interior cell phone exterior,shoulder,unknown,0.02078770549093766,shoulder – unknown | faux suede / tan shoulder | Mid
A New Day,1.0,"Mini barrel handbag; Boxy design; Woven design; Single, adjustable handle; Bag structure: Unstructured; Interior features: No Compartments or Pockets; Exterior features: No Compartments or Pockets",3.5 Inches (H) x 7.75 Inches (W) x 2 Inches (D),0.0,https://target.scene7.com/is/image/Target/GUEST_125925d4-6932-41f2-b6de-57cc98304777?wid=1200&hei=1200&qlt=85,False,Shoulder Bags,Polyurethane,,Mini Boxy Barrel Bag - A New Day™ Black,,25.0,94581665,Mini Boxy Barrel Bag - A New Day™ Black,https://www.target.com/p/mini-boxy-barrel-handbag-a-new-day/-/A-94600429?preselect=94581665#lnk=sametab,4.4,17,target,3,2026-02-23T16:44:52.649734,25.0,False,"Mini Boxy Barrel Bag - A New Day™ Black Shoulder Bags Polyurethane Mini barrel handbag; Boxy design; Woven design; Single, adjustable handle; Bag structure: Unstructured; Interior features: No Compartments or Pockets; Exterior features: No Compartments or Pockets",mini boxy barrel new day black shoulder polyurethane mini barrel boxy design woven design single handle structure unstructured interior exterior,shoulder,unknown,0.02078770549093766,shoulder – unknown | universal thread / shoulder polyurethane | Mid
Shade & Shore,2.0,Structured tote bag; Pandan material; Straw woven design; Open main compartment; Shoulder straps; Bag structure: Structured; Interior features: No Compartments or Pockets; Exterior features: No Compartments or Pockets,39 Inches (H) x 18 Inches (W) x 6.75 Inches (D),0.0,https://target.scene7.com/is/image/Target/GUEST_21b19898-1542-4789-9253-d14473da0a85?wid=1200&hei=1200&qlt=85,False,Beach Bags,Pandan,,Straw Weave XL Tote Bag - Shade & Shore™ Natural,,35.0,94804393,Straw Weave XL Tote Bag - Shade & Shore™ Natural,https://www.target.com/p/straw-weave-xl-tote-bag-shade-shore/-/A-94837568?preselect=94804393#lnk=sametab,0.0,0,target,1,2026-02-23T16:44:52.649734,35.0,False,Straw Weave XL Tote Bag - Shade & Shore™ Natural Beach Bags Pandan Structured tote bag; Pandan material; Straw woven design; Open main compartment; Shoulder straps; Bag structure: Structured; Interior features: No Compartments or Pockets; Exterior features: No Compartments or Pockets,straw weave tote shade shore natural beach pandan structured tote pandan material straw woven design open main compartment shoulder straps structure structured interior exterior,tote,straw,-0.011392759094398826,tote – unknown | universal thread / interior exterior | Mid
Wild Fable,3.0,"Flap sling crossbody bag; 100% recycled polyester; Side pocket, zip pocket; Zipper closure; ̐ Adjustable strap and loop handle; Bag structure: Lightweight; Interior features: Zip Pocket; Exterior features: Side Pockets, Zip Pocket",12.25 Inches (H) x 7 Inches (W) x 3.75 Inches (D),0.0,https://target.scene7.com/is/image/Target/GUEST_2f8d4a13-3e17-4bda-9033-99467ca77458?wid=1200&hei=1200&qlt=85,False,Crossbody & Messenger Bags,100% Recycled Polyester,,"Flap Sling Crossbody Bag - Wild Fable™ Black: Adjustable Strap, Lightweight, Woven Material",,18.0,90251888,"Flap Sling Crossbody Bag - Wild Fable™ Black: Adjustable Strap, Lightweight, Woven Material",https://www.target.com/p/flap-sling-crossbody-bag-wild-fable/-/A-90259913?preselect=90251888#lnk=sametab,4.5,190,target,3,2026-02-23T16:44:52.649734,18.0,False,"Flap Sling Crossbody Bag - Wild Fable™ Black: Adjustable Strap, Lightweight, Woven Material Crossbody & Messenger Bags 100% Recycled Polyester Flap sling crossbody bag; 100% recycled polyester; Side pocket, zip pocket; Zipper closure; ̐ Adjustable strap and loop handle; Bag structure: Lightweight; Interior features: Zip Pocket; Exterior features: Side Pockets, Zip Pocket",flap sling crossbody black lightweight woven material crossbody messenger 100 recycled polyester flap sling crossbody 100 recycled polyester side zipper loop handle structure lightweight interior exterior side,crossbody,recycled,-0.018921649570236516,crossbody – single
A New Day,3.0,Woven bucket bag; Unstructured design; Interior pocket; Magnetic closure; Single strap; Bag structure: Unstructured; Interior features: Zip Pocket; Exterior features: Adjustable Shoulder Strap,12 Inches (H) x 12 Inches (W) x 4.5 Inches (D),0.0,https://target.scene7.com/is/image/Target/GUEST_99ca77ae-8b4e-4d2b-9d8e-03e84f72ad80?wid=1200&hei=1200&qlt=85,False,Shoulder Bags,Polyurethane,,Woven Bucket Bag - A New Day™ Black,,30.0,94180145,Woven Bucket Bag - A New Day™ Black,https://www.target.com/p/woven-bucket-shoulder-bag-a-new-day/-/A-94247992?preselect=94180145#lnk=sametab,4.4,49,target,0,2026-02-23T16:44:52.649734,30.0,False,Woven Bucket Bag - A New Day™ Black Shoulder Bags Polyurethane Woven bucket bag; Unstructured design; Interior pocket; Magnetic closure; Single strap; Bag structure: Unstructured; Interior features: Zip Pocket; Exterior features: Adjustable Shoulder Strap,woven bucket new day black shoulder polyurethane woven bucket unstructured design interior magnetic single structure unstructured interior exterior shoulder,bucket,unknown,,bucket – small group – Mid
A New Day,2.0,"Slouchy satchel handbag; Polyurethane shell; Zippered main compartment; Interior zippered pocket and sleeves; Strap with metal snap hook; Double shoulder handles; Bag structure: Unstructured; Interior features: Cell Phone Pocket, Zip Pocket; Exterior features: No Compartments or Pockets",7.5 Inches (H) x 13.5 Inches (W) x 6.25 Inches (D),0.0,https://target.scene7.com/is/image/Target/GUEST_b4a9a323-7f6c-4791-b97d-fcc4f11c90c0?wid=1200&hei=1200&qlt=85,False,Satchels,Polyurethane,,Slouchy Satchel Handbag - A New Day™ Black,,35.0,94780329,Slouchy Satchel Handbag - A New Day™ Black,https://www.target.com/p/slouchy-satchel-handbag-a-new-day/-/A-94810414?preselect=94780329#lnk=sametab,5.0,1,target,1,2026-02-23T16:44:52.649734,35.0,False,"Slouchy Satchel Handbag - A New Day™ Black Satchels Polyurethane Slouchy satchel handbag; Polyurethane shell; Zippered main compartment; Interior zippered pocket and sleeves; Strap with metal snap hook; Double shoulder handles; Bag structure: Unstructured; Interior features: Cell Phone Pocket, Zip Pocket; Exterior features: No Compartments or Pockets",slouchy satchel new day black satchels polyurethane slouchy satchel polyurethane shell zippered main compartment interior zippered sleeves metal snap hook double shoulder handles structure unstructured interior cell phone exterior,satchel,unknown,0.06271342895513957,satchel – unknown | belted satchel / satchel new day | Mid
A New Day,2.0,"Faux-leather crossbody bag; Structured rectangular silhouette; Flap with magnetic snap closure; 2 compartments and 1 interior zip pocket; Adjustable buckled strap; Polyurethane shell material; Bag structure: Structured; Interior features: Zip Pocket, Multiple Compartments; Exterior features: Adjustable Shoulder Strap",5.75 Inches (H) x 9.25 Inches (W) x 2.25 Inches (D),0.0,https://target.scene7.com/is/image/Target/GUEST_6574748a-6092-4d7e-95fa-1e64a16c5c96?wid=1200&hei=1200&qlt=85,False,Crossbody & Messenger Bags,Polyurethane,,Flap Crossbody Bag - A New Day™ Brown,,30.0,94439831,Flap Crossbody Bag - A New Day™ Brown,https://www.target.com/p/flap-crossbody-bag-a-new-day/-/A-94742804?preselect=94439831#lnk=sametab,4.2,18,target,4,2026-02-23T16:45:36.750988,30.0,False,"Flap Crossbody Bag - A New Day™ Brown Crossbody & Messenger Bags Polyurethane Faux-leather crossbody bag; Structured rectangular silhouette; Flap with magnetic snap closure; 2 compartments and 1 interior zip pocket; Adjustable buckled strap; Polyurethane shell material; Bag structure: Structured; Interior features: Zip Pocket, Multiple Compartments; Exterior features: Adjustable Shoulder Strap",flap crossbody new day brown crossbody messenger polyurethane faux leather crossbody structured rectangular silhouette flap magnetic snap interior buckled polyurethane shell material structure structured interior multiple exterior shoulder,crossbody,leather,-0.018921649570236516,crossbody – unknown | universal thread / interior exterior | Entry
A New Day,,Organic minaudiere clutch in pearl hue; Acrylic novelty material; Hardside; Snap closure; Removable chain strap handle; Bag structure: Hardside; Interior features: No Compartments or Pockets; Exterior features: No Compartments or Pockets,4.33 Inches (H) x 8.66 Inches (W) x 2.95 Inches (D),0.0,https://target.scene7.com/is/image/Target/GUEST_9928b2d7-180b-4255-83b0-8e8fccff0752?wid=1200&hei=1200&qlt=85,False,Clutches,Acrylic,,Organic Minaudiere Clutch - A New Day™ Pearl,,35.0,94451124,Organic Minaudiere Clutch - A New Day™ Pearl,https://www.target.com/p/organic-minaudiere-clutch-a-new-day-8482-pearl/-/A-94451124#lnk=sametab,3.6,10,target,0,2026-02-23T16:45:36.750988,35.0,False,Organic Minaudiere Clutch - A New Day™ Pearl Clutches Acrylic Organic minaudiere clutch in pearl hue; Acrylic novelty material; Hardside; Snap closure; Removable chain strap handle; Bag structure: Hardside; Interior features: No Compartments or Pockets; Exterior features: No Compartments or Pockets,organic minaudiere clutch new day pearl clutches acrylic organic minaudiere clutch pearl hue acrylic novelty material hardside snap removable chain handle structure hardside interior exterior,clutch,unknown,0.06108855197966701,clutch – unknown | minaudiere clutch / interior exterior | Mid
A New Day,2.0,Belted tote bag; Made from polyurethane; Features belt accent with buckle; Pinched shoulder straps; Magnetic closure; Bag structure: Unstructured; Interior features: No Compartments or Pockets; Exterior features: No Compartments or Pockets,11.5 Inches (H) x 15.75 Inches (W) x 7.5 Inches (D),0.0,https://target.scene7.com/is/image/Target/GUEST_07996fc1-8824-4be9-b0c2-2d6ff4401a75?wid=1200&hei=1200&qlt=85,False,Shoulder Bags,Polyurethane,,Belted Pinched Handle Tote Handbag - A New Day™ Brown,,35.0,94269876,Belted Pinched Handle Tote Handbag - A New Day™ Brown,https://www.target.com/p/belted-pinched-handle-tote-handbag-a-new-day/-/A-94436051?preselect=94269876#lnk=sametab,4.2,21,target,1,2026-02-23T16:45:36.750988,35.0,False,Belted Pinched Handle Tote Handbag - A New Day™ Brown Shoulder Bags Polyurethane Belted tote bag; Made from polyurethane; Features belt accent with buckle; Pinched shoulder straps; Magnetic closure; Bag structure: Unstructured; Interior features: No Compartments or Pockets; Exterior features: No Compartments or Pockets,belted pinched handle tote new day brown shoulder polyurethane belted tote polyurethane belt accent buckle pinched shoulder straps magnetic structure unstructured interior exterior,tote,unknown,-0.011392759094398826,tote – unknown | universal thread / interior exterior | Mid
Shade & Shore,1.0,"Open top tote handbag; Mesh design; Front and side pockets; Double handles; Bag structure: Unstructured; Interior features: No Compartments or Pockets; Exterior features: Front Pocket, Side Pockets",16.5 Inches (H) x 18.5 Inches (W) x 6.62 Inches (D),15.0,https://target.scene7.com/is/image/Target/GUEST_cb259549-d94d-464b-86d7-98236b291489?wid=1200&hei=1200&qlt=85,True,Beach Bags,Polyester,,Mesh Tote Handbag - Shade & Shore™ Pink: Polyester Unstructured Beach Bag,10.0,8.5,89232044,Mesh Tote Handbag - Shade & Shore™ Pink: Polyester Unstructured Beach Bag,https://www.target.com/p/mesh-tote-handbag-shade-shore/-/A-89399430?preselect=89232044#lnk=sametab,4.8,1031,target,1,2026-02-23T16:45:36.750988,8.5,True,"Mesh Tote Handbag - Shade & Shore™ Pink: Polyester Unstructured Beach Bag Beach Bags Polyester Open top tote handbag; Mesh design; Front and side pockets; Double handles; Bag structure: Unstructured; Interior features: No Compartments or Pockets; Exterior features: Front Pocket, Side Pockets",mesh tote shade shore pink polyester unstructured beach beach polyester open top tote mesh design front side double handles structure unstructured interior exterior front side,tote,unknown,-0.011392759094398826,tote – unknown | universal thread / interior exterior | Mid
A New Day,3.0,"Belted shoulder bag; Made from polyurethane; Belt accent down front; Interior zip and credit card pockets; Adjustable shoulder strap; Magnetic closure; Bag structure: Unstructured; Interior features: Zip Pocket, Credit Card Pockets; Exterior features: No Compartments or Pockets",7.5 Inches (H) x 10 Inches (W) x 2.5 Inches (D),0.0,https://target.scene7.com/is/image/Target/GUEST_f24e946b-476e-4324-88b5-b2428878fc04?wid=1200&hei=1200&qlt=85,False,Shoulder Bags,Polyurethane,,Belted Shoulder Handbag - A New Day™ Black,,25.0,94269887,Belted Shoulder Handbag - A New Day™ Black,https://www.target.com/p/belted-shoulder-bag-a-new-day/-/A-94436056?preselect=94269887#lnk=sametab,4.6,38,target,3,2026-02-23T16:45:36.750988,25.0,False,"Belted Shoulder Handbag - A New Day™ Black Shoulder Bags Polyurethane Belted shoulder bag; Made from polyurethane; Belt accent down front; Interior zip and credit card pockets; Adjustable shoulder strap; Magnetic closure; Bag structure: Unstructured; Interior features: Zip Pocket, Credit Card Pockets; Exterior features: No Compartments or Pockets",belted shoulder new day black shoulder polyurethane belted shoulder polyurethane belt accent down front interior credit card shoulder magnetic structure unstructured interior credit card exterior,shoulder,unknown,0.02078770549093766,shoulder – unknown | universal thread / shoulder polyurethane | Mid
Universal Thread,2.0,Universal Thread barrel handbag; Polyurethane shell; Zippered main compartment; Zippered interior pocket; Shoulder strap; Bag structure: Unstructured; Interior features: Zip Pocket; Exterior features: No Compartments or Pockets,5.25 Inches (H) x 10.25 Inches (W) x 4 Inches (D),0.0,https://target.scene7.com/is/image/Target/GUEST_9b02579c-61b0-4272-b0f5-03ba20faf8f6?wid=1200&hei=1200&qlt=85,False,Shoulder Bags,Polyurethane,,Barrel Shoulder Handbag - Universal Thread™ Black,,25.0,94780206,Barrel Shoulder Handbag - Universal Thread™ Black,https://www.target.com/p/barrel-shoulder-handbag-universal-thread/-/A-94810387?preselect=94780206#lnk=sametab,5.0,1,target,3,2026-02-23T16:45:36.750988,25.0,False,Barrel Shoulder Handbag - Universal Thread™ Black Shoulder Bags Polyurethane Universal Thread barrel handbag; Polyurethane shell; Zippered main compartment; Zippered interior pocket; Shoulder strap; Bag structure: Unstructured; Interior features: Zip Pocket; Exterior features: No Compartments or Pockets,barrel shoulder universal thread black shoulder polyurethane universal thread barrel polyurethane shell zippered main compartment zippered interior shoulder structure unstructured interior exterior,shoulder,unknown,0.02078770549093766,shoulder – unknown | universal thread / shoulder polyurethane | Mid
A New Day,2.0,Mini crossbody bag; Main compartment; Made with faux leather; Flap with easy-close fastener; Double handles and an adjustable strap; Bag structure: Softside; Interior features: No Compartments or Pockets; Exterior features: No Compartments or Pockets,7.4 Inches (H) x 5.12 Inches (W) x 8.87 Inches (D),0.0,https://target.scene7.com/is/image/Target/GUEST_3dadb4ec-c3bb-4915-b70e-b57b536e0179?wid=1200&hei=1200&qlt=85,False,Crossbody & Messenger Bags,Polyethylene,,Mini Tote Crossbody Bag - A New Day™ Black,,25.0,94339710,Mini Tote Crossbody Bag - A New Day™ Black,https://www.target.com/p/mini-tote-crossbody-bag-a-new-day/-/A-94372642?preselect=94339710#lnk=sametab,4.7,59,target,1,2026-02-23T16:45:36.750988,25.0,False,Mini Tote Crossbody Bag - A New Day™ Black Crossbody & Messenger Bags Polyethylene Mini crossbody bag; Main compartment; Made with faux leather; Flap with easy-close fastener; Double handles and an adjustable strap; Bag structure: Softside; Interior features: No Compartments or Pockets; Exterior features: No Compartments or Pockets,mini tote crossbody new day black crossbody messenger polyethylene mini crossbody main compartment faux leather flap easy close fastener double handles structure softside interior exterior,tote,leather,-0.011392759094398826,tote – unknown | universal thread / interior exterior | Mid
Universal Thread,,"Universal Thread mini slouchy handbag; Square patchwork pattern; Knitted polyurethane fabric; Interior accessory and zip pockets; Magnetic closure; Double carrying handles; Removable chain strap handle; Bag structure: Miniature; Interior features: Zip Pocket, Credit Card Pockets; Exterior features: No Compartments or Pockets",5.33 Inches (H) x 9.25 Inches (W) x 3 Inches (D),0.0,https://target.scene7.com/is/image/Target/GUEST_22aa6b95-70ea-48ee-a08c-5d9d658d228a?wid=1200&hei=1200&qlt=85,False,Mini Bags,Polyurethane,,Square Patchwork Mini Slouchy Chain Handbag - Universal Thread™ Black,,30.0,94687161,Square Patchwork Mini Slouchy Chain Handbag - Universal Thread™ Black,https://www.target.com/p/square-patchwork-mini-slouchy-chain-handbag-universal-thread-8482-black/-/A-94687161#lnk=sametab,5.0,4,target,0,2026-02-23T16:45:36.750988,30.0,False,"Square Patchwork Mini Slouchy Chain Handbag - Universal Thread™ Black Mini Bags Polyurethane Universal Thread mini slouchy handbag; Square patchwork pattern; Knitted polyurethane fabric; Interior accessory and zip pockets; Magnetic closure; Double carrying handles; Removable chain strap handle; Bag structure: Miniature; Interior features: Zip Pocket, Credit Card Pockets; Exterior features: No Compartments or Pockets",square patchwork mini slouchy chain universal thread black mini polyurethane universal thread mini slouchy square patchwork pattern knitted polyurethane fabric interior magnetic double carrying handles removable chain handle structure miniature interior credit card exterior,mini,unknown,,mini – small group – Mid
A New Day,4.0,Oversized clutch; Made from polyurethane with allover studded design; Unstructured; Cinch closure; Removable chain strap; Bag structure: Unstructured; Interior features: No Compartments or Pockets; Exterior features: Detachable Straps,7.25 Inches (H) x 12 Inches (W) x 3.5 Inches (D),15.0,https://target.scene7.com/is/image/Target/GUEST_ddd159d3-7634-4993-ab23-dbf704de6eb9?wid=1200&hei=1200&qlt=85,True,Clutches,Polyurethane,,Studded Oversized Clutch - A New Day™ Black,30.0,25.5,94269886,Studded Oversized Clutch - A New Day™ Black,https://www.target.com/p/oversized-clutch-a-new-day/-/A-94436055?preselect=94269886#lnk=sametab,4.7,59,target,0,2026-02-23T16:45:36.750988,25.5,True,Studded Oversized Clutch - A New Day™ Black Clutches Polyurethane Oversized clutch; Made from polyurethane with allover studded design; Unstructured; Cinch closure; Removable chain strap; Bag structure: Unstructured; Interior features: No Compartments or Pockets; Exterior features: Detachable Straps,studded oversized clutch new day black clutches polyurethane oversized clutch polyurethane allover studded design unstructured cinch removable chain structure unstructured interior exterior detachable straps,clutch,unknown,0.06108855197966701,clutch – unknown | minaudiere clutch / interior exterior | Mid
A New Day,2.0,Bucket shoulder bag; Faux-suede fabric; Unstructured; Magnetic closure; Adjustable shoulder strap; Bag structure: Unstructured; Interior features: No Compartments or Pockets; Exterior features: No Compartments or Pockets,12 Inches (H) x 9.25 Inches (W) x 6.25 Inches (D),15.0,https://target.scene7.com/is/image/Target/GUEST_88a58131-f212-4dc8-a02c-f3a4ac22922c?wid=1200&hei=1200&qlt=85,True,Shoulder Bags,Polyurethane,,Shoulder Bucket Bag - A New Day™ Black,35.0,29.75,94439815,Shoulder Bucket Bag - A New Day™ Black,https://www.target.com/p/shoulder-bucket-bag-a-new-day/-/A-94594846?preselect=94439815#lnk=sametab,4.3,51,target,0,2026-02-23T16:45:36.750988,29.75,True,Shoulder Bucket Bag - A New Day™ Black Shoulder Bags Polyurethane Bucket shoulder bag; Faux-suede fabric; Unstructured; Magnetic closure; Adjustable shoulder strap; Bag structure: Unstructured; Interior features: No Compartments or Pockets; Exterior features: No Compartments or Pockets,shoulder bucket new day black shoulder polyurethane bucket shoulder faux suede fabric unstructured magnetic shoulder structure unstructured interior exterior,bucket,unknown,,bucket – small group – Mid
A New Day,2.0,"Belted satchel handbag; Woven polyurethane fabric; Unstructured; Accessories and zip pocket; Magnetic closure; Double top handles; Adjustable shoulder strap; Bag structure: Unstructured; Interior features: Cell Phone Pocket, Zip Pocket; Exterior features: Detachable Straps, Front Pocket, Adjustable Shoulder Strap",9 Inches (H) x 12 Inches (W) x 6.25 Inches (D),0.0,https://target.scene7.com/is/image/Target/GUEST_1feee4fd-bc24-4c0f-aa63-1119864f1a1f?wid=1200&hei=1200&qlt=85,False,Handbags & Purses,"Polyurethane, Polyester",,Belted Top Handle Satchel Handbag - A New Day™ Black,,40.0,94687135,Belted Top Handle Satchel Handbag - A New Day™ Black,https://www.target.com/p/belted-top-handle-satchel-handbag-a-new-day/-/A-94705889?preselect=94687135#lnk=sametab,4.5,8,target,1,2026-02-23T16:45:36.750988,40.0,False,"Belted Top Handle Satchel Handbag - A New Day™ Black Handbags & Purses Polyurethane, Polyester Belted satchel handbag; Woven polyurethane fabric; Unstructured; Accessories and zip pocket; Magnetic closure; Double top handles; Adjustable shoulder strap; Bag structure: Unstructured; Interior features: Cell Phone Pocket, Zip Pocket; Exterior features: Detachable Straps, Front Pocket, Adjustable Shoulder Strap",belted top handle satchel new day black polyurethane polyester belted satchel woven polyurethane fabric unstructured magnetic double top handles shoulder structure unstructured interior cell phone exterior detachable straps front shoulder,satchel,unknown,0.06271342895513957,satchel – unknown | belted satchel / satchel new day | Mid
A New Day,4.0,Beaded shoulder bag; Decorative embellished flap; Cotton-polyester blend shell; Magnetic snap; Single handle; Bag structure: Unstructured; Interior features: No Compartments or Pockets; Exterior features: No Compartments or Pockets,5.59 Inches (H) x 9.76 Inches (W) x 2.16 Inches (D),0.0,https://target.scene7.com/is/image/Target/GUEST_a9411461-7bd4-4c24-8826-136fdef465f8?wid=1200&hei=1200&qlt=85,False,Shoulder Bags,"Cotton, Polyester",,Floral Embellished Beaded Flap Shoulder Bag - A New Day™ Yellow,,35.0,94780332,Floral Embellished Beaded Flap Shoulder Bag - A New Day™ Yellow,https://www.target.com/p/embellished-beaded-flap-shoulder-bag-a-new-day/-/A-94810413?preselect=94780332#lnk=sametab,5.0,1,target,4,2026-02-23T16:45:36.750988,35.0,False,"Floral Embellished Beaded Flap Shoulder Bag - A New Day™ Yellow Shoulder Bags Cotton, Polyester Beaded shoulder bag; Decorative embellished flap; Cotton-polyester blend shell; Magnetic snap; Single handle; Bag structure: Unstructured; Interior features: No Compartments or Pockets; Exterior features: No Compartments or Pockets",floral embellished beaded flap shoulder new day yellow shoulder cotton polyester beaded shoulder decorative embellished flap cotton polyester blend shell magnetic snap single handle structure unstructured interior exterior,shoulder,canvas_cotton,0.02078770549093766,shoulder – canvas_cotton | slouchy shoulder / cotton polyester | Mid
Wild Fable,15.0,Clear crossbody bag; Transparent design in solid color; Made from vinyl; Spacious main compartment with zip closure; Adjustable shoulder strap; Bag structure: Lightweight; Interior features: No Compartments or Pockets; Exterior features: Adjustable Strap,5.38 Inches (H) x 8.62 Inches (W) x 3.12 Inches (D),0.0,https://target.scene7.com/is/image/Target/GUEST_3e878346-9482-46e6-8c8a-9e66af458f1f?wid=1200&hei=1200&qlt=85,False,Crossbody & Messenger Bags,TPU (Thermoplastic Polyurethane),,Game Day Clear Crossbody Bag - Wild Fable™ Navy Blue,,15.0,94269200,Game Day Clear Crossbody Bag - Wild Fable™ Navy Blue,https://www.target.com/p/game-day-clear-crossbody-bag-wild-fable/-/A-94425756?preselect=94269200#lnk=sametab,4.8,24,target,4,2026-02-23T16:45:36.750988,15.0,False,Game Day Clear Crossbody Bag - Wild Fable™ Navy Blue Crossbody & Messenger Bags TPU (Thermoplastic Polyurethane) Clear crossbody bag; Transparent design in solid color; Made from vinyl; Spacious main compartment with zip closure; Adjustable shoulder strap; Bag structure: Lightweight; Interior features: No Compartments or Pockets; Exterior features: Adjustable Strap,game day clear crossbody navy blue crossbody messenger tpu thermoplastic polyurethane clear crossbody transparent design solid color vinyl spacious main compartment shoulder structure lightweight interior exterior,crossbody,unknown,-0.018921649570236516,crossbody – unknown | universal thread / interior exterior | Entry
A New Day,,"Elongated crossbody bag; Exterior and interior pockets; Pushlock closure; Adjustable shoulder strap; Bag structure: Structured; Interior features: Zip Pocket; Exterior features: Adjustable Strap, Slip Pocket, Back Pocket",5.5 Inches (H) x 9 Inches (W) x 2.5 Inches (D),0.0,https://target.scene7.com/is/image/Target/GUEST_eee9abe7-5512-4924-9759-b3f654df0586?wid=1200&hei=1200&qlt=85,False,Crossbody & Messenger Bags,Polyurethane,,"Elongated Refined Crossbody Bag - A New Day™ Clear: Shell, Adjustable Strap, Structured Design",,30.0,89956534,"Elongated Refined Crossbody Bag - A New Day™ Clear: Shell, Adjustable Strap, Structured Design",https://www.target.com/p/elongated-refined-crossbody-bag-a-new-day-8482-clear/-/A-89956534#lnk=sametab,4.7,94,target,4,2026-02-23T16:45:36.750988,30.0,False,"Elongated Refined Crossbody Bag - A New Day™ Clear: Shell, Adjustable Strap, Structured Design Crossbody & Messenger Bags Polyurethane Elongated crossbody bag; Exterior and interior pockets; Pushlock closure; Adjustable shoulder strap; Bag structure: Structured; Interior features: Zip Pocket; Exterior features: Adjustable Strap, Slip Pocket, Back Pocket",elongated refined crossbody new day clear shell structured design crossbody messenger polyurethane elongated crossbody exterior interior pushlock shoulder structure structured interior exterior slip back,crossbody,unknown,-0.018921649570236516,crossbody – unknown | universal thread / interior exterior | Entry
A New Day,,Bucket bag in white; Polyurethane shell; Spacious main compartment; Magnetic closure and drawstring; Adjustable shoulder strap; Bag structure: Unstructured; Interior features: No Compartments or Pockets; Exterior features: No Compartments or Pockets,12 Inches (H) x 9.5 Inches (W) x 5.25 Inches (D),0.0,https://target.scene7.com/is/image/Target/GUEST_e0b8df1d-072c-4278-b6ae-7a661113efed?wid=1200&hei=1200&qlt=85,False,Shoulder Bags,Polyurethane,,Drawstring Bucket Shoulder Bag - A New Day™ White,,35.0,94780334,Drawstring Bucket Shoulder Bag - A New Day™ White,https://www.target.com/p/drawstring-bucket-shoulder-bag-a-new-day-8482-white/-/A-94780334#lnk=sametab,4.0,1,target,0,2026-02-23T16:45:36.750988,35.0,False,Drawstring Bucket Shoulder Bag - A New Day™ White Shoulder Bags Polyurethane Bucket bag in white; Polyurethane shell; Spacious main compartment; Magnetic closure and drawstring; Adjustable shoulder strap; Bag structure: Unstructured; Interior features: No Compartments or Pockets; Exterior features: No Compartments or Pockets,drawstring bucket shoulder new day white shoulder polyurethane bucket white polyurethane shell spacious main compartment magnetic drawstring shoulder structure unstructured interior exterior,bucket,unknown,,bucket – small group – Mid
A New Day,3.0,Woven crossbody clutch bag with chain strap handle; Polyurethane shell; Hardside bag structure; No interior or exterior compartments; Clasp closure; 22.83in max. strap length; 4.53in H 8.66in W x 1.97in D; Bag structure: Hardside; Interior features: No Compartments or Pockets; Exterior features: No Compartments or Pockets,4.53 Inches (H) x 8.66 Inches (W) x 1.97 Inches (D),0.0,https://target.scene7.com/is/image/Target/GUEST_7a31f73e-c512-41c3-a5dd-bd1b4591b9a9?wid=1200&hei=1200&qlt=85,False,Crossbody & Messenger Bags,Polyurethane,,Woven Minaudiere Clutch Crossbody Bag - A New Day™ Black,,30.0,93719493,Woven Minaudiere Clutch Crossbody Bag - A New Day™ Black,https://www.target.com/p/woven-minaudiere-clutch-crossbody-bag-a-new-day/-/A-94097219?preselect=93719493#lnk=sametab,4.3,22,target,0,2026-02-23T16:45:36.750988,30.0,False,Woven Minaudiere Clutch Crossbody Bag - A New Day™ Black Crossbody & Messenger Bags Polyurethane Woven crossbody clutch bag with chain strap handle; Polyurethane shell; Hardside bag structure; No interior or exterior compartments; Clasp closure; 22.83in max. strap length; 4.53in H 8.66in W x 1.97in D; Bag structure: Hardside; Interior features: No Compartments or Pockets; Exterior features: No Compartments or Pockets,woven minaudiere clutch crossbody new day black crossbody messenger polyurethane woven crossbody clutch chain handle polyurethane shell hardside structure interior exterior clasp 83in max length 53in 66in 97in structure hardside interior exterior,clutch,unknown,0.06108855197966701,clutch – unknown | minaudiere clutch / interior exterior | Mid
Universal Thread,2.0,"Universal Thread crescent handbag; Features fringe detailing; Interior pocket; Made of faux suede fabric; Lightweight design; Double handles; Bag structure: Softside, Lightweight; Interior features: Zip Pocket; Exterior features: No Compartments or Pockets",8.62 Inches (H) x 11.75 Inches (W) x 3 Inches (D),0.0,https://target.scene7.com/is/image/Target/GUEST_af85a4a3-fb8d-4ce4-9f2f-51b7967a6c2a?wid=1200&hei=1200&qlt=85,False,Shoulder Bags,Polyester,,Soft Fringe Crescent Handbag - Universal Thread™ Brown,,30.0,94686078,Soft Fringe Crescent Handbag - Universal Thread™ Brown,https://www.target.com/p/soft-fringe-crescent-handbag-universal-thread/-/A-94686073?preselect=94686078#lnk=sametab,4.2,31,target,0,2026-02-23T16:45:36.750988,30.0,False,"Soft Fringe Crescent Handbag - Universal Thread™ Brown Shoulder Bags Polyester Universal Thread crescent handbag; Features fringe detailing; Interior pocket; Made of faux suede fabric; Lightweight design; Double handles; Bag structure: Softside, Lightweight; Interior features: Zip Pocket; Exterior features: No Compartments or Pockets",soft fringe crescent universal thread brown shoulder polyester universal thread crescent fringe detailing interior faux suede fabric lightweight design double handles structure softside lightweight interior exterior,shoulder,unknown,0.02078770549093766,shoulder – unknown | faux suede / tan shoulder | Mid
A New Day,,"Belted satchel handbag in black; Woven polyurethane fabric; Unstructured; Accessories and zip pocket; Zip closure; Double top handles; Adjustable shoulder strap; Bag structure: Unstructured; Interior features: Accessories Pocket, Zip Pocket; Exterior features: Detachable Straps, No Compartments or Pockets, Adjustable Shoulder Strap",9.75 Inches (H) x 16 Inches (W) x 5.5 Inches (D),0.0,https://target.scene7.com/is/image/Target/GUEST_6a728068-0f5f-4b15-bdb8-c51390872b6a?wid=1200&hei=1200&qlt=85,False,Satchels,Polyurethane,,Belted Satchel Handbag - A New Day™ Black,,35.0,94439816,Belted Satchel Handbag - A New Day™ Black,https://www.target.com/p/belted-satchel-handbag-a-new-day-8482-black/-/A-94439816#lnk=sametab,3.7,10,target,1,2026-02-23T16:45:36.750988,35.0,False,"Belted Satchel Handbag - A New Day™ Black Satchels Polyurethane Belted satchel handbag in black; Woven polyurethane fabric; Unstructured; Accessories and zip pocket; Zip closure; Double top handles; Adjustable shoulder strap; Bag structure: Unstructured; Interior features: Accessories Pocket, Zip Pocket; Exterior features: Detachable Straps, No Compartments or Pockets, Adjustable Shoulder Strap",belted satchel new day black satchels polyurethane belted satchel black woven polyurethane fabric unstructured double top handles shoulder structure unstructured interior exterior detachable straps shoulder,satchel,unknown,0.06271342895513957,satchel – unknown | belted satchel / satchel new day | Mid
A New Day,,Bag structure: Unstructured; Interior features: No Compartments or Pockets; Exterior features: No Compartments or Pockets,12 Inches (H) x 24.5 Inches (W) x 5.5 Inches (D),0.0,https://target.scene7.com/is/image/Target/GUEST_f2846fae-28fe-469c-bc06-f9de4cbc96d8?wid=1200&hei=1200&qlt=85,False,Shoulder Bags,Paper Straw,,Straw Ruffle Crochet Fan Tote Bag - A New Day™ Natural,,40.0,94780356,Straw Ruffle Crochet Fan Tote Bag - A New Day™ Natural,https://www.target.com/p/straw-ruffle-crochet-fan-tote-bag-a-new-day-8482-natural/-/A-94780356#lnk=sametab,5.0,1,target,1,2026-02-23T16:45:36.750988,40.0,False,Straw Ruffle Crochet Fan Tote Bag - A New Day™ Natural Shoulder Bags Paper Straw Bag structure: Unstructured; Interior features: No Compartments or Pockets; Exterior features: No Compartments or Pockets,straw ruffle crochet fan tote new day natural shoulder paper straw structure unstructured interior exterior,tote,straw,-0.011392759094398826,tote – unknown | universal thread / interior exterior | Mid
Universal Thread,3.0,Universal Thread curved shoulder bag; Vinyl fabric; Unstructured; Magnetic closure; Single carrying handle; Bag structure: Unstructured; Interior features: No Compartments or Pockets; Exterior features: No Compartments or Pockets,10.5 Inches (H) x 11 Inches (W) x 2.5 Inches (D),35.0,https://target.scene7.com/is/image/Target/GUEST_269a5799-f51b-4430-bcaa-bf02687b6ccf?wid=1200&hei=1200&qlt=85,True,Shoulder Bags,Polyurethane,,Curved Shoulder Bag - Universal Thread™ Black,25.0,16.25,94440032,Curved Shoulder Bag - Universal Thread™ Black,https://www.target.com/p/curved-shoulder-bag-universal-thread/-/A-94594861?preselect=94440032#lnk=sametab,4.5,32,target,1,2026-02-23T16:45:36.750988,16.25,True,Curved Shoulder Bag - Universal Thread™ Black Shoulder Bags Polyurethane Universal Thread curved shoulder bag; Vinyl fabric; Unstructured; Magnetic closure; Single carrying handle; Bag structure: Unstructured; Interior features: No Compartments or Pockets; Exterior features: No Compartments or Pockets,curved shoulder universal thread black shoulder polyurethane universal thread curved shoulder vinyl fabric unstructured magnetic single carrying handle structure unstructured interior exterior,shoulder,unknown,0.02078770549093766,shoulder – unknown | flap shoulder / fabric unstructured | Entry
A New Day,2.0,Unstructured handbag; Gathered detailing; Woven design; Single handle; Bag structure: Unstructured; Interior features: No Compartments or Pockets; Exterior features: No Compartments or Pockets,7 Inches (H) x 9 Inches (W) x 4.75 Inches (D),25.0,https://target.scene7.com/is/image/Target/GUEST_8f4f99f9-ba8c-49b0-aa3d-6cf9b88112dd?wid=1200&hei=1200&qlt=85,True,Handbags & Purses,Polyurethane,,Gathered Bracelet Handbag - A New Day™ Black,20.0,15.0,94439807,Gathered Bracelet Handbag - A New Day™ Black,https://www.target.com/p/gathered-bracelet-handbag-a-new-day/-/A-94594849?preselect=94439807#lnk=sametab,4.7,27,target,0,2026-02-23T16:45:36.750988,15.0,True,Gathered Bracelet Handbag - A New Day™ Black Handbags & Purses Polyurethane Unstructured handbag; Gathered detailing; Woven design; Single handle; Bag structure: Unstructured; Interior features: No Compartments or Pockets; Exterior features: No Compartments or Pockets,gathered bracelet new day black polyurethane unstructured gathered detailing woven design single handle structure unstructured interior exterior,other,unknown,,other – small group – Entry
Universal Thread,3.0,Universal Thread mini bucket crossbody handbag; Faux-leather fabric; Spacious interior with magnetic closure; Carrying handle; Removable strap; Unstructured design; Bag structure: Unstructured; Interior features: No Compartments or Pockets; Exterior features: No Compartments or Pockets,7.25 Inches (H) x 8.75 Inches (W) x 3 Inches (D),0.0,https://target.scene7.com/is/image/Target/GUEST_6e0a1afb-c350-4a2e-bc4c-10eaf8c469c5?wid=1200&hei=1200&qlt=85,False,Crossbody & Messenger Bags,Polyester,,Studded Handle Mini Bucket Crossbody Handbag - Universal Thread™ Brown,,25.0,94780199,Studded Handle Mini Bucket Crossbody Handbag - Universal Thread™ Brown,https://www.target.com/p/handle-mini-bucket-crossbody-handbag-universal-thread/-/A-94810394?preselect=94780199#lnk=sametab,5.0,1,target,0,2026-02-23T16:45:36.750988,25.0,False,Studded Handle Mini Bucket Crossbody Handbag - Universal Thread™ Brown Crossbody & Messenger Bags Polyester Universal Thread mini bucket crossbody handbag; Faux-leather fabric; Spacious interior with magnetic closure; Carrying handle; Removable strap; Unstructured design; Bag structure: Unstructured; Interior features: No Compartments or Pockets; Exterior features: No Compartments or Pockets,studded handle mini bucket crossbody universal thread brown crossbody messenger polyester universal thread mini bucket crossbody faux leather fabric spacious interior magnetic carrying handle removable unstructured design structure unstructured interior exterior,bucket,leather,,bucket – small group – Mid
A New Day,,Bag structure: Unstructured; Interior features: No Compartments or Pockets; Exterior features: No Compartments or Pockets,10.5 Inches (H) x 8.5 Inches (W) x 5.5 Inches (D),0.0,https://target.scene7.com/is/image/Target/GUEST_0136068a-4b2b-4fc0-8c6d-6183f4f46901?wid=1200&hei=1200&qlt=85,False,Shoulder Bags,Paper,,Straw Floral Embroidered Bucket Top Handle Bag - A New Day™ Natural,,30.0,94747208,Straw Floral Embroidered Bucket Top Handle Bag - A New Day™ Natural,https://www.target.com/p/straw-floral-embroidered-bucket-top-handle-bag-a-new-day-8482-natural/-/A-94747208#lnk=sametab,0.0,0,target,0,2026-02-23T16:45:36.750988,30.0,False,Straw Floral Embroidered Bucket Top Handle Bag - A New Day™ Natural Shoulder Bags Paper Bag structure: Unstructured; Interior features: No Compartments or Pockets; Exterior features: No Compartments or Pockets,straw floral embroidered bucket top handle new day natural shoulder paper structure unstructured interior exterior,bucket,straw,,bucket – small group – Mid
A New Day,,Embellished flap shoulder bag; Black hue; Made from polyester velvet fabric; Single handle; Flap closure; Unstructured; Bag structure: Unstructured; Interior features: No Compartments or Pockets; Exterior features: No Compartments or Pockets,5.59 Inches (H) x 9.76 Inches (W) x 2.16 Inches (D),20.0,https://target.scene7.com/is/image/Target/GUEST_35d010bb-faf4-48ce-89ac-28f2279b201e?wid=1200&hei=1200&qlt=85,True,Shoulder Bags,Polyester,,Embellished Flap Shoulder Bag - A New Day™ Black,35.0,28.0,94687144,Embellished Flap Shoulder Bag - A New Day™ Black,https://www.target.com/p/embellished-flap-shoulder-bag-a-new-day-8482-black/-/A-94687144#lnk=sametab,4.7,20,target,1,2026-02-23T16:45:36.750988,28.0,True,Embellished Flap Shoulder Bag - A New Day™ Black Shoulder Bags Polyester Embellished flap shoulder bag; Black hue; Made from polyester velvet fabric; Single handle; Flap closure; Unstructured; Bag structure: Unstructured; Interior features: No Compartments or Pockets; Exterior features: No Compartments or Pockets,embellished flap shoulder new day black shoulder polyester embellished flap shoulder black hue polyester velvet fabric single handle flap unstructured structure unstructured interior exterior,shoulder,unknown,0.02078770549093766,shoulder – unknown | flap shoulder / fabric unstructured | Entry
Universal Thread,,Bag structure: Structured; Interior features: No Compartments or Pockets; Exterior features: No Compartments or Pockets,7.1 Inches (H) x 6.3 Inches (W) x 5 Inches (D),0.0,https://target.scene7.com/is/image/Target/GUEST_32bda9ef-1e0d-46ff-9cce-21380d955c2e?wid=1200&hei=1200&qlt=85,False,Shoulder Bags,Paper,,Straw Drawstring Bucket Handbag - Universal Thread™ Natural,,25.0,94755266,Straw Drawstring Bucket Handbag - Universal Thread™ Natural,https://www.target.com/p/straw-drawstring-bucket-handbag-universal-thread-8482-natural/-/A-94755266#lnk=sametab,5.0,3,target,0,2026-02-23T16:45:31.455708,25.0,False,Straw Drawstring Bucket Handbag - Universal Thread™ Natural Shoulder Bags Paper Bag structure: Structured; Interior features: No Compartments or Pockets; Exterior features: No Compartments or Pockets,straw drawstring bucket universal thread natural shoulder paper structure structured interior exterior,bucket,straw,,bucket – small group – Mid
Universal Thread,1.0,Universal Thread sling crossbody bag; Features interior pocket; Zipper closure; Removable strap; Bag structure: Unstructured; Interior features: Zip Pocket; Exterior features: Detachable Straps,7 Inches (H) x 14.5 Inches (W) x 3.25 Inches (D),35.0,https://target.scene7.com/is/image/Target/GUEST_629a321d-e79b-45b9-92b9-818e3fffab69?wid=1200&hei=1200&qlt=85,True,Crossbody & Messenger Bags,Polyurethane,,"Essential Sling Crossbody Bag - Universal Thread™ Off-White: Detachable Strap, 45.5"" Max Length",20.0,13.0,92450026,"Essential Sling Crossbody Bag - Universal Thread™ Off-White: Detachable Strap, 45.5"" Max Length",https://www.target.com/p/elevated-sling-crossbody-bag-universal-thread/-/A-92750859?preselect=92450026#lnk=sametab,4.4,51,target,4,2026-02-23T16:45:31.455708,13.0,True,"Essential Sling Crossbody Bag - Universal Thread™ Off-White: Detachable Strap, 45.5"" Max Length Crossbody & Messenger Bags Polyurethane Universal Thread sling crossbody bag; Features interior pocket; Zipper closure; Removable strap; Bag structure: Unstructured; Interior features: Zip Pocket; Exterior features: Detachable Straps",essential sling crossbody universal thread off white detachable max length crossbody messenger polyurethane universal thread sling crossbody interior zipper removable structure unstructured interior exterior detachable straps,crossbody,unknown,-0.018921649570236516,crossbody – unknown | universal thread / interior exterior | Entry
A New Day,,Bag structure: Unstructured; Interior features: No Compartments or Pockets; Exterior features: No Compartments or Pockets,16.5 Inches (H) x 12.75 Inches (W) x 2 Inches (D),0.0,https://target.scene7.com/is/image/Target/GUEST_16569acb-158d-4552-9846-3a8fd78352d6?wid=1200&hei=1200&qlt=85,False,Shoulder Bags,Paper,,Straw Oval Shoulder Bag - A New Day™ Tan,,30.0,94742368,Straw Oval Shoulder Bag - A New Day™ Tan,https://www.target.com/p/straw-oval-shoulder-bag-a-new-day-8482-tan/-/A-94742368#lnk=sametab,0.0,0,target,0,2026-02-23T16:45:31.455708,30.0,False,Straw Oval Shoulder Bag - A New Day™ Tan Shoulder Bags Paper Bag structure: Unstructured; Interior features: No Compartments or Pockets; Exterior features: No Compartments or Pockets,straw oval shoulder new day tan shoulder paper structure unstructured interior exterior,shoulder,straw,0.02078770549093766,shoulder – unknown | faux suede / tan shoulder | Mid
A New Day,3.0,"Foldover clutch; Polyurethane vinyl fabric; Unstructured; Interior zipper pocket; Detachable metal chain; Magnetic closure; Bag structure: Unstructured; Interior features: Zip Pocket; Exterior features: No Compartments or Pockets, Detachable Straps",7 Inches (H) x 11.25 Inches (W) x 3.25 Inches (D),0.0,https://target.scene7.com/is/image/Target/GUEST_83dc0297-00ca-464f-b596-d57a1e87f6de?wid=1200&hei=1200&qlt=85,False,Clutches,Polyurethane,,Woven Fold Over Clutch - A New Day™ Off-White,,25.0,94780331,Woven Fold Over Clutch - A New Day™ Off-White,https://www.target.com/p/fold-over-clutch-a-new-day/-/A-94810412?preselect=94780331#lnk=sametab,5.0,1,target,0,2026-02-23T16:45:31.455708,25.0,False,"Woven Fold Over Clutch - A New Day™ Off-White Clutches Polyurethane Foldover clutch; Polyurethane vinyl fabric; Unstructured; Interior zipper pocket; Detachable metal chain; Magnetic closure; Bag structure: Unstructured; Interior features: Zip Pocket; Exterior features: No Compartments or Pockets, Detachable Straps",woven fold over clutch new day off white clutches polyurethane foldover clutch polyurethane vinyl fabric unstructured interior zipper detachable metal chain magnetic structure unstructured interior exterior detachable straps,clutch,unknown,0.06108855197966701,clutch – unknown | minaudiere clutch / interior exterior | Mid
A New Day,,Organic minaudiere clutch; Acrylic fabric; Hardside; Snap closure; Removable chain strap handle; Bag structure: Hardside; Interior features: No Compartments or Pockets; Exterior features: No Compartments or Pockets,4.33 Inches (H) x 8.66 Inches (W) x 2.95 Inches (D),0.0,https://target.scene7.com/is/image/Target/GUEST_434f0c63-651b-4a09-918e-3dba35c7da99?wid=1200&hei=1200&qlt=85,False,Clutches,Acrylic,,Organic Minaudiere Clutch - A New Day™ Black/Gold,,35.0,94451127,Organic Minaudiere Clutch - A New Day™ Black/Gold,https://www.target.com/p/organic-minaudiere-clutch-a-new-day-8482-black-gold/-/A-94451127#lnk=sametab,5.0,4,target,0,2026-02-23T16:45:31.455708,35.0,False,Organic Minaudiere Clutch - A New Day™ Black/Gold Clutches Acrylic Organic minaudiere clutch; Acrylic fabric; Hardside; Snap closure; Removable chain strap handle; Bag structure: Hardside; Interior features: No Compartments or Pockets; Exterior features: No Compartments or Pockets,organic minaudiere clutch new day black gold clutches acrylic organic minaudiere clutch acrylic fabric hardside snap removable chain handle structure hardside interior exterior,clutch,unknown,0.06108855197966701,clutch – unknown | minaudiere clutch / interior exterior | Mid
A New Day,,Minaudiere clutch crossbody bag; Leopard pattern; Polyester woven fabric; Hardside; Latch closure; Removable chain strap handle; Bag structure: Hardside; Interior features: No Compartments or Pockets; Exterior features: No Compartments or Pockets,4.53 Inches (H) x 8.66 Inches (W) x 1.97 Inches (D),0.0,https://target.scene7.com/is/image/Target/GUEST_eceed7b1-d812-494f-99c8-2853bd7a4657?wid=1200&hei=1200&qlt=85,False,Clutches,Polyester,,Minaudiere Clutch Crossbody Bag - A New Day™ Leopard,,30.0,94451126,Minaudiere Clutch Crossbody Bag - A New Day™ Leopard,https://www.target.com/p/minaudiere-clutch-crossbody-bag-a-new-day-8482-leopard/-/A-94451126#lnk=sametab,3.9,10,target,0,2026-02-23T16:45:31.455708,30.0,False,Minaudiere Clutch Crossbody Bag - A New Day™ Leopard Clutches Polyester Minaudiere clutch crossbody bag; Leopard pattern; Polyester woven fabric; Hardside; Latch closure; Removable chain strap handle; Bag structure: Hardside; Interior features: No Compartments or Pockets; Exterior features: No Compartments or Pockets,minaudiere clutch crossbody new day leopard clutches polyester minaudiere clutch crossbody leopard pattern polyester woven fabric hardside latch removable chain handle structure hardside interior exterior,clutch,unknown,0.06108855197966701,clutch – unknown | minaudiere clutch / interior exterior | Mid
Universal Thread,1.0,Crescent sling bag; Features interior pocket; Zipper closure; Lightweight design; Adjustable strap; Bag structure: Lightweight; Interior features: Zip Pocket; Exterior features: No Compartments or Pockets,7.08 Inches (H) x 10.98 Inches (W) x 3.94 Inches (D),15.0,https://target.scene7.com/is/image/Target/GUEST_a795c5c8-5059-487b-9311-c0cb5e47a1ab?wid=1200&hei=1200&qlt=85,True,Crossbody & Messenger Bags,100% Recycled Polyester,,Essential Crescent Sling Crossbody Bag - Universal Thread™ Leopard,15.0,12.75,94407650,Essential Crescent Sling Crossbody Bag - Universal Thread™ Leopard,https://www.target.com/p/elevated-crescent-sling-crossbody-bag-universal-thread/-/A-92750858?preselect=94407650#lnk=sametab,4.5,97,target,4,2026-02-23T16:45:31.455708,12.75,True,Essential Crescent Sling Crossbody Bag - Universal Thread™ Leopard Crossbody & Messenger Bags 100% Recycled Polyester Crescent sling bag; Features interior pocket; Zipper closure; Lightweight design; Adjustable strap; Bag structure: Lightweight; Interior features: Zip Pocket; Exterior features: No Compartments or Pockets,essential crescent sling crossbody universal thread leopard crossbody messenger 100 recycled polyester crescent sling interior zipper lightweight design structure lightweight interior exterior,crossbody,recycled,-0.018921649570236516,crossbody – unknown | universal thread / interior exterior | Entry
A New Day,3.0,Metal handle bag; Crescent shape; Zipper closure; Single handle; Bag structure: Unstructured; Interior features: No Compartments or Pockets; Exterior features: No Compartments or Pockets,10.25 Inches (H) x 13 Inches (W) x 3.5 Inches (D),35.0,https://target.scene7.com/is/image/Target/GUEST_f40ea3a1-34f3-438d-affd-36f22840eabd?wid=1200&hei=1200&qlt=85,True,Shoulder Bags,Metal,,Metal Handle Crescent Saddle Handbag - A New Day™ Black,30.0,19.5,94439820,Metal Handle Crescent Saddle Handbag - A New Day™ Black,https://www.target.com/p/metal-handle-crescent-handbag-a-new-day/-/A-94594850?preselect=94439820#lnk=sametab,4.6,31,target,1,2026-02-23T16:45:31.455708,19.5,True,Metal Handle Crescent Saddle Handbag - A New Day™ Black Shoulder Bags Metal Metal handle bag; Crescent shape; Zipper closure; Single handle; Bag structure: Unstructured; Interior features: No Compartments or Pockets; Exterior features: No Compartments or Pockets,metal handle crescent saddle new day black shoulder metal metal handle crescent shape zipper single handle structure unstructured interior exterior,shoulder,unknown,0.02078770549093766,shoulder – unknown | flap shoulder / fabric unstructured | Entry
Universal Thread,,"Universal Thread mini slouchy handbag; Studded detailing; Faux-suede fabric; Accessory and zip pockets; Magnetic closure; Double carrying handles; Removable chain strap handle; Bag structure: Miniature; Interior features: Zip Pocket, Credit Card Pockets; Exterior features: No Compartments or Pockets",5.33 Inches (H) x 9.25 Inches (W) x 3 Inches (D),0.0,https://target.scene7.com/is/image/Target/GUEST_ad81dbc2-5020-48d9-8846-89c2becea968?wid=1200&hei=1200&qlt=85,False,Mini Bags,Polyester,,Faux Suede Mini Studded Slouchy Chain Handbag - Universal Thread™ Tan,,30.0,94687156,Faux Suede Mini Studded Slouchy Chain Handbag - Universal Thread™ Tan,https://www.target.com/p/faux-suede-mini-studded-slouchy-chain-handbag-universal-thread-8482-tan/-/A-94687156#lnk=sametab,5.0,5,target,0,2026-02-23T16:45:31.455708,30.0,False,"Faux Suede Mini Studded Slouchy Chain Handbag - Universal Thread™ Tan Mini Bags Polyester Universal Thread mini slouchy handbag; Studded detailing; Faux-suede fabric; Accessory and zip pockets; Magnetic closure; Double carrying handles; Removable chain strap handle; Bag structure: Miniature; Interior features: Zip Pocket, Credit Card Pockets; Exterior features: No Compartments or Pockets",faux suede mini studded slouchy chain universal thread tan mini polyester universal thread mini slouchy studded detailing faux suede fabric magnetic double carrying handles removable chain handle structure miniature interior credit card exterior,mini,unknown,,mini – small group – Mid
A New Day,,Bag structure: Structured; Interior features: No Compartments or Pockets; Exterior features: No Compartments or Pockets,9 Inches (H) x 10 Inches (W) x 4 Inches (D),0.0,https://target.scene7.com/is/image/Target/GUEST_98a8e09a-3c60-4651-8a9f-52291f71352c?wid=1200&hei=1200&qlt=85,False,Clutches,Paper Straw,,Straw Caning Honey Comb Clutch - A New Day™ Natural,,40.0,94780335,Straw Caning Honey Comb Clutch - A New Day™ Natural,https://www.target.com/p/straw-caning-honey-comb-clutch-a-new-day-8482-natural/-/A-94780335#lnk=sametab,4.7,3,target,1,2026-02-23T16:45:31.455708,40.0,False,Straw Caning Honey Comb Clutch - A New Day™ Natural Clutches Paper Straw Bag structure: Structured; Interior features: No Compartments or Pockets; Exterior features: No Compartments or Pockets,straw caning honey comb clutch new day natural clutches paper straw structure structured interior exterior,clutch,straw,0.06108855197966701,clutch – unknown | kiss lock / credit card | Entry
Universal Thread,3.0,Universal Thread shoulder bag; Crescent moon shape; Interior pocket; Oversized; Zipper closure; Single handle; Bag structure: Unstructured; Interior features: Zip Pocket; Exterior features: No Compartments or Pockets,14.5 Inches (H) x 15.25 Inches (W) x 6 Inches (D),0.0,https://target.scene7.com/is/image/Target/GUEST_35c65967-cefb-47f8-859c-bb8f2ad3806f?wid=1200&hei=1200&qlt=85,False,Shoulder Bags,Polyurethane,,Oversized Crescent Shoulder Bag - Universal Thread™ Black,,35.0,94440037,Oversized Crescent Shoulder Bag - Universal Thread™ Black,https://www.target.com/p/oversized-crescent-shoulder-bag-universal-thread/-/A-94594862?preselect=94440037#lnk=sametab,4.7,19,target,3,2026-02-23T16:45:31.455708,35.0,False,Oversized Crescent Shoulder Bag - Universal Thread™ Black Shoulder Bags Polyurethane Universal Thread shoulder bag; Crescent moon shape; Interior pocket; Oversized; Zipper closure; Single handle; Bag structure: Unstructured; Interior features: Zip Pocket; Exterior features: No Compartments or Pockets,oversized crescent shoulder universal thread black shoulder polyurethane universal thread shoulder crescent moon shape interior oversized zipper single handle structure unstructured interior exterior,shoulder,unknown,0.02078770549093766,shoulder – unknown | universal thread / shoulder polyurethane | Mid
Universal Thread,1.0,Universal Thread shoulder bag; Studded design; Interior pocket; Single handle; Bag structure: Unstructured; Interior features: Zip Pocket; Exterior features: No Compartments or Pockets,6.5 Inches (H) x 11 Inches (W) x 2.75 Inches (D),0.0,https://target.scene7.com/is/image/Target/GUEST_1abda424-5859-4204-8797-29363ad4ad1a?wid=1200&hei=1200&qlt=85,False,Shoulder Bags,Polyurethane,,Studded Shoulder Bag - Universal Thread™ Brown,,25.0,94284333,Studded Shoulder Bag - Universal Thread™ Brown,https://www.target.com/p/studded-shoulder-bag-universal-thread/-/A-94492254?preselect=94284333#lnk=sametab,4.7,42,target,3,2026-02-23T16:45:31.455708,25.0,False,Studded Shoulder Bag - Universal Thread™ Brown Shoulder Bags Polyurethane Universal Thread shoulder bag; Studded design; Interior pocket; Single handle; Bag structure: Unstructured; Interior features: Zip Pocket; Exterior features: No Compartments or Pockets,studded shoulder universal thread brown shoulder polyurethane universal thread shoulder studded design interior single handle structure unstructured interior exterior,shoulder,unknown,0.02078770549093766,shoulder – unknown | universal thread / shoulder polyurethane | Mid
Shade & Shore,3.0,Open tote handbag; Clear brown design; Plastic construction; Double handles; Bag structure: Unstructured; Interior features: No Compartments or Pockets; Exterior features: No Compartments or Pockets,13 Inches (H) x 20.4 Inches (W) x 7.9 Inches (D),0.0,https://target.scene7.com/is/image/Target/GUEST_367280eb-3f03-4625-8681-04326aa89a1e?wid=1200&hei=1200&qlt=85,False,Beach Bags,TPU (Thermoplastic Polyurethane),,"Wipeable Tote Handbag - Shade & Shore™ Black: Double Handle, TPU Material, Solid Pattern, Unstructured Design",,25.0,92157982,"Wipeable Tote Handbag - Shade & Shore™ Black: Double Handle, TPU Material, Solid Pattern, Unstructured Design",https://www.target.com/p/tpu-clear-tote-handbag-shade-shore/-/A-92519178?preselect=92157982#lnk=sametab,4.8,95,target,1,2026-02-23T16:45:31.455708,25.0,False,"Wipeable Tote Handbag - Shade & Shore™ Black: Double Handle, TPU Material, Solid Pattern, Unstructured Design Beach Bags TPU (Thermoplastic Polyurethane) Open tote handbag; Clear brown design; Plastic construction; Double handles; Bag structure: Unstructured; Interior features: No Compartments or Pockets; Exterior features: No Compartments or Pockets",wipeable tote shade shore black double handle tpu material solid pattern unstructured design beach tpu thermoplastic polyurethane open tote clear brown design plastic construction double handles structure unstructured interior exterior,tote,unknown,-0.011392759094398826,tote – unknown | universal thread / interior exterior | Mid
Wild Fable,5.0,"Crossbody mini tote bag; Main compartment with interior and exterior pockets; Zipper closure; Adjustable shoulder strap and double handles; Bag structure: Miniature, Structured; Interior features: No Compartments or Pockets; Exterior features: Detachable Straps, No Compartments or Pockets",6.12 Inches (H) x 7 Inches (W) x 2.38 Inches (D),0.0,https://target.scene7.com/is/image/Target/GUEST_1578bc2b-a2bb-4b47-a1a3-d8ae996916be?wid=1200&hei=1200&qlt=85,False,Crossbody & Messenger Bags,PVC (Polyvinyl Chloride),,"Mini Tote Crossbody Bag - Wild Fable™ Black/Clear: Structured Faux Leather Handbag, Adjustable Strap",,18.0,89935529,"Mini Tote Crossbody Bag - Wild Fable™ Black/Clear: Structured Faux Leather Handbag, Adjustable Strap",https://www.target.com/p/mini-tote-crossbody-bag-wild-fable/-/A-89490171?preselect=89935529#lnk=sametab,4.5,157,target,4,2026-02-23T16:45:31.455708,18.0,False,"Mini Tote Crossbody Bag - Wild Fable™ Black/Clear: Structured Faux Leather Handbag, Adjustable Strap Crossbody & Messenger Bags PVC (Polyvinyl Chloride) Crossbody mini tote bag; Main compartment with interior and exterior pockets; Zipper closure; Adjustable shoulder strap and double handles; Bag structure: Miniature, Structured; Interior features: No Compartments or Pockets; Exterior features: Detachable Straps, No Compartments or Pockets",mini tote crossbody black clear structured faux leather crossbody messenger pvc polyvinyl chloride crossbody mini tote main compartment interior exterior zipper shoulder double handles structure miniature structured interior exterior detachable straps,tote,leather,-0.011392759094398826,tote – single
Universal Thread,1.0,Universal Thread 2pk travel bag pouches; Varying sizes and prints; Made of canvas; Zipper closures; Bag structure: Pouch; Interior features: No Compartments or Pockets; Exterior features: No Compartments or Pockets,7 Inches (H) x 10.25 Inches (W) x 3.25 Inches (D),15.0,https://target.scene7.com/is/image/Target/GUEST_16550e9b-2dab-42d6-9828-7deb6787ca3b?wid=1200&hei=1200&qlt=85,True,Clutches,TPU (Thermoplastic Polyurethane),,"Travel Bag Pouch System - Universal Thread™ Clear: Solid TPU Vinyl Clutch, Zip Closure, 10.25"" x 7"" x 3.25""",15.0,12.75,92467984,"Travel Bag Pouch System - Universal Thread™ Clear: Solid TPU Vinyl Clutch, Zip Closure, 10.25"" x 7"" x 3.25""",https://www.target.com/p/travel-bag-pouch-system-universal-thread/-/A-92750867?preselect=92467984#lnk=sametab,4.8,79,target,3,2026-02-23T16:45:31.455708,12.75,True,"Travel Bag Pouch System - Universal Thread™ Clear: Solid TPU Vinyl Clutch, Zip Closure, 10.25"" x 7"" x 3.25"" Clutches TPU (Thermoplastic Polyurethane) Universal Thread 2pk travel bag pouches; Varying sizes and prints; Made of canvas; Zipper closures; Bag structure: Pouch; Interior features: No Compartments or Pockets; Exterior features: No Compartments or Pockets",travel pouch system universal thread clear solid tpu vinyl clutch clutches tpu thermoplastic polyurethane universal thread 2pk travel pouches varying sizes prints canvas zipper closures structure pouch interior exterior,accessory,canvas_cotton,0.032533576824388726,accessory – unknown | new day charms / day charms straps | Entry
A New Day,,Mini soft saddle handbag in black; Vinyl fabric; Unstructured; Zip closure; Single handle; Bag structure: Unstructured; Interior features: No Compartments or Pockets; Exterior features: No Compartments or Pockets,7.88 Inches (H) x 11.88 Inches (W) x 2.5 Inches (D),20.0,https://target.scene7.com/is/image/Target/GUEST_64195320-6e8a-4e0d-8812-e874a1b393bd?wid=1200&hei=1200&qlt=85,True,Shoulder Bags,Polyurethane,,Soft Mini Handbag - A New Day Black,25.0,20.0,94439833,Soft Mini Handbag - A New Day Black,https://www.target.com/p/mini-soft-saddle-handbag-a-new-day-8482-black/-/A-94439833#lnk=sametab,4.7,6,target,1,2026-02-23T16:45:31.455708,20.0,True,Soft Mini Handbag - A New Day Black Shoulder Bags Polyurethane Mini soft saddle handbag in black; Vinyl fabric; Unstructured; Zip closure; Single handle; Bag structure: Unstructured; Interior features: No Compartments or Pockets; Exterior features: No Compartments or Pockets,soft mini new day black shoulder polyurethane mini soft saddle black vinyl fabric unstructured single handle structure unstructured interior exterior,shoulder,unknown,0.02078770549093766,shoulder – unknown | flap shoulder / fabric unstructured | Entry
A New Day,2.0,Softside shoulder bag; Main compartment; Zipper closure; Single handle; Bag structure: Unstructured; Interior features: No Compartments or Pockets; Exterior features: No Compartments or Pockets,6.5 Inches (H) x 9.5 Inches (W) x 4 Inches (D),0.0,https://target.scene7.com/is/image/Target/GUEST_e18481d5-c4e3-4a1c-9145-d2d19bd63fea?wid=1200&hei=1200&qlt=85,False,Shoulder Bags,Polyurethane,,Soft Shoulder Bag - A New Day™ Clear,,20.0,93859763,Soft Shoulder Bag - A New Day™ Clear,https://www.target.com/p/soft-shoulder-bag-a-new-day/-/A-94097220?preselect=93859763#lnk=sametab,4.4,23,target,3,2026-02-23T16:45:31.455708,20.0,False,Soft Shoulder Bag - A New Day™ Clear Shoulder Bags Polyurethane Softside shoulder bag; Main compartment; Zipper closure; Single handle; Bag structure: Unstructured; Interior features: No Compartments or Pockets; Exterior features: No Compartments or Pockets,soft shoulder new day clear shoulder polyurethane softside shoulder main compartment zipper single handle structure unstructured interior exterior,shoulder,unknown,0.02078770549093766,shoulder – unknown | universal thread / shoulder polyurethane | Mid
A New Day,1.0,Shoulder chain strap for handbag; Features a ball chain; Metal construction; Lobster claw clasp closures,"33.5 Inches (L), .7 Inches (W)",25.0,https://target.scene7.com/is/image/Target/GUEST_cd885e9a-ed23-4d48-8dc5-e976bdcd26ba?wid=1200&hei=1200&qlt=85,True,Bag Charms & Straps,"Zinc Alloy, Iron",,"Ball Chain Shoulder Handbag Strap - A New Day™ Gold: Purse Chain Accessory, Lobster Claw Clasp, Iron & Zinc Alloy, 33.5"" Length",10.0,7.5,91676168,"Ball Chain Shoulder Handbag Strap - A New Day™ Gold: Purse Chain Accessory, Lobster Claw Clasp, Iron & Zinc Alloy, 33.5"" Length",https://www.target.com/p/ball-chain-shoulder-handbag-strap-a-new-day/-/A-91717096?preselect=91676168#lnk=sametab,4.4,24,target,1,2026-02-23T16:45:31.455708,7.5,True,"Ball Chain Shoulder Handbag Strap - A New Day™ Gold: Purse Chain Accessory, Lobster Claw Clasp, Iron & Zinc Alloy, 33.5"" Length Bag Charms & Straps Zinc Alloy, Iron Shoulder chain strap for handbag; Features a ball chain; Metal construction; Lobster claw clasp closures",ball chain shoulder new day gold chain lobster claw clasp iron zinc alloy length charms straps zinc alloy iron shoulder chain ball chain metal construction lobster claw clasp closures,shoulder,unknown,0.02078770549093766,shoulder – unknown | flap shoulder / fabric unstructured | Entry
A New Day,,Woven minaudiere clutch crossbody bag; Dark red hue; Polyurethane material; Hardside; Latch closure; Removable chain strap handle; Bag structure: Hardside; Interior features: No Compartments or Pockets; Exterior features: No Compartments or Pockets,4.53 Inches (H) x 8.66 Inches (W) x 1.97 Inches (D),0.0,https://target.scene7.com/is/image/Target/GUEST_586ea6fa-fcf8-48fd-af43-aa92eeb69200?wid=1200&hei=1200&qlt=85,False,Clutches,Polyurethane,,Woven Minaudiere Clutch Crossbody Bag - A New Day™ Dark Red,,30.0,94451125,Woven Minaudiere Clutch Crossbody Bag - A New Day™ Dark Red,https://www.target.com/p/woven-minaudiere-clutch-crossbody-bag-a-new-day-8482-dog-dark-red/-/A-94451125#lnk=sametab,2.3,3,target,0,2026-02-23T16:45:31.455708,30.0,False,Woven Minaudiere Clutch Crossbody Bag - A New Day™ Dark Red Clutches Polyurethane Woven minaudiere clutch crossbody bag; Dark red hue; Polyurethane material; Hardside; Latch closure; Removable chain strap handle; Bag structure: Hardside; Interior features: No Compartments or Pockets; Exterior features: No Compartments or Pockets,woven minaudiere clutch crossbody new day dark red clutches polyurethane woven minaudiere clutch crossbody dark red hue polyurethane material hardside latch removable chain handle structure hardside interior exterior,clutch,unknown,0.06108855197966701,clutch – unknown | minaudiere clutch / interior exterior | Mid
A New Day,,Embellished leopard flap shoulder bag; Velvet fabric; Unstructured; Flap closure; Single handle; Bag structure: Unstructured; Interior features: No Compartments or Pockets; Exterior features: No Compartments or Pockets,5.59 Inches (H) x 9.76 Inches (W) x 2.16 Inches (D),15.0,https://target.scene7.com/is/image/Target/GUEST_1583103e-9c95-4714-a476-22d18118a945?wid=1200&hei=1200&qlt=85,True,Shoulder Bags,Polyester,,Embellished Leopard Print Flap Shoulder Bag - A New Day™ Black/Brown,35.0,29.75,94687137,Embellished Leopard Print Flap Shoulder Bag - A New Day™ Black/Brown,https://www.target.com/p/embellished-leopard-print-flap-shoulder-bag-a-new-day-8482-black-brown/-/A-94687137#lnk=sametab,4.3,19,target,1,2026-02-23T16:45:31.455708,29.75,True,Embellished Leopard Print Flap Shoulder Bag - A New Day™ Black/Brown Shoulder Bags Polyester Embellished leopard flap shoulder bag; Velvet fabric; Unstructured; Flap closure; Single handle; Bag structure: Unstructured; Interior features: No Compartments or Pockets; Exterior features: No Compartments or Pockets,embellished leopard print flap shoulder new day black brown shoulder polyester embellished leopard flap shoulder velvet fabric unstructured flap single handle structure unstructured interior exterior,shoulder,unknown,0.02078770549093766,shoulder – unknown | flap shoulder / fabric unstructured | Entry
A New Day,,Bag structure: Unstructured; Interior features: No Compartments or Pockets; Exterior features: No Compartments or Pockets,12 Inches (H) x 23.5 Inches (W) x 5.5 Inches (D),0.0,https://target.scene7.com/is/image/Target/GUEST_dfbb665b-8849-4647-9432-97aba69d5463?wid=1200&hei=1200&qlt=85,False,Shoulder Bags,Paper Straw,,Straw Crochet Fan Tote Bag - A New Day™ Natural,,40.0,94780325,Straw Crochet Fan Tote Bag - A New Day™ Natural,https://www.target.com/p/straw-crochet-fan-tote-bag-a-new-day-8482-natural/-/A-94780325#lnk=sametab,4.0,1,target,1,2026-02-23T16:45:31.455708,40.0,False,Straw Crochet Fan Tote Bag - A New Day™ Natural Shoulder Bags Paper Straw Bag structure: Unstructured; Interior features: No Compartments or Pockets; Exterior features: No Compartments or Pockets,straw crochet fan tote new day natural shoulder paper straw structure unstructured interior exterior,tote,straw,-0.011392759094398826,tote – unknown | universal thread / interior exterior | Mid
Wild Fable,15.0,Pouchette crossbody bag; Transparent design; Made from vinyl; Zipper closure; Adjustable shoulder strap; Bag structure: Lightweight; Interior features: No Compartments or Pockets; Exterior features: No Compartments or Pockets,4.5 Inches (H) x 9.25 Inches (W) x 2.75 Inches (D),0.0,https://target.scene7.com/is/image/Target/GUEST_45da01e3-7dd0-4c53-a806-1a82ffbbb1d8?wid=1200&hei=1200&qlt=85,False,Crossbody & Messenger Bags,TPU (Thermoplastic Polyurethane),,Game Day Clear Pouchette Crossbody Bag - Wild Fable™ Gold,,15.0,94269201,Game Day Clear Pouchette Crossbody Bag - Wild Fable™ Gold,https://www.target.com/p/game-day-clear-pouchette-crossbody-bag-wild-fable/-/A-94425758?preselect=94269201#lnk=sametab,4.3,19,target,4,2026-02-23T16:45:31.455708,15.0,False,Game Day Clear Pouchette Crossbody Bag - Wild Fable™ Gold Crossbody & Messenger Bags TPU (Thermoplastic Polyurethane) Pouchette crossbody bag; Transparent design; Made from vinyl; Zipper closure; Adjustable shoulder strap; Bag structure: Lightweight; Interior features: No Compartments or Pockets; Exterior features: No Compartments or Pockets,game day clear pouchette crossbody gold crossbody messenger tpu thermoplastic polyurethane pouchette crossbody transparent design vinyl zipper shoulder structure lightweight interior exterior,crossbody,unknown,-0.018921649570236516,crossbody – unknown | universal thread / interior exterior | Entry
Shade & Shore,4.0,Structured tote handbag; Double tote handles; Single compartment; Open-weave design in a solid hue; Bag structure: Structured; Interior features: No Compartments or Pockets; Exterior features: No Compartments or Pockets,13 Inches (H) x 15.5 Inches (W) x 7 Inches (D),0.0,https://target.scene7.com/is/image/Target/GUEST_7e9f8ee3-0f8b-42b6-acf6-5c87e600569a?wid=1200&hei=1200&qlt=85,False,Beach Bags,Polyethylene,,Woven Cage Tote Handbag - Shade & Shore™ Pink,,30.0,89925525,Woven Cage Tote Handbag - Shade & Shore™ Pink,https://www.target.com/p/woven-cage-tote-bag-shade-shore/-/A-90073220?preselect=89925525#lnk=sametab,2.1,100,target,1,2026-02-23T16:45:31.455708,30.0,False,Woven Cage Tote Handbag - Shade & Shore™ Pink Beach Bags Polyethylene Structured tote handbag; Double tote handles; Single compartment; Open-weave design in a solid hue; Bag structure: Structured; Interior features: No Compartments or Pockets; Exterior features: No Compartments or Pockets,woven cage tote shade shore pink beach polyethylene structured tote double tote handles single compartment open weave design solid hue structure structured interior exterior,tote,unknown,-0.011392759094398826,tote – unknown | universal thread / interior exterior | Mid
Wild Fable,15.0,Clear wristlet clutch; Transparent design; Made from vinyl; Zipper closure; Detachable wrist strap; Bag structure: Lightweight; Interior features: No Compartments or Pockets; Exterior features: Detachable Handle,7 Inches (H) x 10 Inches (W) x .12 Inches (D),0.0,https://target.scene7.com/is/image/Target/GUEST_3cdc8701-1287-4c82-b347-5086f47cfe55?wid=1200&hei=1200&qlt=85,False,Clutches,TPU (Thermoplastic Polyurethane),,Game Day Clear Wristlet Clutch - Wild Fable™ Gold,,10.0,94269186,Game Day Clear Wristlet Clutch - Wild Fable™ Gold,https://www.target.com/p/game-day-clear-wristlet-clutch-wild-fable/-/A-94425757?preselect=94269186#lnk=sametab,4.7,15,target,1,2026-02-23T16:45:31.455708,10.0,False,Game Day Clear Wristlet Clutch - Wild Fable™ Gold Clutches TPU (Thermoplastic Polyurethane) Clear wristlet clutch; Transparent design; Made from vinyl; Zipper closure; Detachable wrist strap; Bag structure: Lightweight; Interior features: No Compartments or Pockets; Exterior features: Detachable Handle,game day clear wristlet clutch gold clutches tpu thermoplastic polyurethane clear wristlet clutch transparent design vinyl zipper detachable wrist structure lightweight interior exterior detachable handle,clutch,unknown,0.06108855197966701,clutch – unknown | kiss lock / credit card | Entry
Universal Thread,7.0,Universal Thread straw crochet tote handbag; Striped design; Single open compartment; Double handle; Forest Stewardship Council Certified; Bag structure: Unstructured; Interior features: No Compartments or Pockets; Exterior features: No Compartments or Pockets,15 Inches (H) x 14.5 Inches (W) x 3.5 Inches (D),0.0,https://target.scene7.com/is/image/Target/GUEST_c48a80d7-0ebc-4bad-a4d9-b1d0bd3d2875?wid=1200&hei=1200&qlt=85,False,Beach Bags,Paper,,"Crochet Tote Handbag - Universal Thread™ Blue/Green Striped Straw: Paper Shell, Double Handle, Unstructured",,25.0,89219512,"Crochet Tote Handbag - Universal Thread™ Blue/Green Striped Straw: Paper Shell, Double Handle, Unstructured",https://www.target.com/p/crochet-tote-handbag-universal-thread/-/A-89399885?preselect=89219512#lnk=sametab,4.3,67,target,3,2026-02-23T16:45:23.545904,25.0,False,"Crochet Tote Handbag - Universal Thread™ Blue/Green Striped Straw: Paper Shell, Double Handle, Unstructured Beach Bags Paper Universal Thread straw crochet tote handbag; Striped design; Single open compartment; Double handle; Forest Stewardship Council Certified; Bag structure: Unstructured; Interior features: No Compartments or Pockets; Exterior features: No Compartments or Pockets",crochet tote universal thread blue green striped straw paper shell double handle unstructured beach paper universal thread straw crochet tote striped design single open compartment double handle forest stewardship council certified structure unstructured interior exterior,tote,straw,-0.011392759094398826,tote – single
Shade & Shore,3.0,Structured tote bag; EVA material; Open main compartment; Double handle; Bag structure: Structured; Interior features: No Compartments or Pockets; Exterior features: No Compartments or Pockets,11.81 Inches (H) x 19.69 Inches (W) x 5.9 Inches (D),0.0,https://target.scene7.com/is/image/Target/GUEST_7afcc3bc-1d9a-4347-8b4a-b6a0e5a48f4e?wid=1200&hei=1200&qlt=85,False,Beach Bags,EVA (Ethylene Vinyl Acetate),,EVA Splash Tote Bag - Shade & Shore™ Cream,,40.0,94742391,EVA Splash Tote Bag - Shade & Shore™ Cream,https://www.target.com/p/eva-splash-tote-bag-shade-shore/-/A-94837567?preselect=94742391#lnk=sametab,0.0,0,target,1,2026-02-23T16:45:23.545904,40.0,False,EVA Splash Tote Bag - Shade & Shore™ Cream Beach Bags EVA (Ethylene Vinyl Acetate) Structured tote bag; EVA material; Open main compartment; Double handle; Bag structure: Structured; Interior features: No Compartments or Pockets; Exterior features: No Compartments or Pockets,eva splash tote shade shore cream beach eva ethylene vinyl acetate structured tote eva material open main compartment double handle structure structured interior exterior,tote,unknown,-0.011392759094398826,tote – unknown | universal thread / interior exterior | Mid
A New Day,5.0,Card case wallet; Multiple compartments; Made of plastic; Open closure; Interior features: No Compartments or Pockets; Exterior features: Credit Card Pockets,3.12 Inches (H) x 4.25 Inches (W) x .5 Inches (D),0.0,https://target.scene7.com/is/image/Target/GUEST_a7de67bd-7cfa-4404-be63-e9dc0e74d18d?wid=1200&hei=1200&qlt=85,False,Wallets,Polyurethane,,Basic Card Case Wallet - A New Day™ Jet Black,,5.0,94473882,Basic Card Case Wallet - A New Day™ Jet Black,https://www.target.com/p/basic-card-case-wallet-a-new-day/-/A-92710374?preselect=94473882#lnk=sametab,4.5,99,target,0,2026-02-23T16:45:23.545904,5.0,False,Basic Card Case Wallet - A New Day™ Jet Black Wallets Polyurethane Card case wallet; Multiple compartments; Made of plastic; Open closure; Interior features: No Compartments or Pockets; Exterior features: Credit Card Pockets,basic card case wallet new day jet black wallets polyurethane card case wallet multiple plastic open interior exterior credit card,other,unknown,,other – small group – Entry
Shade & Shore,1.0,Bag structure: Collapsible; Interior features: No Compartments or Pockets; Exterior features: No Compartments or Pockets,16 Inches (H) x 16 Inches (W) x 6 Inches (D),0.0,https://target.scene7.com/is/image/Target/GUEST_d442864d-aaa7-49d0-b458-180c63204261?wid=1200&hei=1200&qlt=85,False,Beach Bags,Cotton,,Netted Crochet Tote Bag - Shade & Shore™ Cream,,30.0,94871312,Netted Crochet Tote Bag - Shade & Shore™ Cream,https://www.target.com/p/netted-crochet-tote-bag-shade-shore/-/A-94898633?preselect=94871312#lnk=sametab,0.0,0,target,1,2026-02-23T16:45:23.546904,30.0,False,Netted Crochet Tote Bag - Shade & Shore™ Cream Beach Bags Cotton Bag structure: Collapsible; Interior features: No Compartments or Pockets; Exterior features: No Compartments or Pockets,netted crochet tote shade shore cream beach cotton structure collapsible interior exterior,tote,canvas_cotton,-0.011392759094398826,tote – unknown | universal thread / interior exterior | Mid
A New Day,1.0,Bag structure: Unstructured; Interior features: No Compartments or Pockets; Exterior features: No Compartments or Pockets,14.75 Inches (H) x 23 Inches (W) x 6 Inches (D),0.0,https://target.scene7.com/is/image/Target/GUEST_e6980416-127a-4b40-8760-359bb540cc5e?wid=1200&hei=1200&qlt=85,False,Shoulder Bags,Polyurethane,,Sport Mesh Net Tote Bag - A New Day™ Yellow,,25.0,94783504,Sport Mesh Net Tote Bag - A New Day™ Yellow,https://www.target.com/p/sport-mesh-net-tote-bag-a-new-day/-/A-94810399?preselect=94783504#lnk=sametab,0.0,0,target,1,2026-02-23T16:45:23.546904,25.0,False,Sport Mesh Net Tote Bag - A New Day™ Yellow Shoulder Bags Polyurethane Bag structure: Unstructured; Interior features: No Compartments or Pockets; Exterior features: No Compartments or Pockets,sport mesh net tote new day yellow shoulder polyurethane structure unstructured interior exterior,tote,unknown,-0.011392759094398826,tote – unknown | universal thread / interior exterior | Mid
A New Day,1.0,,4.62 Inches (H) x 8.62 Inches (W) x 4.88 Inches (D),0.0,https://target.scene7.com/is/image/Target/GUEST_3427b75e-e65c-4c2f-9844-c3f31270b14f?wid=1200&hei=1200&qlt=85,False,Handbags & Purses,,,Travel Zip Pouch Set 2pc - A New Day™ Pink,,20.0,94783499,Travel Zip Pouch Set 2pc - A New Day™ Pink,https://www.target.com/p/travel-zip-pouch-set-2pc-a-new-day/-/A-94810398?preselect=94783499#lnk=sametab,0.0,0,target,1,2026-02-23T16:45:23.546904,20.0,False,Travel Zip Pouch Set 2pc - A New Day™ Pink Handbags & Purses,travel pouch set 2pc new day pink,accessory,unknown,0.032533576824388726,accessory – unknown | straps acrylic / charms straps acrylic | Entry
A New Day,,Valentine's day dinner bag charm; Made of metal; Lobster claw clasp closure; 5.4in L x 2.58in W; Suitable for ages 15+,"5.4 Inches (L), 2.58 Inches (W)",15.0,https://target.scene7.com/is/image/Target/GUEST_cb89f75e-d6fd-4d20-9af9-f9a55c8cd1f9?wid=1200&hei=1200&qlt=85,True,Bag Charms & Straps,Zinc Alloy,,Valentine's Day Girl Dinner Bag Charm - A New Day™ Pink/Black,10.0,8.5,94778646,Valentine's Day Girl Dinner Bag Charm - A New Day™ Pink/Black,https://www.target.com/p/valentine-39-s-day-girl-dinner-bag-charm-a-new-day-8482/-/A-94778646#lnk=sametab,5.0,3,target,5,2026-02-23T16:45:23.546904,8.5,True,Valentine's Day Girl Dinner Bag Charm - A New Day™ Pink/Black Bag Charms & Straps Zinc Alloy Valentine's day dinner bag charm; Made of metal; Lobster claw clasp closure; 5.4in L x 2.58in W; Suitable for ages 15+,valentine day girl dinner charm new day pink black charms straps zinc alloy valentine day dinner charm metal lobster claw clasp 4in 58in suitable ages,accessory,unknown,0.032533576824388726,accessory – single
A New Day,,Valentine's Day Press for Champagne & sweets bag charm; Made of metal; Lobster claw clasp closure; 6.89in L x 1.42in W; Suitable for ages 15+,"6.89 Inches (L), 1.42 Inches (W)",15.0,https://target.scene7.com/is/image/Target/GUEST_6b77dfbe-baad-43b7-9966-3df304b17567?wid=1200&hei=1200&qlt=85,True,Bag Charms & Straps,Zinc Alloy,,Valentine's Day Press for Champagne & Sweets Bag Charm - A New Day™ Pink/Gold,10.0,8.5,94778644,Valentine's Day Press for Champagne & Sweets Bag Charm - A New Day™ Pink/Gold,https://www.target.com/p/valentine-39-s-day-press-for-champagne-38-sweets-bag-charm-a-new-day-8482/-/A-94778644#lnk=sametab,4.7,6,target,3,2026-02-23T16:45:23.546904,8.5,True,Valentine's Day Press for Champagne & Sweets Bag Charm - A New Day™ Pink/Gold Bag Charms & Straps Zinc Alloy Valentine's Day Press for Champagne & sweets bag charm; Made of metal; Lobster claw clasp closure; 6.89in L x 1.42in W; Suitable for ages 15+,valentine day press champagne sweets charm new day pink gold charms straps zinc alloy valentine day press champagne sweets charm metal lobster claw clasp 89in 42in suitable ages,accessory,unknown,0.032533576824388726,accessory – unknown | new day charms / day charms straps | Entry
A New Day,14.0,"Small wallet; Faux-leather design; Interior zip pocket and credit card pocket; Zipper closure; Interior features: Coin Purse, Credit Card Pockets; Exterior features: No Compartments or Pockets",3.5 Inches (H) x 4.38 Inches (W) x 1 Inches (D),0.0,https://target.scene7.com/is/image/Target/GUEST_274828bd-e94d-4c6d-b8ea-8f35a2ee3885?wid=1200&hei=1200&qlt=85,False,Wallets,Polyurethane,,"Small Zip Wallet - A New Day™ Smooth Black:  Shell, Solid Pattern, 3.5"" Height, 4.375"" Width",,10.0,89538831,"Small Zip Wallet - A New Day™ Smooth Black:  Shell, Solid Pattern, 3.5"" Height, 4.375"" Width",https://www.target.com/p/small-zip-wallet-a-new-day/-/A-85793665?preselect=89538831#lnk=sametab,4.5,744,target,3,2026-02-23T16:45:23.546904,10.0,False,"Small Zip Wallet - A New Day™ Smooth Black:  Shell, Solid Pattern, 3.5"" Height, 4.375"" Width Wallets Polyurethane Small wallet; Faux-leather design; Interior zip pocket and credit card pocket; Zipper closure; Interior features: Coin Purse, Credit Card Pockets; Exterior features: No Compartments or Pockets",small wallet new day smooth black shell solid pattern height 375 width wallets polyurethane small wallet faux leather design interior credit card zipper interior coin credit card exterior,accessory,leather,0.032533576824388726,accessory – unknown | new day charms / day charms straps | Entry
Universal Thread,2.0,"Universal Thread puffer backpack; 100% recycled polyester shell; Zippered main compartment; Sleeve fits up to 11in laptop; Exterior zipper pocket; Side pockets with clip-on closure; Adjustable shoulder straps and top loop; 16.6ltr capacity; Bag structure: Lightweight; Interior features: Zip Pocket, Laptop Sleeve; Exterior features: Side Pockets, Zip Pocket",15 Inches (H) x 5.75 Inches (W) x 11.75 Inches (D),0.0,https://target.scene7.com/is/image/Target/GUEST_00d1e281-bc59-467e-82b4-1d00b2fca76d?wid=1200&hei=1200&qlt=85,False,Fashion Backpacks,100% Recycled Polyester,,Puffer Backpack - Universal Thread™ Black,,40.0,94780220,Puffer Backpack - Universal Thread™ Black,https://www.target.com/p/puffer-backpack-universal-thread/-/A-94810389?preselect=94780220#lnk=sametab,4.2,5,target,0,2026-02-23T16:45:23.546904,40.0,False,"Puffer Backpack - Universal Thread™ Black Fashion Backpacks 100% Recycled Polyester Universal Thread puffer backpack; 100% recycled polyester shell; Zippered main compartment; Sleeve fits up to 11in laptop; Exterior zipper pocket; Side pockets with clip-on closure; Adjustable shoulder straps and top loop; 16.6ltr capacity; Bag structure: Lightweight; Interior features: Zip Pocket, Laptop Sleeve; Exterior features: Side Pockets, Zip Pocket",puffer backpack universal thread black fashion backpacks 100 recycled polyester universal thread puffer backpack 100 recycled polyester shell zippered main compartment sleeve fits 11in laptop exterior zipper side clip shoulder straps top loop 6ltr capacity structure lightweight interior laptop sleeve exterior side,backpack,recycled,,backpack – small group – Mid
Wild Fable,,"Mini backpack; Dome shape; Clear design; Top handle and double straps; Bag structure: Dome, Miniature; Interior features: Zip Pocket; Exterior features: Front Zip Pocket",10.5 Inches (H) x 9 Inches (W) x 4 Inches (D),0.0,https://target.scene7.com/is/image/Target/GUEST_a7b72904-12f3-4441-a72b-0c9115cf0813?wid=1200&hei=1200&qlt=85,False,Fashion Backpacks,PVC (Polyvinyl Chloride),,"10.5"" Mini Dome Backpack - Wild Fable™ Clear: College Use, Zip Closure",,20.0,87712183,"10.5"" Mini Dome Backpack - Wild Fable™ Clear: College Use, Zip Closure",https://www.target.com/p/10-5-34-mini-dome-backpack-wild-fable-8482-clear/-/A-87712183#lnk=sametab,4.6,353,target,0,2026-02-23T16:45:23.546904,20.0,False,"10.5"" Mini Dome Backpack - Wild Fable™ Clear: College Use, Zip Closure Fashion Backpacks PVC (Polyvinyl Chloride) Mini backpack; Dome shape; Clear design; Top handle and double straps; Bag structure: Dome, Miniature; Interior features: Zip Pocket; Exterior features: Front Zip Pocket",mini dome backpack clear college use fashion backpacks pvc polyvinyl chloride mini backpack dome shape clear design top handle double straps structure dome miniature interior exterior front,backpack,unknown,,backpack – small group – Mid
A New Day,10.0,"Large card case; Features an L shape; 3 card slots; Zipper closure; Attached ""O"" ring; Interior features: Credit Card Pockets; Exterior features: Credit Card Pockets",3.25 Inches (H) x 5 Inches (W) x .62 Inches (D),0.0,https://target.scene7.com/is/image/Target/GUEST_f6e59526-cfba-4788-a827-abbe90db1970?wid=1200&hei=1200&qlt=85,False,Wallets,Polyurethane,,L-Zip Card Case - A New Day™ Black: Solid Wallet,,8.0,89457633,L-Zip Card Case - A New Day™ Black: Solid Wallet,https://www.target.com/p/l-zip-card-case-a-new-day/-/A-89489967?preselect=89457633#lnk=sametab,4.6,406,target,0,2026-02-23T16:45:23.546904,8.0,False,"L-Zip Card Case - A New Day™ Black: Solid Wallet Wallets Polyurethane Large card case; Features an L shape; 3 card slots; Zipper closure; Attached ""O"" ring; Interior features: Credit Card Pockets; Exterior features: Credit Card Pockets",card case new day black solid wallet wallets polyurethane large card case shape card slots zipper attached ring interior credit card exterior credit card,other,unknown,,other – small group – Entry
A New Day,,White mini handbag strap; Made of white faux-pearl string; Handheld style; Lobster claw clasps; 11in L; Spot or wipe clean; Bag structure: Miniature,"11.4 Inches (L), .7 Inches (W)",0.0,https://target.scene7.com/is/image/Target/GUEST_13afe551-f195-461d-b8ed-4e0c2be9108b?wid=1200&hei=1200&qlt=85,False,Bag Charms & Straps,"Zinc Alloy, Acrylic",,Handheld Mini Handbag Strap - A New Day™ White: Solid Acrylic & Zinc Alloy Bag Accessory with Lobster Claw Clasp,,5.0,88889008,Handheld Mini Handbag Strap - A New Day™ White: Solid Acrylic & Zinc Alloy Bag Accessory with Lobster Claw Clasp,https://www.target.com/p/handheld-mini-handbag-strap-a-new-day-8482-white/-/A-88889008#lnk=sametab,4.1,147,target,0,2026-02-23T16:45:23.546904,5.0,False,"Handheld Mini Handbag Strap - A New Day™ White: Solid Acrylic & Zinc Alloy Bag Accessory with Lobster Claw Clasp Bag Charms & Straps Zinc Alloy, Acrylic White mini handbag strap; Made of white faux-pearl string; Handheld style; Lobster claw clasps; 11in L; Spot or wipe clean; Bag structure: Miniature",handheld mini new day white solid acrylic zinc alloy lobster claw clasp charms straps zinc alloy acrylic white mini white faux pearl string handheld style lobster claw clasps 11in spot wipe clean structure miniature,mini,unknown,,mini – small group – Mid
Universal Thread,4.0,"Universal Thread dome backpack with laptop pocket; Features a quilted pattern; Interior, exterior and side pockets; Zipper closure; Top handle and adjustable straps; Bag structure: Dome; Interior features: Accessories Pocket; Exterior features: 2-Bottle Holders, Front Zip Pocket",18 Inches (H) x 12 Inches (W) x 6.25 Inches (D),0.0,https://target.scene7.com/is/image/Target/GUEST_481f79c0-83ed-4140-9026-58160d7b60e3?wid=1200&hei=1200&qlt=85,False,Fashion Backpacks,100% Recycled Nylon,,Quilted Dome Backpack - Universal Thread™ Black,,35.0,94270109,Quilted Dome Backpack - Universal Thread™ Black,https://www.target.com/p/quilted-dome-backpack-universal-thread/-/A-94416290?preselect=94270109#lnk=sametab,4.5,50,target,0,2026-02-23T16:45:23.546904,35.0,False,"Quilted Dome Backpack - Universal Thread™ Black Fashion Backpacks 100% Recycled Nylon Universal Thread dome backpack with laptop pocket; Features a quilted pattern; Interior, exterior and side pockets; Zipper closure; Top handle and adjustable straps; Bag structure: Dome; Interior features: Accessories Pocket; Exterior features: 2-Bottle Holders, Front Zip Pocket",quilted dome backpack universal thread black fashion backpacks 100 recycled nylon universal thread dome backpack laptop quilted pattern interior exterior side zipper top handle straps structure dome interior exterior bottle holders front,backpack,nylon,,backpack – small group – Mid
A New Day,8.0,"Zipper wallet; Faux-leather design; Interior zip pocket and credit card pocket; Built-in loop; Interior features: Zip Pocket, Credit Card Pockets; Exterior features: No Compartments or Pockets",4 Inches (H) x 8 Inches (W) x 1 Inches (D),0.0,https://target.scene7.com/is/image/Target/GUEST_5934b416-f743-4e07-ab9b-b7cf414d3183?wid=1200&hei=1200&qlt=85,False,Wallets,Polyurethane,,"Large Around Zip Wallet - A New Day™ Black: Shell, Solid Pattern, 8"" Width",,15.0,89393179,"Large Around Zip Wallet - A New Day™ Black: Shell, Solid Pattern, 8"" Width",https://www.target.com/p/large-around-zip-wallet-a-new-day/-/A-89489966?preselect=89393179#lnk=sametab,4.7,220,target,0,2026-02-23T16:45:23.546904,15.0,False,"Large Around Zip Wallet - A New Day™ Black: Shell, Solid Pattern, 8"" Width Wallets Polyurethane Zipper wallet; Faux-leather design; Interior zip pocket and credit card pocket; Built-in loop; Interior features: Zip Pocket, Credit Card Pockets; Exterior features: No Compartments or Pockets",large around wallet new day black shell solid pattern width wallets polyurethane zipper wallet faux leather design interior credit card built loop interior credit card exterior,other,leather,,other – small group – Entry
Universal Thread,4.0,"Universal Thread sling bag; Main compartment with interior and exterior pockets; Unstructured design; Adjustable strap; Bag structure: Unstructured; Interior features: Credit Card Pockets; Exterior features: Slip Pocket, Front Zip Pocket",9.5 Inches (H) x 5.5 Inches (W) x 3.25 Inches (D),0.0,https://target.scene7.com/is/image/Target/GUEST_d2f62459-eb35-4ae3-aee9-a607f76aaf65?wid=1200&hei=1200&qlt=85,False,Adult Backpacks,Polyester,,"Sling Pack Crossbody Bag - Universal Thread™ Black: Adjustable Strap, Vinyl Construction, 57"" Max Length",,25.0,90366998,"Sling Pack Crossbody Bag - Universal Thread™ Black: Adjustable Strap, Vinyl Construction, 57"" Max Length",https://www.target.com/p/sling-pack-handbag-universal-thread/-/A-90564756?preselect=90366998#lnk=sametab,4.4,253,target,4,2026-02-23T16:45:23.546904,25.0,False,"Sling Pack Crossbody Bag - Universal Thread™ Black: Adjustable Strap, Vinyl Construction, 57"" Max Length Adult Backpacks Polyester Universal Thread sling bag; Main compartment with interior and exterior pockets; Unstructured design; Adjustable strap; Bag structure: Unstructured; Interior features: Credit Card Pockets; Exterior features: Slip Pocket, Front Zip Pocket",sling pack crossbody universal thread black vinyl construction max length adult backpacks polyester universal thread sling main compartment interior exterior unstructured design structure unstructured interior credit card exterior slip front,crossbody,unknown,-0.018921649570236516,crossbody – unknown | universal thread / interior exterior | Entry
Universal Thread,3.0,"Get yourself ready for the weekend or other short trips by carrying your essentials in the Essential Packable Weekender Duffel Bag from Universal Thread™. This duffel bag features a removable zip pouch inside and an exterior pocket to provide ample space for your items. Showcasing a collapsible design, this lightweight duffel bag can be conveniently packed away when not in use for space-saving storage, and it's easy to carry with the double handles. Universal Thread™: Found exclusively at Target.; Bag structure: Lightweight, Collapsible, Unstructured; Interior features: Removable Pouch; Exterior features: Slip Pocket","13 Inches (H), 17 Inches (W), 7.5 Inches (D)",0.0,https://target.scene7.com/is/image/Target/GUEST_498cb1d4-cd66-449f-b018-5108f9ba589d?wid=1200&hei=1200&qlt=85,False,Weekender Bags,Nylon,,"Essential Packable Weekender Duffel Bag - Universal Thread™ Black: Lightweight, Collapsible, 32L Capacity",,30.0,92450028,"Essential Packable Weekender Duffel Bag - Universal Thread™ Black: Lightweight, Collapsible, 32L Capacity",https://www.target.com/p/essential-packable-weekender-duffel-bag-universal-thread/-/A-92750860?preselect=92450028#lnk=sametab,4.5,74,target,6,2026-02-23T16:45:23.546904,30.0,False,"Essential Packable Weekender Duffel Bag - Universal Thread™ Black: Lightweight, Collapsible, 32L Capacity Weekender Bags Nylon Get yourself ready for the weekend or other short trips by carrying your essentials in the Essential Packable Weekender Duffel Bag from Universal Thread™. This duffel bag features a removable zip pouch inside and an exterior pocket to provide ample space for your items. Showcasing a collapsible design, this lightweight duffel bag can be conveniently packed away when not in use for space-saving storage, and it's easy to carry with the double handles. Universal Thread™: Found exclusively at Target.; Bag structure: Lightweight, Collapsible, Unstructured; Interior features: Removable Pouch; Exterior features: Slip Pocket",essential packable weekender duffel universal thread black lightweight collapsible 32l capacity weekender nylon yourself ready weekend other short trips carrying essentials essential packable weekender duffel universal thread duffel removable pouch inside exterior provide ample space items showcasing collapsible design lightweight duffel conveniently packed away when not use space saving storage easy carry double handles universal thread found exclusively structure lightweight collapsible unstructured interior removable pouch exterior slip,accessory,nylon,0.032533576824388726,accessory – single
Universal Thread,6.0,"Universal Thread square backpack in solid color; Cotton canvas material; Laptop pocket, interior and exterior pockets; Top handles and adjustable straps; Unstructured design with zip closures; Fits laptop up to 14in; Bag structure: Unstructured, Square; Interior features: Accessories Pocket, Zip Pocket; Exterior features: Slip Pocket, Side Pockets, Front Zip Pocket",14.75 Inches (H) x 12.5 Inches (W) x 4.25 Inches (D),0.0,https://target.scene7.com/is/image/Target/GUEST_153d4c4f-9900-4492-924e-edfbe8a8ecbf?wid=1200&hei=1200&qlt=85,False,Fashion Backpacks,100% Recycled Polyester,,"Square Backpack - Universal Thread™ Black: Recycled Nylon, Fits 14"" Laptop, College, Double Handle, 33.5"" Strap Length",,35.0,90367003,"Square Backpack - Universal Thread™ Black: Recycled Nylon, Fits 14"" Laptop, College, Double Handle, 33.5"" Strap Length",https://www.target.com/p/square-backpack-universal-thread/-/A-90564757?preselect=90367003#lnk=sametab,4.3,140,target,0,2026-02-23T16:45:23.546904,35.0,False,"Square Backpack - Universal Thread™ Black: Recycled Nylon, Fits 14"" Laptop, College, Double Handle, 33.5"" Strap Length Fashion Backpacks 100% Recycled Polyester Universal Thread square backpack in solid color; Cotton canvas material; Laptop pocket, interior and exterior pockets; Top handles and adjustable straps; Unstructured design with zip closures; Fits laptop up to 14in; Bag structure: Unstructured, Square; Interior features: Accessories Pocket, Zip Pocket; Exterior features: Slip Pocket, Side Pockets, Front Zip Pocket",square backpack universal thread black recycled nylon fits laptop college double handle length fashion backpacks 100 recycled polyester universal thread square backpack solid color cotton canvas material laptop interior exterior top handles straps unstructured design closures fits laptop 14in structure unstructured square interior exterior slip side front,backpack,nylon,,backpack – small group – Mid
A New Day,,Valentine's Day BFF beaded heart bag charm; Made of metal; Lobster claw clasp closure; 6.2in L x 1.36in W; Suitable for ages 15+,"6.2 Inches (L), 1.36 Inches (W)",15.0,https://target.scene7.com/is/image/Target/GUEST_b860abd5-6370-47db-9ee5-4c9b5faebf05?wid=1200&hei=1200&qlt=85,True,Bag Charms & Straps,Zinc Alloy,,Valentine's Day BFF Beaded Heart Bag Charm - A New Day™ Red/Gold,10.0,8.5,94778645,Valentine's Day BFF Beaded Heart Bag Charm - A New Day™ Red/Gold,https://www.target.com/p/valentine-39-s-day-bff-beaded-heart-bag-charm-a-new-day-8482/-/A-94778645#lnk=sametab,1.0,2,target,1,2026-02-23T16:45:23.546904,8.5,True,Valentine's Day BFF Beaded Heart Bag Charm - A New Day™ Red/Gold Bag Charms & Straps Zinc Alloy Valentine's Day BFF beaded heart bag charm; Made of metal; Lobster claw clasp closure; 6.2in L x 1.36in W; Suitable for ages 15+,valentine day bff beaded heart charm new day red gold charms straps zinc alloy valentine day bff beaded heart charm metal lobster claw clasp 2in 36in suitable ages,accessory,unknown,0.032533576824388726,accessory – unknown | straps acrylic / charms straps acrylic | Entry
A New Day,1.0,"Mother's Day handbag charm in gold; Features initial ""M"" and simulated pearls; Lobster claw clasp closure; Made of metal","2.5 Inches (L), .26 Inches (W)",0.0,https://target.scene7.com/is/image/Target/GUEST_925d622b-9b10-4b44-958f-45af16d5d8af?wid=1200&hei=1200&qlt=85,False,Bag Charms & Straps,"Zinc Alloy, Iron, Acrylic",,"Initial ""A"" and Simulated Pearl Bag Charm - A New Day™ Gold: Lobster Claw Clasp, Iron, Acrylic, Zinc Alloy",,10.0,93750656,"Initial ""A"" and Simulated Pearl Bag Charm - A New Day™ Gold: Lobster Claw Clasp, Iron, Acrylic, Zinc Alloy",https://www.target.com/p/initial-and-simulated-pearl-handbag-charm-a-new-day/-/A-93891624?preselect=93750656#lnk=sametab,4.3,123,target,1,2026-02-23T16:45:23.546904,10.0,False,"Initial ""A"" and Simulated Pearl Bag Charm - A New Day™ Gold: Lobster Claw Clasp, Iron, Acrylic, Zinc Alloy Bag Charms & Straps Zinc Alloy, Iron, Acrylic Mother's Day handbag charm in gold; Features initial ""M"" and simulated pearls; Lobster claw clasp closure; Made of metal",initial simulated pearl charm new day gold lobster claw clasp iron acrylic zinc alloy charms straps zinc alloy iron acrylic mother day charm gold initial simulated pearls lobster claw clasp metal,accessory,unknown,0.032533576824388726,accessory – unknown | straps acrylic / charms straps acrylic | Entry
Universal Thread,,,"4.7 Inches (L), 2 Inches (W)",0.0,https://target.scene7.com/is/image/Target/GUEST_0425215c-1f1e-42e3-97b3-de7d7da39484?wid=1200&hei=1200&qlt=85,False,Bag Charms & Straps,Polyester,,Cowboy Teddy Bear Bag Charm - Universal Thread™,,10.0,94832348,Cowboy Teddy Bear Bag Charm - Universal Thread™,https://www.target.com/p/cowboy-teddy-bear-bag-charm-universal-thread-8482/-/A-94832348#lnk=sametab,4.6,10,target,1,2026-02-23T16:45:23.546904,10.0,False,Cowboy Teddy Bear Bag Charm - Universal Thread™ Bag Charms & Straps Polyester,cowboy teddy bear charm universal thread charms straps polyester,accessory,unknown,0.032533576824388726,accessory – unknown | straps acrylic / charms straps acrylic | Entry
Universal Thread,3.0,"Travel in style with this Velvet Essential Packable Weekender Duffel Bag from Universal Thread™. Designed with polyester velvet shell, this duffel bag blends everyday comfort with a touch of texture. It features a spacious zippered main compartment with an interior zip pocket and sleeves to keep your essentials secure and organized while on the go. Plus, the double-strap handles provide a comfortable grip for easy carrying around. Scan the care tag QR code to follow the journey of your item—materials, care, styling, resale & more—through the digital product passport. Universal Thread™: Found exclusively at Target.; Bag structure: Lightweight; Interior features: Zip Pocket; Exterior features: No Compartments or Pockets","13.5 Inches (H), 13.5 Inches (W), 7.75 Inches (D)",0.0,https://target.scene7.com/is/image/Target/GUEST_9f8f5f92-660d-4f7c-9adc-93141de52e36?wid=1200&hei=1200&qlt=85,False,Weekender Bags,Polyester,,Velvet Weekender Duffel Bag - Universal Thread™ Pink,,35.0,94687154,Velvet Weekender Duffel Bag - Universal Thread™ Pink,https://www.target.com/p/velvet-essential-packable-weekender-duffel-bag-universal-thread/-/A-95040652?preselect=94687154#lnk=sametab,4.5,74,target,0,2026-02-23T16:45:23.546904,35.0,False,"Velvet Weekender Duffel Bag - Universal Thread™ Pink Weekender Bags Polyester Travel in style with this Velvet Essential Packable Weekender Duffel Bag from Universal Thread™. Designed with polyester velvet shell, this duffel bag blends everyday comfort with a touch of texture. It features a spacious zippered main compartment with an interior zip pocket and sleeves to keep your essentials secure and organized while on the go. Plus, the double-strap handles provide a comfortable grip for easy carrying around. Scan the care tag QR code to follow the journey of your item—materials, care, styling, resale & more—through the digital product passport. Universal Thread™: Found exclusively at Target.; Bag structure: Lightweight; Interior features: Zip Pocket; Exterior features: No Compartments or Pockets",velvet weekender duffel universal thread pink weekender polyester travel style velvet essential packable weekender duffel universal thread designed polyester velvet shell duffel blends everyday comfort touch texture spacious zippered main compartment interior sleeves keep essentials secure organized while plus double handles provide comfortable grip easy carrying around scan care tag code follow journey item materials care styling resale through digital product passport universal thread found exclusively structure lightweight interior exterior,weekender,unknown,,weekender – small group – Mid
Universal Thread,4.0,"Universal Thread square convertible backpack in a solid hue; Effortlessly switches to a tote bag and back; Single zip compartment with interior zip pocket and mobile pockets; Exterior pockets; Adjustable back straps; Double tote handles; Fits laptop up to 15in; Bag structure: Square, Unstructured; Interior features: Cell Phone Pocket, Zip Pocket; Exterior features: Front Zip Pocket, Backpack Straps, Side Pockets, Convertible",14.5 Inches (H) x 12 Inches (W) x 5.25 Inches (D),0.0,https://target.scene7.com/is/image/Target/GUEST_6557ace2-2372-44d7-9f13-bd23d00dfe51?wid=1200&hei=1200&qlt=85,False,Fashion Backpacks,Polyurethane,,"Square Convertible Backpack - Universal Thread™ Brown: Fits 15"" Laptop, Shell, College-Ready Design",,35.0,90366993,"Square Convertible Backpack - Universal Thread™ Brown: Fits 15"" Laptop, Shell, College-Ready Design",https://www.target.com/p/square-convertible-backpack-universal-thread/-/A-90564789?preselect=90366993#lnk=sametab,4.6,126,target,0,2026-02-23T16:45:23.546904,35.0,False,"Square Convertible Backpack - Universal Thread™ Brown: Fits 15"" Laptop, Shell, College-Ready Design Fashion Backpacks Polyurethane Universal Thread square convertible backpack in a solid hue; Effortlessly switches to a tote bag and back; Single zip compartment with interior zip pocket and mobile pockets; Exterior pockets; Adjustable back straps; Double tote handles; Fits laptop up to 15in; Bag structure: Square, Unstructured; Interior features: Cell Phone Pocket, Zip Pocket; Exterior features: Front Zip Pocket, Backpack Straps, Side Pockets, Convertible",square convertible backpack universal thread brown fits laptop shell college ready design fashion backpacks polyurethane universal thread square convertible backpack solid hue effortlessly switches tote back single compartment interior mobile exterior back straps double tote handles fits laptop 15in structure square unstructured interior cell phone exterior front backpack straps side convertible,backpack,unknown,,backpack – small group – Mid
A New Day,,"Mixed horse handbag charms on chain; Features silver- and gold-tone charms; Horse head, horseshoe, ""Not My First Rodeo"" and more; Made of metal; Lobster claw clasp closure","6.5 Inches (L), 2.6 Inches (W)",0.0,https://target.scene7.com/is/image/Target/GUEST_290fba57-c4ee-43e7-bd36-c6f47100a17b?wid=1200&hei=1200&qlt=85,False,Bag Charms & Straps,"Iron, Zinc Alloy",,Mixed Western and Horse Bag Charm - A New Day™ Gold/Silver,,10.0,94569116,Mixed Western and Horse Bag Charm - A New Day™ Gold/Silver,https://www.target.com/p/mixed-western-and-horse-bag-charm-a-new-day-8482-gold-silver/-/A-94569116#lnk=sametab,4.0,13,target,3,2026-02-23T16:45:23.546904,10.0,False,"Mixed Western and Horse Bag Charm - A New Day™ Gold/Silver Bag Charms & Straps Iron, Zinc Alloy Mixed horse handbag charms on chain; Features silver- and gold-tone charms; Horse head, horseshoe, ""Not My First Rodeo"" and more; Made of metal; Lobster claw clasp closure",mixed western horse charm new day gold silver charms straps iron zinc alloy mixed horse charms chain silver gold tone charms horse head horseshoe not first rodeo metal lobster claw clasp,accessory,unknown,0.032533576824388726,accessory – unknown | new day charms / day charms straps | Entry
Universal Thread,1.0,"Get yourself ready for weekend trips or longer vacations with the Quilted Weekender Duffel Bag from Universal Thread™. This weekender duffel bag features a quilted pattern for a cool, textured look and an exterior pocket to give you extra space for your essentials. The collapsible design helps you save storage space while it's not being used, and double handles allow for easy carrying. Universal Thread™: Found exclusively at Target.; Bag structure: Collapsible; Interior features: No Compartments or Pockets; Exterior features: Slip Pocket","13 Inches (H), 17 Inches (W), 7.25 Inches (D)",0.0,https://target.scene7.com/is/image/Target/GUEST_bf731811-432b-4655-9174-f77e2fe052b0?wid=1200&hei=1200&qlt=85,False,Weekender Bags,Cotton,,Quilted Weekender Duffel Bag - Universal Thread™ Leopard Print,,30.0,94338716,Quilted Weekender Duffel Bag - Universal Thread™ Leopard Print,https://www.target.com/p/quilted-weekender-duffel-bag-universal-thread/-/A-94416286?preselect=94338716#lnk=sametab,4.5,43,target,0,2026-02-23T16:46:05.794252,30.0,False,"Quilted Weekender Duffel Bag - Universal Thread™ Leopard Print Weekender Bags Cotton Get yourself ready for weekend trips or longer vacations with the Quilted Weekender Duffel Bag from Universal Thread™. This weekender duffel bag features a quilted pattern for a cool, textured look and an exterior pocket to give you extra space for your essentials. The collapsible design helps you save storage space while it's not being used, and double handles allow for easy carrying. Universal Thread™: Found exclusively at Target.; Bag structure: Collapsible; Interior features: No Compartments or Pockets; Exterior features: Slip Pocket",quilted weekender duffel universal thread leopard print weekender cotton yourself ready weekend trips longer vacations quilted weekender duffel universal thread weekender duffel quilted pattern cool textured look exterior give extra space essentials collapsible design helps save storage space while not being used double handles allow easy carrying universal thread found exclusively structure collapsible interior exterior slip,weekender,canvas_cotton,,weekender – small group – Mid
Wild Fable,4.0,"Square backpack with padded laptop pocket; Interior, exterior and side pockets; Backpack straps and top handle; Zipper closure; Fits laptop up to 16in; Bag structure: Lightweight, Square; Interior features: Padded Laptop Pocket; Exterior features: Slip Pocket, Backpack Straps, Front Accessory Pocket, Front Zip Pocket",15.25 Inches (H) x 12 Inches (W) x 5 Inches (D),0.0,https://target.scene7.com/is/image/Target/GUEST_52c5d814-52e6-4c61-8d35-8617a6f996c4?wid=1200&hei=1200&qlt=85,False,Fashion Backpacks,TPU (Thermoplastic Polyurethane),,"Square Backpack - Wild Fable™ Clear: TPU Shell, Fits 16"" Laptop, College Use",,25.0,90366954,"Square Backpack - Wild Fable™ Clear: TPU Shell, Fits 16"" Laptop, College Use",https://www.target.com/p/square-backpack-wild-fable/-/A-90564992?preselect=90366954#lnk=sametab,4.5,192,target,0,2026-02-23T16:46:05.794252,25.0,False,"Square Backpack - Wild Fable™ Clear: TPU Shell, Fits 16"" Laptop, College Use Fashion Backpacks TPU (Thermoplastic Polyurethane) Square backpack with padded laptop pocket; Interior, exterior and side pockets; Backpack straps and top handle; Zipper closure; Fits laptop up to 16in; Bag structure: Lightweight, Square; Interior features: Padded Laptop Pocket; Exterior features: Slip Pocket, Backpack Straps, Front Accessory Pocket, Front Zip Pocket",square backpack clear tpu shell fits laptop college use fashion backpacks tpu thermoplastic polyurethane square backpack padded laptop interior exterior side backpack straps top handle zipper fits laptop 16in structure lightweight square interior padded laptop exterior slip backpack straps front front,backpack,unknown,,backpack – small group – Mid
A New Day,11.0,Faux-leather eyeglasses case makes it easy to carry your eyeglasses; Padded construction helps prevent eyeglasses from bumps or scratches; Structured top with hinged corners ensures eyeglasses stay secure inside; Faux-leather design in a black hue for a touch of style,7 Inches (H) x 4 Inches (W) x .25 Inches (D),0.0,https://target.scene7.com/is/image/Target/GUEST_4ce61292-3a77-4715-a378-ea998fda948c?wid=1200&hei=1200&qlt=85,False,Sunglasses & Eyeglasses,Polyurethane,,Facile Frame Glasses Case - A New Day™ Slate Black: Eyewear Accessory,,10.0,90987398,Facile Frame Glasses Case - A New Day™ Slate Black: Eyewear Accessory,https://www.target.com/p/facile-frame-glasses-case-a-new-day/-/A-83665817?preselect=90987398#lnk=sametab,4.8,512,target,0,2026-02-23T16:46:05.794252,10.0,False,Facile Frame Glasses Case - A New Day™ Slate Black: Eyewear Accessory Sunglasses & Eyeglasses Polyurethane Faux-leather eyeglasses case makes it easy to carry your eyeglasses; Padded construction helps prevent eyeglasses from bumps or scratches; Structured top with hinged corners ensures eyeglasses stay secure inside; Faux-leather design in a black hue for a touch of style,facile frame glasses case new day slate black eyewear sunglasses eyeglasses polyurethane faux leather eyeglasses case makes easy carry eyeglasses padded construction helps prevent eyeglasses bumps scratches structured top hinged corners ensures eyeglasses stay secure inside faux leather design black hue touch style,other,leather,,other – small group – Entry
A New Day,7.0,Clamshell glasses case makes a handy accessory to carry and safely store your eyewear; Black pebbled finish gives it a classic textured look; Hard shell outer makes for durable use; Lightweight design is easily portable,3 Inches (H) x 6.5 Inches (W) x 2.5 Inches (D),0.0,https://target.scene7.com/is/image/Target/GUEST_0212b347-1ae1-41bc-9a06-a69ef96ad658?wid=1200&hei=1200&qlt=85,False,Sunglasses & Eyeglasses,Polyurethane,,"Clam Shell Glasses Case - A New Day™ Black: Solid Eyewear Accessory, Adult Use, 6.5"" Width, 3"" Height",,10.0,81424020,"Clam Shell Glasses Case - A New Day™ Black: Solid Eyewear Accessory, Adult Use, 6.5"" Width, 3"" Height",https://www.target.com/p/clam-shell-glasses-case-a-new-day/-/A-84266691?preselect=81424020#lnk=sametab,4.6,294,target,0,2026-02-23T16:46:05.794252,10.0,False,"Clam Shell Glasses Case - A New Day™ Black: Solid Eyewear Accessory, Adult Use, 6.5"" Width, 3"" Height Sunglasses & Eyeglasses Polyurethane Clamshell glasses case makes a handy accessory to carry and safely store your eyewear; Black pebbled finish gives it a classic textured look; Hard shell outer makes for durable use; Lightweight design is easily portable",clam shell glasses case new day black solid eyewear adult use width height sunglasses eyeglasses polyurethane clamshell glasses case makes handy carry safely store eyewear black pebbled finish gives classic textured look hard shell outer makes durable use lightweight design easily portable,other,unknown,,other – small group – Entry
A New Day,2.0,Chain handbag strap; Shiny metallic finish; Attaches to any crossbody handbag; Lobster claw clasps; 47in; Spot or wipe clean,"46.8 Inches (L), .7 Inches (W)",0.0,https://target.scene7.com/is/image/Target/GUEST_c1fd03ee-8718-4b64-a811-825737071f0e?wid=1200&hei=1200&qlt=85,False,Bag Charms & Straps,Zinc Alloy,,Chain Crossbody Handbag Strap - A New Day™ Gold,,10.0,88922424,Chain Crossbody Handbag Strap - A New Day™ Gold,https://www.target.com/p/crossbody-handbag-strap-a-new-day/-/A-88996085?preselect=88922424#lnk=sametab,4.5,111,target,4,2026-02-23T16:46:05.794252,10.0,False,Chain Crossbody Handbag Strap - A New Day™ Gold Bag Charms & Straps Zinc Alloy Chain handbag strap; Shiny metallic finish; Attaches to any crossbody handbag; Lobster claw clasps; 47in; Spot or wipe clean,chain crossbody new day gold charms straps zinc alloy chain shiny metallic finish attaches any crossbody lobster claw clasps 47in spot wipe clean,crossbody,unknown,-0.018921649570236516,crossbody – unknown | universal thread / interior exterior | Entry
Universal Thread,,"Keep your essentials organized in style with the 2-Piece Cosmetic Pouch Set from Universal Thread™. This pouch set comes in two different sizes to give you smart options for carrying cosmetics and other items. Compact in size, the set comes in a transparent zipper pouch for easy packing and maximizing space in your luggage. Universal Thread™: Found exclusively at Target.",5.07 Inches (H) x 3.74 Inches (W) x 7.28 Inches (D),0.0,https://target.scene7.com/is/image/Target/GUEST_63d363df-83a2-4814-84e9-5fea1c3a9ba0?wid=1200&hei=1200&qlt=85,False,Makeup Bags & Organizers,TPU (Thermoplastic Polyurethane),,Cosmetic Pouch 2pc Set - Universal Thread™ Clear,,15.0,94788214,Cosmetic Pouch 2pc Set - Universal Thread™ Clear,https://www.target.com/p/cosmetic-pouch-2pc-set-universal-thread-8482-clear/-/A-94788214#lnk=sametab,0.0,0,target,0,2026-02-23T16:46:05.794252,15.0,False,"Cosmetic Pouch 2pc Set - Universal Thread™ Clear Makeup Bags & Organizers TPU (Thermoplastic Polyurethane) Keep your essentials organized in style with the 2-Piece Cosmetic Pouch Set from Universal Thread™. This pouch set comes in two different sizes to give you smart options for carrying cosmetics and other items. Compact in size, the set comes in a transparent zipper pouch for easy packing and maximizing space in your luggage. Universal Thread™: Found exclusively at Target.",cosmetic pouch 2pc set universal thread clear makeup organizers tpu thermoplastic polyurethane keep essentials organized style piece cosmetic pouch set universal thread pouch set comes two different sizes give smart options carrying cosmetics other items compact set comes transparent zipper pouch easy packing maximizing space luggage universal thread found exclusively,accessory,unknown,0.032533576824388726,accessory – single
Universal Thread,2.0,Universal Thread sport cord bag charm; Polyester material; Lobster claw clasp closure; 16in L x 1.35in W,"16 Inches (L), 1.35 Inches (W)",0.0,https://target.scene7.com/is/image/Target/GUEST_169f7615-1970-4a46-836e-adb6a904e80f?wid=1200&hei=1200&qlt=85,False,Bag Charms & Straps,Polyester,,Sport Cord Bag Charm - Universal Thread™ Green,,10.0,94440045,Sport Cord Bag Charm - Universal Thread™ Green,https://www.target.com/p/sport-cord-bag-charm-universal-thread/-/A-94594860?preselect=94440045#lnk=sametab,4.6,7,target,1,2026-02-23T16:46:05.794252,10.0,False,Sport Cord Bag Charm - Universal Thread™ Green Bag Charms & Straps Polyester Universal Thread sport cord bag charm; Polyester material; Lobster claw clasp closure; 16in L x 1.35in W,sport cord charm universal thread green charms straps polyester universal thread sport cord charm polyester material lobster claw clasp 16in 35in,accessory,unknown,0.032533576824388726,accessory – unknown | straps acrylic / charms straps acrylic | Entry
A New Day,3.0,Zipper wallet wristlet; Polyurethane material; Multiple inner card slots; Detachable loop strap; Interior features: Credit Card Pockets; Exterior features: No Compartments or Pockets,3 Inches (H) x 4.5 Inches (W) x 2 Inches (D),0.0,https://target.scene7.com/is/image/Target/GUEST_c1cc1b8e-a49b-4d00-82d6-8ba80301b387?wid=1200&hei=1200&qlt=85,False,Wallets,Polyurethane,,Zipper Wallet Wristlet - A New Day™ Cream,,12.0,94780341,Zipper Wallet Wristlet - A New Day™ Cream,https://www.target.com/p/zipper-wallet-wristlet-a-new-day/-/A-94810395?preselect=94780341#lnk=sametab,4.0,4,target,1,2026-02-23T16:46:05.794252,12.0,False,Zipper Wallet Wristlet - A New Day™ Cream Wallets Polyurethane Zipper wallet wristlet; Polyurethane material; Multiple inner card slots; Detachable loop strap; Interior features: Credit Card Pockets; Exterior features: No Compartments or Pockets,zipper wallet wristlet new day cream wallets polyurethane zipper wallet wristlet polyurethane material multiple inner card slots detachable loop interior credit card exterior,clutch,unknown,0.06108855197966701,clutch – unknown | kiss lock / credit card | Entry
Wild Fable,2.0,"Woven dome backpack with laptop pocket; Interior and exterior pockets; 2 bottle holders; Zipper closure; Fits up to 12in laptop; Adjustable straps; Top handle; Bag structure: Dome; Interior features: Laptop Pocket; Exterior features: 2-Bottle Holders, Adjustable Strap, Zip Pocket",16.25 Inches (H) x 12.5 Inches (W) x 5.25 Inches (D),0.0,https://target.scene7.com/is/image/Target/GUEST_eae9d9c7-acf5-42bf-8c64-ecb025c459c9?wid=1200&hei=1200&qlt=85,False,Fashion Backpacks,100% Recycled Polyester,,Nylon Collegiate Dome Backpack - Wild Fable™ Black,,25.0,94269198,Nylon Collegiate Dome Backpack - Wild Fable™ Black,https://www.target.com/p/nylon-collegiate-dome-backpack-wild-fable/-/A-94897247?preselect=94269198#lnk=sametab,4.5,11,target,0,2026-02-23T16:46:05.794252,25.0,False,"Nylon Collegiate Dome Backpack - Wild Fable™ Black Fashion Backpacks 100% Recycled Polyester Woven dome backpack with laptop pocket; Interior and exterior pockets; 2 bottle holders; Zipper closure; Fits up to 12in laptop; Adjustable straps; Top handle; Bag structure: Dome; Interior features: Laptop Pocket; Exterior features: 2-Bottle Holders, Adjustable Strap, Zip Pocket",nylon collegiate dome backpack black fashion backpacks 100 recycled polyester woven dome backpack laptop interior exterior bottle holders zipper fits 12in laptop straps top handle structure dome interior laptop exterior bottle holders,backpack,nylon,,backpack – small group – Mid
Universal Thread,4.0,Universal Thread micro satchel bag; Polyester material; Zipper closure; Loop charm strap,"4.33 Inches (L), 1.18 Inches (W)",0.0,https://target.scene7.com/is/image/Target/GUEST_be58f7e5-8cf1-4b6f-a931-1854f648ee17?wid=1200&hei=1200&qlt=85,False,Bag Charms & Straps,Cotton,,Micro Satchel Bag Charm - Universal Thread™ Cream,,12.0,94780213,Micro Satchel Bag Charm - Universal Thread™ Cream,https://www.target.com/p/micro-satchel-bag-charm-universal-thread/-/A-94810390?preselect=94780213#lnk=sametab,4.3,4,target,3,2026-02-23T16:46:05.794252,12.0,False,Micro Satchel Bag Charm - Universal Thread™ Cream Bag Charms & Straps Cotton Universal Thread micro satchel bag; Polyester material; Zipper closure; Loop charm strap,micro satchel charm universal thread cream charms straps cotton universal thread micro satchel polyester material zipper loop charm,accessory,canvas_cotton,0.032533576824388726,accessory – unknown | new day charms / day charms straps | Entry
Wild Fable,4.0,Micro quilted pouch bag charm; Quilted pouch with zipper closure; Heart-shaped charm; Metal clasp closure,"7 Inches (L), 4.25 Inches (W)",0.0,https://target.scene7.com/is/image/Target/GUEST_eacd6f1d-55b0-4eb0-9a66-9618398ae442?wid=1200&hei=1200&qlt=85,False,Bag Charms & Straps,Polyester,,Micro Quilted Pouch Bag Charm - Wild Fable™ Cream,,10.0,94686817,Micro Quilted Pouch Bag Charm - Wild Fable™ Cream,https://www.target.com/p/micro-quilted-pouch-bag-charm-wild-fable/-/A-94713227?preselect=94686817#lnk=sametab,4.4,25,target,1,2026-02-23T16:46:05.794252,10.0,False,Micro Quilted Pouch Bag Charm - Wild Fable™ Cream Bag Charms & Straps Polyester Micro quilted pouch bag charm; Quilted pouch with zipper closure; Heart-shaped charm; Metal clasp closure,micro quilted pouch charm cream charms straps polyester micro quilted pouch charm quilted pouch zipper heart shaped charm metal clasp,accessory,unknown,0.032533576824388726,accessory – unknown | straps acrylic / charms straps acrylic | Entry
A New Day,,Chain with faux leather crossbody handbag strap; Metal gold-tone chain and black faux leather; Lobster claw clasps; Attaches to any handbag; Spot or wipe clean,"49 Inches (L), .38 Inches (W)",0.0,https://target.scene7.com/is/image/Target/GUEST_6c6f3aa2-16ee-4e5a-89d0-ee30e1d3c9a3?wid=1200&hei=1200&qlt=85,False,Bag Charms & Straps,"Polyurethane, Metal",,Gold Chain with Faux Leather Crossbody Handbag Strap - A New Day™ Black/Gold: Metal Accessory,,10.0,90784361,Gold Chain with Faux Leather Crossbody Handbag Strap - A New Day™ Black/Gold: Metal Accessory,https://www.target.com/p/gold-chain-with-faux-leather-crossbody-handbag-strap-a-new-day-8482-black-gold/-/A-90784361#lnk=sametab,4.6,16,target,4,2026-02-23T16:46:05.794252,10.0,False,"Gold Chain with Faux Leather Crossbody Handbag Strap - A New Day™ Black/Gold: Metal Accessory Bag Charms & Straps Polyurethane, Metal Chain with faux leather crossbody handbag strap; Metal gold-tone chain and black faux leather; Lobster claw clasps; Attaches to any handbag; Spot or wipe clean",gold chain faux leather crossbody new day black gold metal charms straps polyurethane metal chain faux leather crossbody metal gold tone chain black faux leather lobster claw clasps attaches any spot wipe clean,crossbody,leather,-0.018921649570236516,crossbody – unknown | universal thread / interior exterior | Entry
Universal Thread,2.0,Universal Thread solid-color crossbody handbag strap; Faux-leather construction; Adjustable buckle for customizable length; Lobster-claw clasps; Spot or wipe clean,"47.5 Inches (L), 1 Inches (W)",0.0,https://target.scene7.com/is/image/Target/GUEST_4b827149-6ac0-48bd-9173-8ad1ec13b7e0?wid=1200&hei=1200&qlt=85,False,Bag Charms & Straps,Polyurethane,,Adjustable Buckle Crossbody Handbag Strap - Universal Thread™ Brown: Bag Accessory,,6.5,89956724,Adjustable Buckle Crossbody Handbag Strap - Universal Thread™ Brown: Bag Accessory,https://www.target.com/p/adjustable-buckle-crossbody-handbag-strap-universal-thread/-/A-91870646?preselect=89956724#lnk=sametab,4.8,36,target,1,2026-02-23T16:46:05.794252,6.5,False,Adjustable Buckle Crossbody Handbag Strap - Universal Thread™ Brown: Bag Accessory Bag Charms & Straps Polyurethane Universal Thread solid-color crossbody handbag strap; Faux-leather construction; Adjustable buckle for customizable length; Lobster-claw clasps; Spot or wipe clean,buckle crossbody universal thread brown charms straps polyurethane universal thread solid color crossbody faux leather construction buckle customizable length lobster claw clasps spot wipe clean,crossbody,leather,-0.018921649570236516,crossbody – single
Universal Thread,,Faux-suede fringe bag charm; Acrylic and polyester material; Lobster claw clasp closure; 6.25in L x 1.5in W; Suitable for ages 15+,"6.25 Inches (L), 1.5 Inches (W)",0.0,https://target.scene7.com/is/image/Target/GUEST_819a153b-9dba-4ca6-a877-9183d9c2b95c?wid=1200&hei=1200&qlt=85,False,Bag Charms & Straps,"Zinc Alloy, Polyester, Acrylic",,Faux Suede Fringe Bag Charm - Universal Thread™ Cream,,10.0,94440156,Faux Suede Fringe Bag Charm - Universal Thread™ Cream,https://www.target.com/p/faux-suede-fringe-bag-charm-universal-thread-8482-cream/-/A-94440156#lnk=sametab,4.0,3,target,3,2026-02-23T16:46:05.794252,10.0,False,"Faux Suede Fringe Bag Charm - Universal Thread™ Cream Bag Charms & Straps Zinc Alloy, Polyester, Acrylic Faux-suede fringe bag charm; Acrylic and polyester material; Lobster claw clasp closure; 6.25in L x 1.5in W; Suitable for ages 15+",faux suede fringe charm universal thread cream charms straps zinc alloy polyester acrylic faux suede fringe charm acrylic polyester material lobster claw clasp 25in 5in suitable ages,accessory,unknown,0.032533576824388726,accessory – unknown | new day charms / day charms straps | Entry
A New Day,1.0,Unstructured clip-on pouch; Croissant shape; Made with faux leather; Zipper closure; Bag structure: Unstructured; Interior features: No Compartments or Pockets; Exterior features: No Compartments or Pockets,3 Inches (H) x 5.25 Inches (W) x 2 Inches (D),0.0,https://target.scene7.com/is/image/Target/GUEST_929b75db-23cc-4d20-be63-8be6aa20695d?wid=1200&hei=1200&qlt=85,False,Wallets,Polyurethane,,"Croissant Clip On Pouch - A New Day™ Black: Solid Coin Purse, Unstructured Design",,10.0,91725093,"Croissant Clip On Pouch - A New Day™ Black: Solid Coin Purse, Unstructured Design",https://www.target.com/p/croissant-clip-on-pouch-a-new-day/-/A-91980196?preselect=91725093#lnk=sametab,4.1,43,target,1,2026-02-23T16:46:05.794252,10.0,False,"Croissant Clip On Pouch - A New Day™ Black: Solid Coin Purse, Unstructured Design Wallets Polyurethane Unstructured clip-on pouch; Croissant shape; Made with faux leather; Zipper closure; Bag structure: Unstructured; Interior features: No Compartments or Pockets; Exterior features: No Compartments or Pockets",croissant clip pouch new day black solid coin unstructured design wallets polyurethane unstructured clip pouch croissant shape faux leather zipper structure unstructured interior exterior,accessory,leather,0.032533576824388726,accessory – unknown | straps acrylic / charms straps acrylic | Entry
A New Day,,Chain handbag strap; Embellished with clear crystals; Double-chain style; Lobster-claw clasps; 46.8in L,"46.8 Inches (L), .79 Inches (W)",35.0,https://target.scene7.com/is/image/Target/GUEST_b94b1723-851a-460a-9e6d-1f82bc3c45b1?wid=1200&hei=1200&qlt=85,True,Bag Charms & Straps,Zinc Alloy,,"Chain Crossbody Handbag Strap - A New Day™ Clear/Crystal: Lobster Claw Clasp, Zinc Alloy, Solid Pattern",10.0,6.5,88922425,"Chain Crossbody Handbag Strap - A New Day™ Clear/Crystal: Lobster Claw Clasp, Zinc Alloy, Solid Pattern",https://www.target.com/p/chain-crossbody-handbag-strap-a-new-day-8482-clear-crystal/-/A-88922425#lnk=sametab,4.5,108,target,4,2026-02-23T16:46:05.794252,6.5,True,"Chain Crossbody Handbag Strap - A New Day™ Clear/Crystal: Lobster Claw Clasp, Zinc Alloy, Solid Pattern Bag Charms & Straps Zinc Alloy Chain handbag strap; Embellished with clear crystals; Double-chain style; Lobster-claw clasps; 46.8in L",chain crossbody new day clear crystal lobster claw clasp zinc alloy solid pattern charms straps zinc alloy chain embellished clear crystals double chain style lobster claw clasps 8in,crossbody,unknown,-0.018921649570236516,crossbody – unknown | universal thread / interior exterior | Entry
A New Day,,,"5.38 Inches (L), 1 Inches (W)",0.0,https://target.scene7.com/is/image/Target/GUEST_980a9843-e699-4435-bb6b-56c10cabb680?wid=1200&hei=1200&qlt=85,False,Bag Charms & Straps,Polyurethane,,Flower Bag Charm - A New Day™,,10.0,94821620,Flower Bag Charm - A New Day™,https://www.target.com/p/flower-bag-charm-a-new-day-8482/-/A-94821620#lnk=sametab,5.0,1,target,3,2026-02-23T16:46:05.794252,10.0,False,Flower Bag Charm - A New Day™ Bag Charms & Straps Polyurethane,flower charm new day charms straps polyurethane,accessory,unknown,0.032533576824388726,accessory – unknown | new day charms / day charms straps | Entry
A New Day,,,"8.75 Inches (L), 2.5 Inches (W)",0.0,https://target.scene7.com/is/image/Target/GUEST_8fc95494-fcca-47f0-a35c-699152a23c98?wid=1200&hei=1200&qlt=85,False,Bag Charms & Straps,Paper,,Straw Mini Tote Bag Charm - A New Day™,,10.0,94844331,Straw Mini Tote Bag Charm - A New Day™,https://www.target.com/p/straw-mini-tote-bag-charm-a-new-day-8482/-/A-94844331#lnk=sametab,5.0,1,target,3,2026-02-23T16:46:05.794252,10.0,False,Straw Mini Tote Bag Charm - A New Day™ Bag Charms & Straps Paper,straw mini tote charm new day charms straps paper,accessory,straw,0.032533576824388726,accessory – unknown | new day charms / day charms straps | Entry
Universal Thread,2.0,Universal Thread bag charm; Mixed metals; Fringe chain design; Lobster claw clasp closure; 7.75in L x 1.5in W,"7.75 Inches (L), 1.5 Inches (W)",0.0,https://target.scene7.com/is/image/Target/GUEST_8f4d3aa8-2f96-4184-a2f2-27148a93b3f4?wid=1200&hei=1200&qlt=85,False,Bag Charms & Straps,"Acrylic, Iron, Zinc Alloy",,Chain Fringe Dangle Bag Charm - Universal Thread™ Gold,,10.0,94440157,Chain Fringe Dangle Bag Charm - Universal Thread™ Gold,https://www.target.com/p/chain-fringe-dangle-bag-charm-universal-thread/-/A-94686074?preselect=94440157#lnk=sametab,4.9,11,target,3,2026-02-23T16:46:05.794252,10.0,False,"Chain Fringe Dangle Bag Charm - Universal Thread™ Gold Bag Charms & Straps Acrylic, Iron, Zinc Alloy Universal Thread bag charm; Mixed metals; Fringe chain design; Lobster claw clasp closure; 7.75in L x 1.5in W",chain fringe dangle charm universal thread gold charms straps acrylic iron zinc alloy universal thread charm mixed metals fringe chain design lobster claw clasp 75in 5in,accessory,unknown,0.032533576824388726,accessory – unknown | new day charms / day charms straps | Entry
Wild Fable,6.0,Collegiate pouch; Zip closure; Cotton construction; Side handle with stripes,"8.5 Inches (L), 5 Inches (W)",15.0,https://target.scene7.com/is/image/Target/GUEST_fdedadb4-765d-4d26-a921-062a9997472f?wid=1200&hei=1200&qlt=85,True,Handbags & Purses,TPU (Thermoplastic Polyurethane),,Collegiate Zip Pouch - Wild Fable™ Clear,10.0,8.5,94269228,Collegiate Zip Pouch - Wild Fable™ Clear,https://www.target.com/p/collegiate-zip-pouch-wild-fable/-/A-94425753?preselect=94269228#lnk=sametab,4.8,28,target,3,2026-02-23T16:46:05.794252,8.5,True,Collegiate Zip Pouch - Wild Fable™ Clear Handbags & Purses TPU (Thermoplastic Polyurethane) Collegiate pouch; Zip closure; Cotton construction; Side handle with stripes,collegiate pouch clear tpu thermoplastic polyurethane collegiate pouch cotton construction side handle stripes,accessory,canvas_cotton,0.032533576824388726,accessory – unknown | new day charms / day charms straps | Entry
Universal Thread,,,"8.25 Inches (L), 2 Inches (W)",0.0,https://target.scene7.com/is/image/Target/GUEST_d91d9541-24a8-4cc8-a3ac-d59eb5ab0bbc?wid=1200&hei=1200&qlt=85,False,Bag Charms & Straps,"Acrylic, Polyester",,Sport Cord & Chili Pepper Bag Charm - Universal Thread™,,10.0,94832344,Sport Cord & Chili Pepper Bag Charm - Universal Thread™,https://www.target.com/p/sport-cord-38-chili-pepper-bag-charm-universal-thread-8482/-/A-94832344#lnk=sametab,0.0,0,target,1,2026-02-23T16:46:05.794252,10.0,False,"Sport Cord & Chili Pepper Bag Charm - Universal Thread™ Bag Charms & Straps Acrylic, Polyester",sport cord chili pepper charm universal thread charms straps acrylic polyester,accessory,unknown,0.032533576824388726,accessory – unknown | straps acrylic / charms straps acrylic | Entry
Universal Thread,,,"5.81 Inches (L), 1.55 Inches (W)",0.0,https://target.scene7.com/is/image/Target/GUEST_e5bc1c5b-d08a-46f3-890f-1bc3e2626e4e?wid=1200&hei=1200&qlt=85,False,Bag Charms & Straps,"Zinc Alloy, Iron, Acrylic",,NY Handbag Charm Floral Print Keychain - Universal Thread™ Brown/Pink,,10.0,94844279,NY Handbag Charm Floral Print Keychain - Universal Thread™ Brown/Pink,https://www.target.com/p/floral-print-ny-bag-charm-universal-thread-8482/-/A-94844279#lnk=sametab,0.0,0,target,1,2026-02-23T16:46:05.794252,10.0,False,"NY Handbag Charm Floral Print Keychain - Universal Thread™ Brown/Pink Bag Charms & Straps Zinc Alloy, Iron, Acrylic",charm floral print keychain universal thread brown pink charms straps zinc alloy iron acrylic,accessory,unknown,0.032533576824388726,accessory – unknown | straps acrylic / charms straps acrylic | Entry
Universal Thread,,,"5.81 Inches (L), 1.55 Inches (W)",0.0,https://target.scene7.com/is/image/Target/GUEST_89b339e4-2454-442e-a944-189c36267fb0?wid=1200&hei=1200&qlt=85,False,Bag Charms & Straps,"Zinc Alloy, Acrylic, Iron",,LA Handbag Charm Tortoise Print Keychain - Universal Thread™ Blue/Green,,10.0,94844278,LA Handbag Charm Tortoise Print Keychain - Universal Thread™ Blue/Green,https://www.target.com/p/tortoise-print-la-bag-charm-universal-thread-8482/-/A-94844278#lnk=sametab,0.0,0,target,1,2026-02-23T16:46:05.794252,10.0,False,"LA Handbag Charm Tortoise Print Keychain - Universal Thread™ Blue/Green Bag Charms & Straps Zinc Alloy, Acrylic, Iron",charm tortoise print keychain universal thread blue green charms straps zinc alloy acrylic iron,accessory,unknown,0.032533576824388726,accessory – unknown | straps acrylic / charms straps acrylic | Entry
A New Day,,,"9 Inches (L), 2 Inches (W)",0.0,https://target.scene7.com/is/image/Target/GUEST_bc0a1fa4-5776-488c-9be0-423d78bc2cb5?wid=1200&hei=1200&qlt=85,False,Bag Charms & Straps,Paper,,Straw Strawberry Bag Charm - A New Day™,,10.0,94844333,Straw Strawberry Bag Charm - A New Day™,https://www.target.com/p/straw-strawberry-bag-charm-a-new-day-8482/-/A-94844333#lnk=sametab,0.0,0,target,3,2026-02-23T16:46:05.794252,10.0,False,Straw Strawberry Bag Charm - A New Day™ Bag Charms & Straps Paper,straw strawberry charm new day charms straps paper,accessory,straw,0.032533576824388726,accessory – unknown | new day charms / day charms straps | Entry
A New Day,,,"5.11 Inches (L), 1.38 Inches (W)",0.0,https://target.scene7.com/is/image/Target/GUEST_0aa9308f-2cb3-490c-82b2-8a58df88cae4?wid=1200&hei=1200&qlt=85,False,Bag Charms & Straps,Polyurethane,,Cherry Bag Charm - A New Day™,,10.0,94821621,Cherry Bag Charm - A New Day™,https://www.target.com/p/cherry-bag-charm-a-new-day-8482/-/A-94821621#lnk=sametab,5.0,2,target,3,2026-02-23T16:45:57.790652,10.0,False,Cherry Bag Charm - A New Day™ Bag Charms & Straps Polyurethane,cherry charm new day charms straps polyurethane,accessory,unknown,0.032533576824388726,accessory – unknown | new day charms / day charms straps | Entry
A New Day,,,"3.75 Inches (L), 2.3 Inches (W)",0.0,https://target.scene7.com/is/image/Target/GUEST_554cf493-fb72-4b03-a2c7-772a5843c2ed?wid=1200&hei=1200&qlt=85,False,Bag Charms & Straps,Paper,,Straw Mushroom Bag Charm - A New Day™,,10.0,94849083,Straw Mushroom Bag Charm - A New Day™,https://www.target.com/p/straw-mushroom-bag-charm-a-new-day-8482/-/A-94849083#lnk=sametab,0.0,0,target,3,2026-02-23T16:45:57.790652,10.0,False,Straw Mushroom Bag Charm - A New Day™ Bag Charms & Straps Paper,straw mushroom charm new day charms straps paper,accessory,straw,0.032533576824388726,accessory – unknown | new day charms / day charms straps | Entry
Wild Fable,15.0,Game Day bear handbag charm; Cute bear in sports jersey; Made from polyester fabric; Clip-on style,"5 Inches (L), 3.88 Inches (W)",0.0,https://target.scene7.com/is/image/Target/GUEST_c7a463b9-7fa7-4619-911d-bc0b9e2bfa11?wid=1200&hei=1200&qlt=85,False,Bag Charms & Straps,Polyester,,Game Day Bear Bag Charm - Wild Fable™ Blue,,10.0,94304619,Game Day Bear Bag Charm - Wild Fable™ Blue,https://www.target.com/p/game-day-bear-handbag-charm-wild-fable/-/A-94425754?preselect=94304619#lnk=sametab,4.6,21,target,3,2026-02-23T16:45:57.790652,10.0,False,Game Day Bear Bag Charm - Wild Fable™ Blue Bag Charms & Straps Polyester Game Day bear handbag charm; Cute bear in sports jersey; Made from polyester fabric; Clip-on style,game day bear charm blue charms straps polyester game day bear charm cute bear sports jersey polyester fabric clip style,accessory,unknown,0.032533576824388726,accessory – unknown | new day charms / day charms straps | Entry
Universal Thread,4.0,Universal Thread belt bag; Semi-circle shape; Interior and exterior pockets; Zipper closure; Attached D-ring; Bag structure: Pouch,"5.12 Inches (L), 5.12 Inches (W)",0.0,https://target.scene7.com/is/image/Target/GUEST_d99b78f7-0f43-4ce1-8dc0-bb567dec143f?wid=1200&hei=1200&qlt=85,False,Bag Charms & Straps,Polyurethane,,Belt Bag Clip On Pouch - Universal Thread™ Silver: Solid Vinyl Wallet Accessory,,8.0,90779615,Belt Bag Clip On Pouch - Universal Thread™ Silver: Solid Vinyl Wallet Accessory,https://www.target.com/p/belt-bag-pouch-wristlet-universal-thread/-/A-93128475?preselect=90779615#lnk=sametab,4.5,65,target,4,2026-02-23T16:45:57.790652,8.0,False,Belt Bag Clip On Pouch - Universal Thread™ Silver: Solid Vinyl Wallet Accessory Bag Charms & Straps Polyurethane Universal Thread belt bag; Semi-circle shape; Interior and exterior pockets; Zipper closure; Attached D-ring; Bag structure: Pouch,belt clip pouch universal thread silver solid vinyl wallet charms straps polyurethane universal thread belt semi circle shape interior exterior zipper attached ring structure pouch,accessory,unknown,0.032533576824388726,accessory – single
A New Day,,,"9.5 Inches (L), 1.5 Inches (W)",0.0,https://target.scene7.com/is/image/Target/GUEST_e892a1ef-9d72-4a10-ad47-6211e3f7b554?wid=1200&hei=1200&qlt=85,False,Bag Charms & Straps,Paper,,Straw Grape Bag Charm - A New Day™,,10.0,94844332,Straw Grape Bag Charm - A New Day™,https://www.target.com/p/straw-grape-bag-charm-a-new-day-8482/-/A-94844332#lnk=sametab,0.0,0,target,3,2026-02-23T16:45:57.790652,10.0,False,Straw Grape Bag Charm - A New Day™ Bag Charms & Straps Paper,straw grape charm new day charms straps paper,accessory,straw,0.032533576824388726,accessory – unknown | new day charms / day charms straps | Entry
Universal Thread,,"Universal Thread adaptable backpack; Made of 100% recycled polyester; Zippered exterior pocket, main compartment and back compartment; Inner mesh pocket; 2 bottle holders; Adjustable straps and removable backpack straps; Top handle; Bag structure: Lightweight; Interior features: Mesh Pocket; Exterior features: 2-Bottle Holders, Adjustable Strap, Front Accessory Pocket, Backpack Straps, Zipper Pulls",15.75 Inches (H) x 11.5 Inches (W) x 6.25 Inches (D),0.0,https://target.scene7.com/is/image/Target/GUEST_40075974-d78a-4081-bca6-046ef64c883d?wid=1200&hei=1200&qlt=85,False,Fashion Backpacks,100% Recycled Polyester,,Adaptable Backpack - Universal Thread™ Black,,35.0,94270016,Adaptable Backpack - Universal Thread™ Black,https://www.target.com/p/adaptable-backpack-universal-thread-8482-black/-/A-94270016#lnk=sametab,0.0,0,target,0,2026-02-23T16:45:57.790652,35.0,False,"Adaptable Backpack - Universal Thread™ Black Fashion Backpacks 100% Recycled Polyester Universal Thread adaptable backpack; Made of 100% recycled polyester; Zippered exterior pocket, main compartment and back compartment; Inner mesh pocket; 2 bottle holders; Adjustable straps and removable backpack straps; Top handle; Bag structure: Lightweight; Interior features: Mesh Pocket; Exterior features: 2-Bottle Holders, Adjustable Strap, Front Accessory Pocket, Backpack Straps, Zipper Pulls",adaptable backpack universal thread black fashion backpacks 100 recycled polyester universal thread adaptable backpack 100 recycled polyester zippered exterior main compartment back compartment inner mesh bottle holders straps removable backpack straps top handle structure lightweight interior mesh exterior bottle holders front backpack straps zipper pulls,backpack,recycled,,backpack – small group – Mid
A New Day,,,"3 Inches (L), 2.5 Inches (W)",0.0,https://target.scene7.com/is/image/Target/GUEST_7401d94f-e28b-4a5c-8f40-e59f64893434?wid=1200&hei=1200&qlt=85,False,Bag Charms & Straps,Acrylic,,Miami Bag Charm - A New Day™,,10.0,94821522,Miami Bag Charm - A New Day™,https://www.target.com/p/miami-bag-charm-a-new-day-8482/-/A-94821522#lnk=sametab,0.0,0,target,1,2026-02-23T16:45:57.790652,10.0,False,Miami Bag Charm - A New Day™ Bag Charms & Straps Acrylic,miami charm new day charms straps acrylic,accessory,unknown,0.032533576824388726,accessory – unknown | straps acrylic / charms straps acrylic | Entry
A New Day,,,"3 Inches (L), 2 Inches (W)",0.0,https://target.scene7.com/is/image/Target/GUEST_485f63d9-5d48-4255-8ea1-efc443b92de2?wid=1200&hei=1200&qlt=85,False,Bag Charms & Straps,Acrylic,,LA Bag Charm - A New Day™,,10.0,94821521,LA Bag Charm - A New Day™,https://www.target.com/p/la-bag-charm-a-new-day-8482/-/A-94821521#lnk=sametab,0.0,0,target,1,2026-02-23T16:45:57.790652,10.0,False,LA Bag Charm - A New Day™ Bag Charms & Straps Acrylic,charm new day charms straps acrylic,accessory,unknown,0.032533576824388726,accessory – unknown | straps acrylic / charms straps acrylic | Entry
A New Day,,,"3.38 Inches (L), 2 Inches (W)",0.0,https://target.scene7.com/is/image/Target/GUEST_63708aff-b8cd-41b6-9088-ec5a3487eac0?wid=1200&hei=1200&qlt=85,False,Bag Charms & Straps,Acrylic,,Waikiki Bag Charm - A New Day™,,10.0,94821520,Waikiki Bag Charm - A New Day™,https://www.target.com/p/waikiki-bag-charm-a-new-day-8482/-/A-94821520#lnk=sametab,0.0,0,target,1,2026-02-23T16:45:57.790652,10.0,False,Waikiki Bag Charm - A New Day™ Bag Charms & Straps Acrylic,waikiki charm new day charms straps acrylic,accessory,unknown,0.032533576824388726,accessory – unknown | straps acrylic / charms straps acrylic | Entry
