availability_text,average_rating,best_seller_flag,brand,care_instructions,category_breadcrumb,color_options,description,dimensions,dimensions_section,image_count,image_url,images_list,is_sale,material_text,materials_section,name,new_arrival_flag,price_currency,price_current,price_original,product_details,product_id,product_url,promo_excluded,rating_count,review_count,scrape_date,size_options,sku,sold_shipped_by
,0,,Gap,,Women / Shoes & Accessories > Women > Shoes & Accessories,BLUE,"A bag designed for your essentials, the Mini is made with you in mind, your style, your stuff, your peace of mind. Get creative with what you can carry along with these functional, simplified, perfectly sized mini fanny pack. Compliant with the highest safety standards (California Prop 65). Durable, easily cleanable vegan leather and nylon exterior. Wipeable and stain-resistant recycled nylon lining.",One Size Sold & shipped by Kibou Return by mail only. 1 Add to Bag,One Size Sold & shipped by Kibou Return by mail only. 1 Add to Bag,23,https://www.gap.com/webcontent/0056/007/513/cn56007513.jpg,https://www.gap.com/webcontent/0056/007/513/cn56007513.jpg | https://www.gap.com/webcontent/0056/007/477/cn56007477.jpg | https://www.gap.com/webcontent/0056/007/480/cn56007480.jpg | https://www.gap.com/webcontent/0056/007/476/cn56007476.jpg | https://www.gap.com/webcontent/0056/007/471/cn56007471.jpg | https://www.gap.com/webcontent/0056/007/521/cn56007521.jpg | https://www.gap.com/webcontent/0056/007/543/cn56007543.jpg | https://www.gap.com/webcontent/0056/007/549/cn56007549.jpg | https://www.gap.com/webcontent/0056/003/302/cn56003302.jpg | https://www.gap.com/webcontent/0056/007/473/cn56007473.jpg | https://www.gap.com/webcontent/0056/007/547/cn56007547.jpg | https://www.gap.com/webcontent/0056/004/074/cn56004074.jpg | https://www.gap.com/webcontent/0055/341/135/cn55341135.jpg | https://www.gap.com/webcontent/0060/011/966/cn60011966.jpg | https://www.gap.com/webcontent/0055/341/230/cn55341230.jpg | https://www.gap.com/webcontent/0060/014/274/cn60014274.jpg | https://www.gap.com/webcontent/0060/742/153/cn60742153.jpg | https://www.gap.com/webcontent/0055/342/116/cn55342116.jpg | https://www.gap.com/webcontent/0061/017/327/cn61017327.jpg | https://www.gap.com/webcontent/0059/087/730/cn59087730.jpg | https://www.gap.com/webcontent/0060/739/113/cn60739113.jpg | https://www.gap.com/webcontent/0059/289/704/cn59289704.jpg | https://www.gap.com/webcontent/0061/850/738/cn61850738.jpg,True,,,Kibou Mini Vegan Leather Wallet Belt Bag,,USD,46.0,79.95,"A bag designed for your essentials, the Mini is made with you in mind, your style, your stuff, your peace of mind. Get creative with what you can carry along with these functional, simplified, perfectly sized mini fanny pack. Compliant with the highest safety standards (California Prop 65). Durable, easily cleanable vegan leather and nylon exterior. Wipeable and stain-resistant recycled nylon lining.",1169519002,https://www.gap.com/browse/product.do?pid=1169519002&vid=1&pcid=3046544&cid=3046544,True,0,0,2026-02-22,One Size,1169519,Kibou
,0,,Gap,,Women / Shoes & Accessories > Women > Shoes & Accessories,Blush pink,"A bag designed for your essentials, the Mini is made with you in mind, your style, your stuff, your peace of mind. Get creative with what you can carry along with these functional, simplified, perfectly sized mini fanny pack. Compliant with the highest safety standards (California Prop 65). Durable, easily cleanable vegan leather and nylon exterior. Wipeable and stain-resistant recycled nylon lining.",One Size Sold & shipped by Kibou Return by mail only. 1 Add to Bag,One Size Sold & shipped by Kibou Return by mail only. 1 Add to Bag,23,https://www.gap.com/webcontent/0056/004/074/cn56004074.jpg,https://www.gap.com/webcontent/0056/004/074/cn56004074.jpg | https://www.gap.com/webcontent/0056/003/818/cn56003818.jpg | https://www.gap.com/webcontent/0056/004/157/cn56004157.jpg | https://www.gap.com/webcontent/0056/003/850/cn56003850.jpg | https://www.gap.com/webcontent/0056/003/842/cn56003842.jpg | https://www.gap.com/webcontent/0056/003/843/cn56003843.jpg | https://www.gap.com/webcontent/0056/003/837/cn56003837.jpg | https://www.gap.com/webcontent/0056/007/473/cn56007473.jpg | https://www.gap.com/webcontent/0056/007/547/cn56007547.jpg | https://www.gap.com/webcontent/0056/007/513/cn56007513.jpg | https://www.gap.com/webcontent/0056/003/302/cn56003302.jpg | https://www.gap.com/webcontent/0061/822/891/cn61822891.jpg | https://www.gap.com/webcontent/0059/290/125/cn59290125.jpg | https://www.gap.com/webcontent/0061/850/542/cn61850542.jpg | https://www.gap.com/webcontent/0055/341/135/cn55341135.jpg | https://www.gap.com/webcontent/0061/848/257/cn61848257.jpg | https://www.gap.com/webcontent/0061/863/273/cn61863273.jpg | https://www.gap.com/webcontent/0060/534/248/cn60534248.jpg | https://www.gap.com/webcontent/0061/849/074/cn61849074.jpg | https://www.gap.com/webcontent/0059/669/365/cn59669365.jpg | https://www.gap.com/webcontent/0061/850/702/cn61850702.jpg | https://www.gap.com/webcontent/0061/036/597/cn61036597.jpg | https://cdn.cookielaw.org/logos/e1cf9ab6-fc39-4557-b4ef-4393861dad52/d229a1c3-b8ad-46ad-9bdb-8311fd460a5f/c85f6701-9eae-4a9f-b770-87eee2dae9fc/Logo_color_lockup@3x.png,False,,,Kibou Mini Vegan Leather Wallet Belt Bag,,USD,46.0,,"A bag designed for your essentials, the Mini is made with you in mind, your style, your stuff, your peace of mind. Get creative with what you can carry along with these functional, simplified, perfectly sized mini fanny pack. Compliant with the highest safety standards (California Prop 65). Durable, easily cleanable vegan leather and nylon exterior. Wipeable and stain-resistant recycled nylon lining.",1169516002,https://www.gap.com/browse/product.do?pid=1169516002&vid=1&pcid=3046544&cid=3046544,True,0,0,2026-02-22,One Size,1169516,Kibou
Only a few left!,0,,Gap,,Women / Shoes & Accessories > Women > Shoes & Accessories,Black,"A bag designed for your essentials, the Mini is made with you in mind, your style, your stuff, your peace of mind. Get creative with what you can carry along with these functional, simplified, perfectly sized mini fanny pack. Compliant with the highest safety standards (California Prop 65). Durable, easily cleanable nylon exterior. Wipeable and stain-resistant recycled nylon lining.",One Size Sold & shipped by Kibou Return by mail only. Only a few left! 1 Get it before it's gone,One Size Sold & shipped by Kibou Return by mail only. Only a few left! 1 Get it before it's gone,22,https://www.gap.com/webcontent/0056/003/302/cn56003302.jpg,https://www.gap.com/webcontent/0056/003/302/cn56003302.jpg | https://www.gap.com/webcontent/0056/003/310/cn56003310.jpg | https://www.gap.com/webcontent/0056/003/309/cn56003309.jpg | https://www.gap.com/webcontent/0056/003/307/cn56003307.jpg | https://www.gap.com/webcontent/0056/003/311/cn56003311.jpg | https://www.gap.com/webcontent/0056/003/313/cn56003313.jpg | https://www.gap.com/webcontent/0056/007/513/cn56007513.jpg | https://www.gap.com/webcontent/0056/007/473/cn56007473.jpg | https://www.gap.com/webcontent/0056/004/074/cn56004074.jpg | https://www.gap.com/webcontent/0056/007/547/cn56007547.jpg | https://www.gap.com/webcontent/0061/849/074/cn61849074.jpg | https://www.gap.com/webcontent/0061/017/157/cn61017157.jpg | https://www.gap.com/webcontent/0060/739/113/cn60739113.jpg | https://www.gap.com/webcontent/0061/849/709/cn61849709.jpg | https://www.gap.com/webcontent/0060/011/966/cn60011966.jpg | https://www.gap.com/webcontent/0057/788/446/cn57788446.jpg | https://www.gap.com/webcontent/0060/014/274/cn60014274.jpg | https://www.gap.com/webcontent/0061/842/055/cn61842055.jpg | https://www.gap.com/webcontent/0060/779/618/cn60779618.jpg | https://www.gap.com/webcontent/0060/739/553/cn60739553.jpg | https://www.gap.com/webcontent/0059/972/919/cn59972919.jpg | https://cdn.cookielaw.org/logos/e1cf9ab6-fc39-4557-b4ef-4393861dad52/d229a1c3-b8ad-46ad-9bdb-8311fd460a5f/c85f6701-9eae-4a9f-b770-87eee2dae9fc/Logo_color_lockup@3x.png,True,,,Kibou Mini Nylon Wallet Belt Bag,,USD,46.0,79.95,"A bag designed for your essentials, the Mini is made with you in mind, your style, your stuff, your peace of mind. Get creative with what you can carry along with these functional, simplified, perfectly sized mini fanny pack. Compliant with the highest safety standards (California Prop 65). Durable, easily cleanable nylon exterior. Wipeable and stain-resistant recycled nylon lining.",1169515002,https://www.gap.com/browse/product.do?pid=1169515002&vid=1&pcid=3046544&cid=3046544,True,0,,2026-02-22,One Size,1169515,Kibou
,0,,Gap,,Women / Shoes & Accessories > Women > Shoes & Accessories,LAVENDER,"A bag designed for your essentials, the Mini is made with you in mind, your style, your stuff, your peace of mind. Get creative with what you can carry along with these functional, simplified, perfectly sized mini fanny pack. Compliant with the highest safety standards (California Prop 65). Durable, easily cleanable vegan leather and nylon exterior. Wipeable and stain-resistant recycled nylon lining.",One Size Sold & shipped by Kibou Return by mail only. 1 Add to Bag,One Size Sold & shipped by Kibou Return by mail only. 1 Add to Bag,24,https://www.gap.com/webcontent/0056/007/473/cn56007473.jpg,https://www.gap.com/webcontent/0056/007/473/cn56007473.jpg | https://www.gap.com/webcontent/0056/007/739/cn56007739.jpg | https://www.gap.com/webcontent/0056/007/485/cn56007485.jpg | https://www.gap.com/webcontent/0056/007/746/cn56007746.jpg | https://www.gap.com/webcontent/0056/007/555/cn56007555.jpg | https://www.gap.com/webcontent/0056/007/753/cn56007753.jpg | https://www.gap.com/webcontent/0056/007/557/cn56007557.jpg | https://www.gap.com/webcontent/0056/007/504/cn56007504.jpg | https://www.gap.com/webcontent/0056/004/074/cn56004074.jpg | https://www.gap.com/webcontent/0056/007/547/cn56007547.jpg | https://www.gap.com/webcontent/0056/003/302/cn56003302.jpg | https://www.gap.com/webcontent/0056/007/513/cn56007513.jpg | https://www.gap.com/webcontent/0061/822/891/cn61822891.jpg | https://www.gap.com/webcontent/0055/341/230/cn55341230.jpg | https://www.gap.com/webcontent/0061/850/542/cn61850542.jpg | https://www.gap.com/webcontent/0055/341/135/cn55341135.jpg | https://www.gap.com/webcontent/0060/779/618/cn60779618.jpg | https://www.gap.com/webcontent/0061/848/257/cn61848257.jpg | https://www.gap.com/webcontent/0059/290/125/cn59290125.jpg | https://www.gap.com/webcontent/0061/849/074/cn61849074.jpg | https://www.gap.com/webcontent/0061/850/823/cn61850823.jpg | https://www.gap.com/webcontent/0061/850/702/cn61850702.jpg | https://www.gap.com/webcontent/0057/780/070/cn57780070.jpg | https://cdn.cookielaw.org/logos/e1cf9ab6-fc39-4557-b4ef-4393861dad52/d229a1c3-b8ad-46ad-9bdb-8311fd460a5f/c85f6701-9eae-4a9f-b770-87eee2dae9fc/Logo_color_lockup@3x.png,False,,,Kibou Mini Vegan Leather Wallet Belt Bag,,USD,46.0,,"A bag designed for your essentials, the Mini is made with you in mind, your style, your stuff, your peace of mind. Get creative with what you can carry along with these functional, simplified, perfectly sized mini fanny pack. Compliant with the highest safety standards (California Prop 65). Durable, easily cleanable vegan leather and nylon exterior. Wipeable and stain-resistant recycled nylon lining.",1169518002,https://www.gap.com/browse/product.do?pid=1169518002&vid=1&pcid=3046544&cid=3046544,True,0,95,2026-02-22,One Size,1169518,Kibou
,0,,Gap,,Girls / Shop All Accessories > Girls > Shop All Accessories,Pink/Silver | Fuzzy Bolt,"Perfect for after-school activities, sleepovers, and weekend getaways. Designed with two handles and an adjustable crossbody strap for easy carrying. Detachable pouches for shoes and dirty clothes and interior pockets to keep everything organized. Made from recycled materials. For every bag sold, STATE donates a percentage of the proceeds to American families in need.",One Size Sold & shipped by State Bags Return by mail only. 1 Add to Bag,One Size Sold & shipped by State Bags Return by mail only. 1 Add to Bag,19,https://www.gap.com/webcontent/0059/975/498/cn59975498.jpg,https://www.gap.com/webcontent/0059/975/498/cn59975498.jpg | https://www.gap.com/webcontent/0060/014/084/cn60014084.jpg | https://www.gap.com/webcontent/0059/974/648/cn59974648.jpg | https://www.gap.com/webcontent/0059/974/883/cn59974883.jpg | https://www.gap.com/webcontent/0061/035/621/cn61035621.jpg | https://www.gap.com/webcontent/0060/791/857/cn60791857.jpg | https://www.gap.com/webcontent/0061/019/479/cn61019479.jpg | https://www.gap.com/webcontent/0061/019/504/cn61019504.jpg | https://www.gap.com/webcontent/0059/975/575/cn59975575.jpg | https://www.gap.com/webcontent/0061/017/150/cn61017150.jpg | https://www.gap.com/webcontent/0059/974/695/cn59974695.jpg | https://www.gap.com/webcontent/0059/912/755/cn59912755.jpg | https://www.gap.com/webcontent/0061/037/218/cn61037218.jpg | https://www.gap.com/webcontent/0059/219/508/cn59219508.jpg | https://www.gap.com/webcontent/0061/036/285/cn61036285.jpg | https://www.gap.com/webcontent/0060/726/816/cn60726816.jpg | https://www.gap.com/webcontent/0060/367/792/cn60367792.jpg | https://www.gap.com/webcontent/0060/283/400/cn60283400.jpg | https://cdn.cookielaw.org/logos/e1cf9ab6-fc39-4557-b4ef-4393861dad52/d229a1c3-b8ad-46ad-9bdb-8311fd460a5f/c85f6701-9eae-4a9f-b770-87eee2dae9fc/Logo_color_lockup@3x.png,True,". For every bag sold, STATE donates a percentage of the proceeds to American families in need.",". For every bag sold, STATE donates a percentage of the proceeds to American families in need.",STATE Rockaway Duffle,,USD,24.95,145.0,"Perfect for after-school activities, sleepovers, and weekend getaways. Designed with two handles and an adjustable crossbody strap for easy carrying. Detachable pouches for shoes and dirty clothes and interior pockets to keep everything organized. Made from recycled materials. For every bag sold, STATE donates a percentage of the proceeds to American families in need.",1173109002,https://www.gap.com/browse/product.do?pid=1173109002&vid=1&pcid=3046567&cid=3046567,True,0,,2026-02-22,One Size,1173109,State Bags
,0,,Gap,,Girls / Shop All Accessories > Girls > Shop All Accessories,Pink/Silver,"Recommended for little adventurers ages 2-4. The Kane Mini Backpack has a compact design with just enough space for the essentials. Perfect for preschool or their very first big trip! Let their personalities shine with designs just as unique as they are. 45% of this bag is made from recycled materials. For every bag sold, STATE donates a percentage of the proceeds to American families in need. STATE is the family bag company that’s carrying everyone, everywhere, through the journey of life with open hands.",One Size Sold & shipped by State Bags Return by mail only. 1 Add to Bag,One Size Sold & shipped by State Bags Return by mail only. 1 Add to Bag,20,https://www.gap.com/webcontent/0059/912/755/cn59912755.jpg,https://www.gap.com/webcontent/0059/912/755/cn59912755.jpg | https://www.gap.com/webcontent/0059/911/982/cn59911982.jpg | https://www.gap.com/webcontent/0059/912/738/cn59912738.jpg | https://www.gap.com/webcontent/0059/911/990/cn59911990.jpg | https://www.gap.com/webcontent/0059/975/575/cn59975575.jpg | https://www.gap.com/webcontent/0061/037/250/cn61037250.jpg | https://www.gap.com/webcontent/0059/974/695/cn59974695.jpg | https://www.gap.com/webcontent/0061/019/504/cn61019504.jpg | https://www.gap.com/webcontent/0061/017/585/cn61017585.jpg | https://www.gap.com/webcontent/0061/037/218/cn61037218.jpg | https://www.gap.com/webcontent/0061/120/754/cn61120754.jpg | https://www.gap.com/webcontent/0057/843/058/cn57843058.jpg | https://www.gap.com/webcontent/0061/221/407/cn61221407.jpg | https://www.gap.com/webcontent/0061/206/452/cn61206452.jpg | https://www.gap.com/webcontent/0060/367/792/cn60367792.jpg | https://www.gap.com/webcontent/0061/716/343/cn61716343.jpg | https://www.gap.com/webcontent/0059/975/498/cn59975498.jpg | https://www.gap.com/webcontent/0060/791/857/cn60791857.jpg | https://www.gap.com/webcontent/0060/698/444/cn60698444.jpg | https://cdn.cookielaw.org/logos/e1cf9ab6-fc39-4557-b4ef-4393861dad52/d229a1c3-b8ad-46ad-9bdb-8311fd460a5f/c85f6701-9eae-4a9f-b770-87eee2dae9fc/Logo_color_lockup@3x.png,True,". For every bag sold, STATE donates a percentage of the proceeds to American families in need. STATE is the family bag company that’s carrying everyone, everywhere, through the journey of life with open hands.",". For every bag sold, STATE donates a percentage of the proceeds to American families in need. STATE is the family bag company that’s carrying everyone, everywhere, through the journey of life with open hands.",STATE Kane Mini Backpack,,USD,39.95,88.0,"Recommended for little adventurers ages 2-4. The Kane Mini Backpack has a compact design with just enough space for the essentials. Perfect for preschool or their very first big trip! Let their personalities shine with designs just as unique as they are. 45% of this bag is made from recycled materials. For every bag sold, STATE donates a percentage of the proceeds to American families in need. STATE is the family bag company that’s carrying everyone, everywhere, through the journey of life with open hands.",1172319002,https://www.gap.com/browse/product.do?pid=1172319002&vid=1&pcid=3046567&cid=3046567,True,0,0,2026-02-22,One Size,1172319,State Bags
,0,,Gap,,Boys / Shop All Accessories > Boys > Shop All Accessories,Pink/Silver | Fuzzy Bolt,"Perfect for after-school activities, sleepovers, and weekend getaways. Designed with two handles and an adjustable crossbody strap for easy carrying. Detachable pouches for shoes and dirty clothes and interior pockets to keep everything organized. Made from recycled materials. For every bag sold, STATE donates a percentage of the proceeds to American families in need.",One Size Sold & shipped by State Bags Return by mail only. 1 Add to Bag,One Size Sold & shipped by State Bags Return by mail only. 1 Add to Bag,18,https://www.gap.com/webcontent/0059/975/526/cn59975526.jpg,https://www.gap.com/webcontent/0059/975/526/cn59975526.jpg | https://www.gap.com/webcontent/0059/975/040/cn59975040.jpg | https://www.gap.com/webcontent/0061/037/250/cn61037250.jpg | https://www.gap.com/webcontent/0059/140/964/cn59140964.jpg | https://www.gap.com/webcontent/0059/219/508/cn59219508.jpg | https://www.gap.com/webcontent/0059/295/649/cn59295649.jpg | https://www.gap.com/webcontent/0060/698/444/cn60698444.jpg | https://www.gap.com/webcontent/0059/219/296/cn59219296.jpg | https://www.gap.com/webcontent/0052/433/489/cn52433489.jpg | https://www.gap.com/webcontent/0059/144/552/cn59144552.jpg | https://www.gap.com/webcontent/0059/145/791/cn59145791.jpg | https://www.gap.com/webcontent/0059/144/973/cn59144973.jpg | https://www.gap.com/webcontent/0060/796/156/cn60796156.jpg | https://www.gap.com/webcontent/0057/184/480/cn57184480.jpg | https://www.gap.com/webcontent/0060/791/857/cn60791857.jpg | https://www.gap.com/webcontent/0061/037/218/cn61037218.jpg | https://www.gap.com/webcontent/0061/037/143/cn61037143.jpg | https://cdn.cookielaw.org/logos/e1cf9ab6-fc39-4557-b4ef-4393861dad52/d229a1c3-b8ad-46ad-9bdb-8311fd460a5f/c85f6701-9eae-4a9f-b770-87eee2dae9fc/Logo_color_lockup@3x.png,True,". For every bag sold, STATE donates a percentage of the proceeds to American families in need.",". For every bag sold, STATE donates a percentage of the proceeds to American families in need.",STATE Rockaway Duffle,,USD,24.95,145.0,"Perfect for after-school activities, sleepovers, and weekend getaways. Designed with two handles and an adjustable crossbody strap for easy carrying. Detachable pouches for shoes and dirty clothes and interior pockets to keep everything organized. Made from recycled materials. For every bag sold, STATE donates a percentage of the proceeds to American families in need.",1173111002,https://www.gap.com/browse/product.do?pid=1173111002&vid=1&pcid=3046590&cid=3046590,True,0,0,2026-02-22,One Size,1173111,State Bags
,0,,Gap,,Women / Shoes & Accessories > Women > Shoes & Accessories,Cream,"A bag designed for your essentials, the Mini is made with you in mind, your style, your stuff, your peace of mind. Get creative with what you can carry along with these functional, simplified, perfectly sized mini fanny pack. Compliant with the highest safety standards (California Prop 65). Durable, easily cleanable vegan leather and nylon exterior. Wipeable and stain-resistant recycled nylon lining.",One Size Sold & shipped by Kibou Return by mail only. 1 Add to Bag,One Size Sold & shipped by Kibou Return by mail only. 1 Add to Bag,24,https://www.gap.com/webcontent/0056/007/547/cn56007547.jpg,https://www.gap.com/webcontent/0056/007/547/cn56007547.jpg | https://www.gap.com/webcontent/0056/007/510/cn56007510.jpg | https://www.gap.com/webcontent/0056/007/519/cn56007519.jpg | https://www.gap.com/webcontent/0056/007/627/cn56007627.jpg | https://www.gap.com/webcontent/0056/007/505/cn56007505.jpg | https://www.gap.com/webcontent/0056/007/506/cn56007506.jpg | https://www.gap.com/webcontent/0056/007/571/cn56007571.jpg | https://www.gap.com/webcontent/0056/007/631/cn56007631.jpg | https://www.gap.com/webcontent/0056/007/473/cn56007473.jpg | https://www.gap.com/webcontent/0056/004/074/cn56004074.jpg | https://www.gap.com/webcontent/0056/007/513/cn56007513.jpg | https://www.gap.com/webcontent/0056/003/302/cn56003302.jpg | https://www.gap.com/webcontent/0055/341/230/cn55341230.jpg | https://www.gap.com/webcontent/0061/822/891/cn61822891.jpg | https://www.gap.com/webcontent/0055/341/135/cn55341135.jpg | https://www.gap.com/webcontent/0060/011/966/cn60011966.jpg | https://www.gap.com/webcontent/0055/342/116/cn55342116.jpg | https://www.gap.com/webcontent/0059/564/235/cn59564235.jpg | https://www.gap.com/webcontent/0061/036/597/cn61036597.jpg | https://www.gap.com/webcontent/0060/534/248/cn60534248.jpg | https://www.gap.com/webcontent/0061/863/273/cn61863273.jpg | https://www.gap.com/webcontent/0057/780/070/cn57780070.jpg | https://www.gap.com/webcontent/0060/830/097/cn60830097.jpg | https://cdn.cookielaw.org/logos/e1cf9ab6-fc39-4557-b4ef-4393861dad52/d229a1c3-b8ad-46ad-9bdb-8311fd460a5f/c85f6701-9eae-4a9f-b770-87eee2dae9fc/Logo_color_lockup@3x.png,True,,,Kibou Mini Vegan Leather Wallet Belt Bag,,USD,46.0,79.95,"A bag designed for your essentials, the Mini is made with you in mind, your style, your stuff, your peace of mind. Get creative with what you can carry along with these functional, simplified, perfectly sized mini fanny pack. Compliant with the highest safety standards (California Prop 65). Durable, easily cleanable vegan leather and nylon exterior. Wipeable and stain-resistant recycled nylon lining.",1169520002,https://www.gap.com/browse/product.do?pid=1169520002&vid=1&pcid=3046544&cid=3046544,True,0,0,2026-02-22,One Size,1169520,Kibou
,0,,Gap,,Girls / Shop All Accessories > Girls > Shop All Accessories,IRIDESCENT CLEAR,"Perfect for your little adventurer. Our very first kid-sized bags, designed for independence and hands-free fun. One spacious pocket designed to hold essentials. Hook to hold house keys, hair ties, Air Tag, or other small necessities. Kid, pet, and baby-friendly, compliant with the highest safety standards (California Prop 65). Easy to wipe clean, durable exterior and interior.",One Size Sold & shipped by Kibou Return by mail only. 1 Add to Bag,One Size Sold & shipped by Kibou Return by mail only. 1 Add to Bag,18,https://www.gap.com/webcontent/0057/843/058/cn57843058.jpg,https://www.gap.com/webcontent/0057/843/058/cn57843058.jpg | https://www.gap.com/webcontent/0057/843/252/cn57843252.jpg | https://www.gap.com/webcontent/0061/017/585/cn61017585.jpg | https://www.gap.com/webcontent/0061/019/504/cn61019504.jpg | https://www.gap.com/webcontent/0061/036/285/cn61036285.jpg | https://www.gap.com/webcontent/0057/843/029/cn57843029.jpg | https://www.gap.com/webcontent/0059/974/695/cn59974695.jpg | https://www.gap.com/webcontent/0059/975/575/cn59975575.jpg | https://www.gap.com/webcontent/0059/912/755/cn59912755.jpg | https://www.gap.com/webcontent/0061/037/250/cn61037250.jpg | https://www.gap.com/webcontent/0061/017/150/cn61017150.jpg | https://www.gap.com/webcontent/0060/791/857/cn60791857.jpg | https://www.gap.com/webcontent/0061/120/754/cn61120754.jpg | https://www.gap.com/webcontent/0060/367/792/cn60367792.jpg | https://www.gap.com/webcontent/0061/221/407/cn61221407.jpg | https://www.gap.com/webcontent/0061/302/698/cn61302698.jpg | https://www.gap.com/webcontent/0061/206/450/cn61206450.jpg | https://cdn.cookielaw.org/logos/e1cf9ab6-fc39-4557-b4ef-4393861dad52/d229a1c3-b8ad-46ad-9bdb-8311fd460a5f/c85f6701-9eae-4a9f-b770-87eee2dae9fc/Logo_color_lockup@3x.png,True,,,Kibou Kids Belt Bag,,USD,32.0,39.95,"Perfect for your little adventurer. Our very first kid-sized bags, designed for independence and hands-free fun. One spacious pocket designed to hold essentials. Hook to hold house keys, hair ties, Air Tag, or other small necessities. Kid, pet, and baby-friendly, compliant with the highest safety standards (California Prop 65). Easy to wipe clean, durable exterior and interior.",1170746002,https://www.gap.com/browse/product.do?pid=1170746002&vid=1&pcid=3046567&cid=3046567,True,0,,2026-02-22,One Size,1170746,Kibou
,0,,Gap,,Girls / Shop All Accessories > Girls > Shop All Accessories,Silver,"Perfect for your little adventurer. Our very first kid-sized bags, designed for independence and hands-free fun. One spacious pocket designed to hold essentials. Separate wallet zipper pocket with slots for cards and cash, and plenty of room for coins or other small keepsakes. Brightly colored nylon lining to make it easy to spot items inside. Hook to hold house keys, hair ties, Air Tags, or other small necessities. Kid, pet, and baby-friendly, compliant with the highest safety standards (California Prop 65). Easy to wipe clean, durable exterior and interior.",One Size Sold & shipped by Kibou Return by mail only. 1 Add to Bag,One Size Sold & shipped by Kibou Return by mail only. 1 Add to Bag,18,https://www.gap.com/webcontent/0057/843/029/cn57843029.jpg,https://www.gap.com/webcontent/0057/843/029/cn57843029.jpg | https://www.gap.com/webcontent/0057/843/241/cn57843241.jpg | https://www.gap.com/webcontent/0061/036/285/cn61036285.jpg | https://www.gap.com/webcontent/0057/843/058/cn57843058.jpg | https://www.gap.com/webcontent/0061/017/585/cn61017585.jpg | https://www.gap.com/webcontent/0060/791/857/cn60791857.jpg | https://www.gap.com/webcontent/0061/017/150/cn61017150.jpg | https://www.gap.com/webcontent/0061/019/504/cn61019504.jpg | https://www.gap.com/webcontent/0061/037/250/cn61037250.jpg | https://www.gap.com/webcontent/0060/367/792/cn60367792.jpg | https://www.gap.com/webcontent/0059/975/575/cn59975575.jpg | https://www.gap.com/webcontent/0056/071/943/cn56071943.jpg | https://www.gap.com/webcontent/0059/974/695/cn59974695.jpg | https://www.gap.com/webcontent/0061/302/698/cn61302698.jpg | https://www.gap.com/webcontent/0061/716/343/cn61716343.jpg | https://www.gap.com/webcontent/0059/961/248/cn59961248.jpg | https://www.gap.com/webcontent/0061/692/725/cn61692725.jpg | https://cdn.cookielaw.org/logos/e1cf9ab6-fc39-4557-b4ef-4393861dad52/d229a1c3-b8ad-46ad-9bdb-8311fd460a5f/c85f6701-9eae-4a9f-b770-87eee2dae9fc/Logo_color_lockup@3x.png,True,,,Kibou Kids Belt Bag,,USD,32.0,34.95,"Perfect for your little adventurer. Our very first kid-sized bags, designed for independence and hands-free fun. One spacious pocket designed to hold essentials. Separate wallet zipper pocket with slots for cards and cash, and plenty of room for coins or other small keepsakes. Brightly colored nylon lining to make it easy to spot items inside. Hook to hold house keys, hair ties, Air Tags, or other small necessities. Kid, pet, and baby-friendly, compliant with the highest safety standards (California Prop 65). Easy to wipe clean, durable exterior and interior.",1170747002,https://www.gap.com/browse/product.do?pid=1170747002&vid=1&pcid=3046567&cid=3046567,True,0,,2026-02-22,One Size,1170747,Kibou
,0,,Gap,Do not get wet #1174308 Customers also viewed Little Words Project Basketball Charm $16.00 Shiraleah Lipstick Holder Bag Charm $26.00 Little Words Project Baseball Charm $16.00 Andie Malibu Ribbed Classic One Piece $128.00 Michelangelo Creation Oversized Graphic T-Shirt $24.95 You may also like Little Words Project Mama and Mini Bracelet Set $45.00 Little Words Project Charm Bundle $46.00 Shiraleah Football Bag Charm $26.00 Little Words Project Football Charm $12.00 Andie Malibu Ribbed Classic One Piece $128.00 Little Words Project Charm Bundle $44.00 Shiraleah Heart Pouch Bag Charm/Key Ring $26.00 Andie Mykonos Classic One Piece - Long Torso $112.00 Porta Penny Loafer Mule $125.00 Van Gogh Pink Roses Oversized Graphic T-Shirt $24.95,"Women / Bags, Scarves & More > Women > Bags, Scarves & More",Hot Sauce,So spicy you can't look away! Attach this Hot Sauce Bag Charm to your bag in honor of your favorite hot condiment.,One Size Sold & shipped by Little Words Project Return by mail only. 1 Add to Bag,One Size Sold & shipped by Little Words Project Return by mail only. 1 Add to Bag,19,https://www.gap.com/webcontent/0060/498/468/cn60498468.jpg,https://www.gap.com/webcontent/0060/498/468/cn60498468.jpg | https://www.gap.com/webcontent/0060/498/439/cn60498439.jpg | https://www.gap.com/webcontent/0060/498/447/cn60498447.jpg | https://www.gap.com/webcontent/0060/967/471/cn60967471.jpg | https://www.gap.com/webcontent/0060/742/153/cn60742153.jpg | https://www.gap.com/webcontent/0060/970/472/cn60970472.jpg | https://www.gap.com/webcontent/0061/848/706/cn61848706.jpg | https://www.gap.com/webcontent/0057/788/446/cn57788446.jpg | https://www.gap.com/webcontent/0061/828/156/cn61828156.jpg | https://www.gap.com/webcontent/0060/729/365/cn60729365.jpg | https://www.gap.com/webcontent/0060/741/441/cn60741441.jpg | https://www.gap.com/webcontent/0060/967/056/cn60967056.jpg | https://www.gap.com/webcontent/0061/849/389/cn61849389.jpg | https://www.gap.com/webcontent/0060/520/979/cn60520979.jpg | https://www.gap.com/webcontent/0061/542/730/cn61542730.jpg | https://www.gap.com/webcontent/0061/850/738/cn61850738.jpg | https://www.gap.com/webcontent/0060/534/248/cn60534248.jpg | https://www.gap.com/webcontent/0057/780/296/cn57780296.jpg | https://cdn.cookielaw.org/logos/e1cf9ab6-fc39-4557-b4ef-4393861dad52/d229a1c3-b8ad-46ad-9bdb-8311fd460a5f/c85f6701-9eae-4a9f-b770-87eee2dae9fc/Logo_color_lockup@3x.png,True,,,Little Words Project Bag Charm,,USD,24.0,26.0,So spicy you can't look away! Attach this Hot Sauce Bag Charm to your bag in honor of your favorite hot condiment.,1174308002,https://www.gap.com/browse/product.do?pid=1174308002&vid=1&pcid=3046544&cid=3046544,True,0,95,2026-02-22,One Size,1174308,Little Words Project
,0,,Gap,,Boys / Shop All Accessories > Boys > Shop All Accessories,Pink/Silver | Navy/Neon,"STATE's signature backpack recommended for kindergarten to third grade. The Kane Backpack fits folders and up to one 2” binder or textbook. Perfect for school, travel, and every adventure in between, this best-selling kids' backpack is as fun as it is functional. 45% of this bag is made from recycled materials. For every bag sold, STATE donates a percentage of the proceeds to American families in need.",One Size Sold & shipped by State Bags Return by mail only. 1 Add to Bag,One Size Sold & shipped by State Bags Return by mail only. 1 Add to Bag,18,https://www.gap.com/webcontent/0059/975/575/cn59975575.jpg,https://www.gap.com/webcontent/0059/975/575/cn59975575.jpg | https://www.gap.com/webcontent/0059/975/082/cn59975082.jpg | https://www.gap.com/webcontent/0059/912/755/cn59912755.jpg | https://www.gap.com/webcontent/0061/037/218/cn61037218.jpg | https://www.gap.com/webcontent/0061/037/250/cn61037250.jpg | https://www.gap.com/webcontent/0061/019/504/cn61019504.jpg | https://www.gap.com/webcontent/0061/036/285/cn61036285.jpg | https://www.gap.com/webcontent/0061/120/754/cn61120754.jpg | https://www.gap.com/webcontent/0057/184/459/cn57184459.jpg | https://www.gap.com/webcontent/0057/184/480/cn57184480.jpg | https://www.gap.com/webcontent/0060/698/444/cn60698444.jpg | https://www.gap.com/webcontent/0061/017/585/cn61017585.jpg | https://www.gap.com/webcontent/0061/221/407/cn61221407.jpg | https://www.gap.com/webcontent/0060/367/792/cn60367792.jpg | https://www.gap.com/webcontent/0059/961/248/cn59961248.jpg | https://www.gap.com/webcontent/0061/017/150/cn61017150.jpg | https://www.gap.com/webcontent/0029/197/176/cn29197176.jpg | https://cdn.cookielaw.org/logos/e1cf9ab6-fc39-4557-b4ef-4393861dad52/d229a1c3-b8ad-46ad-9bdb-8311fd460a5f/c85f6701-9eae-4a9f-b770-87eee2dae9fc/Logo_color_lockup@3x.png,True,". For every bag sold, STATE donates a percentage of the proceeds to American families in need.",". For every bag sold, STATE donates a percentage of the proceeds to American families in need.",STATE Kane Backpack,,USD,39.95,98.0,"STATE's signature backpack recommended for kindergarten to third grade. The Kane Backpack fits folders and up to one 2” binder or textbook. Perfect for school, travel, and every adventure in between, this best-selling kids' backpack is as fun as it is functional. 45% of this bag is made from recycled materials. For every bag sold, STATE donates a percentage of the proceeds to American families in need.",1173114002,https://www.gap.com/browse/product.do?pid=1173114002&vid=1&pcid=3046590&cid=3046590,True,0,,2026-02-22,One Size,1173114,State Bags
,0,,Gap,,Girls / Shop All Accessories > Girls > Shop All Accessories,Pink/Silver | Navy/Neon,"STATE's signature backpack recommended for kindergarten to third grade. The Kane Backpack fits folders and up to one 2” binder or textbook. Perfect for school, travel, and every adventure in between, this best-selling kids' backpack is as fun as it is functional. 45% of this bag is made from recycled materials. For every bag sold, STATE donates a percentage of the proceeds to American families in need.",One Size Sold & shipped by State Bags Return by mail only. 1 Add to Bag,One Size Sold & shipped by State Bags Return by mail only. 1 Add to Bag,21,https://www.gap.com/webcontent/0059/974/695/cn59974695.jpg,https://www.gap.com/webcontent/0059/974/695/cn59974695.jpg | https://www.gap.com/webcontent/0059/974/684/cn59974684.jpg | https://www.gap.com/webcontent/0059/974/674/cn59974674.jpg | https://www.gap.com/webcontent/0059/974/708/cn59974708.jpg | https://www.gap.com/webcontent/0059/975/555/cn59975555.jpg | https://www.gap.com/webcontent/0061/019/504/cn61019504.jpg | https://www.gap.com/webcontent/0059/912/755/cn59912755.jpg | https://www.gap.com/webcontent/0061/037/218/cn61037218.jpg | https://www.gap.com/webcontent/0061/037/250/cn61037250.jpg | https://www.gap.com/webcontent/0061/017/585/cn61017585.jpg | https://www.gap.com/webcontent/0061/120/754/cn61120754.jpg | https://www.gap.com/webcontent/0057/843/058/cn57843058.jpg | https://www.gap.com/webcontent/0061/221/407/cn61221407.jpg | https://www.gap.com/webcontent/0060/367/792/cn60367792.jpg | https://www.gap.com/webcontent/0061/036/285/cn61036285.jpg | https://www.gap.com/webcontent/0061/206/452/cn61206452.jpg | https://www.gap.com/webcontent/0060/366/819/cn60366819.jpg | https://www.gap.com/webcontent/0061/136/135/cn61136135.jpg | https://www.gap.com/webcontent/0061/692/725/cn61692725.jpg | https://www.gap.com/webcontent/0060/792/040/cn60792040.jpg | https://cdn.cookielaw.org/logos/e1cf9ab6-fc39-4557-b4ef-4393861dad52/d229a1c3-b8ad-46ad-9bdb-8311fd460a5f/c85f6701-9eae-4a9f-b770-87eee2dae9fc/Logo_color_lockup@3x.png,True,". For every bag sold, STATE donates a percentage of the proceeds to American families in need.",". For every bag sold, STATE donates a percentage of the proceeds to American families in need.",STATE Kane Backpack,,USD,39.95,98.0,"STATE's signature backpack recommended for kindergarten to third grade. The Kane Backpack fits folders and up to one 2” binder or textbook. Perfect for school, travel, and every adventure in between, this best-selling kids' backpack is as fun as it is functional. 45% of this bag is made from recycled materials. For every bag sold, STATE donates a percentage of the proceeds to American families in need.",1173113002,https://www.gap.com/browse/product.do?pid=1173113002&vid=1&pcid=3046567&cid=3046567,True,0,0,2026-02-22,One Size,1173113,State Bags
,0,,Gap,,Girls / Shop All Accessories > Girls > Shop All Accessories,PINK/SILVER,"STATE's award winning, collapsible hanging toiletry kit. Thoughtfully designed with a place for every item you need. Made from recycled materials.",One Size Sold & shipped by State Bags Return by mail only. 1 Add to Bag,One Size Sold & shipped by State Bags Return by mail only. 1 Add to Bag,18,https://www.gap.com/webcontent/0059/974/883/cn59974883.jpg,https://www.gap.com/webcontent/0059/974/883/cn59974883.jpg | https://www.gap.com/webcontent/0060/115/349/cn60115349.jpg | https://www.gap.com/webcontent/0059/975/498/cn59975498.jpg | https://www.gap.com/webcontent/0059/974/695/cn59974695.jpg | https://www.gap.com/webcontent/0059/912/755/cn59912755.jpg | https://www.gap.com/webcontent/0059/975/575/cn59975575.jpg | https://www.gap.com/webcontent/0057/843/058/cn57843058.jpg | https://www.gap.com/webcontent/0061/082/130/cn61082130.jpg | https://www.gap.com/webcontent/0061/019/504/cn61019504.jpg | https://www.gap.com/webcontent/0059/886/748/cn59886748.jpg | https://www.gap.com/webcontent/0061/017/585/cn61017585.jpg | https://www.gap.com/webcontent/0061/036/285/cn61036285.jpg | https://www.gap.com/webcontent/0061/120/754/cn61120754.jpg | https://www.gap.com/webcontent/0061/037/218/cn61037218.jpg | https://www.gap.com/webcontent/0060/283/400/cn60283400.jpg | https://www.gap.com/webcontent/0060/776/306/cn60776306.jpg | https://www.gap.com/webcontent/0061/035/621/cn61035621.jpg | https://cdn.cookielaw.org/logos/e1cf9ab6-fc39-4557-b4ef-4393861dad52/d229a1c3-b8ad-46ad-9bdb-8311fd460a5f/c85f6701-9eae-4a9f-b770-87eee2dae9fc/Logo_color_lockup@3x.png,True,.,.,STATE Bensen Toiletry Kit,,USD,16.95,68.0,"STATE's award winning, collapsible hanging toiletry kit. Thoughtfully designed with a place for every item you need. Made from recycled materials.",1173122002,https://www.gap.com/browse/product.do?pid=1173122002&vid=1&pcid=3046567&cid=3046567,True,0,0,2026-02-22,One Size,1173122,State Bags
,0,,Gap,,"Women / Bags, Scarves & More > Women > Bags, Scarves & More",Leopard,"Add a fierce finishing touch to your everyday look. This structured tote features a bold leopard print and chic double handles for easy grab-and-go style. A magnetic snap closure keeps your essentials secure. The inner zip pocket and two slip pockets help you stay organized. Gold-tone handle D-rings add an elevated detail and make it easy to customize with your favorite charms. Does not come with Bag Charm, sold separately.",One Size Sold & shipped by Shiraleah Return by mail only. 1 Add to Bag,One Size Sold & shipped by Shiraleah Return by mail only. 1 Add to Bag,19,https://www.gap.com/webcontent/0060/830/097/cn60830097.jpg,https://www.gap.com/webcontent/0060/830/097/cn60830097.jpg | https://www.gap.com/webcontent/0060/836/481/cn60836481.jpg | https://www.gap.com/webcontent/0060/830/089/cn60830089.jpg | https://www.gap.com/webcontent/0060/742/153/cn60742153.jpg | https://www.gap.com/webcontent/0060/739/113/cn60739113.jpg | https://www.gap.com/webcontent/0060/498/455/cn60498455.jpg | https://www.gap.com/webcontent/0060/739/553/cn60739553.jpg | https://www.gap.com/webcontent/0057/788/446/cn57788446.jpg | https://www.gap.com/webcontent/0059/846/495/cn59846495.jpg | https://www.gap.com/webcontent/0060/567/214/cn60567214.jpg | https://www.gap.com/webcontent/0060/739/173/cn60739173.jpg | https://www.gap.com/webcontent/0061/542/730/cn61542730.jpg | https://www.gap.com/webcontent/0060/534/248/cn60534248.jpg | https://www.gap.com/webcontent/0060/739/203/cn60739203.jpg | https://www.gap.com/webcontent/0061/036/646/cn61036646.jpg | https://www.gap.com/webcontent/0060/758/214/cn60758214.jpg | https://www.gap.com/webcontent/0060/740/211/cn60740211.jpg | https://www.gap.com/webcontent/0060/779/618/cn60779618.jpg | https://cdn.cookielaw.org/logos/e1cf9ab6-fc39-4557-b4ef-4393861dad52/d229a1c3-b8ad-46ad-9bdb-8311fd460a5f/c85f6701-9eae-4a9f-b770-87eee2dae9fc/Logo_color_lockup@3x.png,True,,,Shiraleah Leo Tote,,USD,92.0,118.0,"Add a fierce finishing touch to your everyday look. This structured tote features a bold leopard print and chic double handles for easy grab-and-go style. A magnetic snap closure keeps your essentials secure. The inner zip pocket and two slip pockets help you stay organized. Gold-tone handle D-rings add an elevated detail and make it easy to customize with your favorite charms. Does not come with Bag Charm, sold separately.",1175311002,https://www.gap.com/browse/product.do?pid=1175311002&vid=1&pcid=3046544&cid=3051538,True,0,0,2026-02-22,One Size,1175311,Shiraleah
,0,,Gap,,"Women / Bags, Scarves & More > Women > Bags, Scarves & More",BLACK | ORANGE | GREEN | BLUE | NAVY | PURPLE | MAROON | Red,"Cheer on your team in style with the Helmet Bag Charm and Key Ring. This fun, helmet-shaped pouch features a top zip closure to stash small essentials, and comes with a key ring and clasp hook so you can attach it to any bag or set of keys. The bold “Game Day” lettering and matching tassel cord give it extra spirit and flair. Whether you're tailgating or just running errands, this charm brings major game day energy. Shiraleah is a trend-driven lifestyle brand focusing on the little things that make life special.",One Size Sold & shipped by Shiraleah Return by mail only. 1 Add to Bag,One Size Sold & shipped by Shiraleah Return by mail only. 1 Add to Bag,16,https://www.gap.com/webcontent/0060/758/262/cn60758262.jpg,https://www.gap.com/webcontent/0060/758/262/cn60758262.jpg | https://www.gap.com/webcontent/0060/742/171/cn60742171.jpg | https://www.gap.com/webcontent/0060/741/473/cn60741473.jpg | https://www.gap.com/webcontent/0060/739/259/cn60739259.jpg | https://www.gap.com/webcontent/0060/741/557/cn60741557.jpg | https://www.gap.com/webcontent/0060/741/499/cn60741499.jpg | https://www.gap.com/webcontent/0060/742/153/cn60742153.jpg | https://www.gap.com/webcontent/0060/741/455/cn60741455.jpg | https://www.gap.com/webcontent/0060/739/173/cn60739173.jpg | https://www.gap.com/webcontent/0060/741/427/cn60741427.jpg | https://www.gap.com/webcontent/0060/534/248/cn60534248.jpg | https://www.gap.com/webcontent/0057/830/467/cn57830467.jpg | https://www.gap.com/webcontent/0060/758/342/cn60758342.jpg | https://www.gap.com/webcontent/0061/542/295/cn61542295.jpg | https://www.gap.com/webcontent/0060/740/211/cn60740211.jpg | https://cdn.cookielaw.org/logos/e1cf9ab6-fc39-4557-b4ef-4393861dad52/d229a1c3-b8ad-46ad-9bdb-8311fd460a5f/c85f6701-9eae-4a9f-b770-87eee2dae9fc/Logo_color_lockup@3x.png,True,,,Shiraleah Helmet Bag Charm,,USD,22.0,42.0,"Cheer on your team in style with the Helmet Bag Charm and Key Ring. This fun, helmet-shaped pouch features a top zip closure to stash small essentials, and comes with a key ring and clasp hook so you can attach it to any bag or set of keys. The bold “Game Day” lettering and matching tassel cord give it extra spirit and flair. Whether you're tailgating or just running errands, this charm brings major game day energy. Shiraleah is a trend-driven lifestyle brand focusing on the little things that make life special.",1175312002,https://www.gap.com/browse/product.do?pid=1175312002&vid=1&pcid=3046544&cid=3046544,True,0,0,2026-02-22,One Size,1175312,Shiraleah
,0,,Gap,,"Women / Bags, Scarves & More > Women > Bags, Scarves & More",GREEN | PURPLE,"Keep essentials close when you need a compact bag. It’s perfect for stadium regulations and statement looks. This compact cutie features two interchangeable pouches—one sleek and solid, the other clear—attached to a wide printed wrist strap that brings all the Game Day vibes. Just clip it on, load it up, and let your hands stay free while you cheer, snack, or snap pics. Shiraleah is a trend-driven lifestyle brand focusing on the little things that make life special.",One Size Sold & shipped by Shiraleah Return by mail only. 1 Add to Bag,One Size Sold & shipped by Shiraleah Return by mail only. 1 Add to Bag,17,https://www.gap.com/webcontent/0060/739/113/cn60739113.jpg,https://www.gap.com/webcontent/0060/739/113/cn60739113.jpg | https://www.gap.com/webcontent/0059/290/025/cn59290025.jpg | https://www.gap.com/webcontent/0060/741/427/cn60741427.jpg | https://www.gap.com/webcontent/0060/498/455/cn60498455.jpg | https://www.gap.com/webcontent/0060/741/499/cn60741499.jpg | https://www.gap.com/webcontent/0061/542/308/cn61542308.jpg | https://www.gap.com/webcontent/0056/927/945/cn56927945.jpg | https://www.gap.com/webcontent/0060/741/473/cn60741473.jpg | https://www.gap.com/webcontent/0060/742/153/cn60742153.jpg | https://www.gap.com/webcontent/0060/741/441/cn60741441.jpg | https://www.gap.com/webcontent/0060/520/006/cn60520006.jpg | https://www.gap.com/webcontent/0060/741/455/cn60741455.jpg | https://www.gap.com/webcontent/0057/830/467/cn57830467.jpg | https://www.gap.com/webcontent/0061/542/295/cn61542295.jpg | https://www.gap.com/webcontent/0060/741/557/cn60741557.jpg | https://www.gap.com/webcontent/0060/742/171/cn60742171.jpg | https://cdn.cookielaw.org/logos/e1cf9ab6-fc39-4557-b4ef-4393861dad52/d229a1c3-b8ad-46ad-9bdb-8311fd460a5f/c85f6701-9eae-4a9f-b770-87eee2dae9fc/Logo_color_lockup@3x.png,False,,,Shiraleah Taylor Mini Wristlet,,USD,40.0,40.0,"Keep essentials close when you need a compact bag. It’s perfect for stadium regulations and statement looks. This compact cutie features two interchangeable pouches—one sleek and solid, the other clear—attached to a wide printed wrist strap that brings all the Game Day vibes. Just clip it on, load it up, and let your hands stay free while you cheer, snack, or snap pics. Shiraleah is a trend-driven lifestyle brand focusing on the little things that make life special.",1175310012,https://www.gap.com/browse/product.do?pid=1175310012&vid=1&pcid=3046544&cid=3046544,True,0,0,2026-02-22,One Size,1175310,Shiraleah
,0,,Gap,,"Women / Bags, Scarves & More > Women > Bags, Scarves & More",GREEN | PURPLE,"Keep essentials close when you need a compact bag. It’s perfect for stadium regulations and statement looks. This compact cutie features two interchangeable pouches—one sleek and solid, the other clear—attached to a wide printed wrist strap that brings all the Game Day vibes. Just clip it on, load it up, and let your hands stay free while you cheer, snack, or snap pics. Shiraleah is a trend-driven lifestyle brand focusing on the little things that make life special.",One Size Sold & shipped by Shiraleah Return by mail only. 1 Add to Bag,One Size Sold & shipped by Shiraleah Return by mail only. 1 Add to Bag,18,https://www.gap.com/webcontent/0060/739/553/cn60739553.jpg,https://www.gap.com/webcontent/0060/739/553/cn60739553.jpg | https://www.gap.com/webcontent/0060/739/040/cn60739040.jpg | https://www.gap.com/webcontent/0059/290/025/cn59290025.jpg | https://www.gap.com/webcontent/0060/498/455/cn60498455.jpg | https://www.gap.com/webcontent/0060/852/305/cn60852305.jpg | https://www.gap.com/webcontent/0061/850/631/cn61850631.jpg | https://www.gap.com/webcontent/0060/996/980/cn60996980.jpg | https://www.gap.com/webcontent/0060/741/441/cn60741441.jpg | https://www.gap.com/webcontent/0060/998/914/cn60998914.jpg | https://www.gap.com/webcontent/0060/741/427/cn60741427.jpg | https://www.gap.com/webcontent/0061/848/506/cn61848506.jpg | https://www.gap.com/webcontent/0060/741/455/cn60741455.jpg | https://www.gap.com/webcontent/0061/863/273/cn61863273.jpg | https://www.gap.com/webcontent/0060/741/499/cn60741499.jpg | https://www.gap.com/webcontent/0061/848/706/cn61848706.jpg | https://www.gap.com/webcontent/0060/534/248/cn60534248.jpg | https://www.gap.com/webcontent/0060/512/540/cn60512540.jpg | https://cdn.cookielaw.org/logos/e1cf9ab6-fc39-4557-b4ef-4393861dad52/d229a1c3-b8ad-46ad-9bdb-8311fd460a5f/c85f6701-9eae-4a9f-b770-87eee2dae9fc/Logo_color_lockup@3x.png,False,,,Shiraleah Taylor Mini Wristlet,,USD,40.0,40.0,"Keep essentials close when you need a compact bag. It’s perfect for stadium regulations and statement looks. This compact cutie features two interchangeable pouches—one sleek and solid, the other clear—attached to a wide printed wrist strap that brings all the Game Day vibes. Just clip it on, load it up, and let your hands stay free while you cheer, snack, or snap pics. Shiraleah is a trend-driven lifestyle brand focusing on the little things that make life special.",1175310002,https://www.gap.com/browse/product.do?pid=1175310002&vid=1&pcid=3046544&cid=3051539,True,0,0,2026-02-22,One Size,1175310,Shiraleah
,0,,Gap,,"Women / Bags, Scarves & More > Women > Bags, Scarves & More",BLACK | ORANGE | GREEN | BLUE | NAVY | PURPLE | MAROON | Red,"Cheer on your team in style with the Helmet Bag Charm and Key Ring. This fun, helmet-shaped pouch features a top zip closure to stash small essentials, and comes with a key ring and clasp hook so you can attach it to any bag or set of keys. The bold “Game Day” lettering and matching tassel cord give it extra spirit and flair. Whether you're tailgating or just running errands, this charm brings major game day energy. Shiraleah is a trend-driven lifestyle brand focusing on the little things that make life special.",One Size Sold & shipped by Shiraleah Return by mail only. 1 Add to Bag,One Size Sold & shipped by Shiraleah Return by mail only. 1 Add to Bag,17,https://www.gap.com/webcontent/0060/758/282/cn60758282.jpg,https://www.gap.com/webcontent/0060/758/282/cn60758282.jpg | https://www.gap.com/webcontent/0060/758/364/cn60758364.jpg | https://www.gap.com/webcontent/0061/847/843/cn61847843.jpg | https://www.gap.com/webcontent/0060/741/441/cn60741441.jpg | https://www.gap.com/webcontent/0061/850/727/cn61850727.jpg | https://www.gap.com/webcontent/0060/741/455/cn60741455.jpg | https://www.gap.com/webcontent/0061/849/709/cn61849709.jpg | https://www.gap.com/webcontent/0061/848/506/cn61848506.jpg | https://www.gap.com/webcontent/0060/741/427/cn60741427.jpg | https://www.gap.com/webcontent/0060/740/211/cn60740211.jpg | https://www.gap.com/webcontent/0061/849/552/cn61849552.jpg | https://www.gap.com/webcontent/0060/742/171/cn60742171.jpg | https://www.gap.com/webcontent/0060/512/712/cn60512712.jpg | https://www.gap.com/webcontent/0061/849/462/cn61849462.jpg | https://www.gap.com/webcontent/0060/739/259/cn60739259.jpg | https://www.gap.com/webcontent/0061/850/702/cn61850702.jpg | https://cdn.cookielaw.org/logos/e1cf9ab6-fc39-4557-b4ef-4393861dad52/d229a1c3-b8ad-46ad-9bdb-8311fd460a5f/c85f6701-9eae-4a9f-b770-87eee2dae9fc/Logo_color_lockup@3x.png,True,,,Shiraleah Helmet Bag Charm,,USD,22.0,112.0,"Cheer on your team in style with the Helmet Bag Charm and Key Ring. This fun, helmet-shaped pouch features a top zip closure to stash small essentials, and comes with a key ring and clasp hook so you can attach it to any bag or set of keys. The bold “Game Day” lettering and matching tassel cord give it extra spirit and flair. Whether you're tailgating or just running errands, this charm brings major game day energy. Shiraleah is a trend-driven lifestyle brand focusing on the little things that make life special.",1175312042,https://www.gap.com/browse/product.do?pid=1175312042&vid=1&pcid=3046544&cid=3046544,True,0,0,2026-02-22,One Size,1175312,Shiraleah
,0,,Gap,,"Women / Bags, Scarves & More > Women > Bags, Scarves & More",BLACK | ORANGE | GREEN | BLUE | NAVY | PURPLE | MAROON | Red,"Cheer on your team in style with the Helmet Bag Charm and Key Ring. This fun, helmet-shaped pouch features a top zip closure to stash small essentials, and comes with a key ring and clasp hook so you can attach it to any bag or set of keys. The bold “Game Day” lettering and matching tassel cord give it extra spirit and flair. Whether you're tailgating or just running errands, this charm brings major game day energy. Shiraleah is a trend-driven lifestyle brand focusing on the little things that make life special.",One Size Sold & shipped by Shiraleah Return by mail only. 1 Add to Bag,One Size Sold & shipped by Shiraleah Return by mail only. 1 Add to Bag,16,https://www.gap.com/webcontent/0060/758/275/cn60758275.jpg,https://www.gap.com/webcontent/0060/758/275/cn60758275.jpg | https://www.gap.com/webcontent/0060/739/173/cn60739173.jpg | https://www.gap.com/webcontent/0061/231/755/cn61231755.jpg | https://www.gap.com/webcontent/0060/742/153/cn60742153.jpg | https://www.gap.com/webcontent/0060/741/473/cn60741473.jpg | https://www.gap.com/webcontent/0060/739/259/cn60739259.jpg | https://www.gap.com/webcontent/0060/741/499/cn60741499.jpg | https://www.gap.com/webcontent/0059/220/288/cn59220288.jpg | https://www.gap.com/webcontent/0061/231/768/cn61231768.jpg | https://www.gap.com/webcontent/0061/542/295/cn61542295.jpg | https://www.gap.com/webcontent/0060/534/248/cn60534248.jpg | https://www.gap.com/webcontent/0061/228/470/cn61228470.jpg | https://www.gap.com/webcontent/0056/687/069/cn56687069.jpg | https://www.gap.com/webcontent/0060/758/342/cn60758342.jpg | https://www.gap.com/webcontent/0061/542/308/cn61542308.jpg | https://cdn.cookielaw.org/logos/e1cf9ab6-fc39-4557-b4ef-4393861dad52/d229a1c3-b8ad-46ad-9bdb-8311fd460a5f/c85f6701-9eae-4a9f-b770-87eee2dae9fc/Logo_color_lockup@3x.png,True,,,Shiraleah Helmet Bag Charm,,USD,22.0,32.0,"Cheer on your team in style with the Helmet Bag Charm and Key Ring. This fun, helmet-shaped pouch features a top zip closure to stash small essentials, and comes with a key ring and clasp hook so you can attach it to any bag or set of keys. The bold “Game Day” lettering and matching tassel cord give it extra spirit and flair. Whether you're tailgating or just running errands, this charm brings major game day energy. Shiraleah is a trend-driven lifestyle brand focusing on the little things that make life special.",1175312012,https://www.gap.com/browse/product.do?pid=1175312012&vid=1&pcid=3046544&cid=3046544,True,0,0,2026-02-22,One Size,1175312,Shiraleah
,0,,Gap,,"Women / Bags, Scarves & More > Women > Bags, Scarves & More",BLACK | ORANGE | GREEN | BLUE | NAVY | PURPLE | MAROON | Red,"Cheer on your team in style with the Helmet Bag Charm and Key Ring. This fun, helmet-shaped pouch features a top zip closure to stash small essentials, and comes with a key ring and clasp hook so you can attach it to any bag or set of keys. The bold “Game Day” lettering and matching tassel cord give it extra spirit and flair. Whether you're tailgating or just running errands, this charm brings major game day energy. Shiraleah is a trend-driven lifestyle brand focusing on the little things that make life special.",One Size Sold & shipped by Shiraleah Return by mail only. 1 Add to Bag,One Size Sold & shipped by Shiraleah Return by mail only. 1 Add to Bag,16,https://www.gap.com/webcontent/0060/758/201/cn60758201.jpg,https://www.gap.com/webcontent/0060/758/201/cn60758201.jpg | https://www.gap.com/webcontent/0060/739/173/cn60739173.jpg | https://www.gap.com/webcontent/0060/741/473/cn60741473.jpg | https://www.gap.com/webcontent/0060/739/259/cn60739259.jpg | https://www.gap.com/webcontent/0060/742/153/cn60742153.jpg | https://www.gap.com/webcontent/0060/741/557/cn60741557.jpg | https://www.gap.com/webcontent/0060/741/499/cn60741499.jpg | https://www.gap.com/webcontent/0059/220/288/cn59220288.jpg | https://www.gap.com/webcontent/0060/758/342/cn60758342.jpg | https://www.gap.com/webcontent/0060/741/455/cn60741455.jpg | https://www.gap.com/webcontent/0060/996/773/cn60996773.jpg | https://www.gap.com/webcontent/0060/741/406/cn60741406.jpg | https://www.gap.com/webcontent/0060/534/248/cn60534248.jpg | https://www.gap.com/webcontent/0061/229/622/cn61229622.jpg | https://www.gap.com/webcontent/0061/228/470/cn61228470.jpg | https://cdn.cookielaw.org/logos/e1cf9ab6-fc39-4557-b4ef-4393861dad52/d229a1c3-b8ad-46ad-9bdb-8311fd460a5f/c85f6701-9eae-4a9f-b770-87eee2dae9fc/Logo_color_lockup@3x.png,True,,,Shiraleah Helmet Bag Charm,,USD,22.0,32.0,"Cheer on your team in style with the Helmet Bag Charm and Key Ring. This fun, helmet-shaped pouch features a top zip closure to stash small essentials, and comes with a key ring and clasp hook so you can attach it to any bag or set of keys. The bold “Game Day” lettering and matching tassel cord give it extra spirit and flair. Whether you're tailgating or just running errands, this charm brings major game day energy. Shiraleah is a trend-driven lifestyle brand focusing on the little things that make life special.",1175312022,https://www.gap.com/browse/product.do?pid=1175312022&vid=1&pcid=3046544&cid=3046544,True,0,0,2026-02-22,One Size,1175312,Shiraleah
,0,,Gap,,"Women / Bags, Scarves & More > Women > Bags, Scarves & More",BLACK | ORANGE | GREEN | BLUE | NAVY | PURPLE | MAROON | Red,"Cheer on your team in style with the Helmet Bag Charm and Key Ring. This fun, helmet-shaped pouch features a top zip closure to stash small essentials, and comes with a key ring and clasp hook so you can attach it to any bag or set of keys. The bold “Game Day” lettering and matching tassel cord give it extra spirit and flair. Whether you're tailgating or just running errands, this charm brings major game day energy. Shiraleah is a trend-driven lifestyle brand focusing on the little things that make life special.",One Size Sold & shipped by Shiraleah Return by mail only. 1 Add to Bag,One Size Sold & shipped by Shiraleah Return by mail only. 1 Add to Bag,16,https://www.gap.com/webcontent/0060/758/382/cn60758382.jpg,https://www.gap.com/webcontent/0060/758/382/cn60758382.jpg | https://www.gap.com/webcontent/0060/739/173/cn60739173.jpg | https://www.gap.com/webcontent/0060/741/499/cn60741499.jpg | https://www.gap.com/webcontent/0060/742/153/cn60742153.jpg | https://www.gap.com/webcontent/0060/741/473/cn60741473.jpg | https://www.gap.com/webcontent/0061/229/622/cn61229622.jpg | https://www.gap.com/webcontent/0061/231/755/cn61231755.jpg | https://www.gap.com/webcontent/0061/542/295/cn61542295.jpg | https://www.gap.com/webcontent/0060/739/259/cn60739259.jpg | https://www.gap.com/webcontent/0060/742/171/cn60742171.jpg | https://www.gap.com/webcontent/0061/542/308/cn61542308.jpg | https://www.gap.com/webcontent/0060/741/455/cn60741455.jpg | https://www.gap.com/webcontent/0061/228/470/cn61228470.jpg | https://www.gap.com/webcontent/0059/220/288/cn59220288.jpg | https://www.gap.com/webcontent/0061/542/730/cn61542730.jpg | https://cdn.cookielaw.org/logos/e1cf9ab6-fc39-4557-b4ef-4393861dad52/d229a1c3-b8ad-46ad-9bdb-8311fd460a5f/c85f6701-9eae-4a9f-b770-87eee2dae9fc/Logo_color_lockup@3x.png,True,,,Shiraleah Helmet Bag Charm,,USD,22.0,32.0,"Cheer on your team in style with the Helmet Bag Charm and Key Ring. This fun, helmet-shaped pouch features a top zip closure to stash small essentials, and comes with a key ring and clasp hook so you can attach it to any bag or set of keys. The bold “Game Day” lettering and matching tassel cord give it extra spirit and flair. Whether you're tailgating or just running errands, this charm brings major game day energy. Shiraleah is a trend-driven lifestyle brand focusing on the little things that make life special.",1175312032,https://www.gap.com/browse/product.do?pid=1175312032&vid=1&pcid=3046544&cid=3051539,True,0,0,2026-02-22,One Size,1175312,Shiraleah
,0,,Gap,,"Women / Bags, Scarves & More > Women > Bags, Scarves & More",BLACK | ORANGE | GREEN | BLUE | NAVY | PURPLE | MAROON | Red,"Cheer on your team in style with the Helmet Bag Charm and Key Ring. This fun, helmet-shaped pouch features a top zip closure to stash small essentials, and comes with a key ring and clasp hook so you can attach it to any bag or set of keys. The bold “Game Day” lettering and matching tassel cord give it extra spirit and flair. Whether you're tailgating or just running errands, this charm brings major game day energy. Shiraleah is a trend-driven lifestyle brand focusing on the little things that make life special.",One Size Sold & shipped by Shiraleah Return by mail only. 1 Add to Bag,One Size Sold & shipped by Shiraleah Return by mail only. 1 Add to Bag,16,https://www.gap.com/webcontent/0060/758/214/cn60758214.jpg,https://www.gap.com/webcontent/0060/758/214/cn60758214.jpg | https://www.gap.com/webcontent/0060/739/173/cn60739173.jpg | https://www.gap.com/webcontent/0060/741/499/cn60741499.jpg | https://www.gap.com/webcontent/0060/742/153/cn60742153.jpg | https://www.gap.com/webcontent/0060/741/473/cn60741473.jpg | https://www.gap.com/webcontent/0061/231/755/cn61231755.jpg | https://www.gap.com/webcontent/0061/542/295/cn61542295.jpg | https://www.gap.com/webcontent/0060/739/259/cn60739259.jpg | https://www.gap.com/webcontent/0060/741/406/cn60741406.jpg | https://www.gap.com/webcontent/0060/534/248/cn60534248.jpg | https://www.gap.com/webcontent/0061/542/308/cn61542308.jpg | https://www.gap.com/webcontent/0060/742/171/cn60742171.jpg | https://www.gap.com/webcontent/0061/228/470/cn61228470.jpg | https://www.gap.com/webcontent/0060/741/455/cn60741455.jpg | https://www.gap.com/webcontent/0061/542/730/cn61542730.jpg | https://cdn.cookielaw.org/logos/e1cf9ab6-fc39-4557-b4ef-4393861dad52/d229a1c3-b8ad-46ad-9bdb-8311fd460a5f/c85f6701-9eae-4a9f-b770-87eee2dae9fc/Logo_color_lockup@3x.png,True,,,Shiraleah Helmet Bag Charm,,USD,22.0,32.0,"Cheer on your team in style with the Helmet Bag Charm and Key Ring. This fun, helmet-shaped pouch features a top zip closure to stash small essentials, and comes with a key ring and clasp hook so you can attach it to any bag or set of keys. The bold “Game Day” lettering and matching tassel cord give it extra spirit and flair. Whether you're tailgating or just running errands, this charm brings major game day energy. Shiraleah is a trend-driven lifestyle brand focusing on the little things that make life special.",1175312052,https://www.gap.com/browse/product.do?pid=1175312052&vid=1&pcid=3046544&cid=3046544,True,0,0,2026-02-22,One Size,1175312,Shiraleah
,0,,Gap,,"Women / Bags, Scarves & More > Women > Bags, Scarves & More",BLACK | ORANGE | GREEN | BLUE | NAVY | PURPLE | MAROON | Red,"Cheer on your team in style with the Helmet Bag Charm and Key Ring. This fun, helmet-shaped pouch features a top zip closure to stash small essentials, and comes with a key ring and clasp hook so you can attach it to any bag or set of keys. The bold “Game Day” lettering and matching tassel cord give it extra spirit and flair. Whether you're tailgating or just running errands, this charm brings major game day energy. Shiraleah is a trend-driven lifestyle brand focusing on the little things that make life special.",One Size Sold & shipped by Shiraleah Return by mail only. 1 Add to Bag,One Size Sold & shipped by Shiraleah Return by mail only. 1 Add to Bag,16,https://www.gap.com/webcontent/0060/739/203/cn60739203.jpg,https://www.gap.com/webcontent/0060/739/203/cn60739203.jpg | https://www.gap.com/webcontent/0060/739/173/cn60739173.jpg | https://www.gap.com/webcontent/0060/741/499/cn60741499.jpg | https://www.gap.com/webcontent/0060/742/153/cn60742153.jpg | https://www.gap.com/webcontent/0060/741/473/cn60741473.jpg | https://www.gap.com/webcontent/0060/741/406/cn60741406.jpg | https://www.gap.com/webcontent/0060/739/259/cn60739259.jpg | https://www.gap.com/webcontent/0060/741/557/cn60741557.jpg | https://www.gap.com/webcontent/0061/542/295/cn61542295.jpg | https://www.gap.com/webcontent/0060/742/171/cn60742171.jpg | https://www.gap.com/webcontent/0060/534/248/cn60534248.jpg | https://www.gap.com/webcontent/0061/229/622/cn61229622.jpg | https://www.gap.com/webcontent/0059/220/288/cn59220288.jpg | https://www.gap.com/webcontent/0061/228/470/cn61228470.jpg | https://www.gap.com/webcontent/0061/542/730/cn61542730.jpg | https://cdn.cookielaw.org/logos/e1cf9ab6-fc39-4557-b4ef-4393861dad52/d229a1c3-b8ad-46ad-9bdb-8311fd460a5f/c85f6701-9eae-4a9f-b770-87eee2dae9fc/Logo_color_lockup@3x.png,True,,,Shiraleah Helmet Bag Charm,,USD,22.0,32.0,"Cheer on your team in style with the Helmet Bag Charm and Key Ring. This fun, helmet-shaped pouch features a top zip closure to stash small essentials, and comes with a key ring and clasp hook so you can attach it to any bag or set of keys. The bold “Game Day” lettering and matching tassel cord give it extra spirit and flair. Whether you're tailgating or just running errands, this charm brings major game day energy. Shiraleah is a trend-driven lifestyle brand focusing on the little things that make life special.",1175312072,https://www.gap.com/browse/product.do?pid=1175312072&vid=1&pcid=3046544&cid=3046544,True,0,0,2026-02-22,One Size,1175312,Shiraleah
,0,,Gap,,"Women / Bags, Scarves & More > Women > Bags, Scarves & More",BLACK | ORANGE | GREEN | BLUE | NAVY | PURPLE | MAROON | Red,"Cheer on your team in style with the Helmet Bag Charm and Key Ring. This fun, helmet-shaped pouch features a top zip closure to stash small essentials, and comes with a key ring and clasp hook so you can attach it to any bag or set of keys. The bold “Game Day” lettering and matching tassel cord give it extra spirit and flair. Whether you're tailgating or just running errands, this charm brings major game day energy. Shiraleah is a trend-driven lifestyle brand focusing on the little things that make life special.",One Size Sold & shipped by Shiraleah Return by mail only. 1 Add to Bag,One Size Sold & shipped by Shiraleah Return by mail only. 1 Add to Bag,16,https://www.gap.com/webcontent/0060/758/393/cn60758393.jpg,https://www.gap.com/webcontent/0060/758/393/cn60758393.jpg | https://www.gap.com/webcontent/0060/739/173/cn60739173.jpg | https://www.gap.com/webcontent/0061/231/755/cn61231755.jpg | https://www.gap.com/webcontent/0059/220/288/cn59220288.jpg | https://www.gap.com/webcontent/0060/739/259/cn60739259.jpg | https://www.gap.com/webcontent/0060/742/153/cn60742153.jpg | https://www.gap.com/webcontent/0060/741/473/cn60741473.jpg | https://www.gap.com/webcontent/0060/741/557/cn60741557.jpg | https://www.gap.com/webcontent/0060/758/342/cn60758342.jpg | https://www.gap.com/webcontent/0060/741/499/cn60741499.jpg | https://www.gap.com/webcontent/0060/534/248/cn60534248.jpg | https://www.gap.com/webcontent/0059/221/913/cn59221913.jpg | https://www.gap.com/webcontent/0060/741/406/cn60741406.jpg | https://www.gap.com/webcontent/0061/542/308/cn61542308.jpg | https://www.gap.com/webcontent/0057/830/467/cn57830467.jpg | https://cdn.cookielaw.org/logos/e1cf9ab6-fc39-4557-b4ef-4393861dad52/d229a1c3-b8ad-46ad-9bdb-8311fd460a5f/c85f6701-9eae-4a9f-b770-87eee2dae9fc/Logo_color_lockup@3x.png,True,,,Shiraleah Helmet Bag Charm,,USD,22.0,32.0,"Cheer on your team in style with the Helmet Bag Charm and Key Ring. This fun, helmet-shaped pouch features a top zip closure to stash small essentials, and comes with a key ring and clasp hook so you can attach it to any bag or set of keys. The bold “Game Day” lettering and matching tassel cord give it extra spirit and flair. Whether you're tailgating or just running errands, this charm brings major game day energy. Shiraleah is a trend-driven lifestyle brand focusing on the little things that make life special.",1175312062,https://www.gap.com/browse/product.do?pid=1175312062&vid=1&pcid=3046544&cid=3046544,True,0,0,2026-02-22,One Size,1175312,Shiraleah
,0,,Gap,,"Women / Bags, Scarves & More > Women > Bags, Scarves & More",GREEN | Pink,"Add a pop of personality to your keys or bag with the Starlet Bag Charm/Key Ring. Featuring a woven paracord knot in bold colors and a trio of gold-tone star charms, this playful accessory brings instant flair wherever it hangs. It’s finished with both a key ring and a clasp hook, so you can clip it onto totes, backpacks, or wherever you need a little sparkle. Durable, lightweight, and totally eye-catching—it’s your everyday essential turned statement piece. Shiraleah is a trend-driven lifestyle brand focusing on the little things that make life special.",One Size Sold & shipped by Shiraleah Return by mail only. 1 Add to Bag,One Size Sold & shipped by Shiraleah Return by mail only. 1 Add to Bag,18,https://www.gap.com/webcontent/0060/739/259/cn60739259.jpg,https://www.gap.com/webcontent/0060/739/259/cn60739259.jpg | https://www.gap.com/webcontent/0060/739/153/cn60739153.jpg | https://www.gap.com/webcontent/0060/742/153/cn60742153.jpg | https://www.gap.com/webcontent/0060/996/773/cn60996773.jpg | https://www.gap.com/webcontent/0060/741/557/cn60741557.jpg | https://www.gap.com/webcontent/0060/758/201/cn60758201.jpg | https://www.gap.com/webcontent/0060/741/473/cn60741473.jpg | https://www.gap.com/webcontent/0060/758/262/cn60758262.jpg | https://www.gap.com/webcontent/0060/741/455/cn60741455.jpg | https://www.gap.com/webcontent/0061/228/470/cn61228470.jpg | https://www.gap.com/webcontent/0060/758/393/cn60758393.jpg | https://www.gap.com/webcontent/0060/520/006/cn60520006.jpg | https://www.gap.com/webcontent/0057/830/467/cn57830467.jpg | https://www.gap.com/webcontent/0060/996/980/cn60996980.jpg | https://www.gap.com/webcontent/0061/231/755/cn61231755.jpg | https://www.gap.com/webcontent/0060/741/499/cn60741499.jpg | https://www.gap.com/webcontent/0060/534/248/cn60534248.jpg | https://cdn.cookielaw.org/logos/e1cf9ab6-fc39-4557-b4ef-4393861dad52/d229a1c3-b8ad-46ad-9bdb-8311fd460a5f/c85f6701-9eae-4a9f-b770-87eee2dae9fc/Logo_color_lockup@3x.png,True,,,Shiraleah Starlet Bag Charm,,USD,32.0,103.0,"Add a pop of personality to your keys or bag with the Starlet Bag Charm/Key Ring. Featuring a woven paracord knot in bold colors and a trio of gold-tone star charms, this playful accessory brings instant flair wherever it hangs. It’s finished with both a key ring and a clasp hook, so you can clip it onto totes, backpacks, or wherever you need a little sparkle. Durable, lightweight, and totally eye-catching—it’s your everyday essential turned statement piece. Shiraleah is a trend-driven lifestyle brand focusing on the little things that make life special.",1175313002,https://www.gap.com/browse/product.do?pid=1175313002&vid=1&pcid=3046544&cid=3046544,True,0,0,2026-02-22,One Size,1175313,Shiraleah
,0,,Gap,,"Women / Bags, Scarves & More > Women > Bags, Scarves & More",PEBBLE | BLACK | WINE,"Say hello to the mini accessory that’s making a major statement. Styled like a tiny handbag, this charm adds instant personality to your tote, keys, or weekender. Made from pebbled vegan leather or luxe printed fabric, it’s finished with gold hardware and a functional zippered pocket for tiny must-haves. Clip it on and let your bag have its own bag (because why not?). Shiraleah is a trend-driven lifestyle brand focusing on the little things that make life special.",One Size Sold & shipped by Shiraleah Return by mail only. 1 Add to Bag,One Size Sold & shipped by Shiraleah Return by mail only. 1 Add to Bag,18,https://www.gap.com/webcontent/0060/758/342/cn60758342.jpg,https://www.gap.com/webcontent/0060/758/342/cn60758342.jpg | https://www.gap.com/webcontent/0060/758/405/cn60758405.jpg | https://www.gap.com/webcontent/0061/848/615/cn61848615.jpg | https://www.gap.com/webcontent/0059/221/913/cn59221913.jpg | https://www.gap.com/webcontent/0061/822/891/cn61822891.jpg | https://www.gap.com/webcontent/0060/512/712/cn60512712.jpg | https://www.gap.com/webcontent/0059/220/288/cn59220288.jpg | https://www.gap.com/webcontent/0061/849/462/cn61849462.jpg | https://www.gap.com/webcontent/0060/741/557/cn60741557.jpg | https://www.gap.com/webcontent/0061/850/542/cn61850542.jpg | https://www.gap.com/webcontent/0061/849/552/cn61849552.jpg | https://www.gap.com/webcontent/0060/520/453/cn60520453.jpg | https://www.gap.com/webcontent/0060/741/455/cn60741455.jpg | https://www.gap.com/webcontent/0060/739/259/cn60739259.jpg | https://www.gap.com/webcontent/0060/741/473/cn60741473.jpg | https://www.gap.com/webcontent/0060/534/248/cn60534248.jpg | https://www.gap.com/webcontent/0057/830/467/cn57830467.jpg | https://cdn.cookielaw.org/logos/e1cf9ab6-fc39-4557-b4ef-4393861dad52/d229a1c3-b8ad-46ad-9bdb-8311fd460a5f/c85f6701-9eae-4a9f-b770-87eee2dae9fc/Logo_color_lockup@3x.png,True,", it’s finished with gold hardware and a functional zippered pocket for tiny must-haves. Clip it on and let your bag have its own bag (because why not?). Shiraleah is a trend-driven lifestyle brand focusing on the little things that make life special.",", it’s finished with gold hardware and a functional zippered pocket for tiny must-haves. Clip it on and let your bag have its own bag (because why not?). Shiraleah is a trend-driven lifestyle brand focusing on the little things that make life special.",Shiraleah Vallerie Bag Charm,,USD,42.0,112.0,"Say hello to the mini accessory that’s making a major statement. Styled like a tiny handbag, this charm adds instant personality to your tote, keys, or weekender. Made from pebbled vegan leather or luxe printed fabric, it’s finished with gold hardware and a functional zippered pocket for tiny must-haves. Clip it on and let your bag have its own bag (because why not?). Shiraleah is a trend-driven lifestyle brand focusing on the little things that make life special.",1175317002,https://www.gap.com/browse/product.do?pid=1175317002&vid=1&pcid=3046544&cid=3046544,True,0,0,2026-02-22,One Size,1175317,Shiraleah
,0,,Gap,,"Women / Bags, Scarves & More > Women > Bags, Scarves & More",SILVER,"Add a little glam to your everyday routine with the Lipstick Holder Bag Charm. This sleek cylindrical pouch is just the right size to stash your favorite lip product, with a zip closure that keeps it safe and secure. Featuring a chic faux leather finish and gold hardware, it clips easily onto your keys, tote, or backpack for stylish convenience. Shiraleah is a trend-driven lifestyle brand focusing on the little things that make life special.",One Size Sold & shipped by Shiraleah Return by mail only. 1 Add to Bag,One Size Sold & shipped by Shiraleah Return by mail only. 1 Add to Bag,18,https://www.gap.com/webcontent/0060/742/153/cn60742153.jpg,https://www.gap.com/webcontent/0060/742/153/cn60742153.jpg | https://www.gap.com/webcontent/0060/739/761/cn60739761.jpg | https://www.gap.com/webcontent/0060/739/173/cn60739173.jpg | https://www.gap.com/webcontent/0060/741/473/cn60741473.jpg | https://www.gap.com/webcontent/0060/739/259/cn60739259.jpg | https://www.gap.com/webcontent/0061/542/295/cn61542295.jpg | https://www.gap.com/webcontent/0060/996/773/cn60996773.jpg | https://www.gap.com/webcontent/0060/758/201/cn60758201.jpg | https://www.gap.com/webcontent/0061/542/730/cn61542730.jpg | https://www.gap.com/webcontent/0060/741/557/cn60741557.jpg | https://www.gap.com/webcontent/0061/542/308/cn61542308.jpg | https://www.gap.com/webcontent/0060/741/499/cn60741499.jpg | https://www.gap.com/webcontent/0060/520/006/cn60520006.jpg | https://www.gap.com/webcontent/0060/758/393/cn60758393.jpg | https://www.gap.com/webcontent/0057/830/467/cn57830467.jpg | https://www.gap.com/webcontent/0060/758/262/cn60758262.jpg | https://www.gap.com/webcontent/0060/741/427/cn60741427.jpg | https://cdn.cookielaw.org/logos/e1cf9ab6-fc39-4557-b4ef-4393861dad52/d229a1c3-b8ad-46ad-9bdb-8311fd460a5f/c85f6701-9eae-4a9f-b770-87eee2dae9fc/Logo_color_lockup@3x.png,True,,,Shiraleah Lipstick Holder Bag Charm,,USD,26.0,32.0,"Add a little glam to your everyday routine with the Lipstick Holder Bag Charm. This sleek cylindrical pouch is just the right size to stash your favorite lip product, with a zip closure that keeps it safe and secure. Featuring a chic faux leather finish and gold hardware, it clips easily onto your keys, tote, or backpack for stylish convenience. Shiraleah is a trend-driven lifestyle brand focusing on the little things that make life special.",1175314012,https://www.gap.com/browse/product.do?pid=1175314012&vid=1&pcid=3046544&cid=3051539,True,0,0,2026-02-22,One Size,1175314,Shiraleah
,0,,Gap,,"Women / Bags, Scarves & More > Women > Bags, Scarves & More",GREEN | Pink,"Add a pop of personality to your keys or bag with the Starlet Bag Charm/Key Ring. Featuring a woven paracord knot in bold colors and a trio of gold-tone star charms, this playful accessory brings instant flair wherever it hangs. It’s finished with both a key ring and a clasp hook, so you can clip it onto totes, backpacks, or wherever you need a little sparkle. Durable, lightweight, and totally eye-catching—it’s your everyday essential turned statement piece. Shiraleah is a trend-driven lifestyle brand focusing on the little things that make life special.",One Size Sold & shipped by Shiraleah Return by mail only. 1 Add to Bag,One Size Sold & shipped by Shiraleah Return by mail only. 1 Add to Bag,18,https://www.gap.com/webcontent/0060/739/173/cn60739173.jpg,https://www.gap.com/webcontent/0060/739/173/cn60739173.jpg | https://www.gap.com/webcontent/0060/739/296/cn60739296.jpg | https://www.gap.com/webcontent/0060/758/214/cn60758214.jpg | https://www.gap.com/webcontent/0061/542/295/cn61542295.jpg | https://www.gap.com/webcontent/0060/739/203/cn60739203.jpg | https://www.gap.com/webcontent/0060/742/153/cn60742153.jpg | https://www.gap.com/webcontent/0060/758/275/cn60758275.jpg | https://www.gap.com/webcontent/0060/758/201/cn60758201.jpg | https://www.gap.com/webcontent/0060/996/773/cn60996773.jpg | https://www.gap.com/webcontent/0060/758/393/cn60758393.jpg | https://www.gap.com/webcontent/0060/741/499/cn60741499.jpg | https://www.gap.com/webcontent/0060/758/382/cn60758382.jpg | https://www.gap.com/webcontent/0061/228/470/cn61228470.jpg | https://www.gap.com/webcontent/0060/741/557/cn60741557.jpg | https://www.gap.com/webcontent/0060/534/248/cn60534248.jpg | https://www.gap.com/webcontent/0060/741/427/cn60741427.jpg | https://www.gap.com/webcontent/0061/542/308/cn61542308.jpg | https://cdn.cookielaw.org/logos/e1cf9ab6-fc39-4557-b4ef-4393861dad52/d229a1c3-b8ad-46ad-9bdb-8311fd460a5f/c85f6701-9eae-4a9f-b770-87eee2dae9fc/Logo_color_lockup@3x.png,False,,,Shiraleah Starlet Bag Charm,,USD,32.0,32.0,"Add a pop of personality to your keys or bag with the Starlet Bag Charm/Key Ring. Featuring a woven paracord knot in bold colors and a trio of gold-tone star charms, this playful accessory brings instant flair wherever it hangs. It’s finished with both a key ring and a clasp hook, so you can clip it onto totes, backpacks, or wherever you need a little sparkle. Durable, lightweight, and totally eye-catching—it’s your everyday essential turned statement piece. Shiraleah is a trend-driven lifestyle brand focusing on the little things that make life special.",1175313012,https://www.gap.com/browse/product.do?pid=1175313012&vid=1&pcid=3046544&cid=3051539,True,0,0,2026-02-22,One Size,1175313,Shiraleah
,0,,Gap,,"Women / Bags, Scarves & More > Women > Bags, Scarves & More",PEBBLE | BLACK | WINE,"Say hello to the mini accessory that’s making a major statement. Styled like a tiny handbag, this charm adds instant personality to your tote, keys, or weekender. Made from pebbled vegan leather or luxe printed fabric, it’s finished with gold hardware and a functional zippered pocket for tiny must-haves. Clip it on and let your bag have its own bag (because why not?). Shiraleah is a trend-driven lifestyle brand focusing on the little things that make life special.",One Size Sold & shipped by Shiraleah Return by mail only. 1 Add to Bag,One Size Sold & shipped by Shiraleah Return by mail only. 1 Add to Bag,17,https://www.gap.com/webcontent/0060/742/171/cn60742171.jpg,https://www.gap.com/webcontent/0060/742/171/cn60742171.jpg | https://www.gap.com/webcontent/0060/740/195/cn60740195.jpg | https://www.gap.com/webcontent/0060/758/262/cn60758262.jpg | https://www.gap.com/webcontent/0060/741/441/cn60741441.jpg | https://www.gap.com/webcontent/0060/742/153/cn60742153.jpg | https://www.gap.com/webcontent/0060/741/557/cn60741557.jpg | https://www.gap.com/webcontent/0060/739/203/cn60739203.jpg | https://www.gap.com/webcontent/0060/741/427/cn60741427.jpg | https://www.gap.com/webcontent/0060/739/259/cn60739259.jpg | https://www.gap.com/webcontent/0060/741/406/cn60741406.jpg | https://www.gap.com/webcontent/0060/758/201/cn60758201.jpg | https://www.gap.com/webcontent/0060/741/499/cn60741499.jpg | https://www.gap.com/webcontent/0060/852/305/cn60852305.jpg | https://www.gap.com/webcontent/0060/758/382/cn60758382.jpg | https://www.gap.com/webcontent/0060/758/275/cn60758275.jpg | https://www.gap.com/webcontent/0060/996/773/cn60996773.jpg | https://cdn.cookielaw.org/logos/e1cf9ab6-fc39-4557-b4ef-4393861dad52/d229a1c3-b8ad-46ad-9bdb-8311fd460a5f/c85f6701-9eae-4a9f-b770-87eee2dae9fc/Logo_color_lockup@3x.png,False,", it’s finished with gold hardware and a functional zippered pocket for tiny must-haves. Clip it on and let your bag have its own bag (because why not?). Shiraleah is a trend-driven lifestyle brand focusing on the little things that make life special.",", it’s finished with gold hardware and a functional zippered pocket for tiny must-haves. Clip it on and let your bag have its own bag (because why not?). Shiraleah is a trend-driven lifestyle brand focusing on the little things that make life special.",Shiraleah Vallerie Bag Charm,,USD,42.0,42.0,"Say hello to the mini accessory that’s making a major statement. Styled like a tiny handbag, this charm adds instant personality to your tote, keys, or weekender. Made from pebbled vegan leather or luxe printed fabric, it’s finished with gold hardware and a functional zippered pocket for tiny must-haves. Clip it on and let your bag have its own bag (because why not?). Shiraleah is a trend-driven lifestyle brand focusing on the little things that make life special.",1175317022,https://www.gap.com/browse/product.do?pid=1175317022&vid=1&pcid=3046544&cid=3046544,True,0,0,2026-02-22,One Size,1175317,Shiraleah
,0,,Gap,,"Women / Bags, Scarves & More > Women > Bags, Scarves & More",PEBBLE | BLACK | WINE,"Say hello to the mini accessory that’s making a major statement. Styled like a tiny handbag, this charm adds instant personality to your tote, keys, or weekender. Made from pebbled vegan leather or luxe printed fabric, it’s finished with gold hardware and a functional zippered pocket for tiny must-haves. Clip it on and let your bag have its own bag (because why not?). Shiraleah is a trend-driven lifestyle brand focusing on the little things that make life special.",One Size Sold & shipped by Shiraleah Return by mail only. 1 Add to Bag,One Size Sold & shipped by Shiraleah Return by mail only. 1 Add to Bag,17,https://www.gap.com/webcontent/0060/740/211/cn60740211.jpg,https://www.gap.com/webcontent/0060/740/211/cn60740211.jpg | https://www.gap.com/webcontent/0060/512/712/cn60512712.jpg | https://www.gap.com/webcontent/0060/741/557/cn60741557.jpg | https://www.gap.com/webcontent/0060/520/453/cn60520453.jpg | https://www.gap.com/webcontent/0060/741/455/cn60741455.jpg | https://www.gap.com/webcontent/0060/758/201/cn60758201.jpg | https://www.gap.com/webcontent/0059/221/913/cn59221913.jpg | https://www.gap.com/webcontent/0060/779/618/cn60779618.jpg | https://www.gap.com/webcontent/0060/758/282/cn60758282.jpg | https://www.gap.com/webcontent/0060/741/441/cn60741441.jpg | https://www.gap.com/webcontent/0060/742/153/cn60742153.jpg | https://www.gap.com/webcontent/0060/741/473/cn60741473.jpg | https://www.gap.com/webcontent/0060/852/305/cn60852305.jpg | https://www.gap.com/webcontent/0060/758/364/cn60758364.jpg | https://www.gap.com/webcontent/0061/542/730/cn61542730.jpg | https://www.gap.com/webcontent/0060/741/499/cn60741499.jpg | https://cdn.cookielaw.org/logos/e1cf9ab6-fc39-4557-b4ef-4393861dad52/d229a1c3-b8ad-46ad-9bdb-8311fd460a5f/c85f6701-9eae-4a9f-b770-87eee2dae9fc/Logo_color_lockup@3x.png,False,", it’s finished with gold hardware and a functional zippered pocket for tiny must-haves. Clip it on and let your bag have its own bag (because why not?). Shiraleah is a trend-driven lifestyle brand focusing on the little things that make life special.",", it’s finished with gold hardware and a functional zippered pocket for tiny must-haves. Clip it on and let your bag have its own bag (because why not?). Shiraleah is a trend-driven lifestyle brand focusing on the little things that make life special.",Shiraleah Vallerie Bag Charm,,USD,42.0,42.0,"Say hello to the mini accessory that’s making a major statement. Styled like a tiny handbag, this charm adds instant personality to your tote, keys, or weekender. Made from pebbled vegan leather or luxe printed fabric, it’s finished with gold hardware and a functional zippered pocket for tiny must-haves. Clip it on and let your bag have its own bag (because why not?). Shiraleah is a trend-driven lifestyle brand focusing on the little things that make life special.",1175317032,https://www.gap.com/browse/product.do?pid=1175317032&vid=1&pcid=3046544&cid=3046544,True,0,0,2026-02-22,One Size,1175317,Shiraleah
,0,,Gap,,"Women / Bags, Scarves & More > Women > Bags, Scarves & More",NAVY | Maroon | BLACK | PURPLE | BLUE | ORANGE | RED | GREEN,"Show your team spirit with the ultimate sporty-chic accessory for game day and beyond. Shaped like a mini football, this faux-leather charm features a top zip closure to hold small essentials like coins or earbuds. It comes complete with a key ring and clasp hook, making it easy to attach to your favorite bag, belt loop, or keys. Finished with a braided tassel in your team’s colors, it's a playful nod to your football fandom. Shiraleah is a trend-driven lifestyle brand focusing on the little things that make life special.",One Size Sold & shipped by Shiraleah Return by mail only. 1 Add to Bag,One Size Sold & shipped by Shiraleah Return by mail only. 1 Add to Bag,18,https://www.gap.com/webcontent/0060/741/557/cn60741557.jpg,https://www.gap.com/webcontent/0060/741/557/cn60741557.jpg | https://www.gap.com/webcontent/0060/741/575/cn60741575.jpg | https://www.gap.com/webcontent/0060/739/259/cn60739259.jpg | https://www.gap.com/webcontent/0060/758/201/cn60758201.jpg | https://www.gap.com/webcontent/0060/758/342/cn60758342.jpg | https://www.gap.com/webcontent/0060/742/153/cn60742153.jpg | https://www.gap.com/webcontent/0060/742/171/cn60742171.jpg | https://www.gap.com/webcontent/0060/758/262/cn60758262.jpg | https://www.gap.com/webcontent/0060/740/211/cn60740211.jpg | https://www.gap.com/webcontent/0060/758/393/cn60758393.jpg | https://www.gap.com/webcontent/0060/996/773/cn60996773.jpg | https://www.gap.com/webcontent/0060/739/203/cn60739203.jpg | https://www.gap.com/webcontent/0060/520/006/cn60520006.jpg | https://www.gap.com/webcontent/0060/758/275/cn60758275.jpg | https://www.gap.com/webcontent/0061/229/622/cn61229622.jpg | https://www.gap.com/webcontent/0060/779/618/cn60779618.jpg | https://www.gap.com/webcontent/0061/847/843/cn61847843.jpg | https://cdn.cookielaw.org/logos/e1cf9ab6-fc39-4557-b4ef-4393861dad52/d229a1c3-b8ad-46ad-9bdb-8311fd460a5f/c85f6701-9eae-4a9f-b770-87eee2dae9fc/Logo_color_lockup@3x.png,True,,,Shiraleah Football Bag Charm,,USD,26.0,32.0,"Show your team spirit with the ultimate sporty-chic accessory for game day and beyond. Shaped like a mini football, this faux-leather charm features a top zip closure to hold small essentials like coins or earbuds. It comes complete with a key ring and clasp hook, making it easy to attach to your favorite bag, belt loop, or keys. Finished with a braided tassel in your team’s colors, it's a playful nod to your football fandom. Shiraleah is a trend-driven lifestyle brand focusing on the little things that make life special.",1175318012,https://www.gap.com/browse/product.do?pid=1175318012&vid=1&pcid=3046544&cid=3051539,True,0,0,2026-02-22,One Size,1175318,Shiraleah
,0,,Gap,,"Women / Bags, Scarves & More > Women > Bags, Scarves & More",NAVY | Maroon | BLACK | PURPLE | BLUE | ORANGE | RED | GREEN,"Show your team spirit with the ultimate sporty-chic accessory for game day and beyond. Shaped like a mini football, this faux-leather charm features a top zip closure to hold small essentials like coins or earbuds. It comes complete with a key ring and clasp hook, making it easy to attach to your favorite bag, belt loop, or keys. Finished with a braided tassel in your team’s colors, it's a playful nod to your football fandom. Shiraleah is a trend-driven lifestyle brand focusing on the little things that make life special.",One Size Sold & shipped by Shiraleah Return by mail only. 1 Add to Bag,One Size Sold & shipped by Shiraleah Return by mail only. 1 Add to Bag,17,https://www.gap.com/webcontent/0060/741/441/cn60741441.jpg,https://www.gap.com/webcontent/0060/741/441/cn60741441.jpg | https://www.gap.com/webcontent/0060/742/171/cn60742171.jpg | https://www.gap.com/webcontent/0060/758/282/cn60758282.jpg | https://www.gap.com/webcontent/0061/863/273/cn61863273.jpg | https://www.gap.com/webcontent/0061/847/843/cn61847843.jpg | https://www.gap.com/webcontent/0061/849/526/cn61849526.jpg | https://www.gap.com/webcontent/0061/850/631/cn61850631.jpg | https://www.gap.com/webcontent/0059/290/025/cn59290025.jpg | https://www.gap.com/webcontent/0061/848/506/cn61848506.jpg | https://www.gap.com/webcontent/0061/850/727/cn61850727.jpg | https://www.gap.com/webcontent/0060/758/262/cn60758262.jpg | https://www.gap.com/webcontent/0060/740/211/cn60740211.jpg | https://www.gap.com/webcontent/0057/830/467/cn57830467.jpg | https://www.gap.com/webcontent/0060/739/259/cn60739259.jpg | https://www.gap.com/webcontent/0060/742/153/cn60742153.jpg | https://www.gap.com/webcontent/0060/498/468/cn60498468.jpg | https://cdn.cookielaw.org/logos/e1cf9ab6-fc39-4557-b4ef-4393861dad52/d229a1c3-b8ad-46ad-9bdb-8311fd460a5f/c85f6701-9eae-4a9f-b770-87eee2dae9fc/Logo_color_lockup@3x.png,True,,,Shiraleah Football Bag Charm,,USD,26.0,42.0,"Show your team spirit with the ultimate sporty-chic accessory for game day and beyond. Shaped like a mini football, this faux-leather charm features a top zip closure to hold small essentials like coins or earbuds. It comes complete with a key ring and clasp hook, making it easy to attach to your favorite bag, belt loop, or keys. Finished with a braided tassel in your team’s colors, it's a playful nod to your football fandom. Shiraleah is a trend-driven lifestyle brand focusing on the little things that make life special.",1175318022,https://www.gap.com/browse/product.do?pid=1175318022&vid=1&pcid=3046544&cid=3046544,True,0,0,2026-02-22,One Size,1175318,Shiraleah
,0,,Gap,,"Women / Bags, Scarves & More > Women > Bags, Scarves & More",NAVY | Maroon | BLACK | PURPLE | BLUE | ORANGE | RED | GREEN,"Show your team spirit with the ultimate sporty-chic accessory for game day and beyond. Shaped like a mini football, this faux-leather charm features a top zip closure to hold small essentials like coins or earbuds. It comes complete with a key ring and clasp hook, making it easy to attach to your favorite bag, belt loop, or keys. Finished with a braided tassel in your team’s colors, it's a playful nod to your football fandom. Shiraleah is a trend-driven lifestyle brand focusing on the little things that make life special.",One Size Sold & shipped by Shiraleah Return by mail only. 1 Add to Bag,One Size Sold & shipped by Shiraleah Return by mail only. 1 Add to Bag,16,https://www.gap.com/webcontent/0060/741/499/cn60741499.jpg,https://www.gap.com/webcontent/0060/741/499/cn60741499.jpg | https://www.gap.com/webcontent/0060/739/203/cn60739203.jpg | https://www.gap.com/webcontent/0060/742/153/cn60742153.jpg | https://www.gap.com/webcontent/0060/758/201/cn60758201.jpg | https://www.gap.com/webcontent/0060/739/173/cn60739173.jpg | https://www.gap.com/webcontent/0060/758/382/cn60758382.jpg | https://www.gap.com/webcontent/0060/758/214/cn60758214.jpg | https://www.gap.com/webcontent/0060/739/113/cn60739113.jpg | https://www.gap.com/webcontent/0060/758/262/cn60758262.jpg | https://www.gap.com/webcontent/0060/739/259/cn60739259.jpg | https://www.gap.com/webcontent/0060/758/275/cn60758275.jpg | https://www.gap.com/webcontent/0061/229/622/cn61229622.jpg | https://www.gap.com/webcontent/0061/542/295/cn61542295.jpg | https://www.gap.com/webcontent/0060/534/248/cn60534248.jpg | https://www.gap.com/webcontent/0061/542/308/cn61542308.jpg | https://cdn.cookielaw.org/logos/e1cf9ab6-fc39-4557-b4ef-4393861dad52/d229a1c3-b8ad-46ad-9bdb-8311fd460a5f/c85f6701-9eae-4a9f-b770-87eee2dae9fc/Logo_color_lockup@3x.png,False,,,Shiraleah Football Bag Charm,,USD,26.0,26.0,"Show your team spirit with the ultimate sporty-chic accessory for game day and beyond. Shaped like a mini football, this faux-leather charm features a top zip closure to hold small essentials like coins or earbuds. It comes complete with a key ring and clasp hook, making it easy to attach to your favorite bag, belt loop, or keys. Finished with a braided tassel in your team’s colors, it's a playful nod to your football fandom. Shiraleah is a trend-driven lifestyle brand focusing on the little things that make life special.",1175318032,https://www.gap.com/browse/product.do?pid=1175318032&vid=1&pcid=3046544&cid=3046544,True,0,0,2026-02-22,One Size,1175318,Shiraleah
,0,,Gap,,"Women / Bags, Scarves & More > Women > Bags, Scarves & More",NAVY | Maroon | BLACK | PURPLE | BLUE | ORANGE | RED | GREEN,"Show your team spirit with the ultimate sporty-chic accessory for game day and beyond. Shaped like a mini football, this faux-leather charm features a top zip closure to hold small essentials like coins or earbuds. It comes complete with a key ring and clasp hook, making it easy to attach to your favorite bag, belt loop, or keys. Finished with a braided tassel in your team’s colors, it's a playful nod to your football fandom. Shiraleah is a trend-driven lifestyle brand focusing on the little things that make life special.",One Size Sold & shipped by Shiraleah Return by mail only. 1 Add to Bag,One Size Sold & shipped by Shiraleah Return by mail only. 1 Add to Bag,17,https://www.gap.com/webcontent/0060/758/364/cn60758364.jpg,https://www.gap.com/webcontent/0060/758/364/cn60758364.jpg | https://www.gap.com/webcontent/0060/758/282/cn60758282.jpg | https://www.gap.com/webcontent/0061/850/727/cn61850727.jpg | https://www.gap.com/webcontent/0061/847/843/cn61847843.jpg | https://www.gap.com/webcontent/0061/848/506/cn61848506.jpg | https://www.gap.com/webcontent/0061/849/709/cn61849709.jpg | https://www.gap.com/webcontent/0061/847/787/cn61847787.jpg | https://www.gap.com/webcontent/0061/850/738/cn61850738.jpg | https://www.gap.com/webcontent/0060/779/618/cn60779618.jpg | https://www.gap.com/webcontent/0061/849/526/cn61849526.jpg | https://www.gap.com/webcontent/0060/740/211/cn60740211.jpg | https://www.gap.com/webcontent/0060/512/540/cn60512540.jpg | https://www.gap.com/webcontent/0061/849/389/cn61849389.jpg | https://www.gap.com/webcontent/0061/863/273/cn61863273.jpg | https://www.gap.com/webcontent/0061/849/552/cn61849552.jpg | https://www.gap.com/webcontent/0061/886/459/cn61886459.jpg | https://cdn.cookielaw.org/logos/e1cf9ab6-fc39-4557-b4ef-4393861dad52/d229a1c3-b8ad-46ad-9bdb-8311fd460a5f/c85f6701-9eae-4a9f-b770-87eee2dae9fc/Logo_color_lockup@3x.png,True,,,Shiraleah Football Bag Charm,,USD,26.0,112.0,"Show your team spirit with the ultimate sporty-chic accessory for game day and beyond. Shaped like a mini football, this faux-leather charm features a top zip closure to hold small essentials like coins or earbuds. It comes complete with a key ring and clasp hook, making it easy to attach to your favorite bag, belt loop, or keys. Finished with a braided tassel in your team’s colors, it's a playful nod to your football fandom. Shiraleah is a trend-driven lifestyle brand focusing on the little things that make life special.",1175318002,https://www.gap.com/browse/product.do?pid=1175318002&vid=1&pcid=3046544&cid=3046544,True,0,0,2026-02-22,One Size,1175318,Shiraleah
,0,,Gap,,"Women / Bags, Scarves & More > Women > Bags, Scarves & More",NAVY | Maroon | BLACK | PURPLE | BLUE | ORANGE | RED | GREEN,"Show your team spirit with the ultimate sporty-chic accessory for game day and beyond. Shaped like a mini football, this faux-leather charm features a top zip closure to hold small essentials like coins or earbuds. It comes complete with a key ring and clasp hook, making it easy to attach to your favorite bag, belt loop, or keys. Finished with a braided tassel in your team’s colors, it's a playful nod to your football fandom. Shiraleah is a trend-driven lifestyle brand focusing on the little things that make life special.",One Size Sold & shipped by Shiraleah Return by mail only. 1 Add to Bag,One Size Sold & shipped by Shiraleah Return by mail only. 1 Add to Bag,17,https://www.gap.com/webcontent/0060/741/406/cn60741406.jpg,https://www.gap.com/webcontent/0060/741/406/cn60741406.jpg | https://www.gap.com/webcontent/0060/758/262/cn60758262.jpg | https://www.gap.com/webcontent/0060/742/171/cn60742171.jpg | https://www.gap.com/webcontent/0060/739/203/cn60739203.jpg | https://www.gap.com/webcontent/0060/739/113/cn60739113.jpg | https://www.gap.com/webcontent/0060/758/201/cn60758201.jpg | https://www.gap.com/webcontent/0060/758/382/cn60758382.jpg | https://www.gap.com/webcontent/0060/742/153/cn60742153.jpg | https://www.gap.com/webcontent/0060/739/259/cn60739259.jpg | https://www.gap.com/webcontent/0060/758/214/cn60758214.jpg | https://www.gap.com/webcontent/0060/739/173/cn60739173.jpg | https://www.gap.com/webcontent/0060/758/393/cn60758393.jpg | https://www.gap.com/webcontent/0061/229/622/cn61229622.jpg | https://www.gap.com/webcontent/0060/740/211/cn60740211.jpg | https://www.gap.com/webcontent/0057/830/467/cn57830467.jpg | https://www.gap.com/webcontent/0060/520/006/cn60520006.jpg | https://cdn.cookielaw.org/logos/e1cf9ab6-fc39-4557-b4ef-4393861dad52/d229a1c3-b8ad-46ad-9bdb-8311fd460a5f/c85f6701-9eae-4a9f-b770-87eee2dae9fc/Logo_color_lockup@3x.png,True,,,Shiraleah Football Bag Charm,,USD,26.0,42.0,"Show your team spirit with the ultimate sporty-chic accessory for game day and beyond. Shaped like a mini football, this faux-leather charm features a top zip closure to hold small essentials like coins or earbuds. It comes complete with a key ring and clasp hook, making it easy to attach to your favorite bag, belt loop, or keys. Finished with a braided tassel in your team’s colors, it's a playful nod to your football fandom. Shiraleah is a trend-driven lifestyle brand focusing on the little things that make life special.",1175318042,https://www.gap.com/browse/product.do?pid=1175318042&vid=1&pcid=3046544&cid=3046544,True,0,0,2026-02-22,One Size,1175318,Shiraleah
,0,,Gap,,"Women / Bags, Scarves & More > Women > Bags, Scarves & More",NAVY | Maroon | BLACK | PURPLE | BLUE | ORANGE | RED | GREEN,"Show your team spirit with the ultimate sporty-chic accessory for game day and beyond. Shaped like a mini football, this faux-leather charm features a top zip closure to hold small essentials like coins or earbuds. It comes complete with a key ring and clasp hook, making it easy to attach to your favorite bag, belt loop, or keys. Finished with a braided tassel in your team’s colors, it's a playful nod to your football fandom. Shiraleah is a trend-driven lifestyle brand focusing on the little things that make life special.",One Size Sold & shipped by Shiraleah Return by mail only. 1 Add to Bag,One Size Sold & shipped by Shiraleah Return by mail only. 1 Add to Bag,18,https://www.gap.com/webcontent/0060/741/473/cn60741473.jpg,https://www.gap.com/webcontent/0060/741/473/cn60741473.jpg | https://www.gap.com/webcontent/0060/741/419/cn60741419.jpg | https://www.gap.com/webcontent/0060/742/153/cn60742153.jpg | https://www.gap.com/webcontent/0060/758/201/cn60758201.jpg | https://www.gap.com/webcontent/0060/739/259/cn60739259.jpg | https://www.gap.com/webcontent/0060/758/262/cn60758262.jpg | https://www.gap.com/webcontent/0060/996/773/cn60996773.jpg | https://www.gap.com/webcontent/0060/739/173/cn60739173.jpg | https://www.gap.com/webcontent/0060/758/275/cn60758275.jpg | https://www.gap.com/webcontent/0060/742/171/cn60742171.jpg | https://www.gap.com/webcontent/0060/758/382/cn60758382.jpg | https://www.gap.com/webcontent/0061/542/295/cn61542295.jpg | https://www.gap.com/webcontent/0060/758/214/cn60758214.jpg | https://www.gap.com/webcontent/0060/520/006/cn60520006.jpg | https://www.gap.com/webcontent/0060/498/468/cn60498468.jpg | https://www.gap.com/webcontent/0061/542/730/cn61542730.jpg | https://www.gap.com/webcontent/0057/830/467/cn57830467.jpg | https://cdn.cookielaw.org/logos/e1cf9ab6-fc39-4557-b4ef-4393861dad52/d229a1c3-b8ad-46ad-9bdb-8311fd460a5f/c85f6701-9eae-4a9f-b770-87eee2dae9fc/Logo_color_lockup@3x.png,False,,,Shiraleah Football Bag Charm,,USD,26.0,26.0,"Show your team spirit with the ultimate sporty-chic accessory for game day and beyond. Shaped like a mini football, this faux-leather charm features a top zip closure to hold small essentials like coins or earbuds. It comes complete with a key ring and clasp hook, making it easy to attach to your favorite bag, belt loop, or keys. Finished with a braided tassel in your team’s colors, it's a playful nod to your football fandom. Shiraleah is a trend-driven lifestyle brand focusing on the little things that make life special.",1175318052,https://www.gap.com/browse/product.do?pid=1175318052&vid=1&pcid=3046544&cid=3046544,True,0,0,2026-02-22,One Size,1175318,Shiraleah
,0,,Gap,,"Women / Bags, Scarves & More > Women > Bags, Scarves & More",BLACK | OLIVE,"Perfect for overnight stays, long weekends, and everything in between, we've thought of everything with this duffle style weekender including a padded laptop pocket, interior organization, detachable pouches, and a hidden travel sleeve—it holds everything you need and keeps you feeling and looking put together wherever you go. 45% of this bag is made from recycled materials. For every bag sold, STATE donates a percentage of the proceeds to American families in need. STATE is the family bag company that’s carrying everyone, everywhere, through the journey of life with open hands.",One Size Sold & shipped by State Bags Return by mail only. 1 Add to Bag,One Size Sold & shipped by State Bags Return by mail only. 1 Add to Bag,23,https://www.gap.com/webcontent/0061/017/157/cn61017157.jpg,https://www.gap.com/webcontent/0061/017/157/cn61017157.jpg | https://www.gap.com/webcontent/0061/016/955/cn61016955.jpg | https://www.gap.com/webcontent/0061/017/522/cn61017522.jpg | https://www.gap.com/webcontent/0061/016/916/cn61016916.jpg | https://www.gap.com/webcontent/0061/017/211/cn61017211.jpg | https://www.gap.com/webcontent/0061/017/547/cn61017547.jpg | https://www.gap.com/webcontent/0061/016/964/cn61016964.jpg | https://www.gap.com/webcontent/0061/037/168/cn61037168.jpg | https://www.gap.com/webcontent/0061/037/193/cn61037193.jpg | https://www.gap.com/webcontent/0061/035/951/cn61035951.jpg | https://www.gap.com/webcontent/0061/036/151/cn61036151.jpg | https://www.gap.com/webcontent/0061/035/948/cn61035948.jpg | https://www.gap.com/webcontent/0056/003/302/cn56003302.jpg | https://www.gap.com/webcontent/0057/993/697/cn57993697.jpg | https://www.gap.com/webcontent/0060/967/471/cn60967471.jpg | https://www.gap.com/webcontent/0060/981/751/cn60981751.jpg | https://www.gap.com/webcontent/0060/970/472/cn60970472.jpg | https://www.gap.com/webcontent/0060/729/365/cn60729365.jpg | https://www.gap.com/webcontent/0060/739/553/cn60739553.jpg | https://www.gap.com/webcontent/0059/289/704/cn59289704.jpg | https://www.gap.com/webcontent/0060/633/787/cn60633787.jpg | https://www.gap.com/webcontent/0061/862/785/cn61862785.jpg | https://cdn.cookielaw.org/logos/e1cf9ab6-fc39-4557-b4ef-4393861dad52/d229a1c3-b8ad-46ad-9bdb-8311fd460a5f/c85f6701-9eae-4a9f-b770-87eee2dae9fc/Logo_color_lockup@3x.png,True,". For every bag sold, STATE donates a percentage of the proceeds to American families in need. STATE is the family bag company that’s carrying everyone, everywhere, through the journey of life with open hands.",". For every bag sold, STATE donates a percentage of the proceeds to American families in need. STATE is the family bag company that’s carrying everyone, everywhere, through the journey of life with open hands.",STATE Wellington Weekender,,USD,195.0,230.0,"Perfect for overnight stays, long weekends, and everything in between, we've thought of everything with this duffle style weekender including a padded laptop pocket, interior organization, detachable pouches, and a hidden travel sleeve—it holds everything you need and keeps you feeling and looking put together wherever you go. 45% of this bag is made from recycled materials. For every bag sold, STATE donates a percentage of the proceeds to American families in need. STATE is the family bag company that’s carrying everyone, everywhere, through the journey of life with open hands.",1175992002,https://www.gap.com/browse/product.do?pid=1175992002&vid=1&pcid=3046544&cid=3051538,True,0,,2026-02-22,One Size,1175992,State Bags
,0,,Gap,,"Women / Bags, Scarves & More > Women > Bags, Scarves & More",NAVY | Maroon | BLACK | PURPLE | BLUE | ORANGE | RED | GREEN,"Show your team spirit with the ultimate sporty-chic accessory for game day and beyond. Shaped like a mini football, this faux-leather charm features a top zip closure to hold small essentials like coins or earbuds. It comes complete with a key ring and clasp hook, making it easy to attach to your favorite bag, belt loop, or keys. Finished with a braided tassel in your team’s colors, it's a playful nod to your football fandom. Shiraleah is a trend-driven lifestyle brand focusing on the little things that make life special.",One Size Sold & shipped by Shiraleah Return by mail only. 1 Add to Bag,One Size Sold & shipped by Shiraleah Return by mail only. 1 Add to Bag,18,https://www.gap.com/webcontent/0060/741/427/cn60741427.jpg,https://www.gap.com/webcontent/0060/741/427/cn60741427.jpg | https://www.gap.com/webcontent/0060/741/527/cn60741527.jpg | https://www.gap.com/webcontent/0060/739/113/cn60739113.jpg | https://www.gap.com/webcontent/0060/739/203/cn60739203.jpg | https://www.gap.com/webcontent/0060/742/171/cn60742171.jpg | https://www.gap.com/webcontent/0060/758/262/cn60758262.jpg | https://www.gap.com/webcontent/0060/742/153/cn60742153.jpg | https://www.gap.com/webcontent/0059/290/025/cn59290025.jpg | https://www.gap.com/webcontent/0060/739/259/cn60739259.jpg | https://www.gap.com/webcontent/0060/758/201/cn60758201.jpg | https://www.gap.com/webcontent/0060/740/211/cn60740211.jpg | https://www.gap.com/webcontent/0056/927/835/cn56927835.jpg | https://www.gap.com/webcontent/0059/221/913/cn59221913.jpg | https://www.gap.com/webcontent/0061/542/308/cn61542308.jpg | https://www.gap.com/webcontent/0060/758/214/cn60758214.jpg | https://www.gap.com/webcontent/0061/848/506/cn61848506.jpg | https://www.gap.com/webcontent/0060/534/248/cn60534248.jpg | https://cdn.cookielaw.org/logos/e1cf9ab6-fc39-4557-b4ef-4393861dad52/d229a1c3-b8ad-46ad-9bdb-8311fd460a5f/c85f6701-9eae-4a9f-b770-87eee2dae9fc/Logo_color_lockup@3x.png,True,,,Shiraleah Football Bag Charm,,USD,26.0,40.0,"Show your team spirit with the ultimate sporty-chic accessory for game day and beyond. Shaped like a mini football, this faux-leather charm features a top zip closure to hold small essentials like coins or earbuds. It comes complete with a key ring and clasp hook, making it easy to attach to your favorite bag, belt loop, or keys. Finished with a braided tassel in your team’s colors, it's a playful nod to your football fandom. Shiraleah is a trend-driven lifestyle brand focusing on the little things that make life special.",1175318062,https://www.gap.com/browse/product.do?pid=1175318062&vid=1&pcid=3046544&cid=3051539,True,0,0,2026-02-22,One Size,1175318,Shiraleah
,0,,Gap,,"Women / Bags, Scarves & More > Women > Bags, Scarves & More",NAVY | Maroon | BLACK | PURPLE | BLUE | ORANGE | RED | GREEN,"Show your team spirit with the ultimate sporty-chic accessory for game day and beyond. Shaped like a mini football, this faux-leather charm features a top zip closure to hold small essentials like coins or earbuds. It comes complete with a key ring and clasp hook, making it easy to attach to your favorite bag, belt loop, or keys. Finished with a braided tassel in your team’s colors, it's a playful nod to your football fandom. Shiraleah is a trend-driven lifestyle brand focusing on the little things that make life special.",One Size Sold & shipped by Shiraleah Return by mail only. 1 Add to Bag,One Size Sold & shipped by Shiraleah Return by mail only. 1 Add to Bag,17,https://www.gap.com/webcontent/0060/741/455/cn60741455.jpg,https://www.gap.com/webcontent/0060/741/455/cn60741455.jpg | https://www.gap.com/webcontent/0060/739/259/cn60739259.jpg | https://www.gap.com/webcontent/0060/742/171/cn60742171.jpg | https://www.gap.com/webcontent/0060/742/153/cn60742153.jpg | https://www.gap.com/webcontent/0060/740/211/cn60740211.jpg | https://www.gap.com/webcontent/0060/758/262/cn60758262.jpg | https://www.gap.com/webcontent/0060/758/282/cn60758282.jpg | https://www.gap.com/webcontent/0059/221/913/cn59221913.jpg | https://www.gap.com/webcontent/0060/758/201/cn60758201.jpg | https://www.gap.com/webcontent/0059/290/025/cn59290025.jpg | https://www.gap.com/webcontent/0061/848/506/cn61848506.jpg | https://www.gap.com/webcontent/0060/534/248/cn60534248.jpg | https://www.gap.com/webcontent/0057/830/467/cn57830467.jpg | https://www.gap.com/webcontent/0060/739/553/cn60739553.jpg | https://www.gap.com/webcontent/0061/850/727/cn61850727.jpg | https://www.gap.com/webcontent/0060/739/113/cn60739113.jpg | https://cdn.cookielaw.org/logos/e1cf9ab6-fc39-4557-b4ef-4393861dad52/d229a1c3-b8ad-46ad-9bdb-8311fd460a5f/c85f6701-9eae-4a9f-b770-87eee2dae9fc/Logo_color_lockup@3x.png,True,,,Shiraleah Football Bag Charm,,USD,26.0,42.0,"Show your team spirit with the ultimate sporty-chic accessory for game day and beyond. Shaped like a mini football, this faux-leather charm features a top zip closure to hold small essentials like coins or earbuds. It comes complete with a key ring and clasp hook, making it easy to attach to your favorite bag, belt loop, or keys. Finished with a braided tassel in your team’s colors, it's a playful nod to your football fandom. Shiraleah is a trend-driven lifestyle brand focusing on the little things that make life special.",1175318072,https://www.gap.com/browse/product.do?pid=1175318072&vid=1&pcid=3046544&cid=3051539,True,0,0,2026-02-22,One Size,1175318,Shiraleah
,0,,Gap,,Boys / Shop All Accessories > Boys > Shop All Accessories,CAMO,"The little adventurer's perfect sidekick for their big adventures. For every bag sold, we donate a percentage of the proceeds to American families in need. STATE is the family bag company that’s carrying everyone, everywhere, through the journey of life with open hands.",One Size Sold & shipped by State Bags Return by mail only. 1 Add to Bag,One Size Sold & shipped by State Bags Return by mail only. 1 Add to Bag,18,https://www.gap.com/webcontent/0061/017/585/cn61017585.jpg,https://www.gap.com/webcontent/0061/017/585/cn61017585.jpg | https://www.gap.com/webcontent/0061/017/565/cn61017565.jpg | https://www.gap.com/webcontent/0059/975/575/cn59975575.jpg | https://www.gap.com/webcontent/0061/037/218/cn61037218.jpg | https://www.gap.com/webcontent/0061/017/150/cn61017150.jpg | https://www.gap.com/webcontent/0061/037/250/cn61037250.jpg | https://www.gap.com/webcontent/0061/019/504/cn61019504.jpg | https://www.gap.com/webcontent/0060/367/792/cn60367792.jpg | https://www.gap.com/webcontent/0061/036/285/cn61036285.jpg | https://www.gap.com/webcontent/0057/843/058/cn57843058.jpg | https://www.gap.com/webcontent/0059/974/695/cn59974695.jpg | https://www.gap.com/webcontent/0059/912/755/cn59912755.jpg | https://www.gap.com/webcontent/0061/120/754/cn61120754.jpg | https://www.gap.com/webcontent/0061/136/135/cn61136135.jpg | https://www.gap.com/webcontent/0061/221/407/cn61221407.jpg | https://www.gap.com/webcontent/0059/961/248/cn59961248.jpg | https://www.gap.com/webcontent/0060/366/819/cn60366819.jpg | https://cdn.cookielaw.org/logos/e1cf9ab6-fc39-4557-b4ef-4393861dad52/d229a1c3-b8ad-46ad-9bdb-8311fd460a5f/c85f6701-9eae-4a9f-b770-87eee2dae9fc/Logo_color_lockup@3x.png,True,,,STATE Sunny Fanny Pack,,USD,34.95,60.0,"The little adventurer's perfect sidekick for their big adventures. For every bag sold, we donate a percentage of the proceeds to American families in need. STATE is the family bag company that’s carrying everyone, everywhere, through the journey of life with open hands.",1175994002,https://www.gap.com/browse/product.do?pid=1175994002&vid=1&pcid=3046590&cid=3046590,True,0,,2026-02-22,One Size,1175994,State Bags
,0,,Gap,,Girls / Shop All Accessories > Girls > Shop All Accessories,LILAC,"The little adventurer's perfect sidekick for their big adventures. For every bag sold, we donate a percentage of the proceeds to American families in need. STATE is the family bag company that’s carrying everyone, everywhere, through the journey of life with open hands.",One Size Sold & shipped by State Bags Return by mail only. 1 Add to Bag,One Size Sold & shipped by State Bags Return by mail only. 1 Add to Bag,18,https://www.gap.com/webcontent/0061/017/150/cn61017150.jpg,https://www.gap.com/webcontent/0061/017/150/cn61017150.jpg | https://www.gap.com/webcontent/0061/017/515/cn61017515.jpg | https://www.gap.com/webcontent/0061/037/218/cn61037218.jpg | https://www.gap.com/webcontent/0061/017/585/cn61017585.jpg | https://www.gap.com/webcontent/0061/019/504/cn61019504.jpg | https://www.gap.com/webcontent/0061/036/285/cn61036285.jpg | https://www.gap.com/webcontent/0057/843/058/cn57843058.jpg | https://www.gap.com/webcontent/0060/367/792/cn60367792.jpg | https://www.gap.com/webcontent/0059/974/695/cn59974695.jpg | https://www.gap.com/webcontent/0061/037/250/cn61037250.jpg | https://www.gap.com/webcontent/0059/975/575/cn59975575.jpg | https://www.gap.com/webcontent/0057/843/029/cn57843029.jpg | https://www.gap.com/webcontent/0061/692/725/cn61692725.jpg | https://www.gap.com/webcontent/0057/184/459/cn57184459.jpg | https://www.gap.com/webcontent/0060/366/819/cn60366819.jpg | https://www.gap.com/webcontent/0057/184/480/cn57184480.jpg | https://www.gap.com/webcontent/0056/071/943/cn56071943.jpg | https://cdn.cookielaw.org/logos/e1cf9ab6-fc39-4557-b4ef-4393861dad52/d229a1c3-b8ad-46ad-9bdb-8311fd460a5f/c85f6701-9eae-4a9f-b770-87eee2dae9fc/Logo_color_lockup@3x.png,True,,,STATE Sunny Fanny Pack,,USD,34.95,60.0,"The little adventurer's perfect sidekick for their big adventures. For every bag sold, we donate a percentage of the proceeds to American families in need. STATE is the family bag company that’s carrying everyone, everywhere, through the journey of life with open hands.",1175993002,https://www.gap.com/browse/product.do?pid=1175993002&vid=1&pcid=3046567&cid=3046567,True,0,,2026-02-22,One Size,1175993,State Bags
,0,,Gap,,Girls / Shop All Accessories > Girls > Shop All Accessories,3D BUTTERFLY | PINK/SILVER,"Keep travel fun for your kid and functional for you. The Logan Carry-On features smooth, 360° spinner wheels, a kid-friendly adjustable handle, and thoughtful functionality designed to keep everything in place—plus a bold, stand-out design that is just as unique as your kid. 45% of this bag is made from recycled materials. For every bag sold, State donates a percentage of the proceeds to American families in need. STATE is the family bag company that’s carrying everyone, everywhere, through the journey of life with open hands.",One Size Sold & shipped by State Bags Return by mail only. 1 Add to Bag,One Size Sold & shipped by State Bags Return by mail only. 1 Add to Bag,21,https://www.gap.com/webcontent/0061/036/151/cn61036151.jpg,https://www.gap.com/webcontent/0061/036/151/cn61036151.jpg | https://www.gap.com/webcontent/0061/036/043/cn61036043.jpg | https://www.gap.com/webcontent/0061/036/042/cn61036042.jpg | https://www.gap.com/webcontent/0061/036/177/cn61036177.jpg | https://www.gap.com/webcontent/0061/037/205/cn61037205.jpg | https://www.gap.com/webcontent/0061/035/951/cn61035951.jpg | https://www.gap.com/webcontent/0061/017/157/cn61017157.jpg | https://www.gap.com/webcontent/0061/037/168/cn61037168.jpg | https://www.gap.com/webcontent/0060/742/171/cn60742171.jpg | https://www.gap.com/webcontent/0061/035/948/cn61035948.jpg | https://www.gap.com/webcontent/0060/742/153/cn60742153.jpg | https://www.gap.com/webcontent/0056/004/074/cn56004074.jpg | https://www.gap.com/webcontent/0057/993/697/cn57993697.jpg | https://www.gap.com/webcontent/0056/003/302/cn56003302.jpg | https://www.gap.com/webcontent/0060/758/342/cn60758342.jpg | https://www.gap.com/webcontent/0056/007/547/cn56007547.jpg | https://www.gap.com/webcontent/0056/007/513/cn56007513.jpg | https://www.gap.com/webcontent/0056/007/473/cn56007473.jpg | https://www.gap.com/webcontent/0060/739/553/cn60739553.jpg | https://www.gap.com/webcontent/0061/848/506/cn61848506.jpg | https://cdn.cookielaw.org/logos/e1cf9ab6-fc39-4557-b4ef-4393861dad52/d229a1c3-b8ad-46ad-9bdb-8311fd460a5f/c85f6701-9eae-4a9f-b770-87eee2dae9fc/Logo_color_lockup@3x.png,False,". For every bag sold, State donates a percentage of the proceeds to American families in need. STATE is the family bag company that’s carrying everyone, everywhere, through the journey of life with open hands.",". For every bag sold, State donates a percentage of the proceeds to American families in need. STATE is the family bag company that’s carrying everyone, everywhere, through the journey of life with open hands.",STATE Logan Carry-On Suitcase,,USD,230.0,230.0,"Keep travel fun for your kid and functional for you. The Logan Carry-On features smooth, 360° spinner wheels, a kid-friendly adjustable handle, and thoughtful functionality designed to keep everything in place—plus a bold, stand-out design that is just as unique as your kid. 45% of this bag is made from recycled materials. For every bag sold, State donates a percentage of the proceeds to American families in need. STATE is the family bag company that’s carrying everyone, everywhere, through the journey of life with open hands.",1176253002,https://www.gap.com/browse/product.do?pid=1176253002&vid=1&pcid=3046567&cid=3046567,True,0,0,2026-02-22,One Size,1176253,State Bags
,0,,Gap,,Boys / Shop All Accessories > Boys > Shop All Accessories,CAMO,"STATE's award winning, collapsible hanging toiletry kit. Thoughtfully designed with a place for every item you need. Made from recycled materials. STATE is the family bag company that’s carrying everyone, everywhere, through the journey of life with open hands.",One Size Sold & shipped by State Bags Return by mail only. 1 Add to Bag,One Size Sold & shipped by State Bags Return by mail only. 1 Add to Bag,18,https://www.gap.com/webcontent/0061/019/479/cn61019479.jpg,https://www.gap.com/webcontent/0061/019/479/cn61019479.jpg | https://www.gap.com/webcontent/0061/019/495/cn61019495.jpg | https://www.gap.com/webcontent/0061/017/585/cn61017585.jpg | https://www.gap.com/webcontent/0059/295/571/cn59295571.jpg | https://www.gap.com/webcontent/0059/974/883/cn59974883.jpg | https://www.gap.com/webcontent/0059/295/525/cn59295525.jpg | https://www.gap.com/webcontent/0061/037/143/cn61037143.jpg | https://www.gap.com/webcontent/0055/654/389/cn55654389.jpg | https://www.gap.com/webcontent/0061/035/621/cn61035621.jpg | https://www.gap.com/webcontent/0059/975/498/cn59975498.jpg | https://www.gap.com/webcontent/0061/037/218/cn61037218.jpg | https://www.gap.com/webcontent/0059/295/371/cn59295371.jpg | https://www.gap.com/webcontent/0061/036/285/cn61036285.jpg | https://www.gap.com/webcontent/0061/395/562/cn61395562.jpg | https://www.gap.com/webcontent/0059/295/649/cn59295649.jpg | https://www.gap.com/webcontent/0059/975/575/cn59975575.jpg | https://www.gap.com/webcontent/0056/071/943/cn56071943.jpg | https://cdn.cookielaw.org/logos/e1cf9ab6-fc39-4557-b4ef-4393861dad52/d229a1c3-b8ad-46ad-9bdb-8311fd460a5f/c85f6701-9eae-4a9f-b770-87eee2dae9fc/Logo_color_lockup@3x.png,True,". STATE is the family bag company that’s carrying everyone, everywhere, through the journey of life with open hands.",". STATE is the family bag company that’s carrying everyone, everywhere, through the journey of life with open hands.",STATE Bensen Toiletry Kit,,USD,34.95,65.0,"STATE's award winning, collapsible hanging toiletry kit. Thoughtfully designed with a place for every item you need. Made from recycled materials. STATE is the family bag company that’s carrying everyone, everywhere, through the journey of life with open hands.",1176008002,https://www.gap.com/browse/product.do?pid=1176008002&vid=1&pcid=3046590&cid=3046590,True,0,,2026-02-22,One Size,1176008,State Bags
,0,,Gap,,Girls / Shop All Accessories > Girls > Shop All Accessories,PINK/SILVER,"A pencil case with backpack-like design. Fits writing essentials or handy school items. 45% of this bag is made from recycled materials. STATE is the family bag company that’s carrying everyone, everywhere, through the journey of life with open hands.",One Size Sold & shipped by State Bags Return by mail only. 1 Add to Bag,One Size Sold & shipped by State Bags Return by mail only. 1 Add to Bag,19,https://www.gap.com/webcontent/0061/019/504/cn61019504.jpg,https://www.gap.com/webcontent/0061/019/504/cn61019504.jpg | https://www.gap.com/webcontent/0061/019/521/cn61019521.jpg | https://www.gap.com/webcontent/0061/018/257/cn61018257.jpg | https://www.gap.com/webcontent/0059/974/695/cn59974695.jpg | https://www.gap.com/webcontent/0061/017/585/cn61017585.jpg | https://www.gap.com/webcontent/0059/975/575/cn59975575.jpg | https://www.gap.com/webcontent/0061/037/218/cn61037218.jpg | https://www.gap.com/webcontent/0059/912/755/cn59912755.jpg | https://www.gap.com/webcontent/0060/367/792/cn60367792.jpg | https://www.gap.com/webcontent/0057/843/058/cn57843058.jpg | https://www.gap.com/webcontent/0061/036/285/cn61036285.jpg | https://www.gap.com/webcontent/0061/120/754/cn61120754.jpg | https://www.gap.com/webcontent/0061/037/250/cn61037250.jpg | https://www.gap.com/webcontent/0061/221/407/cn61221407.jpg | https://www.gap.com/webcontent/0060/366/819/cn60366819.jpg | https://www.gap.com/webcontent/0061/692/725/cn61692725.jpg | https://www.gap.com/webcontent/0057/184/480/cn57184480.jpg | https://www.gap.com/webcontent/0061/136/135/cn61136135.jpg | https://cdn.cookielaw.org/logos/e1cf9ab6-fc39-4557-b4ef-4393861dad52/d229a1c3-b8ad-46ad-9bdb-8311fd460a5f/c85f6701-9eae-4a9f-b770-87eee2dae9fc/Logo_color_lockup@3x.png,True,". STATE is the family bag company that’s carrying everyone, everywhere, through the journey of life with open hands.",". STATE is the family bag company that’s carrying everyone, everywhere, through the journey of life with open hands.",STATE Clinton Kids Case,,USD,28.0,34.95,"A pencil case with backpack-like design. Fits writing essentials or handy school items. 45% of this bag is made from recycled materials. STATE is the family bag company that’s carrying everyone, everywhere, through the journey of life with open hands.",1176009002,https://www.gap.com/browse/product.do?pid=1176009002&vid=1&pcid=3046567&cid=3046567,True,0,,2026-02-22,One Size,1176009,State Bags
,0,,Gap,,Boys / Shop All Accessories > Boys > Shop All Accessories,ARCADE,"Perfect for after-school activities, sleepovers, and weekend getaways. Designed with two handles and an adjustable crossbody strap for easy carrying. Detachable pouches for shoes and dirty clothes and interior pockets to keep everything organized. Made from recycled materials. For every bag sold, STATE donates a percentage of the proceeds to American families in need.",One Size Sold & shipped by State Bags Return by mail only. 1 Add to Bag,One Size Sold & shipped by State Bags Return by mail only. 1 Add to Bag,21,https://www.gap.com/webcontent/0061/037/143/cn61037143.jpg,https://www.gap.com/webcontent/0061/037/143/cn61037143.jpg | https://www.gap.com/webcontent/0061/035/671/cn61035671.jpg | https://www.gap.com/webcontent/0061/035/765/cn61035765.jpg | https://www.gap.com/webcontent/0061/035/793/cn61035793.jpg | https://www.gap.com/webcontent/0061/035/670/cn61035670.jpg | https://www.gap.com/webcontent/0061/019/479/cn61019479.jpg | https://www.gap.com/webcontent/0059/975/526/cn59975526.jpg | https://www.gap.com/webcontent/0059/315/544/cn59315544.jpg | https://www.gap.com/webcontent/0061/037/250/cn61037250.jpg | https://www.gap.com/webcontent/0061/037/218/cn61037218.jpg | https://www.gap.com/webcontent/0060/249/494/cn60249494.jpg | https://www.gap.com/webcontent/0060/677/658/cn60677658.jpg | https://www.gap.com/webcontent/0056/071/943/cn56071943.jpg | https://www.gap.com/webcontent/0060/726/702/cn60726702.jpg | https://www.gap.com/webcontent/0059/316/684/cn59316684.jpg | https://www.gap.com/webcontent/0060/366/819/cn60366819.jpg | https://www.gap.com/webcontent/0060/698/641/cn60698641.jpg | https://www.gap.com/webcontent/0061/136/135/cn61136135.jpg | https://www.gap.com/webcontent/0061/206/452/cn61206452.jpg | https://www.gap.com/webcontent/0060/957/279/cn60957279.jpg | https://cdn.cookielaw.org/logos/e1cf9ab6-fc39-4557-b4ef-4393861dad52/d229a1c3-b8ad-46ad-9bdb-8311fd460a5f/c85f6701-9eae-4a9f-b770-87eee2dae9fc/Logo_color_lockup@3x.png,True,". For every bag sold, STATE donates a percentage of the proceeds to American families in need.",". For every bag sold, STATE donates a percentage of the proceeds to American families in need.",STATE Rockaway Duffle,,USD,79.95,145.0,"Perfect for after-school activities, sleepovers, and weekend getaways. Designed with two handles and an adjustable crossbody strap for easy carrying. Detachable pouches for shoes and dirty clothes and interior pockets to keep everything organized. Made from recycled materials. For every bag sold, STATE donates a percentage of the proceeds to American families in need.",1176123002,https://www.gap.com/browse/product.do?pid=1176123002&vid=1&pcid=3046590&cid=3046590,True,0,,2026-02-22,One Size,1176123,State Bags
,0,,Gap,,Boys / Shop All Accessories > Boys > Shop All Accessories,ARCADE | CAMO | FUZZY BOLT,"Keep travel fun for your kid and functional for you. The Logan Carry-On features smooth, 360° spinner wheels, a kid-friendly adjustable handle, and thoughtful functionality designed to keep everything in place—plus a bold, stand-out design that is just as unique as your kid. 45% of this bag is made from recycled materials. For every bag sold, State donates a percentage of the proceeds to American families in need. STATE is the family bag company that’s carrying everyone, everywhere, through the journey of life with open hands.",One Size Sold & shipped by State Bags Return by mail only. 1 Add to Bag,One Size Sold & shipped by State Bags Return by mail only. 1 Add to Bag,20,https://www.gap.com/webcontent/0061/037/168/cn61037168.jpg,https://www.gap.com/webcontent/0061/037/168/cn61037168.jpg | https://www.gap.com/webcontent/0061/037/180/cn61037180.jpg | https://www.gap.com/webcontent/0061/036/201/cn61036201.jpg | https://www.gap.com/webcontent/0061/036/220/cn61036220.jpg | https://www.gap.com/webcontent/0061/037/193/cn61037193.jpg | https://www.gap.com/webcontent/0061/017/327/cn61017327.jpg | https://www.gap.com/webcontent/0061/036/151/cn61036151.jpg | https://www.gap.com/webcontent/0061/017/157/cn61017157.jpg | https://www.gap.com/webcontent/0056/007/513/cn56007513.jpg | https://www.gap.com/webcontent/0056/004/074/cn56004074.jpg | https://www.gap.com/webcontent/0056/007/547/cn56007547.jpg | https://www.gap.com/webcontent/0056/007/473/cn56007473.jpg | https://www.gap.com/webcontent/0060/758/342/cn60758342.jpg | https://www.gap.com/webcontent/0057/993/697/cn57993697.jpg | https://www.gap.com/webcontent/0061/036/597/cn61036597.jpg | https://www.gap.com/webcontent/0060/742/153/cn60742153.jpg | https://www.gap.com/webcontent/0056/003/302/cn56003302.jpg | https://www.gap.com/webcontent/0061/172/934/cn61172934.jpg | https://www.gap.com/webcontent/0060/967/471/cn60967471.jpg | https://cdn.cookielaw.org/logos/e1cf9ab6-fc39-4557-b4ef-4393861dad52/d229a1c3-b8ad-46ad-9bdb-8311fd460a5f/c85f6701-9eae-4a9f-b770-87eee2dae9fc/Logo_color_lockup@3x.png,True,". For every bag sold, State donates a percentage of the proceeds to American families in need. STATE is the family bag company that’s carrying everyone, everywhere, through the journey of life with open hands.",". For every bag sold, State donates a percentage of the proceeds to American families in need. STATE is the family bag company that’s carrying everyone, everywhere, through the journey of life with open hands.",STATE Logan Carry-On Suitcase,,USD,225.0,230.0,"Keep travel fun for your kid and functional for you. The Logan Carry-On features smooth, 360° spinner wheels, a kid-friendly adjustable handle, and thoughtful functionality designed to keep everything in place—plus a bold, stand-out design that is just as unique as your kid. 45% of this bag is made from recycled materials. For every bag sold, State donates a percentage of the proceeds to American families in need. STATE is the family bag company that’s carrying everyone, everywhere, through the journey of life with open hands.",1176252002,https://www.gap.com/browse/product.do?pid=1176252002&vid=1&pcid=3046590&cid=3046590,True,0,0,2026-02-22,One Size,1176252,State Bags
,0,,Gap,,Girls / Shop All Accessories > Girls > Shop All Accessories,CLOUDS,"Perfect for after-school activities, sleepovers, and weekend getaways. Designed with two handles and an adjustable crossbody strap for easy carrying. Detachable pouches for shoes and dirty clothes and interior pockets to keep everything organized. Made from recycled materials. For every bag sold, STATE donates a percentage of the proceeds to American families in need.",One Size Sold & shipped by State Bags Return by mail only. 1 Add to Bag,One Size Sold & shipped by State Bags Return by mail only. 1 Add to Bag,20,https://www.gap.com/webcontent/0061/035/621/cn61035621.jpg,https://www.gap.com/webcontent/0061/035/621/cn61035621.jpg | https://www.gap.com/webcontent/0061/035/626/cn61035626.jpg | https://www.gap.com/webcontent/0061/035/676/cn61035676.jpg | https://www.gap.com/webcontent/0061/037/137/cn61037137.jpg | https://www.gap.com/webcontent/0059/975/498/cn59975498.jpg | https://www.gap.com/webcontent/0061/019/479/cn61019479.jpg | https://www.gap.com/webcontent/0061/017/150/cn61017150.jpg | https://www.gap.com/webcontent/0061/037/218/cn61037218.jpg | https://www.gap.com/webcontent/0059/975/526/cn59975526.jpg | https://www.gap.com/webcontent/0059/219/508/cn59219508.jpg | https://www.gap.com/webcontent/0060/791/857/cn60791857.jpg | https://www.gap.com/webcontent/0061/019/504/cn61019504.jpg | https://www.gap.com/webcontent/0059/974/883/cn59974883.jpg | https://www.gap.com/webcontent/0061/194/819/cn61194819.jpg | https://www.gap.com/webcontent/0057/184/459/cn57184459.jpg | https://www.gap.com/webcontent/0061/037/250/cn61037250.jpg | https://www.gap.com/webcontent/0057/184/480/cn57184480.jpg | https://www.gap.com/webcontent/0059/912/755/cn59912755.jpg | https://www.gap.com/webcontent/0060/726/816/cn60726816.jpg | https://cdn.cookielaw.org/logos/e1cf9ab6-fc39-4557-b4ef-4393861dad52/d229a1c3-b8ad-46ad-9bdb-8311fd460a5f/c85f6701-9eae-4a9f-b770-87eee2dae9fc/Logo_color_lockup@3x.png,True,". For every bag sold, STATE donates a percentage of the proceeds to American families in need.",". For every bag sold, STATE donates a percentage of the proceeds to American families in need.",STATE Rockaway Duffle,,USD,24.95,145.0,"Perfect for after-school activities, sleepovers, and weekend getaways. Designed with two handles and an adjustable crossbody strap for easy carrying. Detachable pouches for shoes and dirty clothes and interior pockets to keep everything organized. Made from recycled materials. For every bag sold, STATE donates a percentage of the proceeds to American families in need.",1176124002,https://www.gap.com/browse/product.do?pid=1176124002&vid=1&pcid=3046567&cid=3046567,True,0,0,2026-02-22,One Size,1176124,State Bags
,0,,Gap,,"Women / Bags, Scarves & More > Women > Bags, Scarves & More",BLACK | OLIVE,"Perfect for overnight stays, long weekends, and everything in between, we've thought of everything with this duffle style weekender including a padded laptop pocket, interior organization, detachable pouches, and a hidden travel sleeve—it holds everything you need and keeps you feeling and looking put together wherever you go. 45% of this bag is made from recycled materials. For every bag sold, STATE donates a percentage of the proceeds to American families in need. STATE is the family bag company that’s carrying everyone, everywhere, through the journey of life with open hands.",One Size Sold & shipped by State Bags Return by mail only. 1 Add to Bag,One Size Sold & shipped by State Bags Return by mail only. 1 Add to Bag,22,https://www.gap.com/webcontent/0061/017/327/cn61017327.jpg,https://www.gap.com/webcontent/0061/017/327/cn61017327.jpg | https://www.gap.com/webcontent/0061/017/572/cn61017572.jpg | https://www.gap.com/webcontent/0061/017/579/cn61017579.jpg | https://www.gap.com/webcontent/0061/017/343/cn61017343.jpg | https://www.gap.com/webcontent/0061/017/328/cn61017328.jpg | https://www.gap.com/webcontent/0061/017/074/cn61017074.jpg | https://www.gap.com/webcontent/0061/037/168/cn61037168.jpg | https://www.gap.com/webcontent/0061/037/193/cn61037193.jpg | https://www.gap.com/webcontent/0061/035/948/cn61035948.jpg | https://www.gap.com/webcontent/0061/542/384/cn61542384.jpg | https://www.gap.com/webcontent/0061/035/951/cn61035951.jpg | https://www.gap.com/webcontent/0061/036/597/cn61036597.jpg | https://www.gap.com/webcontent/0061/817/242/cn61817242.jpg | https://www.gap.com/webcontent/0061/776/650/cn61776650.jpg | https://www.gap.com/webcontent/0061/213/418/cn61213418.jpg | https://www.gap.com/webcontent/0061/406/333/cn61406333.jpg | https://www.gap.com/webcontent/0061/542/350/cn61542350.jpg | https://www.gap.com/webcontent/0057/993/697/cn57993697.jpg | https://www.gap.com/webcontent/0061/542/371/cn61542371.jpg | https://www.gap.com/webcontent/0056/003/302/cn56003302.jpg | https://www.gap.com/webcontent/0060/739/553/cn60739553.jpg | https://cdn.cookielaw.org/logos/e1cf9ab6-fc39-4557-b4ef-4393861dad52/d229a1c3-b8ad-46ad-9bdb-8311fd460a5f/c85f6701-9eae-4a9f-b770-87eee2dae9fc/Logo_color_lockup@3x.png,True,". For every bag sold, STATE donates a percentage of the proceeds to American families in need. STATE is the family bag company that’s carrying everyone, everywhere, through the journey of life with open hands.",". For every bag sold, STATE donates a percentage of the proceeds to American families in need. STATE is the family bag company that’s carrying everyone, everywhere, through the journey of life with open hands.",STATE Wellington Weekender,,USD,195.0,230.0,"Perfect for overnight stays, long weekends, and everything in between, we've thought of everything with this duffle style weekender including a padded laptop pocket, interior organization, detachable pouches, and a hidden travel sleeve—it holds everything you need and keeps you feeling and looking put together wherever you go. 45% of this bag is made from recycled materials. For every bag sold, STATE donates a percentage of the proceeds to American families in need. STATE is the family bag company that’s carrying everyone, everywhere, through the journey of life with open hands.",1175997002,https://www.gap.com/browse/product.do?pid=1175997002&vid=1&pcid=3046544&cid=3051538,True,0,0,2026-02-22,One Size,1175997,State Bags
,0,,Gap,,Boys / Shop All Accessories > Boys > Shop All Accessories,ARCADE | CAMO | FUZZY BOLT,"Keep travel fun for your kid and functional for you. The Logan Carry-On features smooth, 360° spinner wheels, a kid-friendly adjustable handle, and thoughtful functionality designed to keep everything in place—plus a bold, stand-out design that is just as unique as your kid. 45% of this bag is made from recycled materials. For every bag sold, State donates a percentage of the proceeds to American families in need. STATE is the family bag company that’s carrying everyone, everywhere, through the journey of life with open hands.",One Size Sold & shipped by State Bags Return by mail only. 1 Add to Bag,One Size Sold & shipped by State Bags Return by mail only. 1 Add to Bag,22,https://www.gap.com/webcontent/0061/035/951/cn61035951.jpg,https://www.gap.com/webcontent/0061/035/951/cn61035951.jpg | https://www.gap.com/webcontent/0061/035/955/cn61035955.jpg | https://www.gap.com/webcontent/0061/035/861/cn61035861.jpg | https://www.gap.com/webcontent/0061/035/859/cn61035859.jpg | https://www.gap.com/webcontent/0061/035/860/cn61035860.jpg | https://www.gap.com/webcontent/0061/035/964/cn61035964.jpg | https://www.gap.com/webcontent/0061/037/193/cn61037193.jpg | https://www.gap.com/webcontent/0060/970/472/cn60970472.jpg | https://www.gap.com/webcontent/0061/036/151/cn61036151.jpg | https://www.gap.com/webcontent/0060/729/365/cn60729365.jpg | https://www.gap.com/webcontent/0056/007/547/cn56007547.jpg | https://www.gap.com/webcontent/0060/742/153/cn60742153.jpg | https://www.gap.com/webcontent/0056/004/074/cn56004074.jpg | https://www.gap.com/webcontent/0057/993/697/cn57993697.jpg | https://www.gap.com/webcontent/0060/967/471/cn60967471.jpg | https://www.gap.com/webcontent/0060/758/342/cn60758342.jpg | https://www.gap.com/webcontent/0056/003/302/cn56003302.jpg | https://www.gap.com/webcontent/0060/742/171/cn60742171.jpg | https://www.gap.com/webcontent/0056/007/473/cn56007473.jpg | https://www.gap.com/webcontent/0060/740/211/cn60740211.jpg | https://www.gap.com/webcontent/0060/996/528/cn60996528.jpg | https://cdn.cookielaw.org/logos/e1cf9ab6-fc39-4557-b4ef-4393861dad52/d229a1c3-b8ad-46ad-9bdb-8311fd460a5f/c85f6701-9eae-4a9f-b770-87eee2dae9fc/Logo_color_lockup@3x.png,True,". For every bag sold, State donates a percentage of the proceeds to American families in need. STATE is the family bag company that’s carrying everyone, everywhere, through the journey of life with open hands.",". For every bag sold, State donates a percentage of the proceeds to American families in need. STATE is the family bag company that’s carrying everyone, everywhere, through the journey of life with open hands.",STATE Logan Carry-On Suitcase,,USD,98.0,225.0,"Keep travel fun for your kid and functional for you. The Logan Carry-On features smooth, 360° spinner wheels, a kid-friendly adjustable handle, and thoughtful functionality designed to keep everything in place—plus a bold, stand-out design that is just as unique as your kid. 45% of this bag is made from recycled materials. For every bag sold, State donates a percentage of the proceeds to American families in need. STATE is the family bag company that’s carrying everyone, everywhere, through the journey of life with open hands.",1176254002,https://www.gap.com/browse/product.do?pid=1176254002&vid=1&pcid=3046590&cid=3046590,True,0,,2026-02-22,One Size,1176254,State Bags
,0,,Gap,,Girls / Shop All Accessories > Girls > Shop All Accessories,3D BUTTERFLY,"STATE's signature backpack recommended for kindergarten to third grade. The Kane Backpack fits folders and up to one 2” binder or textbook. Perfect for school, travel, and every adventure in between, this best-selling kids' backpack is as fun as it is functional. 45% of this bag is made from recycled materials. For every bag sold, STATE donates a percentage of the proceeds to American families in need.",One Size Sold & shipped by State Bags Return by mail only. 1 Add to Bag,One Size Sold & shipped by State Bags Return by mail only. 1 Add to Bag,19,https://www.gap.com/webcontent/0061/036/285/cn61036285.jpg,https://www.gap.com/webcontent/0061/036/285/cn61036285.jpg | https://www.gap.com/webcontent/0061/036/277/cn61036277.jpg | https://www.gap.com/webcontent/0061/037/237/cn61037237.jpg | https://www.gap.com/webcontent/0061/017/585/cn61017585.jpg | https://www.gap.com/webcontent/0057/843/029/cn57843029.jpg | https://www.gap.com/webcontent/0057/843/058/cn57843058.jpg | https://www.gap.com/webcontent/0061/019/504/cn61019504.jpg | https://www.gap.com/webcontent/0059/975/575/cn59975575.jpg | https://www.gap.com/webcontent/0061/716/343/cn61716343.jpg | https://www.gap.com/webcontent/0059/974/695/cn59974695.jpg | https://www.gap.com/webcontent/0061/037/250/cn61037250.jpg | https://www.gap.com/webcontent/0061/017/150/cn61017150.jpg | https://www.gap.com/webcontent/0060/367/792/cn60367792.jpg | https://www.gap.com/webcontent/0061/692/725/cn61692725.jpg | https://www.gap.com/webcontent/0061/136/135/cn61136135.jpg | https://www.gap.com/webcontent/0059/961/248/cn59961248.jpg | https://www.gap.com/webcontent/0060/366/819/cn60366819.jpg | https://www.gap.com/webcontent/0061/221/407/cn61221407.jpg | https://cdn.cookielaw.org/logos/e1cf9ab6-fc39-4557-b4ef-4393861dad52/d229a1c3-b8ad-46ad-9bdb-8311fd460a5f/c85f6701-9eae-4a9f-b770-87eee2dae9fc/Logo_color_lockup@3x.png,True,". For every bag sold, STATE donates a percentage of the proceeds to American families in need.",". For every bag sold, STATE donates a percentage of the proceeds to American families in need.",STATE Kane Backpack,,USD,34.95,135.0,"STATE's signature backpack recommended for kindergarten to third grade. The Kane Backpack fits folders and up to one 2” binder or textbook. Perfect for school, travel, and every adventure in between, this best-selling kids' backpack is as fun as it is functional. 45% of this bag is made from recycled materials. For every bag sold, STATE donates a percentage of the proceeds to American families in need.",1176258002,https://www.gap.com/browse/product.do?pid=1176258002&vid=1&pcid=3046567&cid=3046567,True,0,,2026-02-22,One Size,1176258,State Bags
,0,,Gap,,Boys / Shop All Accessories > Boys > Shop All Accessories,ARCADE | CAMO | FUZZY BOLT,"Keep travel fun for your kid and functional for you. The Logan Carry-On features smooth, 360° spinner wheels, a kid-friendly adjustable handle, and thoughtful functionality designed to keep everything in place—plus a bold, stand-out design that is just as unique as your kid. 45% of this bag is made from recycled materials. For every bag sold, State donates a percentage of the proceeds to American families in need. STATE is the family bag company that’s carrying everyone, everywhere, through the journey of life with open hands.",One Size Sold & shipped by State Bags Return by mail only. 1 Add to Bag,One Size Sold & shipped by State Bags Return by mail only. 1 Add to Bag,21,https://www.gap.com/webcontent/0061/035/948/cn61035948.jpg,https://www.gap.com/webcontent/0061/035/948/cn61035948.jpg | https://www.gap.com/webcontent/0061/036/028/cn61036028.jpg | https://www.gap.com/webcontent/0061/035/950/cn61035950.jpg | https://www.gap.com/webcontent/0061/036/021/cn61036021.jpg | https://www.gap.com/webcontent/0061/036/025/cn61036025.jpg | https://www.gap.com/webcontent/0061/036/151/cn61036151.jpg | https://www.gap.com/webcontent/0060/967/471/cn60967471.jpg | https://www.gap.com/webcontent/0061/037/193/cn61037193.jpg | https://www.gap.com/webcontent/0060/970/472/cn60970472.jpg | https://www.gap.com/webcontent/0056/007/547/cn56007547.jpg | https://www.gap.com/webcontent/0057/993/697/cn57993697.jpg | https://www.gap.com/webcontent/0056/004/074/cn56004074.jpg | https://www.gap.com/webcontent/0060/758/342/cn60758342.jpg | https://www.gap.com/webcontent/0060/742/153/cn60742153.jpg | https://www.gap.com/webcontent/0060/729/365/cn60729365.jpg | https://www.gap.com/webcontent/0061/172/934/cn61172934.jpg | https://www.gap.com/webcontent/0056/007/473/cn56007473.jpg | https://www.gap.com/webcontent/0060/740/211/cn60740211.jpg | https://www.gap.com/webcontent/0056/003/302/cn56003302.jpg | https://www.gap.com/webcontent/0060/967/056/cn60967056.jpg | https://cdn.cookielaw.org/logos/e1cf9ab6-fc39-4557-b4ef-4393861dad52/d229a1c3-b8ad-46ad-9bdb-8311fd460a5f/c85f6701-9eae-4a9f-b770-87eee2dae9fc/Logo_color_lockup@3x.png,False,". For every bag sold, State donates a percentage of the proceeds to American families in need. STATE is the family bag company that’s carrying everyone, everywhere, through the journey of life with open hands.",". For every bag sold, State donates a percentage of the proceeds to American families in need. STATE is the family bag company that’s carrying everyone, everywhere, through the journey of life with open hands.",STATE Logan Carry-On Suitcase,,USD,230.0,230.0,"Keep travel fun for your kid and functional for you. The Logan Carry-On features smooth, 360° spinner wheels, a kid-friendly adjustable handle, and thoughtful functionality designed to keep everything in place—plus a bold, stand-out design that is just as unique as your kid. 45% of this bag is made from recycled materials. For every bag sold, State donates a percentage of the proceeds to American families in need. STATE is the family bag company that’s carrying everyone, everywhere, through the journey of life with open hands.",1176256002,https://www.gap.com/browse/product.do?pid=1176256002&vid=1&pcid=3046590&cid=3046590,True,0,0,2026-02-22,One Size,1176256,State Bags
,0,,Gap,,Boys / Shop All Accessories > Boys > Shop All Accessories,FUZZY BOLT | CAMO,"STATE's signature backpack recommended for kindergarten to third grade. The Kane Backpack fits folders and up to one 2” binder or textbook. Perfect for school, travel, and every adventure in between, this best-selling kids' backpack is as fun as it is functional. 45% of this bag is made from recycled materials. For every bag sold, STATE donates a percentage of the proceeds to American families in need.",One Size Sold & shipped by State Bags Return by mail only. 1 Add to Bag,One Size Sold & shipped by State Bags Return by mail only. 1 Add to Bag,20,https://www.gap.com/webcontent/0061/037/250/cn61037250.jpg,https://www.gap.com/webcontent/0061/037/250/cn61037250.jpg | https://www.gap.com/webcontent/0061/037/230/cn61037230.jpg | https://www.gap.com/webcontent/0061/037/244/cn61037244.jpg | https://www.gap.com/webcontent/0061/036/378/cn61036378.jpg | https://www.gap.com/webcontent/0059/912/755/cn59912755.jpg | https://www.gap.com/webcontent/0059/975/575/cn59975575.jpg | https://www.gap.com/webcontent/0061/037/218/cn61037218.jpg | https://www.gap.com/webcontent/0059/974/695/cn59974695.jpg | https://www.gap.com/webcontent/0059/975/526/cn59975526.jpg | https://www.gap.com/webcontent/0061/206/452/cn61206452.jpg | https://www.gap.com/webcontent/0061/120/754/cn61120754.jpg | https://www.gap.com/webcontent/0059/698/868/cn59698868.jpg | https://www.gap.com/webcontent/0061/221/407/cn61221407.jpg | https://www.gap.com/webcontent/0061/017/585/cn61017585.jpg | https://www.gap.com/webcontent/0060/367/792/cn60367792.jpg | https://www.gap.com/webcontent/0060/283/400/cn60283400.jpg | https://www.gap.com/webcontent/0059/295/571/cn59295571.jpg | https://www.gap.com/webcontent/0061/136/135/cn61136135.jpg | https://www.gap.com/webcontent/0060/792/040/cn60792040.jpg | https://cdn.cookielaw.org/logos/e1cf9ab6-fc39-4557-b4ef-4393861dad52/d229a1c3-b8ad-46ad-9bdb-8311fd460a5f/c85f6701-9eae-4a9f-b770-87eee2dae9fc/Logo_color_lockup@3x.png,True,". For every bag sold, STATE donates a percentage of the proceeds to American families in need.",". For every bag sold, STATE donates a percentage of the proceeds to American families in need.",STATE Kane Backpack,,USD,49.95,115.0,"STATE's signature backpack recommended for kindergarten to third grade. The Kane Backpack fits folders and up to one 2” binder or textbook. Perfect for school, travel, and every adventure in between, this best-selling kids' backpack is as fun as it is functional. 45% of this bag is made from recycled materials. For every bag sold, STATE donates a percentage of the proceeds to American families in need.",1176259002,https://www.gap.com/browse/product.do?pid=1176259002&vid=1&pcid=3046590&cid=3046590,True,0,0,2026-02-22,One Size,1176259,State Bags
,0,,Gap,,"Women / Bags, Scarves & More > Women > Bags, Scarves & More",Gold | Pink | Red,"The Heart Pouch Bag Charm/Key Ring adds the sweetest touch of charm to any bag or keychain. Designed in a heart shape with a chic pearl charm and gold-tone hardware, it’s equal parts stylish and functional. With a zip closure, this little pouch is perfect for stashing small essentials like earbuds, coins, or lip balm on the go. Available in multiple colors, it’s a cute companion you’ll want to show off daily. Shiraleah is a trend-driven lifestyle brand focused on the little gifts that make life special!",Size Guide,Size Guide,17,https://www.gap.com/webcontent/0061/542/730/cn61542730.jpg,https://www.gap.com/webcontent/0061/542/730/cn61542730.jpg | https://www.gap.com/webcontent/0060/742/153/cn60742153.jpg | https://www.gap.com/webcontent/0060/739/173/cn60739173.jpg | https://www.gap.com/webcontent/0060/739/113/cn60739113.jpg | https://www.gap.com/webcontent/0059/290/025/cn59290025.jpg | https://www.gap.com/webcontent/0059/220/260/cn59220260.jpg | https://www.gap.com/webcontent/0056/449/529/cn56449529.jpg | https://www.gap.com/webcontent/0057/780/296/cn57780296.jpg | https://www.gap.com/webcontent/0060/741/499/cn60741499.jpg | https://www.gap.com/webcontent/0060/740/211/cn60740211.jpg | https://www.gap.com/webcontent/0060/741/473/cn60741473.jpg | https://www.gap.com/webcontent/0060/739/259/cn60739259.jpg | https://www.gap.com/webcontent/0060/534/248/cn60534248.jpg | https://www.gap.com/webcontent/0060/741/427/cn60741427.jpg | https://www.gap.com/webcontent/0061/099/871/cn61099871.jpg | https://www.gap.com/webcontent/0060/741/455/cn60741455.jpg | https://cdn.cookielaw.org/logos/e1cf9ab6-fc39-4557-b4ef-4393861dad52/d229a1c3-b8ad-46ad-9bdb-8311fd460a5f/c85f6701-9eae-4a9f-b770-87eee2dae9fc/Logo_color_lockup@3x.png,True,,,Shiraleah Heart Pouch Bag Charm/Key Ring,,USD,26.0,32.0,"The Heart Pouch Bag Charm/Key Ring adds the sweetest touch of charm to any bag or keychain. Designed in a heart shape with a chic pearl charm and gold-tone hardware, it’s equal parts stylish and functional. With a zip closure, this little pouch is perfect for stashing small essentials like earbuds, coins, or lip balm on the go. Available in multiple colors, it’s a cute companion you’ll want to show off daily. Shiraleah is a trend-driven lifestyle brand focused on the little gifts that make life special!",1179480002,https://www.gap.com/browse/product.do?pid=1179480002&vid=1&pcid=3046544&cid=3046544,True,0,0,2026-02-22,One Size,1179480,Shiraleah
,0,,Gap,,"Women / Bags, Scarves & More > Women > Bags, Scarves & More",Gold | Pink | Red,"The Heart Pouch Bag Charm/Key Ring adds the sweetest touch of charm to any bag or keychain. Designed in a heart shape with a chic pearl charm and gold-tone hardware, it’s equal parts stylish and functional. With a zip closure, this little pouch is perfect for stashing small essentials like earbuds, coins, or lip balm on the go. Available in multiple colors, it’s a cute companion you’ll want to show off daily. Shiraleah is a trend-driven lifestyle brand focused on the little gifts that make life special!",Size Guide,Size Guide,17,https://www.gap.com/webcontent/0061/542/295/cn61542295.jpg,https://www.gap.com/webcontent/0061/542/295/cn61542295.jpg | https://www.gap.com/webcontent/0060/739/173/cn60739173.jpg | https://www.gap.com/webcontent/0060/739/203/cn60739203.jpg | https://www.gap.com/webcontent/0060/742/153/cn60742153.jpg | https://www.gap.com/webcontent/0060/739/259/cn60739259.jpg | https://www.gap.com/webcontent/0060/741/557/cn60741557.jpg | https://www.gap.com/webcontent/0060/758/201/cn60758201.jpg | https://www.gap.com/webcontent/0060/758/342/cn60758342.jpg | https://www.gap.com/webcontent/0060/758/214/cn60758214.jpg | https://www.gap.com/webcontent/0060/740/211/cn60740211.jpg | https://www.gap.com/webcontent/0060/758/275/cn60758275.jpg | https://www.gap.com/webcontent/0059/220/260/cn59220260.jpg | https://www.gap.com/webcontent/0060/758/393/cn60758393.jpg | https://www.gap.com/webcontent/0056/449/529/cn56449529.jpg | https://www.gap.com/webcontent/0060/534/248/cn60534248.jpg | https://www.gap.com/webcontent/0059/290/025/cn59290025.jpg | https://cdn.cookielaw.org/logos/e1cf9ab6-fc39-4557-b4ef-4393861dad52/d229a1c3-b8ad-46ad-9bdb-8311fd460a5f/c85f6701-9eae-4a9f-b770-87eee2dae9fc/Logo_color_lockup@3x.png,True,,,Shiraleah Heart Pouch Bag Charm/Key Ring,,USD,26.0,32.0,"The Heart Pouch Bag Charm/Key Ring adds the sweetest touch of charm to any bag or keychain. Designed in a heart shape with a chic pearl charm and gold-tone hardware, it’s equal parts stylish and functional. With a zip closure, this little pouch is perfect for stashing small essentials like earbuds, coins, or lip balm on the go. Available in multiple colors, it’s a cute companion you’ll want to show off daily. Shiraleah is a trend-driven lifestyle brand focused on the little gifts that make life special!",1179480012,https://www.gap.com/browse/product.do?pid=1179480012&vid=1&pcid=3046544&cid=3046544,True,0,95,2026-02-22,One Size,1179480,Shiraleah
In stock,4.6,,Gap,"er Enhancement) program. P.A.C.E. is our educational program that helps the women who make our clothes build the skills, knowledge, confidence & resilience needed to advance in work & life. Learn more here. #503844","Women / Bags, Scarves & More > Women > Bags, Scarves & More",Chocolate cake brown | Honey brown | True black,"Soft vegan suede slouchy tote bag. Handle at top. This product was made in a factory that runs the Gap Inc. P.A.C.E. (Personal Advancement & Career Enhancement) program. P.A.C.E. is our educational program that helps the women who make our clothes build the skills, knowledge, confidence & resilience needed to advance in work & life. Learn more <a href=""https://www.gapinc.com/en-us/values/sustainability/empowering-women/p-a-c-e-and-rise"" target=""_blank""><u>here</u></a>. #503844",Size Guide,Size Guide,23,https://www.gap.com/webcontent/0060/362/381/cn60362381.jpg,"https://www.gap.com/webcontent/0060/362/381/cn60362381.jpg | https://www.gap.com/webcontent/0060/351/225/cn60351225.jpg | https://www.gap.com/webcontent/0060/362/406/cn60362406.jpg | https://www.gap.com/webcontent/0059/495/619/cn59495619.jpg | https://www.gap.com/webcontent/0061/184/787/cn61184787.jpg | https://www.gap.com/webcontent/0059/698/746/cn59698746.jpg | https://www.gap.com/webcontent/0059/698/590/cn59698590.jpg | https://www.gap.com/webcontent/0060/427/529/cn60427529.jpg | https://www.gap.com/webcontent/0059/698/588/cn59698588.jpg | https://www.gap.com/webcontent/0059/496/331/cn59496331.jpg | https://www.gap.com/webcontent/0059/702/480/cn59702480.jpg | https://www.gap.com/webcontent/0060/809/402/cn60809402.jpg | https://www.gap.com/webcontent/0060/652/889/cn60652889.jpg | https://www.gap.com/webcontent/0059/985/804/cn59985804.jpg | https://www.gap.com/webcontent/0061/406/333/cn61406333.jpg | https://www.gap.com/webcontent/0057/498/615/cn57498615.jpg | https://www.gap.com/webcontent/0060/784/370/cn60784370.jpg | https://www.gap.com/webcontent/0061/181/948/cn61181948.jpg | https://www.gap.com/webcontent/0061/518/416/cn61518416.jpg | https://media.powerreviews.com/image/upload/c_thumb,d_portal-no-product-image_ttlfpi.svg,h_150,q_auto,w_150/d_portal-no-product-image_ttlfpi.svg/prod/kr1s78xp2wb4fov5mpgq.webp | https://media.powerreviews.com/image/upload/c_thumb,d_portal-no-product-image_ttlfpi.svg,h_150,q_auto,w_150/d_portal-no-product-image_ttlfpi.svg/prod/bsarz1otfczonqsn17v6.webp | https://media.powerreviews.com/image/upload/c_thumb,d_portal-no-product-image_ttlfpi.svg,h_150,q_auto,w_150/d_portal-no-product-image_ttlfpi.svg/prod/rszgikifaldbsvotg3vs.webp | https://cdn.cookielaw.org/logos/e1cf9ab6-fc39-4557-b4ef-4393861dad52/d229a1c3-b8ad-46ad-9bdb-8311fd460a5f/c85f6701-9eae-4a9f-b770-87eee2dae9fc/Logo_color_lockup@3x.png",True,& care Polyester 100% Wipe clean. Imported. Shipping & returns Customers also viewed Vegan Suede Bucket Bag $74.95 $44.00 40% off + extra 10% in the app Vegan Suede Barrel Bag $49.95 $19.00 60% off + extra 10% in the app Vegan Suede Bucket Bag $74.95 $59.00 20% off + extra 10% in the app Vegan Leather Riding Boots $110.00 $44.00 60% off + extra 10% in the app Vegan Suede Bucket Bag $74.95 $37.00 50% off + extra 10% in the app You may also like Vegan Leather Bucket Tote Bag $69.95 $62.00 Extra 10% off in the app Vegan Suede Barrel Bag $49.95 $24.00 50% off + extra 10% in the app Vegan Leather Bucket Tote Bag $69.95 $55.00 20% off + extra 10% in the app Vegan Suede Bucket Bag $74.95 $67.00 Extra 10% off in the app Vegan Suede Barrel Bag $49.95 $39.00 20% off + extra 10% in the app UltraSoft Denim Horseshoe Overalls $119.95 Extra 10% off in the app Denim Stripe Tote Bag $54.95 Extra 10% off in the app Denim Tote Bag $59.95 $47.00 20% off + extra 10% in the app CloseKnit Jersey T-Shirt $29.95 $23.00 20% off + extra 10% in the app Logo Tote Keychain Charm $19.95 $15.00 20% off + extra 10% in the app,& care Polyester 100% Wipe clean. Imported. Shipping & returns Customers also viewed Vegan Suede Bucket Bag $74.95 $44.00 40% off + extra 10% in the app Vegan Suede Barrel Bag $49.95 $19.00 60% off + extra 10% in the app Vegan Suede Bucket Bag $74.95 $59.00 20% off + extra 10% in the app Vegan Leather Riding Boots $110.00 $44.00 60% off + extra 10% in the app Vegan Suede Bucket Bag $74.95 $37.00 50% off + extra 10% in the app You may also like Vegan Leather Bucket Tote Bag $69.95 $62.00 Extra 10% off in the app Vegan Suede Barrel Bag $49.95 $24.00 50% off + extra 10% in the app Vegan Leather Bucket Tote Bag $69.95 $55.00 20% off + extra 10% in the app Vegan Suede Bucket Bag $74.95 $67.00 Extra 10% off in the app Vegan Suede Barrel Bag $49.95 $39.00 20% off + extra 10% in the app UltraSoft Denim Horseshoe Overalls $119.95 Extra 10% off in the app Denim Stripe Tote Bag $54.95 Extra 10% off in the app Denim Tote Bag $59.95 $47.00 20% off + extra 10% in the app CloseKnit Jersey T-Shirt $29.95 $23.00 20% off + extra 10% in the app Logo Tote Keychain Charm $19.95 $15.00 20% off + extra 10% in the app,Vegan Suede Slouchy Tote Bag,,USD,27.0,69.95,"Soft vegan suede slouchy tote bag. Handle at top. This product was made in a factory that runs the Gap Inc. P.A.C.E. (Personal Advancement & Career Enhancement) program. P.A.C.E. is our educational program that helps the women who make our clothes build the skills, knowledge, confidence & resilience needed to advance in work & life. Learn more here. #503844",503844042,https://www.gap.com/browse/product.do?pid=503844042&vid=1&pcid=3046544&cid=3051538,False,1055,930,2026-02-22,One Size,503844,
,0,,Gap,,"Women / Bags, Scarves & More > Women > Bags, Scarves & More",Gold | Pink | Red,"The Heart Pouch Bag Charm/Key Ring adds the sweetest touch of charm to any bag or keychain. Designed in a heart shape with a chic pearl charm and gold-tone hardware, it’s equal parts stylish and functional. With a zip closure, this little pouch is perfect for stashing small essentials like earbuds, coins, or lip balm on the go. Available in multiple colors, it’s a cute companion you’ll want to show off daily. Shiraleah is a trend-driven lifestyle brand focused on the little gifts that make life special!",Size Guide,Size Guide,17,https://www.gap.com/webcontent/0061/542/308/cn61542308.jpg,https://www.gap.com/webcontent/0061/542/308/cn61542308.jpg | https://www.gap.com/webcontent/0060/742/153/cn60742153.jpg | https://www.gap.com/webcontent/0060/739/173/cn60739173.jpg | https://www.gap.com/webcontent/0060/739/203/cn60739203.jpg | https://www.gap.com/webcontent/0060/739/259/cn60739259.jpg | https://www.gap.com/webcontent/0060/758/201/cn60758201.jpg | https://www.gap.com/webcontent/0060/741/499/cn60741499.jpg | https://www.gap.com/webcontent/0057/780/296/cn57780296.jpg | https://www.gap.com/webcontent/0060/741/473/cn60741473.jpg | https://www.gap.com/webcontent/0060/739/113/cn60739113.jpg | https://www.gap.com/webcontent/0060/741/427/cn60741427.jpg | https://www.gap.com/webcontent/0060/758/393/cn60758393.jpg | https://www.gap.com/webcontent/0060/739/553/cn60739553.jpg | https://www.gap.com/webcontent/0060/758/382/cn60758382.jpg | https://www.gap.com/webcontent/0060/740/211/cn60740211.jpg | https://www.gap.com/webcontent/0060/758/275/cn60758275.jpg | https://cdn.cookielaw.org/logos/e1cf9ab6-fc39-4557-b4ef-4393861dad52/d229a1c3-b8ad-46ad-9bdb-8311fd460a5f/c85f6701-9eae-4a9f-b770-87eee2dae9fc/Logo_color_lockup@3x.png,True,,,Shiraleah Heart Pouch Bag Charm/Key Ring,,USD,26.0,32.0,"The Heart Pouch Bag Charm/Key Ring adds the sweetest touch of charm to any bag or keychain. Designed in a heart shape with a chic pearl charm and gold-tone hardware, it’s equal parts stylish and functional. With a zip closure, this little pouch is perfect for stashing small essentials like earbuds, coins, or lip balm on the go. Available in multiple colors, it’s a cute companion you’ll want to show off daily. Shiraleah is a trend-driven lifestyle brand focused on the little gifts that make life special!",1179480022,https://www.gap.com/browse/product.do?pid=1179480022&vid=1&pcid=3046544&cid=3046544,True,0,0,2026-02-22,One Size,1179480,Shiraleah
In stock,4.6,,Gap,"er Enhancement) program. P.A.C.E. is our educational program that helps the women who make our clothes build the skills, knowledge, confidence & resilience needed to advance in work & life. Learn more here. #503844","Women / Bags, Scarves & More > Women > Bags, Scarves & More",Chocolate cake brown | Honey brown | True black,"Soft vegan suede slouchy tote bag. Handle at top. This product was made in a factory that runs the Gap Inc. P.A.C.E. (Personal Advancement & Career Enhancement) program. P.A.C.E. is our educational program that helps the women who make our clothes build the skills, knowledge, confidence & resilience needed to advance in work & life. Learn more <a href=""https://www.gapinc.com/en-us/values/sustainability/empowering-women/p-a-c-e-and-rise"" target=""_blank""><u>here</u></a>. #503844",Size Guide,Size Guide,21,https://www.gap.com/webcontent/0060/417/412/cn60417412.jpg,"https://www.gap.com/webcontent/0060/417/412/cn60417412.jpg | https://www.gap.com/webcontent/0060/413/526/cn60413526.jpg | https://www.gap.com/webcontent/0059/698/588/cn59698588.jpg | https://www.gap.com/webcontent/0059/496/331/cn59496331.jpg | https://www.gap.com/webcontent/0061/184/787/cn61184787.jpg | https://www.gap.com/webcontent/0057/498/615/cn57498615.jpg | https://www.gap.com/webcontent/0059/698/590/cn59698590.jpg | https://www.gap.com/webcontent/0059/698/589/cn59698589.jpg | https://www.gap.com/webcontent/0060/809/402/cn60809402.jpg | https://www.gap.com/webcontent/0059/698/746/cn59698746.jpg | https://www.gap.com/webcontent/0061/406/333/cn61406333.jpg | https://www.gap.com/webcontent/0059/702/480/cn59702480.jpg | https://www.gap.com/webcontent/0061/456/364/cn61456364.jpg | https://www.gap.com/webcontent/0059/985/804/cn59985804.jpg | https://www.gap.com/webcontent/0061/519/158/cn61519158.jpg | https://www.gap.com/webcontent/0057/525/117/cn57525117.jpg | https://www.gap.com/webcontent/0061/708/096/cn61708096.jpg | https://media.powerreviews.com/image/upload/c_thumb,d_portal-no-product-image_ttlfpi.svg,h_150,q_auto,w_150/d_portal-no-product-image_ttlfpi.svg/prod/kr1s78xp2wb4fov5mpgq.webp | https://media.powerreviews.com/image/upload/c_thumb,d_portal-no-product-image_ttlfpi.svg,h_150,q_auto,w_150/d_portal-no-product-image_ttlfpi.svg/prod/bsarz1otfczonqsn17v6.webp | https://media.powerreviews.com/image/upload/c_thumb,d_portal-no-product-image_ttlfpi.svg,h_150,q_auto,w_150/d_portal-no-product-image_ttlfpi.svg/prod/rszgikifaldbsvotg3vs.webp | https://cdn.cookielaw.org/logos/e1cf9ab6-fc39-4557-b4ef-4393861dad52/d229a1c3-b8ad-46ad-9bdb-8311fd460a5f/c85f6701-9eae-4a9f-b770-87eee2dae9fc/Logo_color_lockup@3x.png",True,& care Polyester 100% Wipe clean. Imported. Shipping & returns Customers also viewed Vegan Suede Bucket Bag $74.95 $37.00 50% off + extra 10% in the app Vegan Leather Bucket Tote Bag $69.95 $62.00 Extra 10% off in the app Vegan Suede Bucket Bag $74.95 $44.00 40% off + extra 10% in the app Denim Stripe Tote Bag $54.95 Extra 10% off in the app Vegan Suede Bucket Bag $74.95 $59.00 20% off + extra 10% in the app You may also like Vegan Suede Bucket Bag $74.95 $59.00 20% off + extra 10% in the app Vegan Leather Bucket Tote Bag $69.95 $55.00 20% off + extra 10% in the app Vegan Suede Barrel Bag $49.95 $19.00 60% off + extra 10% in the app UltraSoft Denim Horseshoe Overalls $119.95 Extra 10% off in the app Vegan Suede Barrel Bag $49.95 $24.00 50% off + extra 10% in the app Brannan Bear Sleep Keychain Charm $19.95 $11.00 40% off + extra 10% in the app Vegan Suede Barrel Bag $49.95 $39.00 20% off + extra 10% in the app Gap Logo Tote Bag $54.95 $32.00 40% off + extra 10% in the app Gap Denim Logo Tote Bag $54.95 $27.00 50% off + extra 10% in the app Gap Logo Tote Bag $54.95 $32.00 40% off + extra 10% in the app,& care Polyester 100% Wipe clean. Imported. Shipping & returns Customers also viewed Vegan Suede Bucket Bag $74.95 $37.00 50% off + extra 10% in the app Vegan Leather Bucket Tote Bag $69.95 $62.00 Extra 10% off in the app Vegan Suede Bucket Bag $74.95 $44.00 40% off + extra 10% in the app Denim Stripe Tote Bag $54.95 Extra 10% off in the app Vegan Suede Bucket Bag $74.95 $59.00 20% off + extra 10% in the app You may also like Vegan Suede Bucket Bag $74.95 $59.00 20% off + extra 10% in the app Vegan Leather Bucket Tote Bag $69.95 $55.00 20% off + extra 10% in the app Vegan Suede Barrel Bag $49.95 $19.00 60% off + extra 10% in the app UltraSoft Denim Horseshoe Overalls $119.95 Extra 10% off in the app Vegan Suede Barrel Bag $49.95 $24.00 50% off + extra 10% in the app Brannan Bear Sleep Keychain Charm $19.95 $11.00 40% off + extra 10% in the app Vegan Suede Barrel Bag $49.95 $39.00 20% off + extra 10% in the app Gap Logo Tote Bag $54.95 $32.00 40% off + extra 10% in the app Gap Denim Logo Tote Bag $54.95 $27.00 50% off + extra 10% in the app Gap Logo Tote Bag $54.95 $32.00 40% off + extra 10% in the app,Vegan Suede Slouchy Tote Bag,,USD,27.0,69.95,"Soft vegan suede slouchy tote bag. Handle at top. This product was made in a factory that runs the Gap Inc. P.A.C.E. (Personal Advancement & Career Enhancement) program. P.A.C.E. is our educational program that helps the women who make our clothes build the skills, knowledge, confidence & resilience needed to advance in work & life. Learn more here. #503844",503844052,https://www.gap.com/browse/product.do?pid=503844052&vid=1&pcid=3046544&cid=3046544,False,1055,930,2026-02-22,One Size,503844,
In stock,4.6,,Gap,"er Enhancement) program. P.A.C.E. is our educational program that helps the women who make our clothes build the skills, knowledge, confidence & resilience needed to advance in work & life. Learn more here. #503844","Women / Bags, Scarves & More > Women > Bags, Scarves & More",Chocolate cake brown | Honey brown | True black,"Soft vegan suede slouchy tote bag. Handle at top. This product was made in a factory that runs the Gap Inc. P.A.C.E. (Personal Advancement & Career Enhancement) program. P.A.C.E. is our educational program that helps the women who make our clothes build the skills, knowledge, confidence & resilience needed to advance in work & life. Learn more <a href=""https://www.gapinc.com/en-us/values/sustainability/empowering-women/p-a-c-e-and-rise"" target=""_blank""><u>here</u></a>. #503844",Size Guide,Size Guide,24,https://www.gap.com/webcontent/0056/166/849/cn56166849.jpg,"https://www.gap.com/webcontent/0056/166/849/cn56166849.jpg | https://www.gap.com/webcontent/0060/285/016/cn60285016.jpg | https://www.gap.com/webcontent/0056/166/936/cn56166936.jpg | https://www.gap.com/webcontent/0056/166/950/cn56166950.jpg | https://www.gap.com/webcontent/0061/315/120/cn61315120.jpg | https://www.gap.com/webcontent/0059/698/588/cn59698588.jpg | https://www.gap.com/webcontent/0060/427/529/cn60427529.jpg | https://www.gap.com/webcontent/0061/184/787/cn61184787.jpg | https://www.gap.com/webcontent/0060/809/402/cn60809402.jpg | https://www.gap.com/webcontent/0060/652/889/cn60652889.jpg | https://www.gap.com/webcontent/0059/985/804/cn59985804.jpg | https://www.gap.com/webcontent/0059/496/331/cn59496331.jpg | https://www.gap.com/webcontent/0059/698/746/cn59698746.jpg | https://www.gap.com/webcontent/0057/498/615/cn57498615.jpg | https://www.gap.com/webcontent/0059/702/480/cn59702480.jpg | https://www.gap.com/webcontent/0060/681/835/cn60681835.jpg | https://www.gap.com/webcontent/0061/181/948/cn61181948.jpg | https://www.gap.com/webcontent/0061/879/033/cn61879033.jpg | https://www.gap.com/webcontent/0061/456/250/cn61456250.jpg | https://www.gap.com/webcontent/0061/624/045/cn61624045.jpg | https://media.powerreviews.com/image/upload/c_thumb,d_portal-no-product-image_ttlfpi.svg,h_150,q_auto,w_150/d_portal-no-product-image_ttlfpi.svg/prod/kr1s78xp2wb4fov5mpgq.webp | https://media.powerreviews.com/image/upload/c_thumb,d_portal-no-product-image_ttlfpi.svg,h_150,q_auto,w_150/d_portal-no-product-image_ttlfpi.svg/prod/bsarz1otfczonqsn17v6.webp | https://media.powerreviews.com/image/upload/c_thumb,d_portal-no-product-image_ttlfpi.svg,h_150,q_auto,w_150/d_portal-no-product-image_ttlfpi.svg/prod/rszgikifaldbsvotg3vs.webp | https://cdn.cookielaw.org/logos/e1cf9ab6-fc39-4557-b4ef-4393861dad52/d229a1c3-b8ad-46ad-9bdb-8311fd460a5f/c85f6701-9eae-4a9f-b770-87eee2dae9fc/Logo_color_lockup@3x.png",True,& care Polyester 100% Wipe clean. Imported. Shipping & returns Customers also viewed Vegan Suede Bucket Bag $74.95 $37.00 50% off + extra 10% in the app Vegan Leather Riding Boots $110.00 $44.00 60% off + extra 10% in the app Vegan Suede Bucket Bag $74.95 $44.00 40% off + extra 10% in the app Vegan Leather Bucket Tote Bag $69.95 $55.00 20% off + extra 10% in the app Vegan Suede Bucket Bag $74.95 $67.00 Extra 10% off in the app You may also like Vegan Suede Barrel Bag $49.95 $39.00 20% off + extra 10% in the app Vegan Leather Bucket Tote Bag $69.95 $62.00 Extra 10% off in the app Vegan Suede Barrel Bag $49.95 $19.00 60% off + extra 10% in the app Denim Stripe Tote Bag $54.95 Extra 10% off in the app Vegan Suede Barrel Bag $49.95 $24.00 50% off + extra 10% in the app Brannan Bear Logo Denim Tote Bag $59.95 $47.00 20% off + extra 10% in the app CloseKnit Jersey T-Shirt $29.95 $23.00 20% off + extra 10% in the app Gap Logo Tote Bag $59.95 Extra 10% off in the app Crochet Tote Bag $69.95 $55.00 20% off + extra 10% in the app Gap Logo Tote Bag $59.95 $35.00 40% off + extra 10% in the app,& care Polyester 100% Wipe clean. Imported. Shipping & returns Customers also viewed Vegan Suede Bucket Bag $74.95 $37.00 50% off + extra 10% in the app Vegan Leather Riding Boots $110.00 $44.00 60% off + extra 10% in the app Vegan Suede Bucket Bag $74.95 $44.00 40% off + extra 10% in the app Vegan Leather Bucket Tote Bag $69.95 $55.00 20% off + extra 10% in the app Vegan Suede Bucket Bag $74.95 $67.00 Extra 10% off in the app You may also like Vegan Suede Barrel Bag $49.95 $39.00 20% off + extra 10% in the app Vegan Leather Bucket Tote Bag $69.95 $62.00 Extra 10% off in the app Vegan Suede Barrel Bag $49.95 $19.00 60% off + extra 10% in the app Denim Stripe Tote Bag $54.95 Extra 10% off in the app Vegan Suede Barrel Bag $49.95 $24.00 50% off + extra 10% in the app Brannan Bear Logo Denim Tote Bag $59.95 $47.00 20% off + extra 10% in the app CloseKnit Jersey T-Shirt $29.95 $23.00 20% off + extra 10% in the app Gap Logo Tote Bag $59.95 Extra 10% off in the app Crochet Tote Bag $69.95 $55.00 20% off + extra 10% in the app Gap Logo Tote Bag $59.95 $35.00 40% off + extra 10% in the app,Vegan Suede Slouchy Tote Bag,,USD,34.0,69.95,"Soft vegan suede slouchy tote bag. Handle at top. This product was made in a factory that runs the Gap Inc. P.A.C.E. (Personal Advancement & Career Enhancement) program. P.A.C.E. is our educational program that helps the women who make our clothes build the skills, knowledge, confidence & resilience needed to advance in work & life. Learn more here. #503844",503844002,https://www.gap.com/browse/product.do?pid=503844002&vid=1&pcid=3046544&cid=3046544,False,1055,930,2026-02-22,One Size,503844,
In stock,4.8,,Gap,"er Enhancement), we support people who make our clothes to build the skills, knowledge, confidence, and resilience needed to advance in work and life. Learn more here. #681974","Women / Bags, Scarves & More > Women > Bags, Scarves & More",Blue denim wash | Tomato red | White denim,"Soft cotton denim tote bag. Shoulder straps. Snap button closure. Outer and inner patch pockets. Embroidered mini Gap arch logo at front. White wash. <b>Responsibly Made:</b> This tote bag is part of our Washwell program, which uses at least 20% less water as compared with conventional wash methods. We’ve saved over a billion liters of water through Washwell since 2016. This product was made in a factory that invests in gender equality and women’s empowerment. Through RISE (Reimagining Industry to Support Equality) and Gap Inc.’s program P.A.C.E. (Personal Advancement & Career Enhancement), we support people who make our clothes to build the skills, knowledge, confidence, and resilience needed to advance in work and life. Learn more <a href=""https://www.gapinc.com/en-us/values/sustainability/empowering-women/p-a-c-e-and-rise"" target=""_blank""><u>here</u></a>. #681974",Size Guide,Size Guide,19,https://www.gap.com/webcontent/0057/525/117/cn57525117.jpg,https://www.gap.com/webcontent/0057/525/117/cn57525117.jpg | https://www.gap.com/webcontent/0057/524/418/cn57524418.jpg | https://www.gap.com/webcontent/0057/524/422/cn57524422.jpg | https://www.gap.com/webcontent/0061/519/686/cn61519686.jpg | https://www.gap.com/webcontent/0060/784/392/cn60784392.jpg | https://www.gap.com/webcontent/0061/518/416/cn61518416.jpg | https://www.gap.com/webcontent/0061/456/250/cn61456250.jpg | https://www.gap.com/webcontent/0061/645/812/cn61645812.jpg | https://www.gap.com/webcontent/0061/518/883/cn61518883.jpg | https://www.gap.com/webcontent/0061/283/114/cn61283114.jpg | https://www.gap.com/webcontent/0061/502/377/cn61502377.jpg | https://www.gap.com/webcontent/0061/456/379/cn61456379.jpg | https://www.gap.com/webcontent/0060/260/930/cn60260930.jpg | https://www.gap.com/webcontent/0059/698/746/cn59698746.jpg | https://www.gap.com/webcontent/0059/961/326/cn59961326.jpg | https://www.gap.com/webcontent/0060/784/370/cn60784370.jpg | https://www.gap.com/webcontent/0061/456/364/cn61456364.jpg | https://www.gap.com/webcontent/0061/520/379/cn61520379.jpg | https://cdn.cookielaw.org/logos/e1cf9ab6-fc39-4557-b4ef-4393861dad52/d229a1c3-b8ad-46ad-9bdb-8311fd460a5f/c85f6701-9eae-4a9f-b770-87eee2dae9fc/Logo_color_lockup@3x.png,True,"& care 100% Cotton. Machine wash cold, gentle cycle. Lay flat to dry. Imported. Shipping & returns Customers also viewed Brannan Bear Sweater Keychain Charm $19.95 $11.00 40% off + extra 10% in the app Denim Tote Bag $59.95 $41.00 30% off + extra 10% in the app Logo Tote Keychain Charm $19.95 $15.00 20% off + extra 10% in the app Crochet Tote Bag $69.95 $55.00 20% off + extra 10% in the app Brannan Bear T-Shirt Keychain Charm $19.95 $9.00 50% off + extra 10% in the app You may also like Gap Logo Tote Bag $59.95 Extra 10% off in the app Toy Logo Hoodie $14.95 $7.00 50% off + extra 10% in the app Gap Logo Tote Bag $54.95 $32.00 40% off + extra 10% in the app Brannan Bear Scarf Keychain Charm $19.95 $9.00 50% off + extra 10% in the app Logo Tote Keychain Charm $19.95 $11.00 40% off + extra 10% in the app Vegan Suede Barrel Bag $49.95 $19.00 60% off + extra 10% in the app Logo Tote Keychain Charm $19.95 $11.00 40% off + extra 10% in the app Denim Tote Bag $59.95 $47.00 20% off + extra 10% in the app Brannan Bear Sleep Keychain Charm $19.95 $11.00 40% off + extra 10% in the app Logo Tote Keychain Charm $19.95 $11.00 40% off + extra 10% in the app","& care 100% Cotton. Machine wash cold, gentle cycle. Lay flat to dry. Imported. Shipping & returns Customers also viewed Brannan Bear Sweater Keychain Charm $19.95 $11.00 40% off + extra 10% in the app Denim Tote Bag $59.95 $41.00 30% off + extra 10% in the app Logo Tote Keychain Charm $19.95 $15.00 20% off + extra 10% in the app Crochet Tote Bag $69.95 $55.00 20% off + extra 10% in the app Brannan Bear T-Shirt Keychain Charm $19.95 $9.00 50% off + extra 10% in the app You may also like Gap Logo Tote Bag $59.95 Extra 10% off in the app Toy Logo Hoodie $14.95 $7.00 50% off + extra 10% in the app Gap Logo Tote Bag $54.95 $32.00 40% off + extra 10% in the app Brannan Bear Scarf Keychain Charm $19.95 $9.00 50% off + extra 10% in the app Logo Tote Keychain Charm $19.95 $11.00 40% off + extra 10% in the app Vegan Suede Barrel Bag $49.95 $19.00 60% off + extra 10% in the app Logo Tote Keychain Charm $19.95 $11.00 40% off + extra 10% in the app Denim Tote Bag $59.95 $47.00 20% off + extra 10% in the app Brannan Bear Sleep Keychain Charm $19.95 $11.00 40% off + extra 10% in the app Logo Tote Keychain Charm $19.95 $11.00 40% off + extra 10% in the app",Gap Denim Logo Tote Bag,,USD,27.0,54.95,"Soft cotton denim tote bag. Shoulder straps. Snap button closure. Outer and inner patch pockets. Embroidered mini Gap arch logo at front. White wash. Responsibly Made: This tote bag is part of our Washwell program, which uses at least 20% less water as compared with conventional wash methods. We’ve saved over a billion liters of water through Washwell since 2016. This product was made in a factory that invests in gender equality and women’s empowerment. Through RISE (Reimagining Industry to Support Equality) and Gap Inc.’s program P.A.C.E. (Personal Advancement & Career Enhancement), we support people who make our clothes to build the skills, knowledge, confidence, and resilience needed to advance in work and life. Learn more here. #681974",681974002,https://www.gap.com/browse/product.do?pid=681974002&vid=1&pcid=3046544&cid=3046544,False,594,537,2026-02-22,One Size,681974,
In stock,4.8,,Gap,"er Enhancement), we support people who make our clothes to build the skills, knowledge, confidence, and resilience needed to advance in work and life. Learn more here. #681968","Women / Bags, Scarves & More > Women > Bags, Scarves & More",Blue denim wash | Tomato red | White denim,"Soft cotton denim tote bag. Shoulder straps at top. Snap button closure. Inner and outer pocket. Allover stripes. <b>Responsibly Made:</b> This tote bag is part of our Washwell program, which uses at least 20% less water as compared with conventional wash methods. We’ve saved over a billion liters of water through Washwell since 2016. This product was made in a factory that invests in gender equality and women’s empowerment. Through RISE (Reimagining Industry to Support Equality) and Gap Inc.’s program P.A.C.E. (Personal Advancement & Career Enhancement), we support people who make our clothes to build the skills, knowledge, confidence, and resilience needed to advance in work and life. Learn more <a href=""https://www.gapinc.com/en-us/values/sustainability/empowering-women/p-a-c-e-and-rise"" target=""_blank""><u>here</u></a>. #681968",Size Guide,Size Guide,19,https://www.gap.com/webcontent/0057/498/615/cn57498615.jpg,https://www.gap.com/webcontent/0057/498/615/cn57498615.jpg | https://www.gap.com/webcontent/0057/498/967/cn57498967.jpg | https://www.gap.com/webcontent/0057/498/966/cn57498966.jpg | https://www.gap.com/webcontent/0061/519/686/cn61519686.jpg | https://www.gap.com/webcontent/0060/519/057/cn60519057.jpg | https://www.gap.com/webcontent/0059/496/331/cn59496331.jpg | https://www.gap.com/webcontent/0060/416/018/cn60416018.jpg | https://www.gap.com/webcontent/0061/502/386/cn61502386.jpg | https://www.gap.com/webcontent/0061/603/953/cn61603953.jpg | https://www.gap.com/webcontent/0060/784/392/cn60784392.jpg | https://www.gap.com/webcontent/0061/708/096/cn61708096.jpg | https://www.gap.com/webcontent/0060/625/989/cn60625989.jpg | https://www.gap.com/webcontent/0061/502/377/cn61502377.jpg | https://www.gap.com/webcontent/0059/961/326/cn59961326.jpg | https://www.gap.com/webcontent/0061/518/883/cn61518883.jpg | https://www.gap.com/webcontent/0059/961/297/cn59961297.jpg | https://www.gap.com/webcontent/0061/518/912/cn61518912.jpg | https://www.gap.com/webcontent/0061/502/328/cn61502328.jpg | https://cdn.cookielaw.org/logos/e1cf9ab6-fc39-4557-b4ef-4393861dad52/d229a1c3-b8ad-46ad-9bdb-8311fd460a5f/c85f6701-9eae-4a9f-b770-87eee2dae9fc/Logo_color_lockup@3x.png,True,"& care 100% Cotton. Machine wash cold, gentle cycle. Lay flat to dry. Imported. Shipping & returns Customers also viewed Brannan Bear Sweater Keychain Charm $19.95 $11.00 40% off + extra 10% in the app Brannan Bear Hoodie Keychain Charm $19.95 $11.00 40% off + extra 10% in the app Vegan Leather Bucket Tote Bag $69.95 $62.00 Extra 10% off in the app Brannan Bear Hoodie Keychain Charm $19.95 $11.00 40% off + extra 10% in the app Gap Logo Tote Bag $54.95 $43.00 20% off + extra 10% in the app You may also like Gap Logo Tote Bag $54.95 $43.00 20% off + extra 10% in the app Denim Tote Bag $59.95 $41.00 30% off + extra 10% in the app Gap Logo Tote Bag $54.95 $32.00 40% off + extra 10% in the app Brannan Bear Hoodie Keychain Charm $19.95 $17.00 Extra 10% off in the app Gap Logo Tote Bag $54.95 $32.00 40% off + extra 10% in the app Logo Tote Keychain Charm $19.95 $11.00 40% off + extra 10% in the app Gap Logo Tote Bag $59.95 Extra 10% off in the app Logo Tote Keychain Charm $19.95 $11.00 40% off + extra 10% in the app Gap Logo Tote Bag $54.95 $43.00 20% off + extra 10% in the app Logo Tote Keychain Charm $19.95 $11.00 40% off + extra 10% in the app","& care 100% Cotton. Machine wash cold, gentle cycle. Lay flat to dry. Imported. Shipping & returns Customers also viewed Brannan Bear Sweater Keychain Charm $19.95 $11.00 40% off + extra 10% in the app Brannan Bear Hoodie Keychain Charm $19.95 $11.00 40% off + extra 10% in the app Vegan Leather Bucket Tote Bag $69.95 $62.00 Extra 10% off in the app Brannan Bear Hoodie Keychain Charm $19.95 $11.00 40% off + extra 10% in the app Gap Logo Tote Bag $54.95 $43.00 20% off + extra 10% in the app You may also like Gap Logo Tote Bag $54.95 $43.00 20% off + extra 10% in the app Denim Tote Bag $59.95 $41.00 30% off + extra 10% in the app Gap Logo Tote Bag $54.95 $32.00 40% off + extra 10% in the app Brannan Bear Hoodie Keychain Charm $19.95 $17.00 Extra 10% off in the app Gap Logo Tote Bag $54.95 $32.00 40% off + extra 10% in the app Logo Tote Keychain Charm $19.95 $11.00 40% off + extra 10% in the app Gap Logo Tote Bag $59.95 Extra 10% off in the app Logo Tote Keychain Charm $19.95 $11.00 40% off + extra 10% in the app Gap Logo Tote Bag $54.95 $43.00 20% off + extra 10% in the app Logo Tote Keychain Charm $19.95 $11.00 40% off + extra 10% in the app",Denim Stripe Tote Bag,,USD,19.95,54.95,"Soft cotton denim tote bag. Shoulder straps at top. Snap button closure. Inner and outer pocket. Allover stripes. Responsibly Made: This tote bag is part of our Washwell program, which uses at least 20% less water as compared with conventional wash methods. We’ve saved over a billion liters of water through Washwell since 2016. This product was made in a factory that invests in gender equality and women’s empowerment. Through RISE (Reimagining Industry to Support Equality) and Gap Inc.’s program P.A.C.E. (Personal Advancement & Career Enhancement), we support people who make our clothes to build the skills, knowledge, confidence, and resilience needed to advance in work and life. Learn more here. #681968",681968002,https://www.gap.com/browse/product.do?pid=681968002&vid=1&pcid=3046544&cid=3046544,False,594,537,2026-02-22,One Size,681968,
In stock,4.8,,Gap,"er Enhancement), we support people who make our clothes to build the skills, knowledge, confidence, and resilience needed to advance in work and life. Learn more here. #523130",Girls / Shop All Accessories > Girls > Shop All Accessories,Pink,"Soft, quilted cotton-nylon blend weekender bag. Handle at top. Adjustable shoulder strap. Zipper closure at main compartment and front pocket. Side water bottle pockets. This product was made in a factory that invests in gender equality and women’s empowerment. Through RISE (Reimagining Industry to Support Equality) and Gap Inc.’s program P.A.C.E. (Personal Advancement & Career Enhancement), we support people who make our clothes to build the skills, knowledge, confidence, and resilience needed to advance in work and life. Learn more <a href=""https://www.gapinc.com/en-us/values/sustainability/empowering-women/p-a-c-e-and-rise"" target=""_blank""><u>here</u></a>. #523130",Size Guide,Size Guide,20,https://www.gap.com/webcontent/0056/071/943/cn56071943.jpg,https://www.gap.com/webcontent/0056/071/943/cn56071943.jpg | https://www.gap.com/webcontent/0056/071/045/cn56071045.jpg | https://www.gap.com/webcontent/0056/071/022/cn56071022.jpg | https://www.gap.com/webcontent/0056/071/034/cn56071034.jpg | https://www.gap.com/webcontent/0059/961/248/cn59961248.jpg | https://www.gap.com/webcontent/0061/692/725/cn61692725.jpg | https://www.gap.com/webcontent/0060/926/759/cn60926759.jpg | https://www.gap.com/webcontent/0060/367/792/cn60367792.jpg | https://www.gap.com/webcontent/0061/830/819/cn61830819.jpg | https://www.gap.com/webcontent/0060/366/819/cn60366819.jpg | https://www.gap.com/webcontent/0060/249/516/cn60249516.jpg | https://www.gap.com/webcontent/0061/136/135/cn61136135.jpg | https://www.gap.com/webcontent/0060/249/494/cn60249494.jpg | https://www.gap.com/webcontent/0060/698/641/cn60698641.jpg | https://www.gap.com/webcontent/0060/411/506/cn60411506.jpg | https://www.gap.com/webcontent/0060/677/658/cn60677658.jpg | https://www.gap.com/webcontent/0060/404/968/cn60404968.jpg | https://www.gap.com/webcontent/0059/986/158/cn59986158.jpg | https://www.gap.com/webcontent/0061/252/738/cn61252738.jpg | https://cdn.cookielaw.org/logos/e1cf9ab6-fc39-4557-b4ef-4393861dad52/d229a1c3-b8ad-46ad-9bdb-8311fd460a5f/c85f6701-9eae-4a9f-b770-87eee2dae9fc/Logo_color_lockup@3x.png,True,"& care 70% Cotton, 30% Nylon. Wipe clean. Imported. Shipping & returns Customers also viewed Kids Quilted Colorblock Duffel Bag $69.95 $34.00 50% off + extra 10% in the app Kids Hello Kitty Duffle Bag $89.95 $53.00 40% off + extra 10% in the app Kids Cable-Knit Cozy Set $49.95 $19.00 60% off + extra 10% in the app Kids Bow Logo Crossbody Bag $34.95 $13.00 60% off + extra 10% in the app Kids Quilted Weekender Bag $69.95 $41.00 40% off + extra 10% in the app You may also like Kids Quilted Weekender Bag $69.95 $27.00 60% off + extra 10% in the app Kids Recycled Lightweight Quilted Puffer Jacket $79.95 $39.00 50% off + extra 10% in the app Kids Quilted Brannan Bear Weekender Bag $69.95 $27.00 60% off + extra 10% in the app Kids Recycled Lightweight Quilted Puffer Jacket $79.95 $39.00 50% off + extra 10% in the app Kids VintageSoft Logo Hoodie $49.95 $29.00 40% off + extra 10% in the app Kids Recycled Lightweight Quilted Puffer Jacket $79.95 $39.00 50% off + extra 10% in the app Kids VintageSoft Logo Joggers $39.95 $23.00 40% off + extra 10% in the app Kids VintageSoft Bubble Bomber Jacket $54.95 $32.00 40% off + extra 10% in the app Kids VintageSoft Oversized Bubble Hoodie $49.95 $29.00 40% off + extra 10% in the app Kids Oversized Quilted Zip Jacket $64.95 $38.00 40% off + extra 10% in the app","& care 70% Cotton, 30% Nylon. Wipe clean. Imported. Shipping & returns Customers also viewed Kids Quilted Colorblock Duffel Bag $69.95 $34.00 50% off + extra 10% in the app Kids Hello Kitty Duffle Bag $89.95 $53.00 40% off + extra 10% in the app Kids Cable-Knit Cozy Set $49.95 $19.00 60% off + extra 10% in the app Kids Bow Logo Crossbody Bag $34.95 $13.00 60% off + extra 10% in the app Kids Quilted Weekender Bag $69.95 $41.00 40% off + extra 10% in the app You may also like Kids Quilted Weekender Bag $69.95 $27.00 60% off + extra 10% in the app Kids Recycled Lightweight Quilted Puffer Jacket $79.95 $39.00 50% off + extra 10% in the app Kids Quilted Brannan Bear Weekender Bag $69.95 $27.00 60% off + extra 10% in the app Kids Recycled Lightweight Quilted Puffer Jacket $79.95 $39.00 50% off + extra 10% in the app Kids VintageSoft Logo Hoodie $49.95 $29.00 40% off + extra 10% in the app Kids Recycled Lightweight Quilted Puffer Jacket $79.95 $39.00 50% off + extra 10% in the app Kids VintageSoft Logo Joggers $39.95 $23.00 40% off + extra 10% in the app Kids VintageSoft Bubble Bomber Jacket $54.95 $32.00 40% off + extra 10% in the app Kids VintageSoft Oversized Bubble Hoodie $49.95 $29.00 40% off + extra 10% in the app Kids Oversized Quilted Zip Jacket $64.95 $38.00 40% off + extra 10% in the app",Kids Quilted Weekender Bag,,USD,34.0,69.95,"Soft, quilted cotton-nylon blend weekender bag. Handle at top. Adjustable shoulder strap. Zipper closure at main compartment and front pocket. Side water bottle pockets. This product was made in a factory that invests in gender equality and women’s empowerment. Through RISE (Reimagining Industry to Support Equality) and Gap Inc.’s program P.A.C.E. (Personal Advancement & Career Enhancement), we support people who make our clothes to build the skills, knowledge, confidence, and resilience needed to advance in work and life. Learn more here. #523130",523130002,https://www.gap.com/browse/product.do?pid=523130002&vid=1&pcid=3046567&cid=3046567,False,71,61,2026-02-22,One Size,523130,
In stock,4.8,,Gap,"er Enhancement), we support people who make our clothes to build the skills, knowledge, confidence, and resilience needed to advance in work and life. Learn more here. #681976","Women / Bags, Scarves & More > Women > Bags, Scarves & More",Blue denim wash | Tomato red | White denim,"Soft, overdyed cotton tote bag. Shoulder straps. Outer and inner patch pockets. Embroidered mini Gap arch logo at front. Assorted colors. This product was made in a factory that invests in gender equality and women’s empowerment. Through RISE (Reimagining Industry to Support Equality) and Gap Inc.’s program P.A.C.E. (Personal Advancement & Career Enhancement), we support people who make our clothes to build the skills, knowledge, confidence, and resilience needed to advance in work and life. Learn more <a href=""https://www.gapinc.com/en-us/values/sustainability/empowering-women/p-a-c-e-and-rise"" target=""_blank""><u>here</u></a>. #681976",Size Guide,Size Guide,21,https://www.gap.com/webcontent/0061/121/188/cn61121188.jpg,https://www.gap.com/webcontent/0061/121/188/cn61121188.jpg | https://www.gap.com/webcontent/0061/289/783/cn61289783.jpg | https://www.gap.com/webcontent/0061/120/209/cn61120209.jpg | https://www.gap.com/webcontent/0061/120/223/cn61120223.jpg | https://www.gap.com/webcontent/0061/120/232/cn61120232.jpg | https://www.gap.com/webcontent/0061/519/686/cn61519686.jpg | https://www.gap.com/webcontent/0060/784/392/cn60784392.jpg | https://www.gap.com/webcontent/0061/456/379/cn61456379.jpg | https://www.gap.com/webcontent/0059/961/291/cn59961291.jpg | https://www.gap.com/webcontent/0061/518/912/cn61518912.jpg | https://www.gap.com/webcontent/0060/260/930/cn60260930.jpg | https://www.gap.com/webcontent/0061/502/386/cn61502386.jpg | https://www.gap.com/webcontent/0060/625/989/cn60625989.jpg | https://www.gap.com/webcontent/0061/456/364/cn61456364.jpg | https://www.gap.com/webcontent/0059/961/326/cn59961326.jpg | https://www.gap.com/webcontent/0061/283/007/cn61283007.jpg | https://www.gap.com/webcontent/0061/518/506/cn61518506.jpg | https://www.gap.com/webcontent/0061/456/373/cn61456373.jpg | https://www.gap.com/webcontent/0061/603/953/cn61603953.jpg | https://www.gap.com/webcontent/0059/961/294/cn59961294.jpg | https://cdn.cookielaw.org/logos/e1cf9ab6-fc39-4557-b4ef-4393861dad52/d229a1c3-b8ad-46ad-9bdb-8311fd460a5f/c85f6701-9eae-4a9f-b770-87eee2dae9fc/Logo_color_lockup@3x.png,True,"& care 100% Cotton. Machine wash cold, gentle cycle. Lay flat to dry. Imported. Shipping & returns Customers also viewed Brannan Bear Sweater Keychain Charm $19.95 $11.00 40% off + extra 10% in the app Denim Tote Bag $59.95 $41.00 30% off + extra 10% in the app Brannan Bear Scarf Keychain Charm $19.95 $9.00 50% off + extra 10% in the app Logo Hoodie Keychain Charm $14.95 $7.00 50% off + extra 10% in the app Gap Logo Tote Bag $54.95 $43.00 20% off + extra 10% in the app You may also like Logo Tote Keychain Charm $19.95 $11.00 40% off + extra 10% in the app Gap Logo Tote Bag $54.95 $43.00 20% off + extra 10% in the app Brannan Bear Hoodie Keychain Charm $19.95 $17.00 Extra 10% off in the app Brannan Bear Sleep Keychain Charm $19.95 $11.00 40% off + extra 10% in the app Logo Tote Keychain Charm $19.95 $11.00 40% off + extra 10% in the app Toy Logo Hoodie $14.95 $7.00 50% off + extra 10% in the app Logo Tote Keychain Charm $19.95 $11.00 40% off + extra 10% in the app Brannan Bear Nap Hoodie Keychain Charm $19.95 $11.00 40% off + extra 10% in the app Gap Logo Tote Bag $54.95 $43.00 20% off + extra 10% in the app Logo Tote Keychain Charm $19.95 $11.00 40% off + extra 10% in the app","& care 100% Cotton. Machine wash cold, gentle cycle. Lay flat to dry. Imported. Shipping & returns Customers also viewed Brannan Bear Sweater Keychain Charm $19.95 $11.00 40% off + extra 10% in the app Denim Tote Bag $59.95 $41.00 30% off + extra 10% in the app Brannan Bear Scarf Keychain Charm $19.95 $9.00 50% off + extra 10% in the app Logo Hoodie Keychain Charm $14.95 $7.00 50% off + extra 10% in the app Gap Logo Tote Bag $54.95 $43.00 20% off + extra 10% in the app You may also like Logo Tote Keychain Charm $19.95 $11.00 40% off + extra 10% in the app Gap Logo Tote Bag $54.95 $43.00 20% off + extra 10% in the app Brannan Bear Hoodie Keychain Charm $19.95 $17.00 Extra 10% off in the app Brannan Bear Sleep Keychain Charm $19.95 $11.00 40% off + extra 10% in the app Logo Tote Keychain Charm $19.95 $11.00 40% off + extra 10% in the app Toy Logo Hoodie $14.95 $7.00 50% off + extra 10% in the app Logo Tote Keychain Charm $19.95 $11.00 40% off + extra 10% in the app Brannan Bear Nap Hoodie Keychain Charm $19.95 $11.00 40% off + extra 10% in the app Gap Logo Tote Bag $54.95 $43.00 20% off + extra 10% in the app Logo Tote Keychain Charm $19.95 $11.00 40% off + extra 10% in the app",Gap Logo Tote Bag,,USD,19.95,49.95,"Soft, overdyed cotton tote bag. Shoulder straps. Outer and inner patch pockets. Embroidered mini Gap arch logo at front. Assorted colors. This product was made in a factory that invests in gender equality and women’s empowerment. Through RISE (Reimagining Industry to Support Equality) and Gap Inc.’s program P.A.C.E. (Personal Advancement & Career Enhancement), we support people who make our clothes to build the skills, knowledge, confidence, and resilience needed to advance in work and life. Learn more here. #681976",681976202,https://www.gap.com/browse/product.do?pid=681976202&vid=1&pcid=3046544&cid=3046544,False,594,537,2026-02-22,One Size,681976,
Only a few left!,4.8,,Gap,"er Enhancement), we support people who make our clothes to build the skills, knowledge, confidence, and resilience needed to advance in work and life. Learn more here. #681976","Women / Bags, Scarves & More > Women > Bags, Scarves & More",Blue denim wash | Dark brown | Tomato red | White denim,"Soft, overdyed cotton tote bag. Shoulder straps. Outer and inner patch pockets. Embroidered mini Gap arch logo at front. Assorted colors. This product was made in a factory that invests in gender equality and women’s empowerment. Through RISE (Reimagining Industry to Support Equality) and Gap Inc.’s program P.A.C.E. (Personal Advancement & Career Enhancement), we support people who make our clothes to build the skills, knowledge, confidence, and resilience needed to advance in work and life. Learn more <a href=""https://www.gapinc.com/en-us/values/sustainability/empowering-women/p-a-c-e-and-rise"" target=""_blank""><u>here</u></a>. #681976",Size Guide,Size Guide,17,https://www.gap.com/webcontent/0059/775/749/cn59775749.jpg,https://www.gap.com/webcontent/0059/775/749/cn59775749.jpg | https://www.gap.com/webcontent/0061/519/686/cn61519686.jpg | https://www.gap.com/webcontent/0061/518/416/cn61518416.jpg | https://www.gap.com/webcontent/0060/784/370/cn60784370.jpg | https://www.gap.com/webcontent/0061/502/386/cn61502386.jpg | https://www.gap.com/webcontent/0060/784/392/cn60784392.jpg | https://www.gap.com/webcontent/0059/961/326/cn59961326.jpg | https://www.gap.com/webcontent/0061/624/045/cn61624045.jpg | https://www.gap.com/webcontent/0061/456/250/cn61456250.jpg | https://www.gap.com/webcontent/0061/502/377/cn61502377.jpg | https://www.gap.com/webcontent/0060/681/835/cn60681835.jpg | https://www.gap.com/webcontent/0061/518/883/cn61518883.jpg | https://www.gap.com/webcontent/0059/985/804/cn59985804.jpg | https://www.gap.com/webcontent/0061/438/679/cn61438679.jpg | https://www.gap.com/webcontent/0059/702/480/cn59702480.jpg | https://www.gap.com/webcontent/0061/406/122/cn61406122.jpg | https://cdn.cookielaw.org/logos/e1cf9ab6-fc39-4557-b4ef-4393861dad52/d229a1c3-b8ad-46ad-9bdb-8311fd460a5f/c85f6701-9eae-4a9f-b770-87eee2dae9fc/Logo_color_lockup@3x.png,True,"& care 100% Cotton. Machine wash cold, gentle cycle. Lay flat to dry. Imported. Shipping & returns Customers also viewed Brannan Bear Sweater Keychain Charm $19.95 $11.00 40% off + extra 10% in the app Logo Tote Keychain Charm $19.95 $15.00 20% off + extra 10% in the app Denim Tote Bag $59.95 $47.00 20% off + extra 10% in the app Gap Logo Tote Bag $54.95 $43.00 20% off + extra 10% in the app Denim Tote Bag $59.95 $41.00 30% off + extra 10% in the app You may also like Logo Tote Keychain Charm $19.95 $11.00 40% off + extra 10% in the app Gap Logo Tote Bag $59.95 $35.00 40% off + extra 10% in the app Crochet Tote Bag $69.95 $55.00 20% off + extra 10% in the app Gap Logo Tote Bag $54.95 $32.00 40% off + extra 10% in the app Brannan Bear Logo Denim Tote Bag $59.95 $47.00 20% off + extra 10% in the app Gap Logo Tote Bag $59.95 Extra 10% off in the app Vegan Suede Barrel Bag $49.95 $39.00 20% off + extra 10% in the app Brannan Bear Denim Jacket Keychain Charm $19.95 $13.00 30% off + extra 10% in the app Vegan Suede Barrel Bag $49.95 $24.00 50% off + extra 10% in the app Crochet Tote Bag $69.95 $55.00 20% off + extra 10% in the app","& care 100% Cotton. Machine wash cold, gentle cycle. Lay flat to dry. Imported. Shipping & returns Customers also viewed Brannan Bear Sweater Keychain Charm $19.95 $11.00 40% off + extra 10% in the app Logo Tote Keychain Charm $19.95 $15.00 20% off + extra 10% in the app Denim Tote Bag $59.95 $47.00 20% off + extra 10% in the app Gap Logo Tote Bag $54.95 $43.00 20% off + extra 10% in the app Denim Tote Bag $59.95 $41.00 30% off + extra 10% in the app You may also like Logo Tote Keychain Charm $19.95 $11.00 40% off + extra 10% in the app Gap Logo Tote Bag $59.95 $35.00 40% off + extra 10% in the app Crochet Tote Bag $69.95 $55.00 20% off + extra 10% in the app Gap Logo Tote Bag $54.95 $32.00 40% off + extra 10% in the app Brannan Bear Logo Denim Tote Bag $59.95 $47.00 20% off + extra 10% in the app Gap Logo Tote Bag $59.95 Extra 10% off in the app Vegan Suede Barrel Bag $49.95 $39.00 20% off + extra 10% in the app Brannan Bear Denim Jacket Keychain Charm $19.95 $13.00 30% off + extra 10% in the app Vegan Suede Barrel Bag $49.95 $24.00 50% off + extra 10% in the app Crochet Tote Bag $69.95 $55.00 20% off + extra 10% in the app",Gap Logo Tote Bag,,USD,19.95,49.95,"Soft, overdyed cotton tote bag. Shoulder straps. Outer and inner patch pockets. Embroidered mini Gap arch logo at front. Assorted colors. This product was made in a factory that invests in gender equality and women’s empowerment. Through RISE (Reimagining Industry to Support Equality) and Gap Inc.’s program P.A.C.E. (Personal Advancement & Career Enhancement), we support people who make our clothes to build the skills, knowledge, confidence, and resilience needed to advance in work and life. Learn more here. #681976",681976142,https://www.gap.com/browse/product.do?pid=681976142&vid=1&pcid=3046544&cid=3051538,False,594,537,2026-02-22,One Size,681976,
In stock,4.4,,Gap,Polyester 100% Spot clean. Imported. Shipping & returns Customers also viewed Vegan Suede Slouchy Tote Bag $69.95 $27.00 60% off + extra 10% in the app Vegan Suede Barrel Bag $49.95 $24.00 50% off + extra 10% in the app Vegan Suede Slouchy Tote Bag $69.95 $34.00 50% off + extra 10% in the app Vegan Suede Barrel Bag $49.95 $19.00 60% off + extra 10% in the app Vegan Suede Slouchy Tote Bag $69.95 $27.00 60% off + extra 10% in the app You may also like Vegan Suede Barrel Bag $49.95 $39.00 20% off + extra 10% in the app Denim Stripe Tote Bag $54.95 Extra 10% off in the app Gap Logo Tote Bag $54.95 $32.00 40% off + extra 10% in the app Brannan Bear Sleep Keychain Charm $19.95 $11.00 40% off + extra 10% in the app Gap Logo Tote Bag $49.95 Extra 10% off in the app Gap Logo Tote Bag $54.95 $43.00 20% off + extra 10% in the app Gap Denim Logo Tote Bag $54.95 $27.00 50% off + extra 10% in the app Brannan Bear Hoodie Keychain Charm $19.95 $11.00 40% off + extra 10% in the app Vegan Leather Bucket Tote Bag $69.95 $55.00 20% off + extra 10% in the app Gap Logo Tote Bag $59.95 Extra 10% off in the app,"Women / Bags, Scarves & More > Women > Bags, Scarves & More",Olive green | Dark navy blue | Sandy taupe beige | True black | Chocolate cake brown,Soft vegan suede bucket bag. Shoulder strap. Inner pockets. Zippered mini bag inside. #761387,Size Guide,Size Guide,20,https://www.gap.com/webcontent/0059/698/588/cn59698588.jpg,https://www.gap.com/webcontent/0059/698/588/cn59698588.jpg | https://www.gap.com/webcontent/0060/430/738/cn60430738.jpg | https://www.gap.com/webcontent/0059/697/252/cn59697252.jpg | https://www.gap.com/webcontent/0059/697/248/cn59697248.jpg | https://www.gap.com/webcontent/0060/417/412/cn60417412.jpg | https://www.gap.com/webcontent/0059/702/480/cn59702480.jpg | https://www.gap.com/webcontent/0056/166/849/cn56166849.jpg | https://www.gap.com/webcontent/0059/698/746/cn59698746.jpg | https://www.gap.com/webcontent/0060/362/381/cn60362381.jpg | https://www.gap.com/webcontent/0059/985/804/cn59985804.jpg | https://www.gap.com/webcontent/0057/498/615/cn57498615.jpg | https://www.gap.com/webcontent/0061/519/158/cn61519158.jpg | https://www.gap.com/webcontent/0061/456/364/cn61456364.jpg | https://www.gap.com/webcontent/0061/121/188/cn61121188.jpg | https://www.gap.com/webcontent/0061/502/386/cn61502386.jpg | https://www.gap.com/webcontent/0057/525/117/cn57525117.jpg | https://www.gap.com/webcontent/0060/416/018/cn60416018.jpg | https://www.gap.com/webcontent/0060/809/402/cn60809402.jpg | https://www.gap.com/webcontent/0061/518/883/cn61518883.jpg | https://cdn.cookielaw.org/logos/e1cf9ab6-fc39-4557-b4ef-4393861dad52/d229a1c3-b8ad-46ad-9bdb-8311fd460a5f/c85f6701-9eae-4a9f-b770-87eee2dae9fc/Logo_color_lockup@3x.png,True,& care Polyester 100% Spot clean. Imported. Shipping & returns Customers also viewed Vegan Suede Slouchy Tote Bag $69.95 $27.00 60% off + extra 10% in the app Vegan Suede Barrel Bag $49.95 $24.00 50% off + extra 10% in the app Vegan Suede Slouchy Tote Bag $69.95 $34.00 50% off + extra 10% in the app Vegan Suede Barrel Bag $49.95 $19.00 60% off + extra 10% in the app Vegan Suede Slouchy Tote Bag $69.95 $27.00 60% off + extra 10% in the app You may also like Vegan Suede Barrel Bag $49.95 $39.00 20% off + extra 10% in the app Denim Stripe Tote Bag $54.95 Extra 10% off in the app Gap Logo Tote Bag $54.95 $32.00 40% off + extra 10% in the app Brannan Bear Sleep Keychain Charm $19.95 $11.00 40% off + extra 10% in the app Gap Logo Tote Bag $49.95 Extra 10% off in the app Gap Logo Tote Bag $54.95 $43.00 20% off + extra 10% in the app Gap Denim Logo Tote Bag $54.95 $27.00 50% off + extra 10% in the app Brannan Bear Hoodie Keychain Charm $19.95 $11.00 40% off + extra 10% in the app Vegan Leather Bucket Tote Bag $69.95 $55.00 20% off + extra 10% in the app Gap Logo Tote Bag $59.95 Extra 10% off in the app,& care Polyester 100% Spot clean. Imported. Shipping & returns Customers also viewed Vegan Suede Slouchy Tote Bag $69.95 $27.00 60% off + extra 10% in the app Vegan Suede Barrel Bag $49.95 $24.00 50% off + extra 10% in the app Vegan Suede Slouchy Tote Bag $69.95 $34.00 50% off + extra 10% in the app Vegan Suede Barrel Bag $49.95 $19.00 60% off + extra 10% in the app Vegan Suede Slouchy Tote Bag $69.95 $27.00 60% off + extra 10% in the app You may also like Vegan Suede Barrel Bag $49.95 $39.00 20% off + extra 10% in the app Denim Stripe Tote Bag $54.95 Extra 10% off in the app Gap Logo Tote Bag $54.95 $32.00 40% off + extra 10% in the app Brannan Bear Sleep Keychain Charm $19.95 $11.00 40% off + extra 10% in the app Gap Logo Tote Bag $49.95 Extra 10% off in the app Gap Logo Tote Bag $54.95 $43.00 20% off + extra 10% in the app Gap Denim Logo Tote Bag $54.95 $27.00 50% off + extra 10% in the app Brannan Bear Hoodie Keychain Charm $19.95 $11.00 40% off + extra 10% in the app Vegan Leather Bucket Tote Bag $69.95 $55.00 20% off + extra 10% in the app Gap Logo Tote Bag $59.95 Extra 10% off in the app,Vegan Suede Bucket Bag,,USD,37.0,74.95,Soft vegan suede bucket bag. Shoulder strap. Inner pockets. Zippered mini bag inside. #761387,761387002,https://www.gap.com/browse/product.do?pid=761387002&vid=1&pcid=3046544&cid=3046544,False,100,94,2026-02-22,One Size,761387,
In stock,4.4,,Gap,Polyester 100% Spot clean. Imported. Shipping & returns Customers also viewed Vegan Suede Barrel Bag $49.95 $39.00 20% off + extra 10% in the app Vegan Suede Slouchy Tote Bag $69.95 $27.00 60% off + extra 10% in the app Vegan Suede Barrel Bag $49.95 $19.00 60% off + extra 10% in the app Vegan Leather Bucket Tote Bag $69.95 $55.00 20% off + extra 10% in the app Vegan Suede Barrel Bag $49.95 $24.00 50% off + extra 10% in the app You may also like Vegan Suede Slouchy Tote Bag $69.95 $34.00 50% off + extra 10% in the app Denim Tote Bag $59.95 $47.00 20% off + extra 10% in the app Vegan Suede Slouchy Tote Bag $69.95 $27.00 60% off + extra 10% in the app Gap Logo Tote Bag $49.95 Extra 10% off in the app Gap Logo Tote Bag $54.95 $32.00 40% off + extra 10% in the app Vegan Leather Bucket Tote Bag $69.95 $62.00 Extra 10% off in the app Gap Logo Tote Bag $54.95 $43.00 20% off + extra 10% in the app Logo Tote Keychain Charm $19.95 $11.00 40% off + extra 10% in the app Brannan Bear Sleep Keychain Charm $19.95 $11.00 40% off + extra 10% in the app Vegan Leather Riding Boots $110.00 $44.00 60% off + extra 10% in the app,"Women / Bags, Scarves & More > Women > Bags, Scarves & More",Olive green | Dark navy blue | Sandy taupe beige | True black | Chocolate cake brown,Soft vegan suede bucket bag. Shoulder strap. Inner pockets. Zippered mini bag inside. #761387,Size Guide,Size Guide,17,https://www.gap.com/webcontent/0059/698/589/cn59698589.jpg,https://www.gap.com/webcontent/0059/698/589/cn59698589.jpg | https://www.gap.com/webcontent/0060/553/704/cn60553704.jpg | https://www.gap.com/webcontent/0059/985/804/cn59985804.jpg | https://www.gap.com/webcontent/0060/362/381/cn60362381.jpg | https://www.gap.com/webcontent/0059/698/746/cn59698746.jpg | https://www.gap.com/webcontent/0060/809/402/cn60809402.jpg | https://www.gap.com/webcontent/0059/702/480/cn59702480.jpg | https://www.gap.com/webcontent/0056/166/849/cn56166849.jpg | https://www.gap.com/webcontent/0060/784/370/cn60784370.jpg | https://www.gap.com/webcontent/0060/417/412/cn60417412.jpg | https://www.gap.com/webcontent/0061/121/188/cn61121188.jpg | https://www.gap.com/webcontent/0061/519/158/cn61519158.jpg | https://www.gap.com/webcontent/0059/496/331/cn59496331.jpg | https://www.gap.com/webcontent/0061/502/386/cn61502386.jpg | https://www.gap.com/webcontent/0059/961/297/cn59961297.jpg | https://www.gap.com/webcontent/0061/456/364/cn61456364.jpg | https://www.gap.com/webcontent/0060/427/529/cn60427529.jpg,True,& care Polyester 100% Spot clean. Imported. Shipping & returns Customers also viewed Vegan Suede Barrel Bag $49.95 $39.00 20% off + extra 10% in the app Vegan Suede Slouchy Tote Bag $69.95 $27.00 60% off + extra 10% in the app Vegan Suede Barrel Bag $49.95 $19.00 60% off + extra 10% in the app Vegan Leather Bucket Tote Bag $69.95 $55.00 20% off + extra 10% in the app Vegan Suede Barrel Bag $49.95 $24.00 50% off + extra 10% in the app You may also like Vegan Suede Slouchy Tote Bag $69.95 $34.00 50% off + extra 10% in the app Denim Tote Bag $59.95 $47.00 20% off + extra 10% in the app Vegan Suede Slouchy Tote Bag $69.95 $27.00 60% off + extra 10% in the app Gap Logo Tote Bag $49.95 Extra 10% off in the app Gap Logo Tote Bag $54.95 $32.00 40% off + extra 10% in the app Vegan Leather Bucket Tote Bag $69.95 $62.00 Extra 10% off in the app Gap Logo Tote Bag $54.95 $43.00 20% off + extra 10% in the app Logo Tote Keychain Charm $19.95 $11.00 40% off + extra 10% in the app Brannan Bear Sleep Keychain Charm $19.95 $11.00 40% off + extra 10% in the app Vegan Leather Riding Boots $110.00 $44.00 60% off + extra 10% in the app,& care Polyester 100% Spot clean. Imported. Shipping & returns Customers also viewed Vegan Suede Barrel Bag $49.95 $39.00 20% off + extra 10% in the app Vegan Suede Slouchy Tote Bag $69.95 $27.00 60% off + extra 10% in the app Vegan Suede Barrel Bag $49.95 $19.00 60% off + extra 10% in the app Vegan Leather Bucket Tote Bag $69.95 $55.00 20% off + extra 10% in the app Vegan Suede Barrel Bag $49.95 $24.00 50% off + extra 10% in the app You may also like Vegan Suede Slouchy Tote Bag $69.95 $34.00 50% off + extra 10% in the app Denim Tote Bag $59.95 $47.00 20% off + extra 10% in the app Vegan Suede Slouchy Tote Bag $69.95 $27.00 60% off + extra 10% in the app Gap Logo Tote Bag $49.95 Extra 10% off in the app Gap Logo Tote Bag $54.95 $32.00 40% off + extra 10% in the app Vegan Leather Bucket Tote Bag $69.95 $62.00 Extra 10% off in the app Gap Logo Tote Bag $54.95 $43.00 20% off + extra 10% in the app Logo Tote Keychain Charm $19.95 $11.00 40% off + extra 10% in the app Brannan Bear Sleep Keychain Charm $19.95 $11.00 40% off + extra 10% in the app Vegan Leather Riding Boots $110.00 $44.00 60% off + extra 10% in the app,Vegan Suede Bucket Bag,,USD,59.0,74.95,Soft vegan suede bucket bag. Shoulder strap. Inner pockets. Zippered mini bag inside. #761387,761387032,https://www.gap.com/browse/product.do?pid=761387032&vid=1&pcid=3046544&cid=3046544,False,100,94,2026-02-22,One Size,761387,
In stock,4.4,,Gap,Polyester 100% Spot clean. Imported. Shipping & returns Customers also viewed Vegan Suede Barrel Bag $49.95 $19.00 60% off + extra 10% in the app Vegan Suede Slouchy Tote Bag $69.95 $34.00 50% off + extra 10% in the app Vegan Suede Barrel Bag $49.95 $39.00 20% off + extra 10% in the app Vegan Suede Slouchy Tote Bag $69.95 $27.00 60% off + extra 10% in the app Vegan Suede Barrel Bag $49.95 $24.00 50% off + extra 10% in the app You may also like Gap Logo Tote Bag $49.95 Extra 10% off in the app Vegan Suede Slouchy Tote Bag $69.95 $27.00 60% off + extra 10% in the app Gap Denim Logo Tote Bag $54.95 $27.00 50% off + extra 10% in the app Gap Logo Tote Bag $54.95 $32.00 40% off + extra 10% in the app Brannan Bear Sleep Keychain Charm $19.95 $11.00 40% off + extra 10% in the app Gap Logo Tote Bag $59.95 $35.00 40% off + extra 10% in the app CloseKnit Jersey Mockneck T-Shirt $34.95 $13.00 60% off + extra 10% in the app Denim Stripe Tote Bag $54.95 Extra 10% off in the app Gap Logo Tote Bag $54.95 $43.00 20% off + extra 10% in the app Logo Tote Keychain Charm $19.95 $15.00 20% off + extra 10% in the app,"Women / Bags, Scarves & More > Women > Bags, Scarves & More",Olive green | Dark navy blue | Sandy taupe beige | True black | Chocolate cake brown,Soft vegan suede bucket bag. Shoulder strap. Inner pockets. Zippered mini bag inside. #761387,Size Guide,Size Guide,17,https://www.gap.com/webcontent/0060/652/889/cn60652889.jpg,https://www.gap.com/webcontent/0060/652/889/cn60652889.jpg | https://www.gap.com/webcontent/0059/698/746/cn59698746.jpg | https://www.gap.com/webcontent/0056/166/849/cn56166849.jpg | https://www.gap.com/webcontent/0059/985/804/cn59985804.jpg | https://www.gap.com/webcontent/0060/417/412/cn60417412.jpg | https://www.gap.com/webcontent/0059/702/480/cn59702480.jpg | https://www.gap.com/webcontent/0061/121/188/cn61121188.jpg | https://www.gap.com/webcontent/0060/362/381/cn60362381.jpg | https://www.gap.com/webcontent/0057/525/117/cn57525117.jpg | https://www.gap.com/webcontent/0061/519/158/cn61519158.jpg | https://www.gap.com/webcontent/0061/456/364/cn61456364.jpg | https://www.gap.com/webcontent/0061/624/045/cn61624045.jpg | https://www.gap.com/webcontent/0060/533/168/cn60533168.jpg | https://www.gap.com/webcontent/0057/498/615/cn57498615.jpg | https://www.gap.com/webcontent/0061/502/386/cn61502386.jpg | https://www.gap.com/webcontent/0061/518/416/cn61518416.jpg | https://cdn.cookielaw.org/logos/e1cf9ab6-fc39-4557-b4ef-4393861dad52/d229a1c3-b8ad-46ad-9bdb-8311fd460a5f/c85f6701-9eae-4a9f-b770-87eee2dae9fc/Logo_color_lockup@3x.png,True,& care Polyester 100% Spot clean. Imported. Shipping & returns Customers also viewed Vegan Suede Barrel Bag $49.95 $19.00 60% off + extra 10% in the app Vegan Suede Slouchy Tote Bag $69.95 $34.00 50% off + extra 10% in the app Vegan Suede Barrel Bag $49.95 $39.00 20% off + extra 10% in the app Vegan Suede Slouchy Tote Bag $69.95 $27.00 60% off + extra 10% in the app Vegan Suede Barrel Bag $49.95 $24.00 50% off + extra 10% in the app You may also like Gap Logo Tote Bag $49.95 Extra 10% off in the app Vegan Suede Slouchy Tote Bag $69.95 $27.00 60% off + extra 10% in the app Gap Denim Logo Tote Bag $54.95 $27.00 50% off + extra 10% in the app Gap Logo Tote Bag $54.95 $32.00 40% off + extra 10% in the app Brannan Bear Sleep Keychain Charm $19.95 $11.00 40% off + extra 10% in the app Gap Logo Tote Bag $59.95 $35.00 40% off + extra 10% in the app CloseKnit Jersey Mockneck T-Shirt $34.95 $13.00 60% off + extra 10% in the app Denim Stripe Tote Bag $54.95 Extra 10% off in the app Gap Logo Tote Bag $54.95 $43.00 20% off + extra 10% in the app Logo Tote Keychain Charm $19.95 $15.00 20% off + extra 10% in the app,& care Polyester 100% Spot clean. Imported. Shipping & returns Customers also viewed Vegan Suede Barrel Bag $49.95 $19.00 60% off + extra 10% in the app Vegan Suede Slouchy Tote Bag $69.95 $34.00 50% off + extra 10% in the app Vegan Suede Barrel Bag $49.95 $39.00 20% off + extra 10% in the app Vegan Suede Slouchy Tote Bag $69.95 $27.00 60% off + extra 10% in the app Vegan Suede Barrel Bag $49.95 $24.00 50% off + extra 10% in the app You may also like Gap Logo Tote Bag $49.95 Extra 10% off in the app Vegan Suede Slouchy Tote Bag $69.95 $27.00 60% off + extra 10% in the app Gap Denim Logo Tote Bag $54.95 $27.00 50% off + extra 10% in the app Gap Logo Tote Bag $54.95 $32.00 40% off + extra 10% in the app Brannan Bear Sleep Keychain Charm $19.95 $11.00 40% off + extra 10% in the app Gap Logo Tote Bag $59.95 $35.00 40% off + extra 10% in the app CloseKnit Jersey Mockneck T-Shirt $34.95 $13.00 60% off + extra 10% in the app Denim Stripe Tote Bag $54.95 Extra 10% off in the app Gap Logo Tote Bag $54.95 $43.00 20% off + extra 10% in the app Logo Tote Keychain Charm $19.95 $15.00 20% off + extra 10% in the app,Vegan Suede Bucket Bag,,USD,67.0,74.95,Soft vegan suede bucket bag. Shoulder strap. Inner pockets. Zippered mini bag inside. #761387,761387012,https://www.gap.com/browse/product.do?pid=761387012&vid=1&pcid=3046544&cid=3046544,False,100,94,2026-02-22,One Size,761387,
In stock,4.1,,Gap,"er Enhancement), we support people who make our clothes to build the skills, knowledge, confidence, and resilience needed to advance in work and life. Learn more here. #736935",Girls / Shop All Accessories > Girls > Shop All Accessories,Natural straw,"This bag is made with a paper straw outer. Long shoulder strap. Attached knit cherry detail at front. Fully lined. This product was made in a factory that invests in gender equality and women’s empowerment. Through RISE (Reimagining Industry to Support Equality) and Gap Inc.’s program P.A.C.E. (Personal Advancement & Career Enhancement), we support people who make our clothes to build the skills, knowledge, confidence, and resilience needed to advance in work and life. Learn more <a href=""https://www.gapinc.com/en-us/values/sustainability/empowering-women/p-a-c-e-and-rise"" target=""_blank""><u>here</u></a>. #736935",Size Guide,Size Guide,18,https://www.gap.com/webcontent/0057/525/496/cn57525496.jpg,https://www.gap.com/webcontent/0057/525/496/cn57525496.jpg | https://www.gap.com/webcontent/0057/524/673/cn57524673.jpg | https://www.gap.com/webcontent/0061/692/725/cn61692725.jpg | https://www.gap.com/webcontent/0059/961/248/cn59961248.jpg | https://www.gap.com/webcontent/0061/136/135/cn61136135.jpg | https://www.gap.com/webcontent/0056/071/943/cn56071943.jpg | https://www.gap.com/webcontent/0061/221/407/cn61221407.jpg | https://www.gap.com/webcontent/0060/367/792/cn60367792.jpg | https://www.gap.com/webcontent/0061/120/754/cn61120754.jpg | https://www.gap.com/webcontent/0060/366/819/cn60366819.jpg | https://www.gap.com/webcontent/0061/830/819/cn61830819.jpg | https://www.gap.com/webcontent/0061/716/343/cn61716343.jpg | https://www.gap.com/webcontent/0060/989/160/cn60989160.jpg | https://www.gap.com/webcontent/0061/695/341/cn61695341.jpg | https://www.gap.com/webcontent/0059/698/868/cn59698868.jpg | https://www.gap.com/webcontent/0061/234/213/cn61234213.jpg | https://www.gap.com/webcontent/0060/959/997/cn60959997.jpg | https://cdn.cookielaw.org/logos/e1cf9ab6-fc39-4557-b4ef-4393861dad52/d229a1c3-b8ad-46ad-9bdb-8311fd460a5f/c85f6701-9eae-4a9f-b770-87eee2dae9fc/Logo_color_lockup@3x.png,True,& care 100% Paper Straw. Wipe clean. Imported. Shipping & returns Customers also viewed Kids Hello Kitty Duffle Bag $89.95 $53.00 40% off + extra 10% in the app Kids Quilted Colorblock Duffel Bag $69.95 $34.00 50% off + extra 10% in the app Kids Quilted Brannan Bear Weekender Bag $69.95 $27.00 60% off + extra 10% in the app Kids Quilted Weekender Bag $69.95 $34.00 50% off + extra 10% in the app Kids Faux Fur Backpack $39.95 $15.00 60% off + extra 10% in the app You may also like Kids Bow Logo Crossbody Bag $34.95 $13.00 60% off + extra 10% in the app Kids Faux Fur Backpack $39.95 $15.00 60% off + extra 10% in the app Kids Quilted Weekender Bag $69.95 $27.00 60% off + extra 10% in the app Kids Quilted Weekender Bag $69.95 $41.00 40% off + extra 10% in the app Kids Quilted Pouch $34.95 $20.00 40% off + extra 10% in the app Kids Poplin Peplum Top $39.95 $15.00 60% off + extra 10% in the app Kids Shimmer Straw Backpack $39.95 $23.00 40% off + extra 10% in the app Kids Cow Print Sneakers $44.95 $17.00 60% off + extra 10% in the app Kids Denim Terry Heart Baseball Hat $19.95 $11.00 40% off + extra 10% in the app Kids Mesh Ruffle Cap-Sleeve Dress $59.95 $23.00 60% off + extra 10% in the app,& care 100% Paper Straw. Wipe clean. Imported. Shipping & returns Customers also viewed Kids Hello Kitty Duffle Bag $89.95 $53.00 40% off + extra 10% in the app Kids Quilted Colorblock Duffel Bag $69.95 $34.00 50% off + extra 10% in the app Kids Quilted Brannan Bear Weekender Bag $69.95 $27.00 60% off + extra 10% in the app Kids Quilted Weekender Bag $69.95 $34.00 50% off + extra 10% in the app Kids Faux Fur Backpack $39.95 $15.00 60% off + extra 10% in the app You may also like Kids Bow Logo Crossbody Bag $34.95 $13.00 60% off + extra 10% in the app Kids Faux Fur Backpack $39.95 $15.00 60% off + extra 10% in the app Kids Quilted Weekender Bag $69.95 $27.00 60% off + extra 10% in the app Kids Quilted Weekender Bag $69.95 $41.00 40% off + extra 10% in the app Kids Quilted Pouch $34.95 $20.00 40% off + extra 10% in the app Kids Poplin Peplum Top $39.95 $15.00 60% off + extra 10% in the app Kids Shimmer Straw Backpack $39.95 $23.00 40% off + extra 10% in the app Kids Cow Print Sneakers $44.95 $17.00 60% off + extra 10% in the app Kids Denim Terry Heart Baseball Hat $19.95 $11.00 40% off + extra 10% in the app Kids Mesh Ruffle Cap-Sleeve Dress $59.95 $23.00 60% off + extra 10% in the app,Kids Cherry Straw Bag,,USD,12.97,34.95,"This bag is made with a paper straw outer. Long shoulder strap. Attached knit cherry detail at front. Fully lined. This product was made in a factory that invests in gender equality and women’s empowerment. Through RISE (Reimagining Industry to Support Equality) and Gap Inc.’s program P.A.C.E. (Personal Advancement & Career Enhancement), we support people who make our clothes to build the skills, knowledge, confidence, and resilience needed to advance in work and life. Learn more here. #736935",736935002,https://www.gap.com/browse/product.do?pid=736935002&vid=1&pcid=3046567&cid=3046567,False,24,23,2026-02-22,One Size,736935,
In stock,4.4,,Gap,Polyester 100% Spot clean. Imported. Shipping & returns Customers also viewed Vegan Suede Slouchy Tote Bag $69.95 $27.00 60% off + extra 10% in the app Vegan Suede Barrel Bag $49.95 $19.00 60% off + extra 10% in the app Vegan Suede Slouchy Tote Bag $69.95 $34.00 50% off + extra 10% in the app Vegan Suede Barrel Bag $49.95 $39.00 20% off + extra 10% in the app Vegan Suede Slouchy Tote Bag $69.95 $27.00 60% off + extra 10% in the app You may also like Vegan Suede Barrel Bag $49.95 $24.00 50% off + extra 10% in the app Vegan Leather Bucket Tote Bag $69.95 $62.00 Extra 10% off in the app Gap Logo Tote Bag $54.95 $32.00 40% off + extra 10% in the app Gap Denim Logo Tote Bag $54.95 $27.00 50% off + extra 10% in the app Brannan Bear Logo Denim Tote Bag $59.95 $47.00 20% off + extra 10% in the app Gap Logo Tote Bag $54.95 $43.00 20% off + extra 10% in the app Vegan Leather Bucket Tote Bag $69.95 $55.00 20% off + extra 10% in the app Denim Tote Bag $59.95 $41.00 30% off + extra 10% in the app Brannan Bear Hoodie Keychain Charm $19.95 $11.00 40% off + extra 10% in the app UltraSoft Denim Horseshoe Overalls $119.95 Extra 10% off in the app,"Women / Bags, Scarves & More > Women > Bags, Scarves & More",Olive green | Dark navy blue | Sandy taupe beige | True black | Chocolate cake brown,Soft vegan suede bucket bag. Shoulder strap. Inner pockets. Zippered mini bag inside. #761387,Size Guide,Size Guide,21,https://www.gap.com/webcontent/0061/184/787/cn61184787.jpg,https://www.gap.com/webcontent/0061/184/787/cn61184787.jpg | https://www.gap.com/webcontent/0061/374/222/cn61374222.jpg | https://www.gap.com/webcontent/0061/182/878/cn61182878.jpg | https://www.gap.com/webcontent/0061/182/881/cn61182881.jpg | https://www.gap.com/webcontent/0061/182/894/cn61182894.jpg | https://www.gap.com/webcontent/0060/417/412/cn60417412.jpg | https://www.gap.com/webcontent/0059/698/746/cn59698746.jpg | https://www.gap.com/webcontent/0056/166/849/cn56166849.jpg | https://www.gap.com/webcontent/0059/985/804/cn59985804.jpg | https://www.gap.com/webcontent/0060/362/381/cn60362381.jpg | https://www.gap.com/webcontent/0059/702/480/cn59702480.jpg | https://www.gap.com/webcontent/0059/496/331/cn59496331.jpg | https://www.gap.com/webcontent/0061/519/158/cn61519158.jpg | https://www.gap.com/webcontent/0057/525/117/cn57525117.jpg | https://www.gap.com/webcontent/0060/681/835/cn60681835.jpg | https://www.gap.com/webcontent/0061/502/386/cn61502386.jpg | https://www.gap.com/webcontent/0060/809/402/cn60809402.jpg | https://www.gap.com/webcontent/0060/784/392/cn60784392.jpg | https://www.gap.com/webcontent/0060/416/018/cn60416018.jpg | https://www.gap.com/webcontent/0061/406/333/cn61406333.jpg | https://cdn.cookielaw.org/logos/e1cf9ab6-fc39-4557-b4ef-4393861dad52/d229a1c3-b8ad-46ad-9bdb-8311fd460a5f/c85f6701-9eae-4a9f-b770-87eee2dae9fc/Logo_color_lockup@3x.png,True,& care Polyester 100% Spot clean. Imported. Shipping & returns Customers also viewed Vegan Suede Slouchy Tote Bag $69.95 $27.00 60% off + extra 10% in the app Vegan Suede Barrel Bag $49.95 $19.00 60% off + extra 10% in the app Vegan Suede Slouchy Tote Bag $69.95 $34.00 50% off + extra 10% in the app Vegan Suede Barrel Bag $49.95 $39.00 20% off + extra 10% in the app Vegan Suede Slouchy Tote Bag $69.95 $27.00 60% off + extra 10% in the app You may also like Vegan Suede Barrel Bag $49.95 $24.00 50% off + extra 10% in the app Vegan Leather Bucket Tote Bag $69.95 $62.00 Extra 10% off in the app Gap Logo Tote Bag $54.95 $32.00 40% off + extra 10% in the app Gap Denim Logo Tote Bag $54.95 $27.00 50% off + extra 10% in the app Brannan Bear Logo Denim Tote Bag $59.95 $47.00 20% off + extra 10% in the app Gap Logo Tote Bag $54.95 $43.00 20% off + extra 10% in the app Vegan Leather Bucket Tote Bag $69.95 $55.00 20% off + extra 10% in the app Denim Tote Bag $59.95 $41.00 30% off + extra 10% in the app Brannan Bear Hoodie Keychain Charm $19.95 $11.00 40% off + extra 10% in the app UltraSoft Denim Horseshoe Overalls $119.95 Extra 10% off in the app,& care Polyester 100% Spot clean. Imported. Shipping & returns Customers also viewed Vegan Suede Slouchy Tote Bag $69.95 $27.00 60% off + extra 10% in the app Vegan Suede Barrel Bag $49.95 $19.00 60% off + extra 10% in the app Vegan Suede Slouchy Tote Bag $69.95 $34.00 50% off + extra 10% in the app Vegan Suede Barrel Bag $49.95 $39.00 20% off + extra 10% in the app Vegan Suede Slouchy Tote Bag $69.95 $27.00 60% off + extra 10% in the app You may also like Vegan Suede Barrel Bag $49.95 $24.00 50% off + extra 10% in the app Vegan Leather Bucket Tote Bag $69.95 $62.00 Extra 10% off in the app Gap Logo Tote Bag $54.95 $32.00 40% off + extra 10% in the app Gap Denim Logo Tote Bag $54.95 $27.00 50% off + extra 10% in the app Brannan Bear Logo Denim Tote Bag $59.95 $47.00 20% off + extra 10% in the app Gap Logo Tote Bag $54.95 $43.00 20% off + extra 10% in the app Vegan Leather Bucket Tote Bag $69.95 $55.00 20% off + extra 10% in the app Denim Tote Bag $59.95 $41.00 30% off + extra 10% in the app Brannan Bear Hoodie Keychain Charm $19.95 $11.00 40% off + extra 10% in the app UltraSoft Denim Horseshoe Overalls $119.95 Extra 10% off in the app,Vegan Suede Bucket Bag,,USD,44.0,74.95,Soft vegan suede bucket bag. Shoulder strap. Inner pockets. Zippered mini bag inside. #761387,761387052,https://www.gap.com/browse/product.do?pid=761387052&vid=1&pcid=3046544&cid=3046544,False,100,94,2026-02-22,One Size,761387,
In stock,4.5,,Gap,100% Synthetic Leather. Wipe clean. Imported. Shipping & returns Customers also viewed Crochet Tote Bag $69.95 $55.00 20% off + extra 10% in the app Vegan Suede Slouchy Tote Bag $69.95 $27.00 60% off + extra 10% in the app Vegan Suede Bucket Bag $74.95 $59.00 20% off + extra 10% in the app Crochet Tote Bag $69.95 $55.00 20% off + extra 10% in the app Vegan Leather Lug Sole Tall Boots $118.00 $47.00 60% off + extra 10% in the app You may also like Crochet Tote Bag $69.95 $55.00 20% off + extra 10% in the app Kitten Heel Pointy Knee High Boots $118.00 $47.00 60% off + extra 10% in the app Straw Tote Bag $79.95 $63.00 20% off + extra 10% in the app Logo Tote Keychain Charm $19.95 $11.00 40% off + extra 10% in the app Crochet Tote Bag $69.95 $55.00 20% off + extra 10% in the app Logo Tote Keychain Charm $19.95 $11.00 40% off + extra 10% in the app Vegan Suede Slouchy Tote Bag $69.95 $27.00 60% off + extra 10% in the app Logo Tote Keychain Charm $19.95 $11.00 40% off + extra 10% in the app Gap Denim Logo Tote Bag $54.95 $27.00 50% off + extra 10% in the app Denim Tote Bag $59.95 $47.00 20% off + extra 10% in the app,"Women / Bags, Scarves & More > Women > Bags, Scarves & More",True black | Red spice,Smooth vegan leather bucket tote bag. Adjustable shoulder strap. Snap button closure. Inner pocket. Fully lined. #761396,Size Guide,Size Guide,19,https://www.gap.com/webcontent/0060/809/402/cn60809402.jpg,"https://www.gap.com/webcontent/0060/809/402/cn60809402.jpg | https://www.gap.com/webcontent/0060/890/952/cn60890952.jpg | https://www.gap.com/webcontent/0061/406/122/cn61406122.jpg | https://www.gap.com/webcontent/0060/362/381/cn60362381.jpg | https://www.gap.com/webcontent/0059/698/589/cn59698589.jpg | https://www.gap.com/webcontent/0061/456/250/cn61456250.jpg | https://www.gap.com/webcontent/0060/427/510/cn60427510.jpg | https://www.gap.com/webcontent/0061/339/287/cn61339287.jpg | https://www.gap.com/webcontent/0060/427/460/cn60427460.jpg | https://www.gap.com/webcontent/0061/199/149/cn61199149.jpg | https://www.gap.com/webcontent/0060/260/930/cn60260930.jpg | https://www.gap.com/webcontent/0061/815/552/cn61815552.jpg | https://www.gap.com/webcontent/0061/502/335/cn61502335.jpg | https://www.gap.com/webcontent/0060/417/412/cn60417412.jpg | https://www.gap.com/webcontent/0059/961/326/cn59961326.jpg | https://www.gap.com/webcontent/0057/525/117/cn57525117.jpg | https://www.gap.com/webcontent/0060/784/370/cn60784370.jpg | https://media.powerreviews.com/image/upload/c_thumb,d_portal-no-product-image_ttlfpi.svg,h_150,q_auto,w_150/d_portal-no-product-image_ttlfpi.svg/prod/aq5ej2df9konforx680e.webp | https://cdn.cookielaw.org/logos/e1cf9ab6-fc39-4557-b4ef-4393861dad52/d229a1c3-b8ad-46ad-9bdb-8311fd460a5f/c85f6701-9eae-4a9f-b770-87eee2dae9fc/Logo_color_lockup@3x.png",True,& care 100% Synthetic Leather. Wipe clean. Imported. Shipping & returns Customers also viewed Crochet Tote Bag $69.95 $55.00 20% off + extra 10% in the app Vegan Suede Slouchy Tote Bag $69.95 $27.00 60% off + extra 10% in the app Vegan Suede Bucket Bag $74.95 $59.00 20% off + extra 10% in the app Crochet Tote Bag $69.95 $55.00 20% off + extra 10% in the app Vegan Leather Lug Sole Tall Boots $118.00 $47.00 60% off + extra 10% in the app You may also like Crochet Tote Bag $69.95 $55.00 20% off + extra 10% in the app Kitten Heel Pointy Knee High Boots $118.00 $47.00 60% off + extra 10% in the app Straw Tote Bag $79.95 $63.00 20% off + extra 10% in the app Logo Tote Keychain Charm $19.95 $11.00 40% off + extra 10% in the app Crochet Tote Bag $69.95 $55.00 20% off + extra 10% in the app Logo Tote Keychain Charm $19.95 $11.00 40% off + extra 10% in the app Vegan Suede Slouchy Tote Bag $69.95 $27.00 60% off + extra 10% in the app Logo Tote Keychain Charm $19.95 $11.00 40% off + extra 10% in the app Gap Denim Logo Tote Bag $54.95 $27.00 50% off + extra 10% in the app Denim Tote Bag $59.95 $47.00 20% off + extra 10% in the app,& care 100% Synthetic Leather. Wipe clean. Imported. Shipping & returns Customers also viewed Crochet Tote Bag $69.95 $55.00 20% off + extra 10% in the app Vegan Suede Slouchy Tote Bag $69.95 $27.00 60% off + extra 10% in the app Vegan Suede Bucket Bag $74.95 $59.00 20% off + extra 10% in the app Crochet Tote Bag $69.95 $55.00 20% off + extra 10% in the app Vegan Leather Lug Sole Tall Boots $118.00 $47.00 60% off + extra 10% in the app You may also like Crochet Tote Bag $69.95 $55.00 20% off + extra 10% in the app Kitten Heel Pointy Knee High Boots $118.00 $47.00 60% off + extra 10% in the app Straw Tote Bag $79.95 $63.00 20% off + extra 10% in the app Logo Tote Keychain Charm $19.95 $11.00 40% off + extra 10% in the app Crochet Tote Bag $69.95 $55.00 20% off + extra 10% in the app Logo Tote Keychain Charm $19.95 $11.00 40% off + extra 10% in the app Vegan Suede Slouchy Tote Bag $69.95 $27.00 60% off + extra 10% in the app Logo Tote Keychain Charm $19.95 $11.00 40% off + extra 10% in the app Gap Denim Logo Tote Bag $54.95 $27.00 50% off + extra 10% in the app Denim Tote Bag $59.95 $47.00 20% off + extra 10% in the app,Vegan Leather Bucket Tote Bag,,USD,55.0,69.95,Smooth vegan leather bucket tote bag. Adjustable shoulder strap. Snap button closure. Inner pocket. Fully lined. #761396,761396032,https://www.gap.com/browse/product.do?pid=761396032&vid=1&pcid=3046544&cid=3046544,False,53,48,2026-02-22,One Size,761396,
In stock,4.4,,Gap,Polyester 100% Spot clean. Imported. Shipping & returns Customers also viewed Vegan Suede Barrel Bag $49.95 $19.00 60% off + extra 10% in the app Vegan Suede Slouchy Tote Bag $69.95 $27.00 60% off + extra 10% in the app Vegan Suede Barrel Bag $49.95 $24.00 50% off + extra 10% in the app Vegan Suede Slouchy Tote Bag $69.95 $27.00 60% off + extra 10% in the app Brannan Bear Logo Denim Tote Bag $59.95 $47.00 20% off + extra 10% in the app You may also like Vegan Suede Barrel Bag $49.95 $39.00 20% off + extra 10% in the app Vegan Suede Slouchy Tote Bag $69.95 $34.00 50% off + extra 10% in the app Gap Logo Tote Bag $49.95 Extra 10% off in the app Vegan Leather Bucket Tote Bag $69.95 $62.00 Extra 10% off in the app Logo Tote Keychain Charm $19.95 $15.00 20% off + extra 10% in the app Gap Logo Tote Bag $54.95 $32.00 40% off + extra 10% in the app Logo Tote Keychain Charm $19.95 $11.00 40% off + extra 10% in the app Gap Logo Tote Bag $54.95 $32.00 40% off + extra 10% in the app Denim Tote Bag $59.95 $41.00 30% off + extra 10% in the app Gap Logo Tote Bag $54.95 $32.00 40% off + extra 10% in the app,"Women / Bags, Scarves & More > Women > Bags, Scarves & More",Olive green | Dark navy blue | Sandy taupe beige | True black | Chocolate cake brown,Soft vegan suede bucket bag. Shoulder strap. Inner pockets. Zippered mini bag inside. #761387,Size Guide,Size Guide,18,https://www.gap.com/webcontent/0059/698/590/cn59698590.jpg,https://www.gap.com/webcontent/0059/698/590/cn59698590.jpg | https://www.gap.com/webcontent/0060/535/356/cn60535356.jpg | https://www.gap.com/webcontent/0059/698/746/cn59698746.jpg | https://www.gap.com/webcontent/0060/362/381/cn60362381.jpg | https://www.gap.com/webcontent/0059/702/480/cn59702480.jpg | https://www.gap.com/webcontent/0060/417/412/cn60417412.jpg | https://www.gap.com/webcontent/0060/681/835/cn60681835.jpg | https://www.gap.com/webcontent/0059/985/804/cn59985804.jpg | https://www.gap.com/webcontent/0056/166/849/cn56166849.jpg | https://www.gap.com/webcontent/0061/121/188/cn61121188.jpg | https://www.gap.com/webcontent/0059/496/331/cn59496331.jpg | https://www.gap.com/webcontent/0061/518/416/cn61518416.jpg | https://www.gap.com/webcontent/0061/708/096/cn61708096.jpg | https://www.gap.com/webcontent/0059/961/326/cn59961326.jpg | https://www.gap.com/webcontent/0061/519/158/cn61519158.jpg | https://www.gap.com/webcontent/0060/784/392/cn60784392.jpg | https://www.gap.com/webcontent/0061/502/377/cn61502377.jpg | https://cdn.cookielaw.org/logos/e1cf9ab6-fc39-4557-b4ef-4393861dad52/d229a1c3-b8ad-46ad-9bdb-8311fd460a5f/c85f6701-9eae-4a9f-b770-87eee2dae9fc/Logo_color_lockup@3x.png,True,& care Polyester 100% Spot clean. Imported. Shipping & returns Customers also viewed Vegan Suede Barrel Bag $49.95 $19.00 60% off + extra 10% in the app Vegan Suede Slouchy Tote Bag $69.95 $27.00 60% off + extra 10% in the app Vegan Suede Barrel Bag $49.95 $24.00 50% off + extra 10% in the app Vegan Suede Slouchy Tote Bag $69.95 $27.00 60% off + extra 10% in the app Brannan Bear Logo Denim Tote Bag $59.95 $47.00 20% off + extra 10% in the app You may also like Vegan Suede Barrel Bag $49.95 $39.00 20% off + extra 10% in the app Vegan Suede Slouchy Tote Bag $69.95 $34.00 50% off + extra 10% in the app Gap Logo Tote Bag $49.95 Extra 10% off in the app Vegan Leather Bucket Tote Bag $69.95 $62.00 Extra 10% off in the app Logo Tote Keychain Charm $19.95 $15.00 20% off + extra 10% in the app Gap Logo Tote Bag $54.95 $32.00 40% off + extra 10% in the app Logo Tote Keychain Charm $19.95 $11.00 40% off + extra 10% in the app Gap Logo Tote Bag $54.95 $32.00 40% off + extra 10% in the app Denim Tote Bag $59.95 $41.00 30% off + extra 10% in the app Gap Logo Tote Bag $54.95 $32.00 40% off + extra 10% in the app,& care Polyester 100% Spot clean. Imported. Shipping & returns Customers also viewed Vegan Suede Barrel Bag $49.95 $19.00 60% off + extra 10% in the app Vegan Suede Slouchy Tote Bag $69.95 $27.00 60% off + extra 10% in the app Vegan Suede Barrel Bag $49.95 $24.00 50% off + extra 10% in the app Vegan Suede Slouchy Tote Bag $69.95 $27.00 60% off + extra 10% in the app Brannan Bear Logo Denim Tote Bag $59.95 $47.00 20% off + extra 10% in the app You may also like Vegan Suede Barrel Bag $49.95 $39.00 20% off + extra 10% in the app Vegan Suede Slouchy Tote Bag $69.95 $34.00 50% off + extra 10% in the app Gap Logo Tote Bag $49.95 Extra 10% off in the app Vegan Leather Bucket Tote Bag $69.95 $62.00 Extra 10% off in the app Logo Tote Keychain Charm $19.95 $15.00 20% off + extra 10% in the app Gap Logo Tote Bag $54.95 $32.00 40% off + extra 10% in the app Logo Tote Keychain Charm $19.95 $11.00 40% off + extra 10% in the app Gap Logo Tote Bag $54.95 $32.00 40% off + extra 10% in the app Denim Tote Bag $59.95 $41.00 30% off + extra 10% in the app Gap Logo Tote Bag $54.95 $32.00 40% off + extra 10% in the app,Vegan Suede Bucket Bag,,USD,59.0,74.95,Soft vegan suede bucket bag. Shoulder strap. Inner pockets. Zippered mini bag inside. #761387,761387042,https://www.gap.com/browse/product.do?pid=761387042&vid=1&pcid=3046544&cid=3051538,False,100,94,2026-02-22,One Size,761387,
In stock,4.7,,Gap,"er Enhancement), we support people who make our clothes to build the skills, knowledge, confidence, and resilience needed to advance in work and life. Learn more here. #773833 Fabric & care 100% Cotton. Machine wash. Imported. Shipping & returns Customers also viewed High Rise VintageSoft Relaxed Joggers $59.95 $47.00 20% off + extra 10% in the app VintageSoft Crop Logo Hoodie $79.95 Extra 10% off in the app High Rise VintageSoft Relaxed Joggers $59.95 $29.00 50% off + extra 10% in the app Organic Cotton VintageSoft T-Shirt $24.95 $20.00 $13 each when you buy 3+ Modern Crewneck T-Shirt $39.95 $23.00 40% off + extra 10% in the app You may also like Waxed Canvas Tote Bag $74.95 $44.00 40% off + extra 10% in the app Leather Belt $44.95 $35.00 20% off + extra 10% in the app Heart Crew Socks $15.95 $14.00 Extra 10% off in the app Waxed Canvas Tote Bag $74.95 $44.00 40% off + extra 10% in the app Drawcord Hood $39.95 $15.00 60% off + extra 10% in the app Denim Brannan Bear Baseball Hat $29.95 Extra 10% off in the app CashSoft Beanie $34.95 $13.00 60% off + extra 10% in the app Leather Belt $44.95 $35.00 20% off + extra 10% in the app AC/DC Relaxed Graphic T-Shirt $39.95 $19.00 50% off + extra 10% in the app Leather Belt $69.95 $41.00 40% off + extra 10% in the app",Men / Shop All Accessories > Men > Shop All Accessories,Golden State Warriors | Chicago Bulls | Boston Celtics | Miami Heat,"Soft cotton canvas tote bag. Shoulder straps. Chicago Bulls graphics. This product was made in a factory that invests in gender equality and women’s empowerment. Through RISE (Reimagining Industry to Support Equality) and Gap Inc.’s program P.A.C.E. (Personal Advancement & Career Enhancement), we support people who make our clothes to build the skills, knowledge, confidence, and resilience needed to advance in work and life. Learn more <a href=""https://www.gapinc.com/en-us/values/sustainability/empowering-women/p-a-c-e-and-rise"" target=""_blank""><u>here</u></a>. #773833",Size Guide,Size Guide,19,https://www.gap.com/webcontent/0059/239/670/cn59239670.jpg,https://www.gap.com/webcontent/0059/239/670/cn59239670.jpg | https://www.gap.com/webcontent/0059/239/343/cn59239343.jpg | https://www.gap.com/webcontent/0059/239/355/cn59239355.jpg | https://www.gap.com/webcontent/0059/151/311/cn59151311.jpg | https://www.gap.com/webcontent/0059/846/495/cn59846495.jpg | https://www.gap.com/webcontent/0061/332/978/cn61332978.jpg | https://www.gap.com/webcontent/0057/796/433/cn57796433.jpg | https://www.gap.com/webcontent/0060/429/395/cn60429395.jpg | https://www.gap.com/webcontent/0061/456/208/cn61456208.jpg | https://www.gap.com/webcontent/0059/548/219/cn59548219.jpg | https://www.gap.com/webcontent/0061/183/497/cn61183497.jpg | https://www.gap.com/webcontent/0061/456/198/cn61456198.jpg | https://www.gap.com/webcontent/0060/917/830/cn60917830.jpg | https://www.gap.com/webcontent/0061/167/560/cn61167560.jpg | https://www.gap.com/webcontent/0061/153/332/cn61153332.jpg | https://www.gap.com/webcontent/0057/923/922/cn57923922.jpg | https://www.gap.com/webcontent/0060/955/073/cn60955073.jpg | https://www.gap.com/webcontent/0053/481/459/cn53481459.jpg | https://cdn.cookielaw.org/logos/e1cf9ab6-fc39-4557-b4ef-4393861dad52/d229a1c3-b8ad-46ad-9bdb-8311fd460a5f/c85f6701-9eae-4a9f-b770-87eee2dae9fc/Logo_color_lockup@3x.png,True,& care 100% Cotton. Machine wash. Imported. Shipping & returns Customers also viewed High Rise VintageSoft Relaxed Joggers $59.95 $47.00 20% off + extra 10% in the app VintageSoft Crop Logo Hoodie $79.95 Extra 10% off in the app High Rise VintageSoft Relaxed Joggers $59.95 $29.00 50% off + extra 10% in the app Organic Cotton VintageSoft T-Shirt $24.95 $20.00 $13 each when you buy 3+ Modern Crewneck T-Shirt $39.95 $23.00 40% off + extra 10% in the app You may also like Waxed Canvas Tote Bag $74.95 $44.00 40% off + extra 10% in the app Leather Belt $44.95 $35.00 20% off + extra 10% in the app Heart Crew Socks $15.95 $14.00 Extra 10% off in the app Waxed Canvas Tote Bag $74.95 $44.00 40% off + extra 10% in the app Drawcord Hood $39.95 $15.00 60% off + extra 10% in the app Denim Brannan Bear Baseball Hat $29.95 Extra 10% off in the app CashSoft Beanie $34.95 $13.00 60% off + extra 10% in the app Leather Belt $44.95 $35.00 20% off + extra 10% in the app AC/DC Relaxed Graphic T-Shirt $39.95 $19.00 50% off + extra 10% in the app Leather Belt $69.95 $41.00 40% off + extra 10% in the app,& care 100% Cotton. Machine wash. Imported. Shipping & returns Customers also viewed High Rise VintageSoft Relaxed Joggers $59.95 $47.00 20% off + extra 10% in the app VintageSoft Crop Logo Hoodie $79.95 Extra 10% off in the app High Rise VintageSoft Relaxed Joggers $59.95 $29.00 50% off + extra 10% in the app Organic Cotton VintageSoft T-Shirt $24.95 $20.00 $13 each when you buy 3+ Modern Crewneck T-Shirt $39.95 $23.00 40% off + extra 10% in the app You may also like Waxed Canvas Tote Bag $74.95 $44.00 40% off + extra 10% in the app Leather Belt $44.95 $35.00 20% off + extra 10% in the app Heart Crew Socks $15.95 $14.00 Extra 10% off in the app Waxed Canvas Tote Bag $74.95 $44.00 40% off + extra 10% in the app Drawcord Hood $39.95 $15.00 60% off + extra 10% in the app Denim Brannan Bear Baseball Hat $29.95 Extra 10% off in the app CashSoft Beanie $34.95 $13.00 60% off + extra 10% in the app Leather Belt $44.95 $35.00 20% off + extra 10% in the app AC/DC Relaxed Graphic T-Shirt $39.95 $19.00 50% off + extra 10% in the app Leather Belt $69.95 $41.00 40% off + extra 10% in the app,NBA Chicago Bulls Logo Tote Bag,,USD,19.97,58.0,"We teamed up with the NBA to celebrate the league’s 75+ year history. Pairing iconic team logos with Gap classics. Made to celebrate the game, for the people who love it most. Soft cotton canvas tote bag. Shoulder straps. Chicago Bulls graphics. This product was made in a factory that invests in gender equality and women’s empowerment. Through RISE (Reimagining Industry to Support Equality) and Gap Inc.’s program P.A.C.E. (Personal Advancement & Career Enhancement), we support people who make our clothes to build the skills, knowledge, confidence, and resilience needed to advance in work and life. Learn more here. #773833 Fabric & care 100% Cotton. Machine wash. Imported. Shipping & returns Customers also viewed High Rise VintageSoft Relaxed Joggers $59.95 $47.00 20% off + extra 10% in the app VintageSoft Crop Logo Hoodie $79.95 Extra 10% off in the app High Rise VintageSoft Relaxed Joggers $59.95 $29.00 50% off + extra 10% in the app Organic Cotton VintageSoft T-Shirt $24.95 $20.00 $13 each when you buy 3+ Modern Crewneck T-Shirt $39.95 $23.00 40% off + extra 10% in the app You may also like Waxed Canvas Tote Bag $74.95 $44.00 40% off + extra 10% in the app Leather Belt $44.95 $35.00 20% off + extra 10% in the app Heart Crew Socks $15.95 $14.00 Extra 10% off in the app Waxed Canvas Tote Bag $74.95 $44.00 40% off + extra 10% in the app Drawcord Hood $39.95 $15.00 60% off + extra 10% in the app Denim Brannan Bear Baseball Hat $29.95 Extra 10% off in the app CashSoft Beanie $34.95 $13.00 60% off + extra 10% in the app Leather Belt $44.95 $35.00 20% off + extra 10% in the app AC/DC Relaxed Graphic T-Shirt $39.95 $19.00 50% off + extra 10% in the app Leather Belt $69.95 $41.00 40% off + extra 10% in the app",773833002,https://www.gap.com/browse/product.do?pid=773833002&vid=1&pcid=3046544&cid=3046544,False,26,22,2026-02-22,One Size,773833,
In stock,4.5,,Gap,100% Synthetic Leather. Wipe clean. Imported. Shipping & returns Customers also viewed Vegan Suede Slouchy Tote Bag $69.95 $27.00 60% off + extra 10% in the app Crochet Tote Bag $69.95 $55.00 20% off + extra 10% in the app Vegan Suede Slouchy Tote Bag $69.95 $27.00 60% off + extra 10% in the app Vegan Suede Bucket Bag $74.95 $44.00 40% off + extra 10% in the app Gap Denim Logo Tote Bag $54.95 $27.00 50% off + extra 10% in the app You may also like Vegan Suede Barrel Bag $49.95 $24.00 50% off + extra 10% in the app Gap Logo Tote Bag $49.95 Extra 10% off in the app Crochet Tote Bag $69.95 $55.00 20% off + extra 10% in the app Vegan Suede Bucket Bag $74.95 $37.00 50% off + extra 10% in the app Straw Tote Bag $79.95 $63.00 20% off + extra 10% in the app Vegan Suede Barrel Bag $49.95 $19.00 60% off + extra 10% in the app Logo Tote Keychain Charm $19.95 $11.00 40% off + extra 10% in the app Crochet Tote Bag $69.95 $55.00 20% off + extra 10% in the app Logo Tote Keychain Charm $19.95 $11.00 40% off + extra 10% in the app Vegan Leather Wedge Sandals $69.95 $55.00 20% off + extra 10% in the app,"Women / Bags, Scarves & More > Women > Bags, Scarves & More",True black | Red spice,Smooth vegan leather bucket tote bag. Adjustable shoulder strap. Snap button closure. Inner pocket. Fully lined. #761396,Size Guide,Size Guide,21,https://www.gap.com/webcontent/0059/496/331/cn59496331.jpg,"https://www.gap.com/webcontent/0059/496/331/cn59496331.jpg | https://www.gap.com/webcontent/0060/351/240/cn60351240.jpg | https://www.gap.com/webcontent/0059/496/372/cn59496372.jpg | https://www.gap.com/webcontent/0059/496/379/cn59496379.jpg | https://www.gap.com/webcontent/0060/362/381/cn60362381.jpg | https://www.gap.com/webcontent/0061/406/122/cn61406122.jpg | https://www.gap.com/webcontent/0060/417/412/cn60417412.jpg | https://www.gap.com/webcontent/0061/184/787/cn61184787.jpg | https://www.gap.com/webcontent/0057/525/117/cn57525117.jpg | https://www.gap.com/webcontent/0059/702/480/cn59702480.jpg | https://www.gap.com/webcontent/0061/121/188/cn61121188.jpg | https://www.gap.com/webcontent/0061/339/287/cn61339287.jpg | https://www.gap.com/webcontent/0059/698/588/cn59698588.jpg | https://www.gap.com/webcontent/0061/199/149/cn61199149.jpg | https://www.gap.com/webcontent/0059/698/746/cn59698746.jpg | https://www.gap.com/webcontent/0059/961/297/cn59961297.jpg | https://www.gap.com/webcontent/0061/815/552/cn61815552.jpg | https://www.gap.com/webcontent/0060/260/930/cn60260930.jpg | https://www.gap.com/webcontent/0061/588/032/cn61588032.jpg | https://media.powerreviews.com/image/upload/c_thumb,d_portal-no-product-image_ttlfpi.svg,h_150,q_auto,w_150/d_portal-no-product-image_ttlfpi.svg/prod/aq5ej2df9konforx680e.webp | https://cdn.cookielaw.org/logos/e1cf9ab6-fc39-4557-b4ef-4393861dad52/d229a1c3-b8ad-46ad-9bdb-8311fd460a5f/c85f6701-9eae-4a9f-b770-87eee2dae9fc/Logo_color_lockup@3x.png",True,& care 100% Synthetic Leather. Wipe clean. Imported. Shipping & returns Customers also viewed Vegan Suede Slouchy Tote Bag $69.95 $27.00 60% off + extra 10% in the app Crochet Tote Bag $69.95 $55.00 20% off + extra 10% in the app Vegan Suede Slouchy Tote Bag $69.95 $27.00 60% off + extra 10% in the app Vegan Suede Bucket Bag $74.95 $44.00 40% off + extra 10% in the app Gap Denim Logo Tote Bag $54.95 $27.00 50% off + extra 10% in the app You may also like Vegan Suede Barrel Bag $49.95 $24.00 50% off + extra 10% in the app Gap Logo Tote Bag $49.95 Extra 10% off in the app Crochet Tote Bag $69.95 $55.00 20% off + extra 10% in the app Vegan Suede Bucket Bag $74.95 $37.00 50% off + extra 10% in the app Straw Tote Bag $79.95 $63.00 20% off + extra 10% in the app Vegan Suede Barrel Bag $49.95 $19.00 60% off + extra 10% in the app Logo Tote Keychain Charm $19.95 $11.00 40% off + extra 10% in the app Crochet Tote Bag $69.95 $55.00 20% off + extra 10% in the app Logo Tote Keychain Charm $19.95 $11.00 40% off + extra 10% in the app Vegan Leather Wedge Sandals $69.95 $55.00 20% off + extra 10% in the app,& care 100% Synthetic Leather. Wipe clean. Imported. Shipping & returns Customers also viewed Vegan Suede Slouchy Tote Bag $69.95 $27.00 60% off + extra 10% in the app Crochet Tote Bag $69.95 $55.00 20% off + extra 10% in the app Vegan Suede Slouchy Tote Bag $69.95 $27.00 60% off + extra 10% in the app Vegan Suede Bucket Bag $74.95 $44.00 40% off + extra 10% in the app Gap Denim Logo Tote Bag $54.95 $27.00 50% off + extra 10% in the app You may also like Vegan Suede Barrel Bag $49.95 $24.00 50% off + extra 10% in the app Gap Logo Tote Bag $49.95 Extra 10% off in the app Crochet Tote Bag $69.95 $55.00 20% off + extra 10% in the app Vegan Suede Bucket Bag $74.95 $37.00 50% off + extra 10% in the app Straw Tote Bag $79.95 $63.00 20% off + extra 10% in the app Vegan Suede Barrel Bag $49.95 $19.00 60% off + extra 10% in the app Logo Tote Keychain Charm $19.95 $11.00 40% off + extra 10% in the app Crochet Tote Bag $69.95 $55.00 20% off + extra 10% in the app Logo Tote Keychain Charm $19.95 $11.00 40% off + extra 10% in the app Vegan Leather Wedge Sandals $69.95 $55.00 20% off + extra 10% in the app,Vegan Leather Bucket Tote Bag,,USD,62.0,69.95,Smooth vegan leather bucket tote bag. Adjustable shoulder strap. Snap button closure. Inner pocket. Fully lined. #761396,761396022,https://www.gap.com/browse/product.do?pid=761396022&vid=1&pcid=3046544&cid=3051538,False,53,48,2026-02-22,One Size,761396,
In stock,4.7,,Gap,"er Enhancement), we support people who make our clothes to build the skills, knowledge, confidence, and resilience needed to advance in work and life. Learn more here. #773842 Fabric & care 100% Cotton. Machine wash. Imported. Shipping & returns Customers also viewed High Rise VintageSoft Relaxed Joggers $59.95 $47.00 20% off + extra 10% in the app VintageSoft Crop Logo Hoodie $79.95 Extra 10% off in the app High Rise VintageSoft Relaxed Joggers $59.95 $29.00 50% off + extra 10% in the app Organic Cotton VintageSoft T-Shirt $24.95 $20.00 $13 each when you buy 3+ Modern Crewneck T-Shirt $39.95 $23.00 40% off + extra 10% in the app You may also like Leather Belt $44.95 $35.00 20% off + extra 10% in the app Waxed Canvas Tote Bag $74.95 $44.00 40% off + extra 10% in the app Heart Crew Socks $15.95 $14.00 Extra 10% off in the app Drawcord Hood $39.95 $15.00 60% off + extra 10% in the app Waxed Canvas Tote Bag $74.95 $44.00 40% off + extra 10% in the app Drawcord Hood $39.95 $15.00 60% off + extra 10% in the app Leather Belt $44.95 $35.00 20% off + extra 10% in the app CashSoft Beanie $34.95 $13.00 60% off + extra 10% in the app Leather Belt $69.95 $41.00 40% off + extra 10% in the app CashSoft Beanie $34.95 $13.00 60% off + extra 10% in the app",Men / Shop All Accessories > Men > Shop All Accessories,Golden State Warriors | Chicago Bulls | Boston Celtics | Miami Heat,"Soft cotton canvas tote bag. Shoulder straps. Golden State Warriors graphics. This product was made in a factory that invests in gender equality and women’s empowerment. Through RISE (Reimagining Industry to Support Equality) and Gap Inc.’s program P.A.C.E. (Personal Advancement & Career Enhancement), we support people who make our clothes to build the skills, knowledge, confidence, and resilience needed to advance in work and life. Learn more <a href=""https://www.gapinc.com/en-us/values/sustainability/empowering-women/p-a-c-e-and-rise"" target=""_blank""><u>here</u></a>. #773842",Size Guide,Size Guide,19,https://www.gap.com/webcontent/0059/239/691/cn59239691.jpg,https://www.gap.com/webcontent/0059/239/691/cn59239691.jpg | https://www.gap.com/webcontent/0059/239/373/cn59239373.jpg | https://www.gap.com/webcontent/0059/239/377/cn59239377.jpg | https://www.gap.com/webcontent/0059/151/311/cn59151311.jpg | https://www.gap.com/webcontent/0059/846/495/cn59846495.jpg | https://www.gap.com/webcontent/0061/332/978/cn61332978.jpg | https://www.gap.com/webcontent/0057/796/433/cn57796433.jpg | https://www.gap.com/webcontent/0060/429/395/cn60429395.jpg | https://www.gap.com/webcontent/0059/548/219/cn59548219.jpg | https://www.gap.com/webcontent/0061/456/198/cn61456198.jpg | https://www.gap.com/webcontent/0061/183/497/cn61183497.jpg | https://www.gap.com/webcontent/0060/917/830/cn60917830.jpg | https://www.gap.com/webcontent/0061/456/208/cn61456208.jpg | https://www.gap.com/webcontent/0060/917/842/cn60917842.jpg | https://www.gap.com/webcontent/0057/923/922/cn57923922.jpg | https://www.gap.com/webcontent/0061/153/332/cn61153332.jpg | https://www.gap.com/webcontent/0053/481/459/cn53481459.jpg | https://www.gap.com/webcontent/0061/153/276/cn61153276.jpg | https://cdn.cookielaw.org/logos/e1cf9ab6-fc39-4557-b4ef-4393861dad52/d229a1c3-b8ad-46ad-9bdb-8311fd460a5f/c85f6701-9eae-4a9f-b770-87eee2dae9fc/Logo_color_lockup@3x.png,True,& care 100% Cotton. Machine wash. Imported. Shipping & returns Customers also viewed High Rise VintageSoft Relaxed Joggers $59.95 $47.00 20% off + extra 10% in the app VintageSoft Crop Logo Hoodie $79.95 Extra 10% off in the app High Rise VintageSoft Relaxed Joggers $59.95 $29.00 50% off + extra 10% in the app Organic Cotton VintageSoft T-Shirt $24.95 $20.00 $13 each when you buy 3+ Modern Crewneck T-Shirt $39.95 $23.00 40% off + extra 10% in the app You may also like Leather Belt $44.95 $35.00 20% off + extra 10% in the app Waxed Canvas Tote Bag $74.95 $44.00 40% off + extra 10% in the app Heart Crew Socks $15.95 $14.00 Extra 10% off in the app Drawcord Hood $39.95 $15.00 60% off + extra 10% in the app Waxed Canvas Tote Bag $74.95 $44.00 40% off + extra 10% in the app Drawcord Hood $39.95 $15.00 60% off + extra 10% in the app Leather Belt $44.95 $35.00 20% off + extra 10% in the app CashSoft Beanie $34.95 $13.00 60% off + extra 10% in the app Leather Belt $69.95 $41.00 40% off + extra 10% in the app CashSoft Beanie $34.95 $13.00 60% off + extra 10% in the app,& care 100% Cotton. Machine wash. Imported. Shipping & returns Customers also viewed High Rise VintageSoft Relaxed Joggers $59.95 $47.00 20% off + extra 10% in the app VintageSoft Crop Logo Hoodie $79.95 Extra 10% off in the app High Rise VintageSoft Relaxed Joggers $59.95 $29.00 50% off + extra 10% in the app Organic Cotton VintageSoft T-Shirt $24.95 $20.00 $13 each when you buy 3+ Modern Crewneck T-Shirt $39.95 $23.00 40% off + extra 10% in the app You may also like Leather Belt $44.95 $35.00 20% off + extra 10% in the app Waxed Canvas Tote Bag $74.95 $44.00 40% off + extra 10% in the app Heart Crew Socks $15.95 $14.00 Extra 10% off in the app Drawcord Hood $39.95 $15.00 60% off + extra 10% in the app Waxed Canvas Tote Bag $74.95 $44.00 40% off + extra 10% in the app Drawcord Hood $39.95 $15.00 60% off + extra 10% in the app Leather Belt $44.95 $35.00 20% off + extra 10% in the app CashSoft Beanie $34.95 $13.00 60% off + extra 10% in the app Leather Belt $69.95 $41.00 40% off + extra 10% in the app CashSoft Beanie $34.95 $13.00 60% off + extra 10% in the app,NBA Golden State Warriors Logo Tote Bag,,USD,24.97,58.0,"We teamed up with the NBA to celebrate the league’s 75+ year history. Pairing iconic team logos with Gap classics. Made to celebrate the game, for the people who love it most. Soft cotton canvas tote bag. Shoulder straps. Golden State Warriors graphics. This product was made in a factory that invests in gender equality and women’s empowerment. Through RISE (Reimagining Industry to Support Equality) and Gap Inc.’s program P.A.C.E. (Personal Advancement & Career Enhancement), we support people who make our clothes to build the skills, knowledge, confidence, and resilience needed to advance in work and life. Learn more here. #773842 Fabric & care 100% Cotton. Machine wash. Imported. Shipping & returns Customers also viewed High Rise VintageSoft Relaxed Joggers $59.95 $47.00 20% off + extra 10% in the app VintageSoft Crop Logo Hoodie $79.95 Extra 10% off in the app High Rise VintageSoft Relaxed Joggers $59.95 $29.00 50% off + extra 10% in the app Organic Cotton VintageSoft T-Shirt $24.95 $20.00 $13 each when you buy 3+ Modern Crewneck T-Shirt $39.95 $23.00 40% off + extra 10% in the app You may also like Leather Belt $44.95 $35.00 20% off + extra 10% in the app Waxed Canvas Tote Bag $74.95 $44.00 40% off + extra 10% in the app Heart Crew Socks $15.95 $14.00 Extra 10% off in the app Drawcord Hood $39.95 $15.00 60% off + extra 10% in the app Waxed Canvas Tote Bag $74.95 $44.00 40% off + extra 10% in the app Drawcord Hood $39.95 $15.00 60% off + extra 10% in the app Leather Belt $44.95 $35.00 20% off + extra 10% in the app CashSoft Beanie $34.95 $13.00 60% off + extra 10% in the app Leather Belt $69.95 $41.00 40% off + extra 10% in the app CashSoft Beanie $34.95 $13.00 60% off + extra 10% in the app",773842002,https://www.gap.com/browse/product.do?pid=773842002&vid=1&pcid=3046544&cid=3046544,False,26,22,2026-02-22,One Size,773842,
In stock,5,,Gap,"er Enhancement), we support people who make our clothes to build the skills, knowledge, confidence, and resilience needed to advance in work and life. Learn more here. #773872 Fabric & care 100% Cotton. Machine wash. Imported. Shipping & returns Customers also viewed High Rise VintageSoft Relaxed Joggers $59.95 $47.00 20% off + extra 10% in the app VintageSoft Crop Logo Hoodie $79.95 Extra 10% off in the app High Rise VintageSoft Relaxed Joggers $59.95 $29.00 50% off + extra 10% in the app Organic Cotton VintageSoft T-Shirt $24.95 $20.00 $13 each when you buy 3+ Modern Crewneck T-Shirt $39.95 $23.00 40% off + extra 10% in the app You may also like Heart Crew Socks $15.95 $14.00 Extra 10% off in the app Waxed Canvas Tote Bag $74.95 $44.00 40% off + extra 10% in the app Leather Belt $44.95 $35.00 20% off + extra 10% in the app Waxed Canvas Tote Bag $74.95 $44.00 40% off + extra 10% in the app CashSoft Beanie $34.95 $13.00 60% off + extra 10% in the app Leather Belt $44.95 $35.00 20% off + extra 10% in the app Denim Brannan Bear Baseball Hat $29.95 Extra 10% off in the app Leather Belt $69.95 $41.00 40% off + extra 10% in the app CashSoft Beanie $34.95 $13.00 60% off + extra 10% in the app Drawcord Hood $39.95 $15.00 60% off + extra 10% in the app",Men / Shop All Accessories > Men > Shop All Accessories,Los Angeles Lakers,"Soft cotton canvas tote bag. Shoulder straps. Los Angeles Lakers graphics. This product was made in a factory that invests in gender equality and women’s empowerment. Through RISE (Reimagining Industry to Support Equality) and Gap Inc.’s program P.A.C.E. (Personal Advancement & Career Enhancement), we support people who make our clothes to build the skills, knowledge, confidence, and resilience needed to advance in work and life. Learn more <a href=""https://www.gapinc.com/en-us/values/sustainability/empowering-women/p-a-c-e-and-rise"" target=""_blank""><u>here</u></a>. #773872",Size Guide,Size Guide,19,https://www.gap.com/webcontent/0059/239/756/cn59239756.jpg,https://www.gap.com/webcontent/0059/239/756/cn59239756.jpg | https://www.gap.com/webcontent/0059/239/477/cn59239477.jpg | https://www.gap.com/webcontent/0059/239/502/cn59239502.jpg | https://www.gap.com/webcontent/0059/151/311/cn59151311.jpg | https://www.gap.com/webcontent/0059/846/495/cn59846495.jpg | https://www.gap.com/webcontent/0061/332/978/cn61332978.jpg | https://www.gap.com/webcontent/0057/796/433/cn57796433.jpg | https://www.gap.com/webcontent/0060/429/395/cn60429395.jpg | https://www.gap.com/webcontent/0061/183/497/cn61183497.jpg | https://www.gap.com/webcontent/0061/456/208/cn61456208.jpg | https://www.gap.com/webcontent/0059/548/219/cn59548219.jpg | https://www.gap.com/webcontent/0061/456/198/cn61456198.jpg | https://www.gap.com/webcontent/0061/153/337/cn61153337.jpg | https://www.gap.com/webcontent/0057/923/922/cn57923922.jpg | https://www.gap.com/webcontent/0061/167/560/cn61167560.jpg | https://www.gap.com/webcontent/0053/481/459/cn53481459.jpg | https://www.gap.com/webcontent/0061/153/276/cn61153276.jpg | https://www.gap.com/webcontent/0060/917/722/cn60917722.jpg | https://cdn.cookielaw.org/logos/e1cf9ab6-fc39-4557-b4ef-4393861dad52/d229a1c3-b8ad-46ad-9bdb-8311fd460a5f/c85f6701-9eae-4a9f-b770-87eee2dae9fc/Logo_color_lockup@3x.png,True,& care 100% Cotton. Machine wash. Imported. Shipping & returns Customers also viewed High Rise VintageSoft Relaxed Joggers $59.95 $47.00 20% off + extra 10% in the app VintageSoft Crop Logo Hoodie $79.95 Extra 10% off in the app High Rise VintageSoft Relaxed Joggers $59.95 $29.00 50% off + extra 10% in the app Organic Cotton VintageSoft T-Shirt $24.95 $20.00 $13 each when you buy 3+ Modern Crewneck T-Shirt $39.95 $23.00 40% off + extra 10% in the app You may also like Heart Crew Socks $15.95 $14.00 Extra 10% off in the app Waxed Canvas Tote Bag $74.95 $44.00 40% off + extra 10% in the app Leather Belt $44.95 $35.00 20% off + extra 10% in the app Waxed Canvas Tote Bag $74.95 $44.00 40% off + extra 10% in the app CashSoft Beanie $34.95 $13.00 60% off + extra 10% in the app Leather Belt $44.95 $35.00 20% off + extra 10% in the app Denim Brannan Bear Baseball Hat $29.95 Extra 10% off in the app Leather Belt $69.95 $41.00 40% off + extra 10% in the app CashSoft Beanie $34.95 $13.00 60% off + extra 10% in the app Drawcord Hood $39.95 $15.00 60% off + extra 10% in the app,& care 100% Cotton. Machine wash. Imported. Shipping & returns Customers also viewed High Rise VintageSoft Relaxed Joggers $59.95 $47.00 20% off + extra 10% in the app VintageSoft Crop Logo Hoodie $79.95 Extra 10% off in the app High Rise VintageSoft Relaxed Joggers $59.95 $29.00 50% off + extra 10% in the app Organic Cotton VintageSoft T-Shirt $24.95 $20.00 $13 each when you buy 3+ Modern Crewneck T-Shirt $39.95 $23.00 40% off + extra 10% in the app You may also like Heart Crew Socks $15.95 $14.00 Extra 10% off in the app Waxed Canvas Tote Bag $74.95 $44.00 40% off + extra 10% in the app Leather Belt $44.95 $35.00 20% off + extra 10% in the app Waxed Canvas Tote Bag $74.95 $44.00 40% off + extra 10% in the app CashSoft Beanie $34.95 $13.00 60% off + extra 10% in the app Leather Belt $44.95 $35.00 20% off + extra 10% in the app Denim Brannan Bear Baseball Hat $29.95 Extra 10% off in the app Leather Belt $69.95 $41.00 40% off + extra 10% in the app CashSoft Beanie $34.95 $13.00 60% off + extra 10% in the app Drawcord Hood $39.95 $15.00 60% off + extra 10% in the app,NBA Los Angeles Lakers Logo Tote Bag,,USD,19.97,58.0,"We teamed up with the NBA to celebrate the league’s 75+ year history. Pairing iconic team logos with Gap classics. Made to celebrate the game, for the people who love it most. Soft cotton canvas tote bag. Shoulder straps. Los Angeles Lakers graphics. This product was made in a factory that invests in gender equality and women’s empowerment. Through RISE (Reimagining Industry to Support Equality) and Gap Inc.’s program P.A.C.E. (Personal Advancement & Career Enhancement), we support people who make our clothes to build the skills, knowledge, confidence, and resilience needed to advance in work and life. Learn more here. #773872 Fabric & care 100% Cotton. Machine wash. Imported. Shipping & returns Customers also viewed High Rise VintageSoft Relaxed Joggers $59.95 $47.00 20% off + extra 10% in the app VintageSoft Crop Logo Hoodie $79.95 Extra 10% off in the app High Rise VintageSoft Relaxed Joggers $59.95 $29.00 50% off + extra 10% in the app Organic Cotton VintageSoft T-Shirt $24.95 $20.00 $13 each when you buy 3+ Modern Crewneck T-Shirt $39.95 $23.00 40% off + extra 10% in the app You may also like Heart Crew Socks $15.95 $14.00 Extra 10% off in the app Waxed Canvas Tote Bag $74.95 $44.00 40% off + extra 10% in the app Leather Belt $44.95 $35.00 20% off + extra 10% in the app Waxed Canvas Tote Bag $74.95 $44.00 40% off + extra 10% in the app CashSoft Beanie $34.95 $13.00 60% off + extra 10% in the app Leather Belt $44.95 $35.00 20% off + extra 10% in the app Denim Brannan Bear Baseball Hat $29.95 Extra 10% off in the app Leather Belt $69.95 $41.00 40% off + extra 10% in the app CashSoft Beanie $34.95 $13.00 60% off + extra 10% in the app Drawcord Hood $39.95 $15.00 60% off + extra 10% in the app",773872002,https://www.gap.com/browse/product.do?pid=773872002&vid=1&pcid=3046544&cid=3046544,False,10,6,2026-02-22,One Size,773872,
In stock,4.7,,Gap,"er Enhancement), we support people who make our clothes to build the skills, knowledge, confidence, and resilience needed to advance in work and life. Learn more here. #773847 Fabric & care 100% Cotton. Machine wash. Imported. Shipping & returns Customers also viewed High Rise VintageSoft Relaxed Joggers $59.95 $47.00 20% off + extra 10% in the app VintageSoft Crop Logo Hoodie $79.95 Extra 10% off in the app High Rise VintageSoft Relaxed Joggers $59.95 $29.00 50% off + extra 10% in the app Organic Cotton VintageSoft T-Shirt $24.95 $20.00 $13 each when you buy 3+ Modern Crewneck T-Shirt $39.95 $23.00 40% off + extra 10% in the app You may also like Leather Belt $44.95 $35.00 20% off + extra 10% in the app Waxed Canvas Tote Bag $74.95 $44.00 40% off + extra 10% in the app Heart Crew Socks $15.95 $14.00 Extra 10% off in the app Drawcord Hood $39.95 $15.00 60% off + extra 10% in the app NAP Logo Crew Socks $15.95 Extra 10% off in the app Leather Belt $44.95 $35.00 20% off + extra 10% in the app Leather Belt $69.95 $41.00 40% off + extra 10% in the app Drawcord Hood $39.95 $15.00 60% off + extra 10% in the app CashSoft Beanie $34.95 $13.00 60% off + extra 10% in the app Leather Belt $44.95 $40.00 Extra 10% off in the app",Men / Shop All Accessories > Men > Shop All Accessories,Golden State Warriors | Chicago Bulls | Boston Celtics | Miami Heat,"Soft cotton canvas tote bag. Shoulder straps. Boston Celtics graphics. This product was made in a factory that invests in gender equality and women’s empowerment. Through RISE (Reimagining Industry to Support Equality) and Gap Inc.’s program P.A.C.E. (Personal Advancement & Career Enhancement), we support people who make our clothes to build the skills, knowledge, confidence, and resilience needed to advance in work and life. Learn more <a href=""https://www.gapinc.com/en-us/values/sustainability/empowering-women/p-a-c-e-and-rise"" target=""_blank""><u>here</u></a>. #773847",Size Guide,Size Guide,19,https://www.gap.com/webcontent/0059/239/699/cn59239699.jpg,https://www.gap.com/webcontent/0059/239/699/cn59239699.jpg | https://www.gap.com/webcontent/0059/239/382/cn59239382.jpg | https://www.gap.com/webcontent/0059/239/396/cn59239396.jpg | https://www.gap.com/webcontent/0059/151/311/cn59151311.jpg | https://www.gap.com/webcontent/0059/846/495/cn59846495.jpg | https://www.gap.com/webcontent/0061/332/978/cn61332978.jpg | https://www.gap.com/webcontent/0057/796/433/cn57796433.jpg | https://www.gap.com/webcontent/0060/429/395/cn60429395.jpg | https://www.gap.com/webcontent/0059/548/219/cn59548219.jpg | https://www.gap.com/webcontent/0061/456/198/cn61456198.jpg | https://www.gap.com/webcontent/0061/183/497/cn61183497.jpg | https://www.gap.com/webcontent/0060/917/830/cn60917830.jpg | https://www.gap.com/webcontent/0060/744/301/cn60744301.jpg | https://www.gap.com/webcontent/0057/923/922/cn57923922.jpg | https://www.gap.com/webcontent/0053/481/459/cn53481459.jpg | https://www.gap.com/webcontent/0060/917/722/cn60917722.jpg | https://www.gap.com/webcontent/0061/153/276/cn61153276.jpg | https://www.gap.com/webcontent/0057/923/937/cn57923937.jpg | https://cdn.cookielaw.org/logos/e1cf9ab6-fc39-4557-b4ef-4393861dad52/d229a1c3-b8ad-46ad-9bdb-8311fd460a5f/c85f6701-9eae-4a9f-b770-87eee2dae9fc/Logo_color_lockup@3x.png,True,& care 100% Cotton. Machine wash. Imported. Shipping & returns Customers also viewed High Rise VintageSoft Relaxed Joggers $59.95 $47.00 20% off + extra 10% in the app VintageSoft Crop Logo Hoodie $79.95 Extra 10% off in the app High Rise VintageSoft Relaxed Joggers $59.95 $29.00 50% off + extra 10% in the app Organic Cotton VintageSoft T-Shirt $24.95 $20.00 $13 each when you buy 3+ Modern Crewneck T-Shirt $39.95 $23.00 40% off + extra 10% in the app You may also like Leather Belt $44.95 $35.00 20% off + extra 10% in the app Waxed Canvas Tote Bag $74.95 $44.00 40% off + extra 10% in the app Heart Crew Socks $15.95 $14.00 Extra 10% off in the app Drawcord Hood $39.95 $15.00 60% off + extra 10% in the app NAP Logo Crew Socks $15.95 Extra 10% off in the app Leather Belt $44.95 $35.00 20% off + extra 10% in the app Leather Belt $69.95 $41.00 40% off + extra 10% in the app Drawcord Hood $39.95 $15.00 60% off + extra 10% in the app CashSoft Beanie $34.95 $13.00 60% off + extra 10% in the app Leather Belt $44.95 $40.00 Extra 10% off in the app,& care 100% Cotton. Machine wash. Imported. Shipping & returns Customers also viewed High Rise VintageSoft Relaxed Joggers $59.95 $47.00 20% off + extra 10% in the app VintageSoft Crop Logo Hoodie $79.95 Extra 10% off in the app High Rise VintageSoft Relaxed Joggers $59.95 $29.00 50% off + extra 10% in the app Organic Cotton VintageSoft T-Shirt $24.95 $20.00 $13 each when you buy 3+ Modern Crewneck T-Shirt $39.95 $23.00 40% off + extra 10% in the app You may also like Leather Belt $44.95 $35.00 20% off + extra 10% in the app Waxed Canvas Tote Bag $74.95 $44.00 40% off + extra 10% in the app Heart Crew Socks $15.95 $14.00 Extra 10% off in the app Drawcord Hood $39.95 $15.00 60% off + extra 10% in the app NAP Logo Crew Socks $15.95 Extra 10% off in the app Leather Belt $44.95 $35.00 20% off + extra 10% in the app Leather Belt $69.95 $41.00 40% off + extra 10% in the app Drawcord Hood $39.95 $15.00 60% off + extra 10% in the app CashSoft Beanie $34.95 $13.00 60% off + extra 10% in the app Leather Belt $44.95 $40.00 Extra 10% off in the app,NBA Boston Celtics Logo Tote Bag,,USD,19.97,58.0,"We teamed up with the NBA to celebrate the league’s 75+ year history. Pairing iconic team logos with Gap classics. Made to celebrate the game, for the people who love it most. Soft cotton canvas tote bag. Shoulder straps. Boston Celtics graphics. This product was made in a factory that invests in gender equality and women’s empowerment. Through RISE (Reimagining Industry to Support Equality) and Gap Inc.’s program P.A.C.E. (Personal Advancement & Career Enhancement), we support people who make our clothes to build the skills, knowledge, confidence, and resilience needed to advance in work and life. Learn more here. #773847 Fabric & care 100% Cotton. Machine wash. Imported. Shipping & returns Customers also viewed High Rise VintageSoft Relaxed Joggers $59.95 $47.00 20% off + extra 10% in the app VintageSoft Crop Logo Hoodie $79.95 Extra 10% off in the app High Rise VintageSoft Relaxed Joggers $59.95 $29.00 50% off + extra 10% in the app Organic Cotton VintageSoft T-Shirt $24.95 $20.00 $13 each when you buy 3+ Modern Crewneck T-Shirt $39.95 $23.00 40% off + extra 10% in the app You may also like Leather Belt $44.95 $35.00 20% off + extra 10% in the app Waxed Canvas Tote Bag $74.95 $44.00 40% off + extra 10% in the app Heart Crew Socks $15.95 $14.00 Extra 10% off in the app Drawcord Hood $39.95 $15.00 60% off + extra 10% in the app NAP Logo Crew Socks $15.95 Extra 10% off in the app Leather Belt $44.95 $35.00 20% off + extra 10% in the app Leather Belt $69.95 $41.00 40% off + extra 10% in the app Drawcord Hood $39.95 $15.00 60% off + extra 10% in the app CashSoft Beanie $34.95 $13.00 60% off + extra 10% in the app Leather Belt $44.95 $40.00 Extra 10% off in the app",773847002,https://www.gap.com/browse/product.do?pid=773847002&vid=1&pcid=3046544&cid=3046544,False,26,22,2026-02-22,One Size,773847,
In stock,4.7,,Gap,"er Enhancement), we support people who make our clothes to build the skills, knowledge, confidence, and resilience needed to advance in work and life. Learn more here. #773841 Fabric & care 100% Cotton. Machine wash. Imported. Shipping & returns Customers also viewed High Rise VintageSoft Relaxed Joggers $59.95 $47.00 20% off + extra 10% in the app VintageSoft Crop Logo Hoodie $79.95 Extra 10% off in the app High Rise VintageSoft Relaxed Joggers $59.95 $29.00 50% off + extra 10% in the app Organic Cotton VintageSoft T-Shirt $24.95 $20.00 $13 each when you buy 3+ Modern Crewneck T-Shirt $39.95 $23.00 40% off + extra 10% in the app You may also like Heart Crew Socks $15.95 $14.00 Extra 10% off in the app Leather Belt $44.95 $35.00 20% off + extra 10% in the app Sherpa Oversized Half-Zip Pullover $89.95 $44.00 50% off + extra 10% in the app Waxed Canvas Tote Bag $74.95 $44.00 40% off + extra 10% in the app Brannan Bear Beanie $39.95 $15.00 60% off + extra 10% in the app Leather Belt $44.95 $35.00 20% off + extra 10% in the app Drawcord Hood $39.95 $15.00 60% off + extra 10% in the app CashSoft Beanie $34.95 $13.00 60% off + extra 10% in the app Leather Belt $69.95 $41.00 40% off + extra 10% in the app De La Soul Relaxed Graphic T-Shirt $39.95 $23.00 40% off + extra 10% in the app",Men / Shop All Accessories > Men > Shop All Accessories,Golden State Warriors | Chicago Bulls | Boston Celtics | Miami Heat,"Soft cotton canvas tote bag. Shoulder straps. Miami Heat graphics. This product was made in a factory that invests in gender equality and women’s empowerment. Through RISE (Reimagining Industry to Support Equality) and Gap Inc.’s program P.A.C.E. (Personal Advancement & Career Enhancement), we support people who make our clothes to build the skills, knowledge, confidence, and resilience needed to advance in work and life. Learn more <a href=""https://www.gapinc.com/en-us/values/sustainability/empowering-women/p-a-c-e-and-rise"" target=""_blank""><u>here</u></a>. #773841",Size Guide,Size Guide,19,https://www.gap.com/webcontent/0059/239/682/cn59239682.jpg,https://www.gap.com/webcontent/0059/239/682/cn59239682.jpg | https://www.gap.com/webcontent/0059/239/356/cn59239356.jpg | https://www.gap.com/webcontent/0059/239/368/cn59239368.jpg | https://www.gap.com/webcontent/0059/151/311/cn59151311.jpg | https://www.gap.com/webcontent/0059/846/495/cn59846495.jpg | https://www.gap.com/webcontent/0061/332/978/cn61332978.jpg | https://www.gap.com/webcontent/0057/796/433/cn57796433.jpg | https://www.gap.com/webcontent/0060/429/395/cn60429395.jpg | https://www.gap.com/webcontent/0061/183/497/cn61183497.jpg | https://www.gap.com/webcontent/0059/548/219/cn59548219.jpg | https://www.gap.com/webcontent/0061/438/821/cn61438821.jpg | https://www.gap.com/webcontent/0061/456/208/cn61456208.jpg | https://www.gap.com/webcontent/0060/535/667/cn60535667.jpg | https://www.gap.com/webcontent/0057/923/922/cn57923922.jpg | https://www.gap.com/webcontent/0060/917/842/cn60917842.jpg | https://www.gap.com/webcontent/0061/153/276/cn61153276.jpg | https://www.gap.com/webcontent/0053/481/459/cn53481459.jpg | https://www.gap.com/webcontent/0061/262/191/cn61262191.jpg | https://cdn.cookielaw.org/logos/e1cf9ab6-fc39-4557-b4ef-4393861dad52/d229a1c3-b8ad-46ad-9bdb-8311fd460a5f/c85f6701-9eae-4a9f-b770-87eee2dae9fc/Logo_color_lockup@3x.png,True,& care 100% Cotton. Machine wash. Imported. Shipping & returns Customers also viewed High Rise VintageSoft Relaxed Joggers $59.95 $47.00 20% off + extra 10% in the app VintageSoft Crop Logo Hoodie $79.95 Extra 10% off in the app High Rise VintageSoft Relaxed Joggers $59.95 $29.00 50% off + extra 10% in the app Organic Cotton VintageSoft T-Shirt $24.95 $20.00 $13 each when you buy 3+ Modern Crewneck T-Shirt $39.95 $23.00 40% off + extra 10% in the app You may also like Heart Crew Socks $15.95 $14.00 Extra 10% off in the app Leather Belt $44.95 $35.00 20% off + extra 10% in the app Sherpa Oversized Half-Zip Pullover $89.95 $44.00 50% off + extra 10% in the app Waxed Canvas Tote Bag $74.95 $44.00 40% off + extra 10% in the app Brannan Bear Beanie $39.95 $15.00 60% off + extra 10% in the app Leather Belt $44.95 $35.00 20% off + extra 10% in the app Drawcord Hood $39.95 $15.00 60% off + extra 10% in the app CashSoft Beanie $34.95 $13.00 60% off + extra 10% in the app Leather Belt $69.95 $41.00 40% off + extra 10% in the app De La Soul Relaxed Graphic T-Shirt $39.95 $23.00 40% off + extra 10% in the app,& care 100% Cotton. Machine wash. Imported. Shipping & returns Customers also viewed High Rise VintageSoft Relaxed Joggers $59.95 $47.00 20% off + extra 10% in the app VintageSoft Crop Logo Hoodie $79.95 Extra 10% off in the app High Rise VintageSoft Relaxed Joggers $59.95 $29.00 50% off + extra 10% in the app Organic Cotton VintageSoft T-Shirt $24.95 $20.00 $13 each when you buy 3+ Modern Crewneck T-Shirt $39.95 $23.00 40% off + extra 10% in the app You may also like Heart Crew Socks $15.95 $14.00 Extra 10% off in the app Leather Belt $44.95 $35.00 20% off + extra 10% in the app Sherpa Oversized Half-Zip Pullover $89.95 $44.00 50% off + extra 10% in the app Waxed Canvas Tote Bag $74.95 $44.00 40% off + extra 10% in the app Brannan Bear Beanie $39.95 $15.00 60% off + extra 10% in the app Leather Belt $44.95 $35.00 20% off + extra 10% in the app Drawcord Hood $39.95 $15.00 60% off + extra 10% in the app CashSoft Beanie $34.95 $13.00 60% off + extra 10% in the app Leather Belt $69.95 $41.00 40% off + extra 10% in the app De La Soul Relaxed Graphic T-Shirt $39.95 $23.00 40% off + extra 10% in the app,NBA Miami Heat Logo Tote Bag,,USD,16.97,58.0,"We teamed up with the NBA to celebrate the league’s 75+ year history. Pairing iconic team logos with Gap classics. Made to celebrate the game, for the people who love it most. Soft cotton canvas tote bag. Shoulder straps. Miami Heat graphics. This product was made in a factory that invests in gender equality and women’s empowerment. Through RISE (Reimagining Industry to Support Equality) and Gap Inc.’s program P.A.C.E. (Personal Advancement & Career Enhancement), we support people who make our clothes to build the skills, knowledge, confidence, and resilience needed to advance in work and life. Learn more here. #773841 Fabric & care 100% Cotton. Machine wash. Imported. Shipping & returns Customers also viewed High Rise VintageSoft Relaxed Joggers $59.95 $47.00 20% off + extra 10% in the app VintageSoft Crop Logo Hoodie $79.95 Extra 10% off in the app High Rise VintageSoft Relaxed Joggers $59.95 $29.00 50% off + extra 10% in the app Organic Cotton VintageSoft T-Shirt $24.95 $20.00 $13 each when you buy 3+ Modern Crewneck T-Shirt $39.95 $23.00 40% off + extra 10% in the app You may also like Heart Crew Socks $15.95 $14.00 Extra 10% off in the app Leather Belt $44.95 $35.00 20% off + extra 10% in the app Sherpa Oversized Half-Zip Pullover $89.95 $44.00 50% off + extra 10% in the app Waxed Canvas Tote Bag $74.95 $44.00 40% off + extra 10% in the app Brannan Bear Beanie $39.95 $15.00 60% off + extra 10% in the app Leather Belt $44.95 $35.00 20% off + extra 10% in the app Drawcord Hood $39.95 $15.00 60% off + extra 10% in the app CashSoft Beanie $34.95 $13.00 60% off + extra 10% in the app Leather Belt $69.95 $41.00 40% off + extra 10% in the app De La Soul Relaxed Graphic T-Shirt $39.95 $23.00 40% off + extra 10% in the app",773841002,https://www.gap.com/browse/product.do?pid=773841002&vid=1&pcid=3046544&cid=3046544,False,26,22,2026-02-22,One Size,773841,
Only a few left!,4.5,,Gap,100% Polyester. Wipe clean. Imported. Shipping & returns Customers also viewed High Rise VintageSoft Relaxed Joggers $59.95 $47.00 20% off + extra 10% in the app VintageSoft Crop Logo Hoodie $79.95 Extra 10% off in the app High Rise VintageSoft Relaxed Joggers $59.95 $29.00 50% off + extra 10% in the app Organic Cotton VintageSoft T-Shirt $24.95 $20.00 $13 each when you buy 3+ Modern Crewneck T-Shirt $39.95 $23.00 40% off + extra 10% in the app You may also like Classic T-Shirt $19.95 $15.00 20% off + extra 10% in the app Modern Crewneck T-Shirt $24.95 $9.00 60% off + extra 10% in the app Adult VintageSoft Relaxed Hoodie $59.95 $41.00 30% off + extra 10% in the app VintageSoft Raglan Sweatshirt $59.95 $29.00 50% off + extra 10% in the app CashSoft Boot Sweater Pants $69.95 $41.00 40% off + extra 10% in the app CashSoft Boot Sweater Pants $69.95 $41.00 40% off + extra 10% in the app Modern Tank Top $19.95 $11.00 40% off + extra 10% in the app Organic Cotton VintageSoft T-Shirt $24.95 $20.00 $13 each when you buy 3+ Modern Crewneck T-Shirt $39.95 $23.00 40% off + extra 10% in the app Easy Wide-Leg Pants $89.95 Extra 10% off in the app,Girls / Shop All Accessories > Girls > Shop All Accessories,Brannan brown | Beach pebble white | Brazen brown | True black,Soft sherpa bear bag with shoulder strap. Zipper at top. #774993,Size Guide,Size Guide,17,https://www.gap.com/webcontent/0054/085/051/cn54085051.jpg,https://www.gap.com/webcontent/0054/085/051/cn54085051.jpg | https://www.gap.com/webcontent/0059/151/311/cn59151311.jpg | https://www.gap.com/webcontent/0059/846/495/cn59846495.jpg | https://www.gap.com/webcontent/0061/332/978/cn61332978.jpg | https://www.gap.com/webcontent/0057/796/433/cn57796433.jpg | https://www.gap.com/webcontent/0060/429/395/cn60429395.jpg | https://www.gap.com/webcontent/0020/344/728/cn20344728.jpg | https://www.gap.com/webcontent/0057/721/231/cn57721231.jpg | https://www.gap.com/webcontent/0060/843/961/cn60843961.jpg | https://www.gap.com/webcontent/0061/438/194/cn61438194.jpg | https://www.gap.com/webcontent/0060/742/027/cn60742027.jpg | https://www.gap.com/webcontent/0061/062/918/cn61062918.jpg | https://www.gap.com/webcontent/0060/771/616/cn60771616.jpg | https://www.gap.com/webcontent/0056/248/003/cn56248003.jpg | https://www.gap.com/webcontent/0060/413/547/cn60413547.jpg | https://www.gap.com/webcontent/0059/942/135/cn59942135.jpg | https://cdn.cookielaw.org/logos/e1cf9ab6-fc39-4557-b4ef-4393861dad52/d229a1c3-b8ad-46ad-9bdb-8311fd460a5f/c85f6701-9eae-4a9f-b770-87eee2dae9fc/Logo_color_lockup@3x.png,True,& care 100% Polyester. Wipe clean. Imported. Shipping & returns Customers also viewed High Rise VintageSoft Relaxed Joggers $59.95 $47.00 20% off + extra 10% in the app VintageSoft Crop Logo Hoodie $79.95 Extra 10% off in the app High Rise VintageSoft Relaxed Joggers $59.95 $29.00 50% off + extra 10% in the app Organic Cotton VintageSoft T-Shirt $24.95 $20.00 $13 each when you buy 3+ Modern Crewneck T-Shirt $39.95 $23.00 40% off + extra 10% in the app You may also like Classic T-Shirt $19.95 $15.00 20% off + extra 10% in the app Modern Crewneck T-Shirt $24.95 $9.00 60% off + extra 10% in the app Adult VintageSoft Relaxed Hoodie $59.95 $41.00 30% off + extra 10% in the app VintageSoft Raglan Sweatshirt $59.95 $29.00 50% off + extra 10% in the app CashSoft Boot Sweater Pants $69.95 $41.00 40% off + extra 10% in the app CashSoft Boot Sweater Pants $69.95 $41.00 40% off + extra 10% in the app Modern Tank Top $19.95 $11.00 40% off + extra 10% in the app Organic Cotton VintageSoft T-Shirt $24.95 $20.00 $13 each when you buy 3+ Modern Crewneck T-Shirt $39.95 $23.00 40% off + extra 10% in the app Easy Wide-Leg Pants $89.95 Extra 10% off in the app,& care 100% Polyester. Wipe clean. Imported. Shipping & returns Customers also viewed High Rise VintageSoft Relaxed Joggers $59.95 $47.00 20% off + extra 10% in the app VintageSoft Crop Logo Hoodie $79.95 Extra 10% off in the app High Rise VintageSoft Relaxed Joggers $59.95 $29.00 50% off + extra 10% in the app Organic Cotton VintageSoft T-Shirt $24.95 $20.00 $13 each when you buy 3+ Modern Crewneck T-Shirt $39.95 $23.00 40% off + extra 10% in the app You may also like Classic T-Shirt $19.95 $15.00 20% off + extra 10% in the app Modern Crewneck T-Shirt $24.95 $9.00 60% off + extra 10% in the app Adult VintageSoft Relaxed Hoodie $59.95 $41.00 30% off + extra 10% in the app VintageSoft Raglan Sweatshirt $59.95 $29.00 50% off + extra 10% in the app CashSoft Boot Sweater Pants $69.95 $41.00 40% off + extra 10% in the app CashSoft Boot Sweater Pants $69.95 $41.00 40% off + extra 10% in the app Modern Tank Top $19.95 $11.00 40% off + extra 10% in the app Organic Cotton VintageSoft T-Shirt $24.95 $20.00 $13 each when you buy 3+ Modern Crewneck T-Shirt $39.95 $23.00 40% off + extra 10% in the app Easy Wide-Leg Pants $89.95 Extra 10% off in the app,Kids Sherpa Bear Bag,,USD,24.97,34.95,Soft sherpa bear bag with shoulder strap. Zipper at top. #774993,774993032,https://www.gap.com/browse/product.do?pid=774993032&vid=1&pcid=3046567&cid=3046567,False,102,88,2026-02-22,One Size,774993,
In stock,4.2,,Gap,Polyester 100% Spot clean. Imported. Shipping & returns Customers also viewed Vegan Suede Bucket Bag $74.95 $59.00 20% off + extra 10% in the app Vegan Suede Slouchy Tote Bag $69.95 $27.00 60% off + extra 10% in the app Vegan Suede Bucket Bag $74.95 $67.00 Extra 10% off in the app Vegan Leather Bucket Tote Bag $69.95 $62.00 Extra 10% off in the app Vegan Suede Bucket Bag $74.95 $44.00 40% off + extra 10% in the app You may also like Vegan Suede Bucket Bag $74.95 $37.00 50% off + extra 10% in the app Gap Denim Logo Tote Bag $54.95 $27.00 50% off + extra 10% in the app Logo Tote Keychain Charm $19.95 $15.00 20% off + extra 10% in the app Gap Logo Tote Bag $49.95 Extra 10% off in the app CloseKnit Jersey Mockneck T-Shirt $34.95 $13.00 60% off + extra 10% in the app Vegan Leather Riding Boots $110.00 $44.00 60% off + extra 10% in the app Denim Tote Bag $59.95 $47.00 20% off + extra 10% in the app Vegan Leather Lug Sole Tall Boots $118.00 $47.00 60% off + extra 10% in the app Vegan Leather Bucket Tote Bag $69.95 $55.00 20% off + extra 10% in the app Brannan Bear Hoodie Keychain Charm $19.95 $17.00 Extra 10% off in the app,"Women / Bags, Scarves & More > Women > Bags, Scarves & More",Chocolate cake brown | Black | Honey brown,Soft vegan suede barrel bag. Zipper at top. Shoulder strap. #789158,Size Guide,Size Guide,19,https://www.gap.com/webcontent/0059/698/746/cn59698746.jpg,"https://www.gap.com/webcontent/0059/698/746/cn59698746.jpg | https://www.gap.com/webcontent/0060/553/697/cn60553697.jpg | https://www.gap.com/webcontent/0059/698/590/cn59698590.jpg | https://www.gap.com/webcontent/0060/362/381/cn60362381.jpg | https://www.gap.com/webcontent/0060/652/889/cn60652889.jpg | https://www.gap.com/webcontent/0059/496/331/cn59496331.jpg | https://www.gap.com/webcontent/0061/184/787/cn61184787.jpg | https://www.gap.com/webcontent/0059/698/588/cn59698588.jpg | https://www.gap.com/webcontent/0057/525/117/cn57525117.jpg | https://www.gap.com/webcontent/0061/518/416/cn61518416.jpg | https://www.gap.com/webcontent/0061/121/188/cn61121188.jpg | https://www.gap.com/webcontent/0060/533/168/cn60533168.jpg | https://www.gap.com/webcontent/0060/427/529/cn60427529.jpg | https://www.gap.com/webcontent/0060/784/370/cn60784370.jpg | https://www.gap.com/webcontent/0060/427/510/cn60427510.jpg | https://www.gap.com/webcontent/0060/809/402/cn60809402.jpg | https://www.gap.com/webcontent/0060/625/989/cn60625989.jpg | https://media.powerreviews.com/image/upload/c_thumb,d_portal-no-product-image_ttlfpi.svg,h_150,q_auto,w_150/d_portal-no-product-image_ttlfpi.svg/prod/d6eogq45giyjcukomb4g.webp | https://cdn.cookielaw.org/logos/e1cf9ab6-fc39-4557-b4ef-4393861dad52/d229a1c3-b8ad-46ad-9bdb-8311fd460a5f/c85f6701-9eae-4a9f-b770-87eee2dae9fc/Logo_color_lockup@3x.png",True,& care Polyester 100% Spot clean. Imported. Shipping & returns Customers also viewed Vegan Suede Bucket Bag $74.95 $59.00 20% off + extra 10% in the app Vegan Suede Slouchy Tote Bag $69.95 $27.00 60% off + extra 10% in the app Vegan Suede Bucket Bag $74.95 $67.00 Extra 10% off in the app Vegan Leather Bucket Tote Bag $69.95 $62.00 Extra 10% off in the app Vegan Suede Bucket Bag $74.95 $44.00 40% off + extra 10% in the app You may also like Vegan Suede Bucket Bag $74.95 $37.00 50% off + extra 10% in the app Gap Denim Logo Tote Bag $54.95 $27.00 50% off + extra 10% in the app Logo Tote Keychain Charm $19.95 $15.00 20% off + extra 10% in the app Gap Logo Tote Bag $49.95 Extra 10% off in the app CloseKnit Jersey Mockneck T-Shirt $34.95 $13.00 60% off + extra 10% in the app Vegan Leather Riding Boots $110.00 $44.00 60% off + extra 10% in the app Denim Tote Bag $59.95 $47.00 20% off + extra 10% in the app Vegan Leather Lug Sole Tall Boots $118.00 $47.00 60% off + extra 10% in the app Vegan Leather Bucket Tote Bag $69.95 $55.00 20% off + extra 10% in the app Brannan Bear Hoodie Keychain Charm $19.95 $17.00 Extra 10% off in the app,& care Polyester 100% Spot clean. Imported. Shipping & returns Customers also viewed Vegan Suede Bucket Bag $74.95 $59.00 20% off + extra 10% in the app Vegan Suede Slouchy Tote Bag $69.95 $27.00 60% off + extra 10% in the app Vegan Suede Bucket Bag $74.95 $67.00 Extra 10% off in the app Vegan Leather Bucket Tote Bag $69.95 $62.00 Extra 10% off in the app Vegan Suede Bucket Bag $74.95 $44.00 40% off + extra 10% in the app You may also like Vegan Suede Bucket Bag $74.95 $37.00 50% off + extra 10% in the app Gap Denim Logo Tote Bag $54.95 $27.00 50% off + extra 10% in the app Logo Tote Keychain Charm $19.95 $15.00 20% off + extra 10% in the app Gap Logo Tote Bag $49.95 Extra 10% off in the app CloseKnit Jersey Mockneck T-Shirt $34.95 $13.00 60% off + extra 10% in the app Vegan Leather Riding Boots $110.00 $44.00 60% off + extra 10% in the app Denim Tote Bag $59.95 $47.00 20% off + extra 10% in the app Vegan Leather Lug Sole Tall Boots $118.00 $47.00 60% off + extra 10% in the app Vegan Leather Bucket Tote Bag $69.95 $55.00 20% off + extra 10% in the app Brannan Bear Hoodie Keychain Charm $19.95 $17.00 Extra 10% off in the app,Vegan Suede Barrel Bag,,USD,19.0,49.95,Soft vegan suede barrel bag. Zipper at top. Shoulder strap. #789158,789158002,https://www.gap.com/browse/product.do?pid=789158002&vid=1&pcid=3046544&cid=3046544,False,22,18,2026-02-22,One Size,789158,
In stock,4.5,,Gap,100% Polyester. Wipe clean. Imported. Shipping & returns Customers also viewed High Rise VintageSoft Relaxed Joggers $59.95 $47.00 20% off + extra 10% in the app VintageSoft Crop Logo Hoodie $79.95 Extra 10% off in the app High Rise VintageSoft Relaxed Joggers $59.95 $29.00 50% off + extra 10% in the app Organic Cotton VintageSoft T-Shirt $24.95 $20.00 $13 each when you buy 3+ Modern Crewneck T-Shirt $39.95 $23.00 40% off + extra 10% in the app You may also like Classic T-Shirt $19.95 $15.00 20% off + extra 10% in the app Modern Crewneck T-Shirt $24.95 $9.00 60% off + extra 10% in the app Adult VintageSoft Relaxed Hoodie $59.95 $41.00 30% off + extra 10% in the app VintageSoft Raglan Sweatshirt $59.95 $29.00 50% off + extra 10% in the app CashSoft Boot Sweater Pants $69.95 $41.00 40% off + extra 10% in the app CashSoft Boot Sweater Pants $69.95 $41.00 40% off + extra 10% in the app Modern Tank Top $19.95 $11.00 40% off + extra 10% in the app Organic Cotton VintageSoft T-Shirt $24.95 $20.00 $13 each when you buy 3+ Modern Crewneck T-Shirt $39.95 $23.00 40% off + extra 10% in the app Easy Wide-Leg Pants $89.95 Extra 10% off in the app,Girls / Shop All Accessories > Girls > Shop All Accessories,Brannan brown | Beach pebble white | Brazen brown | True black,Soft sherpa bear bag with shoulder strap. Zipper at top. #774993,Size Guide,Size Guide,17,https://www.gap.com/webcontent/0053/752/022/cn53752022.jpg,https://www.gap.com/webcontent/0053/752/022/cn53752022.jpg | https://www.gap.com/webcontent/0059/151/311/cn59151311.jpg | https://www.gap.com/webcontent/0059/846/495/cn59846495.jpg | https://www.gap.com/webcontent/0061/332/978/cn61332978.jpg | https://www.gap.com/webcontent/0057/796/433/cn57796433.jpg | https://www.gap.com/webcontent/0060/429/395/cn60429395.jpg | https://www.gap.com/webcontent/0020/344/728/cn20344728.jpg | https://www.gap.com/webcontent/0057/721/231/cn57721231.jpg | https://www.gap.com/webcontent/0060/843/961/cn60843961.jpg | https://www.gap.com/webcontent/0061/438/194/cn61438194.jpg | https://www.gap.com/webcontent/0060/742/027/cn60742027.jpg | https://www.gap.com/webcontent/0061/062/918/cn61062918.jpg | https://www.gap.com/webcontent/0060/771/616/cn60771616.jpg | https://www.gap.com/webcontent/0056/248/003/cn56248003.jpg | https://www.gap.com/webcontent/0060/413/547/cn60413547.jpg | https://www.gap.com/webcontent/0059/942/135/cn59942135.jpg | https://cdn.cookielaw.org/logos/e1cf9ab6-fc39-4557-b4ef-4393861dad52/d229a1c3-b8ad-46ad-9bdb-8311fd460a5f/c85f6701-9eae-4a9f-b770-87eee2dae9fc/Logo_color_lockup@3x.png,True,& care 100% Polyester. Wipe clean. Imported. Shipping & returns Customers also viewed High Rise VintageSoft Relaxed Joggers $59.95 $47.00 20% off + extra 10% in the app VintageSoft Crop Logo Hoodie $79.95 Extra 10% off in the app High Rise VintageSoft Relaxed Joggers $59.95 $29.00 50% off + extra 10% in the app Organic Cotton VintageSoft T-Shirt $24.95 $20.00 $13 each when you buy 3+ Modern Crewneck T-Shirt $39.95 $23.00 40% off + extra 10% in the app You may also like Classic T-Shirt $19.95 $15.00 20% off + extra 10% in the app Modern Crewneck T-Shirt $24.95 $9.00 60% off + extra 10% in the app Adult VintageSoft Relaxed Hoodie $59.95 $41.00 30% off + extra 10% in the app VintageSoft Raglan Sweatshirt $59.95 $29.00 50% off + extra 10% in the app CashSoft Boot Sweater Pants $69.95 $41.00 40% off + extra 10% in the app CashSoft Boot Sweater Pants $69.95 $41.00 40% off + extra 10% in the app Modern Tank Top $19.95 $11.00 40% off + extra 10% in the app Organic Cotton VintageSoft T-Shirt $24.95 $20.00 $13 each when you buy 3+ Modern Crewneck T-Shirt $39.95 $23.00 40% off + extra 10% in the app Easy Wide-Leg Pants $89.95 Extra 10% off in the app,& care 100% Polyester. Wipe clean. Imported. Shipping & returns Customers also viewed High Rise VintageSoft Relaxed Joggers $59.95 $47.00 20% off + extra 10% in the app VintageSoft Crop Logo Hoodie $79.95 Extra 10% off in the app High Rise VintageSoft Relaxed Joggers $59.95 $29.00 50% off + extra 10% in the app Organic Cotton VintageSoft T-Shirt $24.95 $20.00 $13 each when you buy 3+ Modern Crewneck T-Shirt $39.95 $23.00 40% off + extra 10% in the app You may also like Classic T-Shirt $19.95 $15.00 20% off + extra 10% in the app Modern Crewneck T-Shirt $24.95 $9.00 60% off + extra 10% in the app Adult VintageSoft Relaxed Hoodie $59.95 $41.00 30% off + extra 10% in the app VintageSoft Raglan Sweatshirt $59.95 $29.00 50% off + extra 10% in the app CashSoft Boot Sweater Pants $69.95 $41.00 40% off + extra 10% in the app CashSoft Boot Sweater Pants $69.95 $41.00 40% off + extra 10% in the app Modern Tank Top $19.95 $11.00 40% off + extra 10% in the app Organic Cotton VintageSoft T-Shirt $24.95 $20.00 $13 each when you buy 3+ Modern Crewneck T-Shirt $39.95 $23.00 40% off + extra 10% in the app Easy Wide-Leg Pants $89.95 Extra 10% off in the app,Kids Sherpa Bear Bag,,USD,24.97,34.95,Soft sherpa bear bag with shoulder strap. Zipper at top. #774993,774993002,https://www.gap.com/browse/product.do?pid=774993002&vid=1&pcid=3046567&cid=3046567,False,102,88,2026-02-22,One Size,774993,
Only a few left!,4.5,,Gap,100% Polyester. Wipe clean. Imported. Shipping & returns Customers also viewed High Rise VintageSoft Relaxed Joggers $59.95 $47.00 20% off + extra 10% in the app VintageSoft Crop Logo Hoodie $79.95 Extra 10% off in the app High Rise VintageSoft Relaxed Joggers $59.95 $29.00 50% off + extra 10% in the app Organic Cotton VintageSoft T-Shirt $24.95 $20.00 $13 each when you buy 3+ Modern Crewneck T-Shirt $39.95 $23.00 40% off + extra 10% in the app You may also like Classic T-Shirt $19.95 $15.00 20% off + extra 10% in the app Modern Crewneck T-Shirt $24.95 $9.00 60% off + extra 10% in the app Adult VintageSoft Relaxed Hoodie $59.95 $41.00 30% off + extra 10% in the app VintageSoft Raglan Sweatshirt $59.95 $29.00 50% off + extra 10% in the app CashSoft Boot Sweater Pants $69.95 $41.00 40% off + extra 10% in the app CashSoft Boot Sweater Pants $69.95 $41.00 40% off + extra 10% in the app Modern Tank Top $19.95 $11.00 40% off + extra 10% in the app Organic Cotton VintageSoft T-Shirt $24.95 $20.00 $13 each when you buy 3+ Modern Crewneck T-Shirt $39.95 $23.00 40% off + extra 10% in the app Easy Wide-Leg Pants $89.95 Extra 10% off in the app,Girls / Shop All Accessories > Girls > Shop All Accessories,Brannan brown | Beach pebble white | Brazen brown | True black,Soft sherpa bear bag with shoulder strap. Zipper at top. #774993,Size Guide,Size Guide,17,https://www.gap.com/webcontent/0054/083/719/cn54083719.jpg,https://www.gap.com/webcontent/0054/083/719/cn54083719.jpg | https://www.gap.com/webcontent/0059/151/311/cn59151311.jpg | https://www.gap.com/webcontent/0059/846/495/cn59846495.jpg | https://www.gap.com/webcontent/0061/332/978/cn61332978.jpg | https://www.gap.com/webcontent/0057/796/433/cn57796433.jpg | https://www.gap.com/webcontent/0060/429/395/cn60429395.jpg | https://www.gap.com/webcontent/0020/344/728/cn20344728.jpg | https://www.gap.com/webcontent/0057/721/231/cn57721231.jpg | https://www.gap.com/webcontent/0060/843/961/cn60843961.jpg | https://www.gap.com/webcontent/0061/438/194/cn61438194.jpg | https://www.gap.com/webcontent/0060/742/027/cn60742027.jpg | https://www.gap.com/webcontent/0061/062/918/cn61062918.jpg | https://www.gap.com/webcontent/0060/771/616/cn60771616.jpg | https://www.gap.com/webcontent/0056/248/003/cn56248003.jpg | https://www.gap.com/webcontent/0060/413/547/cn60413547.jpg | https://www.gap.com/webcontent/0059/942/135/cn59942135.jpg | https://cdn.cookielaw.org/logos/e1cf9ab6-fc39-4557-b4ef-4393861dad52/d229a1c3-b8ad-46ad-9bdb-8311fd460a5f/c85f6701-9eae-4a9f-b770-87eee2dae9fc/Logo_color_lockup@3x.png,True,& care 100% Polyester. Wipe clean. Imported. Shipping & returns Customers also viewed High Rise VintageSoft Relaxed Joggers $59.95 $47.00 20% off + extra 10% in the app VintageSoft Crop Logo Hoodie $79.95 Extra 10% off in the app High Rise VintageSoft Relaxed Joggers $59.95 $29.00 50% off + extra 10% in the app Organic Cotton VintageSoft T-Shirt $24.95 $20.00 $13 each when you buy 3+ Modern Crewneck T-Shirt $39.95 $23.00 40% off + extra 10% in the app You may also like Classic T-Shirt $19.95 $15.00 20% off + extra 10% in the app Modern Crewneck T-Shirt $24.95 $9.00 60% off + extra 10% in the app Adult VintageSoft Relaxed Hoodie $59.95 $41.00 30% off + extra 10% in the app VintageSoft Raglan Sweatshirt $59.95 $29.00 50% off + extra 10% in the app CashSoft Boot Sweater Pants $69.95 $41.00 40% off + extra 10% in the app CashSoft Boot Sweater Pants $69.95 $41.00 40% off + extra 10% in the app Modern Tank Top $19.95 $11.00 40% off + extra 10% in the app Organic Cotton VintageSoft T-Shirt $24.95 $20.00 $13 each when you buy 3+ Modern Crewneck T-Shirt $39.95 $23.00 40% off + extra 10% in the app Easy Wide-Leg Pants $89.95 Extra 10% off in the app,& care 100% Polyester. Wipe clean. Imported. Shipping & returns Customers also viewed High Rise VintageSoft Relaxed Joggers $59.95 $47.00 20% off + extra 10% in the app VintageSoft Crop Logo Hoodie $79.95 Extra 10% off in the app High Rise VintageSoft Relaxed Joggers $59.95 $29.00 50% off + extra 10% in the app Organic Cotton VintageSoft T-Shirt $24.95 $20.00 $13 each when you buy 3+ Modern Crewneck T-Shirt $39.95 $23.00 40% off + extra 10% in the app You may also like Classic T-Shirt $19.95 $15.00 20% off + extra 10% in the app Modern Crewneck T-Shirt $24.95 $9.00 60% off + extra 10% in the app Adult VintageSoft Relaxed Hoodie $59.95 $41.00 30% off + extra 10% in the app VintageSoft Raglan Sweatshirt $59.95 $29.00 50% off + extra 10% in the app CashSoft Boot Sweater Pants $69.95 $41.00 40% off + extra 10% in the app CashSoft Boot Sweater Pants $69.95 $41.00 40% off + extra 10% in the app Modern Tank Top $19.95 $11.00 40% off + extra 10% in the app Organic Cotton VintageSoft T-Shirt $24.95 $20.00 $13 each when you buy 3+ Modern Crewneck T-Shirt $39.95 $23.00 40% off + extra 10% in the app Easy Wide-Leg Pants $89.95 Extra 10% off in the app,Kids Sherpa Bear Bag,,USD,24.97,34.95,Soft sherpa bear bag with shoulder strap. Zipper at top. #774993,774993012,https://www.gap.com/browse/product.do?pid=774993012&vid=1&pcid=3046567&cid=3046567,False,102,88,2026-02-22,One Size,774993,
In stock,4.2,,Gap,Polyester 100% Spot clean. Imported. Shipping & returns Customers also viewed Vegan Suede Bucket Bag $74.95 $59.00 20% off + extra 10% in the app Vegan Suede Slouchy Tote Bag $69.95 $27.00 60% off + extra 10% in the app Vegan Suede Bucket Bag $74.95 $67.00 Extra 10% off in the app Vegan Leather Bucket Tote Bag $69.95 $55.00 20% off + extra 10% in the app Vegan Suede Bucket Bag $74.95 $44.00 40% off + extra 10% in the app You may also like Vegan Suede Slouchy Tote Bag $69.95 $34.00 50% off + extra 10% in the app Denim Tote Bag $59.95 $47.00 20% off + extra 10% in the app Vegan Suede Slouchy Tote Bag $69.95 $27.00 60% off + extra 10% in the app Gap Logo Tote Bag $49.95 Extra 10% off in the app Gap Logo Tote Bag $59.95 $35.00 40% off + extra 10% in the app Logo Tote Keychain Charm $19.95 $11.00 40% off + extra 10% in the app Gap Logo Tote Bag $54.95 $32.00 40% off + extra 10% in the app Gap Denim Logo Tote Bag $54.95 $27.00 50% off + extra 10% in the app Brannan Bear Sleep Keychain Charm $19.95 $11.00 40% off + extra 10% in the app CloseKnit Jersey Mockneck T-Shirt $34.95 $13.00 60% off + extra 10% in the app,"Women / Bags, Scarves & More > Women > Bags, Scarves & More",Chocolate cake brown | Black | Honey brown,Soft vegan suede barrel bag. Zipper at top. Shoulder strap. #789158,Size Guide,Size Guide,20,https://www.gap.com/webcontent/0059/985/804/cn59985804.jpg,"https://www.gap.com/webcontent/0059/985/804/cn59985804.jpg | https://www.gap.com/webcontent/0060/198/968/cn60198968.jpg | https://www.gap.com/webcontent/0059/697/222/cn59697222.jpg | https://www.gap.com/webcontent/0059/697/259/cn59697259.jpg | https://www.gap.com/webcontent/0059/698/589/cn59698589.jpg | https://www.gap.com/webcontent/0060/417/412/cn60417412.jpg | https://www.gap.com/webcontent/0060/652/889/cn60652889.jpg | https://www.gap.com/webcontent/0060/809/402/cn60809402.jpg | https://www.gap.com/webcontent/0061/184/787/cn61184787.jpg | https://www.gap.com/webcontent/0056/166/849/cn56166849.jpg | https://www.gap.com/webcontent/0060/784/370/cn60784370.jpg | https://www.gap.com/webcontent/0060/362/381/cn60362381.jpg | https://www.gap.com/webcontent/0061/121/188/cn61121188.jpg | https://www.gap.com/webcontent/0061/624/045/cn61624045.jpg | https://www.gap.com/webcontent/0059/961/326/cn59961326.jpg | https://www.gap.com/webcontent/0061/519/158/cn61519158.jpg | https://www.gap.com/webcontent/0057/525/117/cn57525117.jpg | https://www.gap.com/webcontent/0061/456/364/cn61456364.jpg | https://www.gap.com/webcontent/0060/533/168/cn60533168.jpg | https://media.powerreviews.com/image/upload/c_thumb,d_portal-no-product-image_ttlfpi.svg,h_150,q_auto,w_150/d_portal-no-product-image_ttlfpi.svg/prod/d6eogq45giyjcukomb4g.webp",True,& care Polyester 100% Spot clean. Imported. Shipping & returns Customers also viewed Vegan Suede Bucket Bag $74.95 $59.00 20% off + extra 10% in the app Vegan Suede Slouchy Tote Bag $69.95 $27.00 60% off + extra 10% in the app Vegan Suede Bucket Bag $74.95 $67.00 Extra 10% off in the app Vegan Leather Bucket Tote Bag $69.95 $55.00 20% off + extra 10% in the app Vegan Suede Bucket Bag $74.95 $44.00 40% off + extra 10% in the app You may also like Vegan Suede Slouchy Tote Bag $69.95 $34.00 50% off + extra 10% in the app Denim Tote Bag $59.95 $47.00 20% off + extra 10% in the app Vegan Suede Slouchy Tote Bag $69.95 $27.00 60% off + extra 10% in the app Gap Logo Tote Bag $49.95 Extra 10% off in the app Gap Logo Tote Bag $59.95 $35.00 40% off + extra 10% in the app Logo Tote Keychain Charm $19.95 $11.00 40% off + extra 10% in the app Gap Logo Tote Bag $54.95 $32.00 40% off + extra 10% in the app Gap Denim Logo Tote Bag $54.95 $27.00 50% off + extra 10% in the app Brannan Bear Sleep Keychain Charm $19.95 $11.00 40% off + extra 10% in the app CloseKnit Jersey Mockneck T-Shirt $34.95 $13.00 60% off + extra 10% in the app,& care Polyester 100% Spot clean. Imported. Shipping & returns Customers also viewed Vegan Suede Bucket Bag $74.95 $59.00 20% off + extra 10% in the app Vegan Suede Slouchy Tote Bag $69.95 $27.00 60% off + extra 10% in the app Vegan Suede Bucket Bag $74.95 $67.00 Extra 10% off in the app Vegan Leather Bucket Tote Bag $69.95 $55.00 20% off + extra 10% in the app Vegan Suede Bucket Bag $74.95 $44.00 40% off + extra 10% in the app You may also like Vegan Suede Slouchy Tote Bag $69.95 $34.00 50% off + extra 10% in the app Denim Tote Bag $59.95 $47.00 20% off + extra 10% in the app Vegan Suede Slouchy Tote Bag $69.95 $27.00 60% off + extra 10% in the app Gap Logo Tote Bag $49.95 Extra 10% off in the app Gap Logo Tote Bag $59.95 $35.00 40% off + extra 10% in the app Logo Tote Keychain Charm $19.95 $11.00 40% off + extra 10% in the app Gap Logo Tote Bag $54.95 $32.00 40% off + extra 10% in the app Gap Denim Logo Tote Bag $54.95 $27.00 50% off + extra 10% in the app Brannan Bear Sleep Keychain Charm $19.95 $11.00 40% off + extra 10% in the app CloseKnit Jersey Mockneck T-Shirt $34.95 $13.00 60% off + extra 10% in the app,Vegan Suede Barrel Bag,,USD,39.0,49.95,Soft vegan suede barrel bag. Zipper at top. Shoulder strap. #789158,789158022,https://www.gap.com/browse/product.do?pid=789158022&vid=1&pcid=3046544&cid=3051538,False,22,18,2026-02-22,One Size,789158,
Only a few left!,4.5,,Gap,100% Polyester. Wipe clean. Imported. Shipping & returns Customers also viewed High Rise VintageSoft Relaxed Joggers $59.95 $47.00 20% off + extra 10% in the app VintageSoft Crop Logo Hoodie $79.95 Extra 10% off in the app High Rise VintageSoft Relaxed Joggers $59.95 $29.00 50% off + extra 10% in the app Organic Cotton VintageSoft T-Shirt $24.95 $20.00 $13 each when you buy 3+ Modern Crewneck T-Shirt $39.95 $23.00 40% off + extra 10% in the app You may also like Classic T-Shirt $19.95 $15.00 20% off + extra 10% in the app Modern Crewneck T-Shirt $24.95 $9.00 60% off + extra 10% in the app Adult VintageSoft Relaxed Hoodie $59.95 $41.00 30% off + extra 10% in the app VintageSoft Raglan Sweatshirt $59.95 $29.00 50% off + extra 10% in the app CashSoft Boot Sweater Pants $69.95 $41.00 40% off + extra 10% in the app CashSoft Boot Sweater Pants $69.95 $41.00 40% off + extra 10% in the app Modern Tank Top $19.95 $11.00 40% off + extra 10% in the app Organic Cotton VintageSoft T-Shirt $24.95 $20.00 $13 each when you buy 3+ Modern Crewneck T-Shirt $39.95 $23.00 40% off + extra 10% in the app Easy Wide-Leg Pants $89.95 Extra 10% off in the app,Girls / Shop All Accessories > Girls > Shop All Accessories,Brannan brown | Beach pebble white | Brazen brown | True black,Soft sherpa bear bag with shoulder strap. Zipper at top. #774993,Size Guide,Size Guide,17,https://www.gap.com/webcontent/0054/084/503/cn54084503.jpg,https://www.gap.com/webcontent/0054/084/503/cn54084503.jpg | https://www.gap.com/webcontent/0059/151/311/cn59151311.jpg | https://www.gap.com/webcontent/0059/846/495/cn59846495.jpg | https://www.gap.com/webcontent/0061/332/978/cn61332978.jpg | https://www.gap.com/webcontent/0057/796/433/cn57796433.jpg | https://www.gap.com/webcontent/0060/429/395/cn60429395.jpg | https://www.gap.com/webcontent/0020/344/728/cn20344728.jpg | https://www.gap.com/webcontent/0057/721/231/cn57721231.jpg | https://www.gap.com/webcontent/0060/843/961/cn60843961.jpg | https://www.gap.com/webcontent/0061/438/194/cn61438194.jpg | https://www.gap.com/webcontent/0060/742/027/cn60742027.jpg | https://www.gap.com/webcontent/0061/062/918/cn61062918.jpg | https://www.gap.com/webcontent/0060/771/616/cn60771616.jpg | https://www.gap.com/webcontent/0056/248/003/cn56248003.jpg | https://www.gap.com/webcontent/0060/413/547/cn60413547.jpg | https://www.gap.com/webcontent/0059/942/135/cn59942135.jpg | https://cdn.cookielaw.org/logos/e1cf9ab6-fc39-4557-b4ef-4393861dad52/d229a1c3-b8ad-46ad-9bdb-8311fd460a5f/c85f6701-9eae-4a9f-b770-87eee2dae9fc/Logo_color_lockup@3x.png,True,& care 100% Polyester. Wipe clean. Imported. Shipping & returns Customers also viewed High Rise VintageSoft Relaxed Joggers $59.95 $47.00 20% off + extra 10% in the app VintageSoft Crop Logo Hoodie $79.95 Extra 10% off in the app High Rise VintageSoft Relaxed Joggers $59.95 $29.00 50% off + extra 10% in the app Organic Cotton VintageSoft T-Shirt $24.95 $20.00 $13 each when you buy 3+ Modern Crewneck T-Shirt $39.95 $23.00 40% off + extra 10% in the app You may also like Classic T-Shirt $19.95 $15.00 20% off + extra 10% in the app Modern Crewneck T-Shirt $24.95 $9.00 60% off + extra 10% in the app Adult VintageSoft Relaxed Hoodie $59.95 $41.00 30% off + extra 10% in the app VintageSoft Raglan Sweatshirt $59.95 $29.00 50% off + extra 10% in the app CashSoft Boot Sweater Pants $69.95 $41.00 40% off + extra 10% in the app CashSoft Boot Sweater Pants $69.95 $41.00 40% off + extra 10% in the app Modern Tank Top $19.95 $11.00 40% off + extra 10% in the app Organic Cotton VintageSoft T-Shirt $24.95 $20.00 $13 each when you buy 3+ Modern Crewneck T-Shirt $39.95 $23.00 40% off + extra 10% in the app Easy Wide-Leg Pants $89.95 Extra 10% off in the app,& care 100% Polyester. Wipe clean. Imported. Shipping & returns Customers also viewed High Rise VintageSoft Relaxed Joggers $59.95 $47.00 20% off + extra 10% in the app VintageSoft Crop Logo Hoodie $79.95 Extra 10% off in the app High Rise VintageSoft Relaxed Joggers $59.95 $29.00 50% off + extra 10% in the app Organic Cotton VintageSoft T-Shirt $24.95 $20.00 $13 each when you buy 3+ Modern Crewneck T-Shirt $39.95 $23.00 40% off + extra 10% in the app You may also like Classic T-Shirt $19.95 $15.00 20% off + extra 10% in the app Modern Crewneck T-Shirt $24.95 $9.00 60% off + extra 10% in the app Adult VintageSoft Relaxed Hoodie $59.95 $41.00 30% off + extra 10% in the app VintageSoft Raglan Sweatshirt $59.95 $29.00 50% off + extra 10% in the app CashSoft Boot Sweater Pants $69.95 $41.00 40% off + extra 10% in the app CashSoft Boot Sweater Pants $69.95 $41.00 40% off + extra 10% in the app Modern Tank Top $19.95 $11.00 40% off + extra 10% in the app Organic Cotton VintageSoft T-Shirt $24.95 $20.00 $13 each when you buy 3+ Modern Crewneck T-Shirt $39.95 $23.00 40% off + extra 10% in the app Easy Wide-Leg Pants $89.95 Extra 10% off in the app,Kids Sherpa Bear Bag,,USD,24.97,34.95,Soft sherpa bear bag with shoulder strap. Zipper at top. #774993,774993022,https://www.gap.com/browse/product.do?pid=774993022&vid=1&pcid=3046567&cid=3046567,False,102,88,2026-02-22,One Size,774993,
In stock,3.4,,Gap,100% Polyester. Spot clean. Imported. Shipping & returns Customers also viewed Kids Quilted Weekender Bag $69.95 $41.00 40% off + extra 10% in the app Kids Quilted Brannan Bear Weekender Bag $69.95 $27.00 60% off + extra 10% in the app Kids Faux Fur Backpack $39.95 $15.00 60% off + extra 10% in the app Kids Hello Kitty Duffle Bag $89.95 $53.00 40% off + extra 10% in the app Kids Shimmer Straw Backpack $39.95 $23.00 40% off + extra 10% in the app You may also like Kids Quilted Pouch $34.95 $20.00 40% off + extra 10% in the app Kids Quilted Weekender Bag $69.95 $34.00 50% off + extra 10% in the app Kids Quilted Colorblock Duffel Bag $69.95 $34.00 50% off + extra 10% in the app Kids CashSoft Convertible Mittens $24.95 $9.00 60% off + extra 10% in the app Kids CashSoft Leopard Beanie $29.95 $11.00 60% off + extra 10% in the app Kids VintageSoft Baggy Sweatpants $39.95 $23.00 40% off + extra 10% in the app Kids Puffer Jacket $108.00 $54.00 50% off + extra 10% in the app Kids Faux Fur Backpack $39.95 $15.00 60% off + extra 10% in the app Kids Puffer Jacket $108.00 $54.00 50% off + extra 10% in the app Kids Oversized Quilted Zip Jacket $64.95 $38.00 40% off + extra 10% in the app,Girls / Shop All Accessories > Girls > Shop All Accessories,Leopard,Soft quilted weekender bag. Shoulder strap and handles at top. Zipper closure. Pockets at front. Allover leopard or floral prints. #820443,Size Guide,Size Guide,19,https://www.gap.com/webcontent/0060/366/819/cn60366819.jpg,"https://www.gap.com/webcontent/0060/366/819/cn60366819.jpg | https://www.gap.com/webcontent/0061/830/819/cn61830819.jpg | https://www.gap.com/webcontent/0061/136/135/cn61136135.jpg | https://www.gap.com/webcontent/0061/120/754/cn61120754.jpg | https://www.gap.com/webcontent/0061/692/725/cn61692725.jpg | https://www.gap.com/webcontent/0061/695/341/cn61695341.jpg | https://www.gap.com/webcontent/0061/716/343/cn61716343.jpg | https://www.gap.com/webcontent/0056/071/943/cn56071943.jpg | https://www.gap.com/webcontent/0059/961/248/cn59961248.jpg | https://www.gap.com/webcontent/0060/579/936/cn60579936.jpg | https://www.gap.com/webcontent/0059/721/108/cn59721108.jpg | https://www.gap.com/webcontent/0061/252/766/cn61252766.jpg | https://www.gap.com/webcontent/0060/986/985/cn60986985.jpg | https://www.gap.com/webcontent/0061/221/407/cn61221407.jpg | https://www.gap.com/webcontent/0060/641/523/cn60641523.jpg | https://www.gap.com/webcontent/0061/252/738/cn61252738.jpg | https://media.powerreviews.com/image/upload/c_thumb,d_portal-no-product-image_ttlfpi.svg,h_150,q_auto,w_150/d_portal-no-product-image_ttlfpi.svg/prod/f9dzfuhmd8uydnqyrf5r.webp | https://media.powerreviews.com/image/upload/c_thumb,d_portal-no-product-image_ttlfpi.svg,h_150,q_auto,w_150/d_portal-no-product-image_ttlfpi.svg/prod/yjmd2ccgg8bbdwsy02h3.webp | https://cdn.cookielaw.org/logos/e1cf9ab6-fc39-4557-b4ef-4393861dad52/d229a1c3-b8ad-46ad-9bdb-8311fd460a5f/c85f6701-9eae-4a9f-b770-87eee2dae9fc/Logo_color_lockup@3x.png",True,& care 100% Polyester. Spot clean. Imported. Shipping & returns Customers also viewed Kids Quilted Weekender Bag $69.95 $41.00 40% off + extra 10% in the app Kids Quilted Brannan Bear Weekender Bag $69.95 $27.00 60% off + extra 10% in the app Kids Faux Fur Backpack $39.95 $15.00 60% off + extra 10% in the app Kids Hello Kitty Duffle Bag $89.95 $53.00 40% off + extra 10% in the app Kids Shimmer Straw Backpack $39.95 $23.00 40% off + extra 10% in the app You may also like Kids Quilted Pouch $34.95 $20.00 40% off + extra 10% in the app Kids Quilted Weekender Bag $69.95 $34.00 50% off + extra 10% in the app Kids Quilted Colorblock Duffel Bag $69.95 $34.00 50% off + extra 10% in the app Kids CashSoft Convertible Mittens $24.95 $9.00 60% off + extra 10% in the app Kids CashSoft Leopard Beanie $29.95 $11.00 60% off + extra 10% in the app Kids VintageSoft Baggy Sweatpants $39.95 $23.00 40% off + extra 10% in the app Kids Puffer Jacket $108.00 $54.00 50% off + extra 10% in the app Kids Faux Fur Backpack $39.95 $15.00 60% off + extra 10% in the app Kids Puffer Jacket $108.00 $54.00 50% off + extra 10% in the app Kids Oversized Quilted Zip Jacket $64.95 $38.00 40% off + extra 10% in the app,& care 100% Polyester. Spot clean. Imported. Shipping & returns Customers also viewed Kids Quilted Weekender Bag $69.95 $41.00 40% off + extra 10% in the app Kids Quilted Brannan Bear Weekender Bag $69.95 $27.00 60% off + extra 10% in the app Kids Faux Fur Backpack $39.95 $15.00 60% off + extra 10% in the app Kids Hello Kitty Duffle Bag $89.95 $53.00 40% off + extra 10% in the app Kids Shimmer Straw Backpack $39.95 $23.00 40% off + extra 10% in the app You may also like Kids Quilted Pouch $34.95 $20.00 40% off + extra 10% in the app Kids Quilted Weekender Bag $69.95 $34.00 50% off + extra 10% in the app Kids Quilted Colorblock Duffel Bag $69.95 $34.00 50% off + extra 10% in the app Kids CashSoft Convertible Mittens $24.95 $9.00 60% off + extra 10% in the app Kids CashSoft Leopard Beanie $29.95 $11.00 60% off + extra 10% in the app Kids VintageSoft Baggy Sweatpants $39.95 $23.00 40% off + extra 10% in the app Kids Puffer Jacket $108.00 $54.00 50% off + extra 10% in the app Kids Faux Fur Backpack $39.95 $15.00 60% off + extra 10% in the app Kids Puffer Jacket $108.00 $54.00 50% off + extra 10% in the app Kids Oversized Quilted Zip Jacket $64.95 $38.00 40% off + extra 10% in the app,Kids Quilted Weekender Bag,,USD,27.0,69.95,Soft quilted weekender bag. Shoulder strap and handles at top. Zipper closure. Pockets at front. Allover leopard or floral prints. #820443,820443012,https://www.gap.com/browse/product.do?pid=820443012&vid=1&pcid=3046567&cid=3046567,False,16,15,2026-02-22,One Size,820443,
In stock,4.2,,Gap,Polyester 100% Spot clean. Imported. Shipping & returns Customers also viewed Vegan Suede Bucket Bag $74.95 $59.00 20% off + extra 10% in the app Denim Stripe Tote Bag $54.95 Extra 10% off in the app Vegan Suede Bucket Bag $74.95 $37.00 50% off + extra 10% in the app Vegan Suede Bucket Bag $74.95 $44.00 40% off + extra 10% in the app Gap Logo Tote Bag $59.95 $35.00 40% off + extra 10% in the app You may also like Vegan Leather Bucket Tote Bag $69.95 $62.00 Extra 10% off in the app Vegan Suede Slouchy Tote Bag $69.95 $27.00 60% off + extra 10% in the app Vegan Leather Bucket Tote Bag $69.95 $55.00 20% off + extra 10% in the app Vegan Suede Slouchy Tote Bag $69.95 $27.00 60% off + extra 10% in the app Gap Denim Logo Tote Bag $54.95 $27.00 50% off + extra 10% in the app Gap Logo Tote Bag $54.95 $43.00 20% off + extra 10% in the app Gap Logo Tote Bag $49.95 Extra 10% off in the app Denim Tote Bag $59.95 $47.00 20% off + extra 10% in the app Gap Logo Tote Bag $54.95 $32.00 40% off + extra 10% in the app Brannan Bear Hoodie Keychain Charm $19.95 $17.00 Extra 10% off in the app,"Women / Bags, Scarves & More > Women > Bags, Scarves & More",Chocolate cake brown | Black | Honey brown,Soft vegan suede barrel bag. Zipper at top. Shoulder strap. #789158,Size Guide,Size Guide,19,https://www.gap.com/webcontent/0059/702/480/cn59702480.jpg,"https://www.gap.com/webcontent/0059/702/480/cn59702480.jpg | https://www.gap.com/webcontent/0060/652/888/cn60652888.jpg | https://www.gap.com/webcontent/0059/698/590/cn59698590.jpg | https://www.gap.com/webcontent/0057/498/615/cn57498615.jpg | https://www.gap.com/webcontent/0059/698/588/cn59698588.jpg | https://www.gap.com/webcontent/0061/184/787/cn61184787.jpg | https://www.gap.com/webcontent/0061/624/045/cn61624045.jpg | https://www.gap.com/webcontent/0059/496/331/cn59496331.jpg | https://www.gap.com/webcontent/0060/362/381/cn60362381.jpg | https://www.gap.com/webcontent/0060/809/402/cn60809402.jpg | https://www.gap.com/webcontent/0060/417/412/cn60417412.jpg | https://www.gap.com/webcontent/0057/525/117/cn57525117.jpg | https://www.gap.com/webcontent/0061/502/386/cn61502386.jpg | https://www.gap.com/webcontent/0061/121/188/cn61121188.jpg | https://www.gap.com/webcontent/0060/784/370/cn60784370.jpg | https://www.gap.com/webcontent/0061/519/158/cn61519158.jpg | https://www.gap.com/webcontent/0060/625/989/cn60625989.jpg | https://media.powerreviews.com/image/upload/c_thumb,d_portal-no-product-image_ttlfpi.svg,h_150,q_auto,w_150/d_portal-no-product-image_ttlfpi.svg/prod/d6eogq45giyjcukomb4g.webp | https://cdn.cookielaw.org/logos/e1cf9ab6-fc39-4557-b4ef-4393861dad52/d229a1c3-b8ad-46ad-9bdb-8311fd460a5f/c85f6701-9eae-4a9f-b770-87eee2dae9fc/Logo_color_lockup@3x.png",True,& care Polyester 100% Spot clean. Imported. Shipping & returns Customers also viewed Vegan Suede Bucket Bag $74.95 $59.00 20% off + extra 10% in the app Denim Stripe Tote Bag $54.95 Extra 10% off in the app Vegan Suede Bucket Bag $74.95 $37.00 50% off + extra 10% in the app Vegan Suede Bucket Bag $74.95 $44.00 40% off + extra 10% in the app Gap Logo Tote Bag $59.95 $35.00 40% off + extra 10% in the app You may also like Vegan Leather Bucket Tote Bag $69.95 $62.00 Extra 10% off in the app Vegan Suede Slouchy Tote Bag $69.95 $27.00 60% off + extra 10% in the app Vegan Leather Bucket Tote Bag $69.95 $55.00 20% off + extra 10% in the app Vegan Suede Slouchy Tote Bag $69.95 $27.00 60% off + extra 10% in the app Gap Denim Logo Tote Bag $54.95 $27.00 50% off + extra 10% in the app Gap Logo Tote Bag $54.95 $43.00 20% off + extra 10% in the app Gap Logo Tote Bag $49.95 Extra 10% off in the app Denim Tote Bag $59.95 $47.00 20% off + extra 10% in the app Gap Logo Tote Bag $54.95 $32.00 40% off + extra 10% in the app Brannan Bear Hoodie Keychain Charm $19.95 $17.00 Extra 10% off in the app,& care Polyester 100% Spot clean. Imported. Shipping & returns Customers also viewed Vegan Suede Bucket Bag $74.95 $59.00 20% off + extra 10% in the app Denim Stripe Tote Bag $54.95 Extra 10% off in the app Vegan Suede Bucket Bag $74.95 $37.00 50% off + extra 10% in the app Vegan Suede Bucket Bag $74.95 $44.00 40% off + extra 10% in the app Gap Logo Tote Bag $59.95 $35.00 40% off + extra 10% in the app You may also like Vegan Leather Bucket Tote Bag $69.95 $62.00 Extra 10% off in the app Vegan Suede Slouchy Tote Bag $69.95 $27.00 60% off + extra 10% in the app Vegan Leather Bucket Tote Bag $69.95 $55.00 20% off + extra 10% in the app Vegan Suede Slouchy Tote Bag $69.95 $27.00 60% off + extra 10% in the app Gap Denim Logo Tote Bag $54.95 $27.00 50% off + extra 10% in the app Gap Logo Tote Bag $54.95 $43.00 20% off + extra 10% in the app Gap Logo Tote Bag $49.95 Extra 10% off in the app Denim Tote Bag $59.95 $47.00 20% off + extra 10% in the app Gap Logo Tote Bag $54.95 $32.00 40% off + extra 10% in the app Brannan Bear Hoodie Keychain Charm $19.95 $17.00 Extra 10% off in the app,Vegan Suede Barrel Bag,,USD,24.0,49.95,Soft vegan suede barrel bag. Zipper at top. Shoulder strap. #789158,789158012,https://www.gap.com/browse/product.do?pid=789158012&vid=1&pcid=3046544&cid=3051538,False,22,18,2026-02-22,One Size,789158,
In stock,5,,Gap,100% Polyester. Wipe clean. Imported. Shipping & returns Customers also viewed Kids Camo Duffel Bag $69.95 $34.00 50% off + extra 10% in the app Kids Corduroy Sneakers $49.95 $19.00 60% off + extra 10% in the app Kids Camo Webbed Belt $24.95 $9.00 60% off + extra 10% in the app Kids Nylon Sneakers $49.95 $19.00 60% off + extra 10% in the app Kids Sports Sunglasses $19.95 $7.00 60% off + extra 10% in the app You may also like Kids Recycled Round Sunglasses $19.95 $7.00 60% off + extra 10% in the app Kids Classic Sneakers $44.95 $26.00 40% off + extra 10% in the app Kids French Terry Beanie $19.95 $11.00 40% off + extra 10% in the app Kids Minecraft Beanie $34.95 $13.00 60% off + extra 10% in the app Kids Camo Trucker Hat $19.95 $7.00 60% off + extra 10% in the app Kids Vintage Soft Logo Zip Hoodie $54.95 $32.00 40% off + extra 10% in the app Kids VintageSoft Logo Hoodie $49.95 $29.00 40% off + extra 10% in the app Kids Organic Cotton Gap Arch Logo Baseball Hat $19.95 $7.00 60% off + extra 10% in the app Kids VintageSoft Logo Hoodie $49.95 $29.00 40% off + extra 10% in the app Kids Organic Cotton Baseball Hat $19.95 $7.00 60% off + extra 10% in the app,Boys / Shop All Accessories > Boys > Shop All Accessories,Navy uniform,"Smooth woven twill kids duffel bag. Adjustable, removable shoulder strap. Handles at top, zip top closure. Exterior and interior patch pockets. Gap Athletic logo with Varsity-style ""G"" and stripe detail at handles. #820257",Size Guide,Size Guide,18,https://www.gap.com/webcontent/0059/961/236/cn59961236.jpg,https://www.gap.com/webcontent/0059/961/236/cn59961236.jpg | https://www.gap.com/webcontent/0059/960/854/cn59960854.jpg | https://www.gap.com/webcontent/0059/960/977/cn59960977.jpg | https://www.gap.com/webcontent/0059/698/931/cn59698931.jpg | https://www.gap.com/webcontent/0059/998/561/cn59998561.jpg | https://www.gap.com/webcontent/0060/166/997/cn60166997.jpg | https://www.gap.com/webcontent/0057/184/502/cn57184502.jpg | https://www.gap.com/webcontent/0057/184/516/cn57184516.jpg | https://www.gap.com/webcontent/0055/858/048/cn55858048.jpg | https://www.gap.com/webcontent/0061/705/595/cn61705595.jpg | https://www.gap.com/webcontent/0060/637/689/cn60637689.jpg | https://www.gap.com/webcontent/0059/098/575/cn59098575.jpg | https://www.gap.com/webcontent/0056/976/989/cn56976989.jpg | https://www.gap.com/webcontent/0056/983/225/cn56983225.jpg | https://www.gap.com/webcontent/0055/924/373/cn55924373.jpg | https://www.gap.com/webcontent/0056/977/042/cn56977042.jpg | https://www.gap.com/webcontent/0060/598/328/cn60598328.jpg | https://cdn.cookielaw.org/logos/e1cf9ab6-fc39-4557-b4ef-4393861dad52/d229a1c3-b8ad-46ad-9bdb-8311fd460a5f/c85f6701-9eae-4a9f-b770-87eee2dae9fc/Logo_color_lockup@3x.png,True,& care 100% Polyester. Wipe clean. Imported. Shipping & returns Customers also viewed Kids Camo Duffel Bag $69.95 $34.00 50% off + extra 10% in the app Kids Corduroy Sneakers $49.95 $19.00 60% off + extra 10% in the app Kids Camo Webbed Belt $24.95 $9.00 60% off + extra 10% in the app Kids Nylon Sneakers $49.95 $19.00 60% off + extra 10% in the app Kids Sports Sunglasses $19.95 $7.00 60% off + extra 10% in the app You may also like Kids Recycled Round Sunglasses $19.95 $7.00 60% off + extra 10% in the app Kids Classic Sneakers $44.95 $26.00 40% off + extra 10% in the app Kids French Terry Beanie $19.95 $11.00 40% off + extra 10% in the app Kids Minecraft Beanie $34.95 $13.00 60% off + extra 10% in the app Kids Camo Trucker Hat $19.95 $7.00 60% off + extra 10% in the app Kids Vintage Soft Logo Zip Hoodie $54.95 $32.00 40% off + extra 10% in the app Kids VintageSoft Logo Hoodie $49.95 $29.00 40% off + extra 10% in the app Kids Organic Cotton Gap Arch Logo Baseball Hat $19.95 $7.00 60% off + extra 10% in the app Kids VintageSoft Logo Hoodie $49.95 $29.00 40% off + extra 10% in the app Kids Organic Cotton Baseball Hat $19.95 $7.00 60% off + extra 10% in the app,& care 100% Polyester. Wipe clean. Imported. Shipping & returns Customers also viewed Kids Camo Duffel Bag $69.95 $34.00 50% off + extra 10% in the app Kids Corduroy Sneakers $49.95 $19.00 60% off + extra 10% in the app Kids Camo Webbed Belt $24.95 $9.00 60% off + extra 10% in the app Kids Nylon Sneakers $49.95 $19.00 60% off + extra 10% in the app Kids Sports Sunglasses $19.95 $7.00 60% off + extra 10% in the app You may also like Kids Recycled Round Sunglasses $19.95 $7.00 60% off + extra 10% in the app Kids Classic Sneakers $44.95 $26.00 40% off + extra 10% in the app Kids French Terry Beanie $19.95 $11.00 40% off + extra 10% in the app Kids Minecraft Beanie $34.95 $13.00 60% off + extra 10% in the app Kids Camo Trucker Hat $19.95 $7.00 60% off + extra 10% in the app Kids Vintage Soft Logo Zip Hoodie $54.95 $32.00 40% off + extra 10% in the app Kids VintageSoft Logo Hoodie $49.95 $29.00 40% off + extra 10% in the app Kids Organic Cotton Gap Arch Logo Baseball Hat $19.95 $7.00 60% off + extra 10% in the app Kids VintageSoft Logo Hoodie $49.95 $29.00 40% off + extra 10% in the app Kids Organic Cotton Baseball Hat $19.95 $7.00 60% off + extra 10% in the app,Kids Athletic Logo Duffel Bag,,USD,27.0,69.95,"Smooth woven twill kids duffel bag. Adjustable, removable shoulder strap. Handles at top, zip top closure. Exterior and interior patch pockets. Gap Athletic logo with Varsity-style ""G"" and stripe detail at handles. #820257",820257002,https://www.gap.com/browse/product.do?pid=820257002&vid=1&pcid=3046590&cid=3046590,False,1,1,2026-02-22,One Size,820257,
In stock,4.7,,Gap,100% Polyester. Wipe clean. Imported. Shipping & returns Customers also viewed Kids Athletic Logo Duffel Bag $69.95 $27.00 60% off + extra 10% in the app Kids Camo Webbed Belt $24.95 $9.00 60% off + extra 10% in the app Kids Corduroy Sneakers $49.95 $19.00 60% off + extra 10% in the app Kids Minecraft Beanie $34.95 $13.00 60% off + extra 10% in the app Kids Nylon Sneakers $49.95 $19.00 60% off + extra 10% in the app You may also like Kids High-Top Sneakers $49.95 $19.00 60% off + extra 10% in the app Kids French Terry Beanie $19.95 $11.00 40% off + extra 10% in the app Kids Classic Sneakers $44.95 $26.00 40% off + extra 10% in the app Kids Camo Trucker Hat $19.95 $7.00 60% off + extra 10% in the app Kids Boat Shoes $54.95 $27.00 50% off + extra 10% in the app Kids Recycled Lightweight PrimaLoft® Puffer Jacket $79.95 $59.99 Kids Quick-Dry Utility Easy Pants $49.95 $24.00 50% off + extra 10% in the app Kids VintageSoft Logo Hoodie $49.95 $29.00 40% off + extra 10% in the app Kids Relaxed Performance Pants $44.95 $26.00 40% off + extra 10% in the app Kids VintageSoft Logo Hoodie $49.95 $29.00 40% off + extra 10% in the app,Boys / Shop All Accessories > Boys > Shop All Accessories,Camo,"Smooth woven kids duffel bag. Adjustable, removable shoulder strap. Handles at top, zip top closure. Exterior and interior patch pockets. Allover camouflage print. #820258",Size Guide,Size Guide,17,https://www.gap.com/webcontent/0059/960/977/cn59960977.jpg,https://www.gap.com/webcontent/0059/960/977/cn59960977.jpg | https://www.gap.com/webcontent/0059/961/236/cn59961236.jpg | https://www.gap.com/webcontent/0059/998/561/cn59998561.jpg | https://www.gap.com/webcontent/0059/698/931/cn59698931.jpg | https://www.gap.com/webcontent/0060/637/689/cn60637689.jpg | https://www.gap.com/webcontent/0060/166/997/cn60166997.jpg | https://www.gap.com/webcontent/0055/858/153/cn55858153.jpg | https://www.gap.com/webcontent/0061/705/595/cn61705595.jpg | https://www.gap.com/webcontent/0055/858/048/cn55858048.jpg | https://www.gap.com/webcontent/0059/098/575/cn59098575.jpg | https://www.gap.com/webcontent/0059/672/525/cn59672525.jpg | https://www.gap.com/webcontent/0056/141/632/cn56141632.jpg | https://www.gap.com/webcontent/0059/978/027/cn59978027.jpg | https://www.gap.com/webcontent/0056/983/225/cn56983225.jpg | https://www.gap.com/webcontent/0061/595/257/cn61595257.jpg | https://www.gap.com/webcontent/0056/977/042/cn56977042.jpg | https://cdn.cookielaw.org/logos/e1cf9ab6-fc39-4557-b4ef-4393861dad52/d229a1c3-b8ad-46ad-9bdb-8311fd460a5f/c85f6701-9eae-4a9f-b770-87eee2dae9fc/Logo_color_lockup@3x.png,True,& care 100% Polyester. Wipe clean. Imported. Shipping & returns Customers also viewed Kids Athletic Logo Duffel Bag $69.95 $27.00 60% off + extra 10% in the app Kids Camo Webbed Belt $24.95 $9.00 60% off + extra 10% in the app Kids Corduroy Sneakers $49.95 $19.00 60% off + extra 10% in the app Kids Minecraft Beanie $34.95 $13.00 60% off + extra 10% in the app Kids Nylon Sneakers $49.95 $19.00 60% off + extra 10% in the app You may also like Kids High-Top Sneakers $49.95 $19.00 60% off + extra 10% in the app Kids French Terry Beanie $19.95 $11.00 40% off + extra 10% in the app Kids Classic Sneakers $44.95 $26.00 40% off + extra 10% in the app Kids Camo Trucker Hat $19.95 $7.00 60% off + extra 10% in the app Kids Boat Shoes $54.95 $27.00 50% off + extra 10% in the app Kids Recycled Lightweight PrimaLoft® Puffer Jacket $79.95 $59.99 Kids Quick-Dry Utility Easy Pants $49.95 $24.00 50% off + extra 10% in the app Kids VintageSoft Logo Hoodie $49.95 $29.00 40% off + extra 10% in the app Kids Relaxed Performance Pants $44.95 $26.00 40% off + extra 10% in the app Kids VintageSoft Logo Hoodie $49.95 $29.00 40% off + extra 10% in the app,& care 100% Polyester. Wipe clean. Imported. Shipping & returns Customers also viewed Kids Athletic Logo Duffel Bag $69.95 $27.00 60% off + extra 10% in the app Kids Camo Webbed Belt $24.95 $9.00 60% off + extra 10% in the app Kids Corduroy Sneakers $49.95 $19.00 60% off + extra 10% in the app Kids Minecraft Beanie $34.95 $13.00 60% off + extra 10% in the app Kids Nylon Sneakers $49.95 $19.00 60% off + extra 10% in the app You may also like Kids High-Top Sneakers $49.95 $19.00 60% off + extra 10% in the app Kids French Terry Beanie $19.95 $11.00 40% off + extra 10% in the app Kids Classic Sneakers $44.95 $26.00 40% off + extra 10% in the app Kids Camo Trucker Hat $19.95 $7.00 60% off + extra 10% in the app Kids Boat Shoes $54.95 $27.00 50% off + extra 10% in the app Kids Recycled Lightweight PrimaLoft® Puffer Jacket $79.95 $59.99 Kids Quick-Dry Utility Easy Pants $49.95 $24.00 50% off + extra 10% in the app Kids VintageSoft Logo Hoodie $49.95 $29.00 40% off + extra 10% in the app Kids Relaxed Performance Pants $44.95 $26.00 40% off + extra 10% in the app Kids VintageSoft Logo Hoodie $49.95 $29.00 40% off + extra 10% in the app,Kids Camo Duffel Bag,,USD,34.0,69.95,"Smooth woven kids duffel bag. Adjustable, removable shoulder strap. Handles at top, zip top closure. Exterior and interior patch pockets. Allover camouflage print. #820258",820258002,https://www.gap.com/browse/product.do?pid=820258002&vid=1&pcid=3046590&cid=3046590,False,6,6,2026-02-22,One Size,820258,
Out of stock,4.6,,Gap,"Vegan Leather 100% Wipe clean. Imported. Shipping & returns Customers also viewed Team USA Oversized Crop Sweatshirt $78.00 $54.00 30% off + extra 10% in the app GapStudio Poplin Belted Maxi Shirtdress $178.00 $54.97 Final sale + extra 50% off at checkout Robert Indiana LOVE Poplin PJ Shirt $58.00 $46.00 20% off + extra 10% in the app Robert Indiana LOVE Crew Socks $14.00 $11.00 20% off + extra 10% in the app GapStudio Low Rise Boot Trousers $128.00 $74.97 Final sale + extra 50% off at checkout Robert Indiana Love Denim Bag $34.00 $27.00 20% off + extra 10% in the app Robert Indiana VintageSoft LOVE Sweatshirt $78.00 $62.00 20% off + extra 10% in the app GapStudio Rib T-Shirt $88.00 $44.97 Final sale + extra 50% off at checkout GapStudio Low Rise Corduroy Wide-Leg Pants $128.00 $104.97 Final sale + extra 50% off at checkout GapStudio Tailored Blazer Dress $248.00 $119.97 Final sale + extra 50% off at checkout GapStudio Sheer Bow Shirt $118.00 $74.97 Final sale + extra 50% off at checkout GapStudio Satin Midi Dress $118.00 $84.97 Final sale + extra 50% off at checkout GapStudio Vegan Patent Leather Mini Dress $148.00 $69.97 Final sale + extra 50% off at checkout Adult Team USA Oversized Anorak $118.00 $82.00 30% off + extra 10% in the app GapStudio Low Rise Denim Tweed Loose Jeans $128.00 $89.97 Final sale + extra 50% off at checkout The Biggest Little Sale: 40% off all kids’ & baby styles + more See It First Enter your email address Join Privacy Policy Customer Support Customer Service Buy Online. Pick Up In-Store. Store Locator GapCash GiftCards Gap Good Rewards Join Gap Good Rewards Apply for a Credit Card My Rewards & Benefits Pay Credit Card Bill Learn More About Us Our Values Careers Get the App Sign up for Text Messages Join Our Creator Community © 2026 The Gap, Inc. | Privacy Policy | Your Privacy Choices | Your California Privacy Rights | California Transparency in Supply Chains Act | Terms of Use | Careers | Sustainability | About Gap Inc. Americans with Disabilities Act | Gap Inc. Policies Feedback",product.do,Purple burgundy | True black,This slouchy crossbody bag is made with a vegan pebble leather upper. Adjustable shoulder strap. Zipper closure. Inner patch pocket. #823339,Size Guide,Size Guide,16,https://www.gap.com/webcontent/0061/292/150/cn61292150.jpg,https://www.gap.com/webcontent/0061/292/150/cn61292150.jpg | https://www.gap.com/webcontent/0060/435/343/cn60435343.jpg | https://www.gap.com/webcontent/0061/603/274/cn61603274.jpg | https://www.gap.com/webcontent/0061/329/314/cn61329314.jpg | https://www.gap.com/webcontent/0061/003/689/cn61003689.jpg | https://www.gap.com/webcontent/0061/329/325/cn61329325.jpg | https://www.gap.com/webcontent/0061/297/156/cn61297156.jpg | https://www.gap.com/webcontent/0061/118/393/cn61118393.jpg | https://www.gap.com/webcontent/0060/987/939/cn60987939.jpg | https://www.gap.com/webcontent/0060/987/685/cn60987685.jpg | https://www.gap.com/webcontent/0061/009/791/cn61009791.jpg | https://www.gap.com/webcontent/0060/433/863/cn60433863.jpg | https://www.gap.com/webcontent/0060/442/625/cn60442625.jpg | https://www.gap.com/webcontent/0061/292/258/cn61292258.jpg | https://www.gap.com/webcontent/0060/355/882/cn60355882.jpg | https://cdn.cookielaw.org/logos/e1cf9ab6-fc39-4557-b4ef-4393861dad52/d229a1c3-b8ad-46ad-9bdb-8311fd460a5f/c85f6701-9eae-4a9f-b770-87eee2dae9fc/Logo_color_lockup@3x.png,True,"& care Vegan Leather 100% Wipe clean. Imported. Shipping & returns Customers also viewed Team USA Oversized Crop Sweatshirt $78.00 $54.00 30% off + extra 10% in the app GapStudio Poplin Belted Maxi Shirtdress $178.00 $54.97 Final sale + extra 50% off at checkout Robert Indiana LOVE Poplin PJ Shirt $58.00 $46.00 20% off + extra 10% in the app Robert Indiana LOVE Crew Socks $14.00 $11.00 20% off + extra 10% in the app GapStudio Low Rise Boot Trousers $128.00 $74.97 Final sale + extra 50% off at checkout Robert Indiana Love Denim Bag $34.00 $27.00 20% off + extra 10% in the app Robert Indiana VintageSoft LOVE Sweatshirt $78.00 $62.00 20% off + extra 10% in the app GapStudio Rib T-Shirt $88.00 $44.97 Final sale + extra 50% off at checkout GapStudio Low Rise Corduroy Wide-Leg Pants $128.00 $104.97 Final sale + extra 50% off at checkout GapStudio Tailored Blazer Dress $248.00 $119.97 Final sale + extra 50% off at checkout GapStudio Sheer Bow Shirt $118.00 $74.97 Final sale + extra 50% off at checkout GapStudio Satin Midi Dress $118.00 $84.97 Final sale + extra 50% off at checkout GapStudio Vegan Patent Leather Mini Dress $148.00 $69.97 Final sale + extra 50% off at checkout Adult Team USA Oversized Anorak $118.00 $82.00 30% off + extra 10% in the app GapStudio Low Rise Denim Tweed Loose Jeans $128.00 $89.97 Final sale + extra 50% off at checkout The Biggest Little Sale: 40% off all kids’ & baby styles + more See It First Enter your email address Join Privacy Policy Customer Support Customer Service Buy Online. Pick Up In-Store. Store Locator GapCash GiftCards Gap Good Rewards Join Gap Good Rewards Apply for a Credit Card My Rewards & Benefits Pay Credit Card Bill Learn More About Us Our Values Careers Get the App Sign up for Text Messages Join Our Creator Community © 2026 The Gap, Inc. | Privacy Policy | Your Privacy Choices | Your California Privacy Rights | California Transparency in Supply Chains Act | Terms of Use | Careers | Sustainability | About Gap Inc. Americans with Disabilities Act | Gap Inc. Policies Feedback","& care Vegan Leather 100% Wipe clean. Imported. Shipping & returns Customers also viewed Team USA Oversized Crop Sweatshirt $78.00 $54.00 30% off + extra 10% in the app GapStudio Poplin Belted Maxi Shirtdress $178.00 $54.97 Final sale + extra 50% off at checkout Robert Indiana LOVE Poplin PJ Shirt $58.00 $46.00 20% off + extra 10% in the app Robert Indiana LOVE Crew Socks $14.00 $11.00 20% off + extra 10% in the app GapStudio Low Rise Boot Trousers $128.00 $74.97 Final sale + extra 50% off at checkout Robert Indiana Love Denim Bag $34.00 $27.00 20% off + extra 10% in the app Robert Indiana VintageSoft LOVE Sweatshirt $78.00 $62.00 20% off + extra 10% in the app GapStudio Rib T-Shirt $88.00 $44.97 Final sale + extra 50% off at checkout GapStudio Low Rise Corduroy Wide-Leg Pants $128.00 $104.97 Final sale + extra 50% off at checkout GapStudio Tailored Blazer Dress $248.00 $119.97 Final sale + extra 50% off at checkout GapStudio Sheer Bow Shirt $118.00 $74.97 Final sale + extra 50% off at checkout GapStudio Satin Midi Dress $118.00 $84.97 Final sale + extra 50% off at checkout GapStudio Vegan Patent Leather Mini Dress $148.00 $69.97 Final sale + extra 50% off at checkout Adult Team USA Oversized Anorak $118.00 $82.00 30% off + extra 10% in the app GapStudio Low Rise Denim Tweed Loose Jeans $128.00 $89.97 Final sale + extra 50% off at checkout The Biggest Little Sale: 40% off all kids’ & baby styles + more See It First Enter your email address Join Privacy Policy Customer Support Customer Service Buy Online. Pick Up In-Store. Store Locator GapCash GiftCards Gap Good Rewards Join Gap Good Rewards Apply for a Credit Card My Rewards & Benefits Pay Credit Card Bill Learn More About Us Our Values Careers Get the App Sign up for Text Messages Join Our Creator Community © 2026 The Gap, Inc. | Privacy Policy | Your Privacy Choices | Your California Privacy Rights | California Transparency in Supply Chains Act | Terms of Use | Careers | Sustainability | About Gap Inc. Americans with Disabilities Act | Gap Inc. Policies Feedback",Vegan Pebble Leather Slouchy Crossbody Bag,,USD,54.99,64.95,This slouchy crossbody bag is made with a vegan pebble leather upper. Adjustable shoulder strap. Zipper closure. Inner patch pocket. #823339,823339012,https://www.gap.com/browse/product.do?pid=823339012&vid=1&pcid=3046544&cid=3046544,False,10,,2026-02-22,One Size,823339,
In stock,5,,Gap,"Outer: 70% Cotton, 30% Nylon. Lining: 100% Polyester. Wipe clean. Imported. Shipping & returns Customers also viewed Kids Quilted Weekender Bag $69.95 $34.00 50% off + extra 10% in the app Kids Hello Kitty Duffle Bag $89.95 $53.00 40% off + extra 10% in the app Kids Quilted Weekender Bag $69.95 $41.00 40% off + extra 10% in the app Kids Bow Logo Crossbody Bag $34.95 $13.00 60% off + extra 10% in the app Kids Slouchy Varsity Quarter Crew Socks (7-Pack) $24.95 $14.00 40% off + extra 10% in the app You may also like Kids Quilted Brannan Bear Weekender Bag $69.95 $27.00 60% off + extra 10% in the app Kids Quilted Weekender Bag $69.95 $27.00 60% off + extra 10% in the app Kids Quilted Pouch $34.95 $20.00 40% off + extra 10% in the app Kids Faux Fur Backpack $39.95 $15.00 60% off + extra 10% in the app Kids Shimmer Straw Backpack $39.95 $23.00 40% off + extra 10% in the app Kids Recycled Lightweight Quilted Puffer Jacket $79.95 $39.00 50% off + extra 10% in the app Kids Oversized Quilted Zip Jacket $64.95 $38.00 40% off + extra 10% in the app Kids Recycled Lightweight Quilted Puffer Jacket $79.95 $39.00 50% off + extra 10% in the app Kids Puffer Jacket $108.00 $54.00 50% off + extra 10% in the app Kids Recycled Lightweight Quilted Puffer Jacket $79.95 $39.00 50% off + extra 10% in the app",Girls / Shop All Accessories > Girls > Shop All Accessories,Orchid,"Soft, quilted cotton-blend duffel bag. Adjustable, removable shoulder strap. Handles at top, zip top closure. Exterior and interior patch pockets. Colorblock design. Fully lined. #820468",Size Guide,Size Guide,17,https://www.gap.com/webcontent/0059/961/248/cn59961248.jpg,https://www.gap.com/webcontent/0059/961/248/cn59961248.jpg | https://www.gap.com/webcontent/0056/071/943/cn56071943.jpg | https://www.gap.com/webcontent/0061/692/725/cn61692725.jpg | https://www.gap.com/webcontent/0061/830/819/cn61830819.jpg | https://www.gap.com/webcontent/0060/367/792/cn60367792.jpg | https://www.gap.com/webcontent/0061/625/796/cn61625796.jpg | https://www.gap.com/webcontent/0061/136/135/cn61136135.jpg | https://www.gap.com/webcontent/0060/366/819/cn60366819.jpg | https://www.gap.com/webcontent/0061/716/343/cn61716343.jpg | https://www.gap.com/webcontent/0061/120/754/cn61120754.jpg | https://www.gap.com/webcontent/0061/695/341/cn61695341.jpg | https://www.gap.com/webcontent/0060/411/506/cn60411506.jpg | https://www.gap.com/webcontent/0061/252/738/cn61252738.jpg | https://www.gap.com/webcontent/0060/249/516/cn60249516.jpg | https://www.gap.com/webcontent/0060/641/523/cn60641523.jpg | https://www.gap.com/webcontent/0060/249/494/cn60249494.jpg | https://cdn.cookielaw.org/logos/e1cf9ab6-fc39-4557-b4ef-4393861dad52/d229a1c3-b8ad-46ad-9bdb-8311fd460a5f/c85f6701-9eae-4a9f-b770-87eee2dae9fc/Logo_color_lockup@3x.png,True,"& care Outer: 70% Cotton, 30% Nylon. Lining: 100% Polyester. Wipe clean. Imported. Shipping & returns Customers also viewed Kids Quilted Weekender Bag $69.95 $34.00 50% off + extra 10% in the app Kids Hello Kitty Duffle Bag $89.95 $53.00 40% off + extra 10% in the app Kids Quilted Weekender Bag $69.95 $41.00 40% off + extra 10% in the app Kids Bow Logo Crossbody Bag $34.95 $13.00 60% off + extra 10% in the app Kids Slouchy Varsity Quarter Crew Socks (7-Pack) $24.95 $14.00 40% off + extra 10% in the app You may also like Kids Quilted Brannan Bear Weekender Bag $69.95 $27.00 60% off + extra 10% in the app Kids Quilted Weekender Bag $69.95 $27.00 60% off + extra 10% in the app Kids Quilted Pouch $34.95 $20.00 40% off + extra 10% in the app Kids Faux Fur Backpack $39.95 $15.00 60% off + extra 10% in the app Kids Shimmer Straw Backpack $39.95 $23.00 40% off + extra 10% in the app Kids Recycled Lightweight Quilted Puffer Jacket $79.95 $39.00 50% off + extra 10% in the app Kids Oversized Quilted Zip Jacket $64.95 $38.00 40% off + extra 10% in the app Kids Recycled Lightweight Quilted Puffer Jacket $79.95 $39.00 50% off + extra 10% in the app Kids Puffer Jacket $108.00 $54.00 50% off + extra 10% in the app Kids Recycled Lightweight Quilted Puffer Jacket $79.95 $39.00 50% off + extra 10% in the app","& care Outer: 70% Cotton, 30% Nylon. Lining: 100% Polyester. Wipe clean. Imported. Shipping & returns Customers also viewed Kids Quilted Weekender Bag $69.95 $34.00 50% off + extra 10% in the app Kids Hello Kitty Duffle Bag $89.95 $53.00 40% off + extra 10% in the app Kids Quilted Weekender Bag $69.95 $41.00 40% off + extra 10% in the app Kids Bow Logo Crossbody Bag $34.95 $13.00 60% off + extra 10% in the app Kids Slouchy Varsity Quarter Crew Socks (7-Pack) $24.95 $14.00 40% off + extra 10% in the app You may also like Kids Quilted Brannan Bear Weekender Bag $69.95 $27.00 60% off + extra 10% in the app Kids Quilted Weekender Bag $69.95 $27.00 60% off + extra 10% in the app Kids Quilted Pouch $34.95 $20.00 40% off + extra 10% in the app Kids Faux Fur Backpack $39.95 $15.00 60% off + extra 10% in the app Kids Shimmer Straw Backpack $39.95 $23.00 40% off + extra 10% in the app Kids Recycled Lightweight Quilted Puffer Jacket $79.95 $39.00 50% off + extra 10% in the app Kids Oversized Quilted Zip Jacket $64.95 $38.00 40% off + extra 10% in the app Kids Recycled Lightweight Quilted Puffer Jacket $79.95 $39.00 50% off + extra 10% in the app Kids Puffer Jacket $108.00 $54.00 50% off + extra 10% in the app Kids Recycled Lightweight Quilted Puffer Jacket $79.95 $39.00 50% off + extra 10% in the app",Kids Quilted Colorblock Duffel Bag,,USD,34.0,69.95,"Soft, quilted cotton-blend duffel bag. Adjustable, removable shoulder strap. Handles at top, zip top closure. Exterior and interior patch pockets. Colorblock design. Fully lined. #820468",820468002,https://www.gap.com/browse/product.do?pid=820468002&vid=1&pcid=3046567&cid=3046567,False,10,10,2026-02-22,One Size,820468,
In stock,4.9,,Gap,Bear: 100% Polyester. Wipe clean. Imported. Shipping & returns Customers also viewed Gap Logo Tote Bag $54.95 $32.00 40% off + extra 10% in the app Logo Tote Keychain Charm $19.95 $11.00 40% off + extra 10% in the app Gap Logo Tote Bag $54.95 $43.00 20% off + extra 10% in the app Logo Tote Keychain Charm $19.95 $11.00 40% off + extra 10% in the app Gap Logo Tote Bag $54.95 $32.00 40% off + extra 10% in the app You may also like Brannan Bear Sleep Keychain Charm $19.95 $11.00 40% off + extra 10% in the app Gap Logo Tote Bag $54.95 $43.00 20% off + extra 10% in the app Logo Tote Keychain Charm $19.95 $15.00 20% off + extra 10% in the app Brannan Bear Nap Hoodie Keychain Charm $19.95 $11.00 40% off + extra 10% in the app Logo Hoodie Keychain Charm $14.95 $7.00 50% off + extra 10% in the app Logo Tote Keychain Charm $19.95 $11.00 40% off + extra 10% in the app Brannan Bear Sweater Keychain Charm $19.95 $11.00 40% off + extra 10% in the app Logo Tote Keychain Charm $19.95 $11.00 40% off + extra 10% in the app Gap Logo Tote Bag $59.95 Extra 10% off in the app Logo Hoodie Keychain Charm $14.95 $7.00 50% off + extra 10% in the app,Women / Bags & Bag Charms > Women > Bags & Bag Charms,Heather grey logo | Modern red logo | Super pink neon,"This keychain charm is made of soft knit and faux fur with a metal key ring. Embroidered bear detail and Gap logo at front. This product was made in a factory that invests in gender equity and women’s empowerment through RISE. Learn more at <a href="" https://www.gapinc.com/en-us/impact/bridging-the-equity-gap/p-a-c-e-and-rise""><u>gapinc.com/equity </u></a>. Product #830127",Size Guide,Size Guide,23,https://www.gap.com/webcontent/0060/416/055/cn60416055.jpg,"https://www.gap.com/webcontent/0060/416/055/cn60416055.jpg | https://www.gap.com/webcontent/0060/414/183/cn60414183.jpg | https://www.gap.com/webcontent/0060/414/454/cn60414454.jpg | https://www.gap.com/webcontent/0060/416/046/cn60416046.jpg | https://www.gap.com/webcontent/0060/414/165/cn60414165.jpg | https://www.gap.com/webcontent/0060/414/438/cn60414438.jpg | https://www.gap.com/webcontent/0061/519/158/cn61519158.jpg | https://www.gap.com/webcontent/0061/518/506/cn61518506.jpg | https://www.gap.com/webcontent/0061/603/953/cn61603953.jpg | https://www.gap.com/webcontent/0061/502/307/cn61502307.jpg | https://www.gap.com/webcontent/0061/708/096/cn61708096.jpg | https://www.gap.com/webcontent/0061/456/364/cn61456364.jpg | https://www.gap.com/webcontent/0061/502/386/cn61502386.jpg | https://www.gap.com/webcontent/0061/728/229/cn61728229.jpg | https://www.gap.com/webcontent/0061/456/373/cn61456373.jpg | https://www.gap.com/webcontent/0059/961/291/cn59961291.jpg | https://www.gap.com/webcontent/0059/961/326/cn59961326.jpg | https://www.gap.com/webcontent/0061/519/686/cn61519686.jpg | https://www.gap.com/webcontent/0059/961/294/cn59961294.jpg | https://www.gap.com/webcontent/0061/603/956/cn61603956.jpg | https://www.gap.com/webcontent/0059/961/274/cn59961274.jpg | https://media.powerreviews.com/image/upload/c_thumb,d_portal-no-product-image_ttlfpi.svg,h_150,q_auto,w_150/d_portal-no-product-image_ttlfpi.svg/prod/zi5z04s4a1jzcazgls7i.webp | https://cdn.cookielaw.org/logos/e1cf9ab6-fc39-4557-b4ef-4393861dad52/d229a1c3-b8ad-46ad-9bdb-8311fd460a5f/c85f6701-9eae-4a9f-b770-87eee2dae9fc/Logo_color_lockup@3x.png",True,& care Bear: 100% Polyester. Wipe clean. Imported. Shipping & returns Customers also viewed Gap Logo Tote Bag $54.95 $32.00 40% off + extra 10% in the app Logo Tote Keychain Charm $19.95 $11.00 40% off + extra 10% in the app Gap Logo Tote Bag $54.95 $43.00 20% off + extra 10% in the app Logo Tote Keychain Charm $19.95 $11.00 40% off + extra 10% in the app Gap Logo Tote Bag $54.95 $32.00 40% off + extra 10% in the app You may also like Brannan Bear Sleep Keychain Charm $19.95 $11.00 40% off + extra 10% in the app Gap Logo Tote Bag $54.95 $43.00 20% off + extra 10% in the app Logo Tote Keychain Charm $19.95 $15.00 20% off + extra 10% in the app Brannan Bear Nap Hoodie Keychain Charm $19.95 $11.00 40% off + extra 10% in the app Logo Hoodie Keychain Charm $14.95 $7.00 50% off + extra 10% in the app Logo Tote Keychain Charm $19.95 $11.00 40% off + extra 10% in the app Brannan Bear Sweater Keychain Charm $19.95 $11.00 40% off + extra 10% in the app Logo Tote Keychain Charm $19.95 $11.00 40% off + extra 10% in the app Gap Logo Tote Bag $59.95 Extra 10% off in the app Logo Hoodie Keychain Charm $14.95 $7.00 50% off + extra 10% in the app,& care Bear: 100% Polyester. Wipe clean. Imported. Shipping & returns Customers also viewed Gap Logo Tote Bag $54.95 $32.00 40% off + extra 10% in the app Logo Tote Keychain Charm $19.95 $11.00 40% off + extra 10% in the app Gap Logo Tote Bag $54.95 $43.00 20% off + extra 10% in the app Logo Tote Keychain Charm $19.95 $11.00 40% off + extra 10% in the app Gap Logo Tote Bag $54.95 $32.00 40% off + extra 10% in the app You may also like Brannan Bear Sleep Keychain Charm $19.95 $11.00 40% off + extra 10% in the app Gap Logo Tote Bag $54.95 $43.00 20% off + extra 10% in the app Logo Tote Keychain Charm $19.95 $15.00 20% off + extra 10% in the app Brannan Bear Nap Hoodie Keychain Charm $19.95 $11.00 40% off + extra 10% in the app Logo Hoodie Keychain Charm $14.95 $7.00 50% off + extra 10% in the app Logo Tote Keychain Charm $19.95 $11.00 40% off + extra 10% in the app Brannan Bear Sweater Keychain Charm $19.95 $11.00 40% off + extra 10% in the app Logo Tote Keychain Charm $19.95 $11.00 40% off + extra 10% in the app Gap Logo Tote Bag $59.95 Extra 10% off in the app Logo Hoodie Keychain Charm $14.95 $7.00 50% off + extra 10% in the app,Brannan Bear Hoodie Keychain Charm,,USD,11.0,19.95,This keychain charm is made of soft knit and faux fur with a metal key ring. Embroidered bear detail and Gap logo at front. This product was made in a factory that invests in gender equity and women’s empowerment through RISE. Learn more at gapinc.com/equity . Product #830127 Fabric & care Bear: 100% Polyester. Wipe clean. Imported. Shipping & returns Customers also viewed Gap Logo Tote Bag $54.95 $32.00 40% off + extra 10% in the app Logo Tote Keychain Charm $19.95 $11.00 40% off + extra 10% in the app Gap Logo Tote Bag $54.95 $43.00 20% off + extra 10% in the app Logo Tote Keychain Charm $19.95 $11.00 40% off + extra 10% in the app Gap Logo Tote Bag $54.95 $32.00 40% off + extra 10% in the app You may also like Brannan Bear Sleep Keychain Charm $19.95 $11.00 40% off + extra 10% in the app Gap Logo Tote Bag $54.95 $43.00 20% off + extra 10% in the app Logo Tote Keychain Charm $19.95 $15.00 20% off + extra 10% in the app Brannan Bear Nap Hoodie Keychain Charm $19.95 $11.00 40% off + extra 10% in the app Logo Hoodie Keychain Charm $14.95 $7.00 50% off + extra 10% in the app Logo Tote Keychain Charm $19.95 $11.00 40% off + extra 10% in the app Brannan Bear Sweater Keychain Charm $19.95 $11.00 40% off + extra 10% in the app Logo Tote Keychain Charm $19.95 $11.00 40% off + extra 10% in the app Gap Logo Tote Bag $59.95 Extra 10% off in the app Logo Hoodie Keychain Charm $14.95 $7.00 50% off + extra 10% in the app,830127022,https://www.gap.com/browse/product.do?pid=830127022&vid=1&pcid=3046544&cid=3046544,False,35,32,2026-02-22,One Size,830127,
In stock,4.9,,Gap,Bear: 100% Polyester. Wipe clean. Imported. Shipping & returns Customers also viewed Logo Tote Keychain Charm $19.95 $15.00 20% off + extra 10% in the app Brannan Bear Scarf Keychain Charm $19.95 $9.00 50% off + extra 10% in the app Logo Hoodie Keychain Charm $14.95 $7.00 50% off + extra 10% in the app Gap Logo Tote Bag $54.95 $43.00 20% off + extra 10% in the app Logo Tote Keychain Charm $19.95 $11.00 40% off + extra 10% in the app You may also like Brannan Bear Sleep Keychain Charm $19.95 $11.00 40% off + extra 10% in the app Brannan Bear Sweater Keychain Charm $19.95 $11.00 40% off + extra 10% in the app Logo Tote Keychain Charm $19.95 $11.00 40% off + extra 10% in the app Gap Logo Tote Bag $54.95 $43.00 20% off + extra 10% in the app Brannan Bear Denim Jacket Keychain Charm $19.95 $13.00 30% off + extra 10% in the app Gap Logo Tote Bag $54.95 $43.00 20% off + extra 10% in the app Brannan Bear Nap Hoodie Keychain Charm $19.95 $11.00 40% off + extra 10% in the app Gap Logo Tote Bag $54.95 $32.00 40% off + extra 10% in the app Gap Jeans Keychain Charm $19.95 $11.00 40% off + extra 10% in the app Gap Logo Tote Bag $54.95 $32.00 40% off + extra 10% in the app,Women / Bags & Bag Charms > Women > Bags & Bag Charms,Heather grey logo | Modern red logo | Super pink neon,"This keychain charm is made of soft knit and faux fur with a metal key ring. Embroidered bear detail and Gap logo at front. This product was made in a factory that invests in gender equity and women’s empowerment through RISE. Learn more at <a href="" https://www.gapinc.com/en-us/impact/bridging-the-equity-gap/p-a-c-e-and-rise""><u>gapinc.com/equity </u></a>. Product #830127",Size Guide,Size Guide,25,https://www.gap.com/webcontent/0060/625/996/cn60625996.jpg,"https://www.gap.com/webcontent/0060/625/996/cn60625996.jpg | https://www.gap.com/webcontent/0060/557/833/cn60557833.jpg | https://www.gap.com/webcontent/0060/584/201/cn60584201.jpg | https://www.gap.com/webcontent/0061/314/890/cn61314890.jpg | https://www.gap.com/webcontent/0060/625/994/cn60625994.jpg | https://www.gap.com/webcontent/0060/557/823/cn60557823.jpg | https://www.gap.com/webcontent/0060/584/196/cn60584196.jpg | https://www.gap.com/webcontent/0061/314/888/cn61314888.jpg | https://www.gap.com/webcontent/0061/728/229/cn61728229.jpg | https://www.gap.com/webcontent/0061/456/379/cn61456379.jpg | https://www.gap.com/webcontent/0059/961/291/cn59961291.jpg | https://www.gap.com/webcontent/0061/502/386/cn61502386.jpg | https://www.gap.com/webcontent/0061/502/307/cn61502307.jpg | https://www.gap.com/webcontent/0061/456/364/cn61456364.jpg | https://www.gap.com/webcontent/0061/519/686/cn61519686.jpg | https://www.gap.com/webcontent/0061/502/328/cn61502328.jpg | https://www.gap.com/webcontent/0061/518/912/cn61518912.jpg | https://www.gap.com/webcontent/0061/438/679/cn61438679.jpg | https://www.gap.com/webcontent/0061/603/953/cn61603953.jpg | https://www.gap.com/webcontent/0061/456/373/cn61456373.jpg | https://www.gap.com/webcontent/0061/502/377/cn61502377.jpg | https://www.gap.com/webcontent/0061/645/883/cn61645883.jpg | https://www.gap.com/webcontent/0061/708/096/cn61708096.jpg | https://media.powerreviews.com/image/upload/c_thumb,d_portal-no-product-image_ttlfpi.svg,h_150,q_auto,w_150/d_portal-no-product-image_ttlfpi.svg/prod/zi5z04s4a1jzcazgls7i.webp | https://cdn.cookielaw.org/logos/e1cf9ab6-fc39-4557-b4ef-4393861dad52/d229a1c3-b8ad-46ad-9bdb-8311fd460a5f/c85f6701-9eae-4a9f-b770-87eee2dae9fc/Logo_color_lockup@3x.png",True,& care Bear: 100% Polyester. Wipe clean. Imported. Shipping & returns Customers also viewed Logo Tote Keychain Charm $19.95 $15.00 20% off + extra 10% in the app Brannan Bear Scarf Keychain Charm $19.95 $9.00 50% off + extra 10% in the app Logo Hoodie Keychain Charm $14.95 $7.00 50% off + extra 10% in the app Gap Logo Tote Bag $54.95 $43.00 20% off + extra 10% in the app Logo Tote Keychain Charm $19.95 $11.00 40% off + extra 10% in the app You may also like Brannan Bear Sleep Keychain Charm $19.95 $11.00 40% off + extra 10% in the app Brannan Bear Sweater Keychain Charm $19.95 $11.00 40% off + extra 10% in the app Logo Tote Keychain Charm $19.95 $11.00 40% off + extra 10% in the app Gap Logo Tote Bag $54.95 $43.00 20% off + extra 10% in the app Brannan Bear Denim Jacket Keychain Charm $19.95 $13.00 30% off + extra 10% in the app Gap Logo Tote Bag $54.95 $43.00 20% off + extra 10% in the app Brannan Bear Nap Hoodie Keychain Charm $19.95 $11.00 40% off + extra 10% in the app Gap Logo Tote Bag $54.95 $32.00 40% off + extra 10% in the app Gap Jeans Keychain Charm $19.95 $11.00 40% off + extra 10% in the app Gap Logo Tote Bag $54.95 $32.00 40% off + extra 10% in the app,& care Bear: 100% Polyester. Wipe clean. Imported. Shipping & returns Customers also viewed Logo Tote Keychain Charm $19.95 $15.00 20% off + extra 10% in the app Brannan Bear Scarf Keychain Charm $19.95 $9.00 50% off + extra 10% in the app Logo Hoodie Keychain Charm $14.95 $7.00 50% off + extra 10% in the app Gap Logo Tote Bag $54.95 $43.00 20% off + extra 10% in the app Logo Tote Keychain Charm $19.95 $11.00 40% off + extra 10% in the app You may also like Brannan Bear Sleep Keychain Charm $19.95 $11.00 40% off + extra 10% in the app Brannan Bear Sweater Keychain Charm $19.95 $11.00 40% off + extra 10% in the app Logo Tote Keychain Charm $19.95 $11.00 40% off + extra 10% in the app Gap Logo Tote Bag $54.95 $43.00 20% off + extra 10% in the app Brannan Bear Denim Jacket Keychain Charm $19.95 $13.00 30% off + extra 10% in the app Gap Logo Tote Bag $54.95 $43.00 20% off + extra 10% in the app Brannan Bear Nap Hoodie Keychain Charm $19.95 $11.00 40% off + extra 10% in the app Gap Logo Tote Bag $54.95 $32.00 40% off + extra 10% in the app Gap Jeans Keychain Charm $19.95 $11.00 40% off + extra 10% in the app Gap Logo Tote Bag $54.95 $32.00 40% off + extra 10% in the app,Brannan Bear Hoodie Keychain Charm,,USD,17.0,19.95,This keychain charm is made of soft knit and faux fur with a metal key ring. Embroidered bear detail and Gap logo at front. This product was made in a factory that invests in gender equity and women’s empowerment through RISE. Learn more at gapinc.com/equity . Product #830127 Fabric & care Bear: 100% Polyester. Wipe clean. Imported. Shipping & returns Customers also viewed Logo Tote Keychain Charm $19.95 $15.00 20% off + extra 10% in the app Brannan Bear Scarf Keychain Charm $19.95 $9.00 50% off + extra 10% in the app Logo Hoodie Keychain Charm $14.95 $7.00 50% off + extra 10% in the app Gap Logo Tote Bag $54.95 $43.00 20% off + extra 10% in the app Logo Tote Keychain Charm $19.95 $11.00 40% off + extra 10% in the app You may also like Brannan Bear Sleep Keychain Charm $19.95 $11.00 40% off + extra 10% in the app Brannan Bear Sweater Keychain Charm $19.95 $11.00 40% off + extra 10% in the app Logo Tote Keychain Charm $19.95 $11.00 40% off + extra 10% in the app Gap Logo Tote Bag $54.95 $43.00 20% off + extra 10% in the app Brannan Bear Denim Jacket Keychain Charm $19.95 $13.00 30% off + extra 10% in the app Gap Logo Tote Bag $54.95 $43.00 20% off + extra 10% in the app Brannan Bear Nap Hoodie Keychain Charm $19.95 $11.00 40% off + extra 10% in the app Gap Logo Tote Bag $54.95 $32.00 40% off + extra 10% in the app Gap Jeans Keychain Charm $19.95 $11.00 40% off + extra 10% in the app Gap Logo Tote Bag $54.95 $32.00 40% off + extra 10% in the app,830127002,https://www.gap.com/browse/product.do?pid=830127002&vid=1&pcid=3046544&cid=3046544,False,35,32,2026-02-22,One Size,830127,
In stock,4.9,,Gap,Bear: 100% Polyester. Wipe clean. Imported. Shipping & returns Customers also viewed Logo Tote Keychain Charm $19.95 $11.00 40% off + extra 10% in the app Gap Logo Tote Bag $54.95 $43.00 20% off + extra 10% in the app Logo Tote Keychain Charm $19.95 $15.00 20% off + extra 10% in the app Gap Logo Tote Bag $54.95 $32.00 40% off + extra 10% in the app Logo Hoodie Keychain Charm $14.95 $7.00 50% off + extra 10% in the app You may also like Brannan Bear Sleep Keychain Charm $19.95 $11.00 40% off + extra 10% in the app Gap Logo Tote Bag $54.95 $43.00 20% off + extra 10% in the app Logo Tote Keychain Charm $19.95 $11.00 40% off + extra 10% in the app Gap Logo Tote Bag $54.95 $32.00 40% off + extra 10% in the app Brannan Bear Nap Hoodie Keychain Charm $19.95 $11.00 40% off + extra 10% in the app Gap Logo Tote Bag $54.95 $43.00 20% off + extra 10% in the app Brannan Bear Sweater Keychain Charm $19.95 $11.00 40% off + extra 10% in the app Logo Tote Keychain Charm $19.95 $11.00 40% off + extra 10% in the app Brannan Bear T-Shirt Keychain Charm $19.95 $9.00 50% off + extra 10% in the app Logo Tote Keychain Charm $19.95 $11.00 40% off + extra 10% in the app,Women / Bags & Bag Charms > Women > Bags & Bag Charms,Heather grey logo | Modern red logo | Super pink neon,"This keychain charm is made of soft knit and faux fur with a metal key ring. Embroidered bear detail and Gap logo at front. This product was made in a factory that invests in gender equity and women’s empowerment through RISE. Learn more at <a href="" https://www.gapinc.com/en-us/impact/bridging-the-equity-gap/p-a-c-e-and-rise""><u>gapinc.com/equity </u></a>. Product #830127",Size Guide,Size Guide,23,https://www.gap.com/webcontent/0060/519/081/cn60519081.jpg,"https://www.gap.com/webcontent/0060/519/081/cn60519081.jpg | https://www.gap.com/webcontent/0060/518/480/cn60518480.jpg | https://www.gap.com/webcontent/0061/315/011/cn61315011.jpg | https://www.gap.com/webcontent/0060/519/072/cn60519072.jpg | https://www.gap.com/webcontent/0060/518/472/cn60518472.jpg | https://www.gap.com/webcontent/0061/315/007/cn61315007.jpg | https://www.gap.com/webcontent/0061/518/506/cn61518506.jpg | https://www.gap.com/webcontent/0061/502/386/cn61502386.jpg | https://www.gap.com/webcontent/0061/728/229/cn61728229.jpg | https://www.gap.com/webcontent/0061/708/096/cn61708096.jpg | https://www.gap.com/webcontent/0059/961/291/cn59961291.jpg | https://www.gap.com/webcontent/0061/456/364/cn61456364.jpg | https://www.gap.com/webcontent/0061/518/912/cn61518912.jpg | https://www.gap.com/webcontent/0059/961/294/cn59961294.jpg | https://www.gap.com/webcontent/0061/519/158/cn61519158.jpg | https://www.gap.com/webcontent/0061/456/373/cn61456373.jpg | https://www.gap.com/webcontent/0061/603/953/cn61603953.jpg | https://www.gap.com/webcontent/0061/519/686/cn61519686.jpg | https://www.gap.com/webcontent/0059/961/326/cn59961326.jpg | https://www.gap.com/webcontent/0061/645/812/cn61645812.jpg | https://www.gap.com/webcontent/0061/502/328/cn61502328.jpg | https://media.powerreviews.com/image/upload/c_thumb,d_portal-no-product-image_ttlfpi.svg,h_150,q_auto,w_150/d_portal-no-product-image_ttlfpi.svg/prod/zi5z04s4a1jzcazgls7i.webp | https://cdn.cookielaw.org/logos/e1cf9ab6-fc39-4557-b4ef-4393861dad52/d229a1c3-b8ad-46ad-9bdb-8311fd460a5f/c85f6701-9eae-4a9f-b770-87eee2dae9fc/Logo_color_lockup@3x.png",True,& care Bear: 100% Polyester. Wipe clean. Imported. Shipping & returns Customers also viewed Logo Tote Keychain Charm $19.95 $11.00 40% off + extra 10% in the app Gap Logo Tote Bag $54.95 $43.00 20% off + extra 10% in the app Logo Tote Keychain Charm $19.95 $15.00 20% off + extra 10% in the app Gap Logo Tote Bag $54.95 $32.00 40% off + extra 10% in the app Logo Hoodie Keychain Charm $14.95 $7.00 50% off + extra 10% in the app You may also like Brannan Bear Sleep Keychain Charm $19.95 $11.00 40% off + extra 10% in the app Gap Logo Tote Bag $54.95 $43.00 20% off + extra 10% in the app Logo Tote Keychain Charm $19.95 $11.00 40% off + extra 10% in the app Gap Logo Tote Bag $54.95 $32.00 40% off + extra 10% in the app Brannan Bear Nap Hoodie Keychain Charm $19.95 $11.00 40% off + extra 10% in the app Gap Logo Tote Bag $54.95 $43.00 20% off + extra 10% in the app Brannan Bear Sweater Keychain Charm $19.95 $11.00 40% off + extra 10% in the app Logo Tote Keychain Charm $19.95 $11.00 40% off + extra 10% in the app Brannan Bear T-Shirt Keychain Charm $19.95 $9.00 50% off + extra 10% in the app Logo Tote Keychain Charm $19.95 $11.00 40% off + extra 10% in the app,& care Bear: 100% Polyester. Wipe clean. Imported. Shipping & returns Customers also viewed Logo Tote Keychain Charm $19.95 $11.00 40% off + extra 10% in the app Gap Logo Tote Bag $54.95 $43.00 20% off + extra 10% in the app Logo Tote Keychain Charm $19.95 $15.00 20% off + extra 10% in the app Gap Logo Tote Bag $54.95 $32.00 40% off + extra 10% in the app Logo Hoodie Keychain Charm $14.95 $7.00 50% off + extra 10% in the app You may also like Brannan Bear Sleep Keychain Charm $19.95 $11.00 40% off + extra 10% in the app Gap Logo Tote Bag $54.95 $43.00 20% off + extra 10% in the app Logo Tote Keychain Charm $19.95 $11.00 40% off + extra 10% in the app Gap Logo Tote Bag $54.95 $32.00 40% off + extra 10% in the app Brannan Bear Nap Hoodie Keychain Charm $19.95 $11.00 40% off + extra 10% in the app Gap Logo Tote Bag $54.95 $43.00 20% off + extra 10% in the app Brannan Bear Sweater Keychain Charm $19.95 $11.00 40% off + extra 10% in the app Logo Tote Keychain Charm $19.95 $11.00 40% off + extra 10% in the app Brannan Bear T-Shirt Keychain Charm $19.95 $9.00 50% off + extra 10% in the app Logo Tote Keychain Charm $19.95 $11.00 40% off + extra 10% in the app,Brannan Bear Hoodie Keychain Charm,,USD,11.0,19.95,This keychain charm is made of soft knit and faux fur with a metal key ring. Embroidered bear detail and Gap logo at front. This product was made in a factory that invests in gender equity and women’s empowerment through RISE. Learn more at gapinc.com/equity . Product #830127 Fabric & care Bear: 100% Polyester. Wipe clean. Imported. Shipping & returns Customers also viewed Logo Tote Keychain Charm $19.95 $11.00 40% off + extra 10% in the app Gap Logo Tote Bag $54.95 $43.00 20% off + extra 10% in the app Logo Tote Keychain Charm $19.95 $15.00 20% off + extra 10% in the app Gap Logo Tote Bag $54.95 $32.00 40% off + extra 10% in the app Logo Hoodie Keychain Charm $14.95 $7.00 50% off + extra 10% in the app You may also like Brannan Bear Sleep Keychain Charm $19.95 $11.00 40% off + extra 10% in the app Gap Logo Tote Bag $54.95 $43.00 20% off + extra 10% in the app Logo Tote Keychain Charm $19.95 $11.00 40% off + extra 10% in the app Gap Logo Tote Bag $54.95 $32.00 40% off + extra 10% in the app Brannan Bear Nap Hoodie Keychain Charm $19.95 $11.00 40% off + extra 10% in the app Gap Logo Tote Bag $54.95 $43.00 20% off + extra 10% in the app Brannan Bear Sweater Keychain Charm $19.95 $11.00 40% off + extra 10% in the app Logo Tote Keychain Charm $19.95 $11.00 40% off + extra 10% in the app Brannan Bear T-Shirt Keychain Charm $19.95 $9.00 50% off + extra 10% in the app Logo Tote Keychain Charm $19.95 $11.00 40% off + extra 10% in the app,830127012,https://www.gap.com/browse/product.do?pid=830127012&vid=1&pcid=3046544&cid=3046544,False,35,32,2026-02-22,One Size,830127,
In stock,4.7,,Gap,Polyurethane 100% Wipe clean. Imported. Shipping & returns Customers also viewed Brannan Bear Hoodie Keychain Charm $19.95 $17.00 Extra 10% off in the app Brannan Bear Scarf Keychain Charm $19.95 $9.00 50% off + extra 10% in the app Brannan Bear Hoodie Keychain Charm $19.95 $11.00 40% off + extra 10% in the app Gap Logo Tote Bag $59.95 $35.00 40% off + extra 10% in the app Logo Tote Keychain Charm $19.95 $11.00 40% off + extra 10% in the app You may also like Brannan Bear Hoodie Keychain Charm $19.95 $11.00 40% off + extra 10% in the app Logo Tote Keychain Charm $19.95 $11.00 40% off + extra 10% in the app Brannan Bear Nap Hoodie Keychain Charm $19.95 $11.00 40% off + extra 10% in the app Logo Tote Keychain Charm $19.95 $11.00 40% off + extra 10% in the app Gap Logo Tote Bag $54.95 $43.00 20% off + extra 10% in the app Logo Tote Keychain Charm $19.95 $11.00 40% off + extra 10% in the app Brannan Bear Sleep Keychain Charm $19.95 $11.00 40% off + extra 10% in the app Gap Logo Tote Bag $54.95 $32.00 40% off + extra 10% in the app Logo Tote Keychain Charm $19.95 $15.00 20% off + extra 10% in the app Toy Logo Hoodie $14.95 $7.00 50% off + extra 10% in the app,Women / Bags & Bag Charms > Women > Bags & Bag Charms,Black | Standout pink | Modern red,This keychain charm is made of plastic with a metal key ring. Hoodie design with Gap arch logo and kanga pocket. This product was made in a factory that invests in gender equity and women’s empowerment through RISE. Learn more at gapinc.com/equity. #830132,Size Guide,Size Guide,23,https://www.gap.com/webcontent/0059/961/288/cn59961288.jpg,"https://www.gap.com/webcontent/0059/961/288/cn59961288.jpg | https://www.gap.com/webcontent/0060/414/469/cn60414469.jpg | https://www.gap.com/webcontent/0061/314/899/cn61314899.jpg | https://www.gap.com/webcontent/0059/961/284/cn59961284.jpg | https://www.gap.com/webcontent/0060/414/442/cn60414442.jpg | https://www.gap.com/webcontent/0061/314/897/cn61314897.jpg | https://www.gap.com/webcontent/0060/625/989/cn60625989.jpg | https://www.gap.com/webcontent/0061/456/379/cn61456379.jpg | https://www.gap.com/webcontent/0060/416/018/cn60416018.jpg | https://www.gap.com/webcontent/0061/624/045/cn61624045.jpg | https://www.gap.com/webcontent/0059/961/326/cn59961326.jpg | https://www.gap.com/webcontent/0060/519/057/cn60519057.jpg | https://www.gap.com/webcontent/0061/502/307/cn61502307.jpg | https://www.gap.com/webcontent/0061/456/373/cn61456373.jpg | https://www.gap.com/webcontent/0061/518/506/cn61518506.jpg | https://www.gap.com/webcontent/0061/518/912/cn61518912.jpg | https://www.gap.com/webcontent/0061/502/310/cn61502310.jpg | https://www.gap.com/webcontent/0061/456/364/cn61456364.jpg | https://www.gap.com/webcontent/0061/519/158/cn61519158.jpg | https://www.gap.com/webcontent/0061/728/229/cn61728229.jpg | https://www.gap.com/webcontent/0061/283/114/cn61283114.jpg | https://media.powerreviews.com/image/upload/c_thumb,d_portal-no-product-image_ttlfpi.svg,h_150,q_auto,w_150/d_portal-no-product-image_ttlfpi.svg/prod/ajifedl8gnfqgasjne9s.webp | https://cdn.cookielaw.org/logos/e1cf9ab6-fc39-4557-b4ef-4393861dad52/d229a1c3-b8ad-46ad-9bdb-8311fd460a5f/c85f6701-9eae-4a9f-b770-87eee2dae9fc/Logo_color_lockup@3x.png",True,& care Polyurethane 100% Wipe clean. Imported. Shipping & returns Customers also viewed Brannan Bear Hoodie Keychain Charm $19.95 $17.00 Extra 10% off in the app Brannan Bear Scarf Keychain Charm $19.95 $9.00 50% off + extra 10% in the app Brannan Bear Hoodie Keychain Charm $19.95 $11.00 40% off + extra 10% in the app Gap Logo Tote Bag $59.95 $35.00 40% off + extra 10% in the app Logo Tote Keychain Charm $19.95 $11.00 40% off + extra 10% in the app You may also like Brannan Bear Hoodie Keychain Charm $19.95 $11.00 40% off + extra 10% in the app Logo Tote Keychain Charm $19.95 $11.00 40% off + extra 10% in the app Brannan Bear Nap Hoodie Keychain Charm $19.95 $11.00 40% off + extra 10% in the app Logo Tote Keychain Charm $19.95 $11.00 40% off + extra 10% in the app Gap Logo Tote Bag $54.95 $43.00 20% off + extra 10% in the app Logo Tote Keychain Charm $19.95 $11.00 40% off + extra 10% in the app Brannan Bear Sleep Keychain Charm $19.95 $11.00 40% off + extra 10% in the app Gap Logo Tote Bag $54.95 $32.00 40% off + extra 10% in the app Logo Tote Keychain Charm $19.95 $15.00 20% off + extra 10% in the app Toy Logo Hoodie $14.95 $7.00 50% off + extra 10% in the app,& care Polyurethane 100% Wipe clean. Imported. Shipping & returns Customers also viewed Brannan Bear Hoodie Keychain Charm $19.95 $17.00 Extra 10% off in the app Brannan Bear Scarf Keychain Charm $19.95 $9.00 50% off + extra 10% in the app Brannan Bear Hoodie Keychain Charm $19.95 $11.00 40% off + extra 10% in the app Gap Logo Tote Bag $59.95 $35.00 40% off + extra 10% in the app Logo Tote Keychain Charm $19.95 $11.00 40% off + extra 10% in the app You may also like Brannan Bear Hoodie Keychain Charm $19.95 $11.00 40% off + extra 10% in the app Logo Tote Keychain Charm $19.95 $11.00 40% off + extra 10% in the app Brannan Bear Nap Hoodie Keychain Charm $19.95 $11.00 40% off + extra 10% in the app Logo Tote Keychain Charm $19.95 $11.00 40% off + extra 10% in the app Gap Logo Tote Bag $54.95 $43.00 20% off + extra 10% in the app Logo Tote Keychain Charm $19.95 $11.00 40% off + extra 10% in the app Brannan Bear Sleep Keychain Charm $19.95 $11.00 40% off + extra 10% in the app Gap Logo Tote Bag $54.95 $32.00 40% off + extra 10% in the app Logo Tote Keychain Charm $19.95 $15.00 20% off + extra 10% in the app Toy Logo Hoodie $14.95 $7.00 50% off + extra 10% in the app,Logo Hoodie Keychain Charm,,USD,7.0,14.95,This keychain charm is made of plastic with a metal key ring. Hoodie design with Gap arch logo and kanga pocket. This product was made in a factory that invests in gender equity and women’s empowerment through RISE. Learn more at gapinc.com/equity. #830132 Fabric & care Polyurethane 100% Wipe clean. Imported. Shipping & returns Customers also viewed Brannan Bear Hoodie Keychain Charm $19.95 $17.00 Extra 10% off in the app Brannan Bear Scarf Keychain Charm $19.95 $9.00 50% off + extra 10% in the app Brannan Bear Hoodie Keychain Charm $19.95 $11.00 40% off + extra 10% in the app Gap Logo Tote Bag $59.95 $35.00 40% off + extra 10% in the app Logo Tote Keychain Charm $19.95 $11.00 40% off + extra 10% in the app You may also like Brannan Bear Hoodie Keychain Charm $19.95 $11.00 40% off + extra 10% in the app Logo Tote Keychain Charm $19.95 $11.00 40% off + extra 10% in the app Brannan Bear Nap Hoodie Keychain Charm $19.95 $11.00 40% off + extra 10% in the app Logo Tote Keychain Charm $19.95 $11.00 40% off + extra 10% in the app Gap Logo Tote Bag $54.95 $43.00 20% off + extra 10% in the app Logo Tote Keychain Charm $19.95 $11.00 40% off + extra 10% in the app Brannan Bear Sleep Keychain Charm $19.95 $11.00 40% off + extra 10% in the app Gap Logo Tote Bag $54.95 $32.00 40% off + extra 10% in the app Logo Tote Keychain Charm $19.95 $15.00 20% off + extra 10% in the app Toy Logo Hoodie $14.95 $7.00 50% off + extra 10% in the app,830132002,https://www.gap.com/browse/product.do?pid=830132002&vid=1&pcid=3046544&cid=3046544,False,9,5,2026-02-22,One Size,830132,
In stock,4.7,,Gap,Polyurethane 100% Wipe clean. Imported. Shipping & returns Customers also viewed Logo Tote Keychain Charm $19.95 $11.00 40% off + extra 10% in the app Toy Logo Hoodie $14.95 $7.00 50% off + extra 10% in the app Brannan Bear Denim Jacket Keychain Charm $19.95 $13.00 30% off + extra 10% in the app Toy Logo Hoodie $14.95 $7.00 50% off + extra 10% in the app Logo Tote Keychain Charm $19.95 $11.00 40% off + extra 10% in the app You may also like Brannan Bear Hoodie Keychain Charm $19.95 $17.00 Extra 10% off in the app Logo Tote Keychain Charm $19.95 $11.00 40% off + extra 10% in the app Gap Jeans Keychain Charm $19.95 $11.00 40% off + extra 10% in the app Logo Tote Keychain Charm $19.95 $11.00 40% off + extra 10% in the app Brannan Bear Sleep Keychain Charm $19.95 $11.00 40% off + extra 10% in the app Logo Tote Keychain Charm $19.95 $11.00 40% off + extra 10% in the app Brannan Bear Hoodie Keychain Charm $19.95 $11.00 40% off + extra 10% in the app Logo Tote Keychain Charm $19.95 $11.00 40% off + extra 10% in the app Toy Logo Hoodie $14.95 $7.00 50% off + extra 10% in the app Gap Logo Tote Bag $54.95 $43.00 20% off + extra 10% in the app,Women / Bags & Bag Charms > Women > Bags & Bag Charms,Black | Standout pink | Modern red,This keychain charm is made of plastic with a metal key ring. Hoodie design with Gap arch logo and kanga pocket. This product was made in a factory that invests in gender equity and women’s empowerment through RISE. Learn more at gapinc.com/equity. #830132,Size Guide,Size Guide,22,https://www.gap.com/webcontent/0060/518/995/cn60518995.jpg,"https://www.gap.com/webcontent/0060/518/995/cn60518995.jpg | https://www.gap.com/webcontent/0060/518/440/cn60518440.jpg | https://www.gap.com/webcontent/0060/518/492/cn60518492.jpg | https://www.gap.com/webcontent/0060/518/989/cn60518989.jpg | https://www.gap.com/webcontent/0060/518/436/cn60518436.jpg | https://www.gap.com/webcontent/0060/518/486/cn60518486.jpg | https://www.gap.com/webcontent/0061/502/310/cn61502310.jpg | https://www.gap.com/webcontent/0061/283/007/cn61283007.jpg | https://www.gap.com/webcontent/0061/438/679/cn61438679.jpg | https://www.gap.com/webcontent/0061/283/108/cn61283108.jpg | https://www.gap.com/webcontent/0061/502/307/cn61502307.jpg | https://www.gap.com/webcontent/0060/625/989/cn60625989.jpg | https://www.gap.com/webcontent/0061/518/506/cn61518506.jpg | https://www.gap.com/webcontent/0061/645/883/cn61645883.jpg | https://www.gap.com/webcontent/0060/260/930/cn60260930.jpg | https://www.gap.com/webcontent/0061/456/364/cn61456364.jpg | https://www.gap.com/webcontent/0059/961/294/cn59961294.jpg | https://www.gap.com/webcontent/0060/519/057/cn60519057.jpg | https://www.gap.com/webcontent/0061/520/379/cn61520379.jpg | https://www.gap.com/webcontent/0061/283/067/cn61283067.jpg | https://www.gap.com/webcontent/0061/502/386/cn61502386.jpg | https://media.powerreviews.com/image/upload/c_thumb,d_portal-no-product-image_ttlfpi.svg,h_150,q_auto,w_150/d_portal-no-product-image_ttlfpi.svg/prod/ajifedl8gnfqgasjne9s.webp",True,& care Polyurethane 100% Wipe clean. Imported. Shipping & returns Customers also viewed Logo Tote Keychain Charm $19.95 $11.00 40% off + extra 10% in the app Toy Logo Hoodie $14.95 $7.00 50% off + extra 10% in the app Brannan Bear Denim Jacket Keychain Charm $19.95 $13.00 30% off + extra 10% in the app Toy Logo Hoodie $14.95 $7.00 50% off + extra 10% in the app Logo Tote Keychain Charm $19.95 $11.00 40% off + extra 10% in the app You may also like Brannan Bear Hoodie Keychain Charm $19.95 $17.00 Extra 10% off in the app Logo Tote Keychain Charm $19.95 $11.00 40% off + extra 10% in the app Gap Jeans Keychain Charm $19.95 $11.00 40% off + extra 10% in the app Logo Tote Keychain Charm $19.95 $11.00 40% off + extra 10% in the app Brannan Bear Sleep Keychain Charm $19.95 $11.00 40% off + extra 10% in the app Logo Tote Keychain Charm $19.95 $11.00 40% off + extra 10% in the app Brannan Bear Hoodie Keychain Charm $19.95 $11.00 40% off + extra 10% in the app Logo Tote Keychain Charm $19.95 $11.00 40% off + extra 10% in the app Toy Logo Hoodie $14.95 $7.00 50% off + extra 10% in the app Gap Logo Tote Bag $54.95 $43.00 20% off + extra 10% in the app,& care Polyurethane 100% Wipe clean. Imported. Shipping & returns Customers also viewed Logo Tote Keychain Charm $19.95 $11.00 40% off + extra 10% in the app Toy Logo Hoodie $14.95 $7.00 50% off + extra 10% in the app Brannan Bear Denim Jacket Keychain Charm $19.95 $13.00 30% off + extra 10% in the app Toy Logo Hoodie $14.95 $7.00 50% off + extra 10% in the app Logo Tote Keychain Charm $19.95 $11.00 40% off + extra 10% in the app You may also like Brannan Bear Hoodie Keychain Charm $19.95 $17.00 Extra 10% off in the app Logo Tote Keychain Charm $19.95 $11.00 40% off + extra 10% in the app Gap Jeans Keychain Charm $19.95 $11.00 40% off + extra 10% in the app Logo Tote Keychain Charm $19.95 $11.00 40% off + extra 10% in the app Brannan Bear Sleep Keychain Charm $19.95 $11.00 40% off + extra 10% in the app Logo Tote Keychain Charm $19.95 $11.00 40% off + extra 10% in the app Brannan Bear Hoodie Keychain Charm $19.95 $11.00 40% off + extra 10% in the app Logo Tote Keychain Charm $19.95 $11.00 40% off + extra 10% in the app Toy Logo Hoodie $14.95 $7.00 50% off + extra 10% in the app Gap Logo Tote Bag $54.95 $43.00 20% off + extra 10% in the app,Logo Hoodie Keychain Charm,,USD,7.0,14.95,This keychain charm is made of plastic with a metal key ring. Hoodie design with Gap arch logo and kanga pocket. This product was made in a factory that invests in gender equity and women’s empowerment through RISE. Learn more at gapinc.com/equity. #830132 Fabric & care Polyurethane 100% Wipe clean. Imported. Shipping & returns Customers also viewed Logo Tote Keychain Charm $19.95 $11.00 40% off + extra 10% in the app Toy Logo Hoodie $14.95 $7.00 50% off + extra 10% in the app Brannan Bear Denim Jacket Keychain Charm $19.95 $13.00 30% off + extra 10% in the app Toy Logo Hoodie $14.95 $7.00 50% off + extra 10% in the app Logo Tote Keychain Charm $19.95 $11.00 40% off + extra 10% in the app You may also like Brannan Bear Hoodie Keychain Charm $19.95 $17.00 Extra 10% off in the app Logo Tote Keychain Charm $19.95 $11.00 40% off + extra 10% in the app Gap Jeans Keychain Charm $19.95 $11.00 40% off + extra 10% in the app Logo Tote Keychain Charm $19.95 $11.00 40% off + extra 10% in the app Brannan Bear Sleep Keychain Charm $19.95 $11.00 40% off + extra 10% in the app Logo Tote Keychain Charm $19.95 $11.00 40% off + extra 10% in the app Brannan Bear Hoodie Keychain Charm $19.95 $11.00 40% off + extra 10% in the app Logo Tote Keychain Charm $19.95 $11.00 40% off + extra 10% in the app Toy Logo Hoodie $14.95 $7.00 50% off + extra 10% in the app Gap Logo Tote Bag $54.95 $43.00 20% off + extra 10% in the app,830132022,https://www.gap.com/browse/product.do?pid=830132022&vid=1&pcid=3046544&cid=3046544,False,9,5,2026-02-22,One Size,830132,
In stock,5,,Gap,100% Cotton Spot clean. Imported. Shipping & returns Customers also viewed Toy Logo Hoodie $14.95 $7.00 50% off + extra 10% in the app Brannan Bear Sweater Keychain Charm $19.95 $11.00 40% off + extra 10% in the app Toy Logo Hoodie $14.95 $7.00 50% off + extra 10% in the app Brannan Bear Hoodie Keychain Charm $19.95 $17.00 Extra 10% off in the app Toy Logo Hoodie $14.95 $7.00 50% off + extra 10% in the app You may also like Brannan Bear Scarf Keychain Charm $19.95 $9.00 50% off + extra 10% in the app Logo Hoodie Keychain Charm $14.95 $7.00 50% off + extra 10% in the app Brannan Bear Nap Hoodie Keychain Charm $19.95 $11.00 40% off + extra 10% in the app Brannan Bear Denim Jacket Keychain Charm $19.95 $13.00 30% off + extra 10% in the app Gap Jeans Keychain Charm $19.95 $11.00 40% off + extra 10% in the app Logo Hoodie Keychain Charm $14.95 $7.00 50% off + extra 10% in the app Gap Logo Tote Bag $54.95 $43.00 20% off + extra 10% in the app Brannan Bear Logo Denim Tote Bag $59.95 $47.00 20% off + extra 10% in the app Gap Logo Tote Bag $54.95 $43.00 20% off + extra 10% in the app Denim Tote Bag $59.95 $41.00 30% off + extra 10% in the app,Women / Bags & Bag Charms > Women > Bags & Bag Charms,Red polka dot | Tangerine | Dark navy blue | Standout pink | Light denim | Modern red | Moonstone blue | Black gingham | Primrose pink | Navy polka dot | Moonless night | Neon pink glow | Havana yellow | Gasoline green | White denim,Soft canvas cotton logo tote bag keychain charm. #830138,Size Guide,Size Guide,21,https://www.gap.com/webcontent/0059/961/319/cn59961319.jpg,"https://www.gap.com/webcontent/0059/961/319/cn59961319.jpg | https://www.gap.com/webcontent/0060/414/467/cn60414467.jpg | https://www.gap.com/webcontent/0059/961/315/cn59961315.jpg | https://www.gap.com/webcontent/0060/414/453/cn60414453.jpg | https://www.gap.com/webcontent/0061/283/114/cn61283114.jpg | https://www.gap.com/webcontent/0061/519/686/cn61519686.jpg | https://www.gap.com/webcontent/0061/283/108/cn61283108.jpg | https://www.gap.com/webcontent/0060/625/989/cn60625989.jpg | https://www.gap.com/webcontent/0061/283/007/cn61283007.jpg | https://www.gap.com/webcontent/0061/456/379/cn61456379.jpg | https://www.gap.com/webcontent/0059/961/291/cn59961291.jpg | https://www.gap.com/webcontent/0061/456/373/cn61456373.jpg | https://www.gap.com/webcontent/0061/438/679/cn61438679.jpg | https://www.gap.com/webcontent/0061/645/883/cn61645883.jpg | https://www.gap.com/webcontent/0060/518/975/cn60518975.jpg | https://www.gap.com/webcontent/0061/518/912/cn61518912.jpg | https://www.gap.com/webcontent/0060/681/835/cn60681835.jpg | https://www.gap.com/webcontent/0061/603/953/cn61603953.jpg | https://www.gap.com/webcontent/0060/784/392/cn60784392.jpg | https://media.powerreviews.com/image/upload/c_thumb,d_portal-no-product-image_ttlfpi.svg,h_150,q_auto,w_150/d_portal-no-product-image_ttlfpi.svg/prod/lykvvbwlssij0wi40iht.webp | https://cdn.cookielaw.org/logos/e1cf9ab6-fc39-4557-b4ef-4393861dad52/d229a1c3-b8ad-46ad-9bdb-8311fd460a5f/c85f6701-9eae-4a9f-b770-87eee2dae9fc/Logo_color_lockup@3x.png",True,& care 100% Cotton Spot clean. Imported. Shipping & returns Customers also viewed Toy Logo Hoodie $14.95 $7.00 50% off + extra 10% in the app Brannan Bear Sweater Keychain Charm $19.95 $11.00 40% off + extra 10% in the app Toy Logo Hoodie $14.95 $7.00 50% off + extra 10% in the app Brannan Bear Hoodie Keychain Charm $19.95 $17.00 Extra 10% off in the app Toy Logo Hoodie $14.95 $7.00 50% off + extra 10% in the app You may also like Brannan Bear Scarf Keychain Charm $19.95 $9.00 50% off + extra 10% in the app Logo Hoodie Keychain Charm $14.95 $7.00 50% off + extra 10% in the app Brannan Bear Nap Hoodie Keychain Charm $19.95 $11.00 40% off + extra 10% in the app Brannan Bear Denim Jacket Keychain Charm $19.95 $13.00 30% off + extra 10% in the app Gap Jeans Keychain Charm $19.95 $11.00 40% off + extra 10% in the app Logo Hoodie Keychain Charm $14.95 $7.00 50% off + extra 10% in the app Gap Logo Tote Bag $54.95 $43.00 20% off + extra 10% in the app Brannan Bear Logo Denim Tote Bag $59.95 $47.00 20% off + extra 10% in the app Gap Logo Tote Bag $54.95 $43.00 20% off + extra 10% in the app Denim Tote Bag $59.95 $41.00 30% off + extra 10% in the app,& care 100% Cotton Spot clean. Imported. Shipping & returns Customers also viewed Toy Logo Hoodie $14.95 $7.00 50% off + extra 10% in the app Brannan Bear Sweater Keychain Charm $19.95 $11.00 40% off + extra 10% in the app Toy Logo Hoodie $14.95 $7.00 50% off + extra 10% in the app Brannan Bear Hoodie Keychain Charm $19.95 $17.00 Extra 10% off in the app Toy Logo Hoodie $14.95 $7.00 50% off + extra 10% in the app You may also like Brannan Bear Scarf Keychain Charm $19.95 $9.00 50% off + extra 10% in the app Logo Hoodie Keychain Charm $14.95 $7.00 50% off + extra 10% in the app Brannan Bear Nap Hoodie Keychain Charm $19.95 $11.00 40% off + extra 10% in the app Brannan Bear Denim Jacket Keychain Charm $19.95 $13.00 30% off + extra 10% in the app Gap Jeans Keychain Charm $19.95 $11.00 40% off + extra 10% in the app Logo Hoodie Keychain Charm $14.95 $7.00 50% off + extra 10% in the app Gap Logo Tote Bag $54.95 $43.00 20% off + extra 10% in the app Brannan Bear Logo Denim Tote Bag $59.95 $47.00 20% off + extra 10% in the app Gap Logo Tote Bag $54.95 $43.00 20% off + extra 10% in the app Denim Tote Bag $59.95 $41.00 30% off + extra 10% in the app,Logo Tote Keychain Charm,,USD,11.0,19.95,Soft canvas cotton logo tote bag keychain charm. #830138 Fabric & care 100% Cotton Spot clean. Imported. Shipping & returns Customers also viewed Toy Logo Hoodie $14.95 $7.00 50% off + extra 10% in the app Brannan Bear Sweater Keychain Charm $19.95 $11.00 40% off + extra 10% in the app Toy Logo Hoodie $14.95 $7.00 50% off + extra 10% in the app Brannan Bear Hoodie Keychain Charm $19.95 $17.00 Extra 10% off in the app Toy Logo Hoodie $14.95 $7.00 50% off + extra 10% in the app You may also like Brannan Bear Scarf Keychain Charm $19.95 $9.00 50% off + extra 10% in the app Logo Hoodie Keychain Charm $14.95 $7.00 50% off + extra 10% in the app Brannan Bear Nap Hoodie Keychain Charm $19.95 $11.00 40% off + extra 10% in the app Brannan Bear Denim Jacket Keychain Charm $19.95 $13.00 30% off + extra 10% in the app Gap Jeans Keychain Charm $19.95 $11.00 40% off + extra 10% in the app Logo Hoodie Keychain Charm $14.95 $7.00 50% off + extra 10% in the app Gap Logo Tote Bag $54.95 $43.00 20% off + extra 10% in the app Brannan Bear Logo Denim Tote Bag $59.95 $47.00 20% off + extra 10% in the app Gap Logo Tote Bag $54.95 $43.00 20% off + extra 10% in the app Denim Tote Bag $59.95 $41.00 30% off + extra 10% in the app,830138002,https://www.gap.com/browse/product.do?pid=830138002&vid=1&pcid=3046544&cid=3046544,False,22,22,2026-02-22,One Size,830138,
In stock,4.7,,Gap,Polyurethane 100% Wipe clean. Imported. Shipping & returns Customers also viewed Brannan Bear Scarf Keychain Charm $19.95 $9.00 50% off + extra 10% in the app Logo Tote Keychain Charm $19.95 $15.00 20% off + extra 10% in the app Logo Tote Keychain Charm $19.95 $11.00 40% off + extra 10% in the app Brannan Bear Hoodie Keychain Charm $19.95 $17.00 Extra 10% off in the app Logo Tote Keychain Charm $19.95 $11.00 40% off + extra 10% in the app You may also like Brannan Bear Sleep Keychain Charm $19.95 $11.00 40% off + extra 10% in the app Brannan Bear Sweater Keychain Charm $19.95 $11.00 40% off + extra 10% in the app Gap Logo Tote Bag $54.95 $43.00 20% off + extra 10% in the app Logo Tote Keychain Charm $19.95 $11.00 40% off + extra 10% in the app Brannan Bear Nap Hoodie Keychain Charm $19.95 $11.00 40% off + extra 10% in the app Logo Tote Keychain Charm $19.95 $11.00 40% off + extra 10% in the app Brannan Bear Hoodie Keychain Charm $19.95 $11.00 40% off + extra 10% in the app Brannan Bear Denim Jacket Keychain Charm $19.95 $13.00 30% off + extra 10% in the app Toy Logo Hoodie $14.95 $7.00 50% off + extra 10% in the app Logo Tote Keychain Charm $19.95 $11.00 40% off + extra 10% in the app,Women / Bags & Bag Charms > Women > Bags & Bag Charms,Black | Standout pink | Modern red,This keychain charm is made of plastic with a metal key ring. Hoodie design with Gap arch logo and kanga pocket. This product was made in a factory that invests in gender equity and women’s empowerment through RISE. Learn more at gapinc.com/equity. #830132,Size Guide,Size Guide,25,https://www.gap.com/webcontent/0059/961/305/cn59961305.jpg,"https://www.gap.com/webcontent/0059/961/305/cn59961305.jpg | https://www.gap.com/webcontent/0061/265/183/cn61265183.jpg | https://www.gap.com/webcontent/0059/959/798/cn59959798.jpg | https://www.gap.com/webcontent/0060/414/466/cn60414466.jpg | https://www.gap.com/webcontent/0059/961/300/cn59961300.jpg | https://www.gap.com/webcontent/0061/265/181/cn61265181.jpg | https://www.gap.com/webcontent/0059/959/791/cn59959791.jpg | https://www.gap.com/webcontent/0060/414/447/cn60414447.jpg | https://www.gap.com/webcontent/0061/456/379/cn61456379.jpg | https://www.gap.com/webcontent/0061/728/229/cn61728229.jpg | https://www.gap.com/webcontent/0059/961/326/cn59961326.jpg | https://www.gap.com/webcontent/0060/625/989/cn60625989.jpg | https://www.gap.com/webcontent/0061/502/307/cn61502307.jpg | https://www.gap.com/webcontent/0061/456/364/cn61456364.jpg | https://www.gap.com/webcontent/0061/519/686/cn61519686.jpg | https://www.gap.com/webcontent/0061/502/386/cn61502386.jpg | https://www.gap.com/webcontent/0061/518/506/cn61518506.jpg | https://www.gap.com/webcontent/0061/456/373/cn61456373.jpg | https://www.gap.com/webcontent/0061/520/379/cn61520379.jpg | https://www.gap.com/webcontent/0060/519/057/cn60519057.jpg | https://www.gap.com/webcontent/0061/438/679/cn61438679.jpg | https://www.gap.com/webcontent/0061/283/067/cn61283067.jpg | https://www.gap.com/webcontent/0061/502/310/cn61502310.jpg | https://media.powerreviews.com/image/upload/c_thumb,d_portal-no-product-image_ttlfpi.svg,h_150,q_auto,w_150/d_portal-no-product-image_ttlfpi.svg/prod/ajifedl8gnfqgasjne9s.webp | https://cdn.cookielaw.org/logos/e1cf9ab6-fc39-4557-b4ef-4393861dad52/d229a1c3-b8ad-46ad-9bdb-8311fd460a5f/c85f6701-9eae-4a9f-b770-87eee2dae9fc/Logo_color_lockup@3x.png",True,& care Polyurethane 100% Wipe clean. Imported. Shipping & returns Customers also viewed Brannan Bear Scarf Keychain Charm $19.95 $9.00 50% off + extra 10% in the app Logo Tote Keychain Charm $19.95 $15.00 20% off + extra 10% in the app Logo Tote Keychain Charm $19.95 $11.00 40% off + extra 10% in the app Brannan Bear Hoodie Keychain Charm $19.95 $17.00 Extra 10% off in the app Logo Tote Keychain Charm $19.95 $11.00 40% off + extra 10% in the app You may also like Brannan Bear Sleep Keychain Charm $19.95 $11.00 40% off + extra 10% in the app Brannan Bear Sweater Keychain Charm $19.95 $11.00 40% off + extra 10% in the app Gap Logo Tote Bag $54.95 $43.00 20% off + extra 10% in the app Logo Tote Keychain Charm $19.95 $11.00 40% off + extra 10% in the app Brannan Bear Nap Hoodie Keychain Charm $19.95 $11.00 40% off + extra 10% in the app Logo Tote Keychain Charm $19.95 $11.00 40% off + extra 10% in the app Brannan Bear Hoodie Keychain Charm $19.95 $11.00 40% off + extra 10% in the app Brannan Bear Denim Jacket Keychain Charm $19.95 $13.00 30% off + extra 10% in the app Toy Logo Hoodie $14.95 $7.00 50% off + extra 10% in the app Logo Tote Keychain Charm $19.95 $11.00 40% off + extra 10% in the app,& care Polyurethane 100% Wipe clean. Imported. Shipping & returns Customers also viewed Brannan Bear Scarf Keychain Charm $19.95 $9.00 50% off + extra 10% in the app Logo Tote Keychain Charm $19.95 $15.00 20% off + extra 10% in the app Logo Tote Keychain Charm $19.95 $11.00 40% off + extra 10% in the app Brannan Bear Hoodie Keychain Charm $19.95 $17.00 Extra 10% off in the app Logo Tote Keychain Charm $19.95 $11.00 40% off + extra 10% in the app You may also like Brannan Bear Sleep Keychain Charm $19.95 $11.00 40% off + extra 10% in the app Brannan Bear Sweater Keychain Charm $19.95 $11.00 40% off + extra 10% in the app Gap Logo Tote Bag $54.95 $43.00 20% off + extra 10% in the app Logo Tote Keychain Charm $19.95 $11.00 40% off + extra 10% in the app Brannan Bear Nap Hoodie Keychain Charm $19.95 $11.00 40% off + extra 10% in the app Logo Tote Keychain Charm $19.95 $11.00 40% off + extra 10% in the app Brannan Bear Hoodie Keychain Charm $19.95 $11.00 40% off + extra 10% in the app Brannan Bear Denim Jacket Keychain Charm $19.95 $13.00 30% off + extra 10% in the app Toy Logo Hoodie $14.95 $7.00 50% off + extra 10% in the app Logo Tote Keychain Charm $19.95 $11.00 40% off + extra 10% in the app,Logo Hoodie Keychain Charm,,USD,7.0,14.95,This keychain charm is made of plastic with a metal key ring. Hoodie design with Gap arch logo and kanga pocket. This product was made in a factory that invests in gender equity and women’s empowerment through RISE. Learn more at gapinc.com/equity. #830132 Fabric & care Polyurethane 100% Wipe clean. Imported. Shipping & returns Customers also viewed Brannan Bear Scarf Keychain Charm $19.95 $9.00 50% off + extra 10% in the app Logo Tote Keychain Charm $19.95 $15.00 20% off + extra 10% in the app Logo Tote Keychain Charm $19.95 $11.00 40% off + extra 10% in the app Brannan Bear Hoodie Keychain Charm $19.95 $17.00 Extra 10% off in the app Logo Tote Keychain Charm $19.95 $11.00 40% off + extra 10% in the app You may also like Brannan Bear Sleep Keychain Charm $19.95 $11.00 40% off + extra 10% in the app Brannan Bear Sweater Keychain Charm $19.95 $11.00 40% off + extra 10% in the app Gap Logo Tote Bag $54.95 $43.00 20% off + extra 10% in the app Logo Tote Keychain Charm $19.95 $11.00 40% off + extra 10% in the app Brannan Bear Nap Hoodie Keychain Charm $19.95 $11.00 40% off + extra 10% in the app Logo Tote Keychain Charm $19.95 $11.00 40% off + extra 10% in the app Brannan Bear Hoodie Keychain Charm $19.95 $11.00 40% off + extra 10% in the app Brannan Bear Denim Jacket Keychain Charm $19.95 $13.00 30% off + extra 10% in the app Toy Logo Hoodie $14.95 $7.00 50% off + extra 10% in the app Logo Tote Keychain Charm $19.95 $11.00 40% off + extra 10% in the app,830132012,https://www.gap.com/browse/product.do?pid=830132012&vid=1&pcid=3046544&cid=3046544,False,9,5,2026-02-22,One Size,830132,
In stock,5,,Gap,100% Cotton Spot clean. Imported. Shipping & returns Customers also viewed Logo Hoodie Keychain Charm $14.95 $7.00 50% off + extra 10% in the app Brannan Bear Scarf Keychain Charm $19.95 $9.00 50% off + extra 10% in the app Brannan Bear Sleep Keychain Charm $19.95 $11.00 40% off + extra 10% in the app Brannan Bear Nap Hoodie Keychain Charm $19.95 $11.00 40% off + extra 10% in the app Gap Jeans Keychain Charm $19.95 $11.00 40% off + extra 10% in the app You may also like Brannan Bear Denim Jacket Keychain Charm $19.95 $13.00 30% off + extra 10% in the app Brannan Bear Sweater Keychain Charm $19.95 $11.00 40% off + extra 10% in the app Gap Logo Tote Bag $54.95 $43.00 20% off + extra 10% in the app Toy Logo Hoodie $14.95 $7.00 50% off + extra 10% in the app Gap Logo Tote Bag $54.95 $43.00 20% off + extra 10% in the app Brannan Bear Hoodie Keychain Charm $19.95 $11.00 40% off + extra 10% in the app Gap Logo Tote Bag $54.95 $32.00 40% off + extra 10% in the app Toy Logo Hoodie $14.95 $7.00 50% off + extra 10% in the app Gap Logo Tote Bag $59.95 $35.00 40% off + extra 10% in the app Logo Hoodie Keychain Charm $14.95 $7.00 50% off + extra 10% in the app,Women / Bags & Bag Charms > Women > Bags & Bag Charms,Red polka dot | Tangerine | Dark navy blue | Standout pink | Light denim | Modern red | Moonstone blue | Black gingham | Primrose pink | Navy polka dot | Moonless night | Neon pink glow | Havana yellow | Gasoline green | White denim,Soft canvas cotton logo tote bag keychain charm. #830138,Size Guide,Size Guide,23,https://www.gap.com/webcontent/0059/961/346/cn59961346.jpg,"https://www.gap.com/webcontent/0059/961/346/cn59961346.jpg | https://www.gap.com/webcontent/0059/959/805/cn59959805.jpg | https://www.gap.com/webcontent/0060/414/489/cn60414489.jpg | https://www.gap.com/webcontent/0059/961/339/cn59961339.jpg | https://www.gap.com/webcontent/0059/959/796/cn59959796.jpg | https://www.gap.com/webcontent/0060/414/464/cn60414464.jpg | https://www.gap.com/webcontent/0059/961/291/cn59961291.jpg | https://www.gap.com/webcontent/0061/456/379/cn61456379.jpg | https://www.gap.com/webcontent/0061/456/364/cn61456364.jpg | https://www.gap.com/webcontent/0061/456/373/cn61456373.jpg | https://www.gap.com/webcontent/0061/645/883/cn61645883.jpg | https://www.gap.com/webcontent/0061/438/679/cn61438679.jpg | https://www.gap.com/webcontent/0061/519/686/cn61519686.jpg | https://www.gap.com/webcontent/0061/502/386/cn61502386.jpg | https://www.gap.com/webcontent/0061/283/108/cn61283108.jpg | https://www.gap.com/webcontent/0061/603/953/cn61603953.jpg | https://www.gap.com/webcontent/0060/416/018/cn60416018.jpg | https://www.gap.com/webcontent/0061/519/158/cn61519158.jpg | https://www.gap.com/webcontent/0061/283/007/cn61283007.jpg | https://www.gap.com/webcontent/0061/624/045/cn61624045.jpg | https://www.gap.com/webcontent/0060/518/975/cn60518975.jpg | https://media.powerreviews.com/image/upload/c_thumb,d_portal-no-product-image_ttlfpi.svg,h_150,q_auto,w_150/d_portal-no-product-image_ttlfpi.svg/prod/lykvvbwlssij0wi40iht.webp | https://cdn.cookielaw.org/logos/e1cf9ab6-fc39-4557-b4ef-4393861dad52/d229a1c3-b8ad-46ad-9bdb-8311fd460a5f/c85f6701-9eae-4a9f-b770-87eee2dae9fc/Logo_color_lockup@3x.png",True,& care 100% Cotton Spot clean. Imported. Shipping & returns Customers also viewed Logo Hoodie Keychain Charm $14.95 $7.00 50% off + extra 10% in the app Brannan Bear Scarf Keychain Charm $19.95 $9.00 50% off + extra 10% in the app Brannan Bear Sleep Keychain Charm $19.95 $11.00 40% off + extra 10% in the app Brannan Bear Nap Hoodie Keychain Charm $19.95 $11.00 40% off + extra 10% in the app Gap Jeans Keychain Charm $19.95 $11.00 40% off + extra 10% in the app You may also like Brannan Bear Denim Jacket Keychain Charm $19.95 $13.00 30% off + extra 10% in the app Brannan Bear Sweater Keychain Charm $19.95 $11.00 40% off + extra 10% in the app Gap Logo Tote Bag $54.95 $43.00 20% off + extra 10% in the app Toy Logo Hoodie $14.95 $7.00 50% off + extra 10% in the app Gap Logo Tote Bag $54.95 $43.00 20% off + extra 10% in the app Brannan Bear Hoodie Keychain Charm $19.95 $11.00 40% off + extra 10% in the app Gap Logo Tote Bag $54.95 $32.00 40% off + extra 10% in the app Toy Logo Hoodie $14.95 $7.00 50% off + extra 10% in the app Gap Logo Tote Bag $59.95 $35.00 40% off + extra 10% in the app Logo Hoodie Keychain Charm $14.95 $7.00 50% off + extra 10% in the app,& care 100% Cotton Spot clean. Imported. Shipping & returns Customers also viewed Logo Hoodie Keychain Charm $14.95 $7.00 50% off + extra 10% in the app Brannan Bear Scarf Keychain Charm $19.95 $9.00 50% off + extra 10% in the app Brannan Bear Sleep Keychain Charm $19.95 $11.00 40% off + extra 10% in the app Brannan Bear Nap Hoodie Keychain Charm $19.95 $11.00 40% off + extra 10% in the app Gap Jeans Keychain Charm $19.95 $11.00 40% off + extra 10% in the app You may also like Brannan Bear Denim Jacket Keychain Charm $19.95 $13.00 30% off + extra 10% in the app Brannan Bear Sweater Keychain Charm $19.95 $11.00 40% off + extra 10% in the app Gap Logo Tote Bag $54.95 $43.00 20% off + extra 10% in the app Toy Logo Hoodie $14.95 $7.00 50% off + extra 10% in the app Gap Logo Tote Bag $54.95 $43.00 20% off + extra 10% in the app Brannan Bear Hoodie Keychain Charm $19.95 $11.00 40% off + extra 10% in the app Gap Logo Tote Bag $54.95 $32.00 40% off + extra 10% in the app Toy Logo Hoodie $14.95 $7.00 50% off + extra 10% in the app Gap Logo Tote Bag $59.95 $35.00 40% off + extra 10% in the app Logo Hoodie Keychain Charm $14.95 $7.00 50% off + extra 10% in the app,Logo Tote Keychain Charm,,USD,11.0,19.95,Soft canvas cotton logo tote bag keychain charm. #830138 Fabric & care 100% Cotton Spot clean. Imported. Shipping & returns Customers also viewed Logo Hoodie Keychain Charm $14.95 $7.00 50% off + extra 10% in the app Brannan Bear Scarf Keychain Charm $19.95 $9.00 50% off + extra 10% in the app Brannan Bear Sleep Keychain Charm $19.95 $11.00 40% off + extra 10% in the app Brannan Bear Nap Hoodie Keychain Charm $19.95 $11.00 40% off + extra 10% in the app Gap Jeans Keychain Charm $19.95 $11.00 40% off + extra 10% in the app You may also like Brannan Bear Denim Jacket Keychain Charm $19.95 $13.00 30% off + extra 10% in the app Brannan Bear Sweater Keychain Charm $19.95 $11.00 40% off + extra 10% in the app Gap Logo Tote Bag $54.95 $43.00 20% off + extra 10% in the app Toy Logo Hoodie $14.95 $7.00 50% off + extra 10% in the app Gap Logo Tote Bag $54.95 $43.00 20% off + extra 10% in the app Brannan Bear Hoodie Keychain Charm $19.95 $11.00 40% off + extra 10% in the app Gap Logo Tote Bag $54.95 $32.00 40% off + extra 10% in the app Toy Logo Hoodie $14.95 $7.00 50% off + extra 10% in the app Gap Logo Tote Bag $59.95 $35.00 40% off + extra 10% in the app Logo Hoodie Keychain Charm $14.95 $7.00 50% off + extra 10% in the app,830138012,https://www.gap.com/browse/product.do?pid=830138012&vid=1&pcid=3046544&cid=3051539,False,22,22,2026-02-22,One Size,830138,
In stock,5,,Gap,100% Cotton Spot clean. Imported. Shipping & returns Customers also viewed Brannan Bear Hoodie Keychain Charm $19.95 $11.00 40% off + extra 10% in the app Brannan Bear Sleep Keychain Charm $19.95 $11.00 40% off + extra 10% in the app Gap Jeans Keychain Charm $19.95 $11.00 40% off + extra 10% in the app Logo Hoodie Keychain Charm $14.95 $7.00 50% off + extra 10% in the app Brannan Bear Scarf Keychain Charm $19.95 $9.00 50% off + extra 10% in the app You may also like Gap Logo Tote Bag $54.95 $43.00 20% off + extra 10% in the app Brannan Bear Nap Hoodie Keychain Charm $19.95 $11.00 40% off + extra 10% in the app Brannan Bear Denim Jacket Keychain Charm $19.95 $13.00 30% off + extra 10% in the app Toy Logo Hoodie $14.95 $7.00 50% off + extra 10% in the app Gap Logo Tote Bag $54.95 $43.00 20% off + extra 10% in the app Toy Logo Hoodie $14.95 $7.00 50% off + extra 10% in the app Gap Logo Tote Bag $54.95 $32.00 40% off + extra 10% in the app Toy Logo Hoodie $14.95 $7.00 50% off + extra 10% in the app Gap Logo Tote Bag $54.95 $43.00 20% off + extra 10% in the app Denim Tote Bag $59.95 $41.00 30% off + extra 10% in the app,Women / Bags & Bag Charms > Women > Bags & Bag Charms,Red polka dot | Tangerine | Dark navy blue | Standout pink | Light denim | Modern red | Moonstone blue | Black gingham | Primrose pink | Navy polka dot | Moonless night | Neon pink glow | Havana yellow | Gasoline green | White denim,Soft canvas cotton logo tote bag keychain charm. #830138,Size Guide,Size Guide,21,https://www.gap.com/webcontent/0059/961/318/cn59961318.jpg,"https://www.gap.com/webcontent/0059/961/318/cn59961318.jpg | https://www.gap.com/webcontent/0060/414/485/cn60414485.jpg | https://www.gap.com/webcontent/0059/961/313/cn59961313.jpg | https://www.gap.com/webcontent/0060/414/462/cn60414462.jpg | https://www.gap.com/webcontent/0060/519/057/cn60519057.jpg | https://www.gap.com/webcontent/0061/456/364/cn61456364.jpg | https://www.gap.com/webcontent/0061/645/883/cn61645883.jpg | https://www.gap.com/webcontent/0059/961/291/cn59961291.jpg | https://www.gap.com/webcontent/0061/456/379/cn61456379.jpg | https://www.gap.com/webcontent/0061/502/386/cn61502386.jpg | https://www.gap.com/webcontent/0061/456/373/cn61456373.jpg | https://www.gap.com/webcontent/0061/438/679/cn61438679.jpg | https://www.gap.com/webcontent/0061/283/108/cn61283108.jpg | https://www.gap.com/webcontent/0061/603/953/cn61603953.jpg | https://www.gap.com/webcontent/0061/283/114/cn61283114.jpg | https://www.gap.com/webcontent/0061/502/377/cn61502377.jpg | https://www.gap.com/webcontent/0061/283/067/cn61283067.jpg | https://www.gap.com/webcontent/0061/518/912/cn61518912.jpg | https://www.gap.com/webcontent/0060/784/392/cn60784392.jpg | https://media.powerreviews.com/image/upload/c_thumb,d_portal-no-product-image_ttlfpi.svg,h_150,q_auto,w_150/d_portal-no-product-image_ttlfpi.svg/prod/lykvvbwlssij0wi40iht.webp | https://cdn.cookielaw.org/logos/e1cf9ab6-fc39-4557-b4ef-4393861dad52/d229a1c3-b8ad-46ad-9bdb-8311fd460a5f/c85f6701-9eae-4a9f-b770-87eee2dae9fc/Logo_color_lockup@3x.png",True,& care 100% Cotton Spot clean. Imported. Shipping & returns Customers also viewed Brannan Bear Hoodie Keychain Charm $19.95 $11.00 40% off + extra 10% in the app Brannan Bear Sleep Keychain Charm $19.95 $11.00 40% off + extra 10% in the app Gap Jeans Keychain Charm $19.95 $11.00 40% off + extra 10% in the app Logo Hoodie Keychain Charm $14.95 $7.00 50% off + extra 10% in the app Brannan Bear Scarf Keychain Charm $19.95 $9.00 50% off + extra 10% in the app You may also like Gap Logo Tote Bag $54.95 $43.00 20% off + extra 10% in the app Brannan Bear Nap Hoodie Keychain Charm $19.95 $11.00 40% off + extra 10% in the app Brannan Bear Denim Jacket Keychain Charm $19.95 $13.00 30% off + extra 10% in the app Toy Logo Hoodie $14.95 $7.00 50% off + extra 10% in the app Gap Logo Tote Bag $54.95 $43.00 20% off + extra 10% in the app Toy Logo Hoodie $14.95 $7.00 50% off + extra 10% in the app Gap Logo Tote Bag $54.95 $32.00 40% off + extra 10% in the app Toy Logo Hoodie $14.95 $7.00 50% off + extra 10% in the app Gap Logo Tote Bag $54.95 $43.00 20% off + extra 10% in the app Denim Tote Bag $59.95 $41.00 30% off + extra 10% in the app,& care 100% Cotton Spot clean. Imported. Shipping & returns Customers also viewed Brannan Bear Hoodie Keychain Charm $19.95 $11.00 40% off + extra 10% in the app Brannan Bear Sleep Keychain Charm $19.95 $11.00 40% off + extra 10% in the app Gap Jeans Keychain Charm $19.95 $11.00 40% off + extra 10% in the app Logo Hoodie Keychain Charm $14.95 $7.00 50% off + extra 10% in the app Brannan Bear Scarf Keychain Charm $19.95 $9.00 50% off + extra 10% in the app You may also like Gap Logo Tote Bag $54.95 $43.00 20% off + extra 10% in the app Brannan Bear Nap Hoodie Keychain Charm $19.95 $11.00 40% off + extra 10% in the app Brannan Bear Denim Jacket Keychain Charm $19.95 $13.00 30% off + extra 10% in the app Toy Logo Hoodie $14.95 $7.00 50% off + extra 10% in the app Gap Logo Tote Bag $54.95 $43.00 20% off + extra 10% in the app Toy Logo Hoodie $14.95 $7.00 50% off + extra 10% in the app Gap Logo Tote Bag $54.95 $32.00 40% off + extra 10% in the app Toy Logo Hoodie $14.95 $7.00 50% off + extra 10% in the app Gap Logo Tote Bag $54.95 $43.00 20% off + extra 10% in the app Denim Tote Bag $59.95 $41.00 30% off + extra 10% in the app,Logo Tote Keychain Charm,,USD,11.0,19.95,Soft canvas cotton logo tote bag keychain charm. #830138 Fabric & care 100% Cotton Spot clean. Imported. Shipping & returns Customers also viewed Brannan Bear Hoodie Keychain Charm $19.95 $11.00 40% off + extra 10% in the app Brannan Bear Sleep Keychain Charm $19.95 $11.00 40% off + extra 10% in the app Gap Jeans Keychain Charm $19.95 $11.00 40% off + extra 10% in the app Logo Hoodie Keychain Charm $14.95 $7.00 50% off + extra 10% in the app Brannan Bear Scarf Keychain Charm $19.95 $9.00 50% off + extra 10% in the app You may also like Gap Logo Tote Bag $54.95 $43.00 20% off + extra 10% in the app Brannan Bear Nap Hoodie Keychain Charm $19.95 $11.00 40% off + extra 10% in the app Brannan Bear Denim Jacket Keychain Charm $19.95 $13.00 30% off + extra 10% in the app Toy Logo Hoodie $14.95 $7.00 50% off + extra 10% in the app Gap Logo Tote Bag $54.95 $43.00 20% off + extra 10% in the app Toy Logo Hoodie $14.95 $7.00 50% off + extra 10% in the app Gap Logo Tote Bag $54.95 $32.00 40% off + extra 10% in the app Toy Logo Hoodie $14.95 $7.00 50% off + extra 10% in the app Gap Logo Tote Bag $54.95 $43.00 20% off + extra 10% in the app Denim Tote Bag $59.95 $41.00 30% off + extra 10% in the app,830138022,https://www.gap.com/browse/product.do?pid=830138022&vid=1&pcid=3046544&cid=3051539,False,22,22,2026-02-22,One Size,830138,
In stock,5,,Gap,100% Cotton Spot clean. Imported. Shipping & returns Customers also viewed Toy Logo Hoodie $14.95 $7.00 50% off + extra 10% in the app Logo Hoodie Keychain Charm $14.95 $7.00 50% off + extra 10% in the app Toy Logo Hoodie $14.95 $7.00 50% off + extra 10% in the app Brannan Bear Scarf Keychain Charm $19.95 $9.00 50% off + extra 10% in the app Toy Logo Hoodie $14.95 $7.00 50% off + extra 10% in the app You may also like Toy Logo Hoodie $14.95 $7.00 50% off + extra 10% in the app Gap Jeans Keychain Charm $19.95 $11.00 40% off + extra 10% in the app Denim Tote Bag $59.95 $41.00 30% off + extra 10% in the app Brannan Bear Sweater Keychain Charm $19.95 $11.00 40% off + extra 10% in the app Brannan Bear Sleep Keychain Charm $19.95 $11.00 40% off + extra 10% in the app Brannan Bear Hoodie Keychain Charm $19.95 $17.00 Extra 10% off in the app Gap Logo Tote Bag $49.95 Extra 10% off in the app Logo Hoodie Keychain Charm $14.95 $7.00 50% off + extra 10% in the app Gap Logo Tote Bag $54.95 $32.00 40% off + extra 10% in the app Brannan Bear T-Shirt Keychain Charm $19.95 $9.00 50% off + extra 10% in the app,Women / Bags & Bag Charms > Women > Bags & Bag Charms,Red polka dot | Tangerine | Dark navy blue | Standout pink | Light denim | Modern red | Moonstone blue | Black gingham | Primrose pink | Navy polka dot | Moonless night | Neon pink glow | Havana yellow | Gasoline green | White denim,Soft canvas cotton logo tote bag keychain charm. #830138,Size Guide,Size Guide,23,https://www.gap.com/webcontent/0061/518/444/cn61518444.jpg,"https://www.gap.com/webcontent/0061/518/444/cn61518444.jpg | https://www.gap.com/webcontent/0061/518/383/cn61518383.jpg | https://www.gap.com/webcontent/0061/518/408/cn61518408.jpg | https://www.gap.com/webcontent/0061/518/438/cn61518438.jpg | https://www.gap.com/webcontent/0061/518/379/cn61518379.jpg | https://www.gap.com/webcontent/0061/518/402/cn61518402.jpg | https://www.gap.com/webcontent/0061/283/007/cn61283007.jpg | https://www.gap.com/webcontent/0059/961/291/cn59961291.jpg | https://www.gap.com/webcontent/0061/283/108/cn61283108.jpg | https://www.gap.com/webcontent/0061/456/379/cn61456379.jpg | https://www.gap.com/webcontent/0061/283/067/cn61283067.jpg | https://www.gap.com/webcontent/0061/283/114/cn61283114.jpg | https://www.gap.com/webcontent/0061/645/883/cn61645883.jpg | https://www.gap.com/webcontent/0060/784/392/cn60784392.jpg | https://www.gap.com/webcontent/0061/519/686/cn61519686.jpg | https://www.gap.com/webcontent/0061/456/364/cn61456364.jpg | https://www.gap.com/webcontent/0060/625/989/cn60625989.jpg | https://www.gap.com/webcontent/0061/121/188/cn61121188.jpg | https://www.gap.com/webcontent/0060/518/975/cn60518975.jpg | https://www.gap.com/webcontent/0061/502/377/cn61502377.jpg | https://www.gap.com/webcontent/0061/645/812/cn61645812.jpg | https://media.powerreviews.com/image/upload/c_thumb,d_portal-no-product-image_ttlfpi.svg,h_150,q_auto,w_150/d_portal-no-product-image_ttlfpi.svg/prod/lykvvbwlssij0wi40iht.webp | https://cdn.cookielaw.org/logos/e1cf9ab6-fc39-4557-b4ef-4393861dad52/d229a1c3-b8ad-46ad-9bdb-8311fd460a5f/c85f6701-9eae-4a9f-b770-87eee2dae9fc/Logo_color_lockup@3x.png",True,& care 100% Cotton Spot clean. Imported. Shipping & returns Customers also viewed Toy Logo Hoodie $14.95 $7.00 50% off + extra 10% in the app Logo Hoodie Keychain Charm $14.95 $7.00 50% off + extra 10% in the app Toy Logo Hoodie $14.95 $7.00 50% off + extra 10% in the app Brannan Bear Scarf Keychain Charm $19.95 $9.00 50% off + extra 10% in the app Toy Logo Hoodie $14.95 $7.00 50% off + extra 10% in the app You may also like Toy Logo Hoodie $14.95 $7.00 50% off + extra 10% in the app Gap Jeans Keychain Charm $19.95 $11.00 40% off + extra 10% in the app Denim Tote Bag $59.95 $41.00 30% off + extra 10% in the app Brannan Bear Sweater Keychain Charm $19.95 $11.00 40% off + extra 10% in the app Brannan Bear Sleep Keychain Charm $19.95 $11.00 40% off + extra 10% in the app Brannan Bear Hoodie Keychain Charm $19.95 $17.00 Extra 10% off in the app Gap Logo Tote Bag $49.95 Extra 10% off in the app Logo Hoodie Keychain Charm $14.95 $7.00 50% off + extra 10% in the app Gap Logo Tote Bag $54.95 $32.00 40% off + extra 10% in the app Brannan Bear T-Shirt Keychain Charm $19.95 $9.00 50% off + extra 10% in the app,& care 100% Cotton Spot clean. Imported. Shipping & returns Customers also viewed Toy Logo Hoodie $14.95 $7.00 50% off + extra 10% in the app Logo Hoodie Keychain Charm $14.95 $7.00 50% off + extra 10% in the app Toy Logo Hoodie $14.95 $7.00 50% off + extra 10% in the app Brannan Bear Scarf Keychain Charm $19.95 $9.00 50% off + extra 10% in the app Toy Logo Hoodie $14.95 $7.00 50% off + extra 10% in the app You may also like Toy Logo Hoodie $14.95 $7.00 50% off + extra 10% in the app Gap Jeans Keychain Charm $19.95 $11.00 40% off + extra 10% in the app Denim Tote Bag $59.95 $41.00 30% off + extra 10% in the app Brannan Bear Sweater Keychain Charm $19.95 $11.00 40% off + extra 10% in the app Brannan Bear Sleep Keychain Charm $19.95 $11.00 40% off + extra 10% in the app Brannan Bear Hoodie Keychain Charm $19.95 $17.00 Extra 10% off in the app Gap Logo Tote Bag $49.95 Extra 10% off in the app Logo Hoodie Keychain Charm $14.95 $7.00 50% off + extra 10% in the app Gap Logo Tote Bag $54.95 $32.00 40% off + extra 10% in the app Brannan Bear T-Shirt Keychain Charm $19.95 $9.00 50% off + extra 10% in the app,Logo Tote Keychain Charm,,USD,15.0,19.95,Soft canvas cotton logo tote bag keychain charm. #830138 Fabric & care 100% Cotton Spot clean. Imported. Shipping & returns Customers also viewed Toy Logo Hoodie $14.95 $7.00 50% off + extra 10% in the app Logo Hoodie Keychain Charm $14.95 $7.00 50% off + extra 10% in the app Toy Logo Hoodie $14.95 $7.00 50% off + extra 10% in the app Brannan Bear Scarf Keychain Charm $19.95 $9.00 50% off + extra 10% in the app Toy Logo Hoodie $14.95 $7.00 50% off + extra 10% in the app You may also like Toy Logo Hoodie $14.95 $7.00 50% off + extra 10% in the app Gap Jeans Keychain Charm $19.95 $11.00 40% off + extra 10% in the app Denim Tote Bag $59.95 $41.00 30% off + extra 10% in the app Brannan Bear Sweater Keychain Charm $19.95 $11.00 40% off + extra 10% in the app Brannan Bear Sleep Keychain Charm $19.95 $11.00 40% off + extra 10% in the app Brannan Bear Hoodie Keychain Charm $19.95 $17.00 Extra 10% off in the app Gap Logo Tote Bag $49.95 Extra 10% off in the app Logo Hoodie Keychain Charm $14.95 $7.00 50% off + extra 10% in the app Gap Logo Tote Bag $54.95 $32.00 40% off + extra 10% in the app Brannan Bear T-Shirt Keychain Charm $19.95 $9.00 50% off + extra 10% in the app,830138052,https://www.gap.com/browse/product.do?pid=830138052&vid=1&pcid=3046544&cid=3046544,False,22,22,2026-02-22,One Size,830138,
In stock,5,,Gap,100% Cotton Spot clean. Imported. Shipping & returns Customers also viewed Toy Logo Hoodie $14.95 $7.00 50% off + extra 10% in the app Gap Jeans Keychain Charm $19.95 $11.00 40% off + extra 10% in the app Toy Logo Hoodie $14.95 $7.00 50% off + extra 10% in the app Brannan Bear Logo Denim Tote Bag $59.95 $47.00 20% off + extra 10% in the app Toy Logo Hoodie $14.95 $7.00 50% off + extra 10% in the app You may also like Toy Logo Hoodie $14.95 $7.00 50% off + extra 10% in the app Brannan Bear Scarf Keychain Charm $19.95 $9.00 50% off + extra 10% in the app Logo Hoodie Keychain Charm $14.95 $7.00 50% off + extra 10% in the app Brannan Bear Denim Jacket Keychain Charm $19.95 $13.00 30% off + extra 10% in the app Brannan Bear Sweater Keychain Charm $19.95 $11.00 40% off + extra 10% in the app Gap Logo Tote Bag $49.95 Extra 10% off in the app Logo Hoodie Keychain Charm $14.95 $7.00 50% off + extra 10% in the app Gap Logo Tote Bag $54.95 $43.00 20% off + extra 10% in the app Denim Tote Bag $59.95 $41.00 30% off + extra 10% in the app Gap Logo Tote Bag $54.95 $43.00 20% off + extra 10% in the app,Women / Bags & Bag Charms > Women > Bags & Bag Charms,Red polka dot | Tangerine | Dark navy blue | Standout pink | Light denim | Modern red | Moonstone blue | Black gingham | Primrose pink | Navy polka dot | Moonless night | Neon pink glow | Havana yellow | Gasoline green | White denim,Soft canvas cotton logo tote bag keychain charm. #830138,Size Guide,Size Guide,23,https://www.gap.com/webcontent/0060/260/943/cn60260943.jpg,"https://www.gap.com/webcontent/0060/260/943/cn60260943.jpg | https://www.gap.com/webcontent/0060/260/403/cn60260403.jpg | https://www.gap.com/webcontent/0060/518/491/cn60518491.jpg | https://www.gap.com/webcontent/0060/260/938/cn60260938.jpg | https://www.gap.com/webcontent/0060/260/392/cn60260392.jpg | https://www.gap.com/webcontent/0060/518/484/cn60518484.jpg | https://www.gap.com/webcontent/0061/283/067/cn61283067.jpg | https://www.gap.com/webcontent/0061/645/883/cn61645883.jpg | https://www.gap.com/webcontent/0061/283/007/cn61283007.jpg | https://www.gap.com/webcontent/0060/681/835/cn60681835.jpg | https://www.gap.com/webcontent/0061/283/108/cn61283108.jpg | https://www.gap.com/webcontent/0061/283/114/cn61283114.jpg | https://www.gap.com/webcontent/0061/456/379/cn61456379.jpg | https://www.gap.com/webcontent/0059/961/291/cn59961291.jpg | https://www.gap.com/webcontent/0061/438/679/cn61438679.jpg | https://www.gap.com/webcontent/0061/519/686/cn61519686.jpg | https://www.gap.com/webcontent/0061/121/188/cn61121188.jpg | https://www.gap.com/webcontent/0060/518/975/cn60518975.jpg | https://www.gap.com/webcontent/0061/502/386/cn61502386.jpg | https://www.gap.com/webcontent/0060/784/392/cn60784392.jpg | https://www.gap.com/webcontent/0061/518/912/cn61518912.jpg | https://media.powerreviews.com/image/upload/c_thumb,d_portal-no-product-image_ttlfpi.svg,h_150,q_auto,w_150/d_portal-no-product-image_ttlfpi.svg/prod/lykvvbwlssij0wi40iht.webp | https://cdn.cookielaw.org/logos/e1cf9ab6-fc39-4557-b4ef-4393861dad52/d229a1c3-b8ad-46ad-9bdb-8311fd460a5f/c85f6701-9eae-4a9f-b770-87eee2dae9fc/Logo_color_lockup@3x.png",True,& care 100% Cotton Spot clean. Imported. Shipping & returns Customers also viewed Toy Logo Hoodie $14.95 $7.00 50% off + extra 10% in the app Gap Jeans Keychain Charm $19.95 $11.00 40% off + extra 10% in the app Toy Logo Hoodie $14.95 $7.00 50% off + extra 10% in the app Brannan Bear Logo Denim Tote Bag $59.95 $47.00 20% off + extra 10% in the app Toy Logo Hoodie $14.95 $7.00 50% off + extra 10% in the app You may also like Toy Logo Hoodie $14.95 $7.00 50% off + extra 10% in the app Brannan Bear Scarf Keychain Charm $19.95 $9.00 50% off + extra 10% in the app Logo Hoodie Keychain Charm $14.95 $7.00 50% off + extra 10% in the app Brannan Bear Denim Jacket Keychain Charm $19.95 $13.00 30% off + extra 10% in the app Brannan Bear Sweater Keychain Charm $19.95 $11.00 40% off + extra 10% in the app Gap Logo Tote Bag $49.95 Extra 10% off in the app Logo Hoodie Keychain Charm $14.95 $7.00 50% off + extra 10% in the app Gap Logo Tote Bag $54.95 $43.00 20% off + extra 10% in the app Denim Tote Bag $59.95 $41.00 30% off + extra 10% in the app Gap Logo Tote Bag $54.95 $43.00 20% off + extra 10% in the app,& care 100% Cotton Spot clean. Imported. Shipping & returns Customers also viewed Toy Logo Hoodie $14.95 $7.00 50% off + extra 10% in the app Gap Jeans Keychain Charm $19.95 $11.00 40% off + extra 10% in the app Toy Logo Hoodie $14.95 $7.00 50% off + extra 10% in the app Brannan Bear Logo Denim Tote Bag $59.95 $47.00 20% off + extra 10% in the app Toy Logo Hoodie $14.95 $7.00 50% off + extra 10% in the app You may also like Toy Logo Hoodie $14.95 $7.00 50% off + extra 10% in the app Brannan Bear Scarf Keychain Charm $19.95 $9.00 50% off + extra 10% in the app Logo Hoodie Keychain Charm $14.95 $7.00 50% off + extra 10% in the app Brannan Bear Denim Jacket Keychain Charm $19.95 $13.00 30% off + extra 10% in the app Brannan Bear Sweater Keychain Charm $19.95 $11.00 40% off + extra 10% in the app Gap Logo Tote Bag $49.95 Extra 10% off in the app Logo Hoodie Keychain Charm $14.95 $7.00 50% off + extra 10% in the app Gap Logo Tote Bag $54.95 $43.00 20% off + extra 10% in the app Denim Tote Bag $59.95 $41.00 30% off + extra 10% in the app Gap Logo Tote Bag $54.95 $43.00 20% off + extra 10% in the app,Logo Tote Keychain Charm,,USD,11.0,19.95,Soft canvas cotton logo tote bag keychain charm. #830138 Fabric & care 100% Cotton Spot clean. Imported. Shipping & returns Customers also viewed Toy Logo Hoodie $14.95 $7.00 50% off + extra 10% in the app Gap Jeans Keychain Charm $19.95 $11.00 40% off + extra 10% in the app Toy Logo Hoodie $14.95 $7.00 50% off + extra 10% in the app Brannan Bear Logo Denim Tote Bag $59.95 $47.00 20% off + extra 10% in the app Toy Logo Hoodie $14.95 $7.00 50% off + extra 10% in the app You may also like Toy Logo Hoodie $14.95 $7.00 50% off + extra 10% in the app Brannan Bear Scarf Keychain Charm $19.95 $9.00 50% off + extra 10% in the app Logo Hoodie Keychain Charm $14.95 $7.00 50% off + extra 10% in the app Brannan Bear Denim Jacket Keychain Charm $19.95 $13.00 30% off + extra 10% in the app Brannan Bear Sweater Keychain Charm $19.95 $11.00 40% off + extra 10% in the app Gap Logo Tote Bag $49.95 Extra 10% off in the app Logo Hoodie Keychain Charm $14.95 $7.00 50% off + extra 10% in the app Gap Logo Tote Bag $54.95 $43.00 20% off + extra 10% in the app Denim Tote Bag $59.95 $41.00 30% off + extra 10% in the app Gap Logo Tote Bag $54.95 $43.00 20% off + extra 10% in the app,830138032,https://www.gap.com/browse/product.do?pid=830138032&vid=1&pcid=3046544&cid=3046544,False,22,22,2026-02-22,One Size,830138,
In stock,5,,Gap,100% Cotton Spot clean. Imported. Shipping & returns Customers also viewed Brannan Bear Scarf Keychain Charm $19.95 $9.00 50% off + extra 10% in the app Brannan Bear Denim Jacket Keychain Charm $19.95 $13.00 30% off + extra 10% in the app Brannan Bear Sleep Keychain Charm $19.95 $11.00 40% off + extra 10% in the app Brannan Bear Hoodie Keychain Charm $19.95 $17.00 Extra 10% off in the app Denim Tote Bag $59.95 $47.00 20% off + extra 10% in the app You may also like Brannan Bear Sweater Keychain Charm $19.95 $11.00 40% off + extra 10% in the app Gap Logo Tote Bag $54.95 $43.00 20% off + extra 10% in the app Logo Hoodie Keychain Charm $14.95 $7.00 50% off + extra 10% in the app Gap Logo Tote Bag $54.95 $32.00 40% off + extra 10% in the app Toy Logo Hoodie $14.95 $7.00 50% off + extra 10% in the app Gap Logo Tote Bag $54.95 $43.00 20% off + extra 10% in the app Toy Logo Hoodie $14.95 $7.00 50% off + extra 10% in the app Brannan Bear Nap Hoodie Keychain Charm $19.95 $11.00 40% off + extra 10% in the app Gap Logo Tote Bag $59.95 Extra 10% off in the app Brannan Bear Hoodie Keychain Charm $19.95 $11.00 40% off + extra 10% in the app,Women / Bags & Bag Charms > Women > Bags & Bag Charms,Red polka dot | Tangerine | Dark navy blue | Standout pink | Light denim | Modern red | Moonstone blue | Black gingham | Primrose pink | Navy polka dot | Moonless night | Neon pink glow | Havana yellow | Gasoline green | White denim,Soft canvas cotton logo tote bag keychain charm. #830138,Size Guide,Size Guide,23,https://www.gap.com/webcontent/0061/518/445/cn61518445.jpg,"https://www.gap.com/webcontent/0061/518/445/cn61518445.jpg | https://www.gap.com/webcontent/0061/518/443/cn61518443.jpg | https://www.gap.com/webcontent/0061/518/461/cn61518461.jpg | https://www.gap.com/webcontent/0061/518/439/cn61518439.jpg | https://www.gap.com/webcontent/0061/518/437/cn61518437.jpg | https://www.gap.com/webcontent/0061/518/454/cn61518454.jpg | https://www.gap.com/webcontent/0061/456/379/cn61456379.jpg | https://www.gap.com/webcontent/0061/438/679/cn61438679.jpg | https://www.gap.com/webcontent/0061/456/364/cn61456364.jpg | https://www.gap.com/webcontent/0060/625/989/cn60625989.jpg | https://www.gap.com/webcontent/0060/784/370/cn60784370.jpg | https://www.gap.com/webcontent/0061/519/686/cn61519686.jpg | https://www.gap.com/webcontent/0061/502/386/cn61502386.jpg | https://www.gap.com/webcontent/0059/961/291/cn59961291.jpg | https://www.gap.com/webcontent/0061/502/377/cn61502377.jpg | https://www.gap.com/webcontent/0061/283/114/cn61283114.jpg | https://www.gap.com/webcontent/0061/603/953/cn61603953.jpg | https://www.gap.com/webcontent/0061/283/007/cn61283007.jpg | https://www.gap.com/webcontent/0061/456/373/cn61456373.jpg | https://www.gap.com/webcontent/0061/518/883/cn61518883.jpg | https://www.gap.com/webcontent/0060/519/057/cn60519057.jpg | https://media.powerreviews.com/image/upload/c_thumb,d_portal-no-product-image_ttlfpi.svg,h_150,q_auto,w_150/d_portal-no-product-image_ttlfpi.svg/prod/lykvvbwlssij0wi40iht.webp | https://cdn.cookielaw.org/logos/e1cf9ab6-fc39-4557-b4ef-4393861dad52/d229a1c3-b8ad-46ad-9bdb-8311fd460a5f/c85f6701-9eae-4a9f-b770-87eee2dae9fc/Logo_color_lockup@3x.png",True,& care 100% Cotton Spot clean. Imported. Shipping & returns Customers also viewed Brannan Bear Scarf Keychain Charm $19.95 $9.00 50% off + extra 10% in the app Brannan Bear Denim Jacket Keychain Charm $19.95 $13.00 30% off + extra 10% in the app Brannan Bear Sleep Keychain Charm $19.95 $11.00 40% off + extra 10% in the app Brannan Bear Hoodie Keychain Charm $19.95 $17.00 Extra 10% off in the app Denim Tote Bag $59.95 $47.00 20% off + extra 10% in the app You may also like Brannan Bear Sweater Keychain Charm $19.95 $11.00 40% off + extra 10% in the app Gap Logo Tote Bag $54.95 $43.00 20% off + extra 10% in the app Logo Hoodie Keychain Charm $14.95 $7.00 50% off + extra 10% in the app Gap Logo Tote Bag $54.95 $32.00 40% off + extra 10% in the app Toy Logo Hoodie $14.95 $7.00 50% off + extra 10% in the app Gap Logo Tote Bag $54.95 $43.00 20% off + extra 10% in the app Toy Logo Hoodie $14.95 $7.00 50% off + extra 10% in the app Brannan Bear Nap Hoodie Keychain Charm $19.95 $11.00 40% off + extra 10% in the app Gap Logo Tote Bag $59.95 Extra 10% off in the app Brannan Bear Hoodie Keychain Charm $19.95 $11.00 40% off + extra 10% in the app,& care 100% Cotton Spot clean. Imported. Shipping & returns Customers also viewed Brannan Bear Scarf Keychain Charm $19.95 $9.00 50% off + extra 10% in the app Brannan Bear Denim Jacket Keychain Charm $19.95 $13.00 30% off + extra 10% in the app Brannan Bear Sleep Keychain Charm $19.95 $11.00 40% off + extra 10% in the app Brannan Bear Hoodie Keychain Charm $19.95 $17.00 Extra 10% off in the app Denim Tote Bag $59.95 $47.00 20% off + extra 10% in the app You may also like Brannan Bear Sweater Keychain Charm $19.95 $11.00 40% off + extra 10% in the app Gap Logo Tote Bag $54.95 $43.00 20% off + extra 10% in the app Logo Hoodie Keychain Charm $14.95 $7.00 50% off + extra 10% in the app Gap Logo Tote Bag $54.95 $32.00 40% off + extra 10% in the app Toy Logo Hoodie $14.95 $7.00 50% off + extra 10% in the app Gap Logo Tote Bag $54.95 $43.00 20% off + extra 10% in the app Toy Logo Hoodie $14.95 $7.00 50% off + extra 10% in the app Brannan Bear Nap Hoodie Keychain Charm $19.95 $11.00 40% off + extra 10% in the app Gap Logo Tote Bag $59.95 Extra 10% off in the app Brannan Bear Hoodie Keychain Charm $19.95 $11.00 40% off + extra 10% in the app,Logo Tote Keychain Charm,,USD,11.0,19.95,Soft canvas cotton logo tote bag keychain charm. #830138 Fabric & care 100% Cotton Spot clean. Imported. Shipping & returns Customers also viewed Brannan Bear Scarf Keychain Charm $19.95 $9.00 50% off + extra 10% in the app Brannan Bear Denim Jacket Keychain Charm $19.95 $13.00 30% off + extra 10% in the app Brannan Bear Sleep Keychain Charm $19.95 $11.00 40% off + extra 10% in the app Brannan Bear Hoodie Keychain Charm $19.95 $17.00 Extra 10% off in the app Denim Tote Bag $59.95 $47.00 20% off + extra 10% in the app You may also like Brannan Bear Sweater Keychain Charm $19.95 $11.00 40% off + extra 10% in the app Gap Logo Tote Bag $54.95 $43.00 20% off + extra 10% in the app Logo Hoodie Keychain Charm $14.95 $7.00 50% off + extra 10% in the app Gap Logo Tote Bag $54.95 $32.00 40% off + extra 10% in the app Toy Logo Hoodie $14.95 $7.00 50% off + extra 10% in the app Gap Logo Tote Bag $54.95 $43.00 20% off + extra 10% in the app Toy Logo Hoodie $14.95 $7.00 50% off + extra 10% in the app Brannan Bear Nap Hoodie Keychain Charm $19.95 $11.00 40% off + extra 10% in the app Gap Logo Tote Bag $59.95 Extra 10% off in the app Brannan Bear Hoodie Keychain Charm $19.95 $11.00 40% off + extra 10% in the app,830138072,https://www.gap.com/browse/product.do?pid=830138072&vid=1&pcid=3046544&cid=3051539,False,22,22,2026-02-22,One Size,830138,
In stock,5,,Gap,100% Cotton Spot clean. Imported. Shipping & returns Customers also viewed Brannan Bear Sleep Keychain Charm $19.95 $11.00 40% off + extra 10% in the app Logo Hoodie Keychain Charm $14.95 $7.00 50% off + extra 10% in the app Gap Logo Tote Bag $54.95 $43.00 20% off + extra 10% in the app Brannan Bear Hoodie Keychain Charm $19.95 $17.00 Extra 10% off in the app Brannan Bear Nap Hoodie Keychain Charm $19.95 $11.00 40% off + extra 10% in the app You may also like Brannan Bear Denim Jacket Keychain Charm $19.95 $13.00 30% off + extra 10% in the app Brannan Bear Scarf Keychain Charm $19.95 $9.00 50% off + extra 10% in the app Brannan Bear Sweater Keychain Charm $19.95 $11.00 40% off + extra 10% in the app Gap Logo Tote Bag $54.95 $32.00 40% off + extra 10% in the app Gap Jeans Keychain Charm $19.95 $11.00 40% off + extra 10% in the app Toy Logo Hoodie $14.95 $7.00 50% off + extra 10% in the app Brannan Bear T-Shirt Keychain Charm $19.95 $9.00 50% off + extra 10% in the app Brannan Bear Hoodie Keychain Charm $19.95 $11.00 40% off + extra 10% in the app Toy Logo Hoodie $14.95 $7.00 50% off + extra 10% in the app Brannan Bear Hoodie Keychain Charm $19.95 $11.00 40% off + extra 10% in the app,Women / Bags & Bag Charms > Women > Bags & Bag Charms,Red polka dot | Tangerine | Dark navy blue | Standout pink | Light denim | Modern red | Moonstone blue | Black gingham | Primrose pink | Navy polka dot | Moonless night | Neon pink glow | Havana yellow | Gasoline green | White denim,Soft canvas cotton logo tote bag keychain charm. #830138,Size Guide,Size Guide,23,https://www.gap.com/webcontent/0061/502/344/cn61502344.jpg,"https://www.gap.com/webcontent/0061/502/344/cn61502344.jpg | https://www.gap.com/webcontent/0061/501/683/cn61501683.jpg | https://www.gap.com/webcontent/0061/501/698/cn61501698.jpg | https://www.gap.com/webcontent/0061/502/339/cn61502339.jpg | https://www.gap.com/webcontent/0061/501/670/cn61501670.jpg | https://www.gap.com/webcontent/0061/501/686/cn61501686.jpg | https://www.gap.com/webcontent/0061/456/364/cn61456364.jpg | https://www.gap.com/webcontent/0059/961/291/cn59961291.jpg | https://www.gap.com/webcontent/0061/502/386/cn61502386.jpg | https://www.gap.com/webcontent/0060/625/989/cn60625989.jpg | https://www.gap.com/webcontent/0061/456/373/cn61456373.jpg | https://www.gap.com/webcontent/0061/438/679/cn61438679.jpg | https://www.gap.com/webcontent/0061/456/379/cn61456379.jpg | https://www.gap.com/webcontent/0061/519/686/cn61519686.jpg | https://www.gap.com/webcontent/0061/502/377/cn61502377.jpg | https://www.gap.com/webcontent/0061/645/883/cn61645883.jpg | https://www.gap.com/webcontent/0061/283/108/cn61283108.jpg | https://www.gap.com/webcontent/0061/645/812/cn61645812.jpg | https://www.gap.com/webcontent/0060/519/057/cn60519057.jpg | https://www.gap.com/webcontent/0061/283/114/cn61283114.jpg | https://www.gap.com/webcontent/0060/416/018/cn60416018.jpg | https://media.powerreviews.com/image/upload/c_thumb,d_portal-no-product-image_ttlfpi.svg,h_150,q_auto,w_150/d_portal-no-product-image_ttlfpi.svg/prod/lykvvbwlssij0wi40iht.webp | https://cdn.cookielaw.org/logos/e1cf9ab6-fc39-4557-b4ef-4393861dad52/d229a1c3-b8ad-46ad-9bdb-8311fd460a5f/c85f6701-9eae-4a9f-b770-87eee2dae9fc/Logo_color_lockup@3x.png",True,& care 100% Cotton Spot clean. Imported. Shipping & returns Customers also viewed Brannan Bear Sleep Keychain Charm $19.95 $11.00 40% off + extra 10% in the app Logo Hoodie Keychain Charm $14.95 $7.00 50% off + extra 10% in the app Gap Logo Tote Bag $54.95 $43.00 20% off + extra 10% in the app Brannan Bear Hoodie Keychain Charm $19.95 $17.00 Extra 10% off in the app Brannan Bear Nap Hoodie Keychain Charm $19.95 $11.00 40% off + extra 10% in the app You may also like Brannan Bear Denim Jacket Keychain Charm $19.95 $13.00 30% off + extra 10% in the app Brannan Bear Scarf Keychain Charm $19.95 $9.00 50% off + extra 10% in the app Brannan Bear Sweater Keychain Charm $19.95 $11.00 40% off + extra 10% in the app Gap Logo Tote Bag $54.95 $32.00 40% off + extra 10% in the app Gap Jeans Keychain Charm $19.95 $11.00 40% off + extra 10% in the app Toy Logo Hoodie $14.95 $7.00 50% off + extra 10% in the app Brannan Bear T-Shirt Keychain Charm $19.95 $9.00 50% off + extra 10% in the app Brannan Bear Hoodie Keychain Charm $19.95 $11.00 40% off + extra 10% in the app Toy Logo Hoodie $14.95 $7.00 50% off + extra 10% in the app Brannan Bear Hoodie Keychain Charm $19.95 $11.00 40% off + extra 10% in the app,& care 100% Cotton Spot clean. Imported. Shipping & returns Customers also viewed Brannan Bear Sleep Keychain Charm $19.95 $11.00 40% off + extra 10% in the app Logo Hoodie Keychain Charm $14.95 $7.00 50% off + extra 10% in the app Gap Logo Tote Bag $54.95 $43.00 20% off + extra 10% in the app Brannan Bear Hoodie Keychain Charm $19.95 $17.00 Extra 10% off in the app Brannan Bear Nap Hoodie Keychain Charm $19.95 $11.00 40% off + extra 10% in the app You may also like Brannan Bear Denim Jacket Keychain Charm $19.95 $13.00 30% off + extra 10% in the app Brannan Bear Scarf Keychain Charm $19.95 $9.00 50% off + extra 10% in the app Brannan Bear Sweater Keychain Charm $19.95 $11.00 40% off + extra 10% in the app Gap Logo Tote Bag $54.95 $32.00 40% off + extra 10% in the app Gap Jeans Keychain Charm $19.95 $11.00 40% off + extra 10% in the app Toy Logo Hoodie $14.95 $7.00 50% off + extra 10% in the app Brannan Bear T-Shirt Keychain Charm $19.95 $9.00 50% off + extra 10% in the app Brannan Bear Hoodie Keychain Charm $19.95 $11.00 40% off + extra 10% in the app Toy Logo Hoodie $14.95 $7.00 50% off + extra 10% in the app Brannan Bear Hoodie Keychain Charm $19.95 $11.00 40% off + extra 10% in the app,Logo Tote Keychain Charm,,USD,11.0,19.95,Soft canvas cotton logo tote bag keychain charm. #830138 Fabric & care 100% Cotton Spot clean. Imported. Shipping & returns Customers also viewed Brannan Bear Sleep Keychain Charm $19.95 $11.00 40% off + extra 10% in the app Logo Hoodie Keychain Charm $14.95 $7.00 50% off + extra 10% in the app Gap Logo Tote Bag $54.95 $43.00 20% off + extra 10% in the app Brannan Bear Hoodie Keychain Charm $19.95 $17.00 Extra 10% off in the app Brannan Bear Nap Hoodie Keychain Charm $19.95 $11.00 40% off + extra 10% in the app You may also like Brannan Bear Denim Jacket Keychain Charm $19.95 $13.00 30% off + extra 10% in the app Brannan Bear Scarf Keychain Charm $19.95 $9.00 50% off + extra 10% in the app Brannan Bear Sweater Keychain Charm $19.95 $11.00 40% off + extra 10% in the app Gap Logo Tote Bag $54.95 $32.00 40% off + extra 10% in the app Gap Jeans Keychain Charm $19.95 $11.00 40% off + extra 10% in the app Toy Logo Hoodie $14.95 $7.00 50% off + extra 10% in the app Brannan Bear T-Shirt Keychain Charm $19.95 $9.00 50% off + extra 10% in the app Brannan Bear Hoodie Keychain Charm $19.95 $11.00 40% off + extra 10% in the app Toy Logo Hoodie $14.95 $7.00 50% off + extra 10% in the app Brannan Bear Hoodie Keychain Charm $19.95 $11.00 40% off + extra 10% in the app,830138042,https://www.gap.com/browse/product.do?pid=830138042&vid=1&pcid=3046544&cid=3046544,False,22,22,2026-02-22,One Size,830138,
In stock,5,,Gap,100% Cotton Spot clean. Imported. Shipping & returns Customers also viewed Brannan Bear Denim Jacket Keychain Charm $19.95 $13.00 30% off + extra 10% in the app Brannan Bear Nap Hoodie Keychain Charm $19.95 $11.00 40% off + extra 10% in the app Brannan Bear Scarf Keychain Charm $19.95 $9.00 50% off + extra 10% in the app Gap Jeans Keychain Charm $19.95 $11.00 40% off + extra 10% in the app Brannan Bear Sleep Keychain Charm $19.95 $11.00 40% off + extra 10% in the app You may also like Logo Hoodie Keychain Charm $14.95 $7.00 50% off + extra 10% in the app Brannan Bear Sweater Keychain Charm $19.95 $11.00 40% off + extra 10% in the app Toy Logo Hoodie $14.95 $7.00 50% off + extra 10% in the app Brannan Bear Logo Denim Tote Bag $59.95 $47.00 20% off + extra 10% in the app Toy Logo Hoodie $14.95 $7.00 50% off + extra 10% in the app Gap Logo Tote Bag $59.95 $35.00 40% off + extra 10% in the app Toy Logo Hoodie $14.95 $7.00 50% off + extra 10% in the app Gap Logo Tote Bag $54.95 $43.00 20% off + extra 10% in the app Gap Logo Tote Bag $49.95 Extra 10% off in the app Gap Logo Tote Bag $54.95 $32.00 40% off + extra 10% in the app,Women / Bags & Bag Charms > Women > Bags & Bag Charms,Red polka dot | Tangerine | Dark navy blue | Standout pink | Light denim | Modern red | Moonstone blue | Black gingham | Primrose pink | Navy polka dot | Moonless night | Neon pink glow | Havana yellow | Gasoline green | White denim,Soft canvas cotton logo tote bag keychain charm. #830138,Size Guide,Size Guide,23,https://www.gap.com/webcontent/0061/518/508/cn61518508.jpg,"https://www.gap.com/webcontent/0061/518/508/cn61518508.jpg | https://www.gap.com/webcontent/0061/518/396/cn61518396.jpg | https://www.gap.com/webcontent/0061/518/417/cn61518417.jpg | https://www.gap.com/webcontent/0061/518/500/cn61518500.jpg | https://www.gap.com/webcontent/0061/518/393/cn61518393.jpg | https://www.gap.com/webcontent/0061/518/410/cn61518410.jpg | https://www.gap.com/webcontent/0061/438/679/cn61438679.jpg | https://www.gap.com/webcontent/0061/456/373/cn61456373.jpg | https://www.gap.com/webcontent/0061/456/379/cn61456379.jpg | https://www.gap.com/webcontent/0061/645/883/cn61645883.jpg | https://www.gap.com/webcontent/0061/456/364/cn61456364.jpg | https://www.gap.com/webcontent/0059/961/291/cn59961291.jpg | https://www.gap.com/webcontent/0061/519/686/cn61519686.jpg | https://www.gap.com/webcontent/0061/283/108/cn61283108.jpg | https://www.gap.com/webcontent/0060/681/835/cn60681835.jpg | https://www.gap.com/webcontent/0061/283/007/cn61283007.jpg | https://www.gap.com/webcontent/0061/624/045/cn61624045.jpg | https://www.gap.com/webcontent/0061/283/067/cn61283067.jpg | https://www.gap.com/webcontent/0061/603/953/cn61603953.jpg | https://www.gap.com/webcontent/0061/121/188/cn61121188.jpg | https://www.gap.com/webcontent/0061/519/158/cn61519158.jpg | https://media.powerreviews.com/image/upload/c_thumb,d_portal-no-product-image_ttlfpi.svg,h_150,q_auto,w_150/d_portal-no-product-image_ttlfpi.svg/prod/lykvvbwlssij0wi40iht.webp | https://cdn.cookielaw.org/logos/e1cf9ab6-fc39-4557-b4ef-4393861dad52/d229a1c3-b8ad-46ad-9bdb-8311fd460a5f/c85f6701-9eae-4a9f-b770-87eee2dae9fc/Logo_color_lockup@3x.png",True,& care 100% Cotton Spot clean. Imported. Shipping & returns Customers also viewed Brannan Bear Denim Jacket Keychain Charm $19.95 $13.00 30% off + extra 10% in the app Brannan Bear Nap Hoodie Keychain Charm $19.95 $11.00 40% off + extra 10% in the app Brannan Bear Scarf Keychain Charm $19.95 $9.00 50% off + extra 10% in the app Gap Jeans Keychain Charm $19.95 $11.00 40% off + extra 10% in the app Brannan Bear Sleep Keychain Charm $19.95 $11.00 40% off + extra 10% in the app You may also like Logo Hoodie Keychain Charm $14.95 $7.00 50% off + extra 10% in the app Brannan Bear Sweater Keychain Charm $19.95 $11.00 40% off + extra 10% in the app Toy Logo Hoodie $14.95 $7.00 50% off + extra 10% in the app Brannan Bear Logo Denim Tote Bag $59.95 $47.00 20% off + extra 10% in the app Toy Logo Hoodie $14.95 $7.00 50% off + extra 10% in the app Gap Logo Tote Bag $59.95 $35.00 40% off + extra 10% in the app Toy Logo Hoodie $14.95 $7.00 50% off + extra 10% in the app Gap Logo Tote Bag $54.95 $43.00 20% off + extra 10% in the app Gap Logo Tote Bag $49.95 Extra 10% off in the app Gap Logo Tote Bag $54.95 $32.00 40% off + extra 10% in the app,& care 100% Cotton Spot clean. Imported. Shipping & returns Customers also viewed Brannan Bear Denim Jacket Keychain Charm $19.95 $13.00 30% off + extra 10% in the app Brannan Bear Nap Hoodie Keychain Charm $19.95 $11.00 40% off + extra 10% in the app Brannan Bear Scarf Keychain Charm $19.95 $9.00 50% off + extra 10% in the app Gap Jeans Keychain Charm $19.95 $11.00 40% off + extra 10% in the app Brannan Bear Sleep Keychain Charm $19.95 $11.00 40% off + extra 10% in the app You may also like Logo Hoodie Keychain Charm $14.95 $7.00 50% off + extra 10% in the app Brannan Bear Sweater Keychain Charm $19.95 $11.00 40% off + extra 10% in the app Toy Logo Hoodie $14.95 $7.00 50% off + extra 10% in the app Brannan Bear Logo Denim Tote Bag $59.95 $47.00 20% off + extra 10% in the app Toy Logo Hoodie $14.95 $7.00 50% off + extra 10% in the app Gap Logo Tote Bag $59.95 $35.00 40% off + extra 10% in the app Toy Logo Hoodie $14.95 $7.00 50% off + extra 10% in the app Gap Logo Tote Bag $54.95 $43.00 20% off + extra 10% in the app Gap Logo Tote Bag $49.95 Extra 10% off in the app Gap Logo Tote Bag $54.95 $32.00 40% off + extra 10% in the app,Logo Tote Keychain Charm,,USD,11.0,19.95,Soft canvas cotton logo tote bag keychain charm. #830138 Fabric & care 100% Cotton Spot clean. Imported. Shipping & returns Customers also viewed Brannan Bear Denim Jacket Keychain Charm $19.95 $13.00 30% off + extra 10% in the app Brannan Bear Nap Hoodie Keychain Charm $19.95 $11.00 40% off + extra 10% in the app Brannan Bear Scarf Keychain Charm $19.95 $9.00 50% off + extra 10% in the app Gap Jeans Keychain Charm $19.95 $11.00 40% off + extra 10% in the app Brannan Bear Sleep Keychain Charm $19.95 $11.00 40% off + extra 10% in the app You may also like Logo Hoodie Keychain Charm $14.95 $7.00 50% off + extra 10% in the app Brannan Bear Sweater Keychain Charm $19.95 $11.00 40% off + extra 10% in the app Toy Logo Hoodie $14.95 $7.00 50% off + extra 10% in the app Brannan Bear Logo Denim Tote Bag $59.95 $47.00 20% off + extra 10% in the app Toy Logo Hoodie $14.95 $7.00 50% off + extra 10% in the app Gap Logo Tote Bag $59.95 $35.00 40% off + extra 10% in the app Toy Logo Hoodie $14.95 $7.00 50% off + extra 10% in the app Gap Logo Tote Bag $54.95 $43.00 20% off + extra 10% in the app Gap Logo Tote Bag $49.95 Extra 10% off in the app Gap Logo Tote Bag $54.95 $32.00 40% off + extra 10% in the app,830138142,https://www.gap.com/browse/product.do?pid=830138142&vid=1&pcid=3046544&cid=3046544,False,22,22,2026-02-22,One Size,830138,
In stock,5,,Gap,100% Cotton Spot clean. Imported. Shipping & returns Customers also viewed Brannan Bear Scarf Keychain Charm $19.95 $9.00 50% off + extra 10% in the app Logo Hoodie Keychain Charm $14.95 $7.00 50% off + extra 10% in the app Brannan Bear Nap Hoodie Keychain Charm $19.95 $11.00 40% off + extra 10% in the app Toy Logo Hoodie $14.95 $7.00 50% off + extra 10% in the app Brannan Bear Hoodie Keychain Charm $19.95 $17.00 Extra 10% off in the app You may also like Brannan Bear Denim Jacket Keychain Charm $19.95 $13.00 30% off + extra 10% in the app Toy Logo Hoodie $14.95 $7.00 50% off + extra 10% in the app Brannan Bear Sweater Keychain Charm $19.95 $11.00 40% off + extra 10% in the app Toy Logo Hoodie $14.95 $7.00 50% off + extra 10% in the app Brannan Bear Sleep Keychain Charm $19.95 $11.00 40% off + extra 10% in the app Logo Hoodie Keychain Charm $14.95 $7.00 50% off + extra 10% in the app Gap Logo Tote Bag $54.95 $43.00 20% off + extra 10% in the app Brannan Bear T-Shirt Keychain Charm $19.95 $9.00 50% off + extra 10% in the app Gap Logo Tote Bag $54.95 $32.00 40% off + extra 10% in the app Brannan Bear Hoodie Keychain Charm $19.95 $11.00 40% off + extra 10% in the app,Women / Bags & Bag Charms > Women > Bags & Bag Charms,Red polka dot | Tangerine | Dark navy blue | Standout pink | Light denim | Modern red | Moonstone blue | Black gingham | Primrose pink | Navy polka dot | Moonless night | Neon pink glow | Havana yellow | Gasoline green | White denim,Soft canvas cotton logo tote bag keychain charm. #830138,Size Guide,Size Guide,23,https://www.gap.com/webcontent/0061/502/349/cn61502349.jpg,"https://www.gap.com/webcontent/0061/502/349/cn61502349.jpg | https://www.gap.com/webcontent/0061/501/680/cn61501680.jpg | https://www.gap.com/webcontent/0061/501/711/cn61501711.jpg | https://www.gap.com/webcontent/0061/502/345/cn61502345.jpg | https://www.gap.com/webcontent/0061/501/669/cn61501669.jpg | https://www.gap.com/webcontent/0061/501/701/cn61501701.jpg | https://www.gap.com/webcontent/0061/456/379/cn61456379.jpg | https://www.gap.com/webcontent/0059/961/291/cn59961291.jpg | https://www.gap.com/webcontent/0061/456/373/cn61456373.jpg | https://www.gap.com/webcontent/0061/283/114/cn61283114.jpg | https://www.gap.com/webcontent/0060/625/989/cn60625989.jpg | https://www.gap.com/webcontent/0061/438/679/cn61438679.jpg | https://www.gap.com/webcontent/0061/283/108/cn61283108.jpg | https://www.gap.com/webcontent/0061/519/686/cn61519686.jpg | https://www.gap.com/webcontent/0061/283/067/cn61283067.jpg | https://www.gap.com/webcontent/0061/456/364/cn61456364.jpg | https://www.gap.com/webcontent/0059/961/274/cn59961274.jpg | https://www.gap.com/webcontent/0061/603/953/cn61603953.jpg | https://www.gap.com/webcontent/0061/645/812/cn61645812.jpg | https://www.gap.com/webcontent/0061/519/158/cn61519158.jpg | https://www.gap.com/webcontent/0060/416/018/cn60416018.jpg | https://media.powerreviews.com/image/upload/c_thumb,d_portal-no-product-image_ttlfpi.svg,h_150,q_auto,w_150/d_portal-no-product-image_ttlfpi.svg/prod/lykvvbwlssij0wi40iht.webp | https://cdn.cookielaw.org/logos/e1cf9ab6-fc39-4557-b4ef-4393861dad52/d229a1c3-b8ad-46ad-9bdb-8311fd460a5f/c85f6701-9eae-4a9f-b770-87eee2dae9fc/Logo_color_lockup@3x.png",True,& care 100% Cotton Spot clean. Imported. Shipping & returns Customers also viewed Brannan Bear Scarf Keychain Charm $19.95 $9.00 50% off + extra 10% in the app Logo Hoodie Keychain Charm $14.95 $7.00 50% off + extra 10% in the app Brannan Bear Nap Hoodie Keychain Charm $19.95 $11.00 40% off + extra 10% in the app Toy Logo Hoodie $14.95 $7.00 50% off + extra 10% in the app Brannan Bear Hoodie Keychain Charm $19.95 $17.00 Extra 10% off in the app You may also like Brannan Bear Denim Jacket Keychain Charm $19.95 $13.00 30% off + extra 10% in the app Toy Logo Hoodie $14.95 $7.00 50% off + extra 10% in the app Brannan Bear Sweater Keychain Charm $19.95 $11.00 40% off + extra 10% in the app Toy Logo Hoodie $14.95 $7.00 50% off + extra 10% in the app Brannan Bear Sleep Keychain Charm $19.95 $11.00 40% off + extra 10% in the app Logo Hoodie Keychain Charm $14.95 $7.00 50% off + extra 10% in the app Gap Logo Tote Bag $54.95 $43.00 20% off + extra 10% in the app Brannan Bear T-Shirt Keychain Charm $19.95 $9.00 50% off + extra 10% in the app Gap Logo Tote Bag $54.95 $32.00 40% off + extra 10% in the app Brannan Bear Hoodie Keychain Charm $19.95 $11.00 40% off + extra 10% in the app,& care 100% Cotton Spot clean. Imported. Shipping & returns Customers also viewed Brannan Bear Scarf Keychain Charm $19.95 $9.00 50% off + extra 10% in the app Logo Hoodie Keychain Charm $14.95 $7.00 50% off + extra 10% in the app Brannan Bear Nap Hoodie Keychain Charm $19.95 $11.00 40% off + extra 10% in the app Toy Logo Hoodie $14.95 $7.00 50% off + extra 10% in the app Brannan Bear Hoodie Keychain Charm $19.95 $17.00 Extra 10% off in the app You may also like Brannan Bear Denim Jacket Keychain Charm $19.95 $13.00 30% off + extra 10% in the app Toy Logo Hoodie $14.95 $7.00 50% off + extra 10% in the app Brannan Bear Sweater Keychain Charm $19.95 $11.00 40% off + extra 10% in the app Toy Logo Hoodie $14.95 $7.00 50% off + extra 10% in the app Brannan Bear Sleep Keychain Charm $19.95 $11.00 40% off + extra 10% in the app Logo Hoodie Keychain Charm $14.95 $7.00 50% off + extra 10% in the app Gap Logo Tote Bag $54.95 $43.00 20% off + extra 10% in the app Brannan Bear T-Shirt Keychain Charm $19.95 $9.00 50% off + extra 10% in the app Gap Logo Tote Bag $54.95 $32.00 40% off + extra 10% in the app Brannan Bear Hoodie Keychain Charm $19.95 $11.00 40% off + extra 10% in the app,Logo Tote Keychain Charm,,USD,11.0,19.95,Soft canvas cotton logo tote bag keychain charm. #830138 Fabric & care 100% Cotton Spot clean. Imported. Shipping & returns Customers also viewed Brannan Bear Scarf Keychain Charm $19.95 $9.00 50% off + extra 10% in the app Logo Hoodie Keychain Charm $14.95 $7.00 50% off + extra 10% in the app Brannan Bear Nap Hoodie Keychain Charm $19.95 $11.00 40% off + extra 10% in the app Toy Logo Hoodie $14.95 $7.00 50% off + extra 10% in the app Brannan Bear Hoodie Keychain Charm $19.95 $17.00 Extra 10% off in the app You may also like Brannan Bear Denim Jacket Keychain Charm $19.95 $13.00 30% off + extra 10% in the app Toy Logo Hoodie $14.95 $7.00 50% off + extra 10% in the app Brannan Bear Sweater Keychain Charm $19.95 $11.00 40% off + extra 10% in the app Toy Logo Hoodie $14.95 $7.00 50% off + extra 10% in the app Brannan Bear Sleep Keychain Charm $19.95 $11.00 40% off + extra 10% in the app Logo Hoodie Keychain Charm $14.95 $7.00 50% off + extra 10% in the app Gap Logo Tote Bag $54.95 $43.00 20% off + extra 10% in the app Brannan Bear T-Shirt Keychain Charm $19.95 $9.00 50% off + extra 10% in the app Gap Logo Tote Bag $54.95 $32.00 40% off + extra 10% in the app Brannan Bear Hoodie Keychain Charm $19.95 $11.00 40% off + extra 10% in the app,830138102,https://www.gap.com/browse/product.do?pid=830138102&vid=1&pcid=3046544&cid=3051539,False,22,22,2026-02-22,One Size,830138,
In stock,5,,Gap,100% Cotton Spot clean. Imported. Shipping & returns Customers also viewed Brannan Bear Scarf Keychain Charm $19.95 $9.00 50% off + extra 10% in the app Brannan Bear T-Shirt Keychain Charm $19.95 $9.00 50% off + extra 10% in the app Logo Hoodie Keychain Charm $14.95 $7.00 50% off + extra 10% in the app Gap Jeans Keychain Charm $19.95 $11.00 40% off + extra 10% in the app Brannan Bear Hoodie Keychain Charm $19.95 $11.00 40% off + extra 10% in the app You may also like Brannan Bear Hoodie Keychain Charm $19.95 $17.00 Extra 10% off in the app Brannan Bear Sweater Keychain Charm $19.95 $11.00 40% off + extra 10% in the app Brannan Bear Denim Jacket Keychain Charm $19.95 $13.00 30% off + extra 10% in the app Brannan Bear Sleep Keychain Charm $19.95 $11.00 40% off + extra 10% in the app Gap Logo Tote Bag $54.95 $43.00 20% off + extra 10% in the app Brannan Bear Hoodie Keychain Charm $19.95 $11.00 40% off + extra 10% in the app Gap Logo Tote Bag $54.95 $32.00 40% off + extra 10% in the app Toy Logo Hoodie $14.95 $7.00 50% off + extra 10% in the app Gap Logo Tote Bag $54.95 $32.00 40% off + extra 10% in the app Toy Logo Hoodie $14.95 $7.00 50% off + extra 10% in the app,Women / Bags & Bag Charms > Women > Bags & Bag Charms,Red polka dot | Tangerine | Dark navy blue | Standout pink | Light denim | Modern red | Moonstone blue | Black gingham | Primrose pink | Navy polka dot | Moonless night | Neon pink glow | Havana yellow | Gasoline green | White denim,Soft canvas cotton logo tote bag keychain charm. #830138,Size Guide,Size Guide,23,https://www.gap.com/webcontent/0061/518/509/cn61518509.jpg,"https://www.gap.com/webcontent/0061/518/509/cn61518509.jpg | https://www.gap.com/webcontent/0061/518/403/cn61518403.jpg | https://www.gap.com/webcontent/0061/518/422/cn61518422.jpg | https://www.gap.com/webcontent/0061/518/501/cn61518501.jpg | https://www.gap.com/webcontent/0061/518/397/cn61518397.jpg | https://www.gap.com/webcontent/0061/518/418/cn61518418.jpg | https://www.gap.com/webcontent/0061/456/379/cn61456379.jpg | https://www.gap.com/webcontent/0061/645/812/cn61645812.jpg | https://www.gap.com/webcontent/0059/961/291/cn59961291.jpg | https://www.gap.com/webcontent/0061/645/883/cn61645883.jpg | https://www.gap.com/webcontent/0060/519/057/cn60519057.jpg | https://www.gap.com/webcontent/0060/625/989/cn60625989.jpg | https://www.gap.com/webcontent/0061/519/686/cn61519686.jpg | https://www.gap.com/webcontent/0061/438/679/cn61438679.jpg | https://www.gap.com/webcontent/0061/456/364/cn61456364.jpg | https://www.gap.com/webcontent/0061/502/386/cn61502386.jpg | https://www.gap.com/webcontent/0060/416/018/cn60416018.jpg | https://www.gap.com/webcontent/0061/519/158/cn61519158.jpg | https://www.gap.com/webcontent/0061/283/007/cn61283007.jpg | https://www.gap.com/webcontent/0061/708/096/cn61708096.jpg | https://www.gap.com/webcontent/0061/283/114/cn61283114.jpg | https://media.powerreviews.com/image/upload/c_thumb,d_portal-no-product-image_ttlfpi.svg,h_150,q_auto,w_150/d_portal-no-product-image_ttlfpi.svg/prod/lykvvbwlssij0wi40iht.webp | https://cdn.cookielaw.org/logos/e1cf9ab6-fc39-4557-b4ef-4393861dad52/d229a1c3-b8ad-46ad-9bdb-8311fd460a5f/c85f6701-9eae-4a9f-b770-87eee2dae9fc/Logo_color_lockup@3x.png",True,& care 100% Cotton Spot clean. Imported. Shipping & returns Customers also viewed Brannan Bear Scarf Keychain Charm $19.95 $9.00 50% off + extra 10% in the app Brannan Bear T-Shirt Keychain Charm $19.95 $9.00 50% off + extra 10% in the app Logo Hoodie Keychain Charm $14.95 $7.00 50% off + extra 10% in the app Gap Jeans Keychain Charm $19.95 $11.00 40% off + extra 10% in the app Brannan Bear Hoodie Keychain Charm $19.95 $11.00 40% off + extra 10% in the app You may also like Brannan Bear Hoodie Keychain Charm $19.95 $17.00 Extra 10% off in the app Brannan Bear Sweater Keychain Charm $19.95 $11.00 40% off + extra 10% in the app Brannan Bear Denim Jacket Keychain Charm $19.95 $13.00 30% off + extra 10% in the app Brannan Bear Sleep Keychain Charm $19.95 $11.00 40% off + extra 10% in the app Gap Logo Tote Bag $54.95 $43.00 20% off + extra 10% in the app Brannan Bear Hoodie Keychain Charm $19.95 $11.00 40% off + extra 10% in the app Gap Logo Tote Bag $54.95 $32.00 40% off + extra 10% in the app Toy Logo Hoodie $14.95 $7.00 50% off + extra 10% in the app Gap Logo Tote Bag $54.95 $32.00 40% off + extra 10% in the app Toy Logo Hoodie $14.95 $7.00 50% off + extra 10% in the app,& care 100% Cotton Spot clean. Imported. Shipping & returns Customers also viewed Brannan Bear Scarf Keychain Charm $19.95 $9.00 50% off + extra 10% in the app Brannan Bear T-Shirt Keychain Charm $19.95 $9.00 50% off + extra 10% in the app Logo Hoodie Keychain Charm $14.95 $7.00 50% off + extra 10% in the app Gap Jeans Keychain Charm $19.95 $11.00 40% off + extra 10% in the app Brannan Bear Hoodie Keychain Charm $19.95 $11.00 40% off + extra 10% in the app You may also like Brannan Bear Hoodie Keychain Charm $19.95 $17.00 Extra 10% off in the app Brannan Bear Sweater Keychain Charm $19.95 $11.00 40% off + extra 10% in the app Brannan Bear Denim Jacket Keychain Charm $19.95 $13.00 30% off + extra 10% in the app Brannan Bear Sleep Keychain Charm $19.95 $11.00 40% off + extra 10% in the app Gap Logo Tote Bag $54.95 $43.00 20% off + extra 10% in the app Brannan Bear Hoodie Keychain Charm $19.95 $11.00 40% off + extra 10% in the app Gap Logo Tote Bag $54.95 $32.00 40% off + extra 10% in the app Toy Logo Hoodie $14.95 $7.00 50% off + extra 10% in the app Gap Logo Tote Bag $54.95 $32.00 40% off + extra 10% in the app Toy Logo Hoodie $14.95 $7.00 50% off + extra 10% in the app,Logo Tote Keychain Charm,,USD,11.0,19.95,Soft canvas cotton logo tote bag keychain charm. #830138 Fabric & care 100% Cotton Spot clean. Imported. Shipping & returns Customers also viewed Brannan Bear Scarf Keychain Charm $19.95 $9.00 50% off + extra 10% in the app Brannan Bear T-Shirt Keychain Charm $19.95 $9.00 50% off + extra 10% in the app Logo Hoodie Keychain Charm $14.95 $7.00 50% off + extra 10% in the app Gap Jeans Keychain Charm $19.95 $11.00 40% off + extra 10% in the app Brannan Bear Hoodie Keychain Charm $19.95 $11.00 40% off + extra 10% in the app You may also like Brannan Bear Hoodie Keychain Charm $19.95 $17.00 Extra 10% off in the app Brannan Bear Sweater Keychain Charm $19.95 $11.00 40% off + extra 10% in the app Brannan Bear Denim Jacket Keychain Charm $19.95 $13.00 30% off + extra 10% in the app Brannan Bear Sleep Keychain Charm $19.95 $11.00 40% off + extra 10% in the app Gap Logo Tote Bag $54.95 $43.00 20% off + extra 10% in the app Brannan Bear Hoodie Keychain Charm $19.95 $11.00 40% off + extra 10% in the app Gap Logo Tote Bag $54.95 $32.00 40% off + extra 10% in the app Toy Logo Hoodie $14.95 $7.00 50% off + extra 10% in the app Gap Logo Tote Bag $54.95 $32.00 40% off + extra 10% in the app Toy Logo Hoodie $14.95 $7.00 50% off + extra 10% in the app,830138112,https://www.gap.com/browse/product.do?pid=830138112&vid=1&pcid=3046544&cid=3046544,False,22,22,2026-02-22,One Size,830138,
In stock,5,,Gap,100% Cotton Spot clean. Imported. Shipping & returns Customers also viewed Brannan Bear Sleep Keychain Charm $19.95 $11.00 40% off + extra 10% in the app Gap Logo Tote Bag $54.95 $32.00 40% off + extra 10% in the app Brannan Bear Hoodie Keychain Charm $19.95 $11.00 40% off + extra 10% in the app Brannan Bear Hoodie Keychain Charm $19.95 $11.00 40% off + extra 10% in the app Brannan Bear Scarf Keychain Charm $19.95 $9.00 50% off + extra 10% in the app You may also like Gap Logo Tote Bag $54.95 $43.00 20% off + extra 10% in the app Brannan Bear Nap Hoodie Keychain Charm $19.95 $11.00 40% off + extra 10% in the app Gap Logo Tote Bag $54.95 $32.00 40% off + extra 10% in the app Logo Hoodie Keychain Charm $14.95 $7.00 50% off + extra 10% in the app Gap Logo Tote Bag $54.95 $43.00 20% off + extra 10% in the app Brannan Bear T-Shirt Keychain Charm $19.95 $9.00 50% off + extra 10% in the app Gap Logo Tote Bag $54.95 $43.00 20% off + extra 10% in the app Brannan Bear Denim Jacket Keychain Charm $19.95 $13.00 30% off + extra 10% in the app Gap Jeans Keychain Charm $19.95 $11.00 40% off + extra 10% in the app Toy Logo Hoodie $14.95 $7.00 50% off + extra 10% in the app,Women / Bags & Bag Charms > Women > Bags & Bag Charms,Red polka dot | Tangerine | Dark navy blue | Standout pink | Light denim | Modern red | Moonstone blue | Black gingham | Primrose pink | Navy polka dot | Moonless night | Neon pink glow | Havana yellow | Gasoline green | White denim,Soft canvas cotton logo tote bag keychain charm. #830138,Size Guide,Size Guide,23,https://www.gap.com/webcontent/0061/518/535/cn61518535.jpg,"https://www.gap.com/webcontent/0061/518/535/cn61518535.jpg | https://www.gap.com/webcontent/0061/518/470/cn61518470.jpg | https://www.gap.com/webcontent/0061/518/495/cn61518495.jpg | https://www.gap.com/webcontent/0061/518/529/cn61518529.jpg | https://www.gap.com/webcontent/0061/518/463/cn61518463.jpg | https://www.gap.com/webcontent/0061/518/486/cn61518486.jpg | https://www.gap.com/webcontent/0061/456/364/cn61456364.jpg | https://www.gap.com/webcontent/0061/519/158/cn61519158.jpg | https://www.gap.com/webcontent/0060/416/018/cn60416018.jpg | https://www.gap.com/webcontent/0060/519/057/cn60519057.jpg | https://www.gap.com/webcontent/0061/456/379/cn61456379.jpg | https://www.gap.com/webcontent/0061/502/386/cn61502386.jpg | https://www.gap.com/webcontent/0061/456/373/cn61456373.jpg | https://www.gap.com/webcontent/0061/708/096/cn61708096.jpg | https://www.gap.com/webcontent/0059/961/291/cn59961291.jpg | https://www.gap.com/webcontent/0061/603/953/cn61603953.jpg | https://www.gap.com/webcontent/0061/645/812/cn61645812.jpg | https://www.gap.com/webcontent/0061/518/912/cn61518912.jpg | https://www.gap.com/webcontent/0061/438/679/cn61438679.jpg | https://www.gap.com/webcontent/0061/645/883/cn61645883.jpg | https://www.gap.com/webcontent/0061/283/108/cn61283108.jpg | https://media.powerreviews.com/image/upload/c_thumb,d_portal-no-product-image_ttlfpi.svg,h_150,q_auto,w_150/d_portal-no-product-image_ttlfpi.svg/prod/lykvvbwlssij0wi40iht.webp | https://cdn.cookielaw.org/logos/e1cf9ab6-fc39-4557-b4ef-4393861dad52/d229a1c3-b8ad-46ad-9bdb-8311fd460a5f/c85f6701-9eae-4a9f-b770-87eee2dae9fc/Logo_color_lockup@3x.png",True,& care 100% Cotton Spot clean. Imported. Shipping & returns Customers also viewed Brannan Bear Sleep Keychain Charm $19.95 $11.00 40% off + extra 10% in the app Gap Logo Tote Bag $54.95 $32.00 40% off + extra 10% in the app Brannan Bear Hoodie Keychain Charm $19.95 $11.00 40% off + extra 10% in the app Brannan Bear Hoodie Keychain Charm $19.95 $11.00 40% off + extra 10% in the app Brannan Bear Scarf Keychain Charm $19.95 $9.00 50% off + extra 10% in the app You may also like Gap Logo Tote Bag $54.95 $43.00 20% off + extra 10% in the app Brannan Bear Nap Hoodie Keychain Charm $19.95 $11.00 40% off + extra 10% in the app Gap Logo Tote Bag $54.95 $32.00 40% off + extra 10% in the app Logo Hoodie Keychain Charm $14.95 $7.00 50% off + extra 10% in the app Gap Logo Tote Bag $54.95 $43.00 20% off + extra 10% in the app Brannan Bear T-Shirt Keychain Charm $19.95 $9.00 50% off + extra 10% in the app Gap Logo Tote Bag $54.95 $43.00 20% off + extra 10% in the app Brannan Bear Denim Jacket Keychain Charm $19.95 $13.00 30% off + extra 10% in the app Gap Jeans Keychain Charm $19.95 $11.00 40% off + extra 10% in the app Toy Logo Hoodie $14.95 $7.00 50% off + extra 10% in the app,& care 100% Cotton Spot clean. Imported. Shipping & returns Customers also viewed Brannan Bear Sleep Keychain Charm $19.95 $11.00 40% off + extra 10% in the app Gap Logo Tote Bag $54.95 $32.00 40% off + extra 10% in the app Brannan Bear Hoodie Keychain Charm $19.95 $11.00 40% off + extra 10% in the app Brannan Bear Hoodie Keychain Charm $19.95 $11.00 40% off + extra 10% in the app Brannan Bear Scarf Keychain Charm $19.95 $9.00 50% off + extra 10% in the app You may also like Gap Logo Tote Bag $54.95 $43.00 20% off + extra 10% in the app Brannan Bear Nap Hoodie Keychain Charm $19.95 $11.00 40% off + extra 10% in the app Gap Logo Tote Bag $54.95 $32.00 40% off + extra 10% in the app Logo Hoodie Keychain Charm $14.95 $7.00 50% off + extra 10% in the app Gap Logo Tote Bag $54.95 $43.00 20% off + extra 10% in the app Brannan Bear T-Shirt Keychain Charm $19.95 $9.00 50% off + extra 10% in the app Gap Logo Tote Bag $54.95 $43.00 20% off + extra 10% in the app Brannan Bear Denim Jacket Keychain Charm $19.95 $13.00 30% off + extra 10% in the app Gap Jeans Keychain Charm $19.95 $11.00 40% off + extra 10% in the app Toy Logo Hoodie $14.95 $7.00 50% off + extra 10% in the app,Logo Tote Keychain Charm,,USD,11.0,19.95,Soft canvas cotton logo tote bag keychain charm. #830138 Fabric & care 100% Cotton Spot clean. Imported. Shipping & returns Customers also viewed Brannan Bear Sleep Keychain Charm $19.95 $11.00 40% off + extra 10% in the app Gap Logo Tote Bag $54.95 $32.00 40% off + extra 10% in the app Brannan Bear Hoodie Keychain Charm $19.95 $11.00 40% off + extra 10% in the app Brannan Bear Hoodie Keychain Charm $19.95 $11.00 40% off + extra 10% in the app Brannan Bear Scarf Keychain Charm $19.95 $9.00 50% off + extra 10% in the app You may also like Gap Logo Tote Bag $54.95 $43.00 20% off + extra 10% in the app Brannan Bear Nap Hoodie Keychain Charm $19.95 $11.00 40% off + extra 10% in the app Gap Logo Tote Bag $54.95 $32.00 40% off + extra 10% in the app Logo Hoodie Keychain Charm $14.95 $7.00 50% off + extra 10% in the app Gap Logo Tote Bag $54.95 $43.00 20% off + extra 10% in the app Brannan Bear T-Shirt Keychain Charm $19.95 $9.00 50% off + extra 10% in the app Gap Logo Tote Bag $54.95 $43.00 20% off + extra 10% in the app Brannan Bear Denim Jacket Keychain Charm $19.95 $13.00 30% off + extra 10% in the app Gap Jeans Keychain Charm $19.95 $11.00 40% off + extra 10% in the app Toy Logo Hoodie $14.95 $7.00 50% off + extra 10% in the app,830138172,https://www.gap.com/browse/product.do?pid=830138172&vid=1&pcid=3046544&cid=3046544,False,22,22,2026-02-22,One Size,830138,
In stock,5,,Gap,100% Cotton Spot clean. Imported. Shipping & returns Customers also viewed Brannan Bear Sleep Keychain Charm $19.95 $11.00 40% off + extra 10% in the app Brannan Bear Nap Hoodie Keychain Charm $19.95 $11.00 40% off + extra 10% in the app Brannan Bear Denim Jacket Keychain Charm $19.95 $13.00 30% off + extra 10% in the app Gap Logo Tote Bag $54.95 $43.00 20% off + extra 10% in the app Brannan Bear Sweater Keychain Charm $19.95 $11.00 40% off + extra 10% in the app You may also like Logo Hoodie Keychain Charm $14.95 $7.00 50% off + extra 10% in the app Brannan Bear Scarf Keychain Charm $19.95 $9.00 50% off + extra 10% in the app Gap Logo Tote Bag $54.95 $32.00 40% off + extra 10% in the app Gap Jeans Keychain Charm $19.95 $11.00 40% off + extra 10% in the app Gap Logo Tote Bag $54.95 $43.00 20% off + extra 10% in the app Toy Logo Hoodie $14.95 $7.00 50% off + extra 10% in the app Gap Logo Tote Bag $54.95 $32.00 40% off + extra 10% in the app Brannan Bear T-Shirt Keychain Charm $19.95 $9.00 50% off + extra 10% in the app Gap Logo Tote Bag $59.95 $35.00 40% off + extra 10% in the app Logo Hoodie Keychain Charm $14.95 $7.00 50% off + extra 10% in the app,Women / Bags & Bag Charms > Women > Bags & Bag Charms,Red polka dot | Tangerine | Dark navy blue | Standout pink | Light denim | Modern red | Moonstone blue | Black gingham | Primrose pink | Navy polka dot | Moonless night | Neon pink glow | Havana yellow | Gasoline green | White denim,Soft canvas cotton logo tote bag keychain charm. #830138,Size Guide,Size Guide,23,https://www.gap.com/webcontent/0061/502/320/cn61502320.jpg,"https://www.gap.com/webcontent/0061/502/320/cn61502320.jpg | https://www.gap.com/webcontent/0061/501/660/cn61501660.jpg | https://www.gap.com/webcontent/0061/501/695/cn61501695.jpg | https://www.gap.com/webcontent/0061/502/316/cn61502316.jpg | https://www.gap.com/webcontent/0061/501/646/cn61501646.jpg | https://www.gap.com/webcontent/0061/501/682/cn61501682.jpg | https://www.gap.com/webcontent/0061/456/364/cn61456364.jpg | https://www.gap.com/webcontent/0061/456/373/cn61456373.jpg | https://www.gap.com/webcontent/0061/438/679/cn61438679.jpg | https://www.gap.com/webcontent/0061/502/386/cn61502386.jpg | https://www.gap.com/webcontent/0061/519/686/cn61519686.jpg | https://www.gap.com/webcontent/0059/961/291/cn59961291.jpg | https://www.gap.com/webcontent/0061/456/379/cn61456379.jpg | https://www.gap.com/webcontent/0061/519/158/cn61519158.jpg | https://www.gap.com/webcontent/0061/645/883/cn61645883.jpg | https://www.gap.com/webcontent/0061/603/953/cn61603953.jpg | https://www.gap.com/webcontent/0061/283/108/cn61283108.jpg | https://www.gap.com/webcontent/0061/708/096/cn61708096.jpg | https://www.gap.com/webcontent/0061/645/812/cn61645812.jpg | https://www.gap.com/webcontent/0061/624/045/cn61624045.jpg | https://www.gap.com/webcontent/0060/518/975/cn60518975.jpg | https://media.powerreviews.com/image/upload/c_thumb,d_portal-no-product-image_ttlfpi.svg,h_150,q_auto,w_150/d_portal-no-product-image_ttlfpi.svg/prod/lykvvbwlssij0wi40iht.webp | https://cdn.cookielaw.org/logos/e1cf9ab6-fc39-4557-b4ef-4393861dad52/d229a1c3-b8ad-46ad-9bdb-8311fd460a5f/c85f6701-9eae-4a9f-b770-87eee2dae9fc/Logo_color_lockup@3x.png",True,& care 100% Cotton Spot clean. Imported. Shipping & returns Customers also viewed Brannan Bear Sleep Keychain Charm $19.95 $11.00 40% off + extra 10% in the app Brannan Bear Nap Hoodie Keychain Charm $19.95 $11.00 40% off + extra 10% in the app Brannan Bear Denim Jacket Keychain Charm $19.95 $13.00 30% off + extra 10% in the app Gap Logo Tote Bag $54.95 $43.00 20% off + extra 10% in the app Brannan Bear Sweater Keychain Charm $19.95 $11.00 40% off + extra 10% in the app You may also like Logo Hoodie Keychain Charm $14.95 $7.00 50% off + extra 10% in the app Brannan Bear Scarf Keychain Charm $19.95 $9.00 50% off + extra 10% in the app Gap Logo Tote Bag $54.95 $32.00 40% off + extra 10% in the app Gap Jeans Keychain Charm $19.95 $11.00 40% off + extra 10% in the app Gap Logo Tote Bag $54.95 $43.00 20% off + extra 10% in the app Toy Logo Hoodie $14.95 $7.00 50% off + extra 10% in the app Gap Logo Tote Bag $54.95 $32.00 40% off + extra 10% in the app Brannan Bear T-Shirt Keychain Charm $19.95 $9.00 50% off + extra 10% in the app Gap Logo Tote Bag $59.95 $35.00 40% off + extra 10% in the app Logo Hoodie Keychain Charm $14.95 $7.00 50% off + extra 10% in the app,& care 100% Cotton Spot clean. Imported. Shipping & returns Customers also viewed Brannan Bear Sleep Keychain Charm $19.95 $11.00 40% off + extra 10% in the app Brannan Bear Nap Hoodie Keychain Charm $19.95 $11.00 40% off + extra 10% in the app Brannan Bear Denim Jacket Keychain Charm $19.95 $13.00 30% off + extra 10% in the app Gap Logo Tote Bag $54.95 $43.00 20% off + extra 10% in the app Brannan Bear Sweater Keychain Charm $19.95 $11.00 40% off + extra 10% in the app You may also like Logo Hoodie Keychain Charm $14.95 $7.00 50% off + extra 10% in the app Brannan Bear Scarf Keychain Charm $19.95 $9.00 50% off + extra 10% in the app Gap Logo Tote Bag $54.95 $32.00 40% off + extra 10% in the app Gap Jeans Keychain Charm $19.95 $11.00 40% off + extra 10% in the app Gap Logo Tote Bag $54.95 $43.00 20% off + extra 10% in the app Toy Logo Hoodie $14.95 $7.00 50% off + extra 10% in the app Gap Logo Tote Bag $54.95 $32.00 40% off + extra 10% in the app Brannan Bear T-Shirt Keychain Charm $19.95 $9.00 50% off + extra 10% in the app Gap Logo Tote Bag $59.95 $35.00 40% off + extra 10% in the app Logo Hoodie Keychain Charm $14.95 $7.00 50% off + extra 10% in the app,Logo Tote Keychain Charm,,USD,11.0,19.95,Soft canvas cotton logo tote bag keychain charm. #830138 Fabric & care 100% Cotton Spot clean. Imported. Shipping & returns Customers also viewed Brannan Bear Sleep Keychain Charm $19.95 $11.00 40% off + extra 10% in the app Brannan Bear Nap Hoodie Keychain Charm $19.95 $11.00 40% off + extra 10% in the app Brannan Bear Denim Jacket Keychain Charm $19.95 $13.00 30% off + extra 10% in the app Gap Logo Tote Bag $54.95 $43.00 20% off + extra 10% in the app Brannan Bear Sweater Keychain Charm $19.95 $11.00 40% off + extra 10% in the app You may also like Logo Hoodie Keychain Charm $14.95 $7.00 50% off + extra 10% in the app Brannan Bear Scarf Keychain Charm $19.95 $9.00 50% off + extra 10% in the app Gap Logo Tote Bag $54.95 $32.00 40% off + extra 10% in the app Gap Jeans Keychain Charm $19.95 $11.00 40% off + extra 10% in the app Gap Logo Tote Bag $54.95 $43.00 20% off + extra 10% in the app Toy Logo Hoodie $14.95 $7.00 50% off + extra 10% in the app Gap Logo Tote Bag $54.95 $32.00 40% off + extra 10% in the app Brannan Bear T-Shirt Keychain Charm $19.95 $9.00 50% off + extra 10% in the app Gap Logo Tote Bag $59.95 $35.00 40% off + extra 10% in the app Logo Hoodie Keychain Charm $14.95 $7.00 50% off + extra 10% in the app,830138192,https://www.gap.com/browse/product.do?pid=830138192&vid=1&pcid=3046544&cid=3046544,False,22,22,2026-02-22,One Size,830138,
In stock,5,,Gap,100% Cotton Spot clean. Imported. Shipping & returns Customers also viewed Toy Logo Hoodie $14.95 $7.00 50% off + extra 10% in the app Brannan Bear Scarf Keychain Charm $19.95 $9.00 50% off + extra 10% in the app Toy Logo Hoodie $14.95 $7.00 50% off + extra 10% in the app Trench Coat Keychain Charm $19.95 $15.00 20% off + extra 10% in the app Toy Logo Hoodie $14.95 $7.00 50% off + extra 10% in the app You may also like Brannan Bear Denim Jacket Keychain Charm $19.95 $13.00 30% off + extra 10% in the app Brannan Bear Sleep Keychain Charm $19.95 $11.00 40% off + extra 10% in the app Brannan Bear T-Shirt Keychain Charm $19.95 $9.00 50% off + extra 10% in the app Logo Hoodie Keychain Charm $14.95 $7.00 50% off + extra 10% in the app Gap Logo Tote Bag $59.95 $35.00 40% off + extra 10% in the app Logo Hoodie Keychain Charm $14.95 $7.00 50% off + extra 10% in the app Gap Logo Tote Bag $54.95 $32.00 40% off + extra 10% in the app Brannan Bear Hoodie Keychain Charm $19.95 $11.00 40% off + extra 10% in the app Gap Logo Tote Bag $54.95 $43.00 20% off + extra 10% in the app Brannan Bear Hoodie Keychain Charm $19.95 $11.00 40% off + extra 10% in the app,Women / Bags & Bag Charms > Women > Bags & Bag Charms,Red polka dot | Tangerine | Dark navy blue | Standout pink | Light denim | Modern red | Moonstone blue | Black gingham | Primrose pink | Navy polka dot | Moonless night | Neon pink glow | Havana yellow | Gasoline green | White denim,Soft canvas cotton logo tote bag keychain charm. #830138,Size Guide,Size Guide,23,https://www.gap.com/webcontent/0061/728/271/cn61728271.jpg,"https://www.gap.com/webcontent/0061/728/271/cn61728271.jpg | https://www.gap.com/webcontent/0061/728/249/cn61728249.jpg | https://www.gap.com/webcontent/0061/728/246/cn61728246.jpg | https://www.gap.com/webcontent/0061/728/261/cn61728261.jpg | https://www.gap.com/webcontent/0061/728/234/cn61728234.jpg | https://www.gap.com/webcontent/0061/728/233/cn61728233.jpg | https://www.gap.com/webcontent/0061/283/007/cn61283007.jpg | https://www.gap.com/webcontent/0061/456/379/cn61456379.jpg | https://www.gap.com/webcontent/0061/283/114/cn61283114.jpg | https://www.gap.com/webcontent/0061/518/846/cn61518846.jpg | https://www.gap.com/webcontent/0061/283/108/cn61283108.jpg | https://www.gap.com/webcontent/0061/438/679/cn61438679.jpg | https://www.gap.com/webcontent/0061/456/364/cn61456364.jpg | https://www.gap.com/webcontent/0061/645/812/cn61645812.jpg | https://www.gap.com/webcontent/0059/961/291/cn59961291.jpg | https://www.gap.com/webcontent/0061/624/045/cn61624045.jpg | https://www.gap.com/webcontent/0060/518/975/cn60518975.jpg | https://www.gap.com/webcontent/0061/502/377/cn61502377.jpg | https://www.gap.com/webcontent/0060/519/057/cn60519057.jpg | https://www.gap.com/webcontent/0061/603/953/cn61603953.jpg | https://www.gap.com/webcontent/0060/416/018/cn60416018.jpg | https://media.powerreviews.com/image/upload/c_thumb,d_portal-no-product-image_ttlfpi.svg,h_150,q_auto,w_150/d_portal-no-product-image_ttlfpi.svg/prod/lykvvbwlssij0wi40iht.webp | https://cdn.cookielaw.org/logos/e1cf9ab6-fc39-4557-b4ef-4393861dad52/d229a1c3-b8ad-46ad-9bdb-8311fd460a5f/c85f6701-9eae-4a9f-b770-87eee2dae9fc/Logo_color_lockup@3x.png",True,& care 100% Cotton Spot clean. Imported. Shipping & returns Customers also viewed Toy Logo Hoodie $14.95 $7.00 50% off + extra 10% in the app Brannan Bear Scarf Keychain Charm $19.95 $9.00 50% off + extra 10% in the app Toy Logo Hoodie $14.95 $7.00 50% off + extra 10% in the app Trench Coat Keychain Charm $19.95 $15.00 20% off + extra 10% in the app Toy Logo Hoodie $14.95 $7.00 50% off + extra 10% in the app You may also like Brannan Bear Denim Jacket Keychain Charm $19.95 $13.00 30% off + extra 10% in the app Brannan Bear Sleep Keychain Charm $19.95 $11.00 40% off + extra 10% in the app Brannan Bear T-Shirt Keychain Charm $19.95 $9.00 50% off + extra 10% in the app Logo Hoodie Keychain Charm $14.95 $7.00 50% off + extra 10% in the app Gap Logo Tote Bag $59.95 $35.00 40% off + extra 10% in the app Logo Hoodie Keychain Charm $14.95 $7.00 50% off + extra 10% in the app Gap Logo Tote Bag $54.95 $32.00 40% off + extra 10% in the app Brannan Bear Hoodie Keychain Charm $19.95 $11.00 40% off + extra 10% in the app Gap Logo Tote Bag $54.95 $43.00 20% off + extra 10% in the app Brannan Bear Hoodie Keychain Charm $19.95 $11.00 40% off + extra 10% in the app,& care 100% Cotton Spot clean. Imported. Shipping & returns Customers also viewed Toy Logo Hoodie $14.95 $7.00 50% off + extra 10% in the app Brannan Bear Scarf Keychain Charm $19.95 $9.00 50% off + extra 10% in the app Toy Logo Hoodie $14.95 $7.00 50% off + extra 10% in the app Trench Coat Keychain Charm $19.95 $15.00 20% off + extra 10% in the app Toy Logo Hoodie $14.95 $7.00 50% off + extra 10% in the app You may also like Brannan Bear Denim Jacket Keychain Charm $19.95 $13.00 30% off + extra 10% in the app Brannan Bear Sleep Keychain Charm $19.95 $11.00 40% off + extra 10% in the app Brannan Bear T-Shirt Keychain Charm $19.95 $9.00 50% off + extra 10% in the app Logo Hoodie Keychain Charm $14.95 $7.00 50% off + extra 10% in the app Gap Logo Tote Bag $59.95 $35.00 40% off + extra 10% in the app Logo Hoodie Keychain Charm $14.95 $7.00 50% off + extra 10% in the app Gap Logo Tote Bag $54.95 $32.00 40% off + extra 10% in the app Brannan Bear Hoodie Keychain Charm $19.95 $11.00 40% off + extra 10% in the app Gap Logo Tote Bag $54.95 $43.00 20% off + extra 10% in the app Brannan Bear Hoodie Keychain Charm $19.95 $11.00 40% off + extra 10% in the app,Logo Tote Keychain Charm,,USD,15.0,19.95,Soft canvas cotton logo tote bag keychain charm. #830138 Fabric & care 100% Cotton Spot clean. Imported. Shipping & returns Customers also viewed Toy Logo Hoodie $14.95 $7.00 50% off + extra 10% in the app Brannan Bear Scarf Keychain Charm $19.95 $9.00 50% off + extra 10% in the app Toy Logo Hoodie $14.95 $7.00 50% off + extra 10% in the app Trench Coat Keychain Charm $19.95 $15.00 20% off + extra 10% in the app Toy Logo Hoodie $14.95 $7.00 50% off + extra 10% in the app You may also like Brannan Bear Denim Jacket Keychain Charm $19.95 $13.00 30% off + extra 10% in the app Brannan Bear Sleep Keychain Charm $19.95 $11.00 40% off + extra 10% in the app Brannan Bear T-Shirt Keychain Charm $19.95 $9.00 50% off + extra 10% in the app Logo Hoodie Keychain Charm $14.95 $7.00 50% off + extra 10% in the app Gap Logo Tote Bag $59.95 $35.00 40% off + extra 10% in the app Logo Hoodie Keychain Charm $14.95 $7.00 50% off + extra 10% in the app Gap Logo Tote Bag $54.95 $32.00 40% off + extra 10% in the app Brannan Bear Hoodie Keychain Charm $19.95 $11.00 40% off + extra 10% in the app Gap Logo Tote Bag $54.95 $43.00 20% off + extra 10% in the app Brannan Bear Hoodie Keychain Charm $19.95 $11.00 40% off + extra 10% in the app,830138212,https://www.gap.com/browse/product.do?pid=830138212&vid=1&pcid=3046544&cid=3046544,False,22,22,2026-02-22,One Size,830138,
In stock,5,,Gap,100% Cotton Spot clean. Imported. Shipping & returns Customers also viewed Logo Hoodie Keychain Charm $14.95 $7.00 50% off + extra 10% in the app Brannan Bear Sweater Keychain Charm $19.95 $11.00 40% off + extra 10% in the app Brannan Bear Denim Jacket Keychain Charm $19.95 $13.00 30% off + extra 10% in the app Gap Jeans Keychain Charm $19.95 $11.00 40% off + extra 10% in the app Brannan Bear Hoodie Keychain Charm $19.95 $17.00 Extra 10% off in the app You may also like Brannan Bear Sleep Keychain Charm $19.95 $11.00 40% off + extra 10% in the app Toy Logo Hoodie $14.95 $7.00 50% off + extra 10% in the app Brannan Bear Scarf Keychain Charm $19.95 $9.00 50% off + extra 10% in the app Toy Logo Hoodie $14.95 $7.00 50% off + extra 10% in the app Gap Logo Tote Bag $59.95 $35.00 40% off + extra 10% in the app Toy Logo Hoodie $14.95 $7.00 50% off + extra 10% in the app Gap Logo Tote Bag $54.95 $32.00 40% off + extra 10% in the app Denim Tote Bag $59.95 $41.00 30% off + extra 10% in the app Gap Logo Tote Bag $54.95 $43.00 20% off + extra 10% in the app Gap Logo Tote Bag $49.95 Extra 10% off in the app,Women / Bags & Bag Charms > Women > Bags & Bag Charms,Red polka dot | Tangerine | Dark navy blue | Standout pink | Light denim | Modern red | Moonstone blue | Black gingham | Primrose pink | Navy polka dot | Moonless night | Neon pink glow | Havana yellow | Gasoline green | White denim,Soft canvas cotton logo tote bag keychain charm. #830138,Size Guide,Size Guide,23,https://www.gap.com/webcontent/0061/520/424/cn61520424.jpg,"https://www.gap.com/webcontent/0061/520/424/cn61520424.jpg | https://www.gap.com/webcontent/0061/518/476/cn61518476.jpg | https://www.gap.com/webcontent/0061/518/507/cn61518507.jpg | https://www.gap.com/webcontent/0061/520/409/cn61520409.jpg | https://www.gap.com/webcontent/0061/518/469/cn61518469.jpg | https://www.gap.com/webcontent/0061/518/498/cn61518498.jpg | https://www.gap.com/webcontent/0059/961/291/cn59961291.jpg | https://www.gap.com/webcontent/0061/519/686/cn61519686.jpg | https://www.gap.com/webcontent/0061/438/679/cn61438679.jpg | https://www.gap.com/webcontent/0061/645/883/cn61645883.jpg | https://www.gap.com/webcontent/0060/625/989/cn60625989.jpg | https://www.gap.com/webcontent/0061/456/364/cn61456364.jpg | https://www.gap.com/webcontent/0061/283/114/cn61283114.jpg | https://www.gap.com/webcontent/0061/456/379/cn61456379.jpg | https://www.gap.com/webcontent/0061/283/108/cn61283108.jpg | https://www.gap.com/webcontent/0061/624/045/cn61624045.jpg | https://www.gap.com/webcontent/0061/283/067/cn61283067.jpg | https://www.gap.com/webcontent/0061/502/377/cn61502377.jpg | https://www.gap.com/webcontent/0060/784/392/cn60784392.jpg | https://www.gap.com/webcontent/0061/518/912/cn61518912.jpg | https://www.gap.com/webcontent/0061/121/188/cn61121188.jpg | https://media.powerreviews.com/image/upload/c_thumb,d_portal-no-product-image_ttlfpi.svg,h_150,q_auto,w_150/d_portal-no-product-image_ttlfpi.svg/prod/lykvvbwlssij0wi40iht.webp | https://cdn.cookielaw.org/logos/e1cf9ab6-fc39-4557-b4ef-4393861dad52/d229a1c3-b8ad-46ad-9bdb-8311fd460a5f/c85f6701-9eae-4a9f-b770-87eee2dae9fc/Logo_color_lockup@3x.png",True,& care 100% Cotton Spot clean. Imported. Shipping & returns Customers also viewed Logo Hoodie Keychain Charm $14.95 $7.00 50% off + extra 10% in the app Brannan Bear Sweater Keychain Charm $19.95 $11.00 40% off + extra 10% in the app Brannan Bear Denim Jacket Keychain Charm $19.95 $13.00 30% off + extra 10% in the app Gap Jeans Keychain Charm $19.95 $11.00 40% off + extra 10% in the app Brannan Bear Hoodie Keychain Charm $19.95 $17.00 Extra 10% off in the app You may also like Brannan Bear Sleep Keychain Charm $19.95 $11.00 40% off + extra 10% in the app Toy Logo Hoodie $14.95 $7.00 50% off + extra 10% in the app Brannan Bear Scarf Keychain Charm $19.95 $9.00 50% off + extra 10% in the app Toy Logo Hoodie $14.95 $7.00 50% off + extra 10% in the app Gap Logo Tote Bag $59.95 $35.00 40% off + extra 10% in the app Toy Logo Hoodie $14.95 $7.00 50% off + extra 10% in the app Gap Logo Tote Bag $54.95 $32.00 40% off + extra 10% in the app Denim Tote Bag $59.95 $41.00 30% off + extra 10% in the app Gap Logo Tote Bag $54.95 $43.00 20% off + extra 10% in the app Gap Logo Tote Bag $49.95 Extra 10% off in the app,& care 100% Cotton Spot clean. Imported. Shipping & returns Customers also viewed Logo Hoodie Keychain Charm $14.95 $7.00 50% off + extra 10% in the app Brannan Bear Sweater Keychain Charm $19.95 $11.00 40% off + extra 10% in the app Brannan Bear Denim Jacket Keychain Charm $19.95 $13.00 30% off + extra 10% in the app Gap Jeans Keychain Charm $19.95 $11.00 40% off + extra 10% in the app Brannan Bear Hoodie Keychain Charm $19.95 $17.00 Extra 10% off in the app You may also like Brannan Bear Sleep Keychain Charm $19.95 $11.00 40% off + extra 10% in the app Toy Logo Hoodie $14.95 $7.00 50% off + extra 10% in the app Brannan Bear Scarf Keychain Charm $19.95 $9.00 50% off + extra 10% in the app Toy Logo Hoodie $14.95 $7.00 50% off + extra 10% in the app Gap Logo Tote Bag $59.95 $35.00 40% off + extra 10% in the app Toy Logo Hoodie $14.95 $7.00 50% off + extra 10% in the app Gap Logo Tote Bag $54.95 $32.00 40% off + extra 10% in the app Denim Tote Bag $59.95 $41.00 30% off + extra 10% in the app Gap Logo Tote Bag $54.95 $43.00 20% off + extra 10% in the app Gap Logo Tote Bag $49.95 Extra 10% off in the app,Logo Tote Keychain Charm,,USD,11.0,19.95,Soft canvas cotton logo tote bag keychain charm. #830138 Fabric & care 100% Cotton Spot clean. Imported. Shipping & returns Customers also viewed Logo Hoodie Keychain Charm $14.95 $7.00 50% off + extra 10% in the app Brannan Bear Sweater Keychain Charm $19.95 $11.00 40% off + extra 10% in the app Brannan Bear Denim Jacket Keychain Charm $19.95 $13.00 30% off + extra 10% in the app Gap Jeans Keychain Charm $19.95 $11.00 40% off + extra 10% in the app Brannan Bear Hoodie Keychain Charm $19.95 $17.00 Extra 10% off in the app You may also like Brannan Bear Sleep Keychain Charm $19.95 $11.00 40% off + extra 10% in the app Toy Logo Hoodie $14.95 $7.00 50% off + extra 10% in the app Brannan Bear Scarf Keychain Charm $19.95 $9.00 50% off + extra 10% in the app Toy Logo Hoodie $14.95 $7.00 50% off + extra 10% in the app Gap Logo Tote Bag $59.95 $35.00 40% off + extra 10% in the app Toy Logo Hoodie $14.95 $7.00 50% off + extra 10% in the app Gap Logo Tote Bag $54.95 $32.00 40% off + extra 10% in the app Denim Tote Bag $59.95 $41.00 30% off + extra 10% in the app Gap Logo Tote Bag $54.95 $43.00 20% off + extra 10% in the app Gap Logo Tote Bag $49.95 Extra 10% off in the app,830138202,https://www.gap.com/browse/product.do?pid=830138202&vid=1&pcid=3046544&cid=3046544,False,22,22,2026-02-22,One Size,830138,
In stock,5,,Gap,100% Cotton Spot clean. Imported. Shipping & returns Customers also viewed Toy Logo Hoodie $14.95 $7.00 50% off + extra 10% in the app Logo Hoodie Keychain Charm $14.95 $7.00 50% off + extra 10% in the app Toy Logo Hoodie $14.95 $7.00 50% off + extra 10% in the app Brannan Bear Scarf Keychain Charm $19.95 $9.00 50% off + extra 10% in the app Toy Logo Hoodie $14.95 $7.00 50% off + extra 10% in the app You may also like Brannan Bear Denim Jacket Keychain Charm $19.95 $13.00 30% off + extra 10% in the app Brannan Bear Sleep Keychain Charm $19.95 $11.00 40% off + extra 10% in the app Brannan Bear Nap Hoodie Keychain Charm $19.95 $11.00 40% off + extra 10% in the app Toy Logo Hoodie $14.95 $7.00 50% off + extra 10% in the app Logo Hoodie Keychain Charm $14.95 $7.00 50% off + extra 10% in the app Gap Logo Tote Bag $59.95 $35.00 40% off + extra 10% in the app Denim Tote Bag $59.95 $41.00 30% off + extra 10% in the app Gap Logo Tote Bag $54.95 $43.00 20% off + extra 10% in the app Logo Hoodie Keychain Charm $14.95 $7.00 50% off + extra 10% in the app Gap Logo Tote Bag $54.95 $32.00 40% off + extra 10% in the app,Women / Bags & Bag Charms > Women > Bags & Bag Charms,Red polka dot | Tangerine | Dark navy blue | Standout pink | Light denim | Modern red | Moonstone blue | Black gingham | Primrose pink | Navy polka dot | Moonless night | Neon pink glow | Havana yellow | Gasoline green | White denim,Soft canvas cotton logo tote bag keychain charm. #830138,Size Guide,Size Guide,23,https://www.gap.com/webcontent/0061/502/325/cn61502325.jpg,"https://www.gap.com/webcontent/0061/502/325/cn61502325.jpg | https://www.gap.com/webcontent/0061/501/659/cn61501659.jpg | https://www.gap.com/webcontent/0061/501/697/cn61501697.jpg | https://www.gap.com/webcontent/0061/502/321/cn61502321.jpg | https://www.gap.com/webcontent/0061/501/648/cn61501648.jpg | https://www.gap.com/webcontent/0061/501/684/cn61501684.jpg | https://www.gap.com/webcontent/0061/283/108/cn61283108.jpg | https://www.gap.com/webcontent/0059/961/291/cn59961291.jpg | https://www.gap.com/webcontent/0061/283/114/cn61283114.jpg | https://www.gap.com/webcontent/0061/456/379/cn61456379.jpg | https://www.gap.com/webcontent/0061/283/007/cn61283007.jpg | https://www.gap.com/webcontent/0061/438/679/cn61438679.jpg | https://www.gap.com/webcontent/0061/456/364/cn61456364.jpg | https://www.gap.com/webcontent/0061/456/373/cn61456373.jpg | https://www.gap.com/webcontent/0061/283/067/cn61283067.jpg | https://www.gap.com/webcontent/0060/518/975/cn60518975.jpg | https://www.gap.com/webcontent/0061/624/045/cn61624045.jpg | https://www.gap.com/webcontent/0060/784/392/cn60784392.jpg | https://www.gap.com/webcontent/0061/603/953/cn61603953.jpg | https://www.gap.com/webcontent/0059/961/274/cn59961274.jpg | https://www.gap.com/webcontent/0061/502/377/cn61502377.jpg | https://media.powerreviews.com/image/upload/c_thumb,d_portal-no-product-image_ttlfpi.svg,h_150,q_auto,w_150/d_portal-no-product-image_ttlfpi.svg/prod/lykvvbwlssij0wi40iht.webp | https://cdn.cookielaw.org/logos/e1cf9ab6-fc39-4557-b4ef-4393861dad52/d229a1c3-b8ad-46ad-9bdb-8311fd460a5f/c85f6701-9eae-4a9f-b770-87eee2dae9fc/Logo_color_lockup@3x.png",True,& care 100% Cotton Spot clean. Imported. Shipping & returns Customers also viewed Toy Logo Hoodie $14.95 $7.00 50% off + extra 10% in the app Logo Hoodie Keychain Charm $14.95 $7.00 50% off + extra 10% in the app Toy Logo Hoodie $14.95 $7.00 50% off + extra 10% in the app Brannan Bear Scarf Keychain Charm $19.95 $9.00 50% off + extra 10% in the app Toy Logo Hoodie $14.95 $7.00 50% off + extra 10% in the app You may also like Brannan Bear Denim Jacket Keychain Charm $19.95 $13.00 30% off + extra 10% in the app Brannan Bear Sleep Keychain Charm $19.95 $11.00 40% off + extra 10% in the app Brannan Bear Nap Hoodie Keychain Charm $19.95 $11.00 40% off + extra 10% in the app Toy Logo Hoodie $14.95 $7.00 50% off + extra 10% in the app Logo Hoodie Keychain Charm $14.95 $7.00 50% off + extra 10% in the app Gap Logo Tote Bag $59.95 $35.00 40% off + extra 10% in the app Denim Tote Bag $59.95 $41.00 30% off + extra 10% in the app Gap Logo Tote Bag $54.95 $43.00 20% off + extra 10% in the app Logo Hoodie Keychain Charm $14.95 $7.00 50% off + extra 10% in the app Gap Logo Tote Bag $54.95 $32.00 40% off + extra 10% in the app,& care 100% Cotton Spot clean. Imported. Shipping & returns Customers also viewed Toy Logo Hoodie $14.95 $7.00 50% off + extra 10% in the app Logo Hoodie Keychain Charm $14.95 $7.00 50% off + extra 10% in the app Toy Logo Hoodie $14.95 $7.00 50% off + extra 10% in the app Brannan Bear Scarf Keychain Charm $19.95 $9.00 50% off + extra 10% in the app Toy Logo Hoodie $14.95 $7.00 50% off + extra 10% in the app You may also like Brannan Bear Denim Jacket Keychain Charm $19.95 $13.00 30% off + extra 10% in the app Brannan Bear Sleep Keychain Charm $19.95 $11.00 40% off + extra 10% in the app Brannan Bear Nap Hoodie Keychain Charm $19.95 $11.00 40% off + extra 10% in the app Toy Logo Hoodie $14.95 $7.00 50% off + extra 10% in the app Logo Hoodie Keychain Charm $14.95 $7.00 50% off + extra 10% in the app Gap Logo Tote Bag $59.95 $35.00 40% off + extra 10% in the app Denim Tote Bag $59.95 $41.00 30% off + extra 10% in the app Gap Logo Tote Bag $54.95 $43.00 20% off + extra 10% in the app Logo Hoodie Keychain Charm $14.95 $7.00 50% off + extra 10% in the app Gap Logo Tote Bag $54.95 $32.00 40% off + extra 10% in the app,Logo Tote Keychain Charm,,USD,11.0,19.95,Soft canvas cotton logo tote bag keychain charm. #830138 Fabric & care 100% Cotton Spot clean. Imported. Shipping & returns Customers also viewed Toy Logo Hoodie $14.95 $7.00 50% off + extra 10% in the app Logo Hoodie Keychain Charm $14.95 $7.00 50% off + extra 10% in the app Toy Logo Hoodie $14.95 $7.00 50% off + extra 10% in the app Brannan Bear Scarf Keychain Charm $19.95 $9.00 50% off + extra 10% in the app Toy Logo Hoodie $14.95 $7.00 50% off + extra 10% in the app You may also like Brannan Bear Denim Jacket Keychain Charm $19.95 $13.00 30% off + extra 10% in the app Brannan Bear Sleep Keychain Charm $19.95 $11.00 40% off + extra 10% in the app Brannan Bear Nap Hoodie Keychain Charm $19.95 $11.00 40% off + extra 10% in the app Toy Logo Hoodie $14.95 $7.00 50% off + extra 10% in the app Logo Hoodie Keychain Charm $14.95 $7.00 50% off + extra 10% in the app Gap Logo Tote Bag $59.95 $35.00 40% off + extra 10% in the app Denim Tote Bag $59.95 $41.00 30% off + extra 10% in the app Gap Logo Tote Bag $54.95 $43.00 20% off + extra 10% in the app Logo Hoodie Keychain Charm $14.95 $7.00 50% off + extra 10% in the app Gap Logo Tote Bag $54.95 $32.00 40% off + extra 10% in the app,830138182,https://www.gap.com/browse/product.do?pid=830138182&vid=1&pcid=3046544&cid=3051539,False,22,22,2026-02-22,One Size,830138,
In stock,4.3,,Gap,100% Polyester. Spot clean. Imported. Shipping & returns Customers also viewed Vegan Suede Barrel Bag $49.95 $19.00 60% off + extra 10% in the app Vegan Suede Bucket Bag $74.95 $67.00 Extra 10% off in the app Vegan Suede Barrel Bag $49.95 $39.00 20% off + extra 10% in the app Vegan Suede Bucket Bag $74.95 $59.00 20% off + extra 10% in the app Vegan Suede Barrel Bag $49.95 $24.00 50% off + extra 10% in the app You may also like Gap Logo Tote Bag $49.95 Extra 10% off in the app Vegan Suede Bucket Bag $74.95 $59.00 20% off + extra 10% in the app Vegan Leather Bucket Tote Bag $69.95 $62.00 Extra 10% off in the app Vegan Suede Slouchy Tote Bag $69.95 $27.00 60% off + extra 10% in the app Leather Square-Buckle Belt $79.95 Extra 10% off in the app Vegan Suede Ballet Flats $59.95 $35.00 40% off + extra 10% in the app Logo Tote Keychain Charm $19.95 $11.00 40% off + extra 10% in the app Vegan Suede Bucket Bag $74.95 $37.00 50% off + extra 10% in the app Slingback Kitten Heels $69.95 $41.00 40% off + extra 10% in the app Gap Logo Tote Bag $54.95 $32.00 40% off + extra 10% in the app,"Women / Bags, Scarves & More > Women > Bags, Scarves & More",Black,Vegan suede and vegan leather barrel bag. Zipper at top. Adjustable shoulder strap. Rhinestone detail at sides. #846627,Size Guide,Size Guide,22,https://www.gap.com/webcontent/0060/271/534/cn60271534.jpg,https://www.gap.com/webcontent/0060/271/534/cn60271534.jpg | https://www.gap.com/webcontent/0060/924/963/cn60924963.jpg | https://www.gap.com/webcontent/0060/271/559/cn60271559.jpg | https://www.gap.com/webcontent/0060/271/583/cn60271583.jpg | https://www.gap.com/webcontent/0060/271/584/cn60271584.jpg | https://www.gap.com/webcontent/0061/315/025/cn61315025.jpg | https://www.gap.com/webcontent/0059/698/746/cn59698746.jpg | https://www.gap.com/webcontent/0060/652/889/cn60652889.jpg | https://www.gap.com/webcontent/0059/985/804/cn59985804.jpg | https://www.gap.com/webcontent/0059/698/590/cn59698590.jpg | https://www.gap.com/webcontent/0059/702/480/cn59702480.jpg | https://www.gap.com/webcontent/0061/121/188/cn61121188.jpg | https://www.gap.com/webcontent/0059/698/589/cn59698589.jpg | https://www.gap.com/webcontent/0059/496/331/cn59496331.jpg | https://www.gap.com/webcontent/0060/362/381/cn60362381.jpg | https://www.gap.com/webcontent/0061/183/772/cn61183772.jpg | https://www.gap.com/webcontent/0061/219/105/cn61219105.jpg | https://www.gap.com/webcontent/0061/518/483/cn61518483.jpg | https://www.gap.com/webcontent/0059/698/588/cn59698588.jpg | https://www.gap.com/webcontent/0059/662/305/cn59662305.jpg | https://www.gap.com/webcontent/0061/502/377/cn61502377.jpg | https://cdn.cookielaw.org/logos/e1cf9ab6-fc39-4557-b4ef-4393861dad52/d229a1c3-b8ad-46ad-9bdb-8311fd460a5f/c85f6701-9eae-4a9f-b770-87eee2dae9fc/Logo_color_lockup@3x.png,True,& care 100% Polyester. Spot clean. Imported. Shipping & returns Customers also viewed Vegan Suede Barrel Bag $49.95 $19.00 60% off + extra 10% in the app Vegan Suede Bucket Bag $74.95 $67.00 Extra 10% off in the app Vegan Suede Barrel Bag $49.95 $39.00 20% off + extra 10% in the app Vegan Suede Bucket Bag $74.95 $59.00 20% off + extra 10% in the app Vegan Suede Barrel Bag $49.95 $24.00 50% off + extra 10% in the app You may also like Gap Logo Tote Bag $49.95 Extra 10% off in the app Vegan Suede Bucket Bag $74.95 $59.00 20% off + extra 10% in the app Vegan Leather Bucket Tote Bag $69.95 $62.00 Extra 10% off in the app Vegan Suede Slouchy Tote Bag $69.95 $27.00 60% off + extra 10% in the app Leather Square-Buckle Belt $79.95 Extra 10% off in the app Vegan Suede Ballet Flats $59.95 $35.00 40% off + extra 10% in the app Logo Tote Keychain Charm $19.95 $11.00 40% off + extra 10% in the app Vegan Suede Bucket Bag $74.95 $37.00 50% off + extra 10% in the app Slingback Kitten Heels $69.95 $41.00 40% off + extra 10% in the app Gap Logo Tote Bag $54.95 $32.00 40% off + extra 10% in the app,& care 100% Polyester. Spot clean. Imported. Shipping & returns Customers also viewed Vegan Suede Barrel Bag $49.95 $19.00 60% off + extra 10% in the app Vegan Suede Bucket Bag $74.95 $67.00 Extra 10% off in the app Vegan Suede Barrel Bag $49.95 $39.00 20% off + extra 10% in the app Vegan Suede Bucket Bag $74.95 $59.00 20% off + extra 10% in the app Vegan Suede Barrel Bag $49.95 $24.00 50% off + extra 10% in the app You may also like Gap Logo Tote Bag $49.95 Extra 10% off in the app Vegan Suede Bucket Bag $74.95 $59.00 20% off + extra 10% in the app Vegan Leather Bucket Tote Bag $69.95 $62.00 Extra 10% off in the app Vegan Suede Slouchy Tote Bag $69.95 $27.00 60% off + extra 10% in the app Leather Square-Buckle Belt $79.95 Extra 10% off in the app Vegan Suede Ballet Flats $59.95 $35.00 40% off + extra 10% in the app Logo Tote Keychain Charm $19.95 $11.00 40% off + extra 10% in the app Vegan Suede Bucket Bag $74.95 $37.00 50% off + extra 10% in the app Slingback Kitten Heels $69.95 $41.00 40% off + extra 10% in the app Gap Logo Tote Bag $54.95 $32.00 40% off + extra 10% in the app,Vegan Leather Rhinestone Barrel Bag,,USD,34.99,54.95,Vegan suede and vegan leather barrel bag. Zipper at top. Adjustable shoulder strap. Rhinestone detail at sides. #846627,846627002,https://www.gap.com/browse/product.do?pid=846627002&vid=1&pcid=3046544&cid=3051538,False,15,12,2026-02-22,One Size,846627,
In stock,4.7,,Gap,Wipe clean. Imported. Shipping & returns Customers also viewed Logo Tote Keychain Charm $19.95 $15.00 20% off + extra 10% in the app Gap Jeans Keychain Charm $19.95 $11.00 40% off + extra 10% in the app Logo Tote Keychain Charm $19.95 $11.00 40% off + extra 10% in the app Logo Hoodie Keychain Charm $14.95 $7.00 50% off + extra 10% in the app Logo Tote Keychain Charm $19.95 $11.00 40% off + extra 10% in the app You may also like Logo Tote Keychain Charm $19.95 $11.00 40% off + extra 10% in the app Brannan Bear Scarf Keychain Charm $19.95 $9.00 50% off + extra 10% in the app Logo Tote Keychain Charm $19.95 $11.00 40% off + extra 10% in the app Brannan Bear Hoodie Keychain Charm $19.95 $17.00 Extra 10% off in the app Toy Logo Hoodie $14.95 $7.00 50% off + extra 10% in the app Brannan Bear T-Shirt Keychain Charm $19.95 $9.00 50% off + extra 10% in the app Logo Tote Keychain Charm $19.95 $11.00 40% off + extra 10% in the app Logo Tote Keychain Charm $19.95 $11.00 40% off + extra 10% in the app Gap Logo Tote Bag $54.95 $32.00 40% off + extra 10% in the app Logo Tote Keychain Charm $19.95 $11.00 40% off + extra 10% in the app,Women / Bags & Bag Charms > Women > Bags & Bag Charms,Blue denim,This keychain charm is made of soft denim and faux fur with a metal key ring. Embroidered bear detail and icon denim jacket stitching at front. #830139,Size Guide,Size Guide,21,https://www.gap.com/webcontent/0061/438/695/cn61438695.jpg,"https://www.gap.com/webcontent/0061/438/695/cn61438695.jpg | https://www.gap.com/webcontent/0061/438/947/cn61438947.jpg | https://www.gap.com/webcontent/0061/438/687/cn61438687.jpg | https://www.gap.com/webcontent/0061/438/932/cn61438932.jpg | https://www.gap.com/webcontent/0061/728/229/cn61728229.jpg | https://www.gap.com/webcontent/0061/645/883/cn61645883.jpg | https://www.gap.com/webcontent/0061/502/307/cn61502307.jpg | https://www.gap.com/webcontent/0059/961/291/cn59961291.jpg | https://www.gap.com/webcontent/0059/961/326/cn59961326.jpg | https://www.gap.com/webcontent/0061/518/483/cn61518483.jpg | https://www.gap.com/webcontent/0061/456/379/cn61456379.jpg | https://www.gap.com/webcontent/0061/502/328/cn61502328.jpg | https://www.gap.com/webcontent/0060/625/989/cn60625989.jpg | https://www.gap.com/webcontent/0061/283/114/cn61283114.jpg | https://www.gap.com/webcontent/0061/645/812/cn61645812.jpg | https://www.gap.com/webcontent/0061/502/310/cn61502310.jpg | https://www.gap.com/webcontent/0060/260/930/cn60260930.jpg | https://www.gap.com/webcontent/0061/502/377/cn61502377.jpg | https://www.gap.com/webcontent/0061/518/506/cn61518506.jpg | https://media.powerreviews.com/image/upload/c_thumb,d_portal-no-product-image_ttlfpi.svg,h_150,q_auto,w_150/d_portal-no-product-image_ttlfpi.svg/prod/udheibanui8qzaboyzwx.webp | https://cdn.cookielaw.org/logos/e1cf9ab6-fc39-4557-b4ef-4393861dad52/d229a1c3-b8ad-46ad-9bdb-8311fd460a5f/c85f6701-9eae-4a9f-b770-87eee2dae9fc/Logo_color_lockup@3x.png",True,& care Wipe clean. Imported. Shipping & returns Customers also viewed Logo Tote Keychain Charm $19.95 $15.00 20% off + extra 10% in the app Gap Jeans Keychain Charm $19.95 $11.00 40% off + extra 10% in the app Logo Tote Keychain Charm $19.95 $11.00 40% off + extra 10% in the app Logo Hoodie Keychain Charm $14.95 $7.00 50% off + extra 10% in the app Logo Tote Keychain Charm $19.95 $11.00 40% off + extra 10% in the app You may also like Logo Tote Keychain Charm $19.95 $11.00 40% off + extra 10% in the app Brannan Bear Scarf Keychain Charm $19.95 $9.00 50% off + extra 10% in the app Logo Tote Keychain Charm $19.95 $11.00 40% off + extra 10% in the app Brannan Bear Hoodie Keychain Charm $19.95 $17.00 Extra 10% off in the app Toy Logo Hoodie $14.95 $7.00 50% off + extra 10% in the app Brannan Bear T-Shirt Keychain Charm $19.95 $9.00 50% off + extra 10% in the app Logo Tote Keychain Charm $19.95 $11.00 40% off + extra 10% in the app Logo Tote Keychain Charm $19.95 $11.00 40% off + extra 10% in the app Gap Logo Tote Bag $54.95 $32.00 40% off + extra 10% in the app Logo Tote Keychain Charm $19.95 $11.00 40% off + extra 10% in the app,& care Wipe clean. Imported. Shipping & returns Customers also viewed Logo Tote Keychain Charm $19.95 $15.00 20% off + extra 10% in the app Gap Jeans Keychain Charm $19.95 $11.00 40% off + extra 10% in the app Logo Tote Keychain Charm $19.95 $11.00 40% off + extra 10% in the app Logo Hoodie Keychain Charm $14.95 $7.00 50% off + extra 10% in the app Logo Tote Keychain Charm $19.95 $11.00 40% off + extra 10% in the app You may also like Logo Tote Keychain Charm $19.95 $11.00 40% off + extra 10% in the app Brannan Bear Scarf Keychain Charm $19.95 $9.00 50% off + extra 10% in the app Logo Tote Keychain Charm $19.95 $11.00 40% off + extra 10% in the app Brannan Bear Hoodie Keychain Charm $19.95 $17.00 Extra 10% off in the app Toy Logo Hoodie $14.95 $7.00 50% off + extra 10% in the app Brannan Bear T-Shirt Keychain Charm $19.95 $9.00 50% off + extra 10% in the app Logo Tote Keychain Charm $19.95 $11.00 40% off + extra 10% in the app Logo Tote Keychain Charm $19.95 $11.00 40% off + extra 10% in the app Gap Logo Tote Bag $54.95 $32.00 40% off + extra 10% in the app Logo Tote Keychain Charm $19.95 $11.00 40% off + extra 10% in the app,Brannan Bear Denim Jacket Keychain Charm,,USD,13.0,19.95,This keychain charm is made of soft denim and faux fur with a metal key ring. Embroidered bear detail and icon denim jacket stitching at front. #830139,830139002,https://www.gap.com/browse/product.do?pid=830139002&vid=1&pcid=3046544&cid=3046544,False,19,16,2026-02-22,One Size,830139,
In stock,4.9,,Gap,100% Polyester. Wipe clean. Imported. Shipping & returns Customers also viewed Kids Cow Print Sneakers $44.95 $17.00 60% off + extra 10% in the app Kids Crochet Mary Jane Flats $49.95 $29.00 40% off + extra 10% in the app Kids Quilted Weekender Bag $69.95 $41.00 40% off + extra 10% in the app Kids Quilted Weekender Bag $69.95 $27.00 60% off + extra 10% in the app Kids Jelly Ballet Flats $39.95 $23.00 40% off + extra 10% in the app You may also like Kids Faux Fur Clogs $39.95 $15.00 60% off + extra 10% in the app Kids Quilted Pouch $34.95 $20.00 40% off + extra 10% in the app Kids T-Strap Loafers $49.95 $19.00 60% off + extra 10% in the app Kids Crochet Mary Jane Flats $49.95 $29.00 40% off + extra 10% in the app Kids Quarter Crew Socks (3-Pack) $14.95 $8.00 40% off + extra 10% in the app Kids Sheer Dot Crew Socks (2-Pack) $12.95 $7.00 40% off + extra 10% in the app Kids Mary Jane Sneakers $49.95 $29.00 40% off + extra 10% in the app Kids Hello Kitty Duffle Bag $89.95 $53.00 40% off + extra 10% in the app Kids Puffer Jacket $108.00 $54.00 50% off + extra 10% in the app Kids Slouchy Varsity Quarter Crew Socks (7-Pack) $24.95 $14.00 40% off + extra 10% in the app,Girls / Shop All Accessories > Girls > Shop All Accessories,Cream white | Black,Soft faux fur backpack. Handle at top. Adjustable shoulder straps. Vegan leather drawstring closures. #847836,Size Guide,Size Guide,20,https://www.gap.com/webcontent/0061/120/754/cn61120754.jpg,https://www.gap.com/webcontent/0061/120/754/cn61120754.jpg | https://www.gap.com/webcontent/0061/120/755/cn61120755.jpg | https://www.gap.com/webcontent/0061/120/770/cn61120770.jpg | https://www.gap.com/webcontent/0061/120/782/cn61120782.jpg | https://www.gap.com/webcontent/0059/698/868/cn59698868.jpg | https://www.gap.com/webcontent/0061/206/452/cn61206452.jpg | https://www.gap.com/webcontent/0061/830/819/cn61830819.jpg | https://www.gap.com/webcontent/0060/366/819/cn60366819.jpg | https://www.gap.com/webcontent/0061/561/450/cn61561450.jpg | https://www.gap.com/webcontent/0060/283/400/cn60283400.jpg | https://www.gap.com/webcontent/0061/716/343/cn61716343.jpg | https://www.gap.com/webcontent/0059/672/462/cn59672462.jpg | https://www.gap.com/webcontent/0061/206/460/cn61206460.jpg | https://www.gap.com/webcontent/0028/183/860/cn28183860.jpg | https://www.gap.com/webcontent/0061/206/450/cn61206450.jpg | https://www.gap.com/webcontent/0061/561/472/cn61561472.jpg | https://www.gap.com/webcontent/0061/692/725/cn61692725.jpg | https://www.gap.com/webcontent/0060/986/985/cn60986985.jpg | https://www.gap.com/webcontent/0061/625/796/cn61625796.jpg | https://cdn.cookielaw.org/logos/e1cf9ab6-fc39-4557-b4ef-4393861dad52/d229a1c3-b8ad-46ad-9bdb-8311fd460a5f/c85f6701-9eae-4a9f-b770-87eee2dae9fc/Logo_color_lockup@3x.png,True,& care 100% Polyester. Wipe clean. Imported. Shipping & returns Customers also viewed Kids Cow Print Sneakers $44.95 $17.00 60% off + extra 10% in the app Kids Crochet Mary Jane Flats $49.95 $29.00 40% off + extra 10% in the app Kids Quilted Weekender Bag $69.95 $41.00 40% off + extra 10% in the app Kids Quilted Weekender Bag $69.95 $27.00 60% off + extra 10% in the app Kids Jelly Ballet Flats $39.95 $23.00 40% off + extra 10% in the app You may also like Kids Faux Fur Clogs $39.95 $15.00 60% off + extra 10% in the app Kids Quilted Pouch $34.95 $20.00 40% off + extra 10% in the app Kids T-Strap Loafers $49.95 $19.00 60% off + extra 10% in the app Kids Crochet Mary Jane Flats $49.95 $29.00 40% off + extra 10% in the app Kids Quarter Crew Socks (3-Pack) $14.95 $8.00 40% off + extra 10% in the app Kids Sheer Dot Crew Socks (2-Pack) $12.95 $7.00 40% off + extra 10% in the app Kids Mary Jane Sneakers $49.95 $29.00 40% off + extra 10% in the app Kids Hello Kitty Duffle Bag $89.95 $53.00 40% off + extra 10% in the app Kids Puffer Jacket $108.00 $54.00 50% off + extra 10% in the app Kids Slouchy Varsity Quarter Crew Socks (7-Pack) $24.95 $14.00 40% off + extra 10% in the app,& care 100% Polyester. Wipe clean. Imported. Shipping & returns Customers also viewed Kids Cow Print Sneakers $44.95 $17.00 60% off + extra 10% in the app Kids Crochet Mary Jane Flats $49.95 $29.00 40% off + extra 10% in the app Kids Quilted Weekender Bag $69.95 $41.00 40% off + extra 10% in the app Kids Quilted Weekender Bag $69.95 $27.00 60% off + extra 10% in the app Kids Jelly Ballet Flats $39.95 $23.00 40% off + extra 10% in the app You may also like Kids Faux Fur Clogs $39.95 $15.00 60% off + extra 10% in the app Kids Quilted Pouch $34.95 $20.00 40% off + extra 10% in the app Kids T-Strap Loafers $49.95 $19.00 60% off + extra 10% in the app Kids Crochet Mary Jane Flats $49.95 $29.00 40% off + extra 10% in the app Kids Quarter Crew Socks (3-Pack) $14.95 $8.00 40% off + extra 10% in the app Kids Sheer Dot Crew Socks (2-Pack) $12.95 $7.00 40% off + extra 10% in the app Kids Mary Jane Sneakers $49.95 $29.00 40% off + extra 10% in the app Kids Hello Kitty Duffle Bag $89.95 $53.00 40% off + extra 10% in the app Kids Puffer Jacket $108.00 $54.00 50% off + extra 10% in the app Kids Slouchy Varsity Quarter Crew Socks (7-Pack) $24.95 $14.00 40% off + extra 10% in the app,Kids Faux Fur Backpack,,USD,15.0,39.95,Soft faux fur backpack. Handle at top. Adjustable shoulder straps. Vegan leather drawstring closures. #847836,847836012,https://www.gap.com/browse/product.do?pid=847836012&vid=1&pcid=3046567&cid=3046567,False,33,30,2026-02-22,One Size,847836,
In stock,4.7,,Gap,100% Polyurethane. Lining: 100% Polyester. Wipe clean. Imported. Shipping & returns Customers also viewed Kids Quilted Colorblock Duffel Bag $69.95 $34.00 50% off + extra 10% in the app Kids Hello Kitty Duffle Bag $89.95 $53.00 40% off + extra 10% in the app Kids Quilted Weekender Bag $69.95 $34.00 50% off + extra 10% in the app Kids Quilted Weekender Bag $69.95 $41.00 40% off + extra 10% in the app Kids Denim Terry Heart Baseball Hat $19.95 $11.00 40% off + extra 10% in the app You may also like Kids Quilted Pouch $34.95 $20.00 40% off + extra 10% in the app Kids Cow Print Sneakers $44.95 $17.00 60% off + extra 10% in the app Kids Quilted Brannan Bear Weekender Bag $69.95 $27.00 60% off + extra 10% in the app Kids Faux Fur Backpack $39.95 $15.00 60% off + extra 10% in the app Kids Sanrio Oversized Graphic T-Shirt $29.95 $17.00 40% off + extra 10% in the app Kids Faux Fur Backpack $39.95 $15.00 60% off + extra 10% in the app Kids Oversized T-Shirt $24.95 $14.00 40% off + extra 10% in the app Kids Sanrio Oversized Graphic T-Shirt $29.95 $17.00 40% off + extra 10% in the app Kids Oversized T-Shirt $19.95 $11.00 40% off + extra 10% in the app Kids Graphic T-Shirt $19.95 $11.00 40% off + extra 10% in the app,Girls / Shop All Accessories > Girls > Shop All Accessories,Pink bow print,This bag is made with an PU upper. Adjustable shoulder strap. Zipper closures at top and front pocket. Gap logo at front. Allover bow print. #847805,Size Guide,Size Guide,19,https://www.gap.com/webcontent/0060/367/792/cn60367792.jpg,https://www.gap.com/webcontent/0060/367/792/cn60367792.jpg | https://www.gap.com/webcontent/0060/367/804/cn60367804.jpg | https://www.gap.com/webcontent/0061/183/601/cn61183601.jpg | https://www.gap.com/webcontent/0059/961/248/cn59961248.jpg | https://www.gap.com/webcontent/0061/692/725/cn61692725.jpg | https://www.gap.com/webcontent/0056/071/943/cn56071943.jpg | https://www.gap.com/webcontent/0061/830/819/cn61830819.jpg | https://www.gap.com/webcontent/0061/234/213/cn61234213.jpg | https://www.gap.com/webcontent/0061/716/343/cn61716343.jpg | https://www.gap.com/webcontent/0059/698/868/cn59698868.jpg | https://www.gap.com/webcontent/0061/136/135/cn61136135.jpg | https://www.gap.com/webcontent/0061/120/754/cn61120754.jpg | https://www.gap.com/webcontent/0061/609/479/cn61609479.jpg | https://www.gap.com/webcontent/0061/221/407/cn61221407.jpg | https://www.gap.com/webcontent/0061/648/408/cn61648408.jpg | https://www.gap.com/webcontent/0061/609/471/cn61609471.jpg | https://www.gap.com/webcontent/0061/302/698/cn61302698.jpg | https://www.gap.com/webcontent/0061/792/494/cn61792494.jpg | https://cdn.cookielaw.org/logos/e1cf9ab6-fc39-4557-b4ef-4393861dad52/d229a1c3-b8ad-46ad-9bdb-8311fd460a5f/c85f6701-9eae-4a9f-b770-87eee2dae9fc/Logo_color_lockup@3x.png,True,& care 100% Polyurethane. Lining: 100% Polyester. Wipe clean. Imported. Shipping & returns Customers also viewed Kids Quilted Colorblock Duffel Bag $69.95 $34.00 50% off + extra 10% in the app Kids Hello Kitty Duffle Bag $89.95 $53.00 40% off + extra 10% in the app Kids Quilted Weekender Bag $69.95 $34.00 50% off + extra 10% in the app Kids Quilted Weekender Bag $69.95 $41.00 40% off + extra 10% in the app Kids Denim Terry Heart Baseball Hat $19.95 $11.00 40% off + extra 10% in the app You may also like Kids Quilted Pouch $34.95 $20.00 40% off + extra 10% in the app Kids Cow Print Sneakers $44.95 $17.00 60% off + extra 10% in the app Kids Quilted Brannan Bear Weekender Bag $69.95 $27.00 60% off + extra 10% in the app Kids Faux Fur Backpack $39.95 $15.00 60% off + extra 10% in the app Kids Sanrio Oversized Graphic T-Shirt $29.95 $17.00 40% off + extra 10% in the app Kids Faux Fur Backpack $39.95 $15.00 60% off + extra 10% in the app Kids Oversized T-Shirt $24.95 $14.00 40% off + extra 10% in the app Kids Sanrio Oversized Graphic T-Shirt $29.95 $17.00 40% off + extra 10% in the app Kids Oversized T-Shirt $19.95 $11.00 40% off + extra 10% in the app Kids Graphic T-Shirt $19.95 $11.00 40% off + extra 10% in the app,& care 100% Polyurethane. Lining: 100% Polyester. Wipe clean. Imported. Shipping & returns Customers also viewed Kids Quilted Colorblock Duffel Bag $69.95 $34.00 50% off + extra 10% in the app Kids Hello Kitty Duffle Bag $89.95 $53.00 40% off + extra 10% in the app Kids Quilted Weekender Bag $69.95 $34.00 50% off + extra 10% in the app Kids Quilted Weekender Bag $69.95 $41.00 40% off + extra 10% in the app Kids Denim Terry Heart Baseball Hat $19.95 $11.00 40% off + extra 10% in the app You may also like Kids Quilted Pouch $34.95 $20.00 40% off + extra 10% in the app Kids Cow Print Sneakers $44.95 $17.00 60% off + extra 10% in the app Kids Quilted Brannan Bear Weekender Bag $69.95 $27.00 60% off + extra 10% in the app Kids Faux Fur Backpack $39.95 $15.00 60% off + extra 10% in the app Kids Sanrio Oversized Graphic T-Shirt $29.95 $17.00 40% off + extra 10% in the app Kids Faux Fur Backpack $39.95 $15.00 60% off + extra 10% in the app Kids Oversized T-Shirt $24.95 $14.00 40% off + extra 10% in the app Kids Sanrio Oversized Graphic T-Shirt $29.95 $17.00 40% off + extra 10% in the app Kids Oversized T-Shirt $19.95 $11.00 40% off + extra 10% in the app Kids Graphic T-Shirt $19.95 $11.00 40% off + extra 10% in the app,Kids Bow Logo Crossbody Bag,,USD,13.0,34.95,This bag is made with an PU upper. Adjustable shoulder strap. Zipper closures at top and front pocket. Gap logo at front. Allover bow print. #847805,847805002,https://www.gap.com/browse/product.do?pid=847805002&vid=1&pcid=3046567&cid=3046567,False,6,4,2026-02-22,One Size,847805,
In stock,5,,Gap,"Cotton 100% Machine wash cold, gentle cycle. Lay flat to dry. Imported. Shipping & returns Customers also viewed Logo Tote Keychain Charm $19.95 $11.00 40% off + extra 10% in the app Brannan Bear Scarf Keychain Charm $19.95 $9.00 50% off + extra 10% in the app Logo Tote Keychain Charm $19.95 $11.00 40% off + extra 10% in the app Gap Logo Tote Bag $59.95 Extra 10% off in the app Logo Tote Keychain Charm $19.95 $15.00 20% off + extra 10% in the app You may also like Logo Hoodie Keychain Charm $14.95 $7.00 50% off + extra 10% in the app Logo Tote Keychain Charm $19.95 $11.00 40% off + extra 10% in the app Gap Logo Tote Bag $54.95 $43.00 20% off + extra 10% in the app Logo Tote Keychain Charm $19.95 $11.00 40% off + extra 10% in the app Brannan Bear Sweater Keychain Charm $19.95 $11.00 40% off + extra 10% in the app Straw Tote Bag $79.95 $63.00 20% off + extra 10% in the app Brannan Bear Sleep Keychain Charm $19.95 $11.00 40% off + extra 10% in the app Logo Tote Keychain Charm $19.95 $11.00 40% off + extra 10% in the app Gap Logo Tote Bag $49.95 Extra 10% off in the app Toy Logo Hoodie $14.95 $7.00 50% off + extra 10% in the app","Women / Bags, Scarves & More > Women > Bags, Scarves & More",White denim,"Authentic non-stretch denim tote bag. Shoulder straps. Snap button closure. Outer and inner patch pockets. Embroidered Brannan Bear with Gap arch logo. White wash. This pair of denim tote is part of our water-saving Washwell program. Compared with conventional wash methods, Washwell uses at least 20% less water. #872177",Size Guide,Size Guide,20,https://www.gap.com/webcontent/0060/681/835/cn60681835.jpg,https://www.gap.com/webcontent/0060/681/835/cn60681835.jpg | https://www.gap.com/webcontent/0060/939/679/cn60939679.jpg | https://www.gap.com/webcontent/0060/679/090/cn60679090.jpg | https://www.gap.com/webcontent/0060/679/096/cn60679096.jpg | https://www.gap.com/webcontent/0060/679/100/cn60679100.jpg | https://www.gap.com/webcontent/0060/260/930/cn60260930.jpg | https://www.gap.com/webcontent/0061/456/379/cn61456379.jpg | https://www.gap.com/webcontent/0061/518/483/cn61518483.jpg | https://www.gap.com/webcontent/0061/603/956/cn61603956.jpg | https://www.gap.com/webcontent/0061/518/416/cn61518416.jpg | https://www.gap.com/webcontent/0059/961/291/cn59961291.jpg | https://www.gap.com/webcontent/0061/520/379/cn61520379.jpg | https://www.gap.com/webcontent/0061/518/912/cn61518912.jpg | https://www.gap.com/webcontent/0059/961/294/cn59961294.jpg | https://www.gap.com/webcontent/0061/519/686/cn61519686.jpg | https://www.gap.com/webcontent/0061/199/149/cn61199149.jpg | https://www.gap.com/webcontent/0061/456/364/cn61456364.jpg | https://www.gap.com/webcontent/0061/518/485/cn61518485.jpg | https://www.gap.com/webcontent/0061/121/188/cn61121188.jpg | https://www.gap.com/webcontent/0061/283/067/cn61283067.jpg,True,"& care Cotton 100% Machine wash cold, gentle cycle. Lay flat to dry. Imported. Shipping & returns Customers also viewed Logo Tote Keychain Charm $19.95 $11.00 40% off + extra 10% in the app Brannan Bear Scarf Keychain Charm $19.95 $9.00 50% off + extra 10% in the app Logo Tote Keychain Charm $19.95 $11.00 40% off + extra 10% in the app Gap Logo Tote Bag $59.95 Extra 10% off in the app Logo Tote Keychain Charm $19.95 $15.00 20% off + extra 10% in the app You may also like Logo Hoodie Keychain Charm $14.95 $7.00 50% off + extra 10% in the app Logo Tote Keychain Charm $19.95 $11.00 40% off + extra 10% in the app Gap Logo Tote Bag $54.95 $43.00 20% off + extra 10% in the app Logo Tote Keychain Charm $19.95 $11.00 40% off + extra 10% in the app Brannan Bear Sweater Keychain Charm $19.95 $11.00 40% off + extra 10% in the app Straw Tote Bag $79.95 $63.00 20% off + extra 10% in the app Brannan Bear Sleep Keychain Charm $19.95 $11.00 40% off + extra 10% in the app Logo Tote Keychain Charm $19.95 $11.00 40% off + extra 10% in the app Gap Logo Tote Bag $49.95 Extra 10% off in the app Toy Logo Hoodie $14.95 $7.00 50% off + extra 10% in the app","& care Cotton 100% Machine wash cold, gentle cycle. Lay flat to dry. Imported. Shipping & returns Customers also viewed Logo Tote Keychain Charm $19.95 $11.00 40% off + extra 10% in the app Brannan Bear Scarf Keychain Charm $19.95 $9.00 50% off + extra 10% in the app Logo Tote Keychain Charm $19.95 $11.00 40% off + extra 10% in the app Gap Logo Tote Bag $59.95 Extra 10% off in the app Logo Tote Keychain Charm $19.95 $15.00 20% off + extra 10% in the app You may also like Logo Hoodie Keychain Charm $14.95 $7.00 50% off + extra 10% in the app Logo Tote Keychain Charm $19.95 $11.00 40% off + extra 10% in the app Gap Logo Tote Bag $54.95 $43.00 20% off + extra 10% in the app Logo Tote Keychain Charm $19.95 $11.00 40% off + extra 10% in the app Brannan Bear Sweater Keychain Charm $19.95 $11.00 40% off + extra 10% in the app Straw Tote Bag $79.95 $63.00 20% off + extra 10% in the app Brannan Bear Sleep Keychain Charm $19.95 $11.00 40% off + extra 10% in the app Logo Tote Keychain Charm $19.95 $11.00 40% off + extra 10% in the app Gap Logo Tote Bag $49.95 Extra 10% off in the app Toy Logo Hoodie $14.95 $7.00 50% off + extra 10% in the app",Brannan Bear Logo Denim Tote Bag,,USD,47.0,59.95,"Authentic non-stretch denim tote bag. Shoulder straps. Snap button closure. Outer and inner patch pockets. Embroidered Brannan Bear with Gap arch logo. White wash. This pair of denim tote is part of our water-saving Washwell program. Compared with conventional wash methods, Washwell uses at least 20% less water. #872177",872177002,https://www.gap.com/browse/product.do?pid=872177002&vid=1&pcid=3046544&cid=3046544,False,7,6,2026-02-22,One Size,872177,
In stock,4.9,,Gap,100% Polyester. Wipe clean. Imported. Shipping & returns Customers also viewed Kids Cow Print Sneakers $44.95 $17.00 60% off + extra 10% in the app Kids Crochet Mary Jane Flats $49.95 $29.00 40% off + extra 10% in the app Kids T-Strap Loafers $49.95 $19.00 60% off + extra 10% in the app Kids Jelly Ballet Flats $39.95 $23.00 40% off + extra 10% in the app Kids Quilted Weekender Bag $69.95 $41.00 40% off + extra 10% in the app You may also like Kids Quilted Pouch $34.95 $20.00 40% off + extra 10% in the app Kids Crochet Mary Jane Flats $49.95 $29.00 40% off + extra 10% in the app Kids Bucket Hat $24.95 $14.00 40% off + extra 10% in the app Kids Faux Fur Earmuffs $29.95 $11.00 60% off + extra 10% in the app Kids Bow Logo Crossbody Bag $34.95 $13.00 60% off + extra 10% in the app Kids Shimmer Straw Backpack $39.95 $23.00 40% off + extra 10% in the app Kids Hello Kitty Duffle Bag $89.95 $53.00 40% off + extra 10% in the app Kids Quilted Colorblock Duffel Bag $69.95 $34.00 50% off + extra 10% in the app Kids Oversized Ruffle Collar Logo Sweatshirt Dress $49.95 $24.00 50% off + extra 10% in the app Kids Oversized Quilted Zip Jacket $64.95 $38.00 40% off + extra 10% in the app,Girls / Shop All Accessories > Girls > Shop All Accessories,Cream white | Black,Soft faux fur backpack. Handle at top. Adjustable shoulder straps. Vegan leather drawstring closures. #847836,Size Guide,Size Guide,20,https://www.gap.com/webcontent/0061/221/407/cn61221407.jpg,https://www.gap.com/webcontent/0061/221/407/cn61221407.jpg | https://www.gap.com/webcontent/0061/120/760/cn61120760.jpg | https://www.gap.com/webcontent/0061/120/771/cn61120771.jpg | https://www.gap.com/webcontent/0061/120/788/cn61120788.jpg | https://www.gap.com/webcontent/0059/698/868/cn59698868.jpg | https://www.gap.com/webcontent/0061/206/452/cn61206452.jpg | https://www.gap.com/webcontent/0059/672/462/cn59672462.jpg | https://www.gap.com/webcontent/0061/561/450/cn61561450.jpg | https://www.gap.com/webcontent/0061/830/819/cn61830819.jpg | https://www.gap.com/webcontent/0061/716/343/cn61716343.jpg | https://www.gap.com/webcontent/0061/206/460/cn61206460.jpg | https://www.gap.com/webcontent/0061/604/344/cn61604344.jpg | https://www.gap.com/webcontent/0060/262/165/cn60262165.jpg | https://www.gap.com/webcontent/0060/367/792/cn60367792.jpg | https://www.gap.com/webcontent/0061/695/341/cn61695341.jpg | https://www.gap.com/webcontent/0061/692/725/cn61692725.jpg | https://www.gap.com/webcontent/0059/961/248/cn59961248.jpg | https://www.gap.com/webcontent/0060/980/415/cn60980415.jpg | https://www.gap.com/webcontent/0061/252/738/cn61252738.jpg | https://cdn.cookielaw.org/logos/e1cf9ab6-fc39-4557-b4ef-4393861dad52/d229a1c3-b8ad-46ad-9bdb-8311fd460a5f/c85f6701-9eae-4a9f-b770-87eee2dae9fc/Logo_color_lockup@3x.png,True,& care 100% Polyester. Wipe clean. Imported. Shipping & returns Customers also viewed Kids Cow Print Sneakers $44.95 $17.00 60% off + extra 10% in the app Kids Crochet Mary Jane Flats $49.95 $29.00 40% off + extra 10% in the app Kids T-Strap Loafers $49.95 $19.00 60% off + extra 10% in the app Kids Jelly Ballet Flats $39.95 $23.00 40% off + extra 10% in the app Kids Quilted Weekender Bag $69.95 $41.00 40% off + extra 10% in the app You may also like Kids Quilted Pouch $34.95 $20.00 40% off + extra 10% in the app Kids Crochet Mary Jane Flats $49.95 $29.00 40% off + extra 10% in the app Kids Bucket Hat $24.95 $14.00 40% off + extra 10% in the app Kids Faux Fur Earmuffs $29.95 $11.00 60% off + extra 10% in the app Kids Bow Logo Crossbody Bag $34.95 $13.00 60% off + extra 10% in the app Kids Shimmer Straw Backpack $39.95 $23.00 40% off + extra 10% in the app Kids Hello Kitty Duffle Bag $89.95 $53.00 40% off + extra 10% in the app Kids Quilted Colorblock Duffel Bag $69.95 $34.00 50% off + extra 10% in the app Kids Oversized Ruffle Collar Logo Sweatshirt Dress $49.95 $24.00 50% off + extra 10% in the app Kids Oversized Quilted Zip Jacket $64.95 $38.00 40% off + extra 10% in the app,& care 100% Polyester. Wipe clean. Imported. Shipping & returns Customers also viewed Kids Cow Print Sneakers $44.95 $17.00 60% off + extra 10% in the app Kids Crochet Mary Jane Flats $49.95 $29.00 40% off + extra 10% in the app Kids T-Strap Loafers $49.95 $19.00 60% off + extra 10% in the app Kids Jelly Ballet Flats $39.95 $23.00 40% off + extra 10% in the app Kids Quilted Weekender Bag $69.95 $41.00 40% off + extra 10% in the app You may also like Kids Quilted Pouch $34.95 $20.00 40% off + extra 10% in the app Kids Crochet Mary Jane Flats $49.95 $29.00 40% off + extra 10% in the app Kids Bucket Hat $24.95 $14.00 40% off + extra 10% in the app Kids Faux Fur Earmuffs $29.95 $11.00 60% off + extra 10% in the app Kids Bow Logo Crossbody Bag $34.95 $13.00 60% off + extra 10% in the app Kids Shimmer Straw Backpack $39.95 $23.00 40% off + extra 10% in the app Kids Hello Kitty Duffle Bag $89.95 $53.00 40% off + extra 10% in the app Kids Quilted Colorblock Duffel Bag $69.95 $34.00 50% off + extra 10% in the app Kids Oversized Ruffle Collar Logo Sweatshirt Dress $49.95 $24.00 50% off + extra 10% in the app Kids Oversized Quilted Zip Jacket $64.95 $38.00 40% off + extra 10% in the app,Kids Faux Fur Backpack,,USD,15.0,39.95,Soft faux fur backpack. Handle at top. Adjustable shoulder straps. Vegan leather drawstring closures. #847836,847836002,https://www.gap.com/browse/product.do?pid=847836002&vid=1&pcid=3046567&cid=3046567,False,33,30,2026-02-22,One Size,847836,
In stock,0,,Gap,100% Cotton. Spot clean. Imported. Shipping & returns Customers also viewed Hill City Crew Socks $15.95 Excluded from promotions Waxed Canvas Tote Bag $74.95 $44.00 40% off + extra 10% in the app Gap × Sushi Club Logo Trucker Hat $95.00 Excluded from promotions Waxed Canvas Tote Bag $74.95 $44.00 40% off + extra 10% in the app Hill City Ankle Socks $12.95 Excluded from promotions You may also like Sherpa Oversized Half-Zip Pullover $89.95 $44.00 50% off + extra 10% in the app CashSoft Beanie $34.95 $13.00 60% off + extra 10% in the app Sherpa Oversized Half-Zip Pullover $89.95 $44.00 50% off + extra 10% in the app CashSoft Beanie $34.95 $13.00 60% off + extra 10% in the app Denim Brannan Bear Baseball Hat $29.95 Extra 10% off in the app CashSoft Beanie $34.95 $13.00 60% off + extra 10% in the app Drawcord Hood $39.95 $15.00 60% off + extra 10% in the app Hybrid Slim Khakis $79.95 $39.00 50% off + extra 10% in the app Drawcord Hood $39.95 $15.00 60% off + extra 10% in the app Classic T-Shirt $19.95 $15.00 20% off + extra 10% in the app,Men / Bags > Men > Bags,True black,Soft cotton tote bag. Shoulder straps at top. Hill City logo at front. #850454,Size Guide,Size Guide,18,https://www.gap.com/webcontent/0060/784/373/cn60784373.jpg,https://www.gap.com/webcontent/0060/784/373/cn60784373.jpg | https://www.gap.com/webcontent/0060/784/369/cn60784369.jpg | https://www.gap.com/webcontent/0060/663/189/cn60663189.jpg | https://www.gap.com/webcontent/0061/456/198/cn61456198.jpg | https://www.gap.com/webcontent/0061/791/294/cn61791294.jpg | https://www.gap.com/webcontent/0061/456/208/cn61456208.jpg | https://www.gap.com/webcontent/0060/636/789/cn60636789.jpg | https://www.gap.com/webcontent/0061/438/821/cn61438821.jpg | https://www.gap.com/webcontent/0061/152/972/cn61152972.jpg | https://www.gap.com/webcontent/0061/413/795/cn61413795.jpg | https://www.gap.com/webcontent/0061/153/332/cn61153332.jpg | https://www.gap.com/webcontent/0061/167/560/cn61167560.jpg | https://www.gap.com/webcontent/0061/153/458/cn61153458.jpg | https://www.gap.com/webcontent/0060/917/830/cn60917830.jpg | https://www.gap.com/webcontent/0054/813/663/cn54813663.jpg | https://www.gap.com/webcontent/0060/917/722/cn60917722.jpg | https://www.gap.com/webcontent/0057/821/449/cn57821449.jpg | https://cdn.cookielaw.org/logos/e1cf9ab6-fc39-4557-b4ef-4393861dad52/d229a1c3-b8ad-46ad-9bdb-8311fd460a5f/c85f6701-9eae-4a9f-b770-87eee2dae9fc/Logo_color_lockup@3x.png,True,s and modern fits. Soft cotton tote bag. Shoulder straps at top. Hill City logo at front. #850454 Fabric & care 100% Cotton. Spot clean. Imported. Shipping & returns Customers also viewed Hill City Crew Socks $15.95 Excluded from promotions Waxed Canvas Tote Bag $74.95 $44.00 40% off + extra 10% in the app Gap × Sushi Club Logo Trucker Hat $95.00 Excluded from promotions Waxed Canvas Tote Bag $74.95 $44.00 40% off + extra 10% in the app Hill City Ankle Socks $12.95 Excluded from promotions You may also like Sherpa Oversized Half-Zip Pullover $89.95 $44.00 50% off + extra 10% in the app CashSoft Beanie $34.95 $13.00 60% off + extra 10% in the app Sherpa Oversized Half-Zip Pullover $89.95 $44.00 50% off + extra 10% in the app CashSoft Beanie $34.95 $13.00 60% off + extra 10% in the app Denim Brannan Bear Baseball Hat $29.95 Extra 10% off in the app CashSoft Beanie $34.95 $13.00 60% off + extra 10% in the app Drawcord Hood $39.95 $15.00 60% off + extra 10% in the app Hybrid Slim Khakis $79.95 $39.00 50% off + extra 10% in the app Drawcord Hood $39.95 $15.00 60% off + extra 10% in the app Classic T-Shirt $19.95 $15.00 20% off + extra 10% in the app,s and modern fits. Soft cotton tote bag. Shoulder straps at top. Hill City logo at front. #850454 Fabric & care 100% Cotton. Spot clean. Imported. Shipping & returns Customers also viewed Hill City Crew Socks $15.95 Excluded from promotions Waxed Canvas Tote Bag $74.95 $44.00 40% off + extra 10% in the app Gap × Sushi Club Logo Trucker Hat $95.00 Excluded from promotions Waxed Canvas Tote Bag $74.95 $44.00 40% off + extra 10% in the app Hill City Ankle Socks $12.95 Excluded from promotions You may also like Sherpa Oversized Half-Zip Pullover $89.95 $44.00 50% off + extra 10% in the app CashSoft Beanie $34.95 $13.00 60% off + extra 10% in the app Sherpa Oversized Half-Zip Pullover $89.95 $44.00 50% off + extra 10% in the app CashSoft Beanie $34.95 $13.00 60% off + extra 10% in the app Denim Brannan Bear Baseball Hat $29.95 Extra 10% off in the app CashSoft Beanie $34.95 $13.00 60% off + extra 10% in the app Drawcord Hood $39.95 $15.00 60% off + extra 10% in the app Hybrid Slim Khakis $79.95 $39.00 50% off + extra 10% in the app Drawcord Hood $39.95 $15.00 60% off + extra 10% in the app Classic T-Shirt $19.95 $15.00 20% off + extra 10% in the app,Hill City Tote Bag,,USD,59.95,74.95,"A collection of our favorite accessories from Hill City, a performance brand known for technical fabrics and modern fits. Soft cotton tote bag. Shoulder straps at top. Hill City logo at front. #850454 Fabric & care 100% Cotton. Spot clean. Imported. Shipping & returns Customers also viewed Hill City Crew Socks $15.95 Excluded from promotions Waxed Canvas Tote Bag $74.95 $44.00 40% off + extra 10% in the app Gap × Sushi Club Logo Trucker Hat $95.00 Excluded from promotions Waxed Canvas Tote Bag $74.95 $44.00 40% off + extra 10% in the app Hill City Ankle Socks $12.95 Excluded from promotions You may also like Sherpa Oversized Half-Zip Pullover $89.95 $44.00 50% off + extra 10% in the app CashSoft Beanie $34.95 $13.00 60% off + extra 10% in the app Sherpa Oversized Half-Zip Pullover $89.95 $44.00 50% off + extra 10% in the app CashSoft Beanie $34.95 $13.00 60% off + extra 10% in the app Denim Brannan Bear Baseball Hat $29.95 Extra 10% off in the app CashSoft Beanie $34.95 $13.00 60% off + extra 10% in the app Drawcord Hood $39.95 $15.00 60% off + extra 10% in the app Hybrid Slim Khakis $79.95 $39.00 50% off + extra 10% in the app Drawcord Hood $39.95 $15.00 60% off + extra 10% in the app Classic T-Shirt $19.95 $15.00 20% off + extra 10% in the app",850454002,https://www.gap.com/browse/product.do?pid=850454002&vid=1&pcid=3046544&cid=3046544,True,0,,2026-02-22,One Size,850454,
In stock,3.8,,Gap,100% Polyester. Spot clean. Imported. Shipping & returns Customers also viewed Kids Quilted Weekender Bag $69.95 $41.00 40% off + extra 10% in the app Kids Quilted Pouch $34.95 $20.00 40% off + extra 10% in the app Kids Quilted Weekender Bag $69.95 $27.00 60% off + extra 10% in the app Kids Hello Kitty Duffle Bag $89.95 $53.00 40% off + extra 10% in the app Kids Crochet Mary Jane Flats $49.95 $29.00 40% off + extra 10% in the app You may also like Kids Quilted Colorblock Duffel Bag $69.95 $34.00 50% off + extra 10% in the app Kids Quilted Weekender Bag $69.95 $34.00 50% off + extra 10% in the app Kids Cross-Back One-Piece Swimsuit $39.95 $23.00 40% off + extra 10% in the app Kids Bow Logo Crossbody Bag $34.95 $13.00 60% off + extra 10% in the app Kids Cross-Back One-Piece Swimsuit $39.95 $23.00 40% off + extra 10% in the app Kids Tankini & Skort Swim Set $49.95 $29.00 40% off + extra 10% in the app Kids Cap-Sleeve Athletic Dress $49.95 $29.00 40% off + extra 10% in the app Kids Pointelle Rib Fitted T-Shirt $24.95 $14.00 40% off + extra 10% in the app Kids Gingham Denim Dress $59.95 $35.00 40% off + extra 10% in the app Kids Graphic T-Shirt $19.95 $11.00 40% off + extra 10% in the app,Girls / Shop All Accessories > Girls > Shop All Accessories,Black,Soft quilted weekender bag. Shoulder strap and handles at top. Zipper closure. Pockets at front. Allover Brannan Bear print. #865135,Size Guide,Size Guide,18,https://www.gap.com/webcontent/0061/136/135/cn61136135.jpg,https://www.gap.com/webcontent/0061/136/135/cn61136135.jpg | https://www.gap.com/webcontent/0061/135/373/cn61135373.jpg | https://www.gap.com/webcontent/0061/830/819/cn61830819.jpg | https://www.gap.com/webcontent/0061/716/343/cn61716343.jpg | https://www.gap.com/webcontent/0060/366/819/cn60366819.jpg | https://www.gap.com/webcontent/0061/692/725/cn61692725.jpg | https://www.gap.com/webcontent/0061/206/460/cn61206460.jpg | https://www.gap.com/webcontent/0059/961/248/cn59961248.jpg | https://www.gap.com/webcontent/0056/071/943/cn56071943.jpg | https://www.gap.com/webcontent/0061/666/997/cn61666997.jpg | https://www.gap.com/webcontent/0060/367/792/cn60367792.jpg | https://www.gap.com/webcontent/0061/666/994/cn61666994.jpg | https://www.gap.com/webcontent/0061/206/853/cn61206853.jpg | https://www.gap.com/webcontent/0061/879/153/cn61879153.jpg | https://www.gap.com/webcontent/0061/786/184/cn61786184.jpg | https://www.gap.com/webcontent/0061/731/953/cn61731953.jpg | https://www.gap.com/webcontent/0061/395/599/cn61395599.jpg | https://cdn.cookielaw.org/logos/e1cf9ab6-fc39-4557-b4ef-4393861dad52/d229a1c3-b8ad-46ad-9bdb-8311fd460a5f/c85f6701-9eae-4a9f-b770-87eee2dae9fc/Logo_color_lockup@3x.png,True,& care 100% Polyester. Spot clean. Imported. Shipping & returns Customers also viewed Kids Quilted Weekender Bag $69.95 $41.00 40% off + extra 10% in the app Kids Quilted Pouch $34.95 $20.00 40% off + extra 10% in the app Kids Quilted Weekender Bag $69.95 $27.00 60% off + extra 10% in the app Kids Hello Kitty Duffle Bag $89.95 $53.00 40% off + extra 10% in the app Kids Crochet Mary Jane Flats $49.95 $29.00 40% off + extra 10% in the app You may also like Kids Quilted Colorblock Duffel Bag $69.95 $34.00 50% off + extra 10% in the app Kids Quilted Weekender Bag $69.95 $34.00 50% off + extra 10% in the app Kids Cross-Back One-Piece Swimsuit $39.95 $23.00 40% off + extra 10% in the app Kids Bow Logo Crossbody Bag $34.95 $13.00 60% off + extra 10% in the app Kids Cross-Back One-Piece Swimsuit $39.95 $23.00 40% off + extra 10% in the app Kids Tankini & Skort Swim Set $49.95 $29.00 40% off + extra 10% in the app Kids Cap-Sleeve Athletic Dress $49.95 $29.00 40% off + extra 10% in the app Kids Pointelle Rib Fitted T-Shirt $24.95 $14.00 40% off + extra 10% in the app Kids Gingham Denim Dress $59.95 $35.00 40% off + extra 10% in the app Kids Graphic T-Shirt $19.95 $11.00 40% off + extra 10% in the app,& care 100% Polyester. Spot clean. Imported. Shipping & returns Customers also viewed Kids Quilted Weekender Bag $69.95 $41.00 40% off + extra 10% in the app Kids Quilted Pouch $34.95 $20.00 40% off + extra 10% in the app Kids Quilted Weekender Bag $69.95 $27.00 60% off + extra 10% in the app Kids Hello Kitty Duffle Bag $89.95 $53.00 40% off + extra 10% in the app Kids Crochet Mary Jane Flats $49.95 $29.00 40% off + extra 10% in the app You may also like Kids Quilted Colorblock Duffel Bag $69.95 $34.00 50% off + extra 10% in the app Kids Quilted Weekender Bag $69.95 $34.00 50% off + extra 10% in the app Kids Cross-Back One-Piece Swimsuit $39.95 $23.00 40% off + extra 10% in the app Kids Bow Logo Crossbody Bag $34.95 $13.00 60% off + extra 10% in the app Kids Cross-Back One-Piece Swimsuit $39.95 $23.00 40% off + extra 10% in the app Kids Tankini & Skort Swim Set $49.95 $29.00 40% off + extra 10% in the app Kids Cap-Sleeve Athletic Dress $49.95 $29.00 40% off + extra 10% in the app Kids Pointelle Rib Fitted T-Shirt $24.95 $14.00 40% off + extra 10% in the app Kids Gingham Denim Dress $59.95 $35.00 40% off + extra 10% in the app Kids Graphic T-Shirt $19.95 $11.00 40% off + extra 10% in the app,Kids Quilted Brannan Bear Weekender Bag,,USD,27.0,69.95,Soft quilted weekender bag. Shoulder strap and handles at top. Zipper closure. Pockets at front. Allover Brannan Bear print. #865135,865135002,https://www.gap.com/browse/product.do?pid=865135002&vid=1&pcid=3046567&cid=3046567,False,5,5,2026-02-22,One Size,865135,
In stock,0,,Gap,100% Cotton. Straps: 100% Vegan Leather. Spot clean. Imported. Shipping & returns Customers also viewed Crochet Tote Bag $69.95 $55.00 20% off + extra 10% in the app Straw Tote Bag $79.95 $63.00 20% off + extra 10% in the app Crochet Tote Bag $69.95 $55.00 20% off + extra 10% in the app Gap Logo Tote Bag $59.95 Extra 10% off in the app Crochet Tote Bag $69.95 $55.00 20% off + extra 10% in the app You may also like Crochet Tote Bag $69.95 $55.00 20% off + extra 10% in the app Brannan Bear Logo Denim Tote Bag $59.95 $47.00 20% off + extra 10% in the app Logo Tote Keychain Charm $19.95 $15.00 20% off + extra 10% in the app Gap Logo Tote Bag $59.95 Extra 10% off in the app Logo Tote Keychain Charm $19.95 $11.00 40% off + extra 10% in the app Logo Hoodie Keychain Charm $14.95 $7.00 50% off + extra 10% in the app Lace Tights $19.95 $17.00 Extra 10% off in the app Gap Logo Tote Bag $54.95 $32.00 40% off + extra 10% in the app Denim Tote Bag $59.95 $47.00 20% off + extra 10% in the app Gap Logo Tote Bag $54.95 $43.00 20% off + extra 10% in the app,"Women / Bags, Scarves & More > Women > Bags, Scarves & More",Hot red | Neon pink glow | Bright meadow | Mosaic blue,Smooth cotton canvas slouchy tote bag. Vegan leather shoulder straps at top. Snap tab button closure. Gap logo at front. #876391,Size Guide,Size Guide,19,https://www.gap.com/webcontent/0061/456/152/cn61456152.jpg,https://www.gap.com/webcontent/0061/456/152/cn61456152.jpg | https://www.gap.com/webcontent/0061/896/350/cn61896350.jpg | https://www.gap.com/webcontent/0061/454/135/cn61454135.jpg | https://www.gap.com/webcontent/0061/454/185/cn61454185.jpg | https://www.gap.com/webcontent/0061/406/098/cn61406098.jpg | https://www.gap.com/webcontent/0061/199/149/cn61199149.jpg | https://www.gap.com/webcontent/0061/456/250/cn61456250.jpg | https://www.gap.com/webcontent/0061/879/033/cn61879033.jpg | https://www.gap.com/webcontent/0061/815/552/cn61815552.jpg | https://www.gap.com/webcontent/0061/339/287/cn61339287.jpg | https://www.gap.com/webcontent/0060/681/835/cn60681835.jpg | https://www.gap.com/webcontent/0061/518/416/cn61518416.jpg | https://www.gap.com/webcontent/0061/518/883/cn61518883.jpg | https://www.gap.com/webcontent/0060/260/930/cn60260930.jpg | https://www.gap.com/webcontent/0060/518/975/cn60518975.jpg | https://www.gap.com/webcontent/0061/376/105/cn61376105.jpg | https://www.gap.com/webcontent/0061/502/377/cn61502377.jpg | https://www.gap.com/webcontent/0060/784/370/cn60784370.jpg | https://www.gap.com/webcontent/0061/603/953/cn61603953.jpg,True,& care 100% Cotton. Straps: 100% Vegan Leather. Spot clean. Imported. Shipping & returns Customers also viewed Crochet Tote Bag $69.95 $55.00 20% off + extra 10% in the app Straw Tote Bag $79.95 $63.00 20% off + extra 10% in the app Crochet Tote Bag $69.95 $55.00 20% off + extra 10% in the app Gap Logo Tote Bag $59.95 Extra 10% off in the app Crochet Tote Bag $69.95 $55.00 20% off + extra 10% in the app You may also like Crochet Tote Bag $69.95 $55.00 20% off + extra 10% in the app Brannan Bear Logo Denim Tote Bag $59.95 $47.00 20% off + extra 10% in the app Logo Tote Keychain Charm $19.95 $15.00 20% off + extra 10% in the app Gap Logo Tote Bag $59.95 Extra 10% off in the app Logo Tote Keychain Charm $19.95 $11.00 40% off + extra 10% in the app Logo Hoodie Keychain Charm $14.95 $7.00 50% off + extra 10% in the app Lace Tights $19.95 $17.00 Extra 10% off in the app Gap Logo Tote Bag $54.95 $32.00 40% off + extra 10% in the app Denim Tote Bag $59.95 $47.00 20% off + extra 10% in the app Gap Logo Tote Bag $54.95 $43.00 20% off + extra 10% in the app,& care 100% Cotton. Straps: 100% Vegan Leather. Spot clean. Imported. Shipping & returns Customers also viewed Crochet Tote Bag $69.95 $55.00 20% off + extra 10% in the app Straw Tote Bag $79.95 $63.00 20% off + extra 10% in the app Crochet Tote Bag $69.95 $55.00 20% off + extra 10% in the app Gap Logo Tote Bag $59.95 Extra 10% off in the app Crochet Tote Bag $69.95 $55.00 20% off + extra 10% in the app You may also like Crochet Tote Bag $69.95 $55.00 20% off + extra 10% in the app Brannan Bear Logo Denim Tote Bag $59.95 $47.00 20% off + extra 10% in the app Logo Tote Keychain Charm $19.95 $15.00 20% off + extra 10% in the app Gap Logo Tote Bag $59.95 Extra 10% off in the app Logo Tote Keychain Charm $19.95 $11.00 40% off + extra 10% in the app Logo Hoodie Keychain Charm $14.95 $7.00 50% off + extra 10% in the app Lace Tights $19.95 $17.00 Extra 10% off in the app Gap Logo Tote Bag $54.95 $32.00 40% off + extra 10% in the app Denim Tote Bag $59.95 $47.00 20% off + extra 10% in the app Gap Logo Tote Bag $54.95 $43.00 20% off + extra 10% in the app,Canvas Slouchy Tote Bag,,USD,47.0,59.95,Smooth cotton canvas slouchy tote bag. Vegan leather shoulder straps at top. Snap tab button closure. Gap logo at front. #876391,876391002,https://www.gap.com/browse/product.do?pid=876391002&vid=1&pcid=3046544&cid=3051538,False,0,,2026-02-22,One Size,876391,
In stock,0,,Gap,100% Polyester Cozy Sherpa. Spot clean. Imported. Shipping & returns Customers also viewed Logo Tote Keychain Charm $19.95 $15.00 20% off + extra 10% in the app Brannan Bear Denim Jacket Keychain Charm $19.95 $13.00 30% off + extra 10% in the app Logo Tote Keychain Charm $19.95 $11.00 40% off + extra 10% in the app Gap Logo Tote Bag $54.95 $32.00 40% off + extra 10% in the app Brannan Bear Sweater Keychain Charm $19.95 $11.00 40% off + extra 10% in the app You may also like Gap Jeans Keychain Charm $19.95 $11.00 40% off + extra 10% in the app Logo Tote Keychain Charm $19.95 $11.00 40% off + extra 10% in the app Brannan Bear Sleep Keychain Charm $19.95 $11.00 40% off + extra 10% in the app Logo Tote Keychain Charm $19.95 $11.00 40% off + extra 10% in the app Gap Logo Tote Bag $54.95 $43.00 20% off + extra 10% in the app Brannan Bear Hoodie Keychain Charm $19.95 $17.00 Extra 10% off in the app Gap Logo Tote Bag $54.95 $32.00 40% off + extra 10% in the app Brannan Bear Hoodie Keychain Charm $19.95 $11.00 40% off + extra 10% in the app Gap Logo Tote Bag $54.95 $43.00 20% off + extra 10% in the app Logo Tote Keychain Charm $19.95 $11.00 40% off + extra 10% in the app,"Women / Bags, Scarves & More > Women > Bags, Scarves & More",White,"This keychain charm is made of soft knit and faux fur with a metal key ring. Embroidered bear detail and Gap logo at front. This product was made in a factory that invests in gender equity and women’s empowerment through RISE. Learn more at <a href="" https://www.gapinc.com/en-us/impact/bridging-the-equity-gap/p-a-c-e-and-rise""><u>gapinc.com/equity </u></a>. #876262",Size Guide,Size Guide,18,https://www.gap.com/webcontent/0061/645/812/cn61645812.jpg,https://www.gap.com/webcontent/0061/645/812/cn61645812.jpg | https://www.gap.com/webcontent/0061/644/615/cn61644615.jpg | https://www.gap.com/webcontent/0061/657/452/cn61657452.jpg | https://www.gap.com/webcontent/0061/728/229/cn61728229.jpg | https://www.gap.com/webcontent/0061/438/679/cn61438679.jpg | https://www.gap.com/webcontent/0061/518/506/cn61518506.jpg | https://www.gap.com/webcontent/0061/502/377/cn61502377.jpg | https://www.gap.com/webcontent/0061/519/686/cn61519686.jpg | https://www.gap.com/webcontent/0061/645/883/cn61645883.jpg | https://www.gap.com/webcontent/0059/961/326/cn59961326.jpg | https://www.gap.com/webcontent/0061/456/364/cn61456364.jpg | https://www.gap.com/webcontent/0061/502/307/cn61502307.jpg | https://www.gap.com/webcontent/0061/603/953/cn61603953.jpg | https://www.gap.com/webcontent/0060/625/989/cn60625989.jpg | https://www.gap.com/webcontent/0061/708/096/cn61708096.jpg | https://www.gap.com/webcontent/0060/416/018/cn60416018.jpg | https://www.gap.com/webcontent/0061/518/912/cn61518912.jpg | https://www.gap.com/webcontent/0059/961/294/cn59961294.jpg,True,& care 100% Polyester Cozy Sherpa. Spot clean. Imported. Shipping & returns Customers also viewed Logo Tote Keychain Charm $19.95 $15.00 20% off + extra 10% in the app Brannan Bear Denim Jacket Keychain Charm $19.95 $13.00 30% off + extra 10% in the app Logo Tote Keychain Charm $19.95 $11.00 40% off + extra 10% in the app Gap Logo Tote Bag $54.95 $32.00 40% off + extra 10% in the app Brannan Bear Sweater Keychain Charm $19.95 $11.00 40% off + extra 10% in the app You may also like Gap Jeans Keychain Charm $19.95 $11.00 40% off + extra 10% in the app Logo Tote Keychain Charm $19.95 $11.00 40% off + extra 10% in the app Brannan Bear Sleep Keychain Charm $19.95 $11.00 40% off + extra 10% in the app Logo Tote Keychain Charm $19.95 $11.00 40% off + extra 10% in the app Gap Logo Tote Bag $54.95 $43.00 20% off + extra 10% in the app Brannan Bear Hoodie Keychain Charm $19.95 $17.00 Extra 10% off in the app Gap Logo Tote Bag $54.95 $32.00 40% off + extra 10% in the app Brannan Bear Hoodie Keychain Charm $19.95 $11.00 40% off + extra 10% in the app Gap Logo Tote Bag $54.95 $43.00 20% off + extra 10% in the app Logo Tote Keychain Charm $19.95 $11.00 40% off + extra 10% in the app,& care 100% Polyester Cozy Sherpa. Spot clean. Imported. Shipping & returns Customers also viewed Logo Tote Keychain Charm $19.95 $15.00 20% off + extra 10% in the app Brannan Bear Denim Jacket Keychain Charm $19.95 $13.00 30% off + extra 10% in the app Logo Tote Keychain Charm $19.95 $11.00 40% off + extra 10% in the app Gap Logo Tote Bag $54.95 $32.00 40% off + extra 10% in the app Brannan Bear Sweater Keychain Charm $19.95 $11.00 40% off + extra 10% in the app You may also like Gap Jeans Keychain Charm $19.95 $11.00 40% off + extra 10% in the app Logo Tote Keychain Charm $19.95 $11.00 40% off + extra 10% in the app Brannan Bear Sleep Keychain Charm $19.95 $11.00 40% off + extra 10% in the app Logo Tote Keychain Charm $19.95 $11.00 40% off + extra 10% in the app Gap Logo Tote Bag $54.95 $43.00 20% off + extra 10% in the app Brannan Bear Hoodie Keychain Charm $19.95 $17.00 Extra 10% off in the app Gap Logo Tote Bag $54.95 $32.00 40% off + extra 10% in the app Brannan Bear Hoodie Keychain Charm $19.95 $11.00 40% off + extra 10% in the app Gap Logo Tote Bag $54.95 $43.00 20% off + extra 10% in the app Logo Tote Keychain Charm $19.95 $11.00 40% off + extra 10% in the app,Brannan Bear T-Shirt Keychain Charm,,USD,9.0,19.95,This keychain charm is made of soft knit and faux fur with a metal key ring. Embroidered bear detail and Gap logo at front. This product was made in a factory that invests in gender equity and women’s empowerment through RISE. Learn more at gapinc.com/equity . #876262 Fabric & care 100% Polyester Cozy Sherpa. Spot clean. Imported. Shipping & returns Customers also viewed Logo Tote Keychain Charm $19.95 $15.00 20% off + extra 10% in the app Brannan Bear Denim Jacket Keychain Charm $19.95 $13.00 30% off + extra 10% in the app Logo Tote Keychain Charm $19.95 $11.00 40% off + extra 10% in the app Gap Logo Tote Bag $54.95 $32.00 40% off + extra 10% in the app Brannan Bear Sweater Keychain Charm $19.95 $11.00 40% off + extra 10% in the app You may also like Gap Jeans Keychain Charm $19.95 $11.00 40% off + extra 10% in the app Logo Tote Keychain Charm $19.95 $11.00 40% off + extra 10% in the app Brannan Bear Sleep Keychain Charm $19.95 $11.00 40% off + extra 10% in the app Logo Tote Keychain Charm $19.95 $11.00 40% off + extra 10% in the app Gap Logo Tote Bag $54.95 $43.00 20% off + extra 10% in the app Brannan Bear Hoodie Keychain Charm $19.95 $17.00 Extra 10% off in the app Gap Logo Tote Bag $54.95 $32.00 40% off + extra 10% in the app Brannan Bear Hoodie Keychain Charm $19.95 $11.00 40% off + extra 10% in the app Gap Logo Tote Bag $54.95 $43.00 20% off + extra 10% in the app Logo Tote Keychain Charm $19.95 $11.00 40% off + extra 10% in the app,876262002,https://www.gap.com/browse/product.do?pid=876262002&vid=1&pcid=3046544&cid=3051539,False,0,,2026-02-22,One Size,876262,
In stock,0,,Gap,"Chocolate Brown: 67% Polyester, 21% Cotton, 10% Rayon. Black White Stripe: 74% Polyester, 14% Cotton, 9% Rayon. Black: 68% Polyester, 18% Cotton, 10% Rayon. Natural: 85% Polyester, 7% Cotton, 5% Rayon. Spot clean. Imported. Shipping & returns Customers also viewed Lace Tights $19.95 $17.00 Extra 10% off in the app Flip Flop Sandals $44.95 $35.00 20% off + extra 10% in the app Straw Bucket Hat $49.95 $39.00 20% off + extra 10% in the app Mesh Flats $64.95 $51.00 20% off + extra 10% in the app Vegan Leather Bucket Tote Bag $69.95 $62.00 Extra 10% off in the app You may also like Eyelet Bandana Scarf $39.95 $31.00 20% off + extra 10% in the app Flip Flop Sandals $44.95 $35.00 20% off + extra 10% in the app Eyelet Bandana Scarf $39.95 $31.00 20% off + extra 10% in the app Mesh Flats $64.95 $51.00 20% off + extra 10% in the app Brannan Bear Logo Denim Tote Bag $59.95 $47.00 20% off + extra 10% in the app Mesh Flats $64.95 $51.00 20% off + extra 10% in the app Pointelle Beanie $39.95 $15.00 60% off + extra 10% in the app Gap Logo Tote Bag $59.95 Extra 10% off in the app Sheer Button-Front Peplum Top $69.95 $55.00 20% off + extra 10% in the app Gap Logo Tote Bag $59.95 Extra 10% off in the app","Women / Bags, Scarves & More > Women > Bags, Scarves & More",Terra brown | Natural | Rainbow stripe | Black | Black and white,This tote bag is made with a crochet knit cotton outer. Vegan leather shoulder straps. Snap button closure. Inner patch pocket. Certain styles have allover stripes. #876392,Size Guide,Size Guide,20,https://www.gap.com/webcontent/0061/406/122/cn61406122.jpg,https://www.gap.com/webcontent/0061/406/122/cn61406122.jpg | https://www.gap.com/webcontent/0061/774/693/cn61774693.jpg | https://www.gap.com/webcontent/0061/404/756/cn61404756.jpg | https://www.gap.com/webcontent/0061/404/812/cn61404812.jpg | https://www.gap.com/webcontent/0061/376/105/cn61376105.jpg | https://www.gap.com/webcontent/0061/709/193/cn61709193.jpg | https://www.gap.com/webcontent/0061/725/431/cn61725431.jpg | https://www.gap.com/webcontent/0061/572/648/cn61572648.jpg | https://www.gap.com/webcontent/0059/496/331/cn59496331.jpg | https://www.gap.com/webcontent/0061/829/285/cn61829285.jpg | https://www.gap.com/webcontent/0061/709/172/cn61709172.jpg | https://www.gap.com/webcontent/0061/820/722/cn61820722.jpg | https://www.gap.com/webcontent/0061/572/627/cn61572627.jpg | https://www.gap.com/webcontent/0060/681/835/cn60681835.jpg | https://www.gap.com/webcontent/0061/572/644/cn61572644.jpg | https://www.gap.com/webcontent/0061/180/567/cn61180567.jpg | https://www.gap.com/webcontent/0061/879/033/cn61879033.jpg | https://www.gap.com/webcontent/0061/390/207/cn61390207.jpg | https://www.gap.com/webcontent/0061/518/883/cn61518883.jpg | https://cdn.cookielaw.org/logos/e1cf9ab6-fc39-4557-b4ef-4393861dad52/d229a1c3-b8ad-46ad-9bdb-8311fd460a5f/c85f6701-9eae-4a9f-b770-87eee2dae9fc/Logo_color_lockup@3x.png,True,"& care Chocolate Brown: 67% Polyester, 21% Cotton, 10% Rayon. Black White Stripe: 74% Polyester, 14% Cotton, 9% Rayon. Black: 68% Polyester, 18% Cotton, 10% Rayon. Natural: 85% Polyester, 7% Cotton, 5% Rayon. Spot clean. Imported. Shipping & returns Customers also viewed Lace Tights $19.95 $17.00 Extra 10% off in the app Flip Flop Sandals $44.95 $35.00 20% off + extra 10% in the app Straw Bucket Hat $49.95 $39.00 20% off + extra 10% in the app Mesh Flats $64.95 $51.00 20% off + extra 10% in the app Vegan Leather Bucket Tote Bag $69.95 $62.00 Extra 10% off in the app You may also like Eyelet Bandana Scarf $39.95 $31.00 20% off + extra 10% in the app Flip Flop Sandals $44.95 $35.00 20% off + extra 10% in the app Eyelet Bandana Scarf $39.95 $31.00 20% off + extra 10% in the app Mesh Flats $64.95 $51.00 20% off + extra 10% in the app Brannan Bear Logo Denim Tote Bag $59.95 $47.00 20% off + extra 10% in the app Mesh Flats $64.95 $51.00 20% off + extra 10% in the app Pointelle Beanie $39.95 $15.00 60% off + extra 10% in the app Gap Logo Tote Bag $59.95 Extra 10% off in the app Sheer Button-Front Peplum Top $69.95 $55.00 20% off + extra 10% in the app Gap Logo Tote Bag $59.95 Extra 10% off in the app","& care Chocolate Brown: 67% Polyester, 21% Cotton, 10% Rayon. Black White Stripe: 74% Polyester, 14% Cotton, 9% Rayon. Black: 68% Polyester, 18% Cotton, 10% Rayon. Natural: 85% Polyester, 7% Cotton, 5% Rayon. Spot clean. Imported. Shipping & returns Customers also viewed Lace Tights $19.95 $17.00 Extra 10% off in the app Flip Flop Sandals $44.95 $35.00 20% off + extra 10% in the app Straw Bucket Hat $49.95 $39.00 20% off + extra 10% in the app Mesh Flats $64.95 $51.00 20% off + extra 10% in the app Vegan Leather Bucket Tote Bag $69.95 $62.00 Extra 10% off in the app You may also like Eyelet Bandana Scarf $39.95 $31.00 20% off + extra 10% in the app Flip Flop Sandals $44.95 $35.00 20% off + extra 10% in the app Eyelet Bandana Scarf $39.95 $31.00 20% off + extra 10% in the app Mesh Flats $64.95 $51.00 20% off + extra 10% in the app Brannan Bear Logo Denim Tote Bag $59.95 $47.00 20% off + extra 10% in the app Mesh Flats $64.95 $51.00 20% off + extra 10% in the app Pointelle Beanie $39.95 $15.00 60% off + extra 10% in the app Gap Logo Tote Bag $59.95 Extra 10% off in the app Sheer Button-Front Peplum Top $69.95 $55.00 20% off + extra 10% in the app Gap Logo Tote Bag $59.95 Extra 10% off in the app",Crochet Tote Bag,,USD,55.0,69.95,This tote bag is made with a crochet knit cotton outer. Vegan leather shoulder straps. Snap button closure. Inner patch pocket. Certain styles have allover stripes. #876392,876392002,https://www.gap.com/browse/product.do?pid=876392002&vid=1&pcid=3046544&cid=3051538,False,0,,2026-02-22,One Size,876392,
In stock,0,,Gap,100% Cotton. Straps: 100% Vegan Leather. Spot clean. Imported. Shipping & returns Customers also viewed Logo Tote Keychain Charm $19.95 $11.00 40% off + extra 10% in the app Gap Logo Tote Bag $59.95 $35.00 40% off + extra 10% in the app Logo Tote Keychain Charm $19.95 $11.00 40% off + extra 10% in the app Gap Logo Tote Bag $59.95 Extra 10% off in the app Logo Tote Keychain Charm $19.95 $15.00 20% off + extra 10% in the app You may also like Toy Logo Hoodie $14.95 $7.00 50% off + extra 10% in the app Gap Logo Tote Bag $54.95 $43.00 20% off + extra 10% in the app Brannan Bear Hoodie Keychain Charm $19.95 $11.00 40% off + extra 10% in the app Brannan Bear Logo Denim Tote Bag $59.95 $47.00 20% off + extra 10% in the app Gap Logo Tote Bag $54.95 $43.00 20% off + extra 10% in the app Crochet Tote Bag $69.95 $55.00 20% off + extra 10% in the app Gap Logo Tote Bag $59.95 Extra 10% off in the app Denim Tote Bag $59.95 $41.00 30% off + extra 10% in the app Gap Logo Tote Bag $54.95 $43.00 20% off + extra 10% in the app Crochet Tote Bag $69.95 $55.00 20% off + extra 10% in the app,"Women / Bags, Scarves & More > Women > Bags, Scarves & More",Hot red | Neon pink glow | Bright meadow | Mosaic blue,Smooth cotton canvas slouchy tote bag. Vegan leather shoulder straps at top. Snap tab button closure. Gap logo at front. #876391,Size Guide,Size Guide,19,https://www.gap.com/webcontent/0061/456/169/cn61456169.jpg,https://www.gap.com/webcontent/0061/456/169/cn61456169.jpg | https://www.gap.com/webcontent/0061/454/293/cn61454293.jpg | https://www.gap.com/webcontent/0061/454/284/cn61454284.jpg | https://www.gap.com/webcontent/0059/961/326/cn59961326.jpg | https://www.gap.com/webcontent/0061/624/045/cn61624045.jpg | https://www.gap.com/webcontent/0061/502/335/cn61502335.jpg | https://www.gap.com/webcontent/0061/518/883/cn61518883.jpg | https://www.gap.com/webcontent/0061/518/416/cn61518416.jpg | https://www.gap.com/webcontent/0061/283/108/cn61283108.jpg | https://www.gap.com/webcontent/0061/603/953/cn61603953.jpg | https://www.gap.com/webcontent/0060/416/018/cn60416018.jpg | https://www.gap.com/webcontent/0060/681/835/cn60681835.jpg | https://www.gap.com/webcontent/0061/518/912/cn61518912.jpg | https://www.gap.com/webcontent/0061/456/250/cn61456250.jpg | https://www.gap.com/webcontent/0061/879/033/cn61879033.jpg | https://www.gap.com/webcontent/0060/784/392/cn60784392.jpg | https://www.gap.com/webcontent/0061/502/386/cn61502386.jpg | https://www.gap.com/webcontent/0061/406/098/cn61406098.jpg | https://cdn.cookielaw.org/logos/e1cf9ab6-fc39-4557-b4ef-4393861dad52/d229a1c3-b8ad-46ad-9bdb-8311fd460a5f/c85f6701-9eae-4a9f-b770-87eee2dae9fc/Logo_color_lockup@3x.png,True,& care 100% Cotton. Straps: 100% Vegan Leather. Spot clean. Imported. Shipping & returns Customers also viewed Logo Tote Keychain Charm $19.95 $11.00 40% off + extra 10% in the app Gap Logo Tote Bag $59.95 $35.00 40% off + extra 10% in the app Logo Tote Keychain Charm $19.95 $11.00 40% off + extra 10% in the app Gap Logo Tote Bag $59.95 Extra 10% off in the app Logo Tote Keychain Charm $19.95 $15.00 20% off + extra 10% in the app You may also like Toy Logo Hoodie $14.95 $7.00 50% off + extra 10% in the app Gap Logo Tote Bag $54.95 $43.00 20% off + extra 10% in the app Brannan Bear Hoodie Keychain Charm $19.95 $11.00 40% off + extra 10% in the app Brannan Bear Logo Denim Tote Bag $59.95 $47.00 20% off + extra 10% in the app Gap Logo Tote Bag $54.95 $43.00 20% off + extra 10% in the app Crochet Tote Bag $69.95 $55.00 20% off + extra 10% in the app Gap Logo Tote Bag $59.95 Extra 10% off in the app Denim Tote Bag $59.95 $41.00 30% off + extra 10% in the app Gap Logo Tote Bag $54.95 $43.00 20% off + extra 10% in the app Crochet Tote Bag $69.95 $55.00 20% off + extra 10% in the app,& care 100% Cotton. Straps: 100% Vegan Leather. Spot clean. Imported. Shipping & returns Customers also viewed Logo Tote Keychain Charm $19.95 $11.00 40% off + extra 10% in the app Gap Logo Tote Bag $59.95 $35.00 40% off + extra 10% in the app Logo Tote Keychain Charm $19.95 $11.00 40% off + extra 10% in the app Gap Logo Tote Bag $59.95 Extra 10% off in the app Logo Tote Keychain Charm $19.95 $15.00 20% off + extra 10% in the app You may also like Toy Logo Hoodie $14.95 $7.00 50% off + extra 10% in the app Gap Logo Tote Bag $54.95 $43.00 20% off + extra 10% in the app Brannan Bear Hoodie Keychain Charm $19.95 $11.00 40% off + extra 10% in the app Brannan Bear Logo Denim Tote Bag $59.95 $47.00 20% off + extra 10% in the app Gap Logo Tote Bag $54.95 $43.00 20% off + extra 10% in the app Crochet Tote Bag $69.95 $55.00 20% off + extra 10% in the app Gap Logo Tote Bag $59.95 Extra 10% off in the app Denim Tote Bag $59.95 $41.00 30% off + extra 10% in the app Gap Logo Tote Bag $54.95 $43.00 20% off + extra 10% in the app Crochet Tote Bag $69.95 $55.00 20% off + extra 10% in the app,Canvas Slouchy Tote Bag,,USD,47.0,59.95,Smooth cotton canvas slouchy tote bag. Vegan leather shoulder straps at top. Snap tab button closure. Gap logo at front. #876391,876391012,https://www.gap.com/browse/product.do?pid=876391012&vid=1&pcid=3046544&cid=3051538,False,0,,2026-02-22,One Size,876391,
In stock,0,,Gap,100% Plastic. Wipe clean. Imported. Shipping & returns Customers also viewed Logo Tote Keychain Charm $19.95 $11.00 40% off + extra 10% in the app Toy Logo Hoodie $14.95 $7.00 50% off + extra 10% in the app Logo Tote Keychain Charm $19.95 $15.00 20% off + extra 10% in the app Crochet Tote Bag $69.95 $55.00 20% off + extra 10% in the app Logo Tote Keychain Charm $19.95 $11.00 40% off + extra 10% in the app You may also like Logo Hoodie Keychain Charm $14.95 $7.00 50% off + extra 10% in the app Brannan Bear Logo Crew Socks $17.95 $8.00 50% off + extra 10% in the app Logo Tote Keychain Charm $19.95 $11.00 40% off + extra 10% in the app Brannan Bear Denim Jacket Keychain Charm $19.95 $13.00 30% off + extra 10% in the app Toy Logo Hoodie $14.95 $7.00 50% off + extra 10% in the app Lace Tights $19.95 $17.00 Extra 10% off in the app Gap Jeans Keychain Charm $19.95 $11.00 40% off + extra 10% in the app Logo Tote Keychain Charm $19.95 $11.00 40% off + extra 10% in the app Gap Logo Tote Bag $54.95 $43.00 20% off + extra 10% in the app Brannan Bear Hoodie Keychain Charm $19.95 $17.00 Extra 10% off in the app,"Women / Bags, Scarves & More > Women > Bags, Scarves & More",Classic khaki,"This keychain charm is made of plastic with a metal key ring. Trench coat design. This product was made in a factory that invests in gender equity and women’s empowerment through RISE. Learn more at <a href="" https://www.gapinc.com/en-us/impact/bridging-the-equity-gap/p-a-c-e-and-rise""><u>gapinc.com/equity </u></a>. #876257",Size Guide,Size Guide,19,https://www.gap.com/webcontent/0061/518/846/cn61518846.jpg,https://www.gap.com/webcontent/0061/518/846/cn61518846.jpg | https://www.gap.com/webcontent/0061/518/698/cn61518698.jpg | https://www.gap.com/webcontent/0061/518/703/cn61518703.jpg | https://www.gap.com/webcontent/0061/518/483/cn61518483.jpg | https://www.gap.com/webcontent/0061/283/114/cn61283114.jpg | https://www.gap.com/webcontent/0061/728/229/cn61728229.jpg | https://www.gap.com/webcontent/0061/456/250/cn61456250.jpg | https://www.gap.com/webcontent/0061/502/310/cn61502310.jpg | https://www.gap.com/webcontent/0060/518/975/cn60518975.jpg | https://www.gap.com/webcontent/0060/313/946/cn60313946.jpg | https://www.gap.com/webcontent/0061/520/379/cn61520379.jpg | https://www.gap.com/webcontent/0061/438/679/cn61438679.jpg | https://www.gap.com/webcontent/0061/283/108/cn61283108.jpg | https://www.gap.com/webcontent/0061/376/105/cn61376105.jpg | https://www.gap.com/webcontent/0061/645/883/cn61645883.jpg | https://www.gap.com/webcontent/0059/961/326/cn59961326.jpg | https://www.gap.com/webcontent/0061/518/912/cn61518912.jpg | https://www.gap.com/webcontent/0060/625/989/cn60625989.jpg | https://cdn.cookielaw.org/logos/e1cf9ab6-fc39-4557-b4ef-4393861dad52/d229a1c3-b8ad-46ad-9bdb-8311fd460a5f/c85f6701-9eae-4a9f-b770-87eee2dae9fc/Logo_color_lockup@3x.png,True,& care 100% Plastic. Wipe clean. Imported. Shipping & returns Customers also viewed Logo Tote Keychain Charm $19.95 $11.00 40% off + extra 10% in the app Toy Logo Hoodie $14.95 $7.00 50% off + extra 10% in the app Logo Tote Keychain Charm $19.95 $15.00 20% off + extra 10% in the app Crochet Tote Bag $69.95 $55.00 20% off + extra 10% in the app Logo Tote Keychain Charm $19.95 $11.00 40% off + extra 10% in the app You may also like Logo Hoodie Keychain Charm $14.95 $7.00 50% off + extra 10% in the app Brannan Bear Logo Crew Socks $17.95 $8.00 50% off + extra 10% in the app Logo Tote Keychain Charm $19.95 $11.00 40% off + extra 10% in the app Brannan Bear Denim Jacket Keychain Charm $19.95 $13.00 30% off + extra 10% in the app Toy Logo Hoodie $14.95 $7.00 50% off + extra 10% in the app Lace Tights $19.95 $17.00 Extra 10% off in the app Gap Jeans Keychain Charm $19.95 $11.00 40% off + extra 10% in the app Logo Tote Keychain Charm $19.95 $11.00 40% off + extra 10% in the app Gap Logo Tote Bag $54.95 $43.00 20% off + extra 10% in the app Brannan Bear Hoodie Keychain Charm $19.95 $17.00 Extra 10% off in the app,& care 100% Plastic. Wipe clean. Imported. Shipping & returns Customers also viewed Logo Tote Keychain Charm $19.95 $11.00 40% off + extra 10% in the app Toy Logo Hoodie $14.95 $7.00 50% off + extra 10% in the app Logo Tote Keychain Charm $19.95 $15.00 20% off + extra 10% in the app Crochet Tote Bag $69.95 $55.00 20% off + extra 10% in the app Logo Tote Keychain Charm $19.95 $11.00 40% off + extra 10% in the app You may also like Logo Hoodie Keychain Charm $14.95 $7.00 50% off + extra 10% in the app Brannan Bear Logo Crew Socks $17.95 $8.00 50% off + extra 10% in the app Logo Tote Keychain Charm $19.95 $11.00 40% off + extra 10% in the app Brannan Bear Denim Jacket Keychain Charm $19.95 $13.00 30% off + extra 10% in the app Toy Logo Hoodie $14.95 $7.00 50% off + extra 10% in the app Lace Tights $19.95 $17.00 Extra 10% off in the app Gap Jeans Keychain Charm $19.95 $11.00 40% off + extra 10% in the app Logo Tote Keychain Charm $19.95 $11.00 40% off + extra 10% in the app Gap Logo Tote Bag $54.95 $43.00 20% off + extra 10% in the app Brannan Bear Hoodie Keychain Charm $19.95 $17.00 Extra 10% off in the app,Trench Coat Keychain Charm,,USD,15.0,19.95,This keychain charm is made of plastic with a metal key ring. Trench coat design. This product was made in a factory that invests in gender equity and women’s empowerment through RISE. Learn more at gapinc.com/equity . #876257 Fabric & care 100% Plastic. Wipe clean. Imported. Shipping & returns Customers also viewed Logo Tote Keychain Charm $19.95 $11.00 40% off + extra 10% in the app Toy Logo Hoodie $14.95 $7.00 50% off + extra 10% in the app Logo Tote Keychain Charm $19.95 $15.00 20% off + extra 10% in the app Crochet Tote Bag $69.95 $55.00 20% off + extra 10% in the app Logo Tote Keychain Charm $19.95 $11.00 40% off + extra 10% in the app You may also like Logo Hoodie Keychain Charm $14.95 $7.00 50% off + extra 10% in the app Brannan Bear Logo Crew Socks $17.95 $8.00 50% off + extra 10% in the app Logo Tote Keychain Charm $19.95 $11.00 40% off + extra 10% in the app Brannan Bear Denim Jacket Keychain Charm $19.95 $13.00 30% off + extra 10% in the app Toy Logo Hoodie $14.95 $7.00 50% off + extra 10% in the app Lace Tights $19.95 $17.00 Extra 10% off in the app Gap Jeans Keychain Charm $19.95 $11.00 40% off + extra 10% in the app Logo Tote Keychain Charm $19.95 $11.00 40% off + extra 10% in the app Gap Logo Tote Bag $54.95 $43.00 20% off + extra 10% in the app Brannan Bear Hoodie Keychain Charm $19.95 $17.00 Extra 10% off in the app,876257002,https://www.gap.com/browse/product.do?pid=876257002&vid=1&pcid=3046544&cid=3051539,False,0,,2026-02-22,One Size,876257,
In stock,0,,Gap,"Chocolate Brown: 67% Polyester, 21% Cotton, 10% Rayon. Black White Stripe: 74% Polyester, 14% Cotton, 9% Rayon. Black: 68% Polyester, 18% Cotton, 10% Rayon. Natural: 85% Polyester, 7% Cotton, 5% Rayon. Spot clean. Imported. Shipping & returns Customers also viewed Logo Tote Keychain Charm $19.95 $11.00 40% off + extra 10% in the app Gap Logo Tote Bag $54.95 $32.00 40% off + extra 10% in the app Logo Tote Keychain Charm $19.95 $11.00 40% off + extra 10% in the app Mesh Flats $64.95 $51.00 20% off + extra 10% in the app Logo Tote Keychain Charm $19.95 $11.00 40% off + extra 10% in the app You may also like Logo Tote Keychain Charm $19.95 $11.00 40% off + extra 10% in the app Gap Logo Tote Bag $59.95 $35.00 40% off + extra 10% in the app Logo Tote Keychain Charm $19.95 $11.00 40% off + extra 10% in the app Gap Logo Tote Bag $54.95 $32.00 40% off + extra 10% in the app Logo Tote Keychain Charm $19.95 $11.00 40% off + extra 10% in the app Gap Logo Tote Bag $54.95 $43.00 20% off + extra 10% in the app Logo Tote Keychain Charm $19.95 $11.00 40% off + extra 10% in the app Mesh Flats $64.95 $51.00 20% off + extra 10% in the app Gap Denim Logo Tote Bag $54.95 $27.00 50% off + extra 10% in the app Lace Tights $19.95 $17.00 Extra 10% off in the app","Women / Bags, Scarves & More > Women > Bags, Scarves & More",Terra brown | Natural | Rainbow stripe | Black | Black and white,This tote bag is made with a crochet knit cotton outer. Vegan leather shoulder straps. Snap button closure. Inner patch pocket. Certain styles have allover stripes. #876392,Size Guide,Size Guide,19,https://www.gap.com/webcontent/0061/456/250/cn61456250.jpg,https://www.gap.com/webcontent/0061/456/250/cn61456250.jpg | https://www.gap.com/webcontent/0061/931/260/cn61931260.jpg | https://www.gap.com/webcontent/0061/931/271/cn61931271.jpg | https://www.gap.com/webcontent/0061/931/300/cn61931300.jpg | https://www.gap.com/webcontent/0061/518/483/cn61518483.jpg | https://www.gap.com/webcontent/0061/502/377/cn61502377.jpg | https://www.gap.com/webcontent/0061/518/485/cn61518485.jpg | https://www.gap.com/webcontent/0061/572/648/cn61572648.jpg | https://www.gap.com/webcontent/0061/518/423/cn61518423.jpg | https://www.gap.com/webcontent/0061/502/310/cn61502310.jpg | https://www.gap.com/webcontent/0061/624/045/cn61624045.jpg | https://www.gap.com/webcontent/0059/961/297/cn59961297.jpg | https://www.gap.com/webcontent/0061/708/096/cn61708096.jpg | https://www.gap.com/webcontent/0061/502/328/cn61502328.jpg | https://www.gap.com/webcontent/0061/502/386/cn61502386.jpg | https://www.gap.com/webcontent/0059/961/294/cn59961294.jpg | https://www.gap.com/webcontent/0061/572/644/cn61572644.jpg | https://www.gap.com/webcontent/0057/525/117/cn57525117.jpg | https://www.gap.com/webcontent/0061/376/105/cn61376105.jpg,True,"& care Chocolate Brown: 67% Polyester, 21% Cotton, 10% Rayon. Black White Stripe: 74% Polyester, 14% Cotton, 9% Rayon. Black: 68% Polyester, 18% Cotton, 10% Rayon. Natural: 85% Polyester, 7% Cotton, 5% Rayon. Spot clean. Imported. Shipping & returns Customers also viewed Logo Tote Keychain Charm $19.95 $11.00 40% off + extra 10% in the app Gap Logo Tote Bag $54.95 $32.00 40% off + extra 10% in the app Logo Tote Keychain Charm $19.95 $11.00 40% off + extra 10% in the app Mesh Flats $64.95 $51.00 20% off + extra 10% in the app Logo Tote Keychain Charm $19.95 $11.00 40% off + extra 10% in the app You may also like Logo Tote Keychain Charm $19.95 $11.00 40% off + extra 10% in the app Gap Logo Tote Bag $59.95 $35.00 40% off + extra 10% in the app Logo Tote Keychain Charm $19.95 $11.00 40% off + extra 10% in the app Gap Logo Tote Bag $54.95 $32.00 40% off + extra 10% in the app Logo Tote Keychain Charm $19.95 $11.00 40% off + extra 10% in the app Gap Logo Tote Bag $54.95 $43.00 20% off + extra 10% in the app Logo Tote Keychain Charm $19.95 $11.00 40% off + extra 10% in the app Mesh Flats $64.95 $51.00 20% off + extra 10% in the app Gap Denim Logo Tote Bag $54.95 $27.00 50% off + extra 10% in the app Lace Tights $19.95 $17.00 Extra 10% off in the app","& care Chocolate Brown: 67% Polyester, 21% Cotton, 10% Rayon. Black White Stripe: 74% Polyester, 14% Cotton, 9% Rayon. Black: 68% Polyester, 18% Cotton, 10% Rayon. Natural: 85% Polyester, 7% Cotton, 5% Rayon. Spot clean. Imported. Shipping & returns Customers also viewed Logo Tote Keychain Charm $19.95 $11.00 40% off + extra 10% in the app Gap Logo Tote Bag $54.95 $32.00 40% off + extra 10% in the app Logo Tote Keychain Charm $19.95 $11.00 40% off + extra 10% in the app Mesh Flats $64.95 $51.00 20% off + extra 10% in the app Logo Tote Keychain Charm $19.95 $11.00 40% off + extra 10% in the app You may also like Logo Tote Keychain Charm $19.95 $11.00 40% off + extra 10% in the app Gap Logo Tote Bag $59.95 $35.00 40% off + extra 10% in the app Logo Tote Keychain Charm $19.95 $11.00 40% off + extra 10% in the app Gap Logo Tote Bag $54.95 $32.00 40% off + extra 10% in the app Logo Tote Keychain Charm $19.95 $11.00 40% off + extra 10% in the app Gap Logo Tote Bag $54.95 $43.00 20% off + extra 10% in the app Logo Tote Keychain Charm $19.95 $11.00 40% off + extra 10% in the app Mesh Flats $64.95 $51.00 20% off + extra 10% in the app Gap Denim Logo Tote Bag $54.95 $27.00 50% off + extra 10% in the app Lace Tights $19.95 $17.00 Extra 10% off in the app",Crochet Tote Bag,,USD,55.0,69.95,This tote bag is made with a crochet knit cotton outer. Vegan leather shoulder straps. Snap button closure. Inner patch pocket. Certain styles have allover stripes. #876392,876392022,https://www.gap.com/browse/product.do?pid=876392022&vid=1&pcid=3046544&cid=3051538,False,0,,2026-02-22,One Size,876392,
In stock,0,,Gap,"Chocolate Brown: 67% Polyester, 21% Cotton, 10% Rayon. Black White Stripe: 74% Polyester, 14% Cotton, 9% Rayon. Black: 68% Polyester, 18% Cotton, 10% Rayon. Natural: 85% Polyester, 7% Cotton, 5% Rayon. Spot clean. Imported. Shipping & returns Customers also viewed Vegan Suede Ballet Flats $59.95 $35.00 40% off + extra 10% in the app Flip Flop Sandals $44.95 $35.00 20% off + extra 10% in the app Lace Tights $19.95 $17.00 Extra 10% off in the app Mesh Flats $64.95 $51.00 20% off + extra 10% in the app Vegan Leather Bucket Tote Bag $69.95 $55.00 20% off + extra 10% in the app You may also like Gap Denim Logo Tote Bag $54.95 $27.00 50% off + extra 10% in the app Logo Tote Keychain Charm $19.95 $11.00 40% off + extra 10% in the app Flip Flop Sandals $44.95 $35.00 20% off + extra 10% in the app Logo Tote Keychain Charm $19.95 $11.00 40% off + extra 10% in the app Linen-Blend Easy Wide-Leg Pants $79.95 Extra 10% off in the app Sheer Button-Front Peplum Top $69.95 $55.00 20% off + extra 10% in the app Mesh Flats $64.95 $51.00 20% off + extra 10% in the app Gap Logo Tote Bag $59.95 Extra 10% off in the app Eyelet Bandana Scarf $39.95 $31.00 20% off + extra 10% in the app Logo Tote Keychain Charm $19.95 $15.00 20% off + extra 10% in the app","Women / Bags, Scarves & More > Women > Bags, Scarves & More",Terra brown | Natural | Rainbow stripe | Black | Black and white,This tote bag is made with a crochet knit cotton outer. Vegan leather shoulder straps. Snap button closure. Inner patch pocket. Certain styles have allover stripes. #876392,Size Guide,Size Guide,18,https://www.gap.com/webcontent/0061/339/287/cn61339287.jpg,https://www.gap.com/webcontent/0061/339/287/cn61339287.jpg | https://www.gap.com/webcontent/0061/339/259/cn61339259.jpg | https://www.gap.com/webcontent/0061/339/276/cn61339276.jpg | https://www.gap.com/webcontent/0061/219/101/cn61219101.jpg | https://www.gap.com/webcontent/0061/709/193/cn61709193.jpg | https://www.gap.com/webcontent/0061/376/105/cn61376105.jpg | https://www.gap.com/webcontent/0061/572/627/cn61572627.jpg | https://www.gap.com/webcontent/0060/809/402/cn60809402.jpg | https://www.gap.com/webcontent/0057/525/117/cn57525117.jpg | https://www.gap.com/webcontent/0061/518/483/cn61518483.jpg | https://www.gap.com/webcontent/0061/709/172/cn61709172.jpg | https://www.gap.com/webcontent/0061/518/423/cn61518423.jpg | https://www.gap.com/webcontent/0061/882/683/cn61882683.jpg | https://www.gap.com/webcontent/0061/390/207/cn61390207.jpg | https://www.gap.com/webcontent/0061/572/644/cn61572644.jpg | https://www.gap.com/webcontent/0061/518/883/cn61518883.jpg | https://www.gap.com/webcontent/0061/322/684/cn61322684.jpg | https://www.gap.com/webcontent/0061/518/416/cn61518416.jpg,True,"& care Chocolate Brown: 67% Polyester, 21% Cotton, 10% Rayon. Black White Stripe: 74% Polyester, 14% Cotton, 9% Rayon. Black: 68% Polyester, 18% Cotton, 10% Rayon. Natural: 85% Polyester, 7% Cotton, 5% Rayon. Spot clean. Imported. Shipping & returns Customers also viewed Vegan Suede Ballet Flats $59.95 $35.00 40% off + extra 10% in the app Flip Flop Sandals $44.95 $35.00 20% off + extra 10% in the app Lace Tights $19.95 $17.00 Extra 10% off in the app Mesh Flats $64.95 $51.00 20% off + extra 10% in the app Vegan Leather Bucket Tote Bag $69.95 $55.00 20% off + extra 10% in the app You may also like Gap Denim Logo Tote Bag $54.95 $27.00 50% off + extra 10% in the app Logo Tote Keychain Charm $19.95 $11.00 40% off + extra 10% in the app Flip Flop Sandals $44.95 $35.00 20% off + extra 10% in the app Logo Tote Keychain Charm $19.95 $11.00 40% off + extra 10% in the app Linen-Blend Easy Wide-Leg Pants $79.95 Extra 10% off in the app Sheer Button-Front Peplum Top $69.95 $55.00 20% off + extra 10% in the app Mesh Flats $64.95 $51.00 20% off + extra 10% in the app Gap Logo Tote Bag $59.95 Extra 10% off in the app Eyelet Bandana Scarf $39.95 $31.00 20% off + extra 10% in the app Logo Tote Keychain Charm $19.95 $15.00 20% off + extra 10% in the app","& care Chocolate Brown: 67% Polyester, 21% Cotton, 10% Rayon. Black White Stripe: 74% Polyester, 14% Cotton, 9% Rayon. Black: 68% Polyester, 18% Cotton, 10% Rayon. Natural: 85% Polyester, 7% Cotton, 5% Rayon. Spot clean. Imported. Shipping & returns Customers also viewed Vegan Suede Ballet Flats $59.95 $35.00 40% off + extra 10% in the app Flip Flop Sandals $44.95 $35.00 20% off + extra 10% in the app Lace Tights $19.95 $17.00 Extra 10% off in the app Mesh Flats $64.95 $51.00 20% off + extra 10% in the app Vegan Leather Bucket Tote Bag $69.95 $55.00 20% off + extra 10% in the app You may also like Gap Denim Logo Tote Bag $54.95 $27.00 50% off + extra 10% in the app Logo Tote Keychain Charm $19.95 $11.00 40% off + extra 10% in the app Flip Flop Sandals $44.95 $35.00 20% off + extra 10% in the app Logo Tote Keychain Charm $19.95 $11.00 40% off + extra 10% in the app Linen-Blend Easy Wide-Leg Pants $79.95 Extra 10% off in the app Sheer Button-Front Peplum Top $69.95 $55.00 20% off + extra 10% in the app Mesh Flats $64.95 $51.00 20% off + extra 10% in the app Gap Logo Tote Bag $59.95 Extra 10% off in the app Eyelet Bandana Scarf $39.95 $31.00 20% off + extra 10% in the app Logo Tote Keychain Charm $19.95 $15.00 20% off + extra 10% in the app",Crochet Tote Bag,,USD,55.0,69.95,This tote bag is made with a crochet knit cotton outer. Vegan leather shoulder straps. Snap button closure. Inner patch pocket. Certain styles have allover stripes. #876392,876392032,https://www.gap.com/browse/product.do?pid=876392032&vid=1&pcid=3046544&cid=3046544,False,0,,2026-02-22,One Size,876392,
In stock,0,,Gap,"Chocolate Brown: 67% Polyester, 21% Cotton, 10% Rayon. Black White Stripe: 74% Polyester, 14% Cotton, 9% Rayon. Black: 68% Polyester, 18% Cotton, 10% Rayon. Natural: 85% Polyester, 7% Cotton, 5% Rayon. Spot clean. Imported. Shipping & returns Customers also viewed Mesh Flats $64.95 $51.00 20% off + extra 10% in the app Flip Flop Sandals $44.95 $35.00 20% off + extra 10% in the app Lace Tights $19.95 $17.00 Extra 10% off in the app Mesh Flats $64.95 $51.00 20% off + extra 10% in the app Flip Flop Sandals $44.95 $35.00 20% off + extra 10% in the app You may also like Straw Tote Bag $79.95 $63.00 20% off + extra 10% in the app Logo Tote Keychain Charm $19.95 $15.00 20% off + extra 10% in the app Straw Bucket Hat $49.95 $39.00 20% off + extra 10% in the app Gap Logo Tote Bag $54.95 $43.00 20% off + extra 10% in the app Eyelet Bandana Scarf $39.95 $31.00 20% off + extra 10% in the app Gap Denim Logo Tote Bag $54.95 $27.00 50% off + extra 10% in the app Gap Logo Tote Bag $54.95 $32.00 40% off + extra 10% in the app Gap Logo Tote Bag $49.95 Extra 10% off in the app Sheer Button-Front Peplum Top $69.95 $55.00 20% off + extra 10% in the app Gap Logo Tote Bag $54.95 $43.00 20% off + extra 10% in the app","Women / Bags, Scarves & More > Women > Bags, Scarves & More",Terra brown | Natural | Rainbow stripe | Black | Black and white,This tote bag is made with a crochet knit cotton outer. Vegan leather shoulder straps. Snap button closure. Inner patch pocket. Certain styles have allover stripes. #876392,Size Guide,Size Guide,19,https://www.gap.com/webcontent/0061/815/552/cn61815552.jpg,https://www.gap.com/webcontent/0061/815/552/cn61815552.jpg | https://www.gap.com/webcontent/0061/815/432/cn61815432.jpg | https://www.gap.com/webcontent/0061/815/051/cn61815051.jpg | https://www.gap.com/webcontent/0061/815/098/cn61815098.jpg | https://www.gap.com/webcontent/0061/572/627/cn61572627.jpg | https://www.gap.com/webcontent/0061/709/193/cn61709193.jpg | https://www.gap.com/webcontent/0061/376/105/cn61376105.jpg | https://www.gap.com/webcontent/0061/572/644/cn61572644.jpg | https://www.gap.com/webcontent/0061/709/172/cn61709172.jpg | https://www.gap.com/webcontent/0061/199/149/cn61199149.jpg | https://www.gap.com/webcontent/0061/518/416/cn61518416.jpg | https://www.gap.com/webcontent/0061/725/431/cn61725431.jpg | https://www.gap.com/webcontent/0061/518/912/cn61518912.jpg | https://www.gap.com/webcontent/0061/322/684/cn61322684.jpg | https://www.gap.com/webcontent/0057/525/117/cn57525117.jpg | https://www.gap.com/webcontent/0061/708/096/cn61708096.jpg | https://www.gap.com/webcontent/0061/121/188/cn61121188.jpg | https://www.gap.com/webcontent/0061/390/207/cn61390207.jpg | https://www.gap.com/webcontent/0061/502/386/cn61502386.jpg,True,"& care Chocolate Brown: 67% Polyester, 21% Cotton, 10% Rayon. Black White Stripe: 74% Polyester, 14% Cotton, 9% Rayon. Black: 68% Polyester, 18% Cotton, 10% Rayon. Natural: 85% Polyester, 7% Cotton, 5% Rayon. Spot clean. Imported. Shipping & returns Customers also viewed Mesh Flats $64.95 $51.00 20% off + extra 10% in the app Flip Flop Sandals $44.95 $35.00 20% off + extra 10% in the app Lace Tights $19.95 $17.00 Extra 10% off in the app Mesh Flats $64.95 $51.00 20% off + extra 10% in the app Flip Flop Sandals $44.95 $35.00 20% off + extra 10% in the app You may also like Straw Tote Bag $79.95 $63.00 20% off + extra 10% in the app Logo Tote Keychain Charm $19.95 $15.00 20% off + extra 10% in the app Straw Bucket Hat $49.95 $39.00 20% off + extra 10% in the app Gap Logo Tote Bag $54.95 $43.00 20% off + extra 10% in the app Eyelet Bandana Scarf $39.95 $31.00 20% off + extra 10% in the app Gap Denim Logo Tote Bag $54.95 $27.00 50% off + extra 10% in the app Gap Logo Tote Bag $54.95 $32.00 40% off + extra 10% in the app Gap Logo Tote Bag $49.95 Extra 10% off in the app Sheer Button-Front Peplum Top $69.95 $55.00 20% off + extra 10% in the app Gap Logo Tote Bag $54.95 $43.00 20% off + extra 10% in the app","& care Chocolate Brown: 67% Polyester, 21% Cotton, 10% Rayon. Black White Stripe: 74% Polyester, 14% Cotton, 9% Rayon. Black: 68% Polyester, 18% Cotton, 10% Rayon. Natural: 85% Polyester, 7% Cotton, 5% Rayon. Spot clean. Imported. Shipping & returns Customers also viewed Mesh Flats $64.95 $51.00 20% off + extra 10% in the app Flip Flop Sandals $44.95 $35.00 20% off + extra 10% in the app Lace Tights $19.95 $17.00 Extra 10% off in the app Mesh Flats $64.95 $51.00 20% off + extra 10% in the app Flip Flop Sandals $44.95 $35.00 20% off + extra 10% in the app You may also like Straw Tote Bag $79.95 $63.00 20% off + extra 10% in the app Logo Tote Keychain Charm $19.95 $15.00 20% off + extra 10% in the app Straw Bucket Hat $49.95 $39.00 20% off + extra 10% in the app Gap Logo Tote Bag $54.95 $43.00 20% off + extra 10% in the app Eyelet Bandana Scarf $39.95 $31.00 20% off + extra 10% in the app Gap Denim Logo Tote Bag $54.95 $27.00 50% off + extra 10% in the app Gap Logo Tote Bag $54.95 $32.00 40% off + extra 10% in the app Gap Logo Tote Bag $49.95 Extra 10% off in the app Sheer Button-Front Peplum Top $69.95 $55.00 20% off + extra 10% in the app Gap Logo Tote Bag $54.95 $43.00 20% off + extra 10% in the app",Crochet Tote Bag,,USD,55.0,69.95,This tote bag is made with a crochet knit cotton outer. Vegan leather shoulder straps. Snap button closure. Inner patch pocket. Certain styles have allover stripes. #876392,876392012,https://www.gap.com/browse/product.do?pid=876392012&vid=1&pcid=3046544&cid=3051538,False,0,,2026-02-22,One Size,876392,
In stock,4.5,,Gap,"100% Cotton. Machine wash cold, gentle cycle. Lay flat to dry. Imported. Shipping & returns Customers also viewed Brannan Bear Sleep Keychain Charm $19.95 $11.00 40% off + extra 10% in the app Brannan Bear Hoodie Keychain Charm $19.95 $11.00 40% off + extra 10% in the app Logo Tote Keychain Charm $19.95 $11.00 40% off + extra 10% in the app Brannan Bear Sweater Keychain Charm $19.95 $11.00 40% off + extra 10% in the app Logo Hoodie Keychain Charm $14.95 $7.00 50% off + extra 10% in the app You may also like Logo Tote Keychain Charm $19.95 $11.00 40% off + extra 10% in the app Brannan Bear Hoodie Keychain Charm $19.95 $11.00 40% off + extra 10% in the app Logo Tote Keychain Charm $19.95 $11.00 40% off + extra 10% in the app Brannan Bear Scarf Keychain Charm $19.95 $9.00 50% off + extra 10% in the app Brannan Bear Nap Hoodie Keychain Charm $19.95 $11.00 40% off + extra 10% in the app Brannan Bear Denim Jacket Keychain Charm $19.95 $13.00 30% off + extra 10% in the app Denim Tote Bag $59.95 $41.00 30% off + extra 10% in the app Logo Tote Keychain Charm $19.95 $11.00 40% off + extra 10% in the app Gap Jeans Keychain Charm $19.95 $11.00 40% off + extra 10% in the app Logo Tote Keychain Charm $19.95 $11.00 40% off + extra 10% in the app","Women / Bags, Scarves & More > Women > Bags, Scarves & More",Off white stripe | Black gingham | Navy polka dot | Primrose pink | Black | Gasoline green | Tangerine | Moonstone blue | Neon pink glow | Havana yellow,"Soft, overdyed cotton tote bag. Shoulder straps. Snap button closure. Outer and inner patch pocket. Embroidered mini Gap arch logo at front. Assorted colors & prints. #876406",Size Guide,Size Guide,19,https://www.gap.com/webcontent/0061/603/953/cn61603953.jpg,https://www.gap.com/webcontent/0061/603/953/cn61603953.jpg | https://www.gap.com/webcontent/0061/604/004/cn61604004.jpg | https://www.gap.com/webcontent/0061/603/957/cn61603957.jpg | https://www.gap.com/webcontent/0061/603/996/cn61603996.jpg | https://www.gap.com/webcontent/0061/456/364/cn61456364.jpg | https://www.gap.com/webcontent/0060/416/018/cn60416018.jpg | https://www.gap.com/webcontent/0061/518/506/cn61518506.jpg | https://www.gap.com/webcontent/0061/519/686/cn61519686.jpg | https://www.gap.com/webcontent/0059/961/291/cn59961291.jpg | https://www.gap.com/webcontent/0059/961/326/cn59961326.jpg | https://www.gap.com/webcontent/0060/519/057/cn60519057.jpg | https://www.gap.com/webcontent/0061/502/307/cn61502307.jpg | https://www.gap.com/webcontent/0061/456/379/cn61456379.jpg | https://www.gap.com/webcontent/0061/456/373/cn61456373.jpg | https://www.gap.com/webcontent/0061/438/679/cn61438679.jpg | https://www.gap.com/webcontent/0060/784/392/cn60784392.jpg | https://www.gap.com/webcontent/0061/518/483/cn61518483.jpg | https://www.gap.com/webcontent/0061/645/883/cn61645883.jpg | https://www.gap.com/webcontent/0061/502/310/cn61502310.jpg,True,"& care 100% Cotton. Machine wash cold, gentle cycle. Lay flat to dry. Imported. Shipping & returns Customers also viewed Brannan Bear Sleep Keychain Charm $19.95 $11.00 40% off + extra 10% in the app Brannan Bear Hoodie Keychain Charm $19.95 $11.00 40% off + extra 10% in the app Logo Tote Keychain Charm $19.95 $11.00 40% off + extra 10% in the app Brannan Bear Sweater Keychain Charm $19.95 $11.00 40% off + extra 10% in the app Logo Hoodie Keychain Charm $14.95 $7.00 50% off + extra 10% in the app You may also like Logo Tote Keychain Charm $19.95 $11.00 40% off + extra 10% in the app Brannan Bear Hoodie Keychain Charm $19.95 $11.00 40% off + extra 10% in the app Logo Tote Keychain Charm $19.95 $11.00 40% off + extra 10% in the app Brannan Bear Scarf Keychain Charm $19.95 $9.00 50% off + extra 10% in the app Brannan Bear Nap Hoodie Keychain Charm $19.95 $11.00 40% off + extra 10% in the app Brannan Bear Denim Jacket Keychain Charm $19.95 $13.00 30% off + extra 10% in the app Denim Tote Bag $59.95 $41.00 30% off + extra 10% in the app Logo Tote Keychain Charm $19.95 $11.00 40% off + extra 10% in the app Gap Jeans Keychain Charm $19.95 $11.00 40% off + extra 10% in the app Logo Tote Keychain Charm $19.95 $11.00 40% off + extra 10% in the app","& care 100% Cotton. Machine wash cold, gentle cycle. Lay flat to dry. Imported. Shipping & returns Customers also viewed Brannan Bear Sleep Keychain Charm $19.95 $11.00 40% off + extra 10% in the app Brannan Bear Hoodie Keychain Charm $19.95 $11.00 40% off + extra 10% in the app Logo Tote Keychain Charm $19.95 $11.00 40% off + extra 10% in the app Brannan Bear Sweater Keychain Charm $19.95 $11.00 40% off + extra 10% in the app Logo Hoodie Keychain Charm $14.95 $7.00 50% off + extra 10% in the app You may also like Logo Tote Keychain Charm $19.95 $11.00 40% off + extra 10% in the app Brannan Bear Hoodie Keychain Charm $19.95 $11.00 40% off + extra 10% in the app Logo Tote Keychain Charm $19.95 $11.00 40% off + extra 10% in the app Brannan Bear Scarf Keychain Charm $19.95 $9.00 50% off + extra 10% in the app Brannan Bear Nap Hoodie Keychain Charm $19.95 $11.00 40% off + extra 10% in the app Brannan Bear Denim Jacket Keychain Charm $19.95 $13.00 30% off + extra 10% in the app Denim Tote Bag $59.95 $41.00 30% off + extra 10% in the app Logo Tote Keychain Charm $19.95 $11.00 40% off + extra 10% in the app Gap Jeans Keychain Charm $19.95 $11.00 40% off + extra 10% in the app Logo Tote Keychain Charm $19.95 $11.00 40% off + extra 10% in the app",Gap Logo Tote Bag,,USD,43.0,54.95,"Soft, overdyed cotton tote bag. Shoulder straps. Snap button closure. Outer and inner patch pocket. Embroidered mini Gap arch logo at front. Assorted colors & prints. #876406",876406002,https://www.gap.com/browse/product.do?pid=876406002&vid=1&pcid=3046544&cid=3051538,False,16,15,2026-02-22,One Size,876406,
In stock,0,,Gap,"Chocolate Brown: 67% Polyester, 21% Cotton, 10% Rayon. Black White Stripe: 74% Polyester, 14% Cotton, 9% Rayon. Black: 68% Polyester, 18% Cotton, 10% Rayon. Natural: 85% Polyester, 7% Cotton, 5% Rayon. Spot clean. Imported. Shipping & returns Customers also viewed Vegan Suede Ballet Flats $59.95 $35.00 40% off + extra 10% in the app Straw Tote Bag $79.95 $63.00 20% off + extra 10% in the app Logo Tote Keychain Charm $19.95 $11.00 40% off + extra 10% in the app Logo Tote Keychain Charm $19.95 $15.00 20% off + extra 10% in the app Gap Logo Tote Bag $59.95 $35.00 40% off + extra 10% in the app You may also like Lace Tights $19.95 $17.00 Extra 10% off in the app Mesh Flats $64.95 $51.00 20% off + extra 10% in the app Gap Logo Tote Bag $54.95 $43.00 20% off + extra 10% in the app Eyelet Bandana Scarf $39.95 $31.00 20% off + extra 10% in the app Gap Logo Tote Bag $54.95 $32.00 40% off + extra 10% in the app Gap Logo Tote Bag $49.95 Extra 10% off in the app Denim Tote Bag $59.95 $47.00 20% off + extra 10% in the app Gap Denim Logo Tote Bag $54.95 $27.00 50% off + extra 10% in the app Gap Logo Tote Bag $54.95 $32.00 40% off + extra 10% in the app Brannan Bear Hoodie Keychain Charm $19.95 $11.00 40% off + extra 10% in the app","Women / Bags, Scarves & More > Women > Bags, Scarves & More",Terra brown | Natural | Rainbow stripe | Black | Black and white,This tote bag is made with a crochet knit cotton outer. Vegan leather shoulder straps. Snap button closure. Inner patch pocket. Certain styles have allover stripes. #876392,Size Guide,Size Guide,20,https://www.gap.com/webcontent/0061/406/098/cn61406098.jpg,https://www.gap.com/webcontent/0061/406/098/cn61406098.jpg | https://www.gap.com/webcontent/0061/725/492/cn61725492.jpg | https://www.gap.com/webcontent/0061/404/748/cn61404748.jpg | https://www.gap.com/webcontent/0061/404/808/cn61404808.jpg | https://www.gap.com/webcontent/0061/219/101/cn61219101.jpg | https://www.gap.com/webcontent/0061/199/149/cn61199149.jpg | https://www.gap.com/webcontent/0061/518/483/cn61518483.jpg | https://www.gap.com/webcontent/0061/518/416/cn61518416.jpg | https://www.gap.com/webcontent/0061/624/045/cn61624045.jpg | https://www.gap.com/webcontent/0061/376/105/cn61376105.jpg | https://www.gap.com/webcontent/0061/572/627/cn61572627.jpg | https://www.gap.com/webcontent/0061/518/912/cn61518912.jpg | https://www.gap.com/webcontent/0061/829/282/cn61829282.jpg | https://www.gap.com/webcontent/0061/502/377/cn61502377.jpg | https://www.gap.com/webcontent/0061/121/188/cn61121188.jpg | https://www.gap.com/webcontent/0060/784/370/cn60784370.jpg | https://www.gap.com/webcontent/0057/525/117/cn57525117.jpg | https://www.gap.com/webcontent/0061/519/158/cn61519158.jpg | https://www.gap.com/webcontent/0060/416/018/cn60416018.jpg | https://cdn.cookielaw.org/logos/e1cf9ab6-fc39-4557-b4ef-4393861dad52/d229a1c3-b8ad-46ad-9bdb-8311fd460a5f/c85f6701-9eae-4a9f-b770-87eee2dae9fc/Logo_color_lockup@3x.png,True,"& care Chocolate Brown: 67% Polyester, 21% Cotton, 10% Rayon. Black White Stripe: 74% Polyester, 14% Cotton, 9% Rayon. Black: 68% Polyester, 18% Cotton, 10% Rayon. Natural: 85% Polyester, 7% Cotton, 5% Rayon. Spot clean. Imported. Shipping & returns Customers also viewed Vegan Suede Ballet Flats $59.95 $35.00 40% off + extra 10% in the app Straw Tote Bag $79.95 $63.00 20% off + extra 10% in the app Logo Tote Keychain Charm $19.95 $11.00 40% off + extra 10% in the app Logo Tote Keychain Charm $19.95 $15.00 20% off + extra 10% in the app Gap Logo Tote Bag $59.95 $35.00 40% off + extra 10% in the app You may also like Lace Tights $19.95 $17.00 Extra 10% off in the app Mesh Flats $64.95 $51.00 20% off + extra 10% in the app Gap Logo Tote Bag $54.95 $43.00 20% off + extra 10% in the app Eyelet Bandana Scarf $39.95 $31.00 20% off + extra 10% in the app Gap Logo Tote Bag $54.95 $32.00 40% off + extra 10% in the app Gap Logo Tote Bag $49.95 Extra 10% off in the app Denim Tote Bag $59.95 $47.00 20% off + extra 10% in the app Gap Denim Logo Tote Bag $54.95 $27.00 50% off + extra 10% in the app Gap Logo Tote Bag $54.95 $32.00 40% off + extra 10% in the app Brannan Bear Hoodie Keychain Charm $19.95 $11.00 40% off + extra 10% in the app","& care Chocolate Brown: 67% Polyester, 21% Cotton, 10% Rayon. Black White Stripe: 74% Polyester, 14% Cotton, 9% Rayon. Black: 68% Polyester, 18% Cotton, 10% Rayon. Natural: 85% Polyester, 7% Cotton, 5% Rayon. Spot clean. Imported. Shipping & returns Customers also viewed Vegan Suede Ballet Flats $59.95 $35.00 40% off + extra 10% in the app Straw Tote Bag $79.95 $63.00 20% off + extra 10% in the app Logo Tote Keychain Charm $19.95 $11.00 40% off + extra 10% in the app Logo Tote Keychain Charm $19.95 $15.00 20% off + extra 10% in the app Gap Logo Tote Bag $59.95 $35.00 40% off + extra 10% in the app You may also like Lace Tights $19.95 $17.00 Extra 10% off in the app Mesh Flats $64.95 $51.00 20% off + extra 10% in the app Gap Logo Tote Bag $54.95 $43.00 20% off + extra 10% in the app Eyelet Bandana Scarf $39.95 $31.00 20% off + extra 10% in the app Gap Logo Tote Bag $54.95 $32.00 40% off + extra 10% in the app Gap Logo Tote Bag $49.95 Extra 10% off in the app Denim Tote Bag $59.95 $47.00 20% off + extra 10% in the app Gap Denim Logo Tote Bag $54.95 $27.00 50% off + extra 10% in the app Gap Logo Tote Bag $54.95 $32.00 40% off + extra 10% in the app Brannan Bear Hoodie Keychain Charm $19.95 $11.00 40% off + extra 10% in the app",Crochet Tote Bag,,USD,55.0,69.95,This tote bag is made with a crochet knit cotton outer. Vegan leather shoulder straps. Snap button closure. Inner patch pocket. Certain styles have allover stripes. #876392,876392042,https://www.gap.com/browse/product.do?pid=876392042&vid=1&pcid=3046544&cid=3051538,False,0,,2026-02-22,One Size,876392,
In stock,4.5,,Gap,"100% Cotton. Machine wash cold, gentle cycle. Lay flat to dry. Imported. Shipping & returns Customers also viewed Logo Tote Keychain Charm $19.95 $11.00 40% off + extra 10% in the app Gap Jeans Keychain Charm $19.95 $11.00 40% off + extra 10% in the app Logo Tote Keychain Charm $19.95 $11.00 40% off + extra 10% in the app Brannan Bear Hoodie Keychain Charm $19.95 $11.00 40% off + extra 10% in the app Logo Tote Keychain Charm $19.95 $11.00 40% off + extra 10% in the app You may also like Logo Tote Keychain Charm $19.95 $11.00 40% off + extra 10% in the app Toy Logo Hoodie $14.95 $7.00 50% off + extra 10% in the app Logo Tote Keychain Charm $19.95 $11.00 40% off + extra 10% in the app Logo Hoodie Keychain Charm $14.95 $7.00 50% off + extra 10% in the app Crochet Tote Bag $69.95 $55.00 20% off + extra 10% in the app Brannan Bear Logo Denim Tote Bag $59.95 $47.00 20% off + extra 10% in the app Brannan Bear Nap Hoodie Keychain Charm $19.95 $11.00 40% off + extra 10% in the app Brannan Bear Sleep Keychain Charm $19.95 $11.00 40% off + extra 10% in the app Logo Tote Keychain Charm $19.95 $11.00 40% off + extra 10% in the app Jelly Thong Sandals $39.95 $31.00 20% off + extra 10% in the app","Women / Bags, Scarves & More > Women > Bags, Scarves & More",Off white stripe | Black gingham | Navy polka dot | Primrose pink | Black | Gasoline green | Tangerine | Moonstone blue | Neon pink glow | Havana yellow,"Soft, overdyed cotton tote bag. Shoulder straps. Snap button closure. Outer and inner patch pocket. Embroidered mini Gap arch logo at front. Assorted colors & prints. #876406",Size Guide,Size Guide,19,https://www.gap.com/webcontent/0061/879/033/cn61879033.jpg,https://www.gap.com/webcontent/0061/879/033/cn61879033.jpg | https://www.gap.com/webcontent/0061/644/654/cn61644654.jpg | https://www.gap.com/webcontent/0061/864/495/cn61864495.jpg | https://www.gap.com/webcontent/0061/518/781/cn61518781.jpg | https://www.gap.com/webcontent/0061/518/483/cn61518483.jpg | https://www.gap.com/webcontent/0061/645/883/cn61645883.jpg | https://www.gap.com/webcontent/0061/502/328/cn61502328.jpg | https://www.gap.com/webcontent/0060/519/057/cn60519057.jpg | https://www.gap.com/webcontent/0061/502/307/cn61502307.jpg | https://www.gap.com/webcontent/0060/260/930/cn60260930.jpg | https://www.gap.com/webcontent/0061/283/108/cn61283108.jpg | https://www.gap.com/webcontent/0061/502/310/cn61502310.jpg | https://www.gap.com/webcontent/0059/961/274/cn59961274.jpg | https://www.gap.com/webcontent/0061/456/250/cn61456250.jpg | https://www.gap.com/webcontent/0060/681/835/cn60681835.jpg | https://www.gap.com/webcontent/0061/456/373/cn61456373.jpg | https://www.gap.com/webcontent/0061/456/364/cn61456364.jpg | https://www.gap.com/webcontent/0061/518/506/cn61518506.jpg | https://www.gap.com/webcontent/0061/791/546/cn61791546.jpg,True,"& care 100% Cotton. Machine wash cold, gentle cycle. Lay flat to dry. Imported. Shipping & returns Customers also viewed Logo Tote Keychain Charm $19.95 $11.00 40% off + extra 10% in the app Gap Jeans Keychain Charm $19.95 $11.00 40% off + extra 10% in the app Logo Tote Keychain Charm $19.95 $11.00 40% off + extra 10% in the app Brannan Bear Hoodie Keychain Charm $19.95 $11.00 40% off + extra 10% in the app Logo Tote Keychain Charm $19.95 $11.00 40% off + extra 10% in the app You may also like Logo Tote Keychain Charm $19.95 $11.00 40% off + extra 10% in the app Toy Logo Hoodie $14.95 $7.00 50% off + extra 10% in the app Logo Tote Keychain Charm $19.95 $11.00 40% off + extra 10% in the app Logo Hoodie Keychain Charm $14.95 $7.00 50% off + extra 10% in the app Crochet Tote Bag $69.95 $55.00 20% off + extra 10% in the app Brannan Bear Logo Denim Tote Bag $59.95 $47.00 20% off + extra 10% in the app Brannan Bear Nap Hoodie Keychain Charm $19.95 $11.00 40% off + extra 10% in the app Brannan Bear Sleep Keychain Charm $19.95 $11.00 40% off + extra 10% in the app Logo Tote Keychain Charm $19.95 $11.00 40% off + extra 10% in the app Jelly Thong Sandals $39.95 $31.00 20% off + extra 10% in the app","& care 100% Cotton. Machine wash cold, gentle cycle. Lay flat to dry. Imported. Shipping & returns Customers also viewed Logo Tote Keychain Charm $19.95 $11.00 40% off + extra 10% in the app Gap Jeans Keychain Charm $19.95 $11.00 40% off + extra 10% in the app Logo Tote Keychain Charm $19.95 $11.00 40% off + extra 10% in the app Brannan Bear Hoodie Keychain Charm $19.95 $11.00 40% off + extra 10% in the app Logo Tote Keychain Charm $19.95 $11.00 40% off + extra 10% in the app You may also like Logo Tote Keychain Charm $19.95 $11.00 40% off + extra 10% in the app Toy Logo Hoodie $14.95 $7.00 50% off + extra 10% in the app Logo Tote Keychain Charm $19.95 $11.00 40% off + extra 10% in the app Logo Hoodie Keychain Charm $14.95 $7.00 50% off + extra 10% in the app Crochet Tote Bag $69.95 $55.00 20% off + extra 10% in the app Brannan Bear Logo Denim Tote Bag $59.95 $47.00 20% off + extra 10% in the app Brannan Bear Nap Hoodie Keychain Charm $19.95 $11.00 40% off + extra 10% in the app Brannan Bear Sleep Keychain Charm $19.95 $11.00 40% off + extra 10% in the app Logo Tote Keychain Charm $19.95 $11.00 40% off + extra 10% in the app Jelly Thong Sandals $39.95 $31.00 20% off + extra 10% in the app",Gap Logo Tote Bag,,USD,19.95,59.95,"Soft, overdyed cotton tote bag. Shoulder straps. Snap button closure. Outer and inner patch pocket. Embroidered mini Gap arch logo at front. Assorted colors & prints. #876406",876406082,https://www.gap.com/browse/product.do?pid=876406082&vid=1&pcid=3046544&cid=3046544,False,16,15,2026-02-22,One Size,876406,
In stock,4.5,,Gap,"100% Cotton. Machine wash cold, gentle cycle. Lay flat to dry. Imported. Shipping & returns Customers also viewed Brannan Bear Hoodie Keychain Charm $19.95 $11.00 40% off + extra 10% in the app Brannan Bear Scarf Keychain Charm $19.95 $9.00 50% off + extra 10% in the app Brannan Bear Hoodie Keychain Charm $19.95 $17.00 Extra 10% off in the app Brannan Bear Denim Jacket Keychain Charm $19.95 $13.00 30% off + extra 10% in the app Brannan Bear Hoodie Keychain Charm $19.95 $11.00 40% off + extra 10% in the app You may also like Logo Hoodie Keychain Charm $14.95 $7.00 50% off + extra 10% in the app Brannan Bear Sweater Keychain Charm $19.95 $11.00 40% off + extra 10% in the app Logo Tote Keychain Charm $19.95 $11.00 40% off + extra 10% in the app Brannan Bear Nap Hoodie Keychain Charm $19.95 $11.00 40% off + extra 10% in the app Brannan Bear Sleep Keychain Charm $19.95 $11.00 40% off + extra 10% in the app Logo Tote Keychain Charm $19.95 $11.00 40% off + extra 10% in the app Toy Logo Hoodie $14.95 $7.00 50% off + extra 10% in the app Gap Jeans Keychain Charm $19.95 $11.00 40% off + extra 10% in the app Logo Tote Keychain Charm $19.95 $11.00 40% off + extra 10% in the app Toy Logo Hoodie $14.95 $7.00 50% off + extra 10% in the app","Women / Bags, Scarves & More > Women > Bags, Scarves & More",Off white stripe | Black gingham | Navy polka dot | Primrose pink | Black | Gasoline green | Tangerine | Moonstone blue | Neon pink glow | Havana yellow,"Soft, overdyed cotton tote bag. Shoulder straps. Snap button closure. Outer and inner patch pocket. Embroidered mini Gap arch logo at front. Assorted colors & prints. #876406",Size Guide,Size Guide,19,https://www.gap.com/webcontent/0061/518/912/cn61518912.jpg,https://www.gap.com/webcontent/0061/518/912/cn61518912.jpg | https://www.gap.com/webcontent/0061/874/798/cn61874798.jpg | https://www.gap.com/webcontent/0061/518/929/cn61518929.jpg | https://www.gap.com/webcontent/0061/518/979/cn61518979.jpg | https://www.gap.com/webcontent/0060/519/057/cn60519057.jpg | https://www.gap.com/webcontent/0061/456/379/cn61456379.jpg | https://www.gap.com/webcontent/0060/625/989/cn60625989.jpg | https://www.gap.com/webcontent/0061/438/679/cn61438679.jpg | https://www.gap.com/webcontent/0060/416/018/cn60416018.jpg | https://www.gap.com/webcontent/0059/961/291/cn59961291.jpg | https://www.gap.com/webcontent/0061/519/686/cn61519686.jpg | https://www.gap.com/webcontent/0061/518/506/cn61518506.jpg | https://www.gap.com/webcontent/0061/456/373/cn61456373.jpg | https://www.gap.com/webcontent/0061/456/364/cn61456364.jpg | https://www.gap.com/webcontent/0061/520/379/cn61520379.jpg | https://www.gap.com/webcontent/0061/283/007/cn61283007.jpg | https://www.gap.com/webcontent/0061/645/883/cn61645883.jpg | https://www.gap.com/webcontent/0061/518/485/cn61518485.jpg | https://www.gap.com/webcontent/0061/283/108/cn61283108.jpg,True,"& care 100% Cotton. Machine wash cold, gentle cycle. Lay flat to dry. Imported. Shipping & returns Customers also viewed Brannan Bear Hoodie Keychain Charm $19.95 $11.00 40% off + extra 10% in the app Brannan Bear Scarf Keychain Charm $19.95 $9.00 50% off + extra 10% in the app Brannan Bear Hoodie Keychain Charm $19.95 $17.00 Extra 10% off in the app Brannan Bear Denim Jacket Keychain Charm $19.95 $13.00 30% off + extra 10% in the app Brannan Bear Hoodie Keychain Charm $19.95 $11.00 40% off + extra 10% in the app You may also like Logo Hoodie Keychain Charm $14.95 $7.00 50% off + extra 10% in the app Brannan Bear Sweater Keychain Charm $19.95 $11.00 40% off + extra 10% in the app Logo Tote Keychain Charm $19.95 $11.00 40% off + extra 10% in the app Brannan Bear Nap Hoodie Keychain Charm $19.95 $11.00 40% off + extra 10% in the app Brannan Bear Sleep Keychain Charm $19.95 $11.00 40% off + extra 10% in the app Logo Tote Keychain Charm $19.95 $11.00 40% off + extra 10% in the app Toy Logo Hoodie $14.95 $7.00 50% off + extra 10% in the app Gap Jeans Keychain Charm $19.95 $11.00 40% off + extra 10% in the app Logo Tote Keychain Charm $19.95 $11.00 40% off + extra 10% in the app Toy Logo Hoodie $14.95 $7.00 50% off + extra 10% in the app","& care 100% Cotton. Machine wash cold, gentle cycle. Lay flat to dry. Imported. Shipping & returns Customers also viewed Brannan Bear Hoodie Keychain Charm $19.95 $11.00 40% off + extra 10% in the app Brannan Bear Scarf Keychain Charm $19.95 $9.00 50% off + extra 10% in the app Brannan Bear Hoodie Keychain Charm $19.95 $17.00 Extra 10% off in the app Brannan Bear Denim Jacket Keychain Charm $19.95 $13.00 30% off + extra 10% in the app Brannan Bear Hoodie Keychain Charm $19.95 $11.00 40% off + extra 10% in the app You may also like Logo Hoodie Keychain Charm $14.95 $7.00 50% off + extra 10% in the app Brannan Bear Sweater Keychain Charm $19.95 $11.00 40% off + extra 10% in the app Logo Tote Keychain Charm $19.95 $11.00 40% off + extra 10% in the app Brannan Bear Nap Hoodie Keychain Charm $19.95 $11.00 40% off + extra 10% in the app Brannan Bear Sleep Keychain Charm $19.95 $11.00 40% off + extra 10% in the app Logo Tote Keychain Charm $19.95 $11.00 40% off + extra 10% in the app Toy Logo Hoodie $14.95 $7.00 50% off + extra 10% in the app Gap Jeans Keychain Charm $19.95 $11.00 40% off + extra 10% in the app Logo Tote Keychain Charm $19.95 $11.00 40% off + extra 10% in the app Toy Logo Hoodie $14.95 $7.00 50% off + extra 10% in the app",Gap Logo Tote Bag,,USD,43.0,54.95,"Soft, overdyed cotton tote bag. Shoulder straps. Snap button closure. Outer and inner patch pocket. Embroidered mini Gap arch logo at front. Assorted colors & prints. #876406",876406102,https://www.gap.com/browse/product.do?pid=876406102&vid=1&pcid=3046544&cid=3046544,False,16,15,2026-02-22,One Size,876406,
In stock,4.5,,Gap,"100% Cotton. Machine wash cold, gentle cycle. Lay flat to dry. Imported. Shipping & returns Customers also viewed Brannan Bear Sleep Keychain Charm $19.95 $11.00 40% off + extra 10% in the app Brannan Bear Hoodie Keychain Charm $19.95 $11.00 40% off + extra 10% in the app Logo Tote Keychain Charm $19.95 $11.00 40% off + extra 10% in the app Brannan Bear Hoodie Keychain Charm $19.95 $11.00 40% off + extra 10% in the app Logo Tote Keychain Charm $19.95 $11.00 40% off + extra 10% in the app You may also like Logo Hoodie Keychain Charm $14.95 $7.00 50% off + extra 10% in the app Brannan Bear Nap Hoodie Keychain Charm $19.95 $11.00 40% off + extra 10% in the app Brannan Bear Sweater Keychain Charm $19.95 $11.00 40% off + extra 10% in the app Brannan Bear Scarf Keychain Charm $19.95 $9.00 50% off + extra 10% in the app Brannan Bear Hoodie Keychain Charm $19.95 $17.00 Extra 10% off in the app Logo Tote Keychain Charm $19.95 $11.00 40% off + extra 10% in the app Denim Tote Bag $59.95 $41.00 30% off + extra 10% in the app Logo Tote Keychain Charm $19.95 $11.00 40% off + extra 10% in the app Gap Jeans Keychain Charm $19.95 $11.00 40% off + extra 10% in the app Logo Tote Keychain Charm $19.95 $11.00 40% off + extra 10% in the app","Women / Bags, Scarves & More > Women > Bags, Scarves & More",Off white stripe | Black gingham | Navy polka dot | Primrose pink | Black | Gasoline green | Tangerine | Moonstone blue | Neon pink glow | Havana yellow,"Soft, overdyed cotton tote bag. Shoulder straps. Snap button closure. Outer and inner patch pocket. Embroidered mini Gap arch logo at front. Assorted colors & prints. #876406",Size Guide,Size Guide,19,https://www.gap.com/webcontent/0061/708/096/cn61708096.jpg,https://www.gap.com/webcontent/0061/708/096/cn61708096.jpg | https://www.gap.com/webcontent/0061/708/117/cn61708117.jpg | https://www.gap.com/webcontent/0061/708/099/cn61708099.jpg | https://www.gap.com/webcontent/0061/708/100/cn61708100.jpg | https://www.gap.com/webcontent/0061/456/364/cn61456364.jpg | https://www.gap.com/webcontent/0060/416/018/cn60416018.jpg | https://www.gap.com/webcontent/0061/518/506/cn61518506.jpg | https://www.gap.com/webcontent/0060/519/057/cn60519057.jpg | https://www.gap.com/webcontent/0061/502/307/cn61502307.jpg | https://www.gap.com/webcontent/0059/961/291/cn59961291.jpg | https://www.gap.com/webcontent/0061/456/373/cn61456373.jpg | https://www.gap.com/webcontent/0061/519/686/cn61519686.jpg | https://www.gap.com/webcontent/0061/456/379/cn61456379.jpg | https://www.gap.com/webcontent/0060/625/989/cn60625989.jpg | https://www.gap.com/webcontent/0061/520/379/cn61520379.jpg | https://www.gap.com/webcontent/0060/784/392/cn60784392.jpg | https://www.gap.com/webcontent/0061/502/310/cn61502310.jpg | https://www.gap.com/webcontent/0061/645/883/cn61645883.jpg | https://www.gap.com/webcontent/0061/518/483/cn61518483.jpg,True,"& care 100% Cotton. Machine wash cold, gentle cycle. Lay flat to dry. Imported. Shipping & returns Customers also viewed Brannan Bear Sleep Keychain Charm $19.95 $11.00 40% off + extra 10% in the app Brannan Bear Hoodie Keychain Charm $19.95 $11.00 40% off + extra 10% in the app Logo Tote Keychain Charm $19.95 $11.00 40% off + extra 10% in the app Brannan Bear Hoodie Keychain Charm $19.95 $11.00 40% off + extra 10% in the app Logo Tote Keychain Charm $19.95 $11.00 40% off + extra 10% in the app You may also like Logo Hoodie Keychain Charm $14.95 $7.00 50% off + extra 10% in the app Brannan Bear Nap Hoodie Keychain Charm $19.95 $11.00 40% off + extra 10% in the app Brannan Bear Sweater Keychain Charm $19.95 $11.00 40% off + extra 10% in the app Brannan Bear Scarf Keychain Charm $19.95 $9.00 50% off + extra 10% in the app Brannan Bear Hoodie Keychain Charm $19.95 $17.00 Extra 10% off in the app Logo Tote Keychain Charm $19.95 $11.00 40% off + extra 10% in the app Denim Tote Bag $59.95 $41.00 30% off + extra 10% in the app Logo Tote Keychain Charm $19.95 $11.00 40% off + extra 10% in the app Gap Jeans Keychain Charm $19.95 $11.00 40% off + extra 10% in the app Logo Tote Keychain Charm $19.95 $11.00 40% off + extra 10% in the app","& care 100% Cotton. Machine wash cold, gentle cycle. Lay flat to dry. Imported. Shipping & returns Customers also viewed Brannan Bear Sleep Keychain Charm $19.95 $11.00 40% off + extra 10% in the app Brannan Bear Hoodie Keychain Charm $19.95 $11.00 40% off + extra 10% in the app Logo Tote Keychain Charm $19.95 $11.00 40% off + extra 10% in the app Brannan Bear Hoodie Keychain Charm $19.95 $11.00 40% off + extra 10% in the app Logo Tote Keychain Charm $19.95 $11.00 40% off + extra 10% in the app You may also like Logo Hoodie Keychain Charm $14.95 $7.00 50% off + extra 10% in the app Brannan Bear Nap Hoodie Keychain Charm $19.95 $11.00 40% off + extra 10% in the app Brannan Bear Sweater Keychain Charm $19.95 $11.00 40% off + extra 10% in the app Brannan Bear Scarf Keychain Charm $19.95 $9.00 50% off + extra 10% in the app Brannan Bear Hoodie Keychain Charm $19.95 $17.00 Extra 10% off in the app Logo Tote Keychain Charm $19.95 $11.00 40% off + extra 10% in the app Denim Tote Bag $59.95 $41.00 30% off + extra 10% in the app Logo Tote Keychain Charm $19.95 $11.00 40% off + extra 10% in the app Gap Jeans Keychain Charm $19.95 $11.00 40% off + extra 10% in the app Logo Tote Keychain Charm $19.95 $11.00 40% off + extra 10% in the app",Gap Logo Tote Bag,,USD,32.0,54.95,"Soft, overdyed cotton tote bag. Shoulder straps. Snap button closure. Outer and inner patch pocket. Embroidered mini Gap arch logo at front. Assorted colors & prints. #876406",876406062,https://www.gap.com/browse/product.do?pid=876406062&vid=1&pcid=3046544&cid=3051538,False,16,15,2026-02-22,One Size,876406,
In stock,4.5,,Gap,"100% Cotton. Machine wash cold, gentle cycle. Lay flat to dry. Imported. Shipping & returns Customers also viewed Brannan Bear Hoodie Keychain Charm $19.95 $11.00 40% off + extra 10% in the app Brannan Bear T-Shirt Keychain Charm $19.95 $9.00 50% off + extra 10% in the app Logo Tote Keychain Charm $19.95 $11.00 40% off + extra 10% in the app Gap Jeans Keychain Charm $19.95 $11.00 40% off + extra 10% in the app Logo Tote Keychain Charm $19.95 $11.00 40% off + extra 10% in the app You may also like Logo Tote Keychain Charm $19.95 $11.00 40% off + extra 10% in the app Brannan Bear Sleep Keychain Charm $19.95 $11.00 40% off + extra 10% in the app Toy Logo Hoodie $14.95 $7.00 50% off + extra 10% in the app Brannan Bear Sweater Keychain Charm $19.95 $11.00 40% off + extra 10% in the app Logo Hoodie Keychain Charm $14.95 $7.00 50% off + extra 10% in the app Logo Tote Keychain Charm $19.95 $11.00 40% off + extra 10% in the app Gap Logo Tote Bag $49.95 Extra 10% off in the app Logo Tote Keychain Charm $19.95 $11.00 40% off + extra 10% in the app Denim Stripe Tote Bag $54.95 Extra 10% off in the app Logo Tote Keychain Charm $19.95 $11.00 40% off + extra 10% in the app","Women / Bags, Scarves & More > Women > Bags, Scarves & More",Off white stripe | Black gingham | Navy polka dot | Primrose pink | Black | Gasoline green | Tangerine | Moonstone blue | Neon pink glow | Havana yellow,"Soft, overdyed cotton tote bag. Shoulder straps. Snap button closure. Outer and inner patch pocket. Embroidered mini Gap arch logo at front. Assorted colors & prints. #876406",Size Guide,Size Guide,19,https://www.gap.com/webcontent/0061/518/883/cn61518883.jpg,https://www.gap.com/webcontent/0061/518/883/cn61518883.jpg | https://www.gap.com/webcontent/0061/624/087/cn61624087.jpg | https://www.gap.com/webcontent/0061/518/757/cn61518757.jpg | https://www.gap.com/webcontent/0061/518/774/cn61518774.jpg | https://www.gap.com/webcontent/0060/519/057/cn60519057.jpg | https://www.gap.com/webcontent/0061/645/812/cn61645812.jpg | https://www.gap.com/webcontent/0059/961/297/cn59961297.jpg | https://www.gap.com/webcontent/0061/645/883/cn61645883.jpg | https://www.gap.com/webcontent/0061/520/379/cn61520379.jpg | https://www.gap.com/webcontent/0060/260/930/cn60260930.jpg | https://www.gap.com/webcontent/0061/456/364/cn61456364.jpg | https://www.gap.com/webcontent/0061/283/108/cn61283108.jpg | https://www.gap.com/webcontent/0061/519/686/cn61519686.jpg | https://www.gap.com/webcontent/0059/961/274/cn59961274.jpg | https://www.gap.com/webcontent/0061/502/307/cn61502307.jpg | https://www.gap.com/webcontent/0061/121/188/cn61121188.jpg | https://www.gap.com/webcontent/0061/518/506/cn61518506.jpg | https://www.gap.com/webcontent/0057/498/615/cn57498615.jpg | https://www.gap.com/webcontent/0061/518/423/cn61518423.jpg,True,"& care 100% Cotton. Machine wash cold, gentle cycle. Lay flat to dry. Imported. Shipping & returns Customers also viewed Brannan Bear Hoodie Keychain Charm $19.95 $11.00 40% off + extra 10% in the app Brannan Bear T-Shirt Keychain Charm $19.95 $9.00 50% off + extra 10% in the app Logo Tote Keychain Charm $19.95 $11.00 40% off + extra 10% in the app Gap Jeans Keychain Charm $19.95 $11.00 40% off + extra 10% in the app Logo Tote Keychain Charm $19.95 $11.00 40% off + extra 10% in the app You may also like Logo Tote Keychain Charm $19.95 $11.00 40% off + extra 10% in the app Brannan Bear Sleep Keychain Charm $19.95 $11.00 40% off + extra 10% in the app Toy Logo Hoodie $14.95 $7.00 50% off + extra 10% in the app Brannan Bear Sweater Keychain Charm $19.95 $11.00 40% off + extra 10% in the app Logo Hoodie Keychain Charm $14.95 $7.00 50% off + extra 10% in the app Logo Tote Keychain Charm $19.95 $11.00 40% off + extra 10% in the app Gap Logo Tote Bag $49.95 Extra 10% off in the app Logo Tote Keychain Charm $19.95 $11.00 40% off + extra 10% in the app Denim Stripe Tote Bag $54.95 Extra 10% off in the app Logo Tote Keychain Charm $19.95 $11.00 40% off + extra 10% in the app","& care 100% Cotton. Machine wash cold, gentle cycle. Lay flat to dry. Imported. Shipping & returns Customers also viewed Brannan Bear Hoodie Keychain Charm $19.95 $11.00 40% off + extra 10% in the app Brannan Bear T-Shirt Keychain Charm $19.95 $9.00 50% off + extra 10% in the app Logo Tote Keychain Charm $19.95 $11.00 40% off + extra 10% in the app Gap Jeans Keychain Charm $19.95 $11.00 40% off + extra 10% in the app Logo Tote Keychain Charm $19.95 $11.00 40% off + extra 10% in the app You may also like Logo Tote Keychain Charm $19.95 $11.00 40% off + extra 10% in the app Brannan Bear Sleep Keychain Charm $19.95 $11.00 40% off + extra 10% in the app Toy Logo Hoodie $14.95 $7.00 50% off + extra 10% in the app Brannan Bear Sweater Keychain Charm $19.95 $11.00 40% off + extra 10% in the app Logo Hoodie Keychain Charm $14.95 $7.00 50% off + extra 10% in the app Logo Tote Keychain Charm $19.95 $11.00 40% off + extra 10% in the app Gap Logo Tote Bag $49.95 Extra 10% off in the app Logo Tote Keychain Charm $19.95 $11.00 40% off + extra 10% in the app Denim Stripe Tote Bag $54.95 Extra 10% off in the app Logo Tote Keychain Charm $19.95 $11.00 40% off + extra 10% in the app",Gap Logo Tote Bag,,USD,19.95,59.95,"Soft, overdyed cotton tote bag. Shoulder straps. Snap button closure. Outer and inner patch pocket. Embroidered mini Gap arch logo at front. Assorted colors & prints. #876406",876406032,https://www.gap.com/browse/product.do?pid=876406032&vid=1&pcid=3046544&cid=3046544,False,16,15,2026-02-22,One Size,876406,
In stock,4.5,,Gap,"100% Cotton. Machine wash cold, gentle cycle. Lay flat to dry. Imported. Shipping & returns Customers also viewed Brannan Bear Hoodie Keychain Charm $19.95 $11.00 40% off + extra 10% in the app Brannan Bear Sleep Keychain Charm $19.95 $11.00 40% off + extra 10% in the app Brannan Bear Hoodie Keychain Charm $19.95 $11.00 40% off + extra 10% in the app Brannan Bear Scarf Keychain Charm $19.95 $9.00 50% off + extra 10% in the app Logo Tote Keychain Charm $19.95 $11.00 40% off + extra 10% in the app You may also like Brannan Bear Sweater Keychain Charm $19.95 $11.00 40% off + extra 10% in the app Logo Tote Keychain Charm $19.95 $11.00 40% off + extra 10% in the app Logo Hoodie Keychain Charm $14.95 $7.00 50% off + extra 10% in the app Brannan Bear Nap Hoodie Keychain Charm $19.95 $11.00 40% off + extra 10% in the app Logo Tote Keychain Charm $19.95 $11.00 40% off + extra 10% in the app Brannan Bear T-Shirt Keychain Charm $19.95 $9.00 50% off + extra 10% in the app Logo Tote Keychain Charm $19.95 $11.00 40% off + extra 10% in the app Gap Jeans Keychain Charm $19.95 $11.00 40% off + extra 10% in the app Brannan Bear Logo Denim Tote Bag $59.95 $47.00 20% off + extra 10% in the app Logo Tote Keychain Charm $19.95 $11.00 40% off + extra 10% in the app","Women / Bags, Scarves & More > Women > Bags, Scarves & More",Off white stripe | Black gingham | Navy polka dot | Primrose pink | Black | Gasoline green | Tangerine | Moonstone blue | Neon pink glow | Havana yellow,"Soft, overdyed cotton tote bag. Shoulder straps. Snap button closure. Outer and inner patch pocket. Embroidered mini Gap arch logo at front. Assorted colors & prints. #876406",Size Guide,Size Guide,19,https://www.gap.com/webcontent/0061/603/956/cn61603956.jpg,https://www.gap.com/webcontent/0061/603/956/cn61603956.jpg | https://www.gap.com/webcontent/0061/604/014/cn61604014.jpg | https://www.gap.com/webcontent/0061/603/983/cn61603983.jpg | https://www.gap.com/webcontent/0061/604/009/cn61604009.jpg | https://www.gap.com/webcontent/0060/519/057/cn60519057.jpg | https://www.gap.com/webcontent/0061/456/364/cn61456364.jpg | https://www.gap.com/webcontent/0060/416/018/cn60416018.jpg | https://www.gap.com/webcontent/0061/456/379/cn61456379.jpg | https://www.gap.com/webcontent/0061/518/506/cn61518506.jpg | https://www.gap.com/webcontent/0061/519/686/cn61519686.jpg | https://www.gap.com/webcontent/0059/961/294/cn59961294.jpg | https://www.gap.com/webcontent/0059/961/291/cn59961291.jpg | https://www.gap.com/webcontent/0061/456/373/cn61456373.jpg | https://www.gap.com/webcontent/0061/502/307/cn61502307.jpg | https://www.gap.com/webcontent/0061/645/812/cn61645812.jpg | https://www.gap.com/webcontent/0061/518/483/cn61518483.jpg | https://www.gap.com/webcontent/0061/645/883/cn61645883.jpg | https://www.gap.com/webcontent/0060/681/835/cn60681835.jpg | https://www.gap.com/webcontent/0061/502/310/cn61502310.jpg,True,"& care 100% Cotton. Machine wash cold, gentle cycle. Lay flat to dry. Imported. Shipping & returns Customers also viewed Brannan Bear Hoodie Keychain Charm $19.95 $11.00 40% off + extra 10% in the app Brannan Bear Sleep Keychain Charm $19.95 $11.00 40% off + extra 10% in the app Brannan Bear Hoodie Keychain Charm $19.95 $11.00 40% off + extra 10% in the app Brannan Bear Scarf Keychain Charm $19.95 $9.00 50% off + extra 10% in the app Logo Tote Keychain Charm $19.95 $11.00 40% off + extra 10% in the app You may also like Brannan Bear Sweater Keychain Charm $19.95 $11.00 40% off + extra 10% in the app Logo Tote Keychain Charm $19.95 $11.00 40% off + extra 10% in the app Logo Hoodie Keychain Charm $14.95 $7.00 50% off + extra 10% in the app Brannan Bear Nap Hoodie Keychain Charm $19.95 $11.00 40% off + extra 10% in the app Logo Tote Keychain Charm $19.95 $11.00 40% off + extra 10% in the app Brannan Bear T-Shirt Keychain Charm $19.95 $9.00 50% off + extra 10% in the app Logo Tote Keychain Charm $19.95 $11.00 40% off + extra 10% in the app Gap Jeans Keychain Charm $19.95 $11.00 40% off + extra 10% in the app Brannan Bear Logo Denim Tote Bag $59.95 $47.00 20% off + extra 10% in the app Logo Tote Keychain Charm $19.95 $11.00 40% off + extra 10% in the app","& care 100% Cotton. Machine wash cold, gentle cycle. Lay flat to dry. Imported. Shipping & returns Customers also viewed Brannan Bear Hoodie Keychain Charm $19.95 $11.00 40% off + extra 10% in the app Brannan Bear Sleep Keychain Charm $19.95 $11.00 40% off + extra 10% in the app Brannan Bear Hoodie Keychain Charm $19.95 $11.00 40% off + extra 10% in the app Brannan Bear Scarf Keychain Charm $19.95 $9.00 50% off + extra 10% in the app Logo Tote Keychain Charm $19.95 $11.00 40% off + extra 10% in the app You may also like Brannan Bear Sweater Keychain Charm $19.95 $11.00 40% off + extra 10% in the app Logo Tote Keychain Charm $19.95 $11.00 40% off + extra 10% in the app Logo Hoodie Keychain Charm $14.95 $7.00 50% off + extra 10% in the app Brannan Bear Nap Hoodie Keychain Charm $19.95 $11.00 40% off + extra 10% in the app Logo Tote Keychain Charm $19.95 $11.00 40% off + extra 10% in the app Brannan Bear T-Shirt Keychain Charm $19.95 $9.00 50% off + extra 10% in the app Logo Tote Keychain Charm $19.95 $11.00 40% off + extra 10% in the app Gap Jeans Keychain Charm $19.95 $11.00 40% off + extra 10% in the app Brannan Bear Logo Denim Tote Bag $59.95 $47.00 20% off + extra 10% in the app Logo Tote Keychain Charm $19.95 $11.00 40% off + extra 10% in the app",Gap Logo Tote Bag,,USD,19.95,59.95,"Soft, overdyed cotton tote bag. Shoulder straps. Snap button closure. Outer and inner patch pocket. Embroidered mini Gap arch logo at front. Assorted colors & prints. #876406",876406112,https://www.gap.com/browse/product.do?pid=876406112&vid=1&pcid=3046544&cid=3046544,False,16,15,2026-02-22,One Size,876406,
In stock,4.5,,Gap,"100% Cotton. Machine wash cold, gentle cycle. Lay flat to dry. Imported. Shipping & returns Customers also viewed Brannan Bear Sleep Keychain Charm $19.95 $11.00 40% off + extra 10% in the app Logo Tote Keychain Charm $19.95 $11.00 40% off + extra 10% in the app Brannan Bear Sweater Keychain Charm $19.95 $11.00 40% off + extra 10% in the app Brannan Bear Hoodie Keychain Charm $19.95 $11.00 40% off + extra 10% in the app Logo Tote Keychain Charm $19.95 $11.00 40% off + extra 10% in the app You may also like Brannan Bear Hoodie Keychain Charm $19.95 $11.00 40% off + extra 10% in the app Logo Tote Keychain Charm $19.95 $11.00 40% off + extra 10% in the app Logo Hoodie Keychain Charm $14.95 $7.00 50% off + extra 10% in the app Brannan Bear Scarf Keychain Charm $19.95 $9.00 50% off + extra 10% in the app Logo Tote Keychain Charm $19.95 $11.00 40% off + extra 10% in the app Brannan Bear Nap Hoodie Keychain Charm $19.95 $11.00 40% off + extra 10% in the app Gap Jeans Keychain Charm $19.95 $11.00 40% off + extra 10% in the app Toy Logo Hoodie $14.95 $7.00 50% off + extra 10% in the app Logo Tote Keychain Charm $19.95 $11.00 40% off + extra 10% in the app Toy Logo Hoodie $14.95 $7.00 50% off + extra 10% in the app","Women / Bags, Scarves & More > Women > Bags, Scarves & More",Off white stripe | Black gingham | Navy polka dot | Primrose pink | Black | Gasoline green | Tangerine | Moonstone blue | Neon pink glow | Havana yellow,"Soft, overdyed cotton tote bag. Shoulder straps. Snap button closure. Outer and inner patch pocket. Embroidered mini Gap arch logo at front. Assorted colors & prints. #876406",Size Guide,Size Guide,19,https://www.gap.com/webcontent/0061/502/377/cn61502377.jpg,https://www.gap.com/webcontent/0061/502/377/cn61502377.jpg | https://www.gap.com/webcontent/0061/578/294/cn61578294.jpg | https://www.gap.com/webcontent/0061/501/908/cn61501908.jpg | https://www.gap.com/webcontent/0061/501/945/cn61501945.jpg | https://www.gap.com/webcontent/0061/456/364/cn61456364.jpg | https://www.gap.com/webcontent/0061/518/506/cn61518506.jpg | https://www.gap.com/webcontent/0061/519/686/cn61519686.jpg | https://www.gap.com/webcontent/0060/519/057/cn60519057.jpg | https://www.gap.com/webcontent/0059/961/326/cn59961326.jpg | https://www.gap.com/webcontent/0060/416/018/cn60416018.jpg | https://www.gap.com/webcontent/0061/502/307/cn61502307.jpg | https://www.gap.com/webcontent/0059/961/291/cn59961291.jpg | https://www.gap.com/webcontent/0061/456/379/cn61456379.jpg | https://www.gap.com/webcontent/0061/502/328/cn61502328.jpg | https://www.gap.com/webcontent/0061/456/373/cn61456373.jpg | https://www.gap.com/webcontent/0061/645/883/cn61645883.jpg | https://www.gap.com/webcontent/0061/283/108/cn61283108.jpg | https://www.gap.com/webcontent/0061/518/485/cn61518485.jpg | https://www.gap.com/webcontent/0061/283/007/cn61283007.jpg,True,"& care 100% Cotton. Machine wash cold, gentle cycle. Lay flat to dry. Imported. Shipping & returns Customers also viewed Brannan Bear Sleep Keychain Charm $19.95 $11.00 40% off + extra 10% in the app Logo Tote Keychain Charm $19.95 $11.00 40% off + extra 10% in the app Brannan Bear Sweater Keychain Charm $19.95 $11.00 40% off + extra 10% in the app Brannan Bear Hoodie Keychain Charm $19.95 $11.00 40% off + extra 10% in the app Logo Tote Keychain Charm $19.95 $11.00 40% off + extra 10% in the app You may also like Brannan Bear Hoodie Keychain Charm $19.95 $11.00 40% off + extra 10% in the app Logo Tote Keychain Charm $19.95 $11.00 40% off + extra 10% in the app Logo Hoodie Keychain Charm $14.95 $7.00 50% off + extra 10% in the app Brannan Bear Scarf Keychain Charm $19.95 $9.00 50% off + extra 10% in the app Logo Tote Keychain Charm $19.95 $11.00 40% off + extra 10% in the app Brannan Bear Nap Hoodie Keychain Charm $19.95 $11.00 40% off + extra 10% in the app Gap Jeans Keychain Charm $19.95 $11.00 40% off + extra 10% in the app Toy Logo Hoodie $14.95 $7.00 50% off + extra 10% in the app Logo Tote Keychain Charm $19.95 $11.00 40% off + extra 10% in the app Toy Logo Hoodie $14.95 $7.00 50% off + extra 10% in the app","& care 100% Cotton. Machine wash cold, gentle cycle. Lay flat to dry. Imported. Shipping & returns Customers also viewed Brannan Bear Sleep Keychain Charm $19.95 $11.00 40% off + extra 10% in the app Logo Tote Keychain Charm $19.95 $11.00 40% off + extra 10% in the app Brannan Bear Sweater Keychain Charm $19.95 $11.00 40% off + extra 10% in the app Brannan Bear Hoodie Keychain Charm $19.95 $11.00 40% off + extra 10% in the app Logo Tote Keychain Charm $19.95 $11.00 40% off + extra 10% in the app You may also like Brannan Bear Hoodie Keychain Charm $19.95 $11.00 40% off + extra 10% in the app Logo Tote Keychain Charm $19.95 $11.00 40% off + extra 10% in the app Logo Hoodie Keychain Charm $14.95 $7.00 50% off + extra 10% in the app Brannan Bear Scarf Keychain Charm $19.95 $9.00 50% off + extra 10% in the app Logo Tote Keychain Charm $19.95 $11.00 40% off + extra 10% in the app Brannan Bear Nap Hoodie Keychain Charm $19.95 $11.00 40% off + extra 10% in the app Gap Jeans Keychain Charm $19.95 $11.00 40% off + extra 10% in the app Toy Logo Hoodie $14.95 $7.00 50% off + extra 10% in the app Logo Tote Keychain Charm $19.95 $11.00 40% off + extra 10% in the app Toy Logo Hoodie $14.95 $7.00 50% off + extra 10% in the app",Gap Logo Tote Bag,,USD,32.0,54.95,"Soft, overdyed cotton tote bag. Shoulder straps. Snap button closure. Outer and inner patch pocket. Embroidered mini Gap arch logo at front. Assorted colors & prints. #876406",876406152,https://www.gap.com/browse/product.do?pid=876406152&vid=1&pcid=3046544&cid=3051538,False,16,15,2026-02-22,One Size,876406,
In stock,4.5,,Gap,"100% Cotton. Machine wash cold, gentle cycle. Lay flat to dry. Imported. Shipping & returns Customers also viewed Brannan Bear Sleep Keychain Charm $19.95 $11.00 40% off + extra 10% in the app Brannan Bear Scarf Keychain Charm $19.95 $9.00 50% off + extra 10% in the app Logo Tote Keychain Charm $19.95 $11.00 40% off + extra 10% in the app Brannan Bear Hoodie Keychain Charm $19.95 $17.00 Extra 10% off in the app Brannan Bear Sweater Keychain Charm $19.95 $11.00 40% off + extra 10% in the app You may also like Brannan Bear Hoodie Keychain Charm $19.95 $11.00 40% off + extra 10% in the app Logo Tote Keychain Charm $19.95 $11.00 40% off + extra 10% in the app Brannan Bear Hoodie Keychain Charm $19.95 $11.00 40% off + extra 10% in the app Logo Hoodie Keychain Charm $14.95 $7.00 50% off + extra 10% in the app Logo Tote Keychain Charm $19.95 $11.00 40% off + extra 10% in the app Brannan Bear T-Shirt Keychain Charm $19.95 $9.00 50% off + extra 10% in the app Logo Tote Keychain Charm $19.95 $11.00 40% off + extra 10% in the app Toy Logo Hoodie $14.95 $7.00 50% off + extra 10% in the app Logo Tote Keychain Charm $19.95 $11.00 40% off + extra 10% in the app Gap Jeans Keychain Charm $19.95 $11.00 40% off + extra 10% in the app","Women / Bags, Scarves & More > Women > Bags, Scarves & More",Off white stripe | Black gingham | Navy polka dot | Primrose pink | Black | Gasoline green | Tangerine | Moonstone blue | Neon pink glow | Havana yellow,"Soft, overdyed cotton tote bag. Shoulder straps. Snap button closure. Outer and inner patch pocket. Embroidered mini Gap arch logo at front. Assorted colors & prints. #876406",Size Guide,Size Guide,19,https://www.gap.com/webcontent/0061/502/386/cn61502386.jpg,https://www.gap.com/webcontent/0061/502/386/cn61502386.jpg | https://www.gap.com/webcontent/0061/739/906/cn61739906.jpg | https://www.gap.com/webcontent/0061/501/912/cn61501912.jpg | https://www.gap.com/webcontent/0061/501/966/cn61501966.jpg | https://www.gap.com/webcontent/0061/456/364/cn61456364.jpg | https://www.gap.com/webcontent/0061/456/379/cn61456379.jpg | https://www.gap.com/webcontent/0061/518/506/cn61518506.jpg | https://www.gap.com/webcontent/0060/625/989/cn60625989.jpg | https://www.gap.com/webcontent/0061/519/686/cn61519686.jpg | https://www.gap.com/webcontent/0060/416/018/cn60416018.jpg | https://www.gap.com/webcontent/0061/502/307/cn61502307.jpg | https://www.gap.com/webcontent/0060/519/057/cn60519057.jpg | https://www.gap.com/webcontent/0059/961/291/cn59961291.jpg | https://www.gap.com/webcontent/0059/961/326/cn59961326.jpg | https://www.gap.com/webcontent/0061/645/812/cn61645812.jpg | https://www.gap.com/webcontent/0061/502/310/cn61502310.jpg | https://www.gap.com/webcontent/0061/283/108/cn61283108.jpg | https://www.gap.com/webcontent/0061/518/483/cn61518483.jpg | https://www.gap.com/webcontent/0061/645/883/cn61645883.jpg,True,"& care 100% Cotton. Machine wash cold, gentle cycle. Lay flat to dry. Imported. Shipping & returns Customers also viewed Brannan Bear Sleep Keychain Charm $19.95 $11.00 40% off + extra 10% in the app Brannan Bear Scarf Keychain Charm $19.95 $9.00 50% off + extra 10% in the app Logo Tote Keychain Charm $19.95 $11.00 40% off + extra 10% in the app Brannan Bear Hoodie Keychain Charm $19.95 $17.00 Extra 10% off in the app Brannan Bear Sweater Keychain Charm $19.95 $11.00 40% off + extra 10% in the app You may also like Brannan Bear Hoodie Keychain Charm $19.95 $11.00 40% off + extra 10% in the app Logo Tote Keychain Charm $19.95 $11.00 40% off + extra 10% in the app Brannan Bear Hoodie Keychain Charm $19.95 $11.00 40% off + extra 10% in the app Logo Hoodie Keychain Charm $14.95 $7.00 50% off + extra 10% in the app Logo Tote Keychain Charm $19.95 $11.00 40% off + extra 10% in the app Brannan Bear T-Shirt Keychain Charm $19.95 $9.00 50% off + extra 10% in the app Logo Tote Keychain Charm $19.95 $11.00 40% off + extra 10% in the app Toy Logo Hoodie $14.95 $7.00 50% off + extra 10% in the app Logo Tote Keychain Charm $19.95 $11.00 40% off + extra 10% in the app Gap Jeans Keychain Charm $19.95 $11.00 40% off + extra 10% in the app","& care 100% Cotton. Machine wash cold, gentle cycle. Lay flat to dry. Imported. Shipping & returns Customers also viewed Brannan Bear Sleep Keychain Charm $19.95 $11.00 40% off + extra 10% in the app Brannan Bear Scarf Keychain Charm $19.95 $9.00 50% off + extra 10% in the app Logo Tote Keychain Charm $19.95 $11.00 40% off + extra 10% in the app Brannan Bear Hoodie Keychain Charm $19.95 $17.00 Extra 10% off in the app Brannan Bear Sweater Keychain Charm $19.95 $11.00 40% off + extra 10% in the app You may also like Brannan Bear Hoodie Keychain Charm $19.95 $11.00 40% off + extra 10% in the app Logo Tote Keychain Charm $19.95 $11.00 40% off + extra 10% in the app Brannan Bear Hoodie Keychain Charm $19.95 $11.00 40% off + extra 10% in the app Logo Hoodie Keychain Charm $14.95 $7.00 50% off + extra 10% in the app Logo Tote Keychain Charm $19.95 $11.00 40% off + extra 10% in the app Brannan Bear T-Shirt Keychain Charm $19.95 $9.00 50% off + extra 10% in the app Logo Tote Keychain Charm $19.95 $11.00 40% off + extra 10% in the app Toy Logo Hoodie $14.95 $7.00 50% off + extra 10% in the app Logo Tote Keychain Charm $19.95 $11.00 40% off + extra 10% in the app Gap Jeans Keychain Charm $19.95 $11.00 40% off + extra 10% in the app",Gap Logo Tote Bag,,USD,43.0,54.95,"Soft, overdyed cotton tote bag. Shoulder straps. Snap button closure. Outer and inner patch pocket. Embroidered mini Gap arch logo at front. Assorted colors & prints. #876406",876406162,https://www.gap.com/browse/product.do?pid=876406162&vid=1&pcid=3046544&cid=3046544,False,16,15,2026-02-22,One Size,876406,
In stock,0,,Gap,100% Straw. Spot clean. Imported. Shipping & returns Customers also viewed Logo Tote Keychain Charm $19.95 $11.00 40% off + extra 10% in the app Vegan Leather Wedge Sandals $69.95 $55.00 20% off + extra 10% in the app Logo Tote Keychain Charm $19.95 $15.00 20% off + extra 10% in the app Lace Tights $19.95 $17.00 Extra 10% off in the app Logo Tote Keychain Charm $19.95 $11.00 40% off + extra 10% in the app You may also like Mesh Flats $64.95 $51.00 20% off + extra 10% in the app Crochet Tote Bag $69.95 $55.00 20% off + extra 10% in the app Vegan Leather Wedge Sandals $69.95 $55.00 20% off + extra 10% in the app Mesh Flats $64.95 $51.00 20% off + extra 10% in the app Denim Tote Bag $59.95 $47.00 20% off + extra 10% in the app Mesh Flats $64.95 $51.00 20% off + extra 10% in the app Brannan Bear Cozy Slippers $49.95 Extra 10% off in the app Crochet Tote Bag $69.95 $55.00 20% off + extra 10% in the app Gap Logo Tote Bag $59.95 Extra 10% off in the app Flip Flop Sandals $44.95 $35.00 20% off + extra 10% in the app,"Women / Bags, Scarves & More > Women > Bags, Scarves & More",Natural tan,This tote bag is made with a straw upper. Vegan leather shoulder straps. #876409,Size Guide,Size Guide,19,https://www.gap.com/webcontent/0061/199/149/cn61199149.jpg,https://www.gap.com/webcontent/0061/199/149/cn61199149.jpg | https://www.gap.com/webcontent/0061/774/686/cn61774686.jpg | https://www.gap.com/webcontent/0061/195/898/cn61195898.jpg | https://www.gap.com/webcontent/0061/195/894/cn61195894.jpg | https://www.gap.com/webcontent/0061/518/423/cn61518423.jpg | https://www.gap.com/webcontent/0061/588/036/cn61588036.jpg | https://www.gap.com/webcontent/0061/518/416/cn61518416.jpg | https://www.gap.com/webcontent/0061/376/105/cn61376105.jpg | https://www.gap.com/webcontent/0061/518/483/cn61518483.jpg | https://www.gap.com/webcontent/0061/572/648/cn61572648.jpg | https://www.gap.com/webcontent/0061/406/098/cn61406098.jpg | https://www.gap.com/webcontent/0061/588/032/cn61588032.jpg | https://www.gap.com/webcontent/0061/572/644/cn61572644.jpg | https://www.gap.com/webcontent/0060/784/370/cn60784370.jpg | https://www.gap.com/webcontent/0061/572/627/cn61572627.jpg | https://www.gap.com/webcontent/0061/077/590/cn61077590.jpg | https://www.gap.com/webcontent/0061/339/287/cn61339287.jpg | https://www.gap.com/webcontent/0061/879/033/cn61879033.jpg | https://www.gap.com/webcontent/0061/709/193/cn61709193.jpg,True,& care 100% Straw. Spot clean. Imported. Shipping & returns Customers also viewed Logo Tote Keychain Charm $19.95 $11.00 40% off + extra 10% in the app Vegan Leather Wedge Sandals $69.95 $55.00 20% off + extra 10% in the app Logo Tote Keychain Charm $19.95 $15.00 20% off + extra 10% in the app Lace Tights $19.95 $17.00 Extra 10% off in the app Logo Tote Keychain Charm $19.95 $11.00 40% off + extra 10% in the app You may also like Mesh Flats $64.95 $51.00 20% off + extra 10% in the app Crochet Tote Bag $69.95 $55.00 20% off + extra 10% in the app Vegan Leather Wedge Sandals $69.95 $55.00 20% off + extra 10% in the app Mesh Flats $64.95 $51.00 20% off + extra 10% in the app Denim Tote Bag $59.95 $47.00 20% off + extra 10% in the app Mesh Flats $64.95 $51.00 20% off + extra 10% in the app Brannan Bear Cozy Slippers $49.95 Extra 10% off in the app Crochet Tote Bag $69.95 $55.00 20% off + extra 10% in the app Gap Logo Tote Bag $59.95 Extra 10% off in the app Flip Flop Sandals $44.95 $35.00 20% off + extra 10% in the app,& care 100% Straw. Spot clean. Imported. Shipping & returns Customers also viewed Logo Tote Keychain Charm $19.95 $11.00 40% off + extra 10% in the app Vegan Leather Wedge Sandals $69.95 $55.00 20% off + extra 10% in the app Logo Tote Keychain Charm $19.95 $15.00 20% off + extra 10% in the app Lace Tights $19.95 $17.00 Extra 10% off in the app Logo Tote Keychain Charm $19.95 $11.00 40% off + extra 10% in the app You may also like Mesh Flats $64.95 $51.00 20% off + extra 10% in the app Crochet Tote Bag $69.95 $55.00 20% off + extra 10% in the app Vegan Leather Wedge Sandals $69.95 $55.00 20% off + extra 10% in the app Mesh Flats $64.95 $51.00 20% off + extra 10% in the app Denim Tote Bag $59.95 $47.00 20% off + extra 10% in the app Mesh Flats $64.95 $51.00 20% off + extra 10% in the app Brannan Bear Cozy Slippers $49.95 Extra 10% off in the app Crochet Tote Bag $69.95 $55.00 20% off + extra 10% in the app Gap Logo Tote Bag $59.95 Extra 10% off in the app Flip Flop Sandals $44.95 $35.00 20% off + extra 10% in the app,Straw Tote Bag,,USD,63.0,79.95,This tote bag is made with a straw upper. Vegan leather shoulder straps. #876409,876409002,https://www.gap.com/browse/product.do?pid=876409002&vid=1&pcid=3046544&cid=3051538,False,0,,2026-02-22,One Size,876409,
In stock,4.5,,Gap,"100% Cotton. Machine wash cold, gentle cycle. Lay flat to dry. Imported. Shipping & returns Customers also viewed Brannan Bear Hoodie Keychain Charm $19.95 $11.00 40% off + extra 10% in the app Brannan Bear Sleep Keychain Charm $19.95 $11.00 40% off + extra 10% in the app Logo Tote Keychain Charm $19.95 $11.00 40% off + extra 10% in the app Brannan Bear Hoodie Keychain Charm $19.95 $11.00 40% off + extra 10% in the app Brannan Bear Nap Hoodie Keychain Charm $19.95 $11.00 40% off + extra 10% in the app You may also like Logo Tote Keychain Charm $19.95 $11.00 40% off + extra 10% in the app Logo Hoodie Keychain Charm $14.95 $7.00 50% off + extra 10% in the app Logo Tote Keychain Charm $19.95 $11.00 40% off + extra 10% in the app Brannan Bear Scarf Keychain Charm $19.95 $9.00 50% off + extra 10% in the app Brannan Bear Sweater Keychain Charm $19.95 $11.00 40% off + extra 10% in the app Logo Tote Keychain Charm $19.95 $11.00 40% off + extra 10% in the app Gap Jeans Keychain Charm $19.95 $11.00 40% off + extra 10% in the app Logo Tote Keychain Charm $19.95 $11.00 40% off + extra 10% in the app Gap Logo Tote Bag $49.95 Extra 10% off in the app Logo Tote Keychain Charm $19.95 $11.00 40% off + extra 10% in the app","Women / Bags, Scarves & More > Women > Bags, Scarves & More",Off white stripe | Black gingham | Navy polka dot | Primrose pink | Black | Gasoline green | Tangerine | Moonstone blue | Neon pink glow | Havana yellow,"Soft, overdyed cotton tote bag. Shoulder straps. Snap button closure. Outer and inner patch pocket. Embroidered mini Gap arch logo at front. Assorted colors & prints. #876406",Size Guide,Size Guide,20,https://www.gap.com/webcontent/0061/519/158/cn61519158.jpg,https://www.gap.com/webcontent/0061/519/158/cn61519158.jpg | https://www.gap.com/webcontent/0061/864/633/cn61864633.jpg | https://www.gap.com/webcontent/0061/518/963/cn61518963.jpg | https://www.gap.com/webcontent/0061/518/987/cn61518987.jpg | https://www.gap.com/webcontent/0060/416/018/cn60416018.jpg | https://www.gap.com/webcontent/0061/456/364/cn61456364.jpg | https://www.gap.com/webcontent/0061/518/506/cn61518506.jpg | https://www.gap.com/webcontent/0060/519/057/cn60519057.jpg | https://www.gap.com/webcontent/0061/456/373/cn61456373.jpg | https://www.gap.com/webcontent/0061/502/307/cn61502307.jpg | https://www.gap.com/webcontent/0059/961/291/cn59961291.jpg | https://www.gap.com/webcontent/0059/961/326/cn59961326.jpg | https://www.gap.com/webcontent/0061/456/379/cn61456379.jpg | https://www.gap.com/webcontent/0061/519/686/cn61519686.jpg | https://www.gap.com/webcontent/0061/518/483/cn61518483.jpg | https://www.gap.com/webcontent/0061/645/883/cn61645883.jpg | https://www.gap.com/webcontent/0061/520/379/cn61520379.jpg | https://www.gap.com/webcontent/0061/121/188/cn61121188.jpg | https://www.gap.com/webcontent/0061/502/310/cn61502310.jpg | https://cdn.cookielaw.org/logos/e1cf9ab6-fc39-4557-b4ef-4393861dad52/d229a1c3-b8ad-46ad-9bdb-8311fd460a5f/c85f6701-9eae-4a9f-b770-87eee2dae9fc/Logo_color_lockup@3x.png,True,"& care 100% Cotton. Machine wash cold, gentle cycle. Lay flat to dry. Imported. Shipping & returns Customers also viewed Brannan Bear Hoodie Keychain Charm $19.95 $11.00 40% off + extra 10% in the app Brannan Bear Sleep Keychain Charm $19.95 $11.00 40% off + extra 10% in the app Logo Tote Keychain Charm $19.95 $11.00 40% off + extra 10% in the app Brannan Bear Hoodie Keychain Charm $19.95 $11.00 40% off + extra 10% in the app Brannan Bear Nap Hoodie Keychain Charm $19.95 $11.00 40% off + extra 10% in the app You may also like Logo Tote Keychain Charm $19.95 $11.00 40% off + extra 10% in the app Logo Hoodie Keychain Charm $14.95 $7.00 50% off + extra 10% in the app Logo Tote Keychain Charm $19.95 $11.00 40% off + extra 10% in the app Brannan Bear Scarf Keychain Charm $19.95 $9.00 50% off + extra 10% in the app Brannan Bear Sweater Keychain Charm $19.95 $11.00 40% off + extra 10% in the app Logo Tote Keychain Charm $19.95 $11.00 40% off + extra 10% in the app Gap Jeans Keychain Charm $19.95 $11.00 40% off + extra 10% in the app Logo Tote Keychain Charm $19.95 $11.00 40% off + extra 10% in the app Gap Logo Tote Bag $49.95 Extra 10% off in the app Logo Tote Keychain Charm $19.95 $11.00 40% off + extra 10% in the app","& care 100% Cotton. Machine wash cold, gentle cycle. Lay flat to dry. Imported. Shipping & returns Customers also viewed Brannan Bear Hoodie Keychain Charm $19.95 $11.00 40% off + extra 10% in the app Brannan Bear Sleep Keychain Charm $19.95 $11.00 40% off + extra 10% in the app Logo Tote Keychain Charm $19.95 $11.00 40% off + extra 10% in the app Brannan Bear Hoodie Keychain Charm $19.95 $11.00 40% off + extra 10% in the app Brannan Bear Nap Hoodie Keychain Charm $19.95 $11.00 40% off + extra 10% in the app You may also like Logo Tote Keychain Charm $19.95 $11.00 40% off + extra 10% in the app Logo Hoodie Keychain Charm $14.95 $7.00 50% off + extra 10% in the app Logo Tote Keychain Charm $19.95 $11.00 40% off + extra 10% in the app Brannan Bear Scarf Keychain Charm $19.95 $9.00 50% off + extra 10% in the app Brannan Bear Sweater Keychain Charm $19.95 $11.00 40% off + extra 10% in the app Logo Tote Keychain Charm $19.95 $11.00 40% off + extra 10% in the app Gap Jeans Keychain Charm $19.95 $11.00 40% off + extra 10% in the app Logo Tote Keychain Charm $19.95 $11.00 40% off + extra 10% in the app Gap Logo Tote Bag $49.95 Extra 10% off in the app Logo Tote Keychain Charm $19.95 $11.00 40% off + extra 10% in the app",Gap Logo Tote Bag,,USD,32.0,54.95,"Soft, overdyed cotton tote bag. Shoulder straps. Snap button closure. Outer and inner patch pocket. Embroidered mini Gap arch logo at front. Assorted colors & prints. #876406",876406132,https://www.gap.com/browse/product.do?pid=876406132&vid=1&pcid=3046544&cid=3051538,False,16,15,2026-02-22,One Size,876406,
In stock,4.5,,Gap,"100% Cotton. Machine wash cold, gentle cycle. Lay flat to dry. Imported. Shipping & returns Customers also viewed Brannan Bear Scarf Keychain Charm $19.95 $9.00 50% off + extra 10% in the app Logo Hoodie Keychain Charm $14.95 $7.00 50% off + extra 10% in the app Brannan Bear Sleep Keychain Charm $19.95 $11.00 40% off + extra 10% in the app Brannan Bear Nap Hoodie Keychain Charm $19.95 $11.00 40% off + extra 10% in the app Brannan Bear Hoodie Keychain Charm $19.95 $17.00 Extra 10% off in the app You may also like Logo Tote Keychain Charm $19.95 $11.00 40% off + extra 10% in the app Brannan Bear Hoodie Keychain Charm $19.95 $11.00 40% off + extra 10% in the app Logo Tote Keychain Charm $19.95 $11.00 40% off + extra 10% in the app Toy Logo Hoodie $14.95 $7.00 50% off + extra 10% in the app Brannan Bear Sweater Keychain Charm $19.95 $11.00 40% off + extra 10% in the app Logo Hoodie Keychain Charm $14.95 $7.00 50% off + extra 10% in the app Logo Tote Keychain Charm $19.95 $11.00 40% off + extra 10% in the app Brannan Bear Logo Denim Tote Bag $59.95 $47.00 20% off + extra 10% in the app Logo Tote Keychain Charm $19.95 $11.00 40% off + extra 10% in the app Gap Jeans Keychain Charm $19.95 $11.00 40% off + extra 10% in the app","Women / Bags, Scarves & More > Women > Bags, Scarves & More",Off white stripe | Black gingham | Navy polka dot | Primrose pink | Black | Gasoline green | Tangerine | Moonstone blue | Neon pink glow | Havana yellow,"Soft, overdyed cotton tote bag. Shoulder straps. Snap button closure. Outer and inner patch pocket. Embroidered mini Gap arch logo at front. Assorted colors & prints. #876406",Size Guide,Size Guide,20,https://www.gap.com/webcontent/0061/624/045/cn61624045.jpg,https://www.gap.com/webcontent/0061/624/045/cn61624045.jpg | https://www.gap.com/webcontent/0061/624/088/cn61624088.jpg | https://www.gap.com/webcontent/0061/624/075/cn61624075.jpg | https://www.gap.com/webcontent/0061/624/079/cn61624079.jpg | https://www.gap.com/webcontent/0061/456/379/cn61456379.jpg | https://www.gap.com/webcontent/0059/961/291/cn59961291.jpg | https://www.gap.com/webcontent/0061/456/364/cn61456364.jpg | https://www.gap.com/webcontent/0061/456/373/cn61456373.jpg | https://www.gap.com/webcontent/0060/625/989/cn60625989.jpg | https://www.gap.com/webcontent/0061/502/307/cn61502307.jpg | https://www.gap.com/webcontent/0060/416/018/cn60416018.jpg | https://www.gap.com/webcontent/0061/518/506/cn61518506.jpg | https://www.gap.com/webcontent/0061/283/067/cn61283067.jpg | https://www.gap.com/webcontent/0061/519/686/cn61519686.jpg | https://www.gap.com/webcontent/0059/961/274/cn59961274.jpg | https://www.gap.com/webcontent/0061/502/335/cn61502335.jpg | https://www.gap.com/webcontent/0060/681/835/cn60681835.jpg | https://www.gap.com/webcontent/0061/502/310/cn61502310.jpg | https://www.gap.com/webcontent/0061/645/883/cn61645883.jpg | https://cdn.cookielaw.org/logos/e1cf9ab6-fc39-4557-b4ef-4393861dad52/d229a1c3-b8ad-46ad-9bdb-8311fd460a5f/c85f6701-9eae-4a9f-b770-87eee2dae9fc/Logo_color_lockup@3x.png,True,"& care 100% Cotton. Machine wash cold, gentle cycle. Lay flat to dry. Imported. Shipping & returns Customers also viewed Brannan Bear Scarf Keychain Charm $19.95 $9.00 50% off + extra 10% in the app Logo Hoodie Keychain Charm $14.95 $7.00 50% off + extra 10% in the app Brannan Bear Sleep Keychain Charm $19.95 $11.00 40% off + extra 10% in the app Brannan Bear Nap Hoodie Keychain Charm $19.95 $11.00 40% off + extra 10% in the app Brannan Bear Hoodie Keychain Charm $19.95 $17.00 Extra 10% off in the app You may also like Logo Tote Keychain Charm $19.95 $11.00 40% off + extra 10% in the app Brannan Bear Hoodie Keychain Charm $19.95 $11.00 40% off + extra 10% in the app Logo Tote Keychain Charm $19.95 $11.00 40% off + extra 10% in the app Toy Logo Hoodie $14.95 $7.00 50% off + extra 10% in the app Brannan Bear Sweater Keychain Charm $19.95 $11.00 40% off + extra 10% in the app Logo Hoodie Keychain Charm $14.95 $7.00 50% off + extra 10% in the app Logo Tote Keychain Charm $19.95 $11.00 40% off + extra 10% in the app Brannan Bear Logo Denim Tote Bag $59.95 $47.00 20% off + extra 10% in the app Logo Tote Keychain Charm $19.95 $11.00 40% off + extra 10% in the app Gap Jeans Keychain Charm $19.95 $11.00 40% off + extra 10% in the app","& care 100% Cotton. Machine wash cold, gentle cycle. Lay flat to dry. Imported. Shipping & returns Customers also viewed Brannan Bear Scarf Keychain Charm $19.95 $9.00 50% off + extra 10% in the app Logo Hoodie Keychain Charm $14.95 $7.00 50% off + extra 10% in the app Brannan Bear Sleep Keychain Charm $19.95 $11.00 40% off + extra 10% in the app Brannan Bear Nap Hoodie Keychain Charm $19.95 $11.00 40% off + extra 10% in the app Brannan Bear Hoodie Keychain Charm $19.95 $17.00 Extra 10% off in the app You may also like Logo Tote Keychain Charm $19.95 $11.00 40% off + extra 10% in the app Brannan Bear Hoodie Keychain Charm $19.95 $11.00 40% off + extra 10% in the app Logo Tote Keychain Charm $19.95 $11.00 40% off + extra 10% in the app Toy Logo Hoodie $14.95 $7.00 50% off + extra 10% in the app Brannan Bear Sweater Keychain Charm $19.95 $11.00 40% off + extra 10% in the app Logo Hoodie Keychain Charm $14.95 $7.00 50% off + extra 10% in the app Logo Tote Keychain Charm $19.95 $11.00 40% off + extra 10% in the app Brannan Bear Logo Denim Tote Bag $59.95 $47.00 20% off + extra 10% in the app Logo Tote Keychain Charm $19.95 $11.00 40% off + extra 10% in the app Gap Jeans Keychain Charm $19.95 $11.00 40% off + extra 10% in the app",Gap Logo Tote Bag,,USD,35.0,59.95,"Soft, overdyed cotton tote bag. Shoulder straps. Snap button closure. Outer and inner patch pocket. Embroidered mini Gap arch logo at front. Assorted colors & prints. #876406",876406142,https://www.gap.com/browse/product.do?pid=876406142&vid=1&pcid=3046544&cid=3051538,False,16,15,2026-02-22,One Size,876406,
In stock,3,,Gap,100% Cotton. Spot clean. Imported. Shipping & returns Customers also viewed Denim Brannan Bear Baseball Hat $29.95 Extra 10% off in the app Hill City Tote Bag $59.95 Excluded from promotions Waxed Canvas Baseball Hat $29.95 $23.00 20% off + extra 10% in the app Brannan Bear Beanie $39.95 $15.00 60% off + extra 10% in the app Waxed Canvas Baseball Hat $29.95 $23.00 20% off + extra 10% in the app You may also like Sherpa Oversized Half-Zip Pullover $89.95 $44.00 50% off + extra 10% in the app Gap × Sushi Club Logo Trucker Hat $95.00 Excluded from promotions Dress Socks $15.95 $9.00 40% off + extra 10% in the app Leather Gloves $98.00 $39.00 60% off + extra 10% in the app Adult Heavyweight Oversized Zip Jacket $89.95 $71.00 20% off + extra 10% in the app Drawcord Hood $39.95 $15.00 60% off + extra 10% in the app Dress Socks $17.95 $10.00 40% off + extra 10% in the app CashSoft Beanie $34.95 $13.00 60% off + extra 10% in the app City Crew Socks $12.95 $10.00 20% off + extra 10% in the app CashSoft Beanie $34.95 $13.00 60% off + extra 10% in the app,Men / Bags > Men > Bags,Olive | BROWN,Waxed cotton canvas tote bag. Shoulder and hand straps at top. Snap button closure. Gap label at front. #876513,Size Guide,Size Guide,19,https://www.gap.com/webcontent/0061/456/218/cn61456218.jpg,https://www.gap.com/webcontent/0061/456/218/cn61456218.jpg | https://www.gap.com/webcontent/0061/453/928/cn61453928.jpg | https://www.gap.com/webcontent/0061/456/214/cn61456214.jpg | https://www.gap.com/webcontent/0061/453/924/cn61453924.jpg | https://www.gap.com/webcontent/0061/167/560/cn61167560.jpg | https://www.gap.com/webcontent/0060/784/244/cn60784244.jpg | https://www.gap.com/webcontent/0061/165/714/cn61165714.jpg | https://www.gap.com/webcontent/0060/535/667/cn60535667.jpg | https://www.gap.com/webcontent/0061/184/097/cn61184097.jpg | https://www.gap.com/webcontent/0061/438/821/cn61438821.jpg | https://www.gap.com/webcontent/0061/791/294/cn61791294.jpg | https://www.gap.com/webcontent/0061/175/664/cn61175664.jpg | https://www.gap.com/webcontent/0060/209/704/cn60209704.jpg | https://www.gap.com/webcontent/0061/546/166/cn61546166.jpg | https://www.gap.com/webcontent/0060/917/830/cn60917830.jpg | https://www.gap.com/webcontent/0053/556/875/cn53556875.jpg | https://www.gap.com/webcontent/0061/153/276/cn61153276.jpg | https://www.gap.com/webcontent/0061/175/719/cn61175719.jpg | https://www.gap.com/webcontent/0061/153/458/cn61153458.jpg,True,& care 100% Cotton. Spot clean. Imported. Shipping & returns Customers also viewed Denim Brannan Bear Baseball Hat $29.95 Extra 10% off in the app Hill City Tote Bag $59.95 Excluded from promotions Waxed Canvas Baseball Hat $29.95 $23.00 20% off + extra 10% in the app Brannan Bear Beanie $39.95 $15.00 60% off + extra 10% in the app Waxed Canvas Baseball Hat $29.95 $23.00 20% off + extra 10% in the app You may also like Sherpa Oversized Half-Zip Pullover $89.95 $44.00 50% off + extra 10% in the app Gap × Sushi Club Logo Trucker Hat $95.00 Excluded from promotions Dress Socks $15.95 $9.00 40% off + extra 10% in the app Leather Gloves $98.00 $39.00 60% off + extra 10% in the app Adult Heavyweight Oversized Zip Jacket $89.95 $71.00 20% off + extra 10% in the app Drawcord Hood $39.95 $15.00 60% off + extra 10% in the app Dress Socks $17.95 $10.00 40% off + extra 10% in the app CashSoft Beanie $34.95 $13.00 60% off + extra 10% in the app City Crew Socks $12.95 $10.00 20% off + extra 10% in the app CashSoft Beanie $34.95 $13.00 60% off + extra 10% in the app,& care 100% Cotton. Spot clean. Imported. Shipping & returns Customers also viewed Denim Brannan Bear Baseball Hat $29.95 Extra 10% off in the app Hill City Tote Bag $59.95 Excluded from promotions Waxed Canvas Baseball Hat $29.95 $23.00 20% off + extra 10% in the app Brannan Bear Beanie $39.95 $15.00 60% off + extra 10% in the app Waxed Canvas Baseball Hat $29.95 $23.00 20% off + extra 10% in the app You may also like Sherpa Oversized Half-Zip Pullover $89.95 $44.00 50% off + extra 10% in the app Gap × Sushi Club Logo Trucker Hat $95.00 Excluded from promotions Dress Socks $15.95 $9.00 40% off + extra 10% in the app Leather Gloves $98.00 $39.00 60% off + extra 10% in the app Adult Heavyweight Oversized Zip Jacket $89.95 $71.00 20% off + extra 10% in the app Drawcord Hood $39.95 $15.00 60% off + extra 10% in the app Dress Socks $17.95 $10.00 40% off + extra 10% in the app CashSoft Beanie $34.95 $13.00 60% off + extra 10% in the app City Crew Socks $12.95 $10.00 20% off + extra 10% in the app CashSoft Beanie $34.95 $13.00 60% off + extra 10% in the app,Waxed Canvas Tote Bag,,USD,44.0,74.95,Waxed cotton canvas tote bag. Shoulder and hand straps at top. Snap button closure. Gap label at front. #876513,876513002,https://www.gap.com/browse/product.do?pid=876513002&vid=1&pcid=3046394&cid=3046394,True,2,2,2026-02-22,One Size,876513,
In stock,3,,Gap,100% Cotton. Spot clean. Imported. Shipping & returns Customers also viewed Hill City Tote Bag $59.95 Excluded from promotions Gap × Sushi Club Logo Trucker Hat $95.00 Excluded from promotions Waxed Canvas Baseball Hat $29.95 $23.00 20% off + extra 10% in the app Brannan Bear Beanie $39.95 $15.00 60% off + extra 10% in the app Denim Brannan Bear Baseball Hat $29.95 Extra 10% off in the app You may also like Leather Gloves $98.00 $39.00 60% off + extra 10% in the app Heart Crew Socks $15.95 $14.00 Extra 10% off in the app Drawcord Hood $39.95 $15.00 60% off + extra 10% in the app CashSoft Crew Socks $15.95 $6.00 60% off + extra 10% in the app CashSoft Beanie $34.95 $13.00 60% off + extra 10% in the app CashSoft Crew Socks $15.95 $6.00 60% off + extra 10% in the app City Crew Socks $12.95 $10.00 20% off + extra 10% in the app CashSoft Beanie $34.95 $13.00 60% off + extra 10% in the app Organic Cotton Poplin Classic Shirt $59.95 $41.00 30% off + extra 10% in the app CashSoft Beanie $34.95 $13.00 60% off + extra 10% in the app,Men / Bags > Men > Bags,Olive | BROWN,Waxed cotton canvas tote bag. Shoulder and hand straps at top. Snap button closure. Gap label at front. #876513,Size Guide,Size Guide,19,https://www.gap.com/webcontent/0061/456/205/cn61456205.jpg,https://www.gap.com/webcontent/0061/456/205/cn61456205.jpg | https://www.gap.com/webcontent/0061/453/920/cn61453920.jpg | https://www.gap.com/webcontent/0061/456/203/cn61456203.jpg | https://www.gap.com/webcontent/0061/453/914/cn61453914.jpg | https://www.gap.com/webcontent/0060/784/244/cn60784244.jpg | https://www.gap.com/webcontent/0061/791/294/cn61791294.jpg | https://www.gap.com/webcontent/0061/184/097/cn61184097.jpg | https://www.gap.com/webcontent/0060/535/667/cn60535667.jpg | https://www.gap.com/webcontent/0061/167/560/cn61167560.jpg | https://www.gap.com/webcontent/0060/209/704/cn60209704.jpg | https://www.gap.com/webcontent/0061/183/497/cn61183497.jpg | https://www.gap.com/webcontent/0060/917/722/cn60917722.jpg | https://www.gap.com/webcontent/0060/314/014/cn60314014.jpg | https://www.gap.com/webcontent/0061/153/458/cn61153458.jpg | https://www.gap.com/webcontent/0060/314/018/cn60314018.jpg | https://www.gap.com/webcontent/0061/711/228/cn61711228.jpg | https://www.gap.com/webcontent/0061/153/332/cn61153332.jpg | https://www.gap.com/webcontent/0057/601/390/cn57601390.jpg | https://www.gap.com/webcontent/0061/152/972/cn61152972.jpg,True,& care 100% Cotton. Spot clean. Imported. Shipping & returns Customers also viewed Hill City Tote Bag $59.95 Excluded from promotions Gap × Sushi Club Logo Trucker Hat $95.00 Excluded from promotions Waxed Canvas Baseball Hat $29.95 $23.00 20% off + extra 10% in the app Brannan Bear Beanie $39.95 $15.00 60% off + extra 10% in the app Denim Brannan Bear Baseball Hat $29.95 Extra 10% off in the app You may also like Leather Gloves $98.00 $39.00 60% off + extra 10% in the app Heart Crew Socks $15.95 $14.00 Extra 10% off in the app Drawcord Hood $39.95 $15.00 60% off + extra 10% in the app CashSoft Crew Socks $15.95 $6.00 60% off + extra 10% in the app CashSoft Beanie $34.95 $13.00 60% off + extra 10% in the app CashSoft Crew Socks $15.95 $6.00 60% off + extra 10% in the app City Crew Socks $12.95 $10.00 20% off + extra 10% in the app CashSoft Beanie $34.95 $13.00 60% off + extra 10% in the app Organic Cotton Poplin Classic Shirt $59.95 $41.00 30% off + extra 10% in the app CashSoft Beanie $34.95 $13.00 60% off + extra 10% in the app,& care 100% Cotton. Spot clean. Imported. Shipping & returns Customers also viewed Hill City Tote Bag $59.95 Excluded from promotions Gap × Sushi Club Logo Trucker Hat $95.00 Excluded from promotions Waxed Canvas Baseball Hat $29.95 $23.00 20% off + extra 10% in the app Brannan Bear Beanie $39.95 $15.00 60% off + extra 10% in the app Denim Brannan Bear Baseball Hat $29.95 Extra 10% off in the app You may also like Leather Gloves $98.00 $39.00 60% off + extra 10% in the app Heart Crew Socks $15.95 $14.00 Extra 10% off in the app Drawcord Hood $39.95 $15.00 60% off + extra 10% in the app CashSoft Crew Socks $15.95 $6.00 60% off + extra 10% in the app CashSoft Beanie $34.95 $13.00 60% off + extra 10% in the app CashSoft Crew Socks $15.95 $6.00 60% off + extra 10% in the app City Crew Socks $12.95 $10.00 20% off + extra 10% in the app CashSoft Beanie $34.95 $13.00 60% off + extra 10% in the app Organic Cotton Poplin Classic Shirt $59.95 $41.00 30% off + extra 10% in the app CashSoft Beanie $34.95 $13.00 60% off + extra 10% in the app,Waxed Canvas Tote Bag,,USD,44.0,74.95,Waxed cotton canvas tote bag. Shoulder and hand straps at top. Snap button closure. Gap label at front. #876513,876513032,https://www.gap.com/browse/product.do?pid=876513032&vid=1&pcid=3046394&cid=3046394,True,2,2,2026-02-22,One Size,876513,
In stock,0,,Gap,100% Paper Straw. Lining: 100% Polyester. Wipe clean. Imported. Shipping & returns Customers also viewed Kids Quilted Pouch $34.95 $20.00 40% off + extra 10% in the app Kids Quilted Weekender Bag $69.95 $41.00 40% off + extra 10% in the app Kids Denim Terry Heart Baseball Hat $19.95 $11.00 40% off + extra 10% in the app Kids Slouchy Varsity Quarter Crew Socks (7-Pack) $24.95 $14.00 40% off + extra 10% in the app Kids Reversible Denim Bucket Hat $24.95 $14.00 40% off + extra 10% in the app You may also like Kids Bucket Hat $24.95 $14.00 40% off + extra 10% in the app Kids Jelly Ballet Flats $39.95 $23.00 40% off + extra 10% in the app Kids Quarter Crew Socks (3-Pack) $14.95 $8.00 40% off + extra 10% in the app Kids Jelly Ballet Flats $39.95 $23.00 40% off + extra 10% in the app Kids Sheer Dot Crew Socks (2-Pack) $12.95 $7.00 40% off + extra 10% in the app Kids Low Rise Stride Wide-Leg Jeans $54.95 $32.00 40% off + extra 10% in the app Kids Knit Basic Tights (2-Pack) $26.95 $16.00 40% off + extra 10% in the app Kids Tankini & Skort Swim Set $49.95 $29.00 40% off + extra 10% in the app Kids Varsity Crew Socks (7-Pack) $24.95 $14.00 40% off + extra 10% in the app Kids Icon Denim Jacket $69.95 $41.00 40% off + extra 10% in the app,Girls / Shop All Accessories > Girls > Shop All Accessories,Natural,This backpack is made with a metallic sparkle paper straw outer with a twill lining. Handle at top. Adjustable shoulder straps. Snap button and drawstring closures with bead and fringe detail. Fully lined. Product #883719,Size Guide,Size Guide,17,https://www.gap.com/webcontent/0061/695/341/cn61695341.jpg,https://www.gap.com/webcontent/0061/695/341/cn61695341.jpg | https://www.gap.com/webcontent/0061/692/727/cn61692727.jpg | https://www.gap.com/webcontent/0061/716/343/cn61716343.jpg | https://www.gap.com/webcontent/0061/830/819/cn61830819.jpg | https://www.gap.com/webcontent/0061/234/213/cn61234213.jpg | https://www.gap.com/webcontent/0061/625/796/cn61625796.jpg | https://www.gap.com/webcontent/0061/391/317/cn61391317.jpg | https://www.gap.com/webcontent/0061/604/344/cn61604344.jpg | https://www.gap.com/webcontent/0061/561/450/cn61561450.jpg | https://www.gap.com/webcontent/0028/183/860/cn28183860.jpg | https://www.gap.com/webcontent/0061/561/453/cn61561453.jpg | https://www.gap.com/webcontent/0061/206/450/cn61206450.jpg | https://www.gap.com/webcontent/0061/865/666/cn61865666.jpg | https://www.gap.com/webcontent/0029/197/176/cn29197176.jpg | https://www.gap.com/webcontent/0061/206/853/cn61206853.jpg | https://www.gap.com/webcontent/0059/592/859/cn59592859.jpg | https://www.gap.com/webcontent/0061/792/440/cn61792440.jpg,True,& care 100% Paper Straw. Lining: 100% Polyester. Wipe clean. Imported. Shipping & returns Customers also viewed Kids Quilted Pouch $34.95 $20.00 40% off + extra 10% in the app Kids Quilted Weekender Bag $69.95 $41.00 40% off + extra 10% in the app Kids Denim Terry Heart Baseball Hat $19.95 $11.00 40% off + extra 10% in the app Kids Slouchy Varsity Quarter Crew Socks (7-Pack) $24.95 $14.00 40% off + extra 10% in the app Kids Reversible Denim Bucket Hat $24.95 $14.00 40% off + extra 10% in the app You may also like Kids Bucket Hat $24.95 $14.00 40% off + extra 10% in the app Kids Jelly Ballet Flats $39.95 $23.00 40% off + extra 10% in the app Kids Quarter Crew Socks (3-Pack) $14.95 $8.00 40% off + extra 10% in the app Kids Jelly Ballet Flats $39.95 $23.00 40% off + extra 10% in the app Kids Sheer Dot Crew Socks (2-Pack) $12.95 $7.00 40% off + extra 10% in the app Kids Low Rise Stride Wide-Leg Jeans $54.95 $32.00 40% off + extra 10% in the app Kids Knit Basic Tights (2-Pack) $26.95 $16.00 40% off + extra 10% in the app Kids Tankini & Skort Swim Set $49.95 $29.00 40% off + extra 10% in the app Kids Varsity Crew Socks (7-Pack) $24.95 $14.00 40% off + extra 10% in the app Kids Icon Denim Jacket $69.95 $41.00 40% off + extra 10% in the app,& care 100% Paper Straw. Lining: 100% Polyester. Wipe clean. Imported. Shipping & returns Customers also viewed Kids Quilted Pouch $34.95 $20.00 40% off + extra 10% in the app Kids Quilted Weekender Bag $69.95 $41.00 40% off + extra 10% in the app Kids Denim Terry Heart Baseball Hat $19.95 $11.00 40% off + extra 10% in the app Kids Slouchy Varsity Quarter Crew Socks (7-Pack) $24.95 $14.00 40% off + extra 10% in the app Kids Reversible Denim Bucket Hat $24.95 $14.00 40% off + extra 10% in the app You may also like Kids Bucket Hat $24.95 $14.00 40% off + extra 10% in the app Kids Jelly Ballet Flats $39.95 $23.00 40% off + extra 10% in the app Kids Quarter Crew Socks (3-Pack) $14.95 $8.00 40% off + extra 10% in the app Kids Jelly Ballet Flats $39.95 $23.00 40% off + extra 10% in the app Kids Sheer Dot Crew Socks (2-Pack) $12.95 $7.00 40% off + extra 10% in the app Kids Low Rise Stride Wide-Leg Jeans $54.95 $32.00 40% off + extra 10% in the app Kids Knit Basic Tights (2-Pack) $26.95 $16.00 40% off + extra 10% in the app Kids Tankini & Skort Swim Set $49.95 $29.00 40% off + extra 10% in the app Kids Varsity Crew Socks (7-Pack) $24.95 $14.00 40% off + extra 10% in the app Kids Icon Denim Jacket $69.95 $41.00 40% off + extra 10% in the app,Kids Shimmer Straw Backpack,,USD,23.0,39.95,This backpack is made with a metallic sparkle paper straw outer with a twill lining. Handle at top. Adjustable shoulder straps. Snap button and drawstring closures with bead and fringe detail. Fully lined. Product #883719,883719002,https://www.gap.com/browse/product.do?pid=883719002&vid=1&pcid=3046567&cid=3046567,False,0,,2026-02-22,One Size,883719,
In stock,1,,Gap,100% Nylon. Hand wash. Lay flat to dry. Imported. Shipping & returns Customers also viewed Kids Quilted Weekender Bag $69.95 $41.00 40% off + extra 10% in the app Kids Quilted Colorblock Duffel Bag $69.95 $34.00 50% off + extra 10% in the app Kids Quilted Weekender Bag $69.95 $34.00 50% off + extra 10% in the app Kids Quilted Brannan Bear Weekender Bag $69.95 $27.00 60% off + extra 10% in the app Kids Jelly Ballet Flats $39.95 $23.00 40% off + extra 10% in the app You may also like Kids Quilted Pouch $34.95 $20.00 40% off + extra 10% in the app Kids Bow Logo Crossbody Bag $34.95 $13.00 60% off + extra 10% in the app Kids Quilted Weekender Bag $69.95 $27.00 60% off + extra 10% in the app Kids Jelly Ballet Flats $39.95 $23.00 40% off + extra 10% in the app Kids Relaxed Graphic Crewneck Sweater $49.95 $24.00 50% off + extra 10% in the app Kids Jelly Ballet Flats $39.95 $23.00 40% off + extra 10% in the app Kids Sanrio Oversized Graphic T-Shirt $29.95 $17.00 40% off + extra 10% in the app Kids VintageSoft Logo Hoodie $49.95 $29.00 40% off + extra 10% in the app Kids Sanrio Oversized Graphic T-Shirt $29.95 $17.00 40% off + extra 10% in the app Kids KPop Demon Hunters Graphic Tunic T-Shirt $34.95 $20.00 40% off + extra 10% in the app,Girls / Shop All Accessories > Girls > Shop All Accessories,Pink blush,"This duffle bag is made with a nylon upper. Adjustable, removable shoulder strap. Handles at top, zip top closure. Luggage sleeve at back. Allover embroidered Hello Kitty bow graphics. #883723",Size Guide,Size Guide,18,https://www.gap.com/webcontent/0061/692/725/cn61692725.jpg,https://www.gap.com/webcontent/0061/692/725/cn61692725.jpg | https://www.gap.com/webcontent/0061/697/462/cn61697462.jpg | https://www.gap.com/webcontent/0061/697/469/cn61697469.jpg | https://www.gap.com/webcontent/0061/830/819/cn61830819.jpg | https://www.gap.com/webcontent/0059/961/248/cn59961248.jpg | https://www.gap.com/webcontent/0056/071/943/cn56071943.jpg | https://www.gap.com/webcontent/0061/136/135/cn61136135.jpg | https://www.gap.com/webcontent/0061/561/457/cn61561457.jpg | https://www.gap.com/webcontent/0061/716/343/cn61716343.jpg | https://www.gap.com/webcontent/0060/367/792/cn60367792.jpg | https://www.gap.com/webcontent/0060/366/819/cn60366819.jpg | https://www.gap.com/webcontent/0061/561/450/cn61561450.jpg | https://www.gap.com/webcontent/0061/251/779/cn61251779.jpg | https://www.gap.com/webcontent/0061/561/453/cn61561453.jpg | https://www.gap.com/webcontent/0061/609/479/cn61609479.jpg | https://www.gap.com/webcontent/0060/698/641/cn60698641.jpg | https://www.gap.com/webcontent/0061/609/471/cn61609471.jpg | https://www.gap.com/webcontent/0061/390/966/cn61390966.jpg,True,& care 100% Nylon. Hand wash. Lay flat to dry. Imported. Shipping & returns Customers also viewed Kids Quilted Weekender Bag $69.95 $41.00 40% off + extra 10% in the app Kids Quilted Colorblock Duffel Bag $69.95 $34.00 50% off + extra 10% in the app Kids Quilted Weekender Bag $69.95 $34.00 50% off + extra 10% in the app Kids Quilted Brannan Bear Weekender Bag $69.95 $27.00 60% off + extra 10% in the app Kids Jelly Ballet Flats $39.95 $23.00 40% off + extra 10% in the app You may also like Kids Quilted Pouch $34.95 $20.00 40% off + extra 10% in the app Kids Bow Logo Crossbody Bag $34.95 $13.00 60% off + extra 10% in the app Kids Quilted Weekender Bag $69.95 $27.00 60% off + extra 10% in the app Kids Jelly Ballet Flats $39.95 $23.00 40% off + extra 10% in the app Kids Relaxed Graphic Crewneck Sweater $49.95 $24.00 50% off + extra 10% in the app Kids Jelly Ballet Flats $39.95 $23.00 40% off + extra 10% in the app Kids Sanrio Oversized Graphic T-Shirt $29.95 $17.00 40% off + extra 10% in the app Kids VintageSoft Logo Hoodie $49.95 $29.00 40% off + extra 10% in the app Kids Sanrio Oversized Graphic T-Shirt $29.95 $17.00 40% off + extra 10% in the app Kids KPop Demon Hunters Graphic Tunic T-Shirt $34.95 $20.00 40% off + extra 10% in the app,& care 100% Nylon. Hand wash. Lay flat to dry. Imported. Shipping & returns Customers also viewed Kids Quilted Weekender Bag $69.95 $41.00 40% off + extra 10% in the app Kids Quilted Colorblock Duffel Bag $69.95 $34.00 50% off + extra 10% in the app Kids Quilted Weekender Bag $69.95 $34.00 50% off + extra 10% in the app Kids Quilted Brannan Bear Weekender Bag $69.95 $27.00 60% off + extra 10% in the app Kids Jelly Ballet Flats $39.95 $23.00 40% off + extra 10% in the app You may also like Kids Quilted Pouch $34.95 $20.00 40% off + extra 10% in the app Kids Bow Logo Crossbody Bag $34.95 $13.00 60% off + extra 10% in the app Kids Quilted Weekender Bag $69.95 $27.00 60% off + extra 10% in the app Kids Jelly Ballet Flats $39.95 $23.00 40% off + extra 10% in the app Kids Relaxed Graphic Crewneck Sweater $49.95 $24.00 50% off + extra 10% in the app Kids Jelly Ballet Flats $39.95 $23.00 40% off + extra 10% in the app Kids Sanrio Oversized Graphic T-Shirt $29.95 $17.00 40% off + extra 10% in the app Kids VintageSoft Logo Hoodie $49.95 $29.00 40% off + extra 10% in the app Kids Sanrio Oversized Graphic T-Shirt $29.95 $17.00 40% off + extra 10% in the app Kids KPop Demon Hunters Graphic Tunic T-Shirt $34.95 $20.00 40% off + extra 10% in the app,Kids Hello Kitty Duffle Bag,,USD,53.0,89.95,"This duffle bag is made with a nylon upper. Adjustable, removable shoulder strap. Handles at top, zip top closure. Luggage sleeve at back. Allover embroidered Hello Kitty bow graphics. #883723",883723002,https://www.gap.com/browse/product.do?pid=883723002&vid=1&pcid=3046567&cid=3046567,False,2,1,2026-02-22,One Size,883723,
In stock,0,,Gap,100% Polyester. Imported. Shipping & returns Customers also viewed Kids Quilted Weekender Bag $69.95 $41.00 40% off + extra 10% in the app Kids Shimmer Straw Backpack $39.95 $23.00 40% off + extra 10% in the app Kids Denim Terry Heart Baseball Hat $19.95 $11.00 40% off + extra 10% in the app Kids Quilted Brannan Bear Weekender Bag $69.95 $27.00 60% off + extra 10% in the app Kids Jelly Ballet Flats $39.95 $23.00 40% off + extra 10% in the app You may also like Kids Jelly Ballet Flats $39.95 $23.00 40% off + extra 10% in the app Kids Hello Kitty Duffle Bag $89.95 $53.00 40% off + extra 10% in the app Kids Crochet Mary Jane Flats $49.95 $29.00 40% off + extra 10% in the app Kids Quilted Weekender Bag $69.95 $27.00 60% off + extra 10% in the app Kids Bucket Hat $24.95 $14.00 40% off + extra 10% in the app Kids Crochet Mary Jane Flats $49.95 $29.00 40% off + extra 10% in the app Kids Jelly Ballet Flats $39.95 $23.00 40% off + extra 10% in the app Kids Sheer Dot Crew Socks (2-Pack) $12.95 $7.00 40% off + extra 10% in the app Kids Quarter Crew Socks (3-Pack) $14.95 $8.00 40% off + extra 10% in the app Kids Barrel Overalls $64.95 $38.00 40% off + extra 10% in the app,Girls / Shop All Accessories > Girls > Shop All Accessories,Cherry print,Soft quilted woven accessories pouch. Zipper at top. Fully lined. Assorted allover prints. Certain styles have a pom chain detail at zipper. Product #883721,One Size 1 Add to Bag PayPal Pay in 4 Afterpay and Klarna available for orders $35+ Free fast shipping on $50+ for Rewards Members. Sign in or Join In stock In-store pickup Select a Store,One Size 1 Add to Bag PayPal Pay in 4 Afterpay and Klarna available for orders $35+ Free fast shipping on $50+ for Rewards Members. Sign in or Join In stock In-store pickup Select a Store,19,https://www.gap.com/webcontent/0061/716/343/cn61716343.jpg,https://www.gap.com/webcontent/0061/716/343/cn61716343.jpg | https://www.gap.com/webcontent/0061/932/148/cn61932148.jpg | https://www.gap.com/webcontent/0061/932/193/cn61932193.jpg | https://www.gap.com/webcontent/0061/932/205/cn61932205.jpg | https://www.gap.com/webcontent/0061/830/819/cn61830819.jpg | https://www.gap.com/webcontent/0061/695/341/cn61695341.jpg | https://www.gap.com/webcontent/0061/234/213/cn61234213.jpg | https://www.gap.com/webcontent/0061/136/135/cn61136135.jpg | https://www.gap.com/webcontent/0061/561/453/cn61561453.jpg | https://www.gap.com/webcontent/0061/561/450/cn61561450.jpg | https://www.gap.com/webcontent/0061/692/725/cn61692725.jpg | https://www.gap.com/webcontent/0061/206/452/cn61206452.jpg | https://www.gap.com/webcontent/0060/366/819/cn60366819.jpg | https://www.gap.com/webcontent/0061/604/344/cn61604344.jpg | https://www.gap.com/webcontent/0061/206/460/cn61206460.jpg | https://www.gap.com/webcontent/0061/561/457/cn61561457.jpg | https://www.gap.com/webcontent/0061/206/450/cn61206450.jpg | https://www.gap.com/webcontent/0028/183/860/cn28183860.jpg | https://www.gap.com/webcontent/0061/352/955/cn61352955.jpg,True,& care 100% Polyester. Imported. Shipping & returns Customers also viewed Kids Quilted Weekender Bag $69.95 $41.00 40% off + extra 10% in the app Kids Shimmer Straw Backpack $39.95 $23.00 40% off + extra 10% in the app Kids Denim Terry Heart Baseball Hat $19.95 $11.00 40% off + extra 10% in the app Kids Quilted Brannan Bear Weekender Bag $69.95 $27.00 60% off + extra 10% in the app Kids Jelly Ballet Flats $39.95 $23.00 40% off + extra 10% in the app You may also like Kids Jelly Ballet Flats $39.95 $23.00 40% off + extra 10% in the app Kids Hello Kitty Duffle Bag $89.95 $53.00 40% off + extra 10% in the app Kids Crochet Mary Jane Flats $49.95 $29.00 40% off + extra 10% in the app Kids Quilted Weekender Bag $69.95 $27.00 60% off + extra 10% in the app Kids Bucket Hat $24.95 $14.00 40% off + extra 10% in the app Kids Crochet Mary Jane Flats $49.95 $29.00 40% off + extra 10% in the app Kids Jelly Ballet Flats $39.95 $23.00 40% off + extra 10% in the app Kids Sheer Dot Crew Socks (2-Pack) $12.95 $7.00 40% off + extra 10% in the app Kids Quarter Crew Socks (3-Pack) $14.95 $8.00 40% off + extra 10% in the app Kids Barrel Overalls $64.95 $38.00 40% off + extra 10% in the app,& care 100% Polyester. Imported. Shipping & returns Customers also viewed Kids Quilted Weekender Bag $69.95 $41.00 40% off + extra 10% in the app Kids Shimmer Straw Backpack $39.95 $23.00 40% off + extra 10% in the app Kids Denim Terry Heart Baseball Hat $19.95 $11.00 40% off + extra 10% in the app Kids Quilted Brannan Bear Weekender Bag $69.95 $27.00 60% off + extra 10% in the app Kids Jelly Ballet Flats $39.95 $23.00 40% off + extra 10% in the app You may also like Kids Jelly Ballet Flats $39.95 $23.00 40% off + extra 10% in the app Kids Hello Kitty Duffle Bag $89.95 $53.00 40% off + extra 10% in the app Kids Crochet Mary Jane Flats $49.95 $29.00 40% off + extra 10% in the app Kids Quilted Weekender Bag $69.95 $27.00 60% off + extra 10% in the app Kids Bucket Hat $24.95 $14.00 40% off + extra 10% in the app Kids Crochet Mary Jane Flats $49.95 $29.00 40% off + extra 10% in the app Kids Jelly Ballet Flats $39.95 $23.00 40% off + extra 10% in the app Kids Sheer Dot Crew Socks (2-Pack) $12.95 $7.00 40% off + extra 10% in the app Kids Quarter Crew Socks (3-Pack) $14.95 $8.00 40% off + extra 10% in the app Kids Barrel Overalls $64.95 $38.00 40% off + extra 10% in the app,Kids Quilted Pouch,,USD,20.0,34.95,Soft quilted woven accessories pouch. Zipper at top. Fully lined. Assorted allover prints. Certain styles have a pom chain detail at zipper. Product #883721,883721012,https://www.gap.com/browse/product.do?pid=883721012&vid=1&pcid=3046567&cid=3046567,False,0,,2026-02-22,One Size,883721,
In stock,4.7,,Gap,100% Polyester. Spot clean. Imported. Shipping & returns Customers also viewed Logo Tote Keychain Charm $19.95 $11.00 40% off + extra 10% in the app Brannan Bear Scarf Keychain Charm $19.95 $9.00 50% off + extra 10% in the app Logo Tote Keychain Charm $19.95 $11.00 40% off + extra 10% in the app Logo Hoodie Keychain Charm $14.95 $7.00 50% off + extra 10% in the app Logo Tote Keychain Charm $19.95 $11.00 40% off + extra 10% in the app You may also like Logo Tote Keychain Charm $19.95 $11.00 40% off + extra 10% in the app Brannan Bear Nap Hoodie Keychain Charm $19.95 $11.00 40% off + extra 10% in the app Logo Tote Keychain Charm $19.95 $11.00 40% off + extra 10% in the app Gap Logo Tote Bag $59.95 $35.00 40% off + extra 10% in the app Logo Tote Keychain Charm $19.95 $11.00 40% off + extra 10% in the app Brannan Bear Sweater Keychain Charm $19.95 $11.00 40% off + extra 10% in the app Logo Tote Keychain Charm $19.95 $11.00 40% off + extra 10% in the app Brannan Bear Sleep Keychain Charm $19.95 $11.00 40% off + extra 10% in the app Logo Tote Keychain Charm $19.95 $11.00 40% off + extra 10% in the app Gap Logo Tote Bag $54.95 $43.00 20% off + extra 10% in the app,Women / Bags & Bag Charms > Women > Bags & Bag Charms,Black | Standout pink | Light heather grey | Sled red,"Suitable for all ages. Soft fleece hoodie made for plushies, toys, and dolls. Hooded neckline with drawcords and ear holes. Short sleeves. Gap arch logo at front. Note: Brannan Bear toy not included. #890431",Size Guide,Size Guide,24,https://www.gap.com/webcontent/0061/283/078/cn61283078.jpg,"https://www.gap.com/webcontent/0061/283/078/cn61283078.jpg | https://www.gap.com/webcontent/0061/271/173/cn61271173.jpg | https://www.gap.com/webcontent/0061/271/206/cn61271206.jpg | https://www.gap.com/webcontent/0061/283/074/cn61283074.jpg | https://www.gap.com/webcontent/0061/271/169/cn61271169.jpg | https://www.gap.com/webcontent/0061/271/199/cn61271199.jpg | https://www.gap.com/webcontent/0060/260/930/cn60260930.jpg | https://www.gap.com/webcontent/0061/456/379/cn61456379.jpg | https://www.gap.com/webcontent/0059/961/326/cn59961326.jpg | https://www.gap.com/webcontent/0059/961/291/cn59961291.jpg | https://www.gap.com/webcontent/0061/518/483/cn61518483.jpg | https://www.gap.com/webcontent/0061/520/379/cn61520379.jpg | https://www.gap.com/webcontent/0061/456/373/cn61456373.jpg | https://www.gap.com/webcontent/0059/961/297/cn59961297.jpg | https://www.gap.com/webcontent/0061/624/045/cn61624045.jpg | https://www.gap.com/webcontent/0061/502/310/cn61502310.jpg | https://www.gap.com/webcontent/0061/519/686/cn61519686.jpg | https://www.gap.com/webcontent/0061/502/328/cn61502328.jpg | https://www.gap.com/webcontent/0061/456/364/cn61456364.jpg | https://www.gap.com/webcontent/0059/961/294/cn59961294.jpg | https://www.gap.com/webcontent/0061/502/386/cn61502386.jpg | https://media.powerreviews.com/image/upload/c_thumb,d_portal-no-product-image_ttlfpi.svg,h_150,q_auto,w_150/d_portal-no-product-image_ttlfpi.svg/prod/kivlb70lxqpj2icijlse.webp | https://media.powerreviews.com/image/upload/c_thumb,d_portal-no-product-image_ttlfpi.svg,h_150,q_auto,w_150/d_portal-no-product-image_ttlfpi.svg/prod/okrucpjfmdddphxvq9cx.webp | https://media.powerreviews.com/image/upload/c_thumb,d_portal-no-product-image_ttlfpi.svg,h_150,q_auto,w_150/d_portal-no-product-image_ttlfpi.svg/prod/j2mmnuzouzlkf6dmltjr.webp",True,& care 100% Polyester. Spot clean. Imported. Shipping & returns Customers also viewed Logo Tote Keychain Charm $19.95 $11.00 40% off + extra 10% in the app Brannan Bear Scarf Keychain Charm $19.95 $9.00 50% off + extra 10% in the app Logo Tote Keychain Charm $19.95 $11.00 40% off + extra 10% in the app Logo Hoodie Keychain Charm $14.95 $7.00 50% off + extra 10% in the app Logo Tote Keychain Charm $19.95 $11.00 40% off + extra 10% in the app You may also like Logo Tote Keychain Charm $19.95 $11.00 40% off + extra 10% in the app Brannan Bear Nap Hoodie Keychain Charm $19.95 $11.00 40% off + extra 10% in the app Logo Tote Keychain Charm $19.95 $11.00 40% off + extra 10% in the app Gap Logo Tote Bag $59.95 $35.00 40% off + extra 10% in the app Logo Tote Keychain Charm $19.95 $11.00 40% off + extra 10% in the app Brannan Bear Sweater Keychain Charm $19.95 $11.00 40% off + extra 10% in the app Logo Tote Keychain Charm $19.95 $11.00 40% off + extra 10% in the app Brannan Bear Sleep Keychain Charm $19.95 $11.00 40% off + extra 10% in the app Logo Tote Keychain Charm $19.95 $11.00 40% off + extra 10% in the app Gap Logo Tote Bag $54.95 $43.00 20% off + extra 10% in the app,& care 100% Polyester. Spot clean. Imported. Shipping & returns Customers also viewed Logo Tote Keychain Charm $19.95 $11.00 40% off + extra 10% in the app Brannan Bear Scarf Keychain Charm $19.95 $9.00 50% off + extra 10% in the app Logo Tote Keychain Charm $19.95 $11.00 40% off + extra 10% in the app Logo Hoodie Keychain Charm $14.95 $7.00 50% off + extra 10% in the app Logo Tote Keychain Charm $19.95 $11.00 40% off + extra 10% in the app You may also like Logo Tote Keychain Charm $19.95 $11.00 40% off + extra 10% in the app Brannan Bear Nap Hoodie Keychain Charm $19.95 $11.00 40% off + extra 10% in the app Logo Tote Keychain Charm $19.95 $11.00 40% off + extra 10% in the app Gap Logo Tote Bag $59.95 $35.00 40% off + extra 10% in the app Logo Tote Keychain Charm $19.95 $11.00 40% off + extra 10% in the app Brannan Bear Sweater Keychain Charm $19.95 $11.00 40% off + extra 10% in the app Logo Tote Keychain Charm $19.95 $11.00 40% off + extra 10% in the app Brannan Bear Sleep Keychain Charm $19.95 $11.00 40% off + extra 10% in the app Logo Tote Keychain Charm $19.95 $11.00 40% off + extra 10% in the app Gap Logo Tote Bag $54.95 $43.00 20% off + extra 10% in the app,Toy Logo Hoodie,,USD,7.0,14.95,"Suitable for all ages. Soft fleece hoodie made for plushies, toys, and dolls. Hooded neckline with drawcords and ear holes. Short sleeves. Gap arch logo at front. Note: Brannan Bear toy not included. #890431",890431002,https://www.gap.com/browse/product.do?pid=890431002&vid=1&pcid=3046544&cid=3051539,False,11,11,2026-02-22,One Size,890431,
In stock,0,,Gap,100% Denim. Spot clean. Imported. Shipping & returns Customers also viewed Logo Tote Keychain Charm $19.95 $15.00 20% off + extra 10% in the app Brannan Bear Denim Jacket Keychain Charm $19.95 $13.00 30% off + extra 10% in the app Logo Tote Keychain Charm $19.95 $11.00 40% off + extra 10% in the app Logo Hoodie Keychain Charm $14.95 $7.00 50% off + extra 10% in the app Logo Tote Keychain Charm $19.95 $11.00 40% off + extra 10% in the app You may also like Logo Tote Keychain Charm $19.95 $11.00 40% off + extra 10% in the app Brannan Bear Sleep Keychain Charm $19.95 $11.00 40% off + extra 10% in the app Logo Tote Keychain Charm $19.95 $11.00 40% off + extra 10% in the app Toy Logo Hoodie $14.95 $7.00 50% off + extra 10% in the app Logo Tote Keychain Charm $19.95 $11.00 40% off + extra 10% in the app Toy Logo Hoodie $14.95 $7.00 50% off + extra 10% in the app Logo Tote Keychain Charm $19.95 $11.00 40% off + extra 10% in the app Brannan Bear Hoodie Keychain Charm $19.95 $11.00 40% off + extra 10% in the app Logo Tote Keychain Charm $19.95 $11.00 40% off + extra 10% in the app Gap Logo Tote Bag $54.95 $43.00 20% off + extra 10% in the app,"Women / Bags, Scarves & More > Women > Bags, Scarves & More",Medium wash,"Authentic cotton denim keychain charm. Metal key ring. Gap arch logo at back pocket. This product was made in a factory that invests in gender equity and women’s empowerment through RISE. Learn more at <a href="" https://www.gapinc.com/en-us/impact/bridging-the-equity-gap/p-a-c-e-and-rise""><u>gapinc.com/equity </u></a>. #890384",Size Guide,Size Guide,19,https://www.gap.com/webcontent/0061/645/883/cn61645883.jpg,https://www.gap.com/webcontent/0061/645/883/cn61645883.jpg | https://www.gap.com/webcontent/0061/645/028/cn61645028.jpg | https://www.gap.com/webcontent/0061/645/053/cn61645053.jpg | https://www.gap.com/webcontent/0061/728/229/cn61728229.jpg | https://www.gap.com/webcontent/0061/438/679/cn61438679.jpg | https://www.gap.com/webcontent/0059/961/326/cn59961326.jpg | https://www.gap.com/webcontent/0059/961/291/cn59961291.jpg | https://www.gap.com/webcontent/0061/520/379/cn61520379.jpg | https://www.gap.com/webcontent/0060/260/930/cn60260930.jpg | https://www.gap.com/webcontent/0061/456/364/cn61456364.jpg | https://www.gap.com/webcontent/0061/502/307/cn61502307.jpg | https://www.gap.com/webcontent/0061/283/114/cn61283114.jpg | https://www.gap.com/webcontent/0061/518/483/cn61518483.jpg | https://www.gap.com/webcontent/0061/283/007/cn61283007.jpg | https://www.gap.com/webcontent/0059/961/294/cn59961294.jpg | https://www.gap.com/webcontent/0060/519/057/cn60519057.jpg | https://www.gap.com/webcontent/0061/502/328/cn61502328.jpg | https://www.gap.com/webcontent/0061/603/953/cn61603953.jpg | https://cdn.cookielaw.org/logos/e1cf9ab6-fc39-4557-b4ef-4393861dad52/d229a1c3-b8ad-46ad-9bdb-8311fd460a5f/c85f6701-9eae-4a9f-b770-87eee2dae9fc/Logo_color_lockup@3x.png,True,& care 100% Denim. Spot clean. Imported. Shipping & returns Customers also viewed Logo Tote Keychain Charm $19.95 $15.00 20% off + extra 10% in the app Brannan Bear Denim Jacket Keychain Charm $19.95 $13.00 30% off + extra 10% in the app Logo Tote Keychain Charm $19.95 $11.00 40% off + extra 10% in the app Logo Hoodie Keychain Charm $14.95 $7.00 50% off + extra 10% in the app Logo Tote Keychain Charm $19.95 $11.00 40% off + extra 10% in the app You may also like Logo Tote Keychain Charm $19.95 $11.00 40% off + extra 10% in the app Brannan Bear Sleep Keychain Charm $19.95 $11.00 40% off + extra 10% in the app Logo Tote Keychain Charm $19.95 $11.00 40% off + extra 10% in the app Toy Logo Hoodie $14.95 $7.00 50% off + extra 10% in the app Logo Tote Keychain Charm $19.95 $11.00 40% off + extra 10% in the app Toy Logo Hoodie $14.95 $7.00 50% off + extra 10% in the app Logo Tote Keychain Charm $19.95 $11.00 40% off + extra 10% in the app Brannan Bear Hoodie Keychain Charm $19.95 $11.00 40% off + extra 10% in the app Logo Tote Keychain Charm $19.95 $11.00 40% off + extra 10% in the app Gap Logo Tote Bag $54.95 $43.00 20% off + extra 10% in the app,& care 100% Denim. Spot clean. Imported. Shipping & returns Customers also viewed Logo Tote Keychain Charm $19.95 $15.00 20% off + extra 10% in the app Brannan Bear Denim Jacket Keychain Charm $19.95 $13.00 30% off + extra 10% in the app Logo Tote Keychain Charm $19.95 $11.00 40% off + extra 10% in the app Logo Hoodie Keychain Charm $14.95 $7.00 50% off + extra 10% in the app Logo Tote Keychain Charm $19.95 $11.00 40% off + extra 10% in the app You may also like Logo Tote Keychain Charm $19.95 $11.00 40% off + extra 10% in the app Brannan Bear Sleep Keychain Charm $19.95 $11.00 40% off + extra 10% in the app Logo Tote Keychain Charm $19.95 $11.00 40% off + extra 10% in the app Toy Logo Hoodie $14.95 $7.00 50% off + extra 10% in the app Logo Tote Keychain Charm $19.95 $11.00 40% off + extra 10% in the app Toy Logo Hoodie $14.95 $7.00 50% off + extra 10% in the app Logo Tote Keychain Charm $19.95 $11.00 40% off + extra 10% in the app Brannan Bear Hoodie Keychain Charm $19.95 $11.00 40% off + extra 10% in the app Logo Tote Keychain Charm $19.95 $11.00 40% off + extra 10% in the app Gap Logo Tote Bag $54.95 $43.00 20% off + extra 10% in the app,Gap Jeans Keychain Charm,,USD,11.0,19.95,Authentic cotton denim keychain charm. Metal key ring. Gap arch logo at back pocket. This product was made in a factory that invests in gender equity and women’s empowerment through RISE. Learn more at gapinc.com/equity . #890384 Fabric & care 100% Denim. Spot clean. Imported. Shipping & returns Customers also viewed Logo Tote Keychain Charm $19.95 $15.00 20% off + extra 10% in the app Brannan Bear Denim Jacket Keychain Charm $19.95 $13.00 30% off + extra 10% in the app Logo Tote Keychain Charm $19.95 $11.00 40% off + extra 10% in the app Logo Hoodie Keychain Charm $14.95 $7.00 50% off + extra 10% in the app Logo Tote Keychain Charm $19.95 $11.00 40% off + extra 10% in the app You may also like Logo Tote Keychain Charm $19.95 $11.00 40% off + extra 10% in the app Brannan Bear Sleep Keychain Charm $19.95 $11.00 40% off + extra 10% in the app Logo Tote Keychain Charm $19.95 $11.00 40% off + extra 10% in the app Toy Logo Hoodie $14.95 $7.00 50% off + extra 10% in the app Logo Tote Keychain Charm $19.95 $11.00 40% off + extra 10% in the app Toy Logo Hoodie $14.95 $7.00 50% off + extra 10% in the app Logo Tote Keychain Charm $19.95 $11.00 40% off + extra 10% in the app Brannan Bear Hoodie Keychain Charm $19.95 $11.00 40% off + extra 10% in the app Logo Tote Keychain Charm $19.95 $11.00 40% off + extra 10% in the app Gap Logo Tote Bag $54.95 $43.00 20% off + extra 10% in the app,890384002,https://www.gap.com/browse/product.do?pid=890384002&vid=1&pcid=3046544&cid=3046544,False,0,,2026-02-22,One Size,890384,
In stock,0,,Gap,100% Cotton. Spot clean. Imported. Shipping & returns Robert Indiana Love Denim Bag $34.00 $27.00 20% off + extra 10% in the app Robert Indiana VintageSoft LOVE Sweatshirt $78.00 $62.00 20% off + extra 10% in the app Kids Robert Indiana LOVE Hoodie $58.00 $46.00 20% off + extra 10% in the app Robert Indiana LOVE Crew Socks $14.00 $11.00 20% off + extra 10% in the app Robert Indiana LOVE Baseball Hat $34.00 $27.00 20% off + extra 10% in the app You may also like Waxed Canvas Tote Bag $74.95 $44.00 40% off + extra 10% in the app Hill City Tote Bag $59.95 Excluded from promotions Gap × Sushi Club Logo Trucker Hat $95.00 Excluded from promotions Waxed Canvas Tote Bag $74.95 $44.00 40% off + extra 10% in the app Heart Crew Socks $15.95 $14.00 Extra 10% off in the app Gap Logo Baseball Hat $29.95 $17.00 40% off + extra 10% in the app Gap × Sushi Club Heavyweight Logo Hoodie $175.00 Excluded from promotions Brannan Bear Beanie $39.95 $15.00 60% off + extra 10% in the app Denim Brannan Bear Baseball Hat $29.95 Extra 10% off in the app Varsity Crew Socks $15.95 $9.00 40% off + extra 10% in the app,Men / Bags > Men > Bags,MULTI,Sturdy cotton tote bag. Shoulder strap at top. LOVE graphic at front pocket. #890379,Size Guide,Size Guide,24,https://www.gap.com/webcontent/0061/329/316/cn61329316.jpg,https://www.gap.com/webcontent/0061/329/316/cn61329316.jpg | https://www.gap.com/webcontent/0061/578/604/cn61578604.jpg | https://www.gap.com/webcontent/0061/578/729/cn61578729.jpg | https://www.gap.com/webcontent/0061/507/988/cn61507988.jpg | https://www.gap.com/webcontent/0061/329/312/cn61329312.jpg | https://www.gap.com/webcontent/0061/578/596/cn61578596.jpg | https://www.gap.com/webcontent/0061/578/727/cn61578727.jpg | https://www.gap.com/webcontent/0061/507/986/cn61507986.jpg | https://www.gap.com/webcontent/0061/329/325/cn61329325.jpg | https://www.gap.com/webcontent/0061/297/156/cn61297156.jpg | https://www.gap.com/webcontent/0061/314/488/cn61314488.jpg | https://www.gap.com/webcontent/0061/329/314/cn61329314.jpg | https://www.gap.com/webcontent/0061/333/196/cn61333196.jpg | https://www.gap.com/webcontent/0061/456/208/cn61456208.jpg | https://www.gap.com/webcontent/0060/784/244/cn60784244.jpg | https://www.gap.com/webcontent/0061/791/294/cn61791294.jpg | https://www.gap.com/webcontent/0061/456/198/cn61456198.jpg | https://www.gap.com/webcontent/0061/183/497/cn61183497.jpg | https://www.gap.com/webcontent/0061/167/522/cn61167522.jpg | https://www.gap.com/webcontent/0061/807/149/cn61807149.jpg | https://www.gap.com/webcontent/0060/535/667/cn60535667.jpg | https://www.gap.com/webcontent/0061/167/560/cn61167560.jpg | https://www.gap.com/webcontent/0061/183/618/cn61183618.jpg | https://cdn.cookielaw.org/logos/e1cf9ab6-fc39-4557-b4ef-4393861dad52/d229a1c3-b8ad-46ad-9bdb-8311fd460a5f/c85f6701-9eae-4a9f-b770-87eee2dae9fc/Logo_color_lockup@3x.png,True,& care 100% Cotton. Spot clean. Imported. Shipping & returns Robert Indiana Love Denim Bag $34.00 $27.00 20% off + extra 10% in the app Robert Indiana VintageSoft LOVE Sweatshirt $78.00 $62.00 20% off + extra 10% in the app Kids Robert Indiana LOVE Hoodie $58.00 $46.00 20% off + extra 10% in the app Robert Indiana LOVE Crew Socks $14.00 $11.00 20% off + extra 10% in the app Robert Indiana LOVE Baseball Hat $34.00 $27.00 20% off + extra 10% in the app You may also like Waxed Canvas Tote Bag $74.95 $44.00 40% off + extra 10% in the app Hill City Tote Bag $59.95 Excluded from promotions Gap × Sushi Club Logo Trucker Hat $95.00 Excluded from promotions Waxed Canvas Tote Bag $74.95 $44.00 40% off + extra 10% in the app Heart Crew Socks $15.95 $14.00 Extra 10% off in the app Gap Logo Baseball Hat $29.95 $17.00 40% off + extra 10% in the app Gap × Sushi Club Heavyweight Logo Hoodie $175.00 Excluded from promotions Brannan Bear Beanie $39.95 $15.00 60% off + extra 10% in the app Denim Brannan Bear Baseball Hat $29.95 Extra 10% off in the app Varsity Crew Socks $15.95 $9.00 40% off + extra 10% in the app,& care 100% Cotton. Spot clean. Imported. Shipping & returns Robert Indiana Love Denim Bag $34.00 $27.00 20% off + extra 10% in the app Robert Indiana VintageSoft LOVE Sweatshirt $78.00 $62.00 20% off + extra 10% in the app Kids Robert Indiana LOVE Hoodie $58.00 $46.00 20% off + extra 10% in the app Robert Indiana LOVE Crew Socks $14.00 $11.00 20% off + extra 10% in the app Robert Indiana LOVE Baseball Hat $34.00 $27.00 20% off + extra 10% in the app You may also like Waxed Canvas Tote Bag $74.95 $44.00 40% off + extra 10% in the app Hill City Tote Bag $59.95 Excluded from promotions Gap × Sushi Club Logo Trucker Hat $95.00 Excluded from promotions Waxed Canvas Tote Bag $74.95 $44.00 40% off + extra 10% in the app Heart Crew Socks $15.95 $14.00 Extra 10% off in the app Gap Logo Baseball Hat $29.95 $17.00 40% off + extra 10% in the app Gap × Sushi Club Heavyweight Logo Hoodie $175.00 Excluded from promotions Brannan Bear Beanie $39.95 $15.00 60% off + extra 10% in the app Denim Brannan Bear Baseball Hat $29.95 Extra 10% off in the app Varsity Crew Socks $15.95 $9.00 40% off + extra 10% in the app,Robert Indiana LOVE Tote Bag,,USD,62.0,78.0,"A self-proclaimed “painter of signs,” Indiana explored the power of abstraction and language in a highly original body of work. Inspiring a new take on the essentials we all know — and love. Sturdy cotton tote bag. Shoulder strap at top. LOVE graphic at front pocket. #890379",890379002,https://www.gap.com/browse/product.do?pid=890379002&vid=1&pcid=3046544&cid=3051538,True,0,,2026-02-22,One Size,890379,
In stock,0,,Gap,100% Polyester. Spot clean. Imported. Shipping & returns Customers also viewed Kids Quilted Pouch $34.95 $20.00 40% off + extra 10% in the app Kids Shimmer Straw Backpack $39.95 $23.00 40% off + extra 10% in the app Kids Quilted Brannan Bear Weekender Bag $69.95 $27.00 60% off + extra 10% in the app Kids Jelly Ballet Flats $39.95 $23.00 40% off + extra 10% in the app Kids Crochet Mary Jane Flats $49.95 $29.00 40% off + extra 10% in the app You may also like Kids Denim Terry Heart Baseball Hat $19.95 $11.00 40% off + extra 10% in the app Kids Hello Kitty Duffle Bag $89.95 $53.00 40% off + extra 10% in the app Kids Crochet Mary Jane Flats $49.95 $29.00 40% off + extra 10% in the app Gap × Disney Kids Cross-Back One-Piece Swimsuit $44.95 $26.00 40% off + extra 10% in the app Kids Quilted Weekender Bag $69.95 $27.00 60% off + extra 10% in the app Kids Rash Guard Swim Two-Piece $49.95 $29.00 40% off + extra 10% in the app Kids Cross-Back One-Piece Swimsuit $39.95 $23.00 40% off + extra 10% in the app Kids Rash Guard Swim Two-Piece $49.95 $29.00 40% off + extra 10% in the app Kids Bow Logo Crossbody Bag $34.95 $13.00 60% off + extra 10% in the app Kids Slouchy Varsity Quarter Crew Socks (7-Pack) $24.95 $14.00 40% off + extra 10% in the app,Girls / Shop All Accessories > Girls > Shop All Accessories,Cherry print,This weekender bag is made with a quilted upper. Top handles. Adjustable shoulder strap. Certain styles have a pom detail at hook closure. Zipper closure. Pockets at front. Assorted allover prints. Product #883722,Size Guide,Size Guide,19,https://www.gap.com/webcontent/0061/830/819/cn61830819.jpg,https://www.gap.com/webcontent/0061/830/819/cn61830819.jpg | https://www.gap.com/webcontent/0061/932/192/cn61932192.jpg | https://www.gap.com/webcontent/0061/932/197/cn61932197.jpg | https://www.gap.com/webcontent/0061/716/343/cn61716343.jpg | https://www.gap.com/webcontent/0061/695/341/cn61695341.jpg | https://www.gap.com/webcontent/0061/136/135/cn61136135.jpg | https://www.gap.com/webcontent/0061/561/450/cn61561450.jpg | https://www.gap.com/webcontent/0061/206/460/cn61206460.jpg | https://www.gap.com/webcontent/0061/234/213/cn61234213.jpg | https://www.gap.com/webcontent/0061/692/725/cn61692725.jpg | https://www.gap.com/webcontent/0061/206/452/cn61206452.jpg | https://www.gap.com/webcontent/0061/666/998/cn61666998.jpg | https://www.gap.com/webcontent/0060/366/819/cn60366819.jpg | https://www.gap.com/webcontent/0061/667/025/cn61667025.jpg | https://www.gap.com/webcontent/0061/666/994/cn61666994.jpg | https://www.gap.com/webcontent/0061/667/000/cn61667000.jpg | https://www.gap.com/webcontent/0060/367/792/cn60367792.jpg | https://www.gap.com/webcontent/0061/625/796/cn61625796.jpg | https://cdn.cookielaw.org/logos/e1cf9ab6-fc39-4557-b4ef-4393861dad52/d229a1c3-b8ad-46ad-9bdb-8311fd460a5f/c85f6701-9eae-4a9f-b770-87eee2dae9fc/Logo_color_lockup@3x.png,True,& care 100% Polyester. Spot clean. Imported. Shipping & returns Customers also viewed Kids Quilted Pouch $34.95 $20.00 40% off + extra 10% in the app Kids Shimmer Straw Backpack $39.95 $23.00 40% off + extra 10% in the app Kids Quilted Brannan Bear Weekender Bag $69.95 $27.00 60% off + extra 10% in the app Kids Jelly Ballet Flats $39.95 $23.00 40% off + extra 10% in the app Kids Crochet Mary Jane Flats $49.95 $29.00 40% off + extra 10% in the app You may also like Kids Denim Terry Heart Baseball Hat $19.95 $11.00 40% off + extra 10% in the app Kids Hello Kitty Duffle Bag $89.95 $53.00 40% off + extra 10% in the app Kids Crochet Mary Jane Flats $49.95 $29.00 40% off + extra 10% in the app Gap × Disney Kids Cross-Back One-Piece Swimsuit $44.95 $26.00 40% off + extra 10% in the app Kids Quilted Weekender Bag $69.95 $27.00 60% off + extra 10% in the app Kids Rash Guard Swim Two-Piece $49.95 $29.00 40% off + extra 10% in the app Kids Cross-Back One-Piece Swimsuit $39.95 $23.00 40% off + extra 10% in the app Kids Rash Guard Swim Two-Piece $49.95 $29.00 40% off + extra 10% in the app Kids Bow Logo Crossbody Bag $34.95 $13.00 60% off + extra 10% in the app Kids Slouchy Varsity Quarter Crew Socks (7-Pack) $24.95 $14.00 40% off + extra 10% in the app,& care 100% Polyester. Spot clean. Imported. Shipping & returns Customers also viewed Kids Quilted Pouch $34.95 $20.00 40% off + extra 10% in the app Kids Shimmer Straw Backpack $39.95 $23.00 40% off + extra 10% in the app Kids Quilted Brannan Bear Weekender Bag $69.95 $27.00 60% off + extra 10% in the app Kids Jelly Ballet Flats $39.95 $23.00 40% off + extra 10% in the app Kids Crochet Mary Jane Flats $49.95 $29.00 40% off + extra 10% in the app You may also like Kids Denim Terry Heart Baseball Hat $19.95 $11.00 40% off + extra 10% in the app Kids Hello Kitty Duffle Bag $89.95 $53.00 40% off + extra 10% in the app Kids Crochet Mary Jane Flats $49.95 $29.00 40% off + extra 10% in the app Gap × Disney Kids Cross-Back One-Piece Swimsuit $44.95 $26.00 40% off + extra 10% in the app Kids Quilted Weekender Bag $69.95 $27.00 60% off + extra 10% in the app Kids Rash Guard Swim Two-Piece $49.95 $29.00 40% off + extra 10% in the app Kids Cross-Back One-Piece Swimsuit $39.95 $23.00 40% off + extra 10% in the app Kids Rash Guard Swim Two-Piece $49.95 $29.00 40% off + extra 10% in the app Kids Bow Logo Crossbody Bag $34.95 $13.00 60% off + extra 10% in the app Kids Slouchy Varsity Quarter Crew Socks (7-Pack) $24.95 $14.00 40% off + extra 10% in the app,Kids Quilted Weekender Bag,,USD,41.0,69.95,This weekender bag is made with a quilted upper. Top handles. Adjustable shoulder strap. Certain styles have a pom detail at hook closure. Zipper closure. Pockets at front. Assorted allover prints. Product #883722,883722002,https://www.gap.com/browse/product.do?pid=883722002&vid=1&pcid=3046567&cid=3046567,False,0,,2026-02-22,One Size,883722,
In stock,4.7,,Gap,100% Polyester. Spot clean. Imported. Shipping & returns Customers also viewed Logo Tote Keychain Charm $19.95 $11.00 40% off + extra 10% in the app Brannan Bear Denim Jacket Keychain Charm $19.95 $13.00 30% off + extra 10% in the app Logo Tote Keychain Charm $19.95 $11.00 40% off + extra 10% in the app Gap Logo Tote Bag $54.95 $43.00 20% off + extra 10% in the app Logo Tote Keychain Charm $19.95 $11.00 40% off + extra 10% in the app You may also like Brannan Bear Nap Hoodie Keychain Charm $19.95 $11.00 40% off + extra 10% in the app Logo Tote Keychain Charm $19.95 $11.00 40% off + extra 10% in the app Brannan Bear Scarf Keychain Charm $19.95 $9.00 50% off + extra 10% in the app Logo Hoodie Keychain Charm $14.95 $7.00 50% off + extra 10% in the app Logo Tote Keychain Charm $19.95 $11.00 40% off + extra 10% in the app Brannan Bear Sweater Keychain Charm $19.95 $11.00 40% off + extra 10% in the app Logo Tote Keychain Charm $19.95 $11.00 40% off + extra 10% in the app Brannan Bear Hoodie Keychain Charm $19.95 $17.00 Extra 10% off in the app Logo Tote Keychain Charm $19.95 $11.00 40% off + extra 10% in the app Gap Logo Tote Bag $54.95 $43.00 20% off + extra 10% in the app,Women / Bags & Bag Charms > Women > Bags & Bag Charms,Black | Standout pink | Light heather grey | Sled red,"Suitable for all ages. Soft fleece hoodie made for plushies, toys, and dolls. Hooded neckline with drawcords and ear holes. Short sleeves. Gap arch logo at front. Note: Brannan Bear toy not included. #890431",Size Guide,Size Guide,25,https://www.gap.com/webcontent/0061/283/119/cn61283119.jpg,"https://www.gap.com/webcontent/0061/283/119/cn61283119.jpg | https://www.gap.com/webcontent/0061/271/191/cn61271191.jpg | https://www.gap.com/webcontent/0061/271/214/cn61271214.jpg | https://www.gap.com/webcontent/0061/283/115/cn61283115.jpg | https://www.gap.com/webcontent/0061/271/187/cn61271187.jpg | https://www.gap.com/webcontent/0061/271/204/cn61271204.jpg | https://www.gap.com/webcontent/0059/961/326/cn59961326.jpg | https://www.gap.com/webcontent/0061/438/679/cn61438679.jpg | https://www.gap.com/webcontent/0061/502/310/cn61502310.jpg | https://www.gap.com/webcontent/0061/502/386/cn61502386.jpg | https://www.gap.com/webcontent/0060/260/930/cn60260930.jpg | https://www.gap.com/webcontent/0061/456/373/cn61456373.jpg | https://www.gap.com/webcontent/0061/520/379/cn61520379.jpg | https://www.gap.com/webcontent/0061/456/379/cn61456379.jpg | https://www.gap.com/webcontent/0059/961/291/cn59961291.jpg | https://www.gap.com/webcontent/0061/502/307/cn61502307.jpg | https://www.gap.com/webcontent/0061/519/686/cn61519686.jpg | https://www.gap.com/webcontent/0061/502/328/cn61502328.jpg | https://www.gap.com/webcontent/0060/625/989/cn60625989.jpg | https://www.gap.com/webcontent/0061/502/335/cn61502335.jpg | https://www.gap.com/webcontent/0061/518/912/cn61518912.jpg | https://media.powerreviews.com/image/upload/c_thumb,d_portal-no-product-image_ttlfpi.svg,h_150,q_auto,w_150/d_portal-no-product-image_ttlfpi.svg/prod/kivlb70lxqpj2icijlse.webp | https://media.powerreviews.com/image/upload/c_thumb,d_portal-no-product-image_ttlfpi.svg,h_150,q_auto,w_150/d_portal-no-product-image_ttlfpi.svg/prod/okrucpjfmdddphxvq9cx.webp | https://media.powerreviews.com/image/upload/c_thumb,d_portal-no-product-image_ttlfpi.svg,h_150,q_auto,w_150/d_portal-no-product-image_ttlfpi.svg/prod/j2mmnuzouzlkf6dmltjr.webp | https://cdn.cookielaw.org/logos/e1cf9ab6-fc39-4557-b4ef-4393861dad52/d229a1c3-b8ad-46ad-9bdb-8311fd460a5f/c85f6701-9eae-4a9f-b770-87eee2dae9fc/Logo_color_lockup@3x.png",True,& care 100% Polyester. Spot clean. Imported. Shipping & returns Customers also viewed Logo Tote Keychain Charm $19.95 $11.00 40% off + extra 10% in the app Brannan Bear Denim Jacket Keychain Charm $19.95 $13.00 30% off + extra 10% in the app Logo Tote Keychain Charm $19.95 $11.00 40% off + extra 10% in the app Gap Logo Tote Bag $54.95 $43.00 20% off + extra 10% in the app Logo Tote Keychain Charm $19.95 $11.00 40% off + extra 10% in the app You may also like Brannan Bear Nap Hoodie Keychain Charm $19.95 $11.00 40% off + extra 10% in the app Logo Tote Keychain Charm $19.95 $11.00 40% off + extra 10% in the app Brannan Bear Scarf Keychain Charm $19.95 $9.00 50% off + extra 10% in the app Logo Hoodie Keychain Charm $14.95 $7.00 50% off + extra 10% in the app Logo Tote Keychain Charm $19.95 $11.00 40% off + extra 10% in the app Brannan Bear Sweater Keychain Charm $19.95 $11.00 40% off + extra 10% in the app Logo Tote Keychain Charm $19.95 $11.00 40% off + extra 10% in the app Brannan Bear Hoodie Keychain Charm $19.95 $17.00 Extra 10% off in the app Logo Tote Keychain Charm $19.95 $11.00 40% off + extra 10% in the app Gap Logo Tote Bag $54.95 $43.00 20% off + extra 10% in the app,& care 100% Polyester. Spot clean. Imported. Shipping & returns Customers also viewed Logo Tote Keychain Charm $19.95 $11.00 40% off + extra 10% in the app Brannan Bear Denim Jacket Keychain Charm $19.95 $13.00 30% off + extra 10% in the app Logo Tote Keychain Charm $19.95 $11.00 40% off + extra 10% in the app Gap Logo Tote Bag $54.95 $43.00 20% off + extra 10% in the app Logo Tote Keychain Charm $19.95 $11.00 40% off + extra 10% in the app You may also like Brannan Bear Nap Hoodie Keychain Charm $19.95 $11.00 40% off + extra 10% in the app Logo Tote Keychain Charm $19.95 $11.00 40% off + extra 10% in the app Brannan Bear Scarf Keychain Charm $19.95 $9.00 50% off + extra 10% in the app Logo Hoodie Keychain Charm $14.95 $7.00 50% off + extra 10% in the app Logo Tote Keychain Charm $19.95 $11.00 40% off + extra 10% in the app Brannan Bear Sweater Keychain Charm $19.95 $11.00 40% off + extra 10% in the app Logo Tote Keychain Charm $19.95 $11.00 40% off + extra 10% in the app Brannan Bear Hoodie Keychain Charm $19.95 $17.00 Extra 10% off in the app Logo Tote Keychain Charm $19.95 $11.00 40% off + extra 10% in the app Gap Logo Tote Bag $54.95 $43.00 20% off + extra 10% in the app,Toy Logo Hoodie,,USD,7.0,14.95,"Suitable for all ages. Soft fleece hoodie made for plushies, toys, and dolls. Hooded neckline with drawcords and ear holes. Short sleeves. Gap arch logo at front. Note: Brannan Bear toy not included. #890431",890431012,https://www.gap.com/browse/product.do?pid=890431012&vid=1&pcid=3046544&cid=3046544,False,11,11,2026-02-22,One Size,890431,
In stock,4.7,,Gap,100% Polyester. Spot clean. Imported. Shipping & returns Customers also viewed Logo Tote Keychain Charm $19.95 $11.00 40% off + extra 10% in the app Brannan Bear Scarf Keychain Charm $19.95 $9.00 50% off + extra 10% in the app Logo Tote Keychain Charm $19.95 $11.00 40% off + extra 10% in the app Brannan Bear Hoodie Keychain Charm $19.95 $17.00 Extra 10% off in the app Logo Tote Keychain Charm $19.95 $11.00 40% off + extra 10% in the app You may also like Logo Tote Keychain Charm $19.95 $11.00 40% off + extra 10% in the app Logo Hoodie Keychain Charm $14.95 $7.00 50% off + extra 10% in the app Logo Tote Keychain Charm $19.95 $11.00 40% off + extra 10% in the app Gap Jeans Keychain Charm $19.95 $11.00 40% off + extra 10% in the app Logo Tote Keychain Charm $19.95 $15.00 20% off + extra 10% in the app Gap Logo Tote Bag $54.95 $43.00 20% off + extra 10% in the app Logo Tote Keychain Charm $19.95 $11.00 40% off + extra 10% in the app Gap Logo Tote Bag $54.95 $43.00 20% off + extra 10% in the app Logo Tote Keychain Charm $19.95 $11.00 40% off + extra 10% in the app Brannan Bear Sleep Keychain Charm $19.95 $11.00 40% off + extra 10% in the app,Women / Bags & Bag Charms > Women > Bags & Bag Charms,Black | Standout pink | Light heather grey | Sled red,"Suitable for all ages. Soft fleece hoodie made for plushies, toys, and dolls. Hooded neckline with drawcords and ear holes. Short sleeves. Gap arch logo at front. Note: Brannan Bear toy not included. #890431",Size Guide,Size Guide,24,https://www.gap.com/webcontent/0061/283/017/cn61283017.jpg,"https://www.gap.com/webcontent/0061/283/017/cn61283017.jpg | https://www.gap.com/webcontent/0061/270/939/cn61270939.jpg | https://www.gap.com/webcontent/0061/270/938/cn61270938.jpg | https://www.gap.com/webcontent/0061/283/014/cn61283014.jpg | https://www.gap.com/webcontent/0061/270/933/cn61270933.jpg | https://www.gap.com/webcontent/0061/270/932/cn61270932.jpg | https://www.gap.com/webcontent/0060/260/930/cn60260930.jpg | https://www.gap.com/webcontent/0061/456/379/cn61456379.jpg | https://www.gap.com/webcontent/0059/961/297/cn59961297.jpg | https://www.gap.com/webcontent/0060/625/989/cn60625989.jpg | https://www.gap.com/webcontent/0059/961/326/cn59961326.jpg | https://www.gap.com/webcontent/0061/520/379/cn61520379.jpg | https://www.gap.com/webcontent/0059/961/291/cn59961291.jpg | https://www.gap.com/webcontent/0061/518/483/cn61518483.jpg | https://www.gap.com/webcontent/0061/645/883/cn61645883.jpg | https://www.gap.com/webcontent/0061/518/416/cn61518416.jpg | https://www.gap.com/webcontent/0061/502/386/cn61502386.jpg | https://www.gap.com/webcontent/0061/502/310/cn61502310.jpg | https://www.gap.com/webcontent/0061/518/912/cn61518912.jpg | https://www.gap.com/webcontent/0061/502/335/cn61502335.jpg | https://www.gap.com/webcontent/0061/456/364/cn61456364.jpg | https://media.powerreviews.com/image/upload/c_thumb,d_portal-no-product-image_ttlfpi.svg,h_150,q_auto,w_150/d_portal-no-product-image_ttlfpi.svg/prod/kivlb70lxqpj2icijlse.webp | https://media.powerreviews.com/image/upload/c_thumb,d_portal-no-product-image_ttlfpi.svg,h_150,q_auto,w_150/d_portal-no-product-image_ttlfpi.svg/prod/okrucpjfmdddphxvq9cx.webp | https://media.powerreviews.com/image/upload/c_thumb,d_portal-no-product-image_ttlfpi.svg,h_150,q_auto,w_150/d_portal-no-product-image_ttlfpi.svg/prod/j2mmnuzouzlkf6dmltjr.webp",True,& care 100% Polyester. Spot clean. Imported. Shipping & returns Customers also viewed Logo Tote Keychain Charm $19.95 $11.00 40% off + extra 10% in the app Brannan Bear Scarf Keychain Charm $19.95 $9.00 50% off + extra 10% in the app Logo Tote Keychain Charm $19.95 $11.00 40% off + extra 10% in the app Brannan Bear Hoodie Keychain Charm $19.95 $17.00 Extra 10% off in the app Logo Tote Keychain Charm $19.95 $11.00 40% off + extra 10% in the app You may also like Logo Tote Keychain Charm $19.95 $11.00 40% off + extra 10% in the app Logo Hoodie Keychain Charm $14.95 $7.00 50% off + extra 10% in the app Logo Tote Keychain Charm $19.95 $11.00 40% off + extra 10% in the app Gap Jeans Keychain Charm $19.95 $11.00 40% off + extra 10% in the app Logo Tote Keychain Charm $19.95 $15.00 20% off + extra 10% in the app Gap Logo Tote Bag $54.95 $43.00 20% off + extra 10% in the app Logo Tote Keychain Charm $19.95 $11.00 40% off + extra 10% in the app Gap Logo Tote Bag $54.95 $43.00 20% off + extra 10% in the app Logo Tote Keychain Charm $19.95 $11.00 40% off + extra 10% in the app Brannan Bear Sleep Keychain Charm $19.95 $11.00 40% off + extra 10% in the app,& care 100% Polyester. Spot clean. Imported. Shipping & returns Customers also viewed Logo Tote Keychain Charm $19.95 $11.00 40% off + extra 10% in the app Brannan Bear Scarf Keychain Charm $19.95 $9.00 50% off + extra 10% in the app Logo Tote Keychain Charm $19.95 $11.00 40% off + extra 10% in the app Brannan Bear Hoodie Keychain Charm $19.95 $17.00 Extra 10% off in the app Logo Tote Keychain Charm $19.95 $11.00 40% off + extra 10% in the app You may also like Logo Tote Keychain Charm $19.95 $11.00 40% off + extra 10% in the app Logo Hoodie Keychain Charm $14.95 $7.00 50% off + extra 10% in the app Logo Tote Keychain Charm $19.95 $11.00 40% off + extra 10% in the app Gap Jeans Keychain Charm $19.95 $11.00 40% off + extra 10% in the app Logo Tote Keychain Charm $19.95 $15.00 20% off + extra 10% in the app Gap Logo Tote Bag $54.95 $43.00 20% off + extra 10% in the app Logo Tote Keychain Charm $19.95 $11.00 40% off + extra 10% in the app Gap Logo Tote Bag $54.95 $43.00 20% off + extra 10% in the app Logo Tote Keychain Charm $19.95 $11.00 40% off + extra 10% in the app Brannan Bear Sleep Keychain Charm $19.95 $11.00 40% off + extra 10% in the app,Toy Logo Hoodie,,USD,7.0,14.95,"Suitable for all ages. Soft fleece hoodie made for plushies, toys, and dolls. Hooded neckline with drawcords and ear holes. Short sleeves. Gap arch logo at front. Note: Brannan Bear toy not included. #890431",890431022,https://www.gap.com/browse/product.do?pid=890431022&vid=1&pcid=3046544&cid=3051539,False,11,11,2026-02-22,One Size,890431,
In stock,4.7,,Gap,100% Polyester. Spot clean. Imported. Shipping & returns Customers also viewed Logo Tote Keychain Charm $19.95 $11.00 40% off + extra 10% in the app Logo Tote Keychain Charm $19.95 $11.00 40% off + extra 10% in the app Brannan Bear Sweater Keychain Charm $19.95 $11.00 40% off + extra 10% in the app Logo Tote Keychain Charm $19.95 $11.00 40% off + extra 10% in the app Brannan Bear Hoodie Keychain Charm $19.95 $17.00 Extra 10% off in the app You may also like Brannan Bear Denim Jacket Keychain Charm $19.95 $13.00 30% off + extra 10% in the app Brannan Bear Scarf Keychain Charm $19.95 $9.00 50% off + extra 10% in the app Logo Hoodie Keychain Charm $14.95 $7.00 50% off + extra 10% in the app Brannan Bear Nap Hoodie Keychain Charm $19.95 $11.00 40% off + extra 10% in the app Logo Tote Keychain Charm $19.95 $11.00 40% off + extra 10% in the app Gap Jeans Keychain Charm $19.95 $11.00 40% off + extra 10% in the app Logo Tote Keychain Charm $19.95 $11.00 40% off + extra 10% in the app Logo Hoodie Keychain Charm $14.95 $7.00 50% off + extra 10% in the app Logo Tote Keychain Charm $19.95 $15.00 20% off + extra 10% in the app Gap Logo Tote Bag $59.95 $35.00 40% off + extra 10% in the app,Women / Bags & Bag Charms > Women > Bags & Bag Charms,Black | Standout pink | Light heather grey | Sled red,"Suitable for all ages. Soft fleece hoodie made for plushies, toys, and dolls. Hooded neckline with drawcords and ear holes. Short sleeves. Gap arch logo at front. Note: Brannan Bear toy not included. #890431",Size Guide,Size Guide,24,https://www.gap.com/webcontent/0061/283/129/cn61283129.jpg,"https://www.gap.com/webcontent/0061/283/129/cn61283129.jpg | https://www.gap.com/webcontent/0061/271/188/cn61271188.jpg | https://www.gap.com/webcontent/0061/271/215/cn61271215.jpg | https://www.gap.com/webcontent/0061/283/127/cn61283127.jpg | https://www.gap.com/webcontent/0061/271/184/cn61271184.jpg | https://www.gap.com/webcontent/0061/271/207/cn61271207.jpg | https://www.gap.com/webcontent/0059/961/297/cn59961297.jpg | https://www.gap.com/webcontent/0061/520/379/cn61520379.jpg | https://www.gap.com/webcontent/0061/519/686/cn61519686.jpg | https://www.gap.com/webcontent/0059/961/326/cn59961326.jpg | https://www.gap.com/webcontent/0060/625/989/cn60625989.jpg | https://www.gap.com/webcontent/0061/438/679/cn61438679.jpg | https://www.gap.com/webcontent/0061/456/379/cn61456379.jpg | https://www.gap.com/webcontent/0059/961/291/cn59961291.jpg | https://www.gap.com/webcontent/0061/456/373/cn61456373.jpg | https://www.gap.com/webcontent/0061/502/335/cn61502335.jpg | https://www.gap.com/webcontent/0061/645/883/cn61645883.jpg | https://www.gap.com/webcontent/0061/502/328/cn61502328.jpg | https://www.gap.com/webcontent/0060/518/975/cn60518975.jpg | https://www.gap.com/webcontent/0061/518/416/cn61518416.jpg | https://www.gap.com/webcontent/0061/624/045/cn61624045.jpg | https://media.powerreviews.com/image/upload/c_thumb,d_portal-no-product-image_ttlfpi.svg,h_150,q_auto,w_150/d_portal-no-product-image_ttlfpi.svg/prod/kivlb70lxqpj2icijlse.webp | https://media.powerreviews.com/image/upload/c_thumb,d_portal-no-product-image_ttlfpi.svg,h_150,q_auto,w_150/d_portal-no-product-image_ttlfpi.svg/prod/okrucpjfmdddphxvq9cx.webp | https://media.powerreviews.com/image/upload/c_thumb,d_portal-no-product-image_ttlfpi.svg,h_150,q_auto,w_150/d_portal-no-product-image_ttlfpi.svg/prod/j2mmnuzouzlkf6dmltjr.webp",True,& care 100% Polyester. Spot clean. Imported. Shipping & returns Customers also viewed Logo Tote Keychain Charm $19.95 $11.00 40% off + extra 10% in the app Logo Tote Keychain Charm $19.95 $11.00 40% off + extra 10% in the app Brannan Bear Sweater Keychain Charm $19.95 $11.00 40% off + extra 10% in the app Logo Tote Keychain Charm $19.95 $11.00 40% off + extra 10% in the app Brannan Bear Hoodie Keychain Charm $19.95 $17.00 Extra 10% off in the app You may also like Brannan Bear Denim Jacket Keychain Charm $19.95 $13.00 30% off + extra 10% in the app Brannan Bear Scarf Keychain Charm $19.95 $9.00 50% off + extra 10% in the app Logo Hoodie Keychain Charm $14.95 $7.00 50% off + extra 10% in the app Brannan Bear Nap Hoodie Keychain Charm $19.95 $11.00 40% off + extra 10% in the app Logo Tote Keychain Charm $19.95 $11.00 40% off + extra 10% in the app Gap Jeans Keychain Charm $19.95 $11.00 40% off + extra 10% in the app Logo Tote Keychain Charm $19.95 $11.00 40% off + extra 10% in the app Logo Hoodie Keychain Charm $14.95 $7.00 50% off + extra 10% in the app Logo Tote Keychain Charm $19.95 $15.00 20% off + extra 10% in the app Gap Logo Tote Bag $59.95 $35.00 40% off + extra 10% in the app,& care 100% Polyester. Spot clean. Imported. Shipping & returns Customers also viewed Logo Tote Keychain Charm $19.95 $11.00 40% off + extra 10% in the app Logo Tote Keychain Charm $19.95 $11.00 40% off + extra 10% in the app Brannan Bear Sweater Keychain Charm $19.95 $11.00 40% off + extra 10% in the app Logo Tote Keychain Charm $19.95 $11.00 40% off + extra 10% in the app Brannan Bear Hoodie Keychain Charm $19.95 $17.00 Extra 10% off in the app You may also like Brannan Bear Denim Jacket Keychain Charm $19.95 $13.00 30% off + extra 10% in the app Brannan Bear Scarf Keychain Charm $19.95 $9.00 50% off + extra 10% in the app Logo Hoodie Keychain Charm $14.95 $7.00 50% off + extra 10% in the app Brannan Bear Nap Hoodie Keychain Charm $19.95 $11.00 40% off + extra 10% in the app Logo Tote Keychain Charm $19.95 $11.00 40% off + extra 10% in the app Gap Jeans Keychain Charm $19.95 $11.00 40% off + extra 10% in the app Logo Tote Keychain Charm $19.95 $11.00 40% off + extra 10% in the app Logo Hoodie Keychain Charm $14.95 $7.00 50% off + extra 10% in the app Logo Tote Keychain Charm $19.95 $15.00 20% off + extra 10% in the app Gap Logo Tote Bag $59.95 $35.00 40% off + extra 10% in the app,Toy Logo Hoodie,,USD,7.0,14.95,"Suitable for all ages. Soft fleece hoodie made for plushies, toys, and dolls. Hooded neckline with drawcords and ear holes. Short sleeves. Gap arch logo at front. Note: Brannan Bear toy not included. #890431",890431032,https://www.gap.com/browse/product.do?pid=890431032&vid=1&pcid=3046544&cid=3046544,False,11,11,2026-02-22,One Size,890431,
In stock,4.3,,Gap,Cotton 100% Machine wash. Imported. Shipping & returns Customers also viewed Logo Tote Keychain Charm $19.95 $11.00 40% off + extra 10% in the app Brannan Bear Hoodie Keychain Charm $19.95 $17.00 Extra 10% off in the app Brannan Bear Sweater Keychain Charm $19.95 $11.00 40% off + extra 10% in the app Logo Tote Keychain Charm $19.95 $11.00 40% off + extra 10% in the app Gap Logo Tote Bag $54.95 $43.00 20% off + extra 10% in the app You may also like Gap Logo Tote Bag $49.95 Extra 10% off in the app Gap Jeans Keychain Charm $19.95 $11.00 40% off + extra 10% in the app Gap Logo Tote Bag $59.95 Extra 10% off in the app Logo Tote Keychain Charm $19.95 $11.00 40% off + extra 10% in the app Gap Logo Tote Bag $59.95 $35.00 40% off + extra 10% in the app Brannan Bear Scarf Keychain Charm $19.95 $9.00 50% off + extra 10% in the app Gap Logo Tote Bag $54.95 $43.00 20% off + extra 10% in the app Logo Tote Keychain Charm $19.95 $11.00 40% off + extra 10% in the app Crochet Tote Bag $69.95 $55.00 20% off + extra 10% in the app Brannan Bear Hoodie Keychain Charm $19.95 $11.00 40% off + extra 10% in the app,"Women / Bags, Scarves & More > Women > Bags, Scarves & More",Black | Medium wash,"Authentic denim tote bag. Shoulder and hand straps at top. Oversized patch pocket at front. Responsibly Made: This bag is part of our water-saving Washwell program. Compared with conventional wash methods, Washwell uses at least 20% less water. #890432",Size Guide,Size Guide,21,https://www.gap.com/webcontent/0060/784/370/cn60784370.jpg,"https://www.gap.com/webcontent/0060/784/370/cn60784370.jpg | https://www.gap.com/webcontent/0060/784/450/cn60784450.jpg | https://www.gap.com/webcontent/0061/255/094/cn61255094.jpg | https://www.gap.com/webcontent/0060/925/258/cn60925258.jpg | https://www.gap.com/webcontent/0061/518/423/cn61518423.jpg | https://www.gap.com/webcontent/0060/625/989/cn60625989.jpg | https://www.gap.com/webcontent/0061/519/686/cn61519686.jpg | https://www.gap.com/webcontent/0061/502/328/cn61502328.jpg | https://www.gap.com/webcontent/0061/502/386/cn61502386.jpg | https://www.gap.com/webcontent/0061/121/188/cn61121188.jpg | https://www.gap.com/webcontent/0061/645/883/cn61645883.jpg | https://www.gap.com/webcontent/0061/518/883/cn61518883.jpg | https://www.gap.com/webcontent/0061/502/335/cn61502335.jpg | https://www.gap.com/webcontent/0061/624/045/cn61624045.jpg | https://www.gap.com/webcontent/0061/456/379/cn61456379.jpg | https://www.gap.com/webcontent/0061/603/953/cn61603953.jpg | https://www.gap.com/webcontent/0059/961/297/cn59961297.jpg | https://www.gap.com/webcontent/0061/456/250/cn61456250.jpg | https://www.gap.com/webcontent/0060/519/057/cn60519057.jpg | https://media.powerreviews.com/image/upload/c_thumb,d_portal-no-product-image_ttlfpi.svg,h_150,q_auto,w_150/d_portal-no-product-image_ttlfpi.svg/prod/pdo44ru1gijv91d9feuz.webp | https://media.powerreviews.com/image/upload/c_thumb,d_portal-no-product-image_ttlfpi.svg,h_150,q_auto,w_150/d_portal-no-product-image_ttlfpi.svg/prod/neprhtjctqefjvozophg.webp",True,& care Cotton 100% Machine wash. Imported. Shipping & returns Customers also viewed Logo Tote Keychain Charm $19.95 $11.00 40% off + extra 10% in the app Brannan Bear Hoodie Keychain Charm $19.95 $17.00 Extra 10% off in the app Brannan Bear Sweater Keychain Charm $19.95 $11.00 40% off + extra 10% in the app Logo Tote Keychain Charm $19.95 $11.00 40% off + extra 10% in the app Gap Logo Tote Bag $54.95 $43.00 20% off + extra 10% in the app You may also like Gap Logo Tote Bag $49.95 Extra 10% off in the app Gap Jeans Keychain Charm $19.95 $11.00 40% off + extra 10% in the app Gap Logo Tote Bag $59.95 Extra 10% off in the app Logo Tote Keychain Charm $19.95 $11.00 40% off + extra 10% in the app Gap Logo Tote Bag $59.95 $35.00 40% off + extra 10% in the app Brannan Bear Scarf Keychain Charm $19.95 $9.00 50% off + extra 10% in the app Gap Logo Tote Bag $54.95 $43.00 20% off + extra 10% in the app Logo Tote Keychain Charm $19.95 $11.00 40% off + extra 10% in the app Crochet Tote Bag $69.95 $55.00 20% off + extra 10% in the app Brannan Bear Hoodie Keychain Charm $19.95 $11.00 40% off + extra 10% in the app,& care Cotton 100% Machine wash. Imported. Shipping & returns Customers also viewed Logo Tote Keychain Charm $19.95 $11.00 40% off + extra 10% in the app Brannan Bear Hoodie Keychain Charm $19.95 $17.00 Extra 10% off in the app Brannan Bear Sweater Keychain Charm $19.95 $11.00 40% off + extra 10% in the app Logo Tote Keychain Charm $19.95 $11.00 40% off + extra 10% in the app Gap Logo Tote Bag $54.95 $43.00 20% off + extra 10% in the app You may also like Gap Logo Tote Bag $49.95 Extra 10% off in the app Gap Jeans Keychain Charm $19.95 $11.00 40% off + extra 10% in the app Gap Logo Tote Bag $59.95 Extra 10% off in the app Logo Tote Keychain Charm $19.95 $11.00 40% off + extra 10% in the app Gap Logo Tote Bag $59.95 $35.00 40% off + extra 10% in the app Brannan Bear Scarf Keychain Charm $19.95 $9.00 50% off + extra 10% in the app Gap Logo Tote Bag $54.95 $43.00 20% off + extra 10% in the app Logo Tote Keychain Charm $19.95 $11.00 40% off + extra 10% in the app Crochet Tote Bag $69.95 $55.00 20% off + extra 10% in the app Brannan Bear Hoodie Keychain Charm $19.95 $11.00 40% off + extra 10% in the app,Denim Tote Bag,,USD,47.0,59.95,"Authentic denim tote bag. Shoulder and hand straps at top. Oversized patch pocket at front. Responsibly Made: This bag is part of our water-saving Washwell program. Compared with conventional wash methods, Washwell uses at least 20% less water. #890432 Fabric & care Cotton 100% Machine wash. Imported. Shipping & returns Customers also viewed Logo Tote Keychain Charm $19.95 $11.00 40% off + extra 10% in the app Brannan Bear Hoodie Keychain Charm $19.95 $17.00 Extra 10% off in the app Brannan Bear Sweater Keychain Charm $19.95 $11.00 40% off + extra 10% in the app Logo Tote Keychain Charm $19.95 $11.00 40% off + extra 10% in the app Gap Logo Tote Bag $54.95 $43.00 20% off + extra 10% in the app You may also like Gap Logo Tote Bag $49.95 Extra 10% off in the app Gap Jeans Keychain Charm $19.95 $11.00 40% off + extra 10% in the app Gap Logo Tote Bag $59.95 Extra 10% off in the app Logo Tote Keychain Charm $19.95 $11.00 40% off + extra 10% in the app Gap Logo Tote Bag $59.95 $35.00 40% off + extra 10% in the app Brannan Bear Scarf Keychain Charm $19.95 $9.00 50% off + extra 10% in the app Gap Logo Tote Bag $54.95 $43.00 20% off + extra 10% in the app Logo Tote Keychain Charm $19.95 $11.00 40% off + extra 10% in the app Crochet Tote Bag $69.95 $55.00 20% off + extra 10% in the app Brannan Bear Hoodie Keychain Charm $19.95 $11.00 40% off + extra 10% in the app",890432012,https://www.gap.com/browse/product.do?pid=890432012&vid=1&pcid=3046544&cid=3046544,False,16,13,2026-02-22,One Size,890432,
In stock,4.3,,Gap,Cotton 100% Machine wash. Imported. Shipping & returns Customers also viewed Gap Logo Tote Bag $49.95 Extra 10% off in the app Brannan Bear Sweater Keychain Charm $19.95 $11.00 40% off + extra 10% in the app Logo Hoodie Keychain Charm $14.95 $7.00 50% off + extra 10% in the app Logo Tote Keychain Charm $19.95 $11.00 40% off + extra 10% in the app Brannan Bear Sleep Keychain Charm $19.95 $11.00 40% off + extra 10% in the app You may also like Gap Logo Tote Bag $54.95 $43.00 20% off + extra 10% in the app Brannan Bear Scarf Keychain Charm $19.95 $9.00 50% off + extra 10% in the app Logo Tote Keychain Charm $19.95 $15.00 20% off + extra 10% in the app Gap Logo Tote Bag $54.95 $43.00 20% off + extra 10% in the app Logo Tote Keychain Charm $19.95 $11.00 40% off + extra 10% in the app Gap Logo Tote Bag $54.95 $32.00 40% off + extra 10% in the app Brannan Bear Hoodie Keychain Charm $19.95 $11.00 40% off + extra 10% in the app Logo Tote Keychain Charm $19.95 $11.00 40% off + extra 10% in the app Logo Hoodie Keychain Charm $14.95 $7.00 50% off + extra 10% in the app Gap Jeans Keychain Charm $19.95 $11.00 40% off + extra 10% in the app,"Women / Bags, Scarves & More > Women > Bags, Scarves & More",Black | Medium wash,"Authentic denim tote bag. Shoulder and hand straps at top. Oversized patch pocket at front. Responsibly Made: This bag is part of our water-saving Washwell program. Compared with conventional wash methods, Washwell uses at least 20% less water. #890432",Size Guide,Size Guide,19,https://www.gap.com/webcontent/0060/784/392/cn60784392.jpg,"https://www.gap.com/webcontent/0060/784/392/cn60784392.jpg | https://www.gap.com/webcontent/0060/932/959/cn60932959.jpg | https://www.gap.com/webcontent/0061/121/188/cn61121188.jpg | https://www.gap.com/webcontent/0061/519/686/cn61519686.jpg | https://www.gap.com/webcontent/0059/961/291/cn59961291.jpg | https://www.gap.com/webcontent/0059/961/326/cn59961326.jpg | https://www.gap.com/webcontent/0061/456/364/cn61456364.jpg | https://www.gap.com/webcontent/0061/603/953/cn61603953.jpg | https://www.gap.com/webcontent/0061/456/379/cn61456379.jpg | https://www.gap.com/webcontent/0061/518/416/cn61518416.jpg | https://www.gap.com/webcontent/0061/502/386/cn61502386.jpg | https://www.gap.com/webcontent/0061/520/379/cn61520379.jpg | https://www.gap.com/webcontent/0061/708/096/cn61708096.jpg | https://www.gap.com/webcontent/0060/519/057/cn60519057.jpg | https://www.gap.com/webcontent/0059/961/294/cn59961294.jpg | https://www.gap.com/webcontent/0060/518/975/cn60518975.jpg | https://www.gap.com/webcontent/0061/645/883/cn61645883.jpg | https://media.powerreviews.com/image/upload/c_thumb,d_portal-no-product-image_ttlfpi.svg,h_150,q_auto,w_150/d_portal-no-product-image_ttlfpi.svg/prod/pdo44ru1gijv91d9feuz.webp | https://media.powerreviews.com/image/upload/c_thumb,d_portal-no-product-image_ttlfpi.svg,h_150,q_auto,w_150/d_portal-no-product-image_ttlfpi.svg/prod/neprhtjctqefjvozophg.webp",True,& care Cotton 100% Machine wash. Imported. Shipping & returns Customers also viewed Gap Logo Tote Bag $49.95 Extra 10% off in the app Brannan Bear Sweater Keychain Charm $19.95 $11.00 40% off + extra 10% in the app Logo Hoodie Keychain Charm $14.95 $7.00 50% off + extra 10% in the app Logo Tote Keychain Charm $19.95 $11.00 40% off + extra 10% in the app Brannan Bear Sleep Keychain Charm $19.95 $11.00 40% off + extra 10% in the app You may also like Gap Logo Tote Bag $54.95 $43.00 20% off + extra 10% in the app Brannan Bear Scarf Keychain Charm $19.95 $9.00 50% off + extra 10% in the app Logo Tote Keychain Charm $19.95 $15.00 20% off + extra 10% in the app Gap Logo Tote Bag $54.95 $43.00 20% off + extra 10% in the app Logo Tote Keychain Charm $19.95 $11.00 40% off + extra 10% in the app Gap Logo Tote Bag $54.95 $32.00 40% off + extra 10% in the app Brannan Bear Hoodie Keychain Charm $19.95 $11.00 40% off + extra 10% in the app Logo Tote Keychain Charm $19.95 $11.00 40% off + extra 10% in the app Logo Hoodie Keychain Charm $14.95 $7.00 50% off + extra 10% in the app Gap Jeans Keychain Charm $19.95 $11.00 40% off + extra 10% in the app,& care Cotton 100% Machine wash. Imported. Shipping & returns Customers also viewed Gap Logo Tote Bag $49.95 Extra 10% off in the app Brannan Bear Sweater Keychain Charm $19.95 $11.00 40% off + extra 10% in the app Logo Hoodie Keychain Charm $14.95 $7.00 50% off + extra 10% in the app Logo Tote Keychain Charm $19.95 $11.00 40% off + extra 10% in the app Brannan Bear Sleep Keychain Charm $19.95 $11.00 40% off + extra 10% in the app You may also like Gap Logo Tote Bag $54.95 $43.00 20% off + extra 10% in the app Brannan Bear Scarf Keychain Charm $19.95 $9.00 50% off + extra 10% in the app Logo Tote Keychain Charm $19.95 $15.00 20% off + extra 10% in the app Gap Logo Tote Bag $54.95 $43.00 20% off + extra 10% in the app Logo Tote Keychain Charm $19.95 $11.00 40% off + extra 10% in the app Gap Logo Tote Bag $54.95 $32.00 40% off + extra 10% in the app Brannan Bear Hoodie Keychain Charm $19.95 $11.00 40% off + extra 10% in the app Logo Tote Keychain Charm $19.95 $11.00 40% off + extra 10% in the app Logo Hoodie Keychain Charm $14.95 $7.00 50% off + extra 10% in the app Gap Jeans Keychain Charm $19.95 $11.00 40% off + extra 10% in the app,Denim Tote Bag,,USD,41.0,59.95,"Authentic denim tote bag. Shoulder and hand straps at top. Oversized patch pocket at front. Responsibly Made: This bag is part of our water-saving Washwell program. Compared with conventional wash methods, Washwell uses at least 20% less water. #890432 Fabric & care Cotton 100% Machine wash. Imported. Shipping & returns Customers also viewed Gap Logo Tote Bag $49.95 Extra 10% off in the app Brannan Bear Sweater Keychain Charm $19.95 $11.00 40% off + extra 10% in the app Logo Hoodie Keychain Charm $14.95 $7.00 50% off + extra 10% in the app Logo Tote Keychain Charm $19.95 $11.00 40% off + extra 10% in the app Brannan Bear Sleep Keychain Charm $19.95 $11.00 40% off + extra 10% in the app You may also like Gap Logo Tote Bag $54.95 $43.00 20% off + extra 10% in the app Brannan Bear Scarf Keychain Charm $19.95 $9.00 50% off + extra 10% in the app Logo Tote Keychain Charm $19.95 $15.00 20% off + extra 10% in the app Gap Logo Tote Bag $54.95 $43.00 20% off + extra 10% in the app Logo Tote Keychain Charm $19.95 $11.00 40% off + extra 10% in the app Gap Logo Tote Bag $54.95 $32.00 40% off + extra 10% in the app Brannan Bear Hoodie Keychain Charm $19.95 $11.00 40% off + extra 10% in the app Logo Tote Keychain Charm $19.95 $11.00 40% off + extra 10% in the app Logo Hoodie Keychain Charm $14.95 $7.00 50% off + extra 10% in the app Gap Jeans Keychain Charm $19.95 $11.00 40% off + extra 10% in the app",890432002,https://www.gap.com/browse/product.do?pid=890432002&vid=1&pcid=3046544&cid=3051538,False,16,13,2026-02-22,One Size,890432,
In stock,0,,Gap,100% Polyester. Spot clean. Imported. Shipping & returns Customers also viewed Kids Bunny Backpack $64.95 $38.00 40% off + extra 10% in the app Kids Brannan Bear Cozy Slippers $39.95 $23.00 40% off + extra 10% in the app Kids Bunny Slippers $39.95 $23.00 40% off + extra 10% in the app Kids Corduroy Sneakers $49.95 $19.00 60% off + extra 10% in the app Kids Classic Sneakers $44.95 $26.00 40% off + extra 10% in the app You may also like Kids Varsity Heart Crew Socks (2-Pack) $9.95 $5.00 40% off + extra 10% in the app Kids Varsity Crew Socks (4-Pack) $19.95 $11.00 40% off + extra 10% in the app Kids Vegan Suede Loafers $54.95 $27.00 50% off + extra 10% in the app Kids City Crew Socks (7-Pack) $24.95 $14.00 40% off + extra 10% in the app Kids French Terry Beanie $19.95 $11.00 40% off + extra 10% in the app Kids Organic Cotton Gap Arch Logo Baseball Hat $19.95 $7.00 60% off + extra 10% in the app Kids Crew Socks ( 3-Pack) $14.95 $8.00 40% off + extra 10% in the app Kids VintageSoft Relaxed Hoodie $44.95 $26.00 40% off + extra 10% in the app Kids Camo Trucker Hat $19.95 $7.00 60% off + extra 10% in the app Kids VintageSoft Relaxed Zip Hoodie $49.95 $29.00 40% off + extra 10% in the app,Boys / Shop All Accessories > Boys > Shop All Accessories,Brannan bear,"Soft faux fur bear backpack. Shoulder straps at back. Inner compartment at back. Embroidered bear face. This product was made in a factory that invests in gender equity and women’s empowerment through RISE. Learn more at <a href="" https://www.gapinc.com/en-us/impact/bridging-the-equity-gap/p-a-c-e-and-rise""><u>gapinc.com/equity </u></a>. #893200",Size Guide,Size Guide,20,https://www.gap.com/webcontent/0061/900/341/cn61900341.jpg,https://www.gap.com/webcontent/0061/900/341/cn61900341.jpg | https://www.gap.com/webcontent/0061/667/091/cn61667091.jpg | https://www.gap.com/webcontent/0061/667/110/cn61667110.jpg | https://www.gap.com/webcontent/0061/667/121/cn61667121.jpg | https://www.gap.com/webcontent/0061/667/198/cn61667198.jpg | https://www.gap.com/webcontent/0060/739/620/cn60739620.jpg | https://www.gap.com/webcontent/0061/763/305/cn61763305.jpg | https://www.gap.com/webcontent/0059/698/911/cn59698911.jpg | https://www.gap.com/webcontent/0055/858/048/cn55858048.jpg | https://www.gap.com/webcontent/0061/628/805/cn61628805.jpg | https://www.gap.com/webcontent/0061/628/763/cn61628763.jpg | https://www.gap.com/webcontent/0059/672/503/cn59672503.jpg | https://www.gap.com/webcontent/0061/628/785/cn61628785.jpg | https://www.gap.com/webcontent/0061/705/595/cn61705595.jpg | https://www.gap.com/webcontent/0055/924/373/cn55924373.jpg | https://www.gap.com/webcontent/0028/220/087/cn28220087.jpg | https://www.gap.com/webcontent/0061/898/933/cn61898933.jpg | https://www.gap.com/webcontent/0059/098/575/cn59098575.jpg | https://www.gap.com/webcontent/0061/663/348/cn61663348.jpg | https://cdn.cookielaw.org/logos/e1cf9ab6-fc39-4557-b4ef-4393861dad52/d229a1c3-b8ad-46ad-9bdb-8311fd460a5f/c85f6701-9eae-4a9f-b770-87eee2dae9fc/Logo_color_lockup@3x.png,True,& care 100% Polyester. Spot clean. Imported. Shipping & returns Customers also viewed Kids Bunny Backpack $64.95 $38.00 40% off + extra 10% in the app Kids Brannan Bear Cozy Slippers $39.95 $23.00 40% off + extra 10% in the app Kids Bunny Slippers $39.95 $23.00 40% off + extra 10% in the app Kids Corduroy Sneakers $49.95 $19.00 60% off + extra 10% in the app Kids Classic Sneakers $44.95 $26.00 40% off + extra 10% in the app You may also like Kids Varsity Heart Crew Socks (2-Pack) $9.95 $5.00 40% off + extra 10% in the app Kids Varsity Crew Socks (4-Pack) $19.95 $11.00 40% off + extra 10% in the app Kids Vegan Suede Loafers $54.95 $27.00 50% off + extra 10% in the app Kids City Crew Socks (7-Pack) $24.95 $14.00 40% off + extra 10% in the app Kids French Terry Beanie $19.95 $11.00 40% off + extra 10% in the app Kids Organic Cotton Gap Arch Logo Baseball Hat $19.95 $7.00 60% off + extra 10% in the app Kids Crew Socks ( 3-Pack) $14.95 $8.00 40% off + extra 10% in the app Kids VintageSoft Relaxed Hoodie $44.95 $26.00 40% off + extra 10% in the app Kids Camo Trucker Hat $19.95 $7.00 60% off + extra 10% in the app Kids VintageSoft Relaxed Zip Hoodie $49.95 $29.00 40% off + extra 10% in the app,& care 100% Polyester. Spot clean. Imported. Shipping & returns Customers also viewed Kids Bunny Backpack $64.95 $38.00 40% off + extra 10% in the app Kids Brannan Bear Cozy Slippers $39.95 $23.00 40% off + extra 10% in the app Kids Bunny Slippers $39.95 $23.00 40% off + extra 10% in the app Kids Corduroy Sneakers $49.95 $19.00 60% off + extra 10% in the app Kids Classic Sneakers $44.95 $26.00 40% off + extra 10% in the app You may also like Kids Varsity Heart Crew Socks (2-Pack) $9.95 $5.00 40% off + extra 10% in the app Kids Varsity Crew Socks (4-Pack) $19.95 $11.00 40% off + extra 10% in the app Kids Vegan Suede Loafers $54.95 $27.00 50% off + extra 10% in the app Kids City Crew Socks (7-Pack) $24.95 $14.00 40% off + extra 10% in the app Kids French Terry Beanie $19.95 $11.00 40% off + extra 10% in the app Kids Organic Cotton Gap Arch Logo Baseball Hat $19.95 $7.00 60% off + extra 10% in the app Kids Crew Socks ( 3-Pack) $14.95 $8.00 40% off + extra 10% in the app Kids VintageSoft Relaxed Hoodie $44.95 $26.00 40% off + extra 10% in the app Kids Camo Trucker Hat $19.95 $7.00 60% off + extra 10% in the app Kids VintageSoft Relaxed Zip Hoodie $49.95 $29.00 40% off + extra 10% in the app,Kids Brannan Bear Backpack,,USD,38.0,64.95,Soft faux fur bear backpack. Shoulder straps at back. Inner compartment at back. Embroidered bear face. This product was made in a factory that invests in gender equity and women’s empowerment through RISE. Learn more at gapinc.com/equity . #893200,893200002,https://www.gap.com/browse/product.do?pid=893200002&vid=1&pcid=3046590&cid=3046590,False,0,,2026-02-22,One Size,893200,
In stock,5,,Gap,Bear: 100% Polyester Cozy Sherpa. Spot clean. Imported. Shipping & returns Customers also viewed Logo Hoodie Keychain Charm $14.95 $7.00 50% off + extra 10% in the app Logo Tote Keychain Charm $19.95 $11.00 40% off + extra 10% in the app Brannan Bear Hoodie Keychain Charm $19.95 $17.00 Extra 10% off in the app Brannan Bear Sweater Keychain Charm $19.95 $11.00 40% off + extra 10% in the app Logo Tote Keychain Charm $19.95 $11.00 40% off + extra 10% in the app You may also like Gap Logo Tote Bag $54.95 $43.00 20% off + extra 10% in the app Brannan Bear Sleep Keychain Charm $19.95 $11.00 40% off + extra 10% in the app Brannan Bear Nap Hoodie Keychain Charm $19.95 $11.00 40% off + extra 10% in the app Gap Logo Tote Bag $54.95 $43.00 20% off + extra 10% in the app Logo Tote Keychain Charm $19.95 $11.00 40% off + extra 10% in the app Gap Logo Tote Bag $59.95 $35.00 40% off + extra 10% in the app Toy Logo Hoodie $14.95 $7.00 50% off + extra 10% in the app Gap Logo Tote Bag $54.95 $43.00 20% off + extra 10% in the app Logo Tote Keychain Charm $19.95 $11.00 40% off + extra 10% in the app Toy Logo Hoodie $14.95 $7.00 50% off + extra 10% in the app,"Women / Bags, Scarves & More > Women > Bags, Scarves & More",Multi color happy stripe,This keychain charm is made of soft knit and faux fur with a metal key ring. Embroidered bear detail at front with allover stripes at scarf. #894580,Size Guide,Size Guide,18,https://www.gap.com/webcontent/0061/456/379/cn61456379.jpg,https://www.gap.com/webcontent/0061/456/379/cn61456379.jpg | https://www.gap.com/webcontent/0061/455/821/cn61455821.jpg | https://www.gap.com/webcontent/0059/961/291/cn59961291.jpg | https://www.gap.com/webcontent/0059/961/326/cn59961326.jpg | https://www.gap.com/webcontent/0060/625/989/cn60625989.jpg | https://www.gap.com/webcontent/0061/519/686/cn61519686.jpg | https://www.gap.com/webcontent/0061/502/307/cn61502307.jpg | https://www.gap.com/webcontent/0061/502/386/cn61502386.jpg | https://www.gap.com/webcontent/0061/456/364/cn61456364.jpg | https://www.gap.com/webcontent/0061/456/373/cn61456373.jpg | https://www.gap.com/webcontent/0061/518/912/cn61518912.jpg | https://www.gap.com/webcontent/0061/502/328/cn61502328.jpg | https://www.gap.com/webcontent/0061/624/045/cn61624045.jpg | https://www.gap.com/webcontent/0061/283/108/cn61283108.jpg | https://www.gap.com/webcontent/0061/603/953/cn61603953.jpg | https://www.gap.com/webcontent/0061/518/483/cn61518483.jpg | https://www.gap.com/webcontent/0061/283/114/cn61283114.jpg | https://cdn.cookielaw.org/logos/e1cf9ab6-fc39-4557-b4ef-4393861dad52/d229a1c3-b8ad-46ad-9bdb-8311fd460a5f/c85f6701-9eae-4a9f-b770-87eee2dae9fc/Logo_color_lockup@3x.png,True,& care Bear: 100% Polyester Cozy Sherpa. Spot clean. Imported. Shipping & returns Customers also viewed Logo Hoodie Keychain Charm $14.95 $7.00 50% off + extra 10% in the app Logo Tote Keychain Charm $19.95 $11.00 40% off + extra 10% in the app Brannan Bear Hoodie Keychain Charm $19.95 $17.00 Extra 10% off in the app Brannan Bear Sweater Keychain Charm $19.95 $11.00 40% off + extra 10% in the app Logo Tote Keychain Charm $19.95 $11.00 40% off + extra 10% in the app You may also like Gap Logo Tote Bag $54.95 $43.00 20% off + extra 10% in the app Brannan Bear Sleep Keychain Charm $19.95 $11.00 40% off + extra 10% in the app Brannan Bear Nap Hoodie Keychain Charm $19.95 $11.00 40% off + extra 10% in the app Gap Logo Tote Bag $54.95 $43.00 20% off + extra 10% in the app Logo Tote Keychain Charm $19.95 $11.00 40% off + extra 10% in the app Gap Logo Tote Bag $59.95 $35.00 40% off + extra 10% in the app Toy Logo Hoodie $14.95 $7.00 50% off + extra 10% in the app Gap Logo Tote Bag $54.95 $43.00 20% off + extra 10% in the app Logo Tote Keychain Charm $19.95 $11.00 40% off + extra 10% in the app Toy Logo Hoodie $14.95 $7.00 50% off + extra 10% in the app,& care Bear: 100% Polyester Cozy Sherpa. Spot clean. Imported. Shipping & returns Customers also viewed Logo Hoodie Keychain Charm $14.95 $7.00 50% off + extra 10% in the app Logo Tote Keychain Charm $19.95 $11.00 40% off + extra 10% in the app Brannan Bear Hoodie Keychain Charm $19.95 $17.00 Extra 10% off in the app Brannan Bear Sweater Keychain Charm $19.95 $11.00 40% off + extra 10% in the app Logo Tote Keychain Charm $19.95 $11.00 40% off + extra 10% in the app You may also like Gap Logo Tote Bag $54.95 $43.00 20% off + extra 10% in the app Brannan Bear Sleep Keychain Charm $19.95 $11.00 40% off + extra 10% in the app Brannan Bear Nap Hoodie Keychain Charm $19.95 $11.00 40% off + extra 10% in the app Gap Logo Tote Bag $54.95 $43.00 20% off + extra 10% in the app Logo Tote Keychain Charm $19.95 $11.00 40% off + extra 10% in the app Gap Logo Tote Bag $59.95 $35.00 40% off + extra 10% in the app Toy Logo Hoodie $14.95 $7.00 50% off + extra 10% in the app Gap Logo Tote Bag $54.95 $43.00 20% off + extra 10% in the app Logo Tote Keychain Charm $19.95 $11.00 40% off + extra 10% in the app Toy Logo Hoodie $14.95 $7.00 50% off + extra 10% in the app,Brannan Bear Scarf Keychain Charm,,USD,9.0,19.95,This keychain charm is made of soft knit and faux fur with a metal key ring. Embroidered bear detail at front with allover stripes at scarf. #894580 Fabric & care Bear: 100% Polyester Cozy Sherpa. Spot clean. Imported. Shipping & returns Customers also viewed Logo Hoodie Keychain Charm $14.95 $7.00 50% off + extra 10% in the app Logo Tote Keychain Charm $19.95 $11.00 40% off + extra 10% in the app Brannan Bear Hoodie Keychain Charm $19.95 $17.00 Extra 10% off in the app Brannan Bear Sweater Keychain Charm $19.95 $11.00 40% off + extra 10% in the app Logo Tote Keychain Charm $19.95 $11.00 40% off + extra 10% in the app You may also like Gap Logo Tote Bag $54.95 $43.00 20% off + extra 10% in the app Brannan Bear Sleep Keychain Charm $19.95 $11.00 40% off + extra 10% in the app Brannan Bear Nap Hoodie Keychain Charm $19.95 $11.00 40% off + extra 10% in the app Gap Logo Tote Bag $54.95 $43.00 20% off + extra 10% in the app Logo Tote Keychain Charm $19.95 $11.00 40% off + extra 10% in the app Gap Logo Tote Bag $59.95 $35.00 40% off + extra 10% in the app Toy Logo Hoodie $14.95 $7.00 50% off + extra 10% in the app Gap Logo Tote Bag $54.95 $43.00 20% off + extra 10% in the app Logo Tote Keychain Charm $19.95 $11.00 40% off + extra 10% in the app Toy Logo Hoodie $14.95 $7.00 50% off + extra 10% in the app,894580002,https://www.gap.com/browse/product.do?pid=894580002&vid=1&pcid=3046544&cid=3046544,False,1,1,2026-02-22,One Size,894580,
In stock,0,,Gap,100% Polyester. Spot clean. Imported. Shipping & returns Customers also viewed Kids Brannan Bear Backpack $64.95 $38.00 40% off + extra 10% in the app Kids Brannan Bear Cozy Slippers $39.95 $23.00 40% off + extra 10% in the app Kids Bunny Slippers $39.95 $23.00 40% off + extra 10% in the app Kids Classic Sneakers $44.95 $26.00 40% off + extra 10% in the app Kids Corduroy Sneakers $49.95 $19.00 60% off + extra 10% in the app You may also like Kids Vegan Suede Loafers $49.95 $29.00 40% off + extra 10% in the app Kids Denim Baseball Hat $19.95 $11.00 40% off + extra 10% in the app Kids Nylon Sneakers $49.95 $19.00 60% off + extra 10% in the app Kids Corduroy Sneakers $49.95 $19.00 60% off + extra 10% in the app Kids French Terry Beanie $19.95 $11.00 40% off + extra 10% in the app Kids VintageSoft Relaxed Hoodie $44.95 $26.00 40% off + extra 10% in the app Kids VintageSoft Relaxed Zip Hoodie $49.95 $29.00 40% off + extra 10% in the app Kids Crew Socks ( 3-Pack) $14.95 $8.00 40% off + extra 10% in the app Kids Organic Cotton Gap Arch Logo Baseball Hat $19.95 $7.00 60% off + extra 10% in the app Kids Organic Cotton Logo Baseball Hat $19.95 $7.00 60% off + extra 10% in the app,Boys / Shop All Accessories > Boys > Shop All Accessories,Ivory frost,"Soft faux fur bunny backpack. Shoulder straps at back. Inner compartment at back. Embroidered bunny face. Bunny ear appliques. This product was made in a factory that invests in gender equity and women’s empowerment through RISE. Learn more at <a href="" https://www.gapinc.com/en-us/impact/bridging-the-equity-gap/p-a-c-e-and-rise""><u>gapinc.com/equity </u></a>. Product #893201",Size Guide,Size Guide,20,https://www.gap.com/webcontent/0061/667/198/cn61667198.jpg,https://www.gap.com/webcontent/0061/667/198/cn61667198.jpg | https://www.gap.com/webcontent/0061/667/108/cn61667108.jpg | https://www.gap.com/webcontent/0061/667/109/cn61667109.jpg | https://www.gap.com/webcontent/0061/667/130/cn61667130.jpg | https://www.gap.com/webcontent/0061/900/341/cn61900341.jpg | https://www.gap.com/webcontent/0060/739/620/cn60739620.jpg | https://www.gap.com/webcontent/0061/763/305/cn61763305.jpg | https://www.gap.com/webcontent/0055/858/048/cn55858048.jpg | https://www.gap.com/webcontent/0059/698/911/cn59698911.jpg | https://www.gap.com/webcontent/0061/199/613/cn61199613.jpg | https://www.gap.com/webcontent/0059/611/339/cn59611339.jpg | https://www.gap.com/webcontent/0060/166/997/cn60166997.jpg | https://www.gap.com/webcontent/0059/698/931/cn59698931.jpg | https://www.gap.com/webcontent/0061/705/595/cn61705595.jpg | https://www.gap.com/webcontent/0061/898/933/cn61898933.jpg | https://www.gap.com/webcontent/0061/663/348/cn61663348.jpg | https://www.gap.com/webcontent/0028/220/087/cn28220087.jpg | https://www.gap.com/webcontent/0053/481/759/cn53481759.jpg | https://www.gap.com/webcontent/0059/610/647/cn59610647.jpg | https://cdn.cookielaw.org/logos/e1cf9ab6-fc39-4557-b4ef-4393861dad52/d229a1c3-b8ad-46ad-9bdb-8311fd460a5f/c85f6701-9eae-4a9f-b770-87eee2dae9fc/Logo_color_lockup@3x.png,True,& care 100% Polyester. Spot clean. Imported. Shipping & returns Customers also viewed Kids Brannan Bear Backpack $64.95 $38.00 40% off + extra 10% in the app Kids Brannan Bear Cozy Slippers $39.95 $23.00 40% off + extra 10% in the app Kids Bunny Slippers $39.95 $23.00 40% off + extra 10% in the app Kids Classic Sneakers $44.95 $26.00 40% off + extra 10% in the app Kids Corduroy Sneakers $49.95 $19.00 60% off + extra 10% in the app You may also like Kids Vegan Suede Loafers $49.95 $29.00 40% off + extra 10% in the app Kids Denim Baseball Hat $19.95 $11.00 40% off + extra 10% in the app Kids Nylon Sneakers $49.95 $19.00 60% off + extra 10% in the app Kids Corduroy Sneakers $49.95 $19.00 60% off + extra 10% in the app Kids French Terry Beanie $19.95 $11.00 40% off + extra 10% in the app Kids VintageSoft Relaxed Hoodie $44.95 $26.00 40% off + extra 10% in the app Kids VintageSoft Relaxed Zip Hoodie $49.95 $29.00 40% off + extra 10% in the app Kids Crew Socks ( 3-Pack) $14.95 $8.00 40% off + extra 10% in the app Kids Organic Cotton Gap Arch Logo Baseball Hat $19.95 $7.00 60% off + extra 10% in the app Kids Organic Cotton Logo Baseball Hat $19.95 $7.00 60% off + extra 10% in the app,& care 100% Polyester. Spot clean. Imported. Shipping & returns Customers also viewed Kids Brannan Bear Backpack $64.95 $38.00 40% off + extra 10% in the app Kids Brannan Bear Cozy Slippers $39.95 $23.00 40% off + extra 10% in the app Kids Bunny Slippers $39.95 $23.00 40% off + extra 10% in the app Kids Classic Sneakers $44.95 $26.00 40% off + extra 10% in the app Kids Corduroy Sneakers $49.95 $19.00 60% off + extra 10% in the app You may also like Kids Vegan Suede Loafers $49.95 $29.00 40% off + extra 10% in the app Kids Denim Baseball Hat $19.95 $11.00 40% off + extra 10% in the app Kids Nylon Sneakers $49.95 $19.00 60% off + extra 10% in the app Kids Corduroy Sneakers $49.95 $19.00 60% off + extra 10% in the app Kids French Terry Beanie $19.95 $11.00 40% off + extra 10% in the app Kids VintageSoft Relaxed Hoodie $44.95 $26.00 40% off + extra 10% in the app Kids VintageSoft Relaxed Zip Hoodie $49.95 $29.00 40% off + extra 10% in the app Kids Crew Socks ( 3-Pack) $14.95 $8.00 40% off + extra 10% in the app Kids Organic Cotton Gap Arch Logo Baseball Hat $19.95 $7.00 60% off + extra 10% in the app Kids Organic Cotton Logo Baseball Hat $19.95 $7.00 60% off + extra 10% in the app,Kids Bunny Backpack,,USD,38.0,64.95,Soft faux fur bunny backpack. Shoulder straps at back. Inner compartment at back. Embroidered bunny face. Bunny ear appliques. This product was made in a factory that invests in gender equity and women’s empowerment through RISE. Learn more at gapinc.com/equity . Product #893201,893201002,https://www.gap.com/browse/product.do?pid=893201002&vid=1&pcid=3046567&cid=3046567,False,0,,2026-02-22,One Size,893201,
In stock,4.7,,Gap,Bear: 100% Polyester Cozy Sherpa. Sleep mask & shirt: 100% Polyester. Spot clean. Imported. Shipping & returns Customers also viewed Gap Logo Tote Bag $54.95 $43.00 20% off + extra 10% in the app Logo Tote Keychain Charm $19.95 $11.00 40% off + extra 10% in the app Logo Tote Keychain Charm $19.95 $11.00 40% off + extra 10% in the app Gap Logo Tote Bag $54.95 $32.00 40% off + extra 10% in the app Brannan Bear Hoodie Keychain Charm $19.95 $11.00 40% off + extra 10% in the app You may also like Gap Logo Tote Bag $54.95 $32.00 40% off + extra 10% in the app Logo Tote Keychain Charm $19.95 $11.00 40% off + extra 10% in the app Gap Logo Tote Bag $54.95 $32.00 40% off + extra 10% in the app Logo Tote Keychain Charm $19.95 $11.00 40% off + extra 10% in the app Gap Logo Tote Bag $54.95 $43.00 20% off + extra 10% in the app Brannan Bear Hoodie Keychain Charm $19.95 $17.00 Extra 10% off in the app Brannan Bear Nap Hoodie Keychain Charm $19.95 $11.00 40% off + extra 10% in the app Gap Logo Tote Bag $59.95 $35.00 40% off + extra 10% in the app Logo Tote Keychain Charm $19.95 $11.00 40% off + extra 10% in the app Gap Jeans Keychain Charm $19.95 $11.00 40% off + extra 10% in the app,"Women / Bags, Scarves & More > Women > Bags, Scarves & More",Blue & white stripe,This keychain charm is made of soft knit and faux fur with a metal key ring. Embroidered bear detail at front with allover stripes at sleep mask and PJ shirt. #894576,Size Guide,Size Guide,18,https://www.gap.com/webcontent/0061/456/364/cn61456364.jpg,https://www.gap.com/webcontent/0061/456/364/cn61456364.jpg | https://www.gap.com/webcontent/0061/455/813/cn61455813.jpg | https://www.gap.com/webcontent/0061/502/386/cn61502386.jpg | https://www.gap.com/webcontent/0061/518/506/cn61518506.jpg | https://www.gap.com/webcontent/0061/502/307/cn61502307.jpg | https://www.gap.com/webcontent/0061/708/096/cn61708096.jpg | https://www.gap.com/webcontent/0060/416/018/cn60416018.jpg | https://www.gap.com/webcontent/0061/519/158/cn61519158.jpg | https://www.gap.com/webcontent/0061/502/328/cn61502328.jpg | https://www.gap.com/webcontent/0061/502/377/cn61502377.jpg | https://www.gap.com/webcontent/0059/961/326/cn59961326.jpg | https://www.gap.com/webcontent/0061/603/953/cn61603953.jpg | https://www.gap.com/webcontent/0060/625/989/cn60625989.jpg | https://www.gap.com/webcontent/0061/456/373/cn61456373.jpg | https://www.gap.com/webcontent/0061/624/045/cn61624045.jpg | https://www.gap.com/webcontent/0061/520/379/cn61520379.jpg | https://www.gap.com/webcontent/0061/645/883/cn61645883.jpg | https://cdn.cookielaw.org/logos/e1cf9ab6-fc39-4557-b4ef-4393861dad52/d229a1c3-b8ad-46ad-9bdb-8311fd460a5f/c85f6701-9eae-4a9f-b770-87eee2dae9fc/Logo_color_lockup@3x.png,True,& care Bear: 100% Polyester Cozy Sherpa. Sleep mask & shirt: 100% Polyester. Spot clean. Imported. Shipping & returns Customers also viewed Gap Logo Tote Bag $54.95 $43.00 20% off + extra 10% in the app Logo Tote Keychain Charm $19.95 $11.00 40% off + extra 10% in the app Logo Tote Keychain Charm $19.95 $11.00 40% off + extra 10% in the app Gap Logo Tote Bag $54.95 $32.00 40% off + extra 10% in the app Brannan Bear Hoodie Keychain Charm $19.95 $11.00 40% off + extra 10% in the app You may also like Gap Logo Tote Bag $54.95 $32.00 40% off + extra 10% in the app Logo Tote Keychain Charm $19.95 $11.00 40% off + extra 10% in the app Gap Logo Tote Bag $54.95 $32.00 40% off + extra 10% in the app Logo Tote Keychain Charm $19.95 $11.00 40% off + extra 10% in the app Gap Logo Tote Bag $54.95 $43.00 20% off + extra 10% in the app Brannan Bear Hoodie Keychain Charm $19.95 $17.00 Extra 10% off in the app Brannan Bear Nap Hoodie Keychain Charm $19.95 $11.00 40% off + extra 10% in the app Gap Logo Tote Bag $59.95 $35.00 40% off + extra 10% in the app Logo Tote Keychain Charm $19.95 $11.00 40% off + extra 10% in the app Gap Jeans Keychain Charm $19.95 $11.00 40% off + extra 10% in the app,& care Bear: 100% Polyester Cozy Sherpa. Sleep mask & shirt: 100% Polyester. Spot clean. Imported. Shipping & returns Customers also viewed Gap Logo Tote Bag $54.95 $43.00 20% off + extra 10% in the app Logo Tote Keychain Charm $19.95 $11.00 40% off + extra 10% in the app Logo Tote Keychain Charm $19.95 $11.00 40% off + extra 10% in the app Gap Logo Tote Bag $54.95 $32.00 40% off + extra 10% in the app Brannan Bear Hoodie Keychain Charm $19.95 $11.00 40% off + extra 10% in the app You may also like Gap Logo Tote Bag $54.95 $32.00 40% off + extra 10% in the app Logo Tote Keychain Charm $19.95 $11.00 40% off + extra 10% in the app Gap Logo Tote Bag $54.95 $32.00 40% off + extra 10% in the app Logo Tote Keychain Charm $19.95 $11.00 40% off + extra 10% in the app Gap Logo Tote Bag $54.95 $43.00 20% off + extra 10% in the app Brannan Bear Hoodie Keychain Charm $19.95 $17.00 Extra 10% off in the app Brannan Bear Nap Hoodie Keychain Charm $19.95 $11.00 40% off + extra 10% in the app Gap Logo Tote Bag $59.95 $35.00 40% off + extra 10% in the app Logo Tote Keychain Charm $19.95 $11.00 40% off + extra 10% in the app Gap Jeans Keychain Charm $19.95 $11.00 40% off + extra 10% in the app,Brannan Bear Sleep Keychain Charm,,USD,11.0,19.95,This keychain charm is made of soft knit and faux fur with a metal key ring. Embroidered bear detail at front with allover stripes at sleep mask and PJ shirt. #894576 Fabric & care Bear: 100% Polyester Cozy Sherpa. Sleep mask & shirt: 100% Polyester. Spot clean. Imported. Shipping & returns Customers also viewed Gap Logo Tote Bag $54.95 $43.00 20% off + extra 10% in the app Logo Tote Keychain Charm $19.95 $11.00 40% off + extra 10% in the app Logo Tote Keychain Charm $19.95 $11.00 40% off + extra 10% in the app Gap Logo Tote Bag $54.95 $32.00 40% off + extra 10% in the app Brannan Bear Hoodie Keychain Charm $19.95 $11.00 40% off + extra 10% in the app You may also like Gap Logo Tote Bag $54.95 $32.00 40% off + extra 10% in the app Logo Tote Keychain Charm $19.95 $11.00 40% off + extra 10% in the app Gap Logo Tote Bag $54.95 $32.00 40% off + extra 10% in the app Logo Tote Keychain Charm $19.95 $11.00 40% off + extra 10% in the app Gap Logo Tote Bag $54.95 $43.00 20% off + extra 10% in the app Brannan Bear Hoodie Keychain Charm $19.95 $17.00 Extra 10% off in the app Brannan Bear Nap Hoodie Keychain Charm $19.95 $11.00 40% off + extra 10% in the app Gap Logo Tote Bag $59.95 $35.00 40% off + extra 10% in the app Logo Tote Keychain Charm $19.95 $11.00 40% off + extra 10% in the app Gap Jeans Keychain Charm $19.95 $11.00 40% off + extra 10% in the app,894576002,https://www.gap.com/browse/product.do?pid=894576002&vid=1&pcid=3046544&cid=3046544,False,3,3,2026-02-22,One Size,894576,
In stock,4.3,,Gap,"Bear: 100% Polyester Cozy Sherpa. Hoodie: 97% Polyester, 3% Spandex. Spot clean. Imported. Shipping & returns Customers also viewed Logo Tote Keychain Charm $19.95 $15.00 20% off + extra 10% in the app Logo Tote Keychain Charm $19.95 $11.00 40% off + extra 10% in the app Logo Hoodie Keychain Charm $14.95 $7.00 50% off + extra 10% in the app Logo Tote Keychain Charm $19.95 $11.00 40% off + extra 10% in the app Toy Logo Hoodie $14.95 $7.00 50% off + extra 10% in the app You may also like Brannan Bear Scarf Keychain Charm $19.95 $9.00 50% off + extra 10% in the app Brannan Bear Hoodie Keychain Charm $19.95 $11.00 40% off + extra 10% in the app Gap Logo Tote Bag $54.95 $43.00 20% off + extra 10% in the app Brannan Bear Sleep Keychain Charm $19.95 $11.00 40% off + extra 10% in the app Gap Logo Tote Bag $54.95 $32.00 40% off + extra 10% in the app Brannan Bear Denim Jacket Keychain Charm $19.95 $13.00 30% off + extra 10% in the app Brannan Bear Sweater Keychain Charm $19.95 $11.00 40% off + extra 10% in the app Gap Logo Tote Bag $54.95 $43.00 20% off + extra 10% in the app Toy Logo Hoodie $14.95 $7.00 50% off + extra 10% in the app Gap Logo Tote Bag $54.95 $32.00 40% off + extra 10% in the app","Women / Bags, Scarves & More > Women > Bags, Scarves & More",Dazzling blue,This keychain charm is made of soft knit and faux fur with a metal key ring. Embroidered bear detail and Gap NAP logo at front. #894579,Size Guide,Size Guide,19,https://www.gap.com/webcontent/0061/456/373/cn61456373.jpg,"https://www.gap.com/webcontent/0061/456/373/cn61456373.jpg | https://www.gap.com/webcontent/0061/455/816/cn61455816.jpg | https://www.gap.com/webcontent/0061/728/229/cn61728229.jpg | https://www.gap.com/webcontent/0061/502/307/cn61502307.jpg | https://www.gap.com/webcontent/0059/961/291/cn59961291.jpg | https://www.gap.com/webcontent/0059/961/326/cn59961326.jpg | https://www.gap.com/webcontent/0061/283/108/cn61283108.jpg | https://www.gap.com/webcontent/0061/456/379/cn61456379.jpg | https://www.gap.com/webcontent/0060/416/018/cn60416018.jpg | https://www.gap.com/webcontent/0061/502/386/cn61502386.jpg | https://www.gap.com/webcontent/0061/456/364/cn61456364.jpg | https://www.gap.com/webcontent/0061/519/158/cn61519158.jpg | https://www.gap.com/webcontent/0061/438/679/cn61438679.jpg | https://www.gap.com/webcontent/0061/519/686/cn61519686.jpg | https://www.gap.com/webcontent/0061/518/912/cn61518912.jpg | https://www.gap.com/webcontent/0061/283/067/cn61283067.jpg | https://www.gap.com/webcontent/0061/708/096/cn61708096.jpg | https://media.powerreviews.com/image/upload/c_thumb,d_portal-no-product-image_ttlfpi.svg,h_150,q_auto,w_150/d_portal-no-product-image_ttlfpi.svg/prod/cgzg0jlbqisylzyqgpdc.webp | https://cdn.cookielaw.org/logos/e1cf9ab6-fc39-4557-b4ef-4393861dad52/d229a1c3-b8ad-46ad-9bdb-8311fd460a5f/c85f6701-9eae-4a9f-b770-87eee2dae9fc/Logo_color_lockup@3x.png",True,"& care Bear: 100% Polyester Cozy Sherpa. Hoodie: 97% Polyester, 3% Spandex. Spot clean. Imported. Shipping & returns Customers also viewed Logo Tote Keychain Charm $19.95 $15.00 20% off + extra 10% in the app Logo Tote Keychain Charm $19.95 $11.00 40% off + extra 10% in the app Logo Hoodie Keychain Charm $14.95 $7.00 50% off + extra 10% in the app Logo Tote Keychain Charm $19.95 $11.00 40% off + extra 10% in the app Toy Logo Hoodie $14.95 $7.00 50% off + extra 10% in the app You may also like Brannan Bear Scarf Keychain Charm $19.95 $9.00 50% off + extra 10% in the app Brannan Bear Hoodie Keychain Charm $19.95 $11.00 40% off + extra 10% in the app Gap Logo Tote Bag $54.95 $43.00 20% off + extra 10% in the app Brannan Bear Sleep Keychain Charm $19.95 $11.00 40% off + extra 10% in the app Gap Logo Tote Bag $54.95 $32.00 40% off + extra 10% in the app Brannan Bear Denim Jacket Keychain Charm $19.95 $13.00 30% off + extra 10% in the app Brannan Bear Sweater Keychain Charm $19.95 $11.00 40% off + extra 10% in the app Gap Logo Tote Bag $54.95 $43.00 20% off + extra 10% in the app Toy Logo Hoodie $14.95 $7.00 50% off + extra 10% in the app Gap Logo Tote Bag $54.95 $32.00 40% off + extra 10% in the app","& care Bear: 100% Polyester Cozy Sherpa. Hoodie: 97% Polyester, 3% Spandex. Spot clean. Imported. Shipping & returns Customers also viewed Logo Tote Keychain Charm $19.95 $15.00 20% off + extra 10% in the app Logo Tote Keychain Charm $19.95 $11.00 40% off + extra 10% in the app Logo Hoodie Keychain Charm $14.95 $7.00 50% off + extra 10% in the app Logo Tote Keychain Charm $19.95 $11.00 40% off + extra 10% in the app Toy Logo Hoodie $14.95 $7.00 50% off + extra 10% in the app You may also like Brannan Bear Scarf Keychain Charm $19.95 $9.00 50% off + extra 10% in the app Brannan Bear Hoodie Keychain Charm $19.95 $11.00 40% off + extra 10% in the app Gap Logo Tote Bag $54.95 $43.00 20% off + extra 10% in the app Brannan Bear Sleep Keychain Charm $19.95 $11.00 40% off + extra 10% in the app Gap Logo Tote Bag $54.95 $32.00 40% off + extra 10% in the app Brannan Bear Denim Jacket Keychain Charm $19.95 $13.00 30% off + extra 10% in the app Brannan Bear Sweater Keychain Charm $19.95 $11.00 40% off + extra 10% in the app Gap Logo Tote Bag $54.95 $43.00 20% off + extra 10% in the app Toy Logo Hoodie $14.95 $7.00 50% off + extra 10% in the app Gap Logo Tote Bag $54.95 $32.00 40% off + extra 10% in the app",Brannan Bear Nap Hoodie Keychain Charm,,USD,11.0,19.95,"This keychain charm is made of soft knit and faux fur with a metal key ring. Embroidered bear detail and Gap NAP logo at front. #894579 Fabric & care Bear: 100% Polyester Cozy Sherpa. Hoodie: 97% Polyester, 3% Spandex. Spot clean. Imported. Shipping & returns Customers also viewed Logo Tote Keychain Charm $19.95 $15.00 20% off + extra 10% in the app Logo Tote Keychain Charm $19.95 $11.00 40% off + extra 10% in the app Logo Hoodie Keychain Charm $14.95 $7.00 50% off + extra 10% in the app Logo Tote Keychain Charm $19.95 $11.00 40% off + extra 10% in the app Toy Logo Hoodie $14.95 $7.00 50% off + extra 10% in the app You may also like Brannan Bear Scarf Keychain Charm $19.95 $9.00 50% off + extra 10% in the app Brannan Bear Hoodie Keychain Charm $19.95 $11.00 40% off + extra 10% in the app Gap Logo Tote Bag $54.95 $43.00 20% off + extra 10% in the app Brannan Bear Sleep Keychain Charm $19.95 $11.00 40% off + extra 10% in the app Gap Logo Tote Bag $54.95 $32.00 40% off + extra 10% in the app Brannan Bear Denim Jacket Keychain Charm $19.95 $13.00 30% off + extra 10% in the app Brannan Bear Sweater Keychain Charm $19.95 $11.00 40% off + extra 10% in the app Gap Logo Tote Bag $54.95 $43.00 20% off + extra 10% in the app Toy Logo Hoodie $14.95 $7.00 50% off + extra 10% in the app Gap Logo Tote Bag $54.95 $32.00 40% off + extra 10% in the app",894579002,https://www.gap.com/browse/product.do?pid=894579002&vid=1&pcid=3046544&cid=3046544,False,4,4,2026-02-22,One Size,894579,
In stock,5,,Gap,Bear: 100% Polyester Cozy Sherpa. Spot clean. Imported. Shipping & returns Customers also viewed Brannan Bear Scarf Keychain Charm $19.95 $9.00 50% off + extra 10% in the app Logo Tote Keychain Charm $19.95 $11.00 40% off + extra 10% in the app Logo Hoodie Keychain Charm $14.95 $7.00 50% off + extra 10% in the app Gap Logo Tote Bag $54.95 $43.00 20% off + extra 10% in the app Logo Tote Keychain Charm $19.95 $11.00 40% off + extra 10% in the app You may also like Gap Logo Tote Bag $54.95 $43.00 20% off + extra 10% in the app Brannan Bear Sleep Keychain Charm $19.95 $11.00 40% off + extra 10% in the app Logo Tote Keychain Charm $19.95 $11.00 40% off + extra 10% in the app Brannan Bear Hoodie Keychain Charm $19.95 $17.00 Extra 10% off in the app Gap Logo Tote Bag $49.95 Extra 10% off in the app Gap Logo Tote Bag $54.95 $43.00 20% off + extra 10% in the app Brannan Bear Nap Hoodie Keychain Charm $19.95 $11.00 40% off + extra 10% in the app Gap Logo Tote Bag $54.95 $32.00 40% off + extra 10% in the app Denim Tote Bag $59.95 $41.00 30% off + extra 10% in the app Gap Logo Tote Bag $59.95 $35.00 40% off + extra 10% in the app,"Women / Bags, Scarves & More > Women > Bags, Scarves & More",Multi color happy stripe,This keychain charm is made of soft knit and faux fur with a metal key ring. Embroidered bear detail at front with allover stripes at crewneck sweater. #894583,Size Guide,Size Guide,18,https://www.gap.com/webcontent/0061/519/686/cn61519686.jpg,https://www.gap.com/webcontent/0061/519/686/cn61519686.jpg | https://www.gap.com/webcontent/0061/519/689/cn61519689.jpg | https://www.gap.com/webcontent/0061/456/379/cn61456379.jpg | https://www.gap.com/webcontent/0059/961/326/cn59961326.jpg | https://www.gap.com/webcontent/0059/961/291/cn59961291.jpg | https://www.gap.com/webcontent/0061/502/386/cn61502386.jpg | https://www.gap.com/webcontent/0061/502/307/cn61502307.jpg | https://www.gap.com/webcontent/0061/603/953/cn61603953.jpg | https://www.gap.com/webcontent/0061/456/364/cn61456364.jpg | https://www.gap.com/webcontent/0061/520/379/cn61520379.jpg | https://www.gap.com/webcontent/0060/625/989/cn60625989.jpg | https://www.gap.com/webcontent/0061/121/188/cn61121188.jpg | https://www.gap.com/webcontent/0061/518/912/cn61518912.jpg | https://www.gap.com/webcontent/0061/456/373/cn61456373.jpg | https://www.gap.com/webcontent/0061/708/096/cn61708096.jpg | https://www.gap.com/webcontent/0060/784/392/cn60784392.jpg | https://www.gap.com/webcontent/0061/624/045/cn61624045.jpg | https://cdn.cookielaw.org/logos/e1cf9ab6-fc39-4557-b4ef-4393861dad52/d229a1c3-b8ad-46ad-9bdb-8311fd460a5f/c85f6701-9eae-4a9f-b770-87eee2dae9fc/Logo_color_lockup@3x.png,True,& care Bear: 100% Polyester Cozy Sherpa. Spot clean. Imported. Shipping & returns Customers also viewed Brannan Bear Scarf Keychain Charm $19.95 $9.00 50% off + extra 10% in the app Logo Tote Keychain Charm $19.95 $11.00 40% off + extra 10% in the app Logo Hoodie Keychain Charm $14.95 $7.00 50% off + extra 10% in the app Gap Logo Tote Bag $54.95 $43.00 20% off + extra 10% in the app Logo Tote Keychain Charm $19.95 $11.00 40% off + extra 10% in the app You may also like Gap Logo Tote Bag $54.95 $43.00 20% off + extra 10% in the app Brannan Bear Sleep Keychain Charm $19.95 $11.00 40% off + extra 10% in the app Logo Tote Keychain Charm $19.95 $11.00 40% off + extra 10% in the app Brannan Bear Hoodie Keychain Charm $19.95 $17.00 Extra 10% off in the app Gap Logo Tote Bag $49.95 Extra 10% off in the app Gap Logo Tote Bag $54.95 $43.00 20% off + extra 10% in the app Brannan Bear Nap Hoodie Keychain Charm $19.95 $11.00 40% off + extra 10% in the app Gap Logo Tote Bag $54.95 $32.00 40% off + extra 10% in the app Denim Tote Bag $59.95 $41.00 30% off + extra 10% in the app Gap Logo Tote Bag $59.95 $35.00 40% off + extra 10% in the app,& care Bear: 100% Polyester Cozy Sherpa. Spot clean. Imported. Shipping & returns Customers also viewed Brannan Bear Scarf Keychain Charm $19.95 $9.00 50% off + extra 10% in the app Logo Tote Keychain Charm $19.95 $11.00 40% off + extra 10% in the app Logo Hoodie Keychain Charm $14.95 $7.00 50% off + extra 10% in the app Gap Logo Tote Bag $54.95 $43.00 20% off + extra 10% in the app Logo Tote Keychain Charm $19.95 $11.00 40% off + extra 10% in the app You may also like Gap Logo Tote Bag $54.95 $43.00 20% off + extra 10% in the app Brannan Bear Sleep Keychain Charm $19.95 $11.00 40% off + extra 10% in the app Logo Tote Keychain Charm $19.95 $11.00 40% off + extra 10% in the app Brannan Bear Hoodie Keychain Charm $19.95 $17.00 Extra 10% off in the app Gap Logo Tote Bag $49.95 Extra 10% off in the app Gap Logo Tote Bag $54.95 $43.00 20% off + extra 10% in the app Brannan Bear Nap Hoodie Keychain Charm $19.95 $11.00 40% off + extra 10% in the app Gap Logo Tote Bag $54.95 $32.00 40% off + extra 10% in the app Denim Tote Bag $59.95 $41.00 30% off + extra 10% in the app Gap Logo Tote Bag $59.95 $35.00 40% off + extra 10% in the app,Brannan Bear Sweater Keychain Charm,,USD,11.0,19.95,This keychain charm is made of soft knit and faux fur with a metal key ring. Embroidered bear detail at front with allover stripes at crewneck sweater. #894583 Fabric & care Bear: 100% Polyester Cozy Sherpa. Spot clean. Imported. Shipping & returns Customers also viewed Brannan Bear Scarf Keychain Charm $19.95 $9.00 50% off + extra 10% in the app Logo Tote Keychain Charm $19.95 $11.00 40% off + extra 10% in the app Logo Hoodie Keychain Charm $14.95 $7.00 50% off + extra 10% in the app Gap Logo Tote Bag $54.95 $43.00 20% off + extra 10% in the app Logo Tote Keychain Charm $19.95 $11.00 40% off + extra 10% in the app You may also like Gap Logo Tote Bag $54.95 $43.00 20% off + extra 10% in the app Brannan Bear Sleep Keychain Charm $19.95 $11.00 40% off + extra 10% in the app Logo Tote Keychain Charm $19.95 $11.00 40% off + extra 10% in the app Brannan Bear Hoodie Keychain Charm $19.95 $17.00 Extra 10% off in the app Gap Logo Tote Bag $49.95 Extra 10% off in the app Gap Logo Tote Bag $54.95 $43.00 20% off + extra 10% in the app Brannan Bear Nap Hoodie Keychain Charm $19.95 $11.00 40% off + extra 10% in the app Gap Logo Tote Bag $54.95 $32.00 40% off + extra 10% in the app Denim Tote Bag $59.95 $41.00 30% off + extra 10% in the app Gap Logo Tote Bag $59.95 $35.00 40% off + extra 10% in the app,894583002,https://www.gap.com/browse/product.do?pid=894583002&vid=1&pcid=3046544&cid=3051539,False,1,,2026-02-22,One Size,894583,
