product_id,source,brand,product_name,leaf_category,price,original_price,discount_percent,is_on_sale,rating,review_count,description,material_text,dimensions,image_url,color_count,timestamp,product_url
94687138,target,A New Day,Kiss Lock Clutch Bag - A New Day™ Black,Clutches,30,,0,False,4.4,90,Twill fabric clutch bag; Kiss lock clasp closure; Main compartment with credit card slip pocket; Kiss lock metal clasp closure; Detachable carrying handle; Bag structure: Unstructured; Interior features: Credit Card Pockets; Exterior features: Detachable Handle; Bag structure: Unstructured; Interior features: Credit Card Pockets; Exterior features: Detachable Handle,Polyurethane,7 Inches (H) x 13.5 Inches (W) x 5 Inches (D),https://target.scene7.com/is/image/Target/GUEST_c81ce67f-222a-4e84-967e-6fe3dc83c1fe?wid=1200&hei=1200&qlt=85,1,2026-02-23T16:44:52.645735,https://www.target.com/p/kiss-lock-clutch-bag-a-new-day/-/A-94705891?preselect=94687138#lnk=sametab
94776900,target,Universal Thread,Quilted Drawstring Tote Handbag - Universal Thread™ Pink,Shoulder Bags,35,,0,False,3.9,11,Universal Thread quilted tote handbag; Woven with recycled polyester fabric; Interior zip pocket; Double shoulder straps; Drawstring closure; Bag structure: Softside; Interior features: Zip Pocket; Exterior features: No Compartments or Pockets; Bag structure: Softside; Interior features: Zip Pocket; Exterior features: No Compartments or Pockets,100% Recycled Polyester,14.72 Inches (H) x 19.31 Inches (W) x 5 Inches (D),https://target.scene7.com/is/image/Target/GUEST_5e168547-8dac-457c-8f8c-dd363f529a80?wid=1200&hei=1200&qlt=85,1,2026-02-23T16:44:52.646741,https://www.target.com/p/quilted-drawstring-tote-handbag-universal-thread/-/A-94776901?preselect=94776900#lnk=sametab
94794411,target,A New Day,Conversation Heart Bag Charm - A New Day™,Bag Charms & Straps,8.5,10,15,True,4.8,29,Gold-tone chain bag charm; Metal construction; Five heart-shaped charms with printed phrases; Additional small gold-tone heart charms; Lobster claw clasp closure; Suggested for ages 15 and up,Zinc Alloy,"11.42 Inches (L), 1.36 Inches (W)",https://target.scene7.com/is/image/Target/GUEST_faba82f4-1b2d-4a51-8bea-67318e006232?wid=1200&hei=1200&qlt=85,,2026-02-23T16:44:52.646741,https://www.target.com/p/conversation-heart-bag-charm-a-new-day-8482/-/A-94794411#lnk=sametab
94742363,target,A New Day,Kiss Lip Clutch - A New Day™ Red,Clutches,25.5,30,15,True,4.6,14,Kiss structured clutch; Red polyurethane shell with vinyl finish; Zip-closure main compartment; Detachable metal shoulder strap; Bag structure: Structured; Interior features: No Compartments or Pockets; Exterior features: Detachable Straps; Bag structure: Structured; Interior features: No Compartments or Pockets; Exterior features: Detachable Straps,Metal,5.75 Inches (H) x 8.5 Inches (W) x 2.75 Inches (D),https://target.scene7.com/is/image/Target/GUEST_82702f88-fb01-4f54-af1c-b284eeacb30e?wid=1200&hei=1200&qlt=85,1,2026-02-23T16:44:52.646741,https://www.target.com/p/kiss-lip-clutch-a-new-day-8482-red/-/A-94742363#lnk=sametab
94742362,target,A New Day,Conversation Heart Wristlet - A New Day™ Pink,Clutches,12.75,15,15,True,4.6,16,Conversation heart wristlet wallet; Polyurethane construction; Zip closure; Detachable loop strap; Bag structure: Unstructured; Interior features: No Compartments or Pockets; Exterior features: No Compartments or Pockets; Bag structure: Unstructured; Interior features: No Compartments or Pockets; Exterior features: No Compartments or Pockets,Polyurethane,4.5 Inches (H) x 4.75 Inches (W) x .75 Inches (D),https://target.scene7.com/is/image/Target/GUEST_c3bcb3dd-0448-4197-8fb6-6c8c4ea780b6?wid=1200&hei=1200&qlt=85,1,2026-02-23T16:44:52.646741,https://www.target.com/p/conversation-heart-wristlet-a-new-day/-/A-94781667?preselect=94742362#lnk=sametab
94742370,target,A New Day,Crescent Marble Minaudiere Clutch - A New Day™ Pink,Clutches,40,,0,False,3.9,9,"Crescent-shape minaudiere clutch; Crafted from acrylic shell; Clasp closure; Top carrying handle; Bag structure: Hardside, Structured; Interior features: No Compartments or Pockets; Exterior features: No Compartments or Pockets; Bag structure: Hardside, Structured; Interior features: No Compartments or Pockets; Exterior features: No Compartments or Pockets",Acrylic,8.62 Inches (H) x 9.05 Inches (W) x 1.96 Inches (D),https://target.scene7.com/is/image/Target/GUEST_2383dd5a-cb9c-4806-bd55-6769489211e9?wid=1200&hei=1200&qlt=85,1,2026-02-23T16:44:52.646741,https://www.target.com/p/crescent-marble-minaudiere-clutch-a-new-day/-/A-94781668?preselect=94742370#lnk=sametab
94172689,target,Universal Thread,Oversized Slouchy Shoulder Bag - Universal Thread™ Black,Shoulder Bags,35,,0,False,4.3,390,Faux leather slouchy shoulder bag; Polyurethane shell; Unstructured; No interior or exterior compartments; Magnetic closure; Carrying handle; 10.5in H 15.75in W x 5in D; Bag structure: Unstructured; Interior features: No Compartments or Pockets; Exterior features: No Compartments or Pockets; Bag structure: Unstructured; Interior features: No Compartments or Pockets; Exterior features: No Compartments or Pockets,Polyurethane,10.5 Inches (H) x 15.75 Inches (W) x 5 Inches (D),https://target.scene7.com/is/image/Target/GUEST_21c648d2-b83a-49d5-ad4a-bee5938769eb?wid=1200&hei=1200&qlt=85,1,2026-02-23T16:44:52.646741,https://www.target.com/p/oversized-slouchy-shoulder-bag-universal-thread/-/A-94248767?preselect=94172689#lnk=sametab
92450022,target,Universal Thread,"Foundational Weekender Bag - Universal Thread™ Pucker Brown: 90% Recycled Nylon, Double Handle, Removable Strap, 48 Linear Inches",Weekender Bags,40,,0,False,4.6,133,"Keep yourself ready for quick trips with the Foundational Weekender Bag from Universal Thread™. This unstructured weekender bag features interior and exterior pockets to help provide ample space for your essential items. Designed with a removable strap and double handles, it offers multiple carrying options for your convenience. Universal Thread™: Found exclusively at Target.; Bag structure: Unstructured; Interior features: Zip Pocket, Accessories Pocket; Exterior features: Detachable Strap, Front Zip Pocket; Bag structure: Unstructured; Interior features: Zip Pocket, Accessories Pocket; Exterior features: Detachable Strap, Front Zip Pocket",Polyester,15 Inches (H) x 23 Inches (W) x 9 Inches (D),https://target.scene7.com/is/image/Target/GUEST_b2e9698f-b9d1-4304-a4c7-a312383c87ec?wid=1200&hei=1200&qlt=85,1,2026-02-23T16:44:52.646741,https://www.target.com/p/foundational-weekender-bag-universal-thread/-/A-92750865?preselect=92450022#lnk=sametab
90367010,target,A New Day,"Triple Compartment Work Tote Handbag - A New Day™ Black: Shell, Double Shoulder Handles",Shoulder Bags,35,,0,False,4.1,236,Triple compartment tote handbag; Main compartment with zipper closure; Interior pocket; Double handles; Bag structure: Unstructured; Interior features: Accessories Pocket; Exterior features: No Compartments or Pockets; Bag structure: Unstructured; Interior features: Accessories Pocket; Exterior features: No Compartments or Pockets,Polyurethane,13.39 Inches (H) x 21.26 Inches (W) x 6.3 Inches (D),https://target.scene7.com/is/image/Target/GUEST_fbb80f99-6aed-4e26-8c6c-83e57f76035a?wid=1200&hei=1200&qlt=85,1,2026-02-23T16:44:52.646741,https://www.target.com/p/triple-compartment-work-tote-handbag-a-new-day/-/A-90564596?preselect=90367010#lnk=sametab
90862916,target,Wild Fable,Puffer Hobo Shoulder Bag - Wild Fable™ Black,Shoulder Bags,25,,0,False,4.7,406,"Hobo bag with single strap handle; Boxed puffer design; Lightweight construction; Zippered compartment; Inner zip-up pocket; Recycled polyester; Bag structure: Softside, Lightweight; Interior features: Zip Pocket; Exterior features: No Compartments or Pockets; Bag structure: Softside, Lightweight; Interior features: Zip Pocket; Exterior features: No Compartments or Pockets",100% Recycled Polyester,14 Inches (H) x 17 Inches (W) x 6.5 Inches (D),https://target.scene7.com/is/image/Target/GUEST_3751241b-b8ba-4345-81d5-d8bbd0db785c?wid=1200&hei=1200&qlt=85,1,2026-02-23T16:44:52.646741,https://www.target.com/p/puffer-hobo-bag-wild-fable/-/A-90864021?preselect=90862916#lnk=sametab
94969933,target,Universal Thread,Mini Slouchy Chain Handbag - Universal Thread™ Brown,Mini Bags,30,,0,False,3.9,8,Universal Thread mini handbag in brown; Slouchy design; Polyester shell; Magnetic closure main compartment; Removable chain; Top carrying handle; Bag structure: Miniature; Interior features: No Compartments or Pockets; Exterior features: No Compartments or Pockets; Bag structure: Miniature; Interior features: No Compartments or Pockets; Exterior features: No Compartments or Pockets,Polyester,5.33 Inches (H) x 9.25 Inches (W) x 3 Inches (D),https://target.scene7.com/is/image/Target/GUEST_1205b8b2-8153-43fa-bbb1-bf16b6a2afba?wid=1200&hei=1200&qlt=85,1,2026-02-23T16:44:52.646741,https://www.target.com/p/mini-slouchy-chain-handbag-universal-thread-8482-brown/-/A-94969933#lnk=sametab
94742376,target,A New Day,Straw XL Tote Bag - A New Day™ Natural,Shoulder Bags,40,,0,False,2,1,XL straw tote bag; Open design; Double handles; Unstructured; Forest Stewardship Council Certified; Bag structure: Unstructured; Interior features: No Compartments or Pockets; Exterior features: No Compartments or Pockets; Bag structure: Unstructured; Interior features: No Compartments or Pockets; Exterior features: No Compartments or Pockets,Paper,13.39 Inches (H) x 16.93 Inches (W) x 7.09 Inches (D),https://target.scene7.com/is/image/Target/GUEST_d43b2e33-d6fe-4ea1-9d55-a682e79d44a8?wid=1200&hei=1200&qlt=85,1,2026-02-23T16:44:52.646741,https://www.target.com/p/straw-xl-tote-bag-a-new-day/-/A-94781669?preselect=94742376#lnk=sametab
94780226,target,Wild Fable,Floral Print Puffer Hobo Shoulder Bag - Wild Fable™ Pink,Shoulder Bags,30,,0,False,4.7,9,Hobo bag with single strap handle; Boxed puffer design; Lightweight construction; Zippered compartment; Inner zip-up pocket; Recycled polyester; Bag structure: Softside; Interior features: Zip Pocket; Exterior features: No Compartments or Pockets; Bag structure: Softside; Interior features: Zip Pocket; Exterior features: No Compartments or Pockets,100% Recycled Polyester,14 Inches (H) x 6.5 Inches (W) x 17 Inches (D),https://target.scene7.com/is/image/Target/GUEST_619f0e09-74a5-4410-9842-9e591590a50a?wid=1200&hei=1200&qlt=85,1,2026-02-23T16:44:52.646741,https://www.target.com/p/floral-print-puffer-hobo-shoulder-bag-wild-fable-8482-pink/-/A-94780226#lnk=sametab
94742374,target,A New Day,Straw Caning Crossbody Bag - A New Day™ Natural,Satchels,30,,0,False,5,3,Straw crossbody bag; Cane design; White trim detailing; Polyethylene shell; Spacious main compartment; Popper flap with magnetic closure; Shoulder strap; Bag structure: Structured; Interior features: No Compartments or Pockets; Exterior features: No Compartments or Pockets; Bag structure: Structured; Interior features: No Compartments or Pockets; Exterior features: No Compartments or Pockets,Polyethylene,5 Inches (H) x 8.5 Inches (W) x 2.75 Inches (D),https://target.scene7.com/is/image/Target/GUEST_6d37a024-3606-4c35-ab82-307979ec1c39?wid=1200&hei=1200&qlt=85,1,2026-02-23T16:44:52.646741,https://www.target.com/p/straw-caning-crossbody-bag-a-new-day-8482-natural/-/A-94742374#lnk=sametab
94742389,target,Shade & Shore,Packable Zip Top Mesh Tote Handbag - Shade & Shore™ Brown,Beach Bags,18,,0,False,5,2,"Packable tote handbag; 100% recycled polyester mesh shell; Zippered main compartment; 2 exterior mesh pockets; Double shoulder handles; 12in H x 21.5in W x 12in D; Bag structure: Unstructured; Interior features: No Compartments or Pockets; Exterior features: Front Pocket, Mesh Pocket; Bag structure: Unstructured; Interior features: No Compartments or Pockets; Exterior features: Front Pocket, Mesh Pocket",100% Recycled Polyester,12 Inches (H) x 21.5 Inches (W) x 12 Inches (D),https://target.scene7.com/is/image/Target/GUEST_39521f7f-2e9b-4be7-99f7-68707e050e45?wid=1200&hei=1200&qlt=85,1,2026-02-23T16:44:52.646741,https://www.target.com/p/packable-zip-top-mesh-tote-handbag-shade-shore/-/A-94800765?preselect=94742389#lnk=sametab
94832341,target,Universal Thread,Western Soft Saddle Crossbody Bag Purse - Universal Thread™ Brown,Crossbody & Messenger Bags,30,,0,False,5,1,Bag structure: Lightweight; Interior features: Zip Pocket; Exterior features: Adjustable Strap; Bag structure: Lightweight; Interior features: Zip Pocket; Exterior features: Adjustable Strap,Polyurethane,7.5 Inches (H) x 9 Inches (W) x 2.75 Inches (D),https://target.scene7.com/is/image/Target/GUEST_073cd41e-5e4e-41d8-baa7-da242fc2eff7?wid=1200&hei=1200&qlt=85,1,2026-02-23T16:44:52.646741,https://www.target.com/p/western-soft-saddle-crossbody-bag-purse-universal-thread-8482-brown/-/A-94832341#lnk=sametab
94832340,target,Universal Thread,Western Faux Suede Fringe Shoulder Bag Purse - Universal Thread™ Brown,Shoulder Bags,35,,0,False,3.7,6,Bag structure: Softside; Interior features: Zip Pocket; Exterior features: Adjustable Strap; Bag structure: Softside; Interior features: Zip Pocket; Exterior features: Adjustable Strap,Polyester,4.75 Inches (H) x 8.25 Inches (W) x 2.5 Inches (D),https://target.scene7.com/is/image/Target/GUEST_039226b7-b600-4848-8407-b1fd316b5e7f?wid=1200&hei=1200&qlt=85,1,2026-02-23T16:44:52.646741,https://www.target.com/p/western-faux-suede-fringe-shoulder-bag-purse-universal-thread/-/A-94894923?preselect=94832340#lnk=sametab
94832338,target,Universal Thread,Western Faux Suede with Tassel Shoulder Bag Purse - Universal Thread™ Tan,Shoulder Bags,40,,0,False,5,1,Bag structure: Lightweight; Interior features: Zip Pocket; Exterior features: No Compartments or Pockets; Bag structure: Lightweight; Interior features: Zip Pocket; Exterior features: No Compartments or Pockets,Polyester,16 Inches (H) x 16.25 Inches (W) x 2 Inches (D),https://target.scene7.com/is/image/Target/GUEST_e48ca886-f959-458c-946a-9270218020b8?wid=1200&hei=1200&qlt=85,1,2026-02-23T16:44:52.646741,https://www.target.com/p/western-faux-suede-with-tassel-shoulder-bag-purse-universal-thread/-/A-94894924?preselect=94832338#lnk=sametab
90367018,target,A New Day,"Kate Tote Handbag - A New Day™ Black: Double Shoulder Handles, Magnetic Closure, Recycled Nylon",Shoulder Bags,30,,0,False,4.5,247,"Quilted tote handbag; Unstructured design; Magnetic closure on main compartment; Features interior and exterior pockets; Double shoulder and grab handles; Bag structure: Unstructured; Interior features: Accessories Pocket, Zip Pocket; Exterior features: Side Pockets; Bag structure: Unstructured; Interior features: Accessories Pocket, Zip Pocket; Exterior features: Side Pockets","Polyurethane, Nylon",13 Inches (H) x 18 Inches (W) x 6.25 Inches (D),https://target.scene7.com/is/image/Target/GUEST_92897fbb-2131-4ff5-a979-4fa08111046c?wid=1200&hei=1200&qlt=85,1,2026-02-23T16:44:52.646741,https://www.target.com/p/kate-tote-handbag-a-new-day/-/A-90564600?preselect=90367018#lnk=sametab
94780336,target,A New Day,Satchel Crossbody Bag - A New Day™ Tan,Crossbody & Messenger Bags,30,,0,False,4.3,7,"Satchel crossbody bag; Woven from polyurethane; Main zip closure; Cell phone and zippered pockets; Padded handle; Detachable, adjustable strap; Unstructured design; Bag structure: Unstructured; Interior features: Cell Phone Pocket, Zip Pocket; Exterior features: Detachable Straps, Adjustable Strap; Bag structure: Unstructured; Interior features: Cell Phone Pocket, Zip Pocket; Exterior features: Detachable Straps, Adjustable Strap",Polyester,8 Inches (H) x 12 Inches (W) x 4 Inches (D),https://target.scene7.com/is/image/Target/GUEST_ac24bb23-ec00-4d70-b20f-a223551963b5?wid=1200&hei=1200&qlt=85,1,2026-02-23T16:44:52.646741,https://www.target.com/p/satchel-crossbody-bag-a-new-day/-/A-94810415?preselect=94780336#lnk=sametab
94742390,target,Shade & Shore,Packable Cut Out Mesh Tote Handbag - Shade & Shore™ White,Beach Bags,15,,0,False,4.5,14,Unstructured packable tote handbag; 100% recycled polyester shell; Open main compartment; 2 exterior mesh pockets; Double handles; 18in H x 24in W x 6.5in D; Bag structure: Unstructured; Interior features: No Compartments or Pockets; Exterior features: Side Pockets; Bag structure: Unstructured; Interior features: No Compartments or Pockets; Exterior features: Side Pockets,100% Recycled Polyester,18 Inches (H) x 24 Inches (W) x 6.5 Inches (D),https://target.scene7.com/is/image/Target/GUEST_df2c6490-b7c6-4dd1-9edf-696530d4fbe6?wid=1200&hei=1200&qlt=85,1,2026-02-23T16:44:52.646741,https://www.target.com/p/packable-cut-out-mesh-tote-handbag-shade-shore/-/A-94800766?preselect=94742390#lnk=sametab
94742398,target,Universal Thread,Straw Mini Slouchy Shoulder Bag - Universal Thread™ Natural,Crossbody & Messenger Bags,30,,0,False,1,1,Universal Thread mini shoulder bag in beige hue; Straw paper shell; Crochet exterior; Spacious main compartment with magnetic closure; Faux-leather handle; Detachable linked chain; Forest Stewardship Council Certified; Bag structure: Unstructured; Interior features: No Compartments or Pockets; Exterior features: Detachable Straps; Bag structure: Unstructured; Interior features: No Compartments or Pockets; Exterior features: Detachable Straps,Paper,12.75 Inches (H) x 9.25 Inches (W) x 3 Inches (D),https://target.scene7.com/is/image/Target/GUEST_c8258c63-4fdf-4a0c-a8c5-fe69832d0caf?wid=1200&hei=1200&qlt=85,1,2026-02-23T16:44:52.646741,https://www.target.com/p/straw-mini-slouchy-shoulder-bag-universal-thread-8482-natural/-/A-94742398#lnk=sametab
94742415,target,Universal Thread,Straw Scallop Woven Tote Handbag - Universal Thread™ Natural,Shoulder Bags,35,,0,False,0,0,Universal Thread tote handbag in beige; Straw paper shell; Crochet exterior with scalloped design; Spacious main compartment; Double handles; Forest Stewardship Council Certified; Bag structure: Unstructured; Interior features: No Compartments or Pockets; Exterior features: No Compartments or Pockets; Bag structure: Unstructured; Interior features: No Compartments or Pockets; Exterior features: No Compartments or Pockets,Paper,10.6 Inches (H) x 18.5 Inches (W) x 5.12 Inches (D),https://target.scene7.com/is/image/Target/GUEST_ca9e2f7e-4a09-4dca-98a5-2599bbba2fbd?wid=1200&hei=1200&qlt=85,1,2026-02-23T16:44:52.646741,https://www.target.com/p/straw-scallop-woven-tote-handbag-universal-thread-8482-natural/-/A-94742415#lnk=sametab
93859885,target,Wild Fable,Simple Shoulder Bag - Wild Fable™ Black,Shoulder Bags,18,,0,False,4.2,38,Lightweight shoulder bag; Interior pocket; Zipper closure; Single strap; Bag structure: Lightweight; Interior features: Zip Pocket; Exterior features: No Compartments or Pockets; Bag structure: Lightweight; Interior features: Zip Pocket; Exterior features: No Compartments or Pockets,100% Recycled Polyester,5 Inches (H) x 10 Inches (W) x 2.38 Inches (D),https://target.scene7.com/is/image/Target/GUEST_f54c11d1-bc0c-4d1f-8516-2331f5a95961?wid=1200&hei=1200&qlt=85,1,2026-02-23T16:44:52.646741,https://www.target.com/p/simple-shoulder-bag-wild-fable-8482-black/-/A-93859885#lnk=sametab
94780225,target,Wild Fable,Gingham Cherry & Bow Print Puffer Hobo Shoulder Bag - Wild Fable™ Blue,Shoulder Bags,30,,0,False,5,4,Hobo bag with single strap handle; Boxed puffer design; Lightweight construction; Zippered compartment; Inner zip-up pocket; Recycled polyester; Bag structure: Softside; Interior features: Zip Pocket; Exterior features: No Compartments or Pockets; Bag structure: Softside; Interior features: Zip Pocket; Exterior features: No Compartments or Pockets,100% Recycled Polyester,14 Inches (H) x 6.5 Inches (W) x 17 Inches (D),https://target.scene7.com/is/image/Target/GUEST_a16ea970-d389-44be-a6ed-708a75272ae0?wid=1200&hei=1200&qlt=85,1,2026-02-23T16:45:09.898384,https://www.target.com/p/gingham-cherry-38-bow-print-puffer-hobo-shoulder-bag-wild-fable-8482-blue/-/A-94780225#lnk=sametab
94780222,target,Universal Thread,Magazine Tote Handbag - Universal Thread™ Green/Pink/Yellow,Shoulder Bags,15,,0,False,4.5,4,Universal Thread magazine tote handbag; Recycled cotton canvas fabric; Features an open top; Double shoulder handles; Bag structure: Lightweight; Interior features: No Compartments or Pockets; Exterior features: No Compartments or Pockets; Bag structure: Lightweight; Interior features: No Compartments or Pockets; Exterior features: No Compartments or Pockets,100% Recycled Cotton,12.99 Inches (H) x .18 Inches (W) x 17.32 Inches (D),https://target.scene7.com/is/image/Target/GUEST_fc165e91-0d76-435c-8f17-60d17374c06a?wid=1200&hei=1200&qlt=85,3,2026-02-23T16:45:09.898384,https://www.target.com/p/magazine-tote-handbag-universal-thread/-/A-94810392?preselect=94780222#lnk=sametab
92467847,target,Universal Thread,"Essential Belt Crossbody Bag - Universal Thread™ Clear/Black: TPU Shell, Adjustable Strap, Crossbody Style, Solid Pattern",Crossbody & Messenger Bags,10,,0,False,4.6,318,"Universal Thread belt crossbody bag; Features exterior pocket; Zipper closure; Adjustable strap with buckle closure; Bag structure: Lightweight; Interior features: No Compartments or Pockets; Exterior features: Adjustable Strap, Zip Pocket; Bag structure: Lightweight; Interior features: No Compartments or Pockets; Exterior features: Adjustable Strap, Zip Pocket",TPU (Thermoplastic Polyurethane),4.8 Inches (H) x 7.28 Inches (W) x 2.04 Inches (D),https://target.scene7.com/is/image/Target/GUEST_f325c316-7ea2-427d-a299-05b8e05da250?wid=1200&hei=1200&qlt=85,2,2026-02-23T16:45:09.898384,https://www.target.com/p/essential-belt-crossbody-bag-universal-thread/-/A-92750861?preselect=92467847#lnk=sametab
89393183,target,A New Day,"Flap Cell Phone Wallet - A New Day™ Black: Shell, Snap Closure, Solid Pattern",Crossbody & Messenger Bags,15,,0,False,4.6,159,"Flap cellphone wallet; Multiple interior pockets; Adjustable strap for wearing crossbody style; Faux-leather exterior; Interior features: Cell Phone Pocket, Credit Card Pockets; Exterior features: No Compartments or Pockets, Adjustable Strap; Interior features: Cell Phone Pocket, Credit Card Pockets; Exterior features: No Compartments or Pockets, Adjustable Strap",Polyurethane,5 Inches (H) x 7.5 Inches (W) x 1 Inches (D),https://target.scene7.com/is/image/Target/GUEST_9f0ca3ee-2634-44a9-abe4-7a96c9a64ec2?wid=1200&hei=1200&qlt=85,1,2026-02-23T16:45:09.898384,https://www.target.com/p/flap-cell-phone-wallet-a-new-day/-/A-89489964?preselect=89393183#lnk=sametab
92450025,target,Universal Thread,"Everyday Crossbody Bag - Universal Thread™ Black Clear: Removable Strap, TPU Shell, Vinyl Construction",Crossbody & Messenger Bags,20,,0,False,4.3,88,"Universal Thread crossbody bag; Transparent design; Zippered main compartment; Back pocket; Adjustable and detachable strap; Bag structure: Unstructured; Interior features: No Compartments or Pockets; Exterior features: Detachable Straps, Back Pocket; Bag structure: Unstructured; Interior features: No Compartments or Pockets; Exterior features: Detachable Straps, Back Pocket",Polyester,7 Inches (H) x 6.25 Inches (W) x 2.5 Inches (D),https://target.scene7.com/is/image/Target/GUEST_39025d97-5030-4e55-baeb-b209305fe024?wid=1200&hei=1200&qlt=85,2,2026-02-23T16:45:09.898384,https://www.target.com/p/everyday-crossbody-bag-universal-thread/-/A-94310271?preselect=92450025#lnk=sametab
93178685,target,A New Day,"Clear Pouch Wristlet - A New Day™ Black: Solid TPU Shell, Zip Closure, Faux Leather, Unstructured Design, 8.75"" x 6.375""",Clutches,5,,0,False,4.7,170,Clear wristlet pouch; Single main compartment; Unstructured design; Zipper closure; Bag structure: Unstructured; Interior features: No Compartments or Pockets; Exterior features: No Compartments or Pockets; Bag structure: Unstructured; Interior features: No Compartments or Pockets; Exterior features: No Compartments or Pockets,TPU (Thermoplastic Polyurethane),.5 Inches (H) x 6.38 Inches (W) x 8.75 Inches (D),https://target.scene7.com/is/image/Target/GUEST_df01ed1a-347a-48a2-9cbd-24eefd7af32f?wid=1200&hei=1200&qlt=85,3,2026-02-23T16:45:09.898384,https://www.target.com/p/clear-pouch-wristlet-a-new-day/-/A-93344260?preselect=93178685#lnk=sametab
94745584,target,A New Day,Straw Caning Tote Bag - A New Day™ Natural,Shoulder Bags,40,,0,False,0,0,Straw tote bag; Cane design; White trim detailing; Polyethylene shell; Spacious main compartment; Double handles; Bag structure: Structured; Interior features: No Compartments or Pockets; Exterior features: No Compartments or Pockets; Bag structure: Structured; Interior features: No Compartments or Pockets; Exterior features: No Compartments or Pockets,Polyethylene,10.5 Inches (H) x 19.5 Inches (W) x 3.75 Inches (D),https://target.scene7.com/is/image/Target/GUEST_7c5c9ad5-2102-437b-a5c6-e182cdb71d6f?wid=1200&hei=1200&qlt=85,1,2026-02-23T16:45:09.898384,https://www.target.com/p/straw-caning-tote-bag-a-new-day-8482-natural/-/A-94745584#lnk=sametab
94780327,target,A New Day,Woven Mini Bowler Crossbody bag - A New Day™ Brown,Crossbody & Messenger Bags,30,,0,False,4.2,5,"Mini bowler crossbody bag; Polyurethane shell; Zippered main compartment; Detachable and adjustable strap; Double handles; Bag structure: Unstructured; Interior features: No Compartments or Pockets; Exterior features: Detachable Straps, Adjustable Shoulder Strap; Bag structure: Unstructured; Interior features: No Compartments or Pockets; Exterior features: Detachable Straps, Adjustable Shoulder Strap",Polyurethane,5.5 Inches (H) x 8.25 Inches (W) x 3.5 Inches (D),https://target.scene7.com/is/image/Target/GUEST_a450babf-571e-4587-8542-3e8da6499b9e?wid=1200&hei=1200&qlt=85,1,2026-02-23T16:45:09.898384,https://www.target.com/p/woven-mini-bowler-crossbody-bag-a-new-day/-/A-94810405?preselect=94780327#lnk=sametab
93657296,target,Wild Fable,"Puffer Crossbody Handbag - Wild Fable™ Taupe: Softside Woven Bag, Single Strap, Solid Pattern",Crossbody & Messenger Bags,20,,0,False,4.4,167,Softside crossbody bag; Puffer design; 100% recycled polyester shell material; Zippered main compartment; 23in single strap; Bag structure: Softside; Interior features: Zip Pocket; Exterior features: No Compartments or Pockets; Bag structure: Softside; Interior features: Zip Pocket; Exterior features: No Compartments or Pockets,100% Recycled Polyester,8.32 Inches (H) x 11.24 Inches (W) x 3 Inches (D),https://target.scene7.com/is/image/Target/GUEST_189c5713-a9f9-4846-af74-3f02e7d81e94?wid=1200&hei=1200&qlt=85,,2026-02-23T16:45:09.898384,https://www.target.com/p/puffer-crossbody-handbag-wild-fable/-/A-93723382?preselect=93657296#lnk=sametab
94788201,target,Universal Thread,Canvas Double Zip Camera Crossbody Handbag - Universal Thread™ Off-White,Crossbody & Messenger Bags,30,,0,False,4.6,61,"Universal Thread camera handbag; Features an interior pocket; Double zipper closure; Adjustable shoulder strap; Bag structure: Unstructured; Interior features: Zip Pocket; Exterior features: Adjustable Shoulder Strap, Detachable Straps; Bag structure: Unstructured; Interior features: Zip Pocket; Exterior features: Adjustable Shoulder Strap, Detachable Straps",Polyester,5 Inches (H) x 8.25 Inches (W) x 2.75 Inches (D),https://target.scene7.com/is/image/Target/GUEST_2e56d35e-05d8-455c-871e-790051287d3b?wid=1200&hei=1200&qlt=85,1,2026-02-23T16:45:09.898384,https://www.target.com/p/double-zip-camera-crossbody-handbag-universal-thread/-/A-94594859?preselect=94788201#lnk=sametab
94780201,target,Universal Thread,Woven Modern Belt Handbag - Universal Thread™ Brown,Crossbody & Messenger Bags,25,,0,False,5,3,Universal Thread belt handbag; Polyurethane material; Zippered main compartment; Removable and adjustable strap; Bag structure: Unstructured; Interior features: No Compartments or Pockets; Exterior features: Back Pocket; Bag structure: Unstructured; Interior features: No Compartments or Pockets; Exterior features: Back Pocket,Polyurethane,6 Inches (H) x 12.75 Inches (W) x 2.75 Inches (D),https://target.scene7.com/is/image/Target/GUEST_8535cef8-c872-46a2-970a-84bb5ef6150e?wid=1200&hei=1200&qlt=85,1,2026-02-23T16:45:09.898384,https://www.target.com/p/modern-belt-handbag-universal-thread/-/A-94837651?preselect=94780201#lnk=sametab
94269884,target,A New Day,Mini Tulip Tote Handbag with Crossbody Strap - A New Day™ Brown,Shoulder Bags,25,,0,False,4.4,64,Mini tulip tote bag; Made from polyurethane; Strap accent with buckle; Double handles; Removable crossbody strap; Magnetic closure; Bag structure: Unstructured; Interior features: No Compartments or Pockets; Exterior features: No Compartments or Pockets; Bag structure: Unstructured; Interior features: No Compartments or Pockets; Exterior features: No Compartments or Pockets,Polyurethane,6.5 Inches (H) x 9 Inches (W) x 4.75 Inches (D),https://target.scene7.com/is/image/Target/GUEST_fa6e2d25-49c1-4142-b969-3fab3db3e50c?wid=1200&hei=1200&qlt=85,1,2026-02-23T16:45:09.898384,https://www.target.com/p/mini-tulip-tote-handbag-with-crossbody-strap-a-new-day/-/A-94436052?preselect=94269884#lnk=sametab
90367006,target,A New Day,"Travel Pouch - A New Day™ Taupe: Top Handle Bag, Unstructured, Woven, Handle",Handbags & Purses,15,,0,False,4.6,260,Travel pouch; Woven design in plastic; See-through sides for visible contents; Unstructured with single compartment; Zipper closure; Top handle; Bag structure: Unstructured; Interior features: No Compartments or Pockets; Exterior features: No Compartments or Pockets; Bag structure: Unstructured; Interior features: No Compartments or Pockets; Exterior features: No Compartments or Pockets,Polyurethane,5.5 Inches (H) x 8.5 Inches (W) x 3.4 Inches (D),https://target.scene7.com/is/image/Target/GUEST_5d89a195-c7f0-41d8-8f89-9053cf09c34e?wid=1200&hei=1200&qlt=85,1,2026-02-23T16:45:09.898384,https://www.target.com/p/travel-pouch-a-new-day/-/A-90564597?preselect=90367006#lnk=sametab
94744290,target,A New Day,Straw Small Satchel Bag - A New Day™ Brown,Shoulder Bags,30,,0,False,0,0,"Small satchel bag in brown; Straw paper shell; Crochet exterior; Zippered main compartment; Double handle; Detachable and adjustable faux-leather strap; Forest Stewardship Council Certified; Bag structure: Unstructured; Interior features: No Compartments or Pockets; Exterior features: Detachable Straps, Adjustable Shoulder Strap; Bag structure: Unstructured; Interior features: No Compartments or Pockets; Exterior features: Detachable Straps, Adjustable Shoulder Strap",Paper,5.5 Inches (H) x 10.23 Inches (W) x 3.15 Inches (D),https://target.scene7.com/is/image/Target/GUEST_60763823-9abf-4b7b-a277-ba63db44ab6a?wid=1200&hei=1200&qlt=85,1,2026-02-23T16:45:09.898384,https://www.target.com/p/straw-small-satchel-bag-a-new-day-8482-brown/-/A-94744290#lnk=sametab
94755267,target,Universal Thread,Straw Crescent XL Tote Handbag - Universal Thread™ Natural,Shoulder Bags,35,,0,False,2,2,Universal Thread crescent handbag; Paper straw shell; Crocheted exterior; Zippered main compartment; Single handle; Bag structure: Structured; Interior features: No Compartments or Pockets; Exterior features: No Compartments or Pockets; Bag structure: Structured; Interior features: No Compartments or Pockets; Exterior features: No Compartments or Pockets,Paper Straw,22 Inches (H) x 17 Inches (W) x 10 Inches (D),https://target.scene7.com/is/image/Target/GUEST_4cf2071b-f1f5-4be6-96da-0d09a7c8a33a?wid=1200&hei=1200&qlt=85,1,2026-02-23T16:45:09.898384,https://www.target.com/p/straw-crescent-xl-tote-handbag-universal-thread-8482-natural/-/A-94755267#lnk=sametab
94780337,target,A New Day,Bucket Shoulder Bag - A New Day™ Dark Brown,Shoulder Bags,35,,0,False,3,2,Bucket shoulder bag; Polyurethane woven material; Magnetic closure; Adjustable strap; Unstructured; Bag structure: Unstructured; Interior features: No Compartments or Pockets; Exterior features: No Compartments or Pockets; Bag structure: Unstructured; Interior features: No Compartments or Pockets; Exterior features: No Compartments or Pockets,Polyurethane,11.5 Inches (H) x 12 Inches (W) x 5.25 Inches (D),https://target.scene7.com/is/image/Target/GUEST_b9ab15ed-5f97-4714-ae53-660fd4434b10?wid=1200&hei=1200&qlt=85,1,2026-02-23T16:45:09.898384,https://www.target.com/p/bucket-shoulder-bag-a-new-day/-/A-94810417?preselect=94780337#lnk=sametab
1004118866,target,A New Day,Winged Tote Bag - A New Day™ White,Shoulder Bags,35,,0,False,5,1,"Winged tote bag in a white; Cotton shell; Spacious main compartment with magnetic closure; Zippered inner pocket and accessories pocket; Exterior pocket with flap closure; Polyurethane double handles; Bag structure: Unstructured; Interior features: Accessories Pocket, Zip Pocket; Exterior features: Front Pocket; Bag structure: Unstructured; Interior features: Accessories Pocket, Zip Pocket; Exterior features: Front Pocket",Polyurethane,11.5 Inches (H) x 21.5 Inches (W) x 7.25 Inches (D),https://target.scene7.com/is/image/Target/GUEST_ebe197ee-296f-4b3d-a2a8-d38473d37365?wid=1200&hei=1200&qlt=85,1,2026-02-23T16:45:09.898384,https://www.target.com/p/winged-tote-bag-a-new-day-8482-white/-/A-1004118866#lnk=sametab
94269889,target,A New Day,Quilted Vanity Crossbody Bag - A New Day™ Black,Crossbody & Messenger Bags,20,,0,False,4.8,55,Crossbody vanity bag; Quilted polyurethane construction; Zipper closure; Padded top handle; Detachable shoulder strap; Bag structure: Unstructured; Interior features: No Compartments or Pockets; Exterior features: Detachable Straps; Bag structure: Unstructured; Interior features: No Compartments or Pockets; Exterior features: Detachable Straps,Polyurethane,4.5 Inches (H) x 7.5 Inches (W) x 2.75 Inches (D),https://target.scene7.com/is/image/Target/GUEST_c4751f50-f9a1-4bbf-aa7e-39f08791abc9?wid=1200&hei=1200&qlt=85,1,2026-02-23T16:45:09.898384,https://www.target.com/p/quilted-vanity-crossbody-bag-a-new-day/-/A-94436057?preselect=94269889#lnk=sametab
90779633,target,Universal Thread,"Double Gusset Crossbody Bag - Universal Thread™ Black: Removable Adjustable Strap, Twill",Crossbody & Messenger Bags,20,,0,False,4.3,66,Universal Thread double gusset crossbody bag; Faux leather design; Credit card pockets; Zip closure; Removable adjustable strap; Bag structure: Unstructured; Interior features: Accessories Pocket; Exterior features: No Compartments or Pockets; Bag structure: Unstructured; Interior features: Accessories Pocket; Exterior features: No Compartments or Pockets,Polyurethane,5 Inches (H) x 9.5 Inches (W) x 1.5 Inches (D),https://target.scene7.com/is/image/Target/GUEST_5c32376b-0886-485d-a6b3-7d8f8de8bc9a?wid=1200&hei=1200&qlt=85,1,2026-02-23T16:45:09.898384,https://www.target.com/p/double-gusset-crossbody-bag-universal-thread/-/A-91030307?preselect=90779633#lnk=sametab
94780355,target,A New Day,Woven Tote Bag - A New Day™ Brown,Shoulder Bags,40,,0,False,4,1,Woven tote bag; Polyurethane shell; Open main compartment; Magnetic closure; Shoulder straps; Bag structure: Unstructured; Interior features: No Compartments or Pockets; Exterior features: No Compartments or Pockets; Bag structure: Unstructured; Interior features: No Compartments or Pockets; Exterior features: No Compartments or Pockets,Polyurethane,11.5 Inches (H) x 18 Inches (W) x 4.75 Inches (D),https://target.scene7.com/is/image/Target/GUEST_bdc10bd0-6ac3-4db0-a5aa-d648bc06d864?wid=1200&hei=1200&qlt=85,1,2026-02-23T16:45:09.898384,https://www.target.com/p/woven-tote-bag-a-new-day/-/A-94810396?preselect=94780355#lnk=sametab
90780561,target,Universal Thread,"Essential Zip Tote Handbag - Universal Thread™ Black: Nylon Twill, Unstructured, 18.75"" Width",Shoulder Bags,20,,0,False,4.3,51,Universal Thread tote handbag; Nylon twill material; Zippered pocket; Front pocket; Zip closure; Carrying handle; Bag structure: Unstructured; Interior features: Zip Pocket; Exterior features: Front Pocket; Bag structure: Unstructured; Interior features: Zip Pocket; Exterior features: Front Pocket,Nylon,12 Inches (H) x 18.75 Inches (W) x 5.5 Inches (D),https://target.scene7.com/is/image/Target/GUEST_5c1563e8-8e54-474a-ba7a-dc5d0fb81e91?wid=1200&hei=1200&qlt=85,2,2026-02-23T16:44:52.649734,https://www.target.com/p/essential-zip-tote-handbag-universal-thread/-/A-91030310?preselect=90780561#lnk=sametab
92449937,target,A New Day,"Quilted Camera Crossbody Bag - A New Day™ Black: Faux Leather, Chain Strap, Softside, Zip Closure, 22.83"" Strap Length",Crossbody & Messenger Bags,25,,0,False,4.7,79,Faux-leather crossbody bag; Features interior pocket; Softside structure; Zipper closure; Chain strap handle; Bag structure: Softside; Interior features: Zip Pocket; Exterior features: No Compartments or Pockets; Bag structure: Softside; Interior features: Zip Pocket; Exterior features: No Compartments or Pockets,Polyurethane,4.72 Inches (H) x 7.48 Inches (W) x 1.97 Inches (D),https://target.scene7.com/is/image/Target/GUEST_3f95ca26-f69c-4b3c-aaa7-c2909dc3b70a?wid=1200&hei=1200&qlt=85,1,2026-02-23T16:44:52.649734,https://www.target.com/p/elevated-camera-crossbody-bag-a-new-day/-/A-92710285?preselect=92449937#lnk=sametab
89393333,target,Universal Thread,"Belt Crossbody Bag - Universal Thread™ Beige: Cotton Canvas, Adjustable Strap, Solid Pattern, Zip Closure",Crossbody & Messenger Bags,15,20,25,True,4.4,641,"Universal Thread belt bag; Semi-circle shape; Interior and exterior pockets; Zipper closure; Belt-style adjustable, removable strap; Bag structure: Unstructured; Interior features: Zip Pocket; Exterior features: Zip Pocket, Adjustable Shoulder Strap; Bag structure: Unstructured; Interior features: Zip Pocket; Exterior features: Zip Pocket, Adjustable Shoulder Strap",Cotton,6.12 Inches (H) x 10.25 Inches (W) x 3.5 Inches (D),https://target.scene7.com/is/image/Target/GUEST_fce194cb-e9cc-4eb6-a271-70193a32b3dc?wid=1200&hei=1200&qlt=85,1,2026-02-23T16:44:52.649734,https://www.target.com/p/belt-bag-universal-thread/-/A-89489985?preselect=89393333#lnk=sametab
93719956,target,Universal Thread,Foundational Mini Tote Handbag - Universal Thread™ Cream/Clear,Shoulder Bags,20,,0,False,4.6,190,"Universal Thread tote handbag; Double handles; Zipper closure; Adjustable, detachable straps; Bag structure: Unstructured; Interior features: No Compartments or Pockets; Exterior features: Adjustable Shoulder Strap, Detachable Straps; Bag structure: Unstructured; Interior features: No Compartments or Pockets; Exterior features: Adjustable Shoulder Strap, Detachable Straps",Polyester,5.5 Inches (H) x 9.5 Inches (W) x 3.75 Inches (D),https://target.scene7.com/is/image/Target/GUEST_e067c89a-b6c7-4108-a35e-81010635beab?wid=1200&hei=1200&qlt=85,2,2026-02-23T16:44:52.649734,https://www.target.com/p/foundational-mini-tote-handbag-universal-thread/-/A-92750862?preselect=93719956#lnk=sametab
94742414,target,Universal Thread,Straw Fringe Small Detachable Strap Crossbody Tote Handbag - Universal Thread™ Natural,Crossbody & Messenger Bags,35,,0,False,0,0,"Universal Thread crossbody tote handbag; Straw paper shell; Crochet exterior with side fringes; Spacious main compartment with magnetic closure; Double handles; Detachable and adjustable strap; Forest Stewardship Council Certified; Bag structure: Unstructured; Interior features: No Compartments or Pockets; Exterior features: Detachable Straps, Adjustable Strap; Bag structure: Unstructured; Interior features: No Compartments or Pockets; Exterior features: Detachable Straps, Adjustable Strap",Paper,8 Inches (H) x 10.25 Inches (W) x 3.25 Inches (D),https://target.scene7.com/is/image/Target/GUEST_bf7ac9ae-3e4e-4943-bb5c-b72ce6d0cefe?wid=1200&hei=1200&qlt=85,1,2026-02-23T16:44:52.649734,https://www.target.com/p/straw-fringe-small-detachable-strap-crossbody-tote-handbag-universal-thread-8482-natural/-/A-94742414#lnk=sametab
94780204,target,Universal Thread,Sport Cord Medium Satchel Handbag - Universal Thread™ Black,Satchels,30,,0,False,3.3,3,Universal Thread medium satchel handbag; Polyurethane shell; Zippered main compartment; Zippered interior pocket; Detachable and adjustable shoulder strap; Double shoulder handles; Sport cord accent with carabiner hook; Bag structure: Structured; Interior features: Zip Pocket; Exterior features: No Compartments or Pockets; Bag structure: Structured; Interior features: Zip Pocket; Exterior features: No Compartments or Pockets,Polyurethane,9.05 Inches (H) x 3.93 Inches (W) x 13.38 Inches (D),https://target.scene7.com/is/image/Target/GUEST_8f2f106b-02bd-4986-9f4d-0a9d0eadff8c?wid=1200&hei=1200&qlt=85,1,2026-02-23T16:44:52.649734,https://www.target.com/p/sport-cord-medium-satchel-handbag-universal-thread/-/A-94810391?preselect=94780204#lnk=sametab
94780224,target,Universal Thread,Nylon Carry-All Tote Handbag - Universal Thread™ Black,Shoulder Bags,35,,0,False,4.5,2,"Universal Thread carry-all tote handbag; 100% recycled nylon shell; Zippered main compartment; Interior zippered pocket and sleeves; Double handle; Bag structure: Unstructured; Interior features: Accessories Pocket, Zip Pocket; Exterior features: No Compartments or Pockets; Bag structure: Unstructured; Interior features: Accessories Pocket, Zip Pocket; Exterior features: No Compartments or Pockets",Polyurethane,11.5 Inches (H) x 18 Inches (W) x 6 Inches (D),https://target.scene7.com/is/image/Target/GUEST_2883457b-526b-4aa5-8e6a-27d5d07ee00e?wid=1200&hei=1200&qlt=85,1,2026-02-23T16:44:52.649734,https://www.target.com/p/nylon-carry-all-tote-handbag-universal-thread/-/A-95144170?preselect=94780224#lnk=sametab
94780207,target,Universal Thread,Small Satchel Handbag - Universal Thread™ Brown,Satchels,25,,0,False,5,3,Universal Thread small satchel handbag; Recycled polyester and polyurethane shell; Zippered main compartment; Zippered interior pocket; Detachable and adjustable shoulder strap; Double shoulder handles; Decorative faux-leather fob; Bag structure: Structured; Interior features: Zip Pocket; Exterior features: No Compartments or Pockets; Bag structure: Structured; Interior features: Zip Pocket; Exterior features: No Compartments or Pockets,Polyurethane,5.9 Inches (H) x 2.75 Inches (W) x 10 Inches (D),https://target.scene7.com/is/image/Target/GUEST_5dd1bdc5-9a51-4f53-96d6-12000554dee9?wid=1200&hei=1200&qlt=85,1,2026-02-23T16:44:52.649734,https://www.target.com/p/small-satchel-handbag-universal-thread/-/A-94810388?preselect=94780207#lnk=sametab
94780345,target,A New Day,Gathered Pochette Handbag - A New Day™ Light Brown,Clutches,20,,0,False,4.8,4,Gathered pochette handbag; Polyester shell; Open main compartment; Detachable and adjustable strap; Double strap handles; Metallic linked chain accent with ring; Bag structure: Structured; Interior features: No Compartments or Pockets; Exterior features: No Compartments or Pockets; Bag structure: Structured; Interior features: No Compartments or Pockets; Exterior features: No Compartments or Pockets,Polyester,13.5 Inches (H) x 8 Inches (W) x 5 Inches (D),https://target.scene7.com/is/image/Target/GUEST_0dcd75d2-bcdd-4852-9694-0daefa3a9c7b?wid=1200&hei=1200&qlt=85,2,2026-02-23T16:44:52.649734,https://www.target.com/p/gathered-pochette-handbag-a-new-day/-/A-94810400?preselect=94780345#lnk=sametab
89956736,target,Universal Thread,Straw Detail Belt Crossbody Bag - Universal Thread™ Black,Crossbody & Messenger Bags,20,,0,False,4.8,121,"Universal Thread crossbody bag; Straw detailing; Interior zip pocket; Zipper closure; Adjustable strap; Bag structure: Structured; Interior features: Zip Pocket; Exterior features: No Compartments or Pockets, Detachable Straps; Bag structure: Structured; Interior features: Zip Pocket; Exterior features: No Compartments or Pockets, Detachable Straps",Polyethylene,5.12 Inches (H) x 9.45 Inches (W) x 3.94 Inches (D),https://target.scene7.com/is/image/Target/GUEST_0ac25fbe-89f5-4aca-9347-9bbbf6330563?wid=1200&hei=1200&qlt=85,1,2026-02-23T16:44:52.649734,https://www.target.com/p/straw-detail-belt-crossbody-bag-universal-thread/-/A-94741230?preselect=89956736#lnk=sametab
94742369,target,A New Day,Straw Mini Boxy Barrel Shoulder Bag - A New Day™ Natural,Shoulder Bags,25,,0,False,0,0,Boxy barrel shoulder bag; Straw paper shell; Crochet exterior; Zippered main compartment; Adjustable shoulder strap; Forest Stewardship Council Certified; Bag structure: Unstructured; Interior features: No Compartments or Pockets; Exterior features: Adjustable Shoulder Strap; Bag structure: Unstructured; Interior features: No Compartments or Pockets; Exterior features: Adjustable Shoulder Strap,Paper,4.25 Inches (H) x 8 Inches (W) x 3.5 Inches (D),https://target.scene7.com/is/image/Target/GUEST_c9376eb5-98d0-4804-af9d-101bd0195df9?wid=1200&hei=1200&qlt=85,1,2026-02-23T16:44:52.649734,https://www.target.com/p/straw-mini-boxy-barrel-shoulder-bag-a-new-day-8482-natural/-/A-94742369#lnk=sametab
90777938,target,Wild Fable,"Camera Crossbody Bag - Wild Fable™ Black: Adjustable Strap, Solid Pattern, Zip Closure",Crossbody & Messenger Bags,18,,0,False,4.7,126,Camera bag; Crossbody style; Interior and exterior pockets; Fold-over top and zipper closure; Adjustable strap; Bag structure: Fold Over Top; Interior features: Zip Pocket; Exterior features: Front Pocket; Bag structure: Fold Over Top; Interior features: Zip Pocket; Exterior features: Front Pocket,100% Recycled Polyester,5.5 Inches (H) x 8.25 Inches (W) x 3.75 Inches (D),https://target.scene7.com/is/image/Target/GUEST_1e398e04-890d-4b92-b96f-a6a023323a9b?wid=1200&hei=1200&qlt=85,1,2026-02-23T16:44:52.649734,https://www.target.com/p/camera-crossbody-bag-wild-fable/-/A-91029296?preselect=90777938#lnk=sametab
92449952,target,A New Day,"Flap Shoulder Bag - A New Day™ Black: Shell, Adjustable Strap, Lightweight Design",Shoulder Bags,25,,0,False,4.5,34,Lightweight shoulder bag; Made with canvas fabric; Interior pocket; Flap closure; Adjustable strap; Bag structure: Lightweight; Interior features: Zip Pocket; Exterior features: Adjustable Shoulder Strap; Bag structure: Lightweight; Interior features: Zip Pocket; Exterior features: Adjustable Shoulder Strap,Polyurethane,7.5 Inches (H) x 9.5 Inches (W) x 2.5 Inches (D),https://target.scene7.com/is/image/Target/GUEST_4a94a143-9c47-4c8f-a14f-3a31d27fcbee?wid=1200&hei=1200&qlt=85,1,2026-02-23T16:44:52.649734,https://www.target.com/p/flap-shoulder-bag-a-new-day/-/A-92710288?preselect=92449952#lnk=sametab
90251889,target,Wild Fable,"Flap Sling Crossbody Bag - Wild Fable™ Clear: Lightweight TPU Handbag with Adjustable Strap, Zip Closure, 26"" Max Length",Crossbody & Messenger Bags,18,,0,False,4.7,128,Flap sling crossbody bag; Clear design with black strap and edging; Features exterior pocket; Adjustable strap and loop handle; Zipper closure; Bag structure: Lightweight; Interior features: No Compartments or Pockets; Exterior features: Zip Pocket; Bag structure: Lightweight; Interior features: No Compartments or Pockets; Exterior features: Zip Pocket,TPU (Thermoplastic Polyurethane),12.25 Inches (H) x 7 Inches (W) x 3.75 Inches (D),https://target.scene7.com/is/image/Target/GUEST_7239a67c-f0cf-4d0a-8e08-6fe3cfba9905?wid=1200&hei=1200&qlt=85,1,2026-02-23T16:44:52.649734,https://www.target.com/p/flap-sling-crossbody-bag-wild-fable-8482-clear/-/A-90251889#lnk=sametab
94780350,target,A New Day,Snake Print Frame Satchel Handbag - A New Day™ Brown,Satchels,25,,0,False,0,0,Frame satchel handbag; Polyurethane shell; Snake print in brown; Spacious main compartment; Cinched closure; Double handle; Bag structure: Unstructured; Interior features: No Compartments or Pockets; Exterior features: No Compartments or Pockets; Bag structure: Unstructured; Interior features: No Compartments or Pockets; Exterior features: No Compartments or Pockets,Polyurethane,8.75 Inches (H) x 6.75 Inches (W) x 3.25 Inches (D),https://target.scene7.com/is/image/Target/GUEST_db58e4d2-ec00-4e59-97fd-11ed969ef0ca?wid=1200&hei=1200&qlt=85,1,2026-02-23T16:44:52.649734,https://www.target.com/p/snake-print-frame-satchel-handbag-a-new-day-8482-brown/-/A-94780350#lnk=sametab
94780328,target,A New Day,Winged Tote Bag - A New Day™ Black,Shoulder Bags,35,,0,False,5,1,Winged tote bag in black; Made from polyurethane; Interior accessories pocket; Magnetic closure; Double handle; Bag structure: Unstructured; Interior features: Accessories Pocket; Exterior features: No Compartments or Pockets; Bag structure: Unstructured; Interior features: Accessories Pocket; Exterior features: No Compartments or Pockets,Polyurethane,11.5 Inches (H) x 21.5 Inches (W) x 7.25 Inches (D),https://target.scene7.com/is/image/Target/GUEST_c79d3048-e24c-44fb-9fa3-63e2aa9e47b2?wid=1200&hei=1200&qlt=85,1,2026-02-23T16:44:52.649734,https://www.target.com/p/winged-tote-bag-a-new-day-8482-black/-/A-94780328#lnk=sametab
94780338,target,A New Day,Flower Frame Satchel Handbag - A New Day™ White,Satchels,25,,0,False,4,3,Frame satchel handbag in off-white; Polyurethane shell; Raised flowers applique; Spacious main compartment; Cinched closure; Double handle; Bag structure: Unstructured; Interior features: No Compartments or Pockets; Exterior features: No Compartments or Pockets; Bag structure: Unstructured; Interior features: No Compartments or Pockets; Exterior features: No Compartments or Pockets,Polyurethane,8.75 Inches (H) x 6.75 Inches (W) x 3.25 Inches (D),https://target.scene7.com/is/image/Target/GUEST_e469df6e-72d3-4257-b3f2-a61c984c28c6?wid=1200&hei=1200&qlt=85,1,2026-02-23T16:44:52.649734,https://www.target.com/p/flower-frame-satchel-handbag-a-new-day-8482-white/-/A-94780338#lnk=sametab
94270080,target,A New Day,Clear Minaudiere Crossbody Bag - A New Day™,Crossbody & Messenger Bags,25,,0,False,3.9,13,Clear acrylic crossbody bag; Golden frame and accents; 22.83in chain strap handle; Single compartment; Snap closure; Bag structure: Structured; Interior features: No Compartments or Pockets; Exterior features: No Compartments or Pockets; Bag structure: Structured; Interior features: No Compartments or Pockets; Exterior features: No Compartments or Pockets,Acrylic,4.33 Inches (H) x 7.08 Inches (W) x 1.97 Inches (D),https://target.scene7.com/is/image/Target/GUEST_fda50f16-1f2b-4b8f-b490-bed116f27c42?wid=1200&hei=1200&qlt=85,1,2026-02-23T16:44:52.649734,https://www.target.com/p/clear-minaudiere-crossbody-bag-a-new-day-8482/-/A-94270080#lnk=sametab
94439808,target,A New Day,Faux Suede Soft Shoulder Bag - A New Day™ Tan,Shoulder Bags,35,,0,False,4.7,73,"Soft shoulder bag in a solid color; Spacious zippered compartment; Zippered interior pocket and cell phone sleeve; Round single handle; Bag structure: Unstructured; Interior features: Cell Phone Pocket, Zip Pocket; Exterior features: No Compartments or Pockets; Bag structure: Unstructured; Interior features: Cell Phone Pocket, Zip Pocket; Exterior features: No Compartments or Pockets",Polyester,17 Inches (H) x 16.25 Inches (W) x 4 Inches (D),https://target.scene7.com/is/image/Target/GUEST_a881ae80-4b51-49fa-9b4b-0db60536d55a?wid=1200&hei=1200&qlt=85,1,2026-02-23T16:44:52.649734,https://www.target.com/p/soft-shoulder-bag-a-new-day/-/A-94594852?preselect=94439808#lnk=sametab
94581665,target,A New Day,Mini Boxy Barrel Bag - A New Day™ Black,Shoulder Bags,25,,0,False,4.4,17,"Mini barrel handbag; Boxy design; Woven design; Single, adjustable handle; Bag structure: Unstructured; Interior features: No Compartments or Pockets; Exterior features: No Compartments or Pockets; Bag structure: Unstructured; Interior features: No Compartments or Pockets; Exterior features: No Compartments or Pockets",Polyurethane,3.5 Inches (H) x 7.75 Inches (W) x 2 Inches (D),https://target.scene7.com/is/image/Target/GUEST_125925d4-6932-41f2-b6de-57cc98304777?wid=1200&hei=1200&qlt=85,1,2026-02-23T16:44:52.649734,https://www.target.com/p/mini-boxy-barrel-handbag-a-new-day/-/A-94600429?preselect=94581665#lnk=sametab
94804393,target,Shade & Shore,Straw Weave XL Tote Bag - Shade & Shore™ Natural,Beach Bags,35,,0,False,0,0,Structured tote bag; Pandan material; Straw woven design; Open main compartment; Shoulder straps; Bag structure: Structured; Interior features: No Compartments or Pockets; Exterior features: No Compartments or Pockets; Bag structure: Structured; Interior features: No Compartments or Pockets; Exterior features: No Compartments or Pockets,Pandan,39 Inches (H) x 18 Inches (W) x 6.75 Inches (D),https://target.scene7.com/is/image/Target/GUEST_21b19898-1542-4789-9253-d14473da0a85?wid=1200&hei=1200&qlt=85,1,2026-02-23T16:44:52.649734,https://www.target.com/p/straw-weave-xl-tote-bag-shade-shore/-/A-94837568?preselect=94804393#lnk=sametab
90251888,target,Wild Fable,"Flap Sling Crossbody Bag - Wild Fable™ Black: Adjustable Strap, Lightweight, Woven Material",Crossbody & Messenger Bags,18,,0,False,4.5,190,"Flap sling crossbody bag; 100% recycled polyester; Side pocket, zip pocket; Zipper closure; ̐ Adjustable strap and loop handle; Bag structure: Lightweight; Interior features: Zip Pocket; Exterior features: Side Pockets, Zip Pocket; Bag structure: Lightweight; Interior features: Zip Pocket; Exterior features: Side Pockets, Zip Pocket",100% Recycled Polyester,12.25 Inches (H) x 7 Inches (W) x 3.75 Inches (D),https://target.scene7.com/is/image/Target/GUEST_2f8d4a13-3e17-4bda-9033-99467ca77458?wid=1200&hei=1200&qlt=85,1,2026-02-23T16:44:52.649734,https://www.target.com/p/flap-sling-crossbody-bag-wild-fable/-/A-90259913?preselect=90251888#lnk=sametab
94180145,target,A New Day,Woven Bucket Bag - A New Day™ Black,Shoulder Bags,30,,0,False,4.4,49,Woven bucket bag; Unstructured design; Interior pocket; Magnetic closure; Single strap; Bag structure: Unstructured; Interior features: Zip Pocket; Exterior features: Adjustable Shoulder Strap; Bag structure: Unstructured; Interior features: Zip Pocket; Exterior features: Adjustable Shoulder Strap,Polyurethane,12 Inches (H) x 12 Inches (W) x 4.5 Inches (D),https://target.scene7.com/is/image/Target/GUEST_99ca77ae-8b4e-4d2b-9d8e-03e84f72ad80?wid=1200&hei=1200&qlt=85,1,2026-02-23T16:44:52.649734,https://www.target.com/p/woven-bucket-shoulder-bag-a-new-day/-/A-94247992?preselect=94180145#lnk=sametab
94780329,target,A New Day,Slouchy Satchel Handbag - A New Day™ Black,Satchels,35,,0,False,5,1,"Slouchy satchel handbag; Polyurethane shell; Zippered main compartment; Interior zippered pocket and sleeves; Strap with metal snap hook; Double shoulder handles; Bag structure: Unstructured; Interior features: Cell Phone Pocket, Zip Pocket; Exterior features: No Compartments or Pockets; Bag structure: Unstructured; Interior features: Cell Phone Pocket, Zip Pocket; Exterior features: No Compartments or Pockets",Polyurethane,7.5 Inches (H) x 13.5 Inches (W) x 6.25 Inches (D),https://target.scene7.com/is/image/Target/GUEST_b4a9a323-7f6c-4791-b97d-fcc4f11c90c0?wid=1200&hei=1200&qlt=85,1,2026-02-23T16:44:52.649734,https://www.target.com/p/slouchy-satchel-handbag-a-new-day/-/A-94810414?preselect=94780329#lnk=sametab
94439831,target,A New Day,Flap Crossbody Bag - A New Day™ Brown,Crossbody & Messenger Bags,30,,0,False,4.2,18,"Faux-leather crossbody bag; Structured rectangular silhouette; Flap with magnetic snap closure; 2 compartments and 1 interior zip pocket; Adjustable buckled strap; Polyurethane shell material; Bag structure: Structured; Interior features: Zip Pocket, Multiple Compartments; Exterior features: Adjustable Shoulder Strap; Bag structure: Structured; Interior features: Zip Pocket, Multiple Compartments; Exterior features: Adjustable Shoulder Strap",Polyurethane,5.75 Inches (H) x 9.25 Inches (W) x 2.25 Inches (D),https://target.scene7.com/is/image/Target/GUEST_6574748a-6092-4d7e-95fa-1e64a16c5c96?wid=1200&hei=1200&qlt=85,1,2026-02-23T16:45:36.750988,https://www.target.com/p/flap-crossbody-bag-a-new-day/-/A-94742804?preselect=94439831#lnk=sametab
94451124,target,A New Day,Organic Minaudiere Clutch - A New Day™ Pearl,Clutches,35,,0,False,3.6,10,Organic minaudiere clutch in pearl hue; Acrylic novelty material; Hardside; Snap closure; Removable chain strap handle; Bag structure: Hardside; Interior features: No Compartments or Pockets; Exterior features: No Compartments or Pockets; Bag structure: Hardside; Interior features: No Compartments or Pockets; Exterior features: No Compartments or Pockets,Acrylic,4.33 Inches (H) x 8.66 Inches (W) x 2.95 Inches (D),https://target.scene7.com/is/image/Target/GUEST_9928b2d7-180b-4255-83b0-8e8fccff0752?wid=1200&hei=1200&qlt=85,,2026-02-23T16:45:36.750988,https://www.target.com/p/organic-minaudiere-clutch-a-new-day-8482-pearl/-/A-94451124#lnk=sametab
94269876,target,A New Day,Belted Pinched Handle Tote Handbag - A New Day™ Brown,Shoulder Bags,35,,0,False,4.2,21,Belted tote bag; Made from polyurethane; Features belt accent with buckle; Pinched shoulder straps; Magnetic closure; Bag structure: Unstructured; Interior features: No Compartments or Pockets; Exterior features: No Compartments or Pockets; Bag structure: Unstructured; Interior features: No Compartments or Pockets; Exterior features: No Compartments or Pockets,Polyurethane,11.5 Inches (H) x 15.75 Inches (W) x 7.5 Inches (D),https://target.scene7.com/is/image/Target/GUEST_07996fc1-8824-4be9-b0c2-2d6ff4401a75?wid=1200&hei=1200&qlt=85,1,2026-02-23T16:45:36.750988,https://www.target.com/p/belted-pinched-handle-tote-handbag-a-new-day/-/A-94436051?preselect=94269876#lnk=sametab
89232044,target,Shade & Shore,Mesh Tote Handbag - Shade & Shore™ Pink: Polyester Unstructured Beach Bag,Beach Bags,8.5,10,15,True,4.8,1031,"Open top tote handbag; Mesh design; Front and side pockets; Double handles; Bag structure: Unstructured; Interior features: No Compartments or Pockets; Exterior features: Front Pocket, Side Pockets; Bag structure: Unstructured; Interior features: No Compartments or Pockets; Exterior features: Front Pocket, Side Pockets",Polyester,16.5 Inches (H) x 18.5 Inches (W) x 6.62 Inches (D),https://target.scene7.com/is/image/Target/GUEST_cb259549-d94d-464b-86d7-98236b291489?wid=1200&hei=1200&qlt=85,2,2026-02-23T16:45:36.750988,https://www.target.com/p/mesh-tote-handbag-shade-shore/-/A-89399430?preselect=89232044#lnk=sametab
94269887,target,A New Day,Belted Shoulder Handbag - A New Day™ Black,Shoulder Bags,25,,0,False,4.6,38,"Belted shoulder bag; Made from polyurethane; Belt accent down front; Interior zip and credit card pockets; Adjustable shoulder strap; Magnetic closure; Bag structure: Unstructured; Interior features: Zip Pocket, Credit Card Pockets; Exterior features: No Compartments or Pockets; Bag structure: Unstructured; Interior features: Zip Pocket, Credit Card Pockets; Exterior features: No Compartments or Pockets",Polyurethane,7.5 Inches (H) x 10 Inches (W) x 2.5 Inches (D),https://target.scene7.com/is/image/Target/GUEST_f24e946b-476e-4324-88b5-b2428878fc04?wid=1200&hei=1200&qlt=85,1,2026-02-23T16:45:36.750988,https://www.target.com/p/belted-shoulder-bag-a-new-day/-/A-94436056?preselect=94269887#lnk=sametab
94780206,target,Universal Thread,Barrel Shoulder Handbag - Universal Thread™ Black,Shoulder Bags,25,,0,False,5,1,Universal Thread barrel handbag; Polyurethane shell; Zippered main compartment; Zippered interior pocket; Shoulder strap; Bag structure: Unstructured; Interior features: Zip Pocket; Exterior features: No Compartments or Pockets; Bag structure: Unstructured; Interior features: Zip Pocket; Exterior features: No Compartments or Pockets,Polyurethane,5.25 Inches (H) x 10.25 Inches (W) x 4 Inches (D),https://target.scene7.com/is/image/Target/GUEST_9b02579c-61b0-4272-b0f5-03ba20faf8f6?wid=1200&hei=1200&qlt=85,1,2026-02-23T16:45:36.750988,https://www.target.com/p/barrel-shoulder-handbag-universal-thread/-/A-94810387?preselect=94780206#lnk=sametab
94339710,target,A New Day,Mini Tote Crossbody Bag - A New Day™ Black,Crossbody & Messenger Bags,25,,0,False,4.7,59,Mini crossbody bag; Main compartment; Made with faux leather; Flap with easy-close fastener; Double handles and an adjustable strap; Bag structure: Softside; Interior features: No Compartments or Pockets; Exterior features: No Compartments or Pockets; Bag structure: Softside; Interior features: No Compartments or Pockets; Exterior features: No Compartments or Pockets,Polyethylene,7.4 Inches (H) x 5.12 Inches (W) x 8.87 Inches (D),https://target.scene7.com/is/image/Target/GUEST_3dadb4ec-c3bb-4915-b70e-b57b536e0179?wid=1200&hei=1200&qlt=85,1,2026-02-23T16:45:36.750988,https://www.target.com/p/mini-tote-crossbody-bag-a-new-day/-/A-94372642?preselect=94339710#lnk=sametab
94687161,target,Universal Thread,Square Patchwork Mini Slouchy Chain Handbag - Universal Thread™ Black,Mini Bags,30,,0,False,5,4,"Universal Thread mini slouchy handbag; Square patchwork pattern; Knitted polyurethane fabric; Interior accessory and zip pockets; Magnetic closure; Double carrying handles; Removable chain strap handle; Bag structure: Miniature; Interior features: Zip Pocket, Credit Card Pockets; Exterior features: No Compartments or Pockets; Bag structure: Miniature; Interior features: Zip Pocket, Credit Card Pockets; Exterior features: No Compartments or Pockets",Polyurethane,5.33 Inches (H) x 9.25 Inches (W) x 3 Inches (D),https://target.scene7.com/is/image/Target/GUEST_22aa6b95-70ea-48ee-a08c-5d9d658d228a?wid=1200&hei=1200&qlt=85,1,2026-02-23T16:45:36.750988,https://www.target.com/p/square-patchwork-mini-slouchy-chain-handbag-universal-thread-8482-black/-/A-94687161#lnk=sametab
94269886,target,A New Day,Studded Oversized Clutch - A New Day™ Black,Clutches,25.5,30,15,True,4.7,59,Oversized clutch; Made from polyurethane with allover studded design; Unstructured; Cinch closure; Removable chain strap; Bag structure: Unstructured; Interior features: No Compartments or Pockets; Exterior features: Detachable Straps; Bag structure: Unstructured; Interior features: No Compartments or Pockets; Exterior features: Detachable Straps,Polyurethane,7.25 Inches (H) x 12 Inches (W) x 3.5 Inches (D),https://target.scene7.com/is/image/Target/GUEST_ddd159d3-7634-4993-ab23-dbf704de6eb9?wid=1200&hei=1200&qlt=85,1,2026-02-23T16:45:36.750988,https://www.target.com/p/oversized-clutch-a-new-day/-/A-94436055?preselect=94269886#lnk=sametab
94439815,target,A New Day,Shoulder Bucket Bag - A New Day™ Black,Shoulder Bags,29.75,35,15,True,4.3,51,Bucket shoulder bag; Faux-suede fabric; Unstructured; Magnetic closure; Adjustable shoulder strap; Bag structure: Unstructured; Interior features: No Compartments or Pockets; Exterior features: No Compartments or Pockets; Bag structure: Unstructured; Interior features: No Compartments or Pockets; Exterior features: No Compartments or Pockets,Polyurethane,12 Inches (H) x 9.25 Inches (W) x 6.25 Inches (D),https://target.scene7.com/is/image/Target/GUEST_88a58131-f212-4dc8-a02c-f3a4ac22922c?wid=1200&hei=1200&qlt=85,1,2026-02-23T16:45:36.750988,https://www.target.com/p/shoulder-bucket-bag-a-new-day/-/A-94594846?preselect=94439815#lnk=sametab
94687135,target,A New Day,Belted Top Handle Satchel Handbag - A New Day™ Black,Handbags & Purses,40,,0,False,4.5,8,"Belted satchel handbag; Woven polyurethane fabric; Unstructured; Accessories and zip pocket; Magnetic closure; Double top handles; Adjustable shoulder strap; Bag structure: Unstructured; Interior features: Cell Phone Pocket, Zip Pocket; Exterior features: Detachable Straps, Front Pocket, Adjustable Shoulder Strap; Bag structure: Unstructured; Interior features: Cell Phone Pocket, Zip Pocket; Exterior features: Detachable Straps, Front Pocket, Adjustable Shoulder Strap","Polyurethane, Polyester",9 Inches (H) x 12 Inches (W) x 6.25 Inches (D),https://target.scene7.com/is/image/Target/GUEST_1feee4fd-bc24-4c0f-aa63-1119864f1a1f?wid=1200&hei=1200&qlt=85,1,2026-02-23T16:45:36.750988,https://www.target.com/p/belted-top-handle-satchel-handbag-a-new-day/-/A-94705889?preselect=94687135#lnk=sametab
94780332,target,A New Day,Floral Embellished Beaded Flap Shoulder Bag - A New Day™ Yellow,Shoulder Bags,35,,0,False,5,1,Beaded shoulder bag; Decorative embellished flap; Cotton-polyester blend shell; Magnetic snap; Single handle; Bag structure: Unstructured; Interior features: No Compartments or Pockets; Exterior features: No Compartments or Pockets; Bag structure: Unstructured; Interior features: No Compartments or Pockets; Exterior features: No Compartments or Pockets,"Cotton, Polyester",5.59 Inches (H) x 9.76 Inches (W) x 2.16 Inches (D),https://target.scene7.com/is/image/Target/GUEST_a9411461-7bd4-4c24-8826-136fdef465f8?wid=1200&hei=1200&qlt=85,1,2026-02-23T16:45:36.750988,https://www.target.com/p/embellished-beaded-flap-shoulder-bag-a-new-day/-/A-94810413?preselect=94780332#lnk=sametab
94269200,target,Wild Fable,Game Day Clear Crossbody Bag - Wild Fable™ Navy Blue,Crossbody & Messenger Bags,15,,0,False,4.8,24,Clear crossbody bag; Transparent design in solid color; Made from vinyl; Spacious main compartment with zip closure; Adjustable shoulder strap; Bag structure: Lightweight; Interior features: No Compartments or Pockets; Exterior features: Adjustable Strap; Bag structure: Lightweight; Interior features: No Compartments or Pockets; Exterior features: Adjustable Strap,TPU (Thermoplastic Polyurethane),5.38 Inches (H) x 8.62 Inches (W) x 3.12 Inches (D),https://target.scene7.com/is/image/Target/GUEST_3e878346-9482-46e6-8c8a-9e66af458f1f?wid=1200&hei=1200&qlt=85,3,2026-02-23T16:45:36.750988,https://www.target.com/p/game-day-clear-crossbody-bag-wild-fable/-/A-94425756?preselect=94269200#lnk=sametab
89956534,target,A New Day,"Elongated Refined Crossbody Bag - A New Day™ Clear: Shell, Adjustable Strap, Structured Design",Crossbody & Messenger Bags,30,,0,False,4.7,94,"Elongated crossbody bag; Exterior and interior pockets; Pushlock closure; Adjustable shoulder strap; Bag structure: Structured; Interior features: Zip Pocket; Exterior features: Adjustable Strap, Slip Pocket, Back Pocket; Bag structure: Structured; Interior features: Zip Pocket; Exterior features: Adjustable Strap, Slip Pocket, Back Pocket",Polyurethane,5.5 Inches (H) x 9 Inches (W) x 2.5 Inches (D),https://target.scene7.com/is/image/Target/GUEST_eee9abe7-5512-4924-9759-b3f654df0586?wid=1200&hei=1200&qlt=85,2,2026-02-23T16:45:36.750988,https://www.target.com/p/elongated-refined-crossbody-bag-a-new-day-8482-clear/-/A-89956534#lnk=sametab
94780334,target,A New Day,Drawstring Bucket Shoulder Bag - A New Day™ White,Shoulder Bags,35,,0,False,4,1,Bucket bag in white; Polyurethane shell; Spacious main compartment; Magnetic closure and drawstring; Adjustable shoulder strap; Bag structure: Unstructured; Interior features: No Compartments or Pockets; Exterior features: No Compartments or Pockets; Bag structure: Unstructured; Interior features: No Compartments or Pockets; Exterior features: No Compartments or Pockets,Polyurethane,12 Inches (H) x 9.5 Inches (W) x 5.25 Inches (D),https://target.scene7.com/is/image/Target/GUEST_e0b8df1d-072c-4278-b6ae-7a661113efed?wid=1200&hei=1200&qlt=85,1,2026-02-23T16:45:36.750988,https://www.target.com/p/drawstring-bucket-shoulder-bag-a-new-day-8482-white/-/A-94780334#lnk=sametab
93719493,target,A New Day,Woven Minaudiere Clutch Crossbody Bag - A New Day™ Black,Crossbody & Messenger Bags,30,,0,False,4.3,22,Woven crossbody clutch bag with chain strap handle; Polyurethane shell; Hardside bag structure; No interior or exterior compartments; Clasp closure; 22.83in max. strap length; 4.53in H 8.66in W x 1.97in D; Bag structure: Hardside; Interior features: No Compartments or Pockets; Exterior features: No Compartments or Pockets; Bag structure: Hardside; Interior features: No Compartments or Pockets; Exterior features: No Compartments or Pockets,Polyurethane,4.53 Inches (H) x 8.66 Inches (W) x 1.97 Inches (D),https://target.scene7.com/is/image/Target/GUEST_7a31f73e-c512-41c3-a5dd-bd1b4591b9a9?wid=1200&hei=1200&qlt=85,1,2026-02-23T16:45:36.750988,https://www.target.com/p/woven-minaudiere-clutch-crossbody-bag-a-new-day/-/A-94097219?preselect=93719493#lnk=sametab
94686078,target,Universal Thread,Soft Fringe Crescent Handbag - Universal Thread™ Brown,Shoulder Bags,30,,0,False,4.2,31,"Universal Thread crescent handbag; Features fringe detailing; Interior pocket; Made of faux suede fabric; Lightweight design; Double handles; Bag structure: Softside, Lightweight; Interior features: Zip Pocket; Exterior features: No Compartments or Pockets; Bag structure: Softside, Lightweight; Interior features: Zip Pocket; Exterior features: No Compartments or Pockets",Polyester,8.62 Inches (H) x 11.75 Inches (W) x 3 Inches (D),https://target.scene7.com/is/image/Target/GUEST_af85a4a3-fb8d-4ce4-9f2f-51b7967a6c2a?wid=1200&hei=1200&qlt=85,1,2026-02-23T16:45:36.750988,https://www.target.com/p/soft-fringe-crescent-handbag-universal-thread/-/A-94686073?preselect=94686078#lnk=sametab
94439816,target,A New Day,Belted Satchel Handbag - A New Day™ Black,Satchels,35,,0,False,3.7,10,"Belted satchel handbag in black; Woven polyurethane fabric; Unstructured; Accessories and zip pocket; Zip closure; Double top handles; Adjustable shoulder strap; Bag structure: Unstructured; Interior features: Accessories Pocket, Zip Pocket; Exterior features: Detachable Straps, No Compartments or Pockets, Adjustable Shoulder Strap; Bag structure: Unstructured; Interior features: Accessories Pocket, Zip Pocket; Exterior features: Detachable Straps, No Compartments or Pockets, Adjustable Shoulder Strap",Polyurethane,9.75 Inches (H) x 16 Inches (W) x 5.5 Inches (D),https://target.scene7.com/is/image/Target/GUEST_6a728068-0f5f-4b15-bdb8-c51390872b6a?wid=1200&hei=1200&qlt=85,1,2026-02-23T16:45:36.750988,https://www.target.com/p/belted-satchel-handbag-a-new-day-8482-black/-/A-94439816#lnk=sametab
94780356,target,A New Day,Straw Ruffle Crochet Fan Tote Bag - A New Day™ Natural,Shoulder Bags,40,,0,False,5,1,Bag structure: Unstructured; Interior features: No Compartments or Pockets; Exterior features: No Compartments or Pockets; Bag structure: Unstructured; Interior features: No Compartments or Pockets; Exterior features: No Compartments or Pockets,Paper Straw,12 Inches (H) x 24.5 Inches (W) x 5.5 Inches (D),https://target.scene7.com/is/image/Target/GUEST_f2846fae-28fe-469c-bc06-f9de4cbc96d8?wid=1200&hei=1200&qlt=85,1,2026-02-23T16:45:36.750988,https://www.target.com/p/straw-ruffle-crochet-fan-tote-bag-a-new-day-8482-natural/-/A-94780356#lnk=sametab
94440032,target,Universal Thread,Curved Shoulder Bag - Universal Thread™ Black,Shoulder Bags,16.25,25,35,True,4.5,32,Universal Thread curved shoulder bag; Vinyl fabric; Unstructured; Magnetic closure; Single carrying handle; Bag structure: Unstructured; Interior features: No Compartments or Pockets; Exterior features: No Compartments or Pockets; Bag structure: Unstructured; Interior features: No Compartments or Pockets; Exterior features: No Compartments or Pockets,Polyurethane,10.5 Inches (H) x 11 Inches (W) x 2.5 Inches (D),https://target.scene7.com/is/image/Target/GUEST_269a5799-f51b-4430-bcaa-bf02687b6ccf?wid=1200&hei=1200&qlt=85,1,2026-02-23T16:45:36.750988,https://www.target.com/p/curved-shoulder-bag-universal-thread/-/A-94594861?preselect=94440032#lnk=sametab
94439807,target,A New Day,Gathered Bracelet Handbag - A New Day™ Black,Handbags & Purses,15,20,25,True,4.7,27,Unstructured handbag; Gathered detailing; Woven design; Single handle; Bag structure: Unstructured; Interior features: No Compartments or Pockets; Exterior features: No Compartments or Pockets; Bag structure: Unstructured; Interior features: No Compartments or Pockets; Exterior features: No Compartments or Pockets,Polyurethane,7 Inches (H) x 9 Inches (W) x 4.75 Inches (D),https://target.scene7.com/is/image/Target/GUEST_8f4f99f9-ba8c-49b0-aa3d-6cf9b88112dd?wid=1200&hei=1200&qlt=85,2,2026-02-23T16:45:36.750988,https://www.target.com/p/gathered-bracelet-handbag-a-new-day/-/A-94594849?preselect=94439807#lnk=sametab
94780199,target,Universal Thread,Studded Handle Mini Bucket Crossbody Handbag - Universal Thread™ Brown,Crossbody & Messenger Bags,25,,0,False,5,1,Universal Thread mini bucket crossbody handbag; Faux-leather fabric; Spacious interior with magnetic closure; Carrying handle; Removable strap; Unstructured design; Bag structure: Unstructured; Interior features: No Compartments or Pockets; Exterior features: No Compartments or Pockets; Bag structure: Unstructured; Interior features: No Compartments or Pockets; Exterior features: No Compartments or Pockets,Polyester,7.25 Inches (H) x 8.75 Inches (W) x 3 Inches (D),https://target.scene7.com/is/image/Target/GUEST_6e0a1afb-c350-4a2e-bc4c-10eaf8c469c5?wid=1200&hei=1200&qlt=85,1,2026-02-23T16:45:36.750988,https://www.target.com/p/handle-mini-bucket-crossbody-handbag-universal-thread/-/A-94810394?preselect=94780199#lnk=sametab
94747208,target,A New Day,Straw Floral Embroidered Bucket Top Handle Bag - A New Day™ Natural,Shoulder Bags,30,,0,False,0,0,Bag structure: Unstructured; Interior features: No Compartments or Pockets; Exterior features: No Compartments or Pockets; Bag structure: Unstructured; Interior features: No Compartments or Pockets; Exterior features: No Compartments or Pockets,Paper,10.5 Inches (H) x 8.5 Inches (W) x 5.5 Inches (D),https://target.scene7.com/is/image/Target/GUEST_0136068a-4b2b-4fc0-8c6d-6183f4f46901?wid=1200&hei=1200&qlt=85,2,2026-02-23T16:45:36.750988,https://www.target.com/p/straw-floral-embroidered-bucket-top-handle-bag-a-new-day-8482-natural/-/A-94747208#lnk=sametab
94687144,target,A New Day,Embellished Flap Shoulder Bag - A New Day™ Black,Shoulder Bags,28,35,20,True,4.7,20,Embellished flap shoulder bag; Black hue; Made from polyester velvet fabric; Single handle; Flap closure; Unstructured; Bag structure: Unstructured; Interior features: No Compartments or Pockets; Exterior features: No Compartments or Pockets; Bag structure: Unstructured; Interior features: No Compartments or Pockets; Exterior features: No Compartments or Pockets,Polyester,5.59 Inches (H) x 9.76 Inches (W) x 2.16 Inches (D),https://target.scene7.com/is/image/Target/GUEST_35d010bb-faf4-48ce-89ac-28f2279b201e?wid=1200&hei=1200&qlt=85,1,2026-02-23T16:45:36.750988,https://www.target.com/p/embellished-flap-shoulder-bag-a-new-day-8482-black/-/A-94687144#lnk=sametab
94755266,target,Universal Thread,Straw Drawstring Bucket Handbag - Universal Thread™ Natural,Shoulder Bags,25,,0,False,5,3,Bag structure: Structured; Interior features: No Compartments or Pockets; Exterior features: No Compartments or Pockets; Bag structure: Structured; Interior features: No Compartments or Pockets; Exterior features: No Compartments or Pockets,Paper,7.1 Inches (H) x 6.3 Inches (W) x 5 Inches (D),https://target.scene7.com/is/image/Target/GUEST_32bda9ef-1e0d-46ff-9cce-21380d955c2e?wid=1200&hei=1200&qlt=85,1,2026-02-23T16:45:31.455708,https://www.target.com/p/straw-drawstring-bucket-handbag-universal-thread-8482-natural/-/A-94755266#lnk=sametab
92450026,target,Universal Thread,"Essential Sling Crossbody Bag - Universal Thread™ Off-White: Detachable Strap, 45.5"" Max Length",Crossbody & Messenger Bags,13,20,35,True,4.4,51,Universal Thread sling crossbody bag; Features interior pocket; Zipper closure; Removable strap; Bag structure: Unstructured; Interior features: Zip Pocket; Exterior features: Detachable Straps; Bag structure: Unstructured; Interior features: Zip Pocket; Exterior features: Detachable Straps,Polyurethane,7 Inches (H) x 14.5 Inches (W) x 3.25 Inches (D),https://target.scene7.com/is/image/Target/GUEST_629a321d-e79b-45b9-92b9-818e3fffab69?wid=1200&hei=1200&qlt=85,1,2026-02-23T16:45:31.455708,https://www.target.com/p/elevated-sling-crossbody-bag-universal-thread/-/A-92750859?preselect=92450026#lnk=sametab
94742368,target,A New Day,Straw Oval Shoulder Bag - A New Day™ Tan,Shoulder Bags,30,,0,False,0,0,Bag structure: Unstructured; Interior features: No Compartments or Pockets; Exterior features: No Compartments or Pockets; Bag structure: Unstructured; Interior features: No Compartments or Pockets; Exterior features: No Compartments or Pockets,Paper,16.5 Inches (H) x 12.75 Inches (W) x 2 Inches (D),https://target.scene7.com/is/image/Target/GUEST_16569acb-158d-4552-9846-3a8fd78352d6?wid=1200&hei=1200&qlt=85,1,2026-02-23T16:45:31.455708,https://www.target.com/p/straw-oval-shoulder-bag-a-new-day-8482-tan/-/A-94742368#lnk=sametab
94780331,target,A New Day,Woven Fold Over Clutch - A New Day™ Off-White,Clutches,25,,0,False,5,1,"Foldover clutch; Polyurethane vinyl fabric; Unstructured; Interior zipper pocket; Detachable metal chain; Magnetic closure; Bag structure: Unstructured; Interior features: Zip Pocket; Exterior features: No Compartments or Pockets, Detachable Straps; Bag structure: Unstructured; Interior features: Zip Pocket; Exterior features: No Compartments or Pockets, Detachable Straps",Polyurethane,7 Inches (H) x 11.25 Inches (W) x 3.25 Inches (D),https://target.scene7.com/is/image/Target/GUEST_83dc0297-00ca-464f-b596-d57a1e87f6de?wid=1200&hei=1200&qlt=85,1,2026-02-23T16:45:31.455708,https://www.target.com/p/fold-over-clutch-a-new-day/-/A-94810412?preselect=94780331#lnk=sametab
94451127,target,A New Day,Organic Minaudiere Clutch - A New Day™ Black/Gold,Clutches,35,,0,False,5,4,Organic minaudiere clutch; Acrylic fabric; Hardside; Snap closure; Removable chain strap handle; Bag structure: Hardside; Interior features: No Compartments or Pockets; Exterior features: No Compartments or Pockets; Bag structure: Hardside; Interior features: No Compartments or Pockets; Exterior features: No Compartments or Pockets,Acrylic,4.33 Inches (H) x 8.66 Inches (W) x 2.95 Inches (D),https://target.scene7.com/is/image/Target/GUEST_434f0c63-651b-4a09-918e-3dba35c7da99?wid=1200&hei=1200&qlt=85,2,2026-02-23T16:45:31.455708,https://www.target.com/p/organic-minaudiere-clutch-a-new-day-8482-black-gold/-/A-94451127#lnk=sametab
94451126,target,A New Day,Minaudiere Clutch Crossbody Bag - A New Day™ Leopard,Clutches,30,,0,False,3.9,10,Minaudiere clutch crossbody bag; Leopard pattern; Polyester woven fabric; Hardside; Latch closure; Removable chain strap handle; Bag structure: Hardside; Interior features: No Compartments or Pockets; Exterior features: No Compartments or Pockets; Bag structure: Hardside; Interior features: No Compartments or Pockets; Exterior features: No Compartments or Pockets,Polyester,4.53 Inches (H) x 8.66 Inches (W) x 1.97 Inches (D),https://target.scene7.com/is/image/Target/GUEST_eceed7b1-d812-494f-99c8-2853bd7a4657?wid=1200&hei=1200&qlt=85,1,2026-02-23T16:45:31.455708,https://www.target.com/p/minaudiere-clutch-crossbody-bag-a-new-day-8482-leopard/-/A-94451126#lnk=sametab
94407650,target,Universal Thread,Essential Crescent Sling Crossbody Bag - Universal Thread™ Leopard,Crossbody & Messenger Bags,12.75,15,15,True,4.5,97,Crescent sling bag; Features interior pocket; Zipper closure; Lightweight design; Adjustable strap; Bag structure: Lightweight; Interior features: Zip Pocket; Exterior features: No Compartments or Pockets; Bag structure: Lightweight; Interior features: Zip Pocket; Exterior features: No Compartments or Pockets,100% Recycled Polyester,7.08 Inches (H) x 10.98 Inches (W) x 3.94 Inches (D),https://target.scene7.com/is/image/Target/GUEST_a795c5c8-5059-487b-9311-c0cb5e47a1ab?wid=1200&hei=1200&qlt=85,1,2026-02-23T16:45:31.455708,https://www.target.com/p/elevated-crescent-sling-crossbody-bag-universal-thread/-/A-92750858?preselect=94407650#lnk=sametab
94439820,target,A New Day,Metal Handle Crescent Saddle Handbag - A New Day™ Black,Shoulder Bags,19.5,30,35,True,4.6,31,Metal handle bag; Crescent shape; Zipper closure; Single handle; Bag structure: Unstructured; Interior features: No Compartments or Pockets; Exterior features: No Compartments or Pockets; Bag structure: Unstructured; Interior features: No Compartments or Pockets; Exterior features: No Compartments or Pockets,Metal,10.25 Inches (H) x 13 Inches (W) x 3.5 Inches (D),https://target.scene7.com/is/image/Target/GUEST_f40ea3a1-34f3-438d-affd-36f22840eabd?wid=1200&hei=1200&qlt=85,1,2026-02-23T16:45:31.455708,https://www.target.com/p/metal-handle-crescent-handbag-a-new-day/-/A-94594850?preselect=94439820#lnk=sametab
94687156,target,Universal Thread,Faux Suede Mini Studded Slouchy Chain Handbag - Universal Thread™ Tan,Mini Bags,30,,0,False,5,5,"Universal Thread mini slouchy handbag; Studded detailing; Faux-suede fabric; Accessory and zip pockets; Magnetic closure; Double carrying handles; Removable chain strap handle; Bag structure: Miniature; Interior features: Zip Pocket, Credit Card Pockets; Exterior features: No Compartments or Pockets; Bag structure: Miniature; Interior features: Zip Pocket, Credit Card Pockets; Exterior features: No Compartments or Pockets",Polyester,5.33 Inches (H) x 9.25 Inches (W) x 3 Inches (D),https://target.scene7.com/is/image/Target/GUEST_ad81dbc2-5020-48d9-8846-89c2becea968?wid=1200&hei=1200&qlt=85,1,2026-02-23T16:45:31.455708,https://www.target.com/p/faux-suede-mini-studded-slouchy-chain-handbag-universal-thread-8482-tan/-/A-94687156#lnk=sametab
94780335,target,A New Day,Straw Caning Honey Comb Clutch - A New Day™ Natural,Clutches,40,,0,False,4.7,3,Bag structure: Structured; Interior features: No Compartments or Pockets; Exterior features: No Compartments or Pockets; Bag structure: Structured; Interior features: No Compartments or Pockets; Exterior features: No Compartments or Pockets,Paper Straw,9 Inches (H) x 10 Inches (W) x 4 Inches (D),https://target.scene7.com/is/image/Target/GUEST_98a8e09a-3c60-4651-8a9f-52291f71352c?wid=1200&hei=1200&qlt=85,1,2026-02-23T16:45:31.455708,https://www.target.com/p/straw-caning-honey-comb-clutch-a-new-day-8482-natural/-/A-94780335#lnk=sametab
94440037,target,Universal Thread,Oversized Crescent Shoulder Bag - Universal Thread™ Black,Shoulder Bags,35,,0,False,4.7,19,Universal Thread shoulder bag; Crescent moon shape; Interior pocket; Oversized; Zipper closure; Single handle; Bag structure: Unstructured; Interior features: Zip Pocket; Exterior features: No Compartments or Pockets; Bag structure: Unstructured; Interior features: Zip Pocket; Exterior features: No Compartments or Pockets,Polyurethane,14.5 Inches (H) x 15.25 Inches (W) x 6 Inches (D),https://target.scene7.com/is/image/Target/GUEST_35c65967-cefb-47f8-859c-bb8f2ad3806f?wid=1200&hei=1200&qlt=85,1,2026-02-23T16:45:31.455708,https://www.target.com/p/oversized-crescent-shoulder-bag-universal-thread/-/A-94594862?preselect=94440037#lnk=sametab
94284333,target,Universal Thread,Studded Shoulder Bag - Universal Thread™ Brown,Shoulder Bags,25,,0,False,4.7,42,Universal Thread shoulder bag; Studded design; Interior pocket; Single handle; Bag structure: Unstructured; Interior features: Zip Pocket; Exterior features: No Compartments or Pockets; Bag structure: Unstructured; Interior features: Zip Pocket; Exterior features: No Compartments or Pockets,Polyurethane,6.5 Inches (H) x 11 Inches (W) x 2.75 Inches (D),https://target.scene7.com/is/image/Target/GUEST_1abda424-5859-4204-8797-29363ad4ad1a?wid=1200&hei=1200&qlt=85,1,2026-02-23T16:45:31.455708,https://www.target.com/p/studded-shoulder-bag-universal-thread/-/A-94492254?preselect=94284333#lnk=sametab
92157982,target,Shade & Shore,"Wipeable Tote Handbag - Shade & Shore™ Black: Double Handle, TPU Material, Solid Pattern, Unstructured Design",Beach Bags,25,,0,False,4.8,95,Open tote handbag; Clear brown design; Plastic construction; Double handles; Bag structure: Unstructured; Interior features: No Compartments or Pockets; Exterior features: No Compartments or Pockets; Bag structure: Unstructured; Interior features: No Compartments or Pockets; Exterior features: No Compartments or Pockets,TPU (Thermoplastic Polyurethane),13 Inches (H) x 20.4 Inches (W) x 7.9 Inches (D),https://target.scene7.com/is/image/Target/GUEST_367280eb-3f03-4625-8681-04326aa89a1e?wid=1200&hei=1200&qlt=85,2,2026-02-23T16:45:31.455708,https://www.target.com/p/tpu-clear-tote-handbag-shade-shore/-/A-92519178?preselect=92157982#lnk=sametab
89935529,target,Wild Fable,"Mini Tote Crossbody Bag - Wild Fable™ Black/Clear: Structured Faux Leather Handbag, Adjustable Strap",Crossbody & Messenger Bags,18,,0,False,4.5,157,"Crossbody mini tote bag; Main compartment with interior and exterior pockets; Zipper closure; Adjustable shoulder strap and double handles; Bag structure: Miniature, Structured; Interior features: No Compartments or Pockets; Exterior features: Detachable Straps, No Compartments or Pockets; Bag structure: Miniature, Structured; Interior features: No Compartments or Pockets; Exterior features: Detachable Straps, No Compartments or Pockets",PVC (Polyvinyl Chloride),6.12 Inches (H) x 7 Inches (W) x 2.38 Inches (D),https://target.scene7.com/is/image/Target/GUEST_1578bc2b-a2bb-4b47-a1a3-d8ae996916be?wid=1200&hei=1200&qlt=85,3,2026-02-23T16:45:31.455708,https://www.target.com/p/mini-tote-crossbody-bag-wild-fable/-/A-89490171?preselect=89935529#lnk=sametab
92467984,target,Universal Thread,"Travel Bag Pouch System - Universal Thread™ Clear: Solid TPU Vinyl Clutch, Zip Closure, 10.25"" x 7"" x 3.25""",Clutches,12.75,15,15,True,4.8,79,Universal Thread 2pk travel bag pouches; Varying sizes and prints; Made of canvas; Zipper closures; Bag structure: Pouch; Interior features: No Compartments or Pockets; Exterior features: No Compartments or Pockets; Bag structure: Pouch; Interior features: No Compartments or Pockets; Exterior features: No Compartments or Pockets,TPU (Thermoplastic Polyurethane),7 Inches (H) x 10.25 Inches (W) x 3.25 Inches (D),https://target.scene7.com/is/image/Target/GUEST_16550e9b-2dab-42d6-9828-7deb6787ca3b?wid=1200&hei=1200&qlt=85,1,2026-02-23T16:45:31.455708,https://www.target.com/p/travel-bag-pouch-system-universal-thread/-/A-92750867?preselect=92467984#lnk=sametab
94439833,target,A New Day,Soft Mini Handbag - A New Day Black,Shoulder Bags,20,25,20,True,4.7,6,Mini soft saddle handbag in black; Vinyl fabric; Unstructured; Zip closure; Single handle; Bag structure: Unstructured; Interior features: No Compartments or Pockets; Exterior features: No Compartments or Pockets; Bag structure: Unstructured; Interior features: No Compartments or Pockets; Exterior features: No Compartments or Pockets,Polyurethane,7.88 Inches (H) x 11.88 Inches (W) x 2.5 Inches (D),https://target.scene7.com/is/image/Target/GUEST_64195320-6e8a-4e0d-8812-e874a1b393bd?wid=1200&hei=1200&qlt=85,1,2026-02-23T16:45:31.455708,https://www.target.com/p/mini-soft-saddle-handbag-a-new-day-8482-black/-/A-94439833#lnk=sametab
93859763,target,A New Day,Soft Shoulder Bag - A New Day™ Clear,Shoulder Bags,20,,0,False,4.4,23,Softside shoulder bag; Main compartment; Zipper closure; Single handle; Bag structure: Unstructured; Interior features: No Compartments or Pockets; Exterior features: No Compartments or Pockets; Bag structure: Unstructured; Interior features: No Compartments or Pockets; Exterior features: No Compartments or Pockets,Polyurethane,6.5 Inches (H) x 9.5 Inches (W) x 4 Inches (D),https://target.scene7.com/is/image/Target/GUEST_e18481d5-c4e3-4a1c-9145-d2d19bd63fea?wid=1200&hei=1200&qlt=85,1,2026-02-23T16:45:31.455708,https://www.target.com/p/soft-shoulder-bag-a-new-day/-/A-94097220?preselect=93859763#lnk=sametab
91676168,target,A New Day,"Ball Chain Shoulder Handbag Strap - A New Day™ Gold: Purse Chain Accessory, Lobster Claw Clasp, Iron & Zinc Alloy, 33.5"" Length",Bag Charms & Straps,7.5,10,25,True,4.4,24,Shoulder chain strap for handbag; Features a ball chain; Metal construction; Lobster claw clasp closures,"Zinc Alloy, Iron","33.5 Inches (L), .7 Inches (W)",https://target.scene7.com/is/image/Target/GUEST_cd885e9a-ed23-4d48-8dc5-e976bdcd26ba?wid=1200&hei=1200&qlt=85,1,2026-02-23T16:45:31.455708,https://www.target.com/p/ball-chain-shoulder-handbag-strap-a-new-day/-/A-91717096?preselect=91676168#lnk=sametab
94451125,target,A New Day,Woven Minaudiere Clutch Crossbody Bag - A New Day™ Dark Red,Clutches,30,,0,False,2.3,3,Woven minaudiere clutch crossbody bag; Dark red hue; Polyurethane material; Hardside; Latch closure; Removable chain strap handle; Bag structure: Hardside; Interior features: No Compartments or Pockets; Exterior features: No Compartments or Pockets; Bag structure: Hardside; Interior features: No Compartments or Pockets; Exterior features: No Compartments or Pockets,Polyurethane,4.53 Inches (H) x 8.66 Inches (W) x 1.97 Inches (D),https://target.scene7.com/is/image/Target/GUEST_586ea6fa-fcf8-48fd-af43-aa92eeb69200?wid=1200&hei=1200&qlt=85,1,2026-02-23T16:45:31.455708,https://www.target.com/p/woven-minaudiere-clutch-crossbody-bag-a-new-day-8482-dog-dark-red/-/A-94451125#lnk=sametab
94687137,target,A New Day,Embellished Leopard Print Flap Shoulder Bag - A New Day™ Black/Brown,Shoulder Bags,29.75,35,15,True,4.3,19,Embellished leopard flap shoulder bag; Velvet fabric; Unstructured; Flap closure; Single handle; Bag structure: Unstructured; Interior features: No Compartments or Pockets; Exterior features: No Compartments or Pockets; Bag structure: Unstructured; Interior features: No Compartments or Pockets; Exterior features: No Compartments or Pockets,Polyester,5.59 Inches (H) x 9.76 Inches (W) x 2.16 Inches (D),https://target.scene7.com/is/image/Target/GUEST_1583103e-9c95-4714-a476-22d18118a945?wid=1200&hei=1200&qlt=85,3,2026-02-23T16:45:31.455708,https://www.target.com/p/embellished-leopard-print-flap-shoulder-bag-a-new-day-8482-black-brown/-/A-94687137#lnk=sametab
94780325,target,A New Day,Straw Crochet Fan Tote Bag - A New Day™ Natural,Shoulder Bags,40,,0,False,4,1,Bag structure: Unstructured; Interior features: No Compartments or Pockets; Exterior features: No Compartments or Pockets; Bag structure: Unstructured; Interior features: No Compartments or Pockets; Exterior features: No Compartments or Pockets,Paper Straw,12 Inches (H) x 23.5 Inches (W) x 5.5 Inches (D),https://target.scene7.com/is/image/Target/GUEST_dfbb665b-8849-4647-9432-97aba69d5463?wid=1200&hei=1200&qlt=85,1,2026-02-23T16:45:31.455708,https://www.target.com/p/straw-crochet-fan-tote-bag-a-new-day-8482-natural/-/A-94780325#lnk=sametab
94269201,target,Wild Fable,Game Day Clear Pouchette Crossbody Bag - Wild Fable™ Gold,Crossbody & Messenger Bags,15,,0,False,4.3,19,Pouchette crossbody bag; Transparent design; Made from vinyl; Zipper closure; Adjustable shoulder strap; Bag structure: Lightweight; Interior features: No Compartments or Pockets; Exterior features: No Compartments or Pockets; Bag structure: Lightweight; Interior features: No Compartments or Pockets; Exterior features: No Compartments or Pockets,TPU (Thermoplastic Polyurethane),4.5 Inches (H) x 9.25 Inches (W) x 2.75 Inches (D),https://target.scene7.com/is/image/Target/GUEST_45da01e3-7dd0-4c53-a806-1a82ffbbb1d8?wid=1200&hei=1200&qlt=85,2,2026-02-23T16:45:31.455708,https://www.target.com/p/game-day-clear-pouchette-crossbody-bag-wild-fable/-/A-94425758?preselect=94269201#lnk=sametab
89925525,target,Shade & Shore,Woven Cage Tote Handbag - Shade & Shore™ Pink,Beach Bags,30,,0,False,2.1,100,Structured tote handbag; Double tote handles; Single compartment; Open-weave design in a solid hue; Bag structure: Structured; Interior features: No Compartments or Pockets; Exterior features: No Compartments or Pockets; Bag structure: Structured; Interior features: No Compartments or Pockets; Exterior features: No Compartments or Pockets,Polyethylene,13 Inches (H) x 15.5 Inches (W) x 7 Inches (D),https://target.scene7.com/is/image/Target/GUEST_7e9f8ee3-0f8b-42b6-acf6-5c87e600569a?wid=1200&hei=1200&qlt=85,1,2026-02-23T16:45:31.455708,https://www.target.com/p/woven-cage-tote-bag-shade-shore/-/A-90073220?preselect=89925525#lnk=sametab
94269186,target,Wild Fable,Game Day Clear Wristlet Clutch - Wild Fable™ Gold,Clutches,10,,0,False,4.7,15,Clear wristlet clutch; Transparent design; Made from vinyl; Zipper closure; Detachable wrist strap; Bag structure: Lightweight; Interior features: No Compartments or Pockets; Exterior features: Detachable Handle; Bag structure: Lightweight; Interior features: No Compartments or Pockets; Exterior features: Detachable Handle,TPU (Thermoplastic Polyurethane),7 Inches (H) x 10 Inches (W) x .12 Inches (D),https://target.scene7.com/is/image/Target/GUEST_3cdc8701-1287-4c82-b347-5086f47cfe55?wid=1200&hei=1200&qlt=85,2,2026-02-23T16:45:31.455708,https://www.target.com/p/game-day-clear-wristlet-clutch-wild-fable/-/A-94425757?preselect=94269186#lnk=sametab
89219512,target,Universal Thread,"Crochet Tote Handbag - Universal Thread™ Blue/Green Striped Straw: Paper Shell, Double Handle, Unstructured",Beach Bags,25,,0,False,4.3,67,Universal Thread straw crochet tote handbag; Striped design; Single open compartment; Double handle; Forest Stewardship Council Certified; Bag structure: Unstructured; Interior features: No Compartments or Pockets; Exterior features: No Compartments or Pockets; Bag structure: Unstructured; Interior features: No Compartments or Pockets; Exterior features: No Compartments or Pockets,Paper,15 Inches (H) x 14.5 Inches (W) x 3.5 Inches (D),https://target.scene7.com/is/image/Target/GUEST_c48a80d7-0ebc-4bad-a4d9-b1d0bd3d2875?wid=1200&hei=1200&qlt=85,3,2026-02-23T16:45:23.545904,https://www.target.com/p/crochet-tote-handbag-universal-thread/-/A-89399885?preselect=89219512#lnk=sametab
94742391,target,Shade & Shore,EVA Splash Tote Bag - Shade & Shore™ Cream,Beach Bags,40,,0,False,0,0,Structured tote bag; EVA material; Open main compartment; Double handle; Bag structure: Structured; Interior features: No Compartments or Pockets; Exterior features: No Compartments or Pockets; Bag structure: Structured; Interior features: No Compartments or Pockets; Exterior features: No Compartments or Pockets,EVA (Ethylene Vinyl Acetate),11.81 Inches (H) x 19.69 Inches (W) x 5.9 Inches (D),https://target.scene7.com/is/image/Target/GUEST_7afcc3bc-1d9a-4347-8b4a-b6a0e5a48f4e?wid=1200&hei=1200&qlt=85,1,2026-02-23T16:45:23.545904,https://www.target.com/p/eva-splash-tote-bag-shade-shore/-/A-94837567?preselect=94742391#lnk=sametab
94473882,target,A New Day,Basic Card Case Wallet - A New Day™ Jet Black,Wallets,5,,0,False,4.5,99,Card case wallet; Multiple compartments; Made of plastic; Open closure; Interior features: No Compartments or Pockets; Exterior features: Credit Card Pockets; Interior features: No Compartments or Pockets; Exterior features: Credit Card Pockets,Polyurethane,3.12 Inches (H) x 4.25 Inches (W) x .5 Inches (D),https://target.scene7.com/is/image/Target/GUEST_a7de67bd-7cfa-4404-be63-e9dc0e74d18d?wid=1200&hei=1200&qlt=85,1,2026-02-23T16:45:23.545904,https://www.target.com/p/basic-card-case-wallet-a-new-day/-/A-92710374?preselect=94473882#lnk=sametab
94871312,target,Shade & Shore,Netted Crochet Tote Bag - Shade & Shore™ Cream,Beach Bags,30,,0,False,0,0,Bag structure: Collapsible; Interior features: No Compartments or Pockets; Exterior features: No Compartments or Pockets; Bag structure: Collapsible; Interior features: No Compartments or Pockets; Exterior features: No Compartments or Pockets,Cotton,16 Inches (H) x 16 Inches (W) x 6 Inches (D),https://target.scene7.com/is/image/Target/GUEST_d442864d-aaa7-49d0-b458-180c63204261?wid=1200&hei=1200&qlt=85,1,2026-02-23T16:45:23.546904,https://www.target.com/p/netted-crochet-tote-bag-shade-shore/-/A-94898633?preselect=94871312#lnk=sametab
94783504,target,A New Day,Sport Mesh Net Tote Bag - A New Day™ Yellow,Shoulder Bags,25,,0,False,0,0,Bag structure: Unstructured; Interior features: No Compartments or Pockets; Exterior features: No Compartments or Pockets; Bag structure: Unstructured; Interior features: No Compartments or Pockets; Exterior features: No Compartments or Pockets,Polyurethane,14.75 Inches (H) x 23 Inches (W) x 6 Inches (D),https://target.scene7.com/is/image/Target/GUEST_e6980416-127a-4b40-8760-359bb540cc5e?wid=1200&hei=1200&qlt=85,1,2026-02-23T16:45:23.546904,https://www.target.com/p/sport-mesh-net-tote-bag-a-new-day/-/A-94810399?preselect=94783504#lnk=sametab
94783499,target,A New Day,Travel Zip Pouch Set 2pc - A New Day™ Pink,Handbags & Purses,20,,0,False,0,0,This 2-piece travel zip pouch set from A New Day is perfect for organizing your essentials on-the-go. The pink pouches measure 4.62 Inches (H) x 8.62 Inches (W) x 4.88 Inches (D) and are available for $20.,,4.62 Inches (H) x 8.62 Inches (W) x 4.88 Inches (D),https://target.scene7.com/is/image/Target/GUEST_3427b75e-e65c-4c2f-9844-c3f31270b14f?wid=1200&hei=1200&qlt=85,1,2026-02-23T16:45:23.546904,https://www.target.com/p/travel-zip-pouch-set-2pc-a-new-day/-/A-94810398?preselect=94783499#lnk=sametab
94778646,target,A New Day,Valentine's Day Girl Dinner Bag Charm - A New Day™ Pink/Black,Bag Charms & Straps,8.5,10,15,True,5,3,Valentine's day dinner bag charm; Made of metal; Lobster claw clasp closure; 5.4in L x 2.58in W; Suitable for ages 15+,Zinc Alloy,"5.4 Inches (L), 2.58 Inches (W)",https://target.scene7.com/is/image/Target/GUEST_cb89f75e-d6fd-4d20-9af9-f9a55c8cd1f9?wid=1200&hei=1200&qlt=85,2,2026-02-23T16:45:23.546904,https://www.target.com/p/valentine-39-s-day-girl-dinner-bag-charm-a-new-day-8482/-/A-94778646#lnk=sametab
94778644,target,A New Day,Valentine's Day Press for Champagne & Sweets Bag Charm - A New Day™ Pink/Gold,Bag Charms & Straps,8.5,10,15,True,4.7,6,Valentine's Day Press for Champagne & sweets bag charm; Made of metal; Lobster claw clasp closure; 6.89in L x 1.42in W; Suitable for ages 15+,Zinc Alloy,"6.89 Inches (L), 1.42 Inches (W)",https://target.scene7.com/is/image/Target/GUEST_6b77dfbe-baad-43b7-9966-3df304b17567?wid=1200&hei=1200&qlt=85,2,2026-02-23T16:45:23.546904,https://www.target.com/p/valentine-39-s-day-press-for-champagne-38-sweets-bag-charm-a-new-day-8482/-/A-94778644#lnk=sametab
89538831,target,A New Day,"Small Zip Wallet - A New Day™ Smooth Black:  Shell, Solid Pattern, 3.5"" Height, 4.375"" Width",Wallets,10,,0,False,4.5,744,"Small wallet; Faux-leather design; Interior zip pocket and credit card pocket; Zipper closure; Interior features: Coin Purse, Credit Card Pockets; Exterior features: No Compartments or Pockets; Interior features: Coin Purse, Credit Card Pockets; Exterior features: No Compartments or Pockets",Polyurethane,3.5 Inches (H) x 4.38 Inches (W) x 1 Inches (D),https://target.scene7.com/is/image/Target/GUEST_274828bd-e94d-4c6d-b8ea-8f35a2ee3885?wid=1200&hei=1200&qlt=85,1,2026-02-23T16:45:23.546904,https://www.target.com/p/small-zip-wallet-a-new-day/-/A-85793665?preselect=89538831#lnk=sametab
94780220,target,Universal Thread,Puffer Backpack - Universal Thread™ Black,Fashion Backpacks,40,,0,False,4.2,5,"Universal Thread puffer backpack; 100% recycled polyester shell; Zippered main compartment; Sleeve fits up to 11in laptop; Exterior zipper pocket; Side pockets with clip-on closure; Adjustable shoulder straps and top loop; 16.6ltr capacity; Bag structure: Lightweight; Interior features: Zip Pocket, Laptop Sleeve; Exterior features: Side Pockets, Zip Pocket; Bag structure: Lightweight; Interior features: Zip Pocket, Laptop Sleeve; Exterior features: Side Pockets, Zip Pocket",100% Recycled Polyester,15 Inches (H) x 5.75 Inches (W) x 11.75 Inches (D),https://target.scene7.com/is/image/Target/GUEST_00d1e281-bc59-467e-82b4-1d00b2fca76d?wid=1200&hei=1200&qlt=85,1,2026-02-23T16:45:23.546904,https://www.target.com/p/puffer-backpack-universal-thread/-/A-94810389?preselect=94780220#lnk=sametab
87712183,target,Wild Fable,"10.5"" Mini Dome Backpack - Wild Fable™ Clear: College Use, Zip Closure",Fashion Backpacks,20,,0,False,4.6,353,"Mini backpack; Dome shape; Clear design; Top handle and double straps; Bag structure: Dome, Miniature; Interior features: Zip Pocket; Exterior features: Front Zip Pocket; Bag structure: Dome, Miniature; Interior features: Zip Pocket; Exterior features: Front Zip Pocket",PVC (Polyvinyl Chloride),10.5 Inches (H) x 9 Inches (W) x 4 Inches (D),https://target.scene7.com/is/image/Target/GUEST_a7b72904-12f3-4441-a72b-0c9115cf0813?wid=1200&hei=1200&qlt=85,1,2026-02-23T16:45:23.546904,https://www.target.com/p/10-5-34-mini-dome-backpack-wild-fable-8482-clear/-/A-87712183#lnk=sametab
89457633,target,A New Day,L-Zip Card Case - A New Day™ Black: Solid Wallet,Wallets,8,,0,False,4.6,406,"Large card case; Features an L shape; 3 card slots; Zipper closure; Attached ""O"" ring; Interior features: Credit Card Pockets; Exterior features: Credit Card Pockets; Interior features: Credit Card Pockets; Exterior features: Credit Card Pockets",Polyurethane,3.25 Inches (H) x 5 Inches (W) x .62 Inches (D),https://target.scene7.com/is/image/Target/GUEST_f6e59526-cfba-4788-a827-abbe90db1970?wid=1200&hei=1200&qlt=85,1,2026-02-23T16:45:23.546904,https://www.target.com/p/l-zip-card-case-a-new-day/-/A-89489967?preselect=89457633#lnk=sametab
88889008,target,A New Day,Handheld Mini Handbag Strap - A New Day™ White: Solid Acrylic & Zinc Alloy Bag Accessory with Lobster Claw Clasp,Bag Charms & Straps,5,,0,False,4.1,147,White mini handbag strap; Made of white faux-pearl string; Handheld style; Lobster claw clasps; 11in L; Spot or wipe clean; Bag structure: Miniature; Bag structure: Miniature,"Zinc Alloy, Acrylic","11.4 Inches (L), .7 Inches (W)",https://target.scene7.com/is/image/Target/GUEST_13afe551-f195-461d-b8ed-4e0c2be9108b?wid=1200&hei=1200&qlt=85,1,2026-02-23T16:45:23.546904,https://www.target.com/p/handheld-mini-handbag-strap-a-new-day-8482-white/-/A-88889008#lnk=sametab
94270109,target,Universal Thread,Quilted Dome Backpack - Universal Thread™ Black,Fashion Backpacks,35,,0,False,4.5,50,"Universal Thread dome backpack with laptop pocket; Features a quilted pattern; Interior, exterior and side pockets; Zipper closure; Top handle and adjustable straps; Bag structure: Dome; Interior features: Accessories Pocket; Exterior features: 2-Bottle Holders, Front Zip Pocket; Bag structure: Dome; Interior features: Accessories Pocket; Exterior features: 2-Bottle Holders, Front Zip Pocket",100% Recycled Nylon,18 Inches (H) x 12 Inches (W) x 6.25 Inches (D),https://target.scene7.com/is/image/Target/GUEST_481f79c0-83ed-4140-9026-58160d7b60e3?wid=1200&hei=1200&qlt=85,1,2026-02-23T16:45:23.546904,https://www.target.com/p/quilted-dome-backpack-universal-thread/-/A-94416290?preselect=94270109#lnk=sametab
89393179,target,A New Day,"Large Around Zip Wallet - A New Day™ Black: Shell, Solid Pattern, 8"" Width",Wallets,15,,0,False,4.7,220,"Zipper wallet; Faux-leather design; Interior zip pocket and credit card pocket; Built-in loop; Interior features: Zip Pocket, Credit Card Pockets; Exterior features: No Compartments or Pockets; Interior features: Zip Pocket, Credit Card Pockets; Exterior features: No Compartments or Pockets",Polyurethane,4 Inches (H) x 8 Inches (W) x 1 Inches (D),https://target.scene7.com/is/image/Target/GUEST_5934b416-f743-4e07-ab9b-b7cf414d3183?wid=1200&hei=1200&qlt=85,1,2026-02-23T16:45:23.546904,https://www.target.com/p/large-around-zip-wallet-a-new-day/-/A-89489966?preselect=89393179#lnk=sametab
90366998,target,Universal Thread,"Sling Pack Crossbody Bag - Universal Thread™ Black: Adjustable Strap, Vinyl Construction, 57"" Max Length",Adult Backpacks,25,,0,False,4.4,253,"Universal Thread sling bag; Main compartment with interior and exterior pockets; Unstructured design; Adjustable strap; Bag structure: Unstructured; Interior features: Credit Card Pockets; Exterior features: Slip Pocket, Front Zip Pocket; Bag structure: Unstructured; Interior features: Credit Card Pockets; Exterior features: Slip Pocket, Front Zip Pocket",Polyester,9.5 Inches (H) x 5.5 Inches (W) x 3.25 Inches (D),https://target.scene7.com/is/image/Target/GUEST_d2f62459-eb35-4ae3-aee9-a607f76aaf65?wid=1200&hei=1200&qlt=85,1,2026-02-23T16:45:23.546904,https://www.target.com/p/sling-pack-handbag-universal-thread/-/A-90564756?preselect=90366998#lnk=sametab
92450028,target,Universal Thread,"Essential Packable Weekender Duffel Bag - Universal Thread™ Black: Lightweight, Collapsible, 32L Capacity",Weekender Bags,30,,0,False,4.5,74,"Get yourself ready for the weekend or other short trips by carrying your essentials in the Essential Packable Weekender Duffel Bag from Universal Thread™. This duffel bag features a removable zip pouch inside and an exterior pocket to provide ample space for your items. Showcasing a collapsible design, this lightweight duffel bag can be conveniently packed away when not in use for space-saving storage, and it's easy to carry with the double handles. Universal Thread™: Found exclusively at Target.; Bag structure: Lightweight, Collapsible, Unstructured; Interior features: Removable Pouch; Exterior features: Slip Pocket; Bag structure: Lightweight, Collapsible, Unstructured; Interior features: Removable Pouch; Exterior features: Slip Pocket",Nylon,"13 Inches (H), 17 Inches (W), 7.5 Inches (D)",https://target.scene7.com/is/image/Target/GUEST_498cb1d4-cd66-449f-b018-5108f9ba589d?wid=1200&hei=1200&qlt=85,1,2026-02-23T16:45:23.546904,https://www.target.com/p/essential-packable-weekender-duffel-bag-universal-thread/-/A-92750860?preselect=92450028#lnk=sametab
90367003,target,Universal Thread,"Square Backpack - Universal Thread™ Black: Recycled Nylon, Fits 14"" Laptop, College, Double Handle, 33.5"" Strap Length",Fashion Backpacks,35,,0,False,4.3,140,"Universal Thread square backpack in solid color; Cotton canvas material; Laptop pocket, interior and exterior pockets; Top handles and adjustable straps; Unstructured design with zip closures; Fits laptop up to 14in; Bag structure: Unstructured, Square; Interior features: Accessories Pocket, Zip Pocket; Exterior features: Slip Pocket, Side Pockets, Front Zip Pocket; Bag structure: Unstructured, Square; Interior features: Accessories Pocket, Zip Pocket; Exterior features: Slip Pocket, Side Pockets, Front Zip Pocket",100% Recycled Polyester,14.75 Inches (H) x 12.5 Inches (W) x 4.25 Inches (D),https://target.scene7.com/is/image/Target/GUEST_153d4c4f-9900-4492-924e-edfbe8a8ecbf?wid=1200&hei=1200&qlt=85,1,2026-02-23T16:45:23.546904,https://www.target.com/p/square-backpack-universal-thread/-/A-90564757?preselect=90367003#lnk=sametab
94778645,target,A New Day,Valentine's Day BFF Beaded Heart Bag Charm - A New Day™ Red/Gold,Bag Charms & Straps,8.5,10,15,True,1,2,Valentine's Day BFF beaded heart bag charm; Made of metal; Lobster claw clasp closure; 6.2in L x 1.36in W; Suitable for ages 15+,Zinc Alloy,"6.2 Inches (L), 1.36 Inches (W)",https://target.scene7.com/is/image/Target/GUEST_b860abd5-6370-47db-9ee5-4c9b5faebf05?wid=1200&hei=1200&qlt=85,2,2026-02-23T16:45:23.546904,https://www.target.com/p/valentine-39-s-day-bff-beaded-heart-bag-charm-a-new-day-8482/-/A-94778645#lnk=sametab
93750656,target,A New Day,"Initial ""A"" and Simulated Pearl Bag Charm - A New Day™ Gold: Lobster Claw Clasp, Iron, Acrylic, Zinc Alloy",Bag Charms & Straps,10,,0,False,4.3,123,"Mother's Day handbag charm in gold; Features initial ""M"" and simulated pearls; Lobster claw clasp closure; Made of metal","Zinc Alloy, Iron, Acrylic","2.5 Inches (L), .26 Inches (W)",https://target.scene7.com/is/image/Target/GUEST_925d622b-9b10-4b44-958f-45af16d5d8af?wid=1200&hei=1200&qlt=85,1,2026-02-23T16:45:23.546904,https://www.target.com/p/initial-and-simulated-pearl-handbag-charm-a-new-day/-/A-93891624?preselect=93750656#lnk=sametab
94832348,target,Universal Thread,Cowboy Teddy Bear Bag Charm - Universal Thread™,Bag Charms & Straps,10,,0,False,4.6,10,"Add a touch of personality to your bag with the Cowboy Teddy Bear Bag Charm from Universal Thread. Made from polyester, this 4.7-inch long charm is priced at $10.",Polyester,"4.7 Inches (L), 2 Inches (W)",https://target.scene7.com/is/image/Target/GUEST_0425215c-1f1e-42e3-97b3-de7d7da39484?wid=1200&hei=1200&qlt=85,,2026-02-23T16:45:23.546904,https://www.target.com/p/cowboy-teddy-bear-bag-charm-universal-thread-8482/-/A-94832348#lnk=sametab
94687154,target,Universal Thread,Velvet Weekender Duffel Bag - Universal Thread™ Pink,Weekender Bags,35,,0,False,4.5,74,"Travel in style with this Velvet Essential Packable Weekender Duffel Bag from Universal Thread™. Designed with polyester velvet shell, this duffel bag blends everyday comfort with a touch of texture. It features a spacious zippered main compartment with an interior zip pocket and sleeves to keep your essentials secure and organized while on the go. Plus, the double-strap handles provide a comfortable grip for easy carrying around. Scan the care tag QR code to follow the journey of your item—materials, care, styling, resale & more—through the digital product passport. Universal Thread™: Found exclusively at Target.; Bag structure: Lightweight; Interior features: Zip Pocket; Exterior features: No Compartments or Pockets; Bag structure: Lightweight; Interior features: Zip Pocket; Exterior features: No Compartments or Pockets",Polyester,"13.5 Inches (H), 13.5 Inches (W), 7.75 Inches (D)",https://target.scene7.com/is/image/Target/GUEST_9f8f5f92-660d-4f7c-9adc-93141de52e36?wid=1200&hei=1200&qlt=85,1,2026-02-23T16:45:23.546904,https://www.target.com/p/velvet-essential-packable-weekender-duffel-bag-universal-thread/-/A-95040652?preselect=94687154#lnk=sametab
90366993,target,Universal Thread,"Square Convertible Backpack - Universal Thread™ Brown: Fits 15"" Laptop, Shell, College-Ready Design",Fashion Backpacks,35,,0,False,4.6,126,"Universal Thread square convertible backpack in a solid hue; Effortlessly switches to a tote bag and back; Single zip compartment with interior zip pocket and mobile pockets; Exterior pockets; Adjustable back straps; Double tote handles; Fits laptop up to 15in; Bag structure: Square, Unstructured; Interior features: Cell Phone Pocket, Zip Pocket; Exterior features: Front Zip Pocket, Backpack Straps, Side Pockets, Convertible; Bag structure: Square, Unstructured; Interior features: Cell Phone Pocket, Zip Pocket; Exterior features: Front Zip Pocket, Backpack Straps, Side Pockets, Convertible",Polyurethane,14.5 Inches (H) x 12 Inches (W) x 5.25 Inches (D),https://target.scene7.com/is/image/Target/GUEST_6557ace2-2372-44d7-9f13-bd23d00dfe51?wid=1200&hei=1200&qlt=85,1,2026-02-23T16:45:23.546904,https://www.target.com/p/square-convertible-backpack-universal-thread/-/A-90564789?preselect=90366993#lnk=sametab
94569116,target,A New Day,Mixed Western and Horse Bag Charm - A New Day™ Gold/Silver,Bag Charms & Straps,10,,0,False,4,13,"Mixed horse handbag charms on chain; Features silver- and gold-tone charms; Horse head, horseshoe, ""Not My First Rodeo"" and more; Made of metal; Lobster claw clasp closure","Iron, Zinc Alloy","6.5 Inches (L), 2.6 Inches (W)",https://target.scene7.com/is/image/Target/GUEST_290fba57-c4ee-43e7-bd36-c6f47100a17b?wid=1200&hei=1200&qlt=85,2,2026-02-23T16:45:23.546904,https://www.target.com/p/mixed-western-and-horse-bag-charm-a-new-day-8482-gold-silver/-/A-94569116#lnk=sametab
94338716,target,Universal Thread,Quilted Weekender Duffel Bag - Universal Thread™ Leopard Print,Weekender Bags,30,,0,False,4.5,43,"Get yourself ready for weekend trips or longer vacations with the Quilted Weekender Duffel Bag from Universal Thread™. This weekender duffel bag features a quilted pattern for a cool, textured look and an exterior pocket to give you extra space for your essentials. The collapsible design helps you save storage space while it's not being used, and double handles allow for easy carrying. Universal Thread™: Found exclusively at Target.; Bag structure: Collapsible; Interior features: No Compartments or Pockets; Exterior features: Slip Pocket; Bag structure: Collapsible; Interior features: No Compartments or Pockets; Exterior features: Slip Pocket",Cotton,"13 Inches (H), 17 Inches (W), 7.25 Inches (D)",https://target.scene7.com/is/image/Target/GUEST_bf731811-432b-4655-9174-f77e2fe052b0?wid=1200&hei=1200&qlt=85,1,2026-02-23T16:46:05.794252,https://www.target.com/p/quilted-weekender-duffel-bag-universal-thread/-/A-94416286?preselect=94338716#lnk=sametab
90366954,target,Wild Fable,"Square Backpack - Wild Fable™ Clear: TPU Shell, Fits 16"" Laptop, College Use",Fashion Backpacks,25,,0,False,4.5,192,"Square backpack with padded laptop pocket; Interior, exterior and side pockets; Backpack straps and top handle; Zipper closure; Fits laptop up to 16in; Bag structure: Lightweight, Square; Interior features: Padded Laptop Pocket; Exterior features: Slip Pocket, Backpack Straps, Front Accessory Pocket, Front Zip Pocket; Bag structure: Lightweight, Square; Interior features: Padded Laptop Pocket; Exterior features: Slip Pocket, Backpack Straps, Front Accessory Pocket, Front Zip Pocket",TPU (Thermoplastic Polyurethane),15.25 Inches (H) x 12 Inches (W) x 5 Inches (D),https://target.scene7.com/is/image/Target/GUEST_52c5d814-52e6-4c61-8d35-8617a6f996c4?wid=1200&hei=1200&qlt=85,1,2026-02-23T16:46:05.794252,https://www.target.com/p/square-backpack-wild-fable/-/A-90564992?preselect=90366954#lnk=sametab
90987398,target,A New Day,Facile Frame Glasses Case - A New Day™ Slate Black: Eyewear Accessory,Sunglasses & Eyeglasses,10,,0,False,4.8,512,Faux-leather eyeglasses case makes it easy to carry your eyeglasses; Padded construction helps prevent eyeglasses from bumps or scratches; Structured top with hinged corners ensures eyeglasses stay secure inside; Faux-leather design in a black hue for a touch of style,Polyurethane,7 Inches (H) x 4 Inches (W) x .25 Inches (D),https://target.scene7.com/is/image/Target/GUEST_4ce61292-3a77-4715-a378-ea998fda948c?wid=1200&hei=1200&qlt=85,1,2026-02-23T16:46:05.794252,https://www.target.com/p/facile-frame-glasses-case-a-new-day/-/A-83665817?preselect=90987398#lnk=sametab
81424020,target,A New Day,"Clam Shell Glasses Case - A New Day™ Black: Solid Eyewear Accessory, Adult Use, 6.5"" Width, 3"" Height",Sunglasses & Eyeglasses,10,,0,False,4.6,294,Clamshell glasses case makes a handy accessory to carry and safely store your eyewear; Black pebbled finish gives it a classic textured look; Hard shell outer makes for durable use; Lightweight design is easily portable,Polyurethane,3 Inches (H) x 6.5 Inches (W) x 2.5 Inches (D),https://target.scene7.com/is/image/Target/GUEST_0212b347-1ae1-41bc-9a06-a69ef96ad658?wid=1200&hei=1200&qlt=85,1,2026-02-23T16:46:05.794252,https://www.target.com/p/clam-shell-glasses-case-a-new-day/-/A-84266691?preselect=81424020#lnk=sametab
88922424,target,A New Day,Chain Crossbody Handbag Strap - A New Day™ Gold,Bag Charms & Straps,10,,0,False,4.5,111,Chain handbag strap; Shiny metallic finish; Attaches to any crossbody handbag; Lobster claw clasps; 47in; Spot or wipe clean,Zinc Alloy,"46.8 Inches (L), .7 Inches (W)",https://target.scene7.com/is/image/Target/GUEST_c1fd03ee-8718-4b64-a811-825737071f0e?wid=1200&hei=1200&qlt=85,1,2026-02-23T16:46:05.794252,https://www.target.com/p/crossbody-handbag-strap-a-new-day/-/A-88996085?preselect=88922424#lnk=sametab
94788214,target,Universal Thread,Cosmetic Pouch 2pc Set - Universal Thread™ Clear,Makeup Bags & Organizers,15,,0,False,0,0,"Keep your essentials organized in style with the 2-Piece Cosmetic Pouch Set from Universal Thread™. This pouch set comes in two different sizes to give you smart options for carrying cosmetics and other items. Compact in size, the set comes in a transparent zipper pouch for easy packing and maximizing space in your luggage. Universal Thread™: Found exclusively at Target.",TPU (Thermoplastic Polyurethane),5.07 Inches (H) x 3.74 Inches (W) x 7.28 Inches (D),https://target.scene7.com/is/image/Target/GUEST_63d363df-83a2-4814-84e9-5fea1c3a9ba0?wid=1200&hei=1200&qlt=85,1,2026-02-23T16:46:05.794252,https://www.target.com/p/cosmetic-pouch-2pc-set-universal-thread-8482-clear/-/A-94788214#lnk=sametab
94440045,target,Universal Thread,Sport Cord Bag Charm - Universal Thread™ Green,Bag Charms & Straps,10,,0,False,4.6,7,Universal Thread sport cord bag charm; Polyester material; Lobster claw clasp closure; 16in L x 1.35in W,Polyester,"16 Inches (L), 1.35 Inches (W)",https://target.scene7.com/is/image/Target/GUEST_169f7615-1970-4a46-836e-adb6a904e80f?wid=1200&hei=1200&qlt=85,1,2026-02-23T16:46:05.794252,https://www.target.com/p/sport-cord-bag-charm-universal-thread/-/A-94594860?preselect=94440045#lnk=sametab
94780341,target,A New Day,Zipper Wallet Wristlet - A New Day™ Cream,Wallets,12,,0,False,4,4,Zipper wallet wristlet; Polyurethane material; Multiple inner card slots; Detachable loop strap; Interior features: Credit Card Pockets; Exterior features: No Compartments or Pockets; Interior features: Credit Card Pockets; Exterior features: No Compartments or Pockets,Polyurethane,3 Inches (H) x 4.5 Inches (W) x 2 Inches (D),https://target.scene7.com/is/image/Target/GUEST_c1cc1b8e-a49b-4d00-82d6-8ba80301b387?wid=1200&hei=1200&qlt=85,1,2026-02-23T16:46:05.794252,https://www.target.com/p/zipper-wallet-wristlet-a-new-day/-/A-94810395?preselect=94780341#lnk=sametab
94269198,target,Wild Fable,Nylon Collegiate Dome Backpack - Wild Fable™ Black,Fashion Backpacks,25,,0,False,4.5,11,"Woven dome backpack with laptop pocket; Interior and exterior pockets; 2 bottle holders; Zipper closure; Fits up to 12in laptop; Adjustable straps; Top handle; Bag structure: Dome; Interior features: Laptop Pocket; Exterior features: 2-Bottle Holders, Adjustable Strap, Zip Pocket; Bag structure: Dome; Interior features: Laptop Pocket; Exterior features: 2-Bottle Holders, Adjustable Strap, Zip Pocket",100% Recycled Polyester,16.25 Inches (H) x 12.5 Inches (W) x 5.25 Inches (D),https://target.scene7.com/is/image/Target/GUEST_eae9d9c7-acf5-42bf-8c64-ecb025c459c9?wid=1200&hei=1200&qlt=85,1,2026-02-23T16:46:05.794252,https://www.target.com/p/nylon-collegiate-dome-backpack-wild-fable/-/A-94897247?preselect=94269198#lnk=sametab
94780213,target,Universal Thread,Micro Satchel Bag Charm - Universal Thread™ Cream,Bag Charms & Straps,12,,0,False,4.3,4,Universal Thread micro satchel bag; Polyester material; Zipper closure; Loop charm strap,Cotton,"4.33 Inches (L), 1.18 Inches (W)",https://target.scene7.com/is/image/Target/GUEST_be58f7e5-8cf1-4b6f-a931-1854f648ee17?wid=1200&hei=1200&qlt=85,1,2026-02-23T16:46:05.794252,https://www.target.com/p/micro-satchel-bag-charm-universal-thread/-/A-94810390?preselect=94780213#lnk=sametab
94686817,target,Wild Fable,Micro Quilted Pouch Bag Charm - Wild Fable™ Cream,Bag Charms & Straps,10,,0,False,4.4,25,Micro quilted pouch bag charm; Quilted pouch with zipper closure; Heart-shaped charm; Metal clasp closure,Polyester,"7 Inches (L), 4.25 Inches (W)",https://target.scene7.com/is/image/Target/GUEST_eacd6f1d-55b0-4eb0-9a66-9618398ae442?wid=1200&hei=1200&qlt=85,1,2026-02-23T16:46:05.794252,https://www.target.com/p/micro-quilted-pouch-bag-charm-wild-fable/-/A-94713227?preselect=94686817#lnk=sametab
90784361,target,A New Day,Gold Chain with Faux Leather Crossbody Handbag Strap - A New Day™ Black/Gold: Metal Accessory,Bag Charms & Straps,10,,0,False,4.6,16,Chain with faux leather crossbody handbag strap; Metal gold-tone chain and black faux leather; Lobster claw clasps; Attaches to any handbag; Spot or wipe clean,"Polyurethane, Metal","49 Inches (L), .38 Inches (W)",https://target.scene7.com/is/image/Target/GUEST_6c6f3aa2-16ee-4e5a-89d0-ee30e1d3c9a3?wid=1200&hei=1200&qlt=85,2,2026-02-23T16:46:05.794252,https://www.target.com/p/gold-chain-with-faux-leather-crossbody-handbag-strap-a-new-day-8482-black-gold/-/A-90784361#lnk=sametab
89956724,target,Universal Thread,Adjustable Buckle Crossbody Handbag Strap - Universal Thread™ Brown: Bag Accessory,Bag Charms & Straps,6.5,,0,False,4.8,36,Universal Thread solid-color crossbody handbag strap; Faux-leather construction; Adjustable buckle for customizable length; Lobster-claw clasps; Spot or wipe clean,Polyurethane,"47.5 Inches (L), 1 Inches (W)",https://target.scene7.com/is/image/Target/GUEST_4b827149-6ac0-48bd-9173-8ad1ec13b7e0?wid=1200&hei=1200&qlt=85,1,2026-02-23T16:46:05.794252,https://www.target.com/p/adjustable-buckle-crossbody-handbag-strap-universal-thread/-/A-91870646?preselect=89956724#lnk=sametab
94440156,target,Universal Thread,Faux Suede Fringe Bag Charm - Universal Thread™ Cream,Bag Charms & Straps,10,,0,False,4,3,Faux-suede fringe bag charm; Acrylic and polyester material; Lobster claw clasp closure; 6.25in L x 1.5in W; Suitable for ages 15+,"Zinc Alloy, Polyester, Acrylic","6.25 Inches (L), 1.5 Inches (W)",https://target.scene7.com/is/image/Target/GUEST_819a153b-9dba-4ca6-a877-9183d9c2b95c?wid=1200&hei=1200&qlt=85,1,2026-02-23T16:46:05.794252,https://www.target.com/p/faux-suede-fringe-bag-charm-universal-thread-8482-cream/-/A-94440156#lnk=sametab
91725093,target,A New Day,"Croissant Clip On Pouch - A New Day™ Black: Solid Coin Purse, Unstructured Design",Wallets,10,,0,False,4.1,43,Unstructured clip-on pouch; Croissant shape; Made with faux leather; Zipper closure; Bag structure: Unstructured; Interior features: No Compartments or Pockets; Exterior features: No Compartments or Pockets; Bag structure: Unstructured; Interior features: No Compartments or Pockets; Exterior features: No Compartments or Pockets,Polyurethane,3 Inches (H) x 5.25 Inches (W) x 2 Inches (D),https://target.scene7.com/is/image/Target/GUEST_929b75db-23cc-4d20-be63-8be6aa20695d?wid=1200&hei=1200&qlt=85,2,2026-02-23T16:46:05.794252,https://www.target.com/p/croissant-clip-on-pouch-a-new-day/-/A-91980196?preselect=91725093#lnk=sametab
88922425,target,A New Day,"Chain Crossbody Handbag Strap - A New Day™ Clear/Crystal: Lobster Claw Clasp, Zinc Alloy, Solid Pattern",Bag Charms & Straps,6.5,10,35,True,4.5,108,Chain handbag strap; Embellished with clear crystals; Double-chain style; Lobster-claw clasps; 46.8in L,Zinc Alloy,"46.8 Inches (L), .79 Inches (W)",https://target.scene7.com/is/image/Target/GUEST_b94b1723-851a-460a-9e6d-1f82bc3c45b1?wid=1200&hei=1200&qlt=85,1,2026-02-23T16:46:05.794252,https://www.target.com/p/chain-crossbody-handbag-strap-a-new-day-8482-clear-crystal/-/A-88922425#lnk=sametab
94821620,target,A New Day,Flower Bag Charm - A New Day™,Bag Charms & Straps,10,,0,False,5,1,"Elevate your handbag with the Flower Bag Charm from A New Day, made from polyurethane. Measuring 5.38 inches in length and 1 inch in width, this charm is available for $10.",Polyurethane,"5.38 Inches (L), 1 Inches (W)",https://target.scene7.com/is/image/Target/GUEST_980a9843-e699-4435-bb6b-56c10cabb680?wid=1200&hei=1200&qlt=85,,2026-02-23T16:46:05.794252,https://www.target.com/p/flower-bag-charm-a-new-day-8482/-/A-94821620#lnk=sametab
94844331,target,A New Day,Straw Mini Tote Bag Charm - A New Day™,Bag Charms & Straps,10,,0,False,5,1,"The Straw Mini Tote Bag Charm from A New Day is a stylish accessory made from paper. It measures 8.75 inches in length and 2.5 inches in width, and is priced at $10.",Paper,"8.75 Inches (L), 2.5 Inches (W)",https://target.scene7.com/is/image/Target/GUEST_8fc95494-fcca-47f0-a35c-699152a23c98?wid=1200&hei=1200&qlt=85,,2026-02-23T16:46:05.794252,https://www.target.com/p/straw-mini-tote-bag-charm-a-new-day-8482/-/A-94844331#lnk=sametab
94440157,target,Universal Thread,Chain Fringe Dangle Bag Charm - Universal Thread™ Gold,Bag Charms & Straps,10,,0,False,4.9,11,Universal Thread bag charm; Mixed metals; Fringe chain design; Lobster claw clasp closure; 7.75in L x 1.5in W,"Acrylic, Iron, Zinc Alloy","7.75 Inches (L), 1.5 Inches (W)",https://target.scene7.com/is/image/Target/GUEST_8f4d3aa8-2f96-4184-a2f2-27148a93b3f4?wid=1200&hei=1200&qlt=85,1,2026-02-23T16:46:05.794252,https://www.target.com/p/chain-fringe-dangle-bag-charm-universal-thread/-/A-94686074?preselect=94440157#lnk=sametab
94269228,target,Wild Fable,Collegiate Zip Pouch - Wild Fable™ Clear,Handbags & Purses,8.5,10,15,True,4.8,28,Collegiate pouch; Zip closure; Cotton construction; Side handle with stripes,TPU (Thermoplastic Polyurethane),"8.5 Inches (L), 5 Inches (W)",https://target.scene7.com/is/image/Target/GUEST_fdedadb4-765d-4d26-a921-062a9997472f?wid=1200&hei=1200&qlt=85,1,2026-02-23T16:46:05.794252,https://www.target.com/p/collegiate-zip-pouch-wild-fable/-/A-94425753?preselect=94269228#lnk=sametab
94832344,target,Universal Thread,Sport Cord & Chili Pepper Bag Charm - Universal Thread™,Bag Charms & Straps,10,,0,False,0,0,"Add a sporty touch to your bag with the Sport Cord & Chili Pepper Bag Charm from Universal Thread. Crafted from acrylic and polyester, this 8.25-inch long charm is available for $10.","Acrylic, Polyester","8.25 Inches (L), 2 Inches (W)",https://target.scene7.com/is/image/Target/GUEST_d91d9541-24a8-4cc8-a3ac-d59eb5ab0bbc?wid=1200&hei=1200&qlt=85,,2026-02-23T16:46:05.794252,https://www.target.com/p/sport-cord-38-chili-pepper-bag-charm-universal-thread-8482/-/A-94832344#lnk=sametab
94844279,target,Universal Thread,NY Handbag Charm Floral Print Keychain - Universal Thread™ Brown/Pink,Bag Charms & Straps,10,,0,False,0,0,"The NY Handbag Charm Floral Print Keychain from Universal Thread is made from zinc alloy, iron, and acrylic. Measuring 5.81 inches in length and 1.55 inches in width, it is available in brown and pink for $10.","Zinc Alloy, Iron, Acrylic","5.81 Inches (L), 1.55 Inches (W)",https://target.scene7.com/is/image/Target/GUEST_e5bc1c5b-d08a-46f3-890f-1bc3e2626e4e?wid=1200&hei=1200&qlt=85,2,2026-02-23T16:46:05.794252,https://www.target.com/p/floral-print-ny-bag-charm-universal-thread-8482/-/A-94844279#lnk=sametab
94844278,target,Universal Thread,LA Handbag Charm Tortoise Print Keychain - Universal Thread™ Blue/Green,Bag Charms & Straps,10,,0,False,0,0,"Add a pop of color to your handbag with the LA Handbag Charm from Universal Thread. Made from zinc alloy, acrylic, and iron, this tortoise print keychain measures 5.81 inches long and 1.55 inches wide. Available in blue and green.","Zinc Alloy, Acrylic, Iron","5.81 Inches (L), 1.55 Inches (W)",https://target.scene7.com/is/image/Target/GUEST_89b339e4-2454-442e-a944-189c36267fb0?wid=1200&hei=1200&qlt=85,2,2026-02-23T16:46:05.794252,https://www.target.com/p/tortoise-print-la-bag-charm-universal-thread-8482/-/A-94844278#lnk=sametab
94844333,target,A New Day,Straw Strawberry Bag Charm - A New Day™,Bag Charms & Straps,10,,0,False,0,0,"Brighten up your bag with the Straw Strawberry Bag Charm from A New Day. Crafted from paper, this charm is 9 inches long and 2 inches wide, making it a fun and playful accessory.",Paper,"9 Inches (L), 2 Inches (W)",https://target.scene7.com/is/image/Target/GUEST_bc0a1fa4-5776-488c-9be0-423d78bc2cb5?wid=1200&hei=1200&qlt=85,,2026-02-23T16:46:05.794252,https://www.target.com/p/straw-strawberry-bag-charm-a-new-day-8482/-/A-94844333#lnk=sametab
94821621,target,A New Day,Cherry Bag Charm - A New Day™,Bag Charms & Straps,10,,0,False,5,2,"Give your handbag a sweet touch with the Cherry Bag Charm from A New Day. Made from polyurethane, this charm is 5.11 inches long and 1.38 inches wide, adding a charming detail to your bag.",Polyurethane,"5.11 Inches (L), 1.38 Inches (W)",https://target.scene7.com/is/image/Target/GUEST_0aa9308f-2cb3-490c-82b2-8a58df88cae4?wid=1200&hei=1200&qlt=85,,2026-02-23T16:45:57.790652,https://www.target.com/p/cherry-bag-charm-a-new-day-8482/-/A-94821621#lnk=sametab
94849083,target,A New Day,Straw Mushroom Bag Charm - A New Day™,Bag Charms & Straps,10,,0,False,0,0,"Add a whimsical touch to your handbag with the Straw Mushroom Bag Charm from A New Day. Made from paper, this charm measures 3.75 inches long and 2.3 inches wide.",Paper,"3.75 Inches (L), 2.3 Inches (W)",https://target.scene7.com/is/image/Target/GUEST_554cf493-fb72-4b03-a2c7-772a5843c2ed?wid=1200&hei=1200&qlt=85,,2026-02-23T16:45:57.790652,https://www.target.com/p/straw-mushroom-bag-charm-a-new-day-8482/-/A-94849083#lnk=sametab
94304619,target,Wild Fable,Game Day Bear Bag Charm - Wild Fable™ Blue,Bag Charms & Straps,10,,0,False,4.6,21,Game Day bear handbag charm; Cute bear in sports jersey; Made from polyester fabric; Clip-on style,Polyester,"5 Inches (L), 3.88 Inches (W)",https://target.scene7.com/is/image/Target/GUEST_c7a463b9-7fa7-4619-911d-bc0b9e2bfa11?wid=1200&hei=1200&qlt=85,1,2026-02-23T16:45:57.790652,https://www.target.com/p/game-day-bear-handbag-charm-wild-fable/-/A-94425754?preselect=94304619#lnk=sametab
90779615,target,Universal Thread,Belt Bag Clip On Pouch - Universal Thread™ Silver: Solid Vinyl Wallet Accessory,Bag Charms & Straps,8,,0,False,4.5,65,Universal Thread belt bag; Semi-circle shape; Interior and exterior pockets; Zipper closure; Attached D-ring; Bag structure: Pouch; Bag structure: Pouch,Polyurethane,"5.12 Inches (L), 5.12 Inches (W)",https://target.scene7.com/is/image/Target/GUEST_d99b78f7-0f43-4ce1-8dc0-bb567dec143f?wid=1200&hei=1200&qlt=85,1,2026-02-23T16:45:57.790652,https://www.target.com/p/belt-bag-pouch-wristlet-universal-thread/-/A-93128475?preselect=90779615#lnk=sametab
94844332,target,A New Day,Straw Grape Bag Charm - A New Day™,Bag Charms & Straps,10,,0,False,0,0,"Elevate your bag's style with the Straw Grape Bag Charm from A New Day. Crafted from paper, this charm is 9.5 inches long and 1.5 inches wide, making it a unique accessory.",Paper,"9.5 Inches (L), 1.5 Inches (W)",https://target.scene7.com/is/image/Target/GUEST_e892a1ef-9d72-4a10-ad47-6211e3f7b554?wid=1200&hei=1200&qlt=85,,2026-02-23T16:45:57.790652,https://www.target.com/p/straw-grape-bag-charm-a-new-day-8482/-/A-94844332#lnk=sametab
94270016,target,Universal Thread,Adaptable Backpack - Universal Thread™ Black,Fashion Backpacks,35,,0,False,0,0,"Universal Thread adaptable backpack; Made of 100% recycled polyester; Zippered exterior pocket, main compartment and back compartment; Inner mesh pocket; 2 bottle holders; Adjustable straps and removable backpack straps; Top handle; Bag structure: Lightweight; Interior features: Mesh Pocket; Exterior features: 2-Bottle Holders, Adjustable Strap, Front Accessory Pocket, Backpack Straps, Zipper Pulls; Bag structure: Lightweight; Interior features: Mesh Pocket; Exterior features: 2-Bottle Holders, Adjustable Strap, Front Accessory Pocket, Backpack Straps, Zipper Pulls",100% Recycled Polyester,15.75 Inches (H) x 11.5 Inches (W) x 6.25 Inches (D),https://target.scene7.com/is/image/Target/GUEST_40075974-d78a-4081-bca6-046ef64c883d?wid=1200&hei=1200&qlt=85,1,2026-02-23T16:45:57.790652,https://www.target.com/p/adaptable-backpack-universal-thread-8482-black/-/A-94270016#lnk=sametab
94821522,target,A New Day,Miami Bag Charm - A New Day™,Bag Charms & Straps,10,,0,False,0,0,"Personalize your handbag with the Miami Bag Charm from A New Day. Made from acrylic, this charm is 3 inches long and 2.5 inches wide, adding a touch of personality to your bag.",Acrylic,"3 Inches (L), 2.5 Inches (W)",https://target.scene7.com/is/image/Target/GUEST_7401d94f-e28b-4a5c-8f40-e59f64893434?wid=1200&hei=1200&qlt=85,,2026-02-23T16:45:57.790652,https://www.target.com/p/miami-bag-charm-a-new-day-8482/-/A-94821522#lnk=sametab
94821521,target,A New Day,LA Bag Charm - A New Day™,Bag Charms & Straps,10,,0,False,0,0,"Add a personal touch to your bag with the LA Bag Charm from A New Day. Made from acrylic, this charm measures 3 inches long and 2 inches wide. Perfect for decorating your handbag or purse.",Acrylic,"3 Inches (L), 2 Inches (W)",https://target.scene7.com/is/image/Target/GUEST_485f63d9-5d48-4255-8ea1-efc443b92de2?wid=1200&hei=1200&qlt=85,,2026-02-23T16:45:57.790652,https://www.target.com/p/la-bag-charm-a-new-day-8482/-/A-94821521#lnk=sametab
94821520,target,A New Day,Waikiki Bag Charm - A New Day™,Bag Charms & Straps,10,,0,False,0,0,"The Waikiki Bag Charm from A New Day is an acrylic charm that adds a touch of personality to your handbag. Measuring 3.38 inches long and 2 inches wide, it's a fun accessory for your purse.",Acrylic,"3.38 Inches (L), 2 Inches (W)",https://target.scene7.com/is/image/Target/GUEST_63708aff-b8cd-41b6-9088-ec5a3487eac0?wid=1200&hei=1200&qlt=85,,2026-02-23T16:45:57.790652,https://www.target.com/p/waikiki-bag-charm-a-new-day-8482/-/A-94821520#lnk=sametab
61210335,abercrombie,Abercrombie,Knitted Sweater Bag Charm,Bags & Bag Charms,32.66,,,False,,,Jewelry for your bag - a small sweater-shaped bag charm with a metal clasp.; Jewelry for your bag - a small sweater-shaped bag charm with a metal clasp. | Features: Jewelry for your bag - a small sweater-shaped bag charm with a metal clasp. | Body:100% Acrylic / Chain:100% Non-Precious Metal | Do not bleach | Do not dry clean | Do not iron | Do not tumble dry | Do not wash | Spot clean,Body:100% Acrylic / Chain:100% Non-Precious Metal,Body:100% Acrylic / Chain:100% Non-Precious Metal,https://img.abercrombie.com/is/image/anf/KIC_154-5127-00009-202_prod1,2,2026-02-23,https://www.abercrombie.com/shop/wd/p/bag-charm-61210335?categoryId=12281&faceout=prod&seq=04
61628819,abercrombie,Abercrombie,Beaded Shell Bag Charm,Bags & Bag Charms,23.33,,,False,,,Jewelry for your bag - a small shell-shaped bag charm with a metal clasp.; Jewelry for your bag - a small shell-shaped bag charm with a metal clasp. | Features: Jewelry for your bag - a small shell-shaped bag charm with a metal clasp. | Bead 2:100% Glass / Bead:100% Plastic / Body:100% Polyester / Chain:100% Non-Precious Metal / Filling:100% Polyester Fibers | Do not bleach | Do not dry clean | Do not iron | Do not tumble dry | Do not wash | Spot clean,Bead 2:100% Glass / Bead:100% Plastic / Body:100% Polyester / Chain:100% Non-Precious Metal / Filling:100% Polyester Fibers,Bead 2:100% Glass / Bead:100% Plastic / Body:100% Polyester / Chain:100% Non-Precious Metal / Filling:100% Polyester Fibers,https://img.abercrombie.com/is/image/anf/KIC_154-5276-00003-200_prod1,4,2026-02-23,https://www.abercrombie.com/shop/wd/p/bag-charm-61628819?categoryId=12281&faceout=prod&seq=01
61449346,abercrombie,Abercrombie,Bolo Tie,Abercrombie x Kemo Sabe,46.65,,,False,,,Introducing A&F x Kemo Sabe—a limited collection of timeless western pieces that brings together the rich heritage of both brands. This western-inspired bolo tie features a center stone detail and fringe details on the ends.; Introducing A&F x Kemo Sabe—a limited collection of timeless western pieces that brings together the rich heritage of both brands. This western-inspired bolo tie features a center stone detail and fringe details on the ends. | Features: Introducing A&F x Kemo Sabe—a limited collection of timeless western pieces that brings together the rich heritage of both brands. This western-inspired bolo tie features a center stone detail and fringe details on the ends. | 100% Non-Precious Metal100% Non-Precious Metal / Bead:100% Acrylic | Do not bleach | Do not dry clean | Do not iron | Do not tumble dry | Do not wash | Spot clean,100% Non-Precious Metal100% Non-Precious Metal / Bead:100% Acrylic,Introducing A&F x Kemo Sabe—a limited collection of timeless western pieces that brings together the rich heritage of both brands. This western-inspired bolo tie features a center stone detail and fringe details on the ends.,https://img.abercrombie.com/is/image/anf/KIC_154-5281-00011-100_life1,1,2026-02-23,https://www.abercrombie.com/shop/wd/p/bolo-tie-61449346?categoryId=12281&faceout=life&seq=01&pagefm=navigation-grid&prodvm=navigation-grid
61808366,abercrombie,Abercrombie,Cutwork Shoulder Bag,Bags & Bag Charms,83.98,,,False,,,"Our small shoulder bag in a soft fabric with an elevated adjustable shoulder strap. Features embroidered cutwork details throughout, foldover detail, zipper closure and an interior pocket. To avoid color transfer, keep away from light color clothing and upholstery.; Our small shoulder bag in a soft fabric with an elevated adjustable shoulder strap. Features embroidered cutwork details throughout, foldover detail, zipper closure and an interior pocket. To avoid color transfer, keep away from light color clothing and upholstery. | Features: Our small shoulder bag in a soft fabric with an elevated adjustable shoulder strap. Features embroidered cutwork details throughout, foldover detail, zipper closure and an interior pocket. To avoid color transfer, keep away from light color clothing and upholstery. Imported. | Lining:100% Polyester / Shell:92% Polyester, 8% Elastane | Do not bleach | Do not dry clean | Do not iron | Do not tumble dry | Do not wash | Spot clean","Lining:100% Polyester / Shell:92% Polyester, 8% Elastane","Our small shoulder bag in a soft fabric with an elevated adjustable shoulder strap. Features embroidered cutwork details throughout, foldover detail, zipper closure and an interior pocket. To avoid color transfer, keep away from light color clothing and upholstery. Imported.",https://img.abercrombie.com/is/image/anf/KIC_154-6039-00058-415_prod1,2,2026-02-23,https://www.abercrombie.com/shop/wd/p/cutwork-shoulder-bag-61808366?categoryId=12281&faceout=prod&seq=01&afsource=social+proofing&pagefm=navigation-grid&prodvm=navigation-grid
60772826,abercrombie,Abercrombie,Modern Belted City Tote Bag,Bags & Bag Charms,93.31,,,False,,,"Our new city tote in a soft vegan leather fabric, designed with a belted hardware detail that adds an elevated look and an expandable bag option for added room. Features one internal zip pocket, two internal non-zip pockets and a magnetic button clasp. A versatile carry-all that transitions easily from work to weekend.; Our new city tote in a soft vegan leather fabric, designed with a belted hardware detail that adds an elevated look and an expandable bag option for added room. Features one internal zip pocket, two internal non-zip pockets and a magnetic button clasp. A versatile carry-all that transitions easily from work to weekend. | Features: Our new city tote in a soft vegan leather fabric, designed with a belted hardware detail that adds an elevated look and an expandable bag option for added room. Features one internal zip pocket, two internal non-zip pockets and a magnetic button clasp. A versatile carry-all that transitions easily from work to weekend. Imported. | Coating:100% Polyurethane / Faux Leather:100% Viscose / Lining:100% Polyester | Do not bleach | Do not dry clean | Do not iron | Do not tumble dry | Do not wash | Spot clean",Coating:100% Polyurethane / Faux Leather:100% Viscose / Lining:100% Polyester,"Our new city tote in a soft vegan leather fabric, designed with a belted hardware detail that adds an elevated look and an expandable bag option for added room. Features one internal zip pocket, two internal non-zip pockets and a magnetic button clasp. A versatile carry-all that transitions easily from work to weekend. Imported.",https://img.abercrombie.com/is/image/anf/KIC_154-5095-00033-900_prod1,1,2026-02-23,https://www.abercrombie.com/shop/wd/p/modern-belted-city-tote-bag-60772826?categoryId=12281&faceout=prod&seq=01
61894825,abercrombie,Abercrombie,Resort Straw Tote Bag,Bags & Bag Charms,65.32,,,False,,,"The perfect tote to add to your closet for your next vacation. Features a straw fabric, round handles, a striped pattern and a roomy silhouette.; The perfect tote to add to your closet for your next vacation. Features a straw fabric, round handles, a striped pattern and a roomy silhouette. | Features: The perfect tote to add to your closet for your next vacation. Features a straw fabric, round handles, a striped pattern and a roomy silhouette. | 100% Paper100% Paper | Do not bleach | Do not dry clean | Do not iron | Do not tumble dry | Do not wash | Spot clean",100% Paper100% Paper,,https://img.abercrombie.com/is/image/anf/KIC_154-6028-00055-480_prod1,1,2026-02-23,https://www.abercrombie.com/shop/wd/p/resort-straw-tote-bag-61894825?categoryId=12281&faceout=prod&seq=01
61894823,abercrombie,Abercrombie,Slouchy Vegan Suede Tote Bag,Bags & Bag Charms,83.98,,,False,,,"Our slouchy tote bag in a drapey vegan suede fabric. Features button closure, whipstitch details on the seams, gold hardware details and tassels with interior space to hold your personal items and valuables. To avoid color transfer, keep away from light color clothing and upholstery.; Our slouchy tote bag in a drapey vegan suede fabric. Features button closure, whipstitch details on the seams, gold hardware details and tassels with interior space to hold your personal items and valuables. To avoid color transfer, keep away from light color clothing and upholstery. | Features: Our slouchy tote bag in a drapey vegan suede fabric. Features button closure, whipstitch details on the seams, gold hardware details and tassels with interior space to hold your personal items and valuables. To avoid color transfer, keep away from light color clothing and upholstery. Imported. | Faux Suede:92% Polyester, 8% Elastane / Lining:100% Polyester | Do not bleach | Do not dry clean | Do not iron | Do not tumble dry | Do not wash | Spot clean","Faux Suede:92% Polyester, 8% Elastane / Lining:100% Polyester","Our slouchy tote bag in a drapey vegan suede fabric. Features button closure, whipstitch details on the seams, gold hardware details and tassels with interior space to hold your personal items and valuables. To avoid color transfer, keep away from light color clothing and upholstery. Imported.",https://img.abercrombie.com/is/image/anf/KIC_154-6032-00056-402_prod1,2,2026-02-23,https://www.abercrombie.com/shop/wd/p/slouchy-vegan-suede-tote-bag-61894823?categoryId=12281&faceout=prod&seq=01
61115319,abercrombie,Abercrombie,Studded Vegan Suede Tote Bag,Bags & Bag Charms,83.98,,,False,,,"Our new tote bag in a drapey vegan suede fabric with button closure, featuring studded details and an interior pocket to hold your personal items and valuables. To avoid color transfer, keep away from light color clothing and upholstery.; Our new tote bag in a drapey vegan suede fabric with button closure, featuring studded details and an interior pocket to hold your personal items and valuables. To avoid color transfer, keep away from light color clothing and upholstery. | Features: Our new tote bag in a drapey vegan suede fabric with button closure, featuring studded details and an interior pocket to hold your personal items and valuables. To avoid color transfer, keep away from light color clothing and upholstery. Imported. | Coating:100% Polyurethane / Faux Leather:100% Polyester / Faux Suede:92% Polyester, 8% Elastane | Do not bleach | Do not dry clean | Do not iron | Do not tumble dry | Do not wash | Spot clean","Coating:100% Polyurethane / Faux Leather:100% Polyester / Faux Suede:92% Polyester, 8% Elastane","Our new tote bag in a drapey vegan suede fabric with button closure, featuring studded details and an interior pocket to hold your personal items and valuables. To avoid color transfer, keep away from light color clothing and upholstery. Imported.",https://img.abercrombie.com/is/image/anf/KIC_154-5135-00041-405_prod1,1,2026-02-23,https://www.abercrombie.com/shop/wd/p/vegan-suede-tote-bag-61115319?categoryId=12281&faceout=prod&seq=02&pagefm=navigation-grid&prodvm=navigation-grid
61812334,abercrombie,Abercrombie,Whipstitch Shoulder Bag,Bags & Bag Charms,74.65,,,False,,,"Our Boho-inspired bag in a soft vegan suede fabric and relaxed shoulder-bag silhouette, featuring whipstitch details throughout and zipper closure. Easy everyday wear makes it the perfect companion for festivals, weekend outings or effortlessly chic day-to-day styling.; Our Boho-inspired bag in a soft vegan suede fabric and relaxed shoulder-bag silhouette, featuring whipstitch details throughout and zipper closure. Easy everyday wear makes it the perfect companion for festivals, weekend outings or effortlessly chic day-to-day styling. | Features: Our Boho-inspired bag in a soft vegan suede fabric and relaxed shoulder-bag silhouette, featuring whipstitch details throughout and zipper closure. Easy everyday wear makes it the perfect companion for festivals, weekend outings or effortlessly chic day-to-day styling. Imported. | Faux Suede:92% Polyester, 8% Elastane / Lining:100% Polyester | Do not bleach | Do not dry clean | Do not iron | Do not tumble dry | Do not wash | Spot clean","Faux Suede:92% Polyester, 8% Elastane / Lining:100% Polyester","Our Boho-inspired bag in a soft vegan suede fabric and relaxed shoulder-bag silhouette, featuring whipstitch details throughout and zipper closure. Easy everyday wear makes it the perfect companion for festivals, weekend outings or effortlessly chic day-to-day styling. Imported.",https://img.abercrombie.com/is/image/anf/KIC_154-6077-00059-900_prod1,2,2026-02-23,https://www.abercrombie.com/shop/wd/p/whipstitch-shoulder-bag-61812334?categoryId=12281&faceout=prod&seq=01
61822338,abercrombie,Abercrombie,YPB Duffle Bag,Bags & Wallets,102.64,,,False,,,"Our full-size duffle bag to carry all your essentials. Features a shoulder strap, a handle to carry your belongings, zipper closures and pockets throughout.; Our full-size duffle bag to carry all your essentials. Features a shoulder strap, a handle to carry your belongings, zipper closures and pockets throughout. | Features: Our full-size duffle bag to carry all your essentials. Features a shoulder strap, a handle to carry your belongings, zipper closures and pockets throughout. Imported. | Back:100% Polyethylene / Face:100% Polyester / Filling Foam:100% Polyethylene / Lining:100% Polyester | Do not bleach | Do not dry clean | Do not iron | Do not tumble dry | Do not wash | Spot clean",Back:100% Polyethylene / Face:100% Polyester / Filling Foam:100% Polyethylene / Lining:100% Polyester,"Our full-size duffle bag to carry all your essentials. Features a shoulder strap, a handle to carry your belongings, zipper closures and pockets throughout. Imported.",https://img.abercrombie.com/is/image/anf/KIC_105-6010-00036-900_prod1,1,2026-02-23,https://www.abercrombie.com/shop/wd/p/ypb-duffle-bag-61822338?categoryId=12281&faceout=prod&seq=01&pagefm=navigation-grid&prodvm=navigation-grid
55299823,abercrombie,Abercrombie,YPB Iconic Tote Bag,Bags & Wallets,83.98,,,False,,,"Our active tote bag with interior and exterior pockets throughout to hold your personal items and valuables. Includes top zipper closure, as well as a back trolley pass flap for easy use when traveling. Height: 15 in. Width: 5.5 in. Length: 18 in.; Our active tote bag with interior and exterior pockets throughout to hold your personal items and valuables. Includes top zipper closure, as well as a back trolley pass flap for easy use when traveling. Height: 15 in. Width: 5.5 in. Length: 18 in. | Features: Our active tote bag with interior and exterior pockets throughout to hold your personal items and valuables. Includes top zipper closure, as well as a back trolley pass flap for easy use when traveling. Height: 15 in. Width: 5.5 in. Length: 18 in. Imported. | Lining:100% Polyester / Shell:100% Nylon | Do not bleach | Do not dry clean | Do not iron | Do not tumble dry | Do not wash | Spot clean",Lining:100% Polyester / Shell:100% Nylon,"Our active tote bag with interior and exterior pockets throughout to hold your personal items and valuables. Includes top zipper closure, as well as a back trolley pass flap for easy use when traveling. Height: 15 in. Width: 5.5 in. Length: 18 in. Imported.",https://img.abercrombie.com/is/image/anf/KIC_105-5002-00024-302_prod1,2,2026-02-23,https://www.abercrombie.com/shop/wd/p/ypb-iconic-tote-bag-55299823?categoryId=12281&faceout=prod&seq=08&pagefm=navigation-grid&prodvm=navigation-grid
61407845,abercrombie,Abercrombie,YPB Iconic Tote Bag,Bags & Wallets,83.98,,,False,,,"Our active tote bag with interior and exterior pockets throughout to hold your personal items and valuables. Includes an interior laptop sleeve, top zipper closure, as well as a back trolley pass flap for easy use when traveling. Height: 15 in. Width: 5.5 in. Length: 18 in.; Our active tote bag with interior and exterior pockets throughout to hold your personal items and valuables. Includes an interior laptop sleeve, top zipper closure, as well as a back trolley pass flap for easy use when traveling. Height: 15 in. Width: 5.5 in. Length: 18 in. | Features: Our active tote bag with interior and exterior pockets throughout to hold your personal items and valuables. Includes an interior laptop sleeve, top zipper closure, as well as a back trolley pass flap for easy use when traveling. Height: 15 in. Width: 5.5 in. Length: 18 in. Imported. | Lining:100% Polyester / Shell:100% Nylon | Do not bleach | Do not dry clean | Do not iron | Do not tumble dry | Do not wash | Spot clean",Lining:100% Polyester / Shell:100% Nylon,"Our active tote bag with interior and exterior pockets throughout to hold your personal items and valuables. Includes an interior laptop sleeve, top zipper closure, as well as a back trolley pass flap for easy use when traveling. Height: 15 in. Width: 5.5 in. Length: 18 in. Imported.",https://img.abercrombie.com/is/image/anf/KIC_105-5008-00035-900_prod1,1,2026-02-23,https://www.abercrombie.com/shop/wd/p/ypb-iconic-tote-bag-61407845?categoryId=73468&faceout=prod&seq=01
61822345,abercrombie,Abercrombie,YPB On The Go Tote Bag,Bags & Wallets,69.98,,,False,,,"YPB On The Go Collection: Made to move—easy layers for walks, weekend trips and everything in between. Our active tote bag with interior and exterior pockets throughout to hold your personal items and valuables. Includes top zipper closure, as well as a back trolley pass flap for easy use when traveling. Height: 15 in. Width: 5.5 in. Length: 18 in.; YPB On The Go Collection: Made to move—easy layers for walks, weekend trips and everything in between. Our active tote bag with interior and exterior pockets throughout to hold your personal items and valuables. Includes top zipper closure, as well as a back trolley pass flap for easy use when traveling. Height: 15 in. Width: 5.5 in. Length: 18 in. | Features: YPB On The Go Collection: Made to move—easy layers for walks, weekend trips and everything in between. Our active tote bag with interior and exterior pockets throughout to hold your personal items and valuables. Includes top zipper closure, as well as a back trolley pass flap for easy use when traveling. Height: 15 in. Width: 5.5 in. Length: 18 in. Imported. | Shell And Lining:100% Cotton | Do not bleach | Do not dry clean | Do not iron | Do not tumble dry | Do not wash | Spot clean",Shell And Lining:100% Cotton,"YPB On The Go Collection: Made to move—easy layers for walks, weekend trips and everything in between. Our active tote bag with interior and exterior pockets throughout to hold your personal items and valuables. Includes top zipper closure, as well as a back trolley pass flap for easy use when traveling. Height: 15 in. Width: 5.5 in. Length: 18 in. Imported.",https://img.abercrombie.com/is/image/anf/KIC_105-6005-00037-110_prod1,1,2026-02-23,https://www.abercrombie.com/shop/wd/p/ypb-on-the-go-tote-bag-61822345?categoryId=12281&faceout=prod&seq=01
123587,aritzia,Aritzia,Valet Garment Bag,Valet garment bag,3900,,,False,,,"The Valet Garment Bag from Aritzia is made from 100% cotton and measures 59h x 140d centimeters. Available in Soft Macadamia White, it's easy to care for with a simple wipe using a damp cloth.; Final boarding call This is a tie-closure garment bag designed to store our tailored coats. It comes with a wooden hanger. It’s made with naturally breathable midweight 100% cotton. This material is undyed, meaning the colour comes from the yarn’s natural fibres. Final boarding call Final boarding call This is a tie-closure garment bag designed to store our tailored coats. This is a tie-closure garment bag designed to store our tailored coats. | Features: Dimensions: 59h x 140d centimetres (23 1/4h x 55 1/8d inches) | Handle Drop: 22 centimetres (8 11/16 inches) | Designed to store our tailored coats | Comes with a wooden hanger",Content: 100% cotton,Dimensions: 59h x 140d centimetres (23 1/4h x 55 1/8d inches),https://assets.aritzia.com/image/upload/f24_n08_123587_31770_on_a,1,2026-02-22,https://www.aritzia.com/intl/en/product/valet-garment-bag/123587.html?color=31770
130743,aritzia,Aritzia,Awayday Tote,Awayday tote,12000,,,False,,,"The Awayday Tote from Aritzia is a 100% polypropylene tote bag measuring 17w x 39h x 15d centimeters. Available in Matera Sand/Black, it can be easily cleaned with a damp cloth.; The Amalfi Coast is calling This is a tote bag with exclusive Aritzia branding. It’s made from lightweight raffia-like material and made by hand so that no two are exactly alike. The Amalfi Coast is calling The Amalfi Coast is calling This is a tote bag with exclusive Aritzia branding. This is a tote bag with exclusive Aritzia branding. | Features: Dimensions: 17w x 39h x 15d centimeters (6 11/16w x 15 3/8h x 5 7/8d inches) | Handle Drop: 18 centimetres (7 1/16 inches) | Handmade | Exclusive Aritzia branding",Content: 100% polypropylene,Dimensions: 17w x 39h x 15d centimeters (6 11/16w x 15 3/8h x 5 7/8d inches),https://assets.aritzia.com/image/upload/s26_n08_130743_34586_on_a,2,2026-02-22,https://www.aritzia.com/intl/en/product/awayday-tote/130743.html?color=34586
116025,aritzia,Aritzia,Awayday Tote,Awayday tote,12000,,,False,,,"The Awayday Tote from Aritzia is a 100% polypropylene tote bag measuring 17w x 39h x 15d centimeters. Available in Matera Sand/Matera Sand, it requires dry cleaning.; Pick up The Amalfi Coast is calling. This is a tote bag with exclusive Aritzia branding. It’s made from lightweight raffia-like material and made by hand so that no two are exactly alike. The Amalfi Coast is calling. | Features: Dimensions: 17w x 39h x 15d centimeters (6 11/16w x 15 3/8h x 5 7/8d inches) | Handle Drop: 18 centimetres (7 1/16 inches) | Model is 5'10""/177cm wearing a size 2XS | Handmade | Exclusive Aritzia branding",Content: 100% polypropylene,Dimensions: 17w x 39h x 15d centimeters (6 11/16w x 15 3/8h x 5 7/8d inches),https://assets.aritzia.com/image/upload/s25_n08_116025_34584_on_a,2,2026-02-22,https://www.aritzia.com/intl/en/product/awayday-tote/116025.html?color=34584
120491,aritzia,Tna,Berra Backpack,Berra backpack,4000,10000,,True,,,"Nylon twill water-repellent backpack; Your commute just got a little cooler This is a structured backpack with a main zip closure, outer zippered pocket and interior drop pocket for a little extra organization. It's crafted with soft, water-repellent nylon twill. Please note, this item is final sale Your commute just got a little cooler Your commute just got a little cooler This is a structured backpack with a main zip closure, outer zippered pocket and interior drop pocket for a little extra organization. This is a structured backpack with a main zip closure, outer zippered pocket and interior drop pocket for a little extra organization. Please note, this item is final sale Please note, this item is final sale Please note, this item is final sale. | Features: Dimensions: 27w x 43l x 15d centimetres (10 5/8w x 16 15/16l x 5 7/8d inches) | Model is 5' 8.5""/173.99cm wearing a size 2XS | Main zippered pocket | Front zippered pocket | Interior drop pocket | Adjustable shoulder straps",Content: 100% nylon; Lining: 100% polyester,Dimensions: 27w x 43l x 15d centimetres (10 5/8w x 16 15/16l x 5 7/8d inches),https://assets.aritzia.com/image/upload/f24_n08_120491_1274_on_a,2,2026-02-22,https://www.aritzia.com/intl/en/product/berra-backpack/120491.html?color=1274
122201,aritzia,The Super Puff™,The Super Puff™ Tote Bag - Hi-Gloss,The super puff%E2%84%A2 tote bag,9100,13000,,True,,,Hi-Gloss French satin puffer tote bag; Super haul-it-all. For when your groceries and things get a little chilly. The Super Puff™ Tote Bag is constructed with a lightweight synthetic fill and is made with Hi-Gloss — water-repellent and wind-resistant taffeta from France with a glossy finish and a soft feel. | Features: Handle Drop: 31.5 centimetres (12 3/8 inches) | Fabric from an innovative French mill | Water-repellent and wind-resistant fabric | Interior slip pocket | Downproof construction | Zip closure on main compartment | Interior pocket with zip closure for secure storage | Exclusive Super Puff branding,Origin: Fabric from France | Content: 100% polyamide,Handle Drop: 31.5 centimetres (12 3/8 inches),https://assets.aritzia.com/image/upload/f25_n08_122201_1274_on_a,1,2026-02-22,https://www.aritzia.com/intl/en/product/the-super-puff%E2%84%A2-tote-bag/122201.html?color=1274
124758,aritzia,Aritzia,Valet Multi Garment Bag,Valet multi garment bag,4900,,,False,,,"Gusseted 100% cotton garment bag; You deserve pristine This is a gusseted garment bag designed to store multiple garments. It’s made with naturally breathable midweight 100% cotton. This material is undyed, meaning the colour comes from the yarn’s natural fibres. You deserve pristine You deserve pristine This is a gusseted garment bag designed to store multiple garments. This is a gusseted garment bag designed to store multiple garments. | Features: Dimensions: 144h x 59w x 7.5d centimetres (56 11/16h x 23 1/4w x 2 15/16d inches) | Handle Drop: 18 centimetres (7 1/16 inches) | Tie closure | Comes with a wooden hanger | Specifically designed to store our tailored coats",Content: 100% cotton,Dimensions: 144h x 59w x 7.5d centimetres (56 11/16h x 23 1/4w x 2 15/16d inches),https://assets.aritzia.com/image/upload/f24_n08_124758_31770_on_a,1,2026-02-22,https://www.aritzia.com/intl/en/product/valet-multi-garment-bag/124758.html?color=31770
1169519002,gap,Gap,Kibou Mini Vegan Leather Wallet Belt Bag,,46.0,79.95,,True,0,0,"A bag designed for your essentials, the Mini is made with you in mind, your style, your stuff, your peace of mind. Get creative with what you can carry along with these functional, simplified, perfectly sized mini fanny pack. Compliant with the highest safety standards (California Prop 65). Durable, easily cleanable vegan leather and nylon exterior. Wipeable and stain-resistant recycled nylon lining.","Vegan Leather, Recycled Nylon, Nylon",One Size,https://www.gap.com/webcontent/0056/007/513/cn56007513.jpg,1,2026-02-22,https://www.gap.com/browse/product.do?pid=1169519002&vid=1&pcid=3046544&cid=3046544
1169516002,gap,Gap,Kibou Mini Vegan Leather Wallet Belt Bag,,46.0,,,False,0,0,"A bag designed for your essentials, the Mini is made with you in mind, your style, your stuff, your peace of mind. Get creative with what you can carry along with these functional, simplified, perfectly sized mini fanny pack. Compliant with the highest safety standards (California Prop 65). Durable, easily cleanable vegan leather and nylon exterior. Wipeable and stain-resistant recycled nylon lining.","Vegan Leather, Recycled Nylon, Nylon",One Size,https://www.gap.com/webcontent/0056/004/074/cn56004074.jpg,1,2026-02-22,https://www.gap.com/browse/product.do?pid=1169516002&vid=1&pcid=3046544&cid=3046544
1169515002,gap,Gap,Kibou Mini Nylon Wallet Belt Bag,,46.0,79.95,,True,0,,"A bag designed for your essentials, the Mini is made with you in mind, your style, your stuff, your peace of mind. Get creative with what you can carry along with these functional, simplified, perfectly sized mini fanny pack. Compliant with the highest safety standards (California Prop 65). Durable, easily cleanable nylon exterior. Wipeable and stain-resistant recycled nylon lining.","Recycled Nylon, Nylon",One Size,https://www.gap.com/webcontent/0056/003/302/cn56003302.jpg,1,2026-02-22,https://www.gap.com/browse/product.do?pid=1169515002&vid=1&pcid=3046544&cid=3046544
1169518002,gap,Gap,Kibou Mini Vegan Leather Wallet Belt Bag,,46.0,,,False,0,95,"A bag designed for your essentials, the Mini is made with you in mind, your style, your stuff, your peace of mind. Get creative with what you can carry along with these functional, simplified, perfectly sized mini fanny pack. Compliant with the highest safety standards (California Prop 65). Durable, easily cleanable vegan leather and nylon exterior. Wipeable and stain-resistant recycled nylon lining.","Vegan Leather, Recycled Nylon, Nylon",One Size,https://www.gap.com/webcontent/0056/007/473/cn56007473.jpg,1,2026-02-22,https://www.gap.com/browse/product.do?pid=1169518002&vid=1&pcid=3046544&cid=3046544
1173109002,gap,Gap,STATE Rockaway Duffle,,24.95,145.0,,True,0,,"Perfect for after-school activities, sleepovers, and weekend getaways. Designed with two handles and an adjustable crossbody strap for easy carrying. Detachable pouches for shoes and dirty clothes and interior pockets to keep everything organized. Made from recycled materials. For every bag sold, STATE donates a percentage of the proceeds to American families in need.",Recycled Materials,One Size,https://www.gap.com/webcontent/0059/975/498/cn59975498.jpg,2,2026-02-22,https://www.gap.com/browse/product.do?pid=1173109002&vid=1&pcid=3046567&cid=3046567
1172319002,gap,Gap,STATE Kane Mini Backpack,,39.95,88.0,,True,0,0,"Recommended for little adventurers ages 2-4. The Kane Mini Backpack has a compact design with just enough space for the essentials. Perfect for preschool or their very first big trip! Let their personalities shine with designs just as unique as they are. 45% of this bag is made from recycled materials. For every bag sold, STATE donates a percentage of the proceeds to American families in need. STATE is the family bag company that’s carrying everyone, everywhere, through the journey of life with open hands.",Recycled Materials,One Size,https://www.gap.com/webcontent/0059/912/755/cn59912755.jpg,1,2026-02-22,https://www.gap.com/browse/product.do?pid=1172319002&vid=1&pcid=3046567&cid=3046567
1173111002,gap,Gap,STATE Rockaway Duffle,,24.95,145.0,,True,0,0,"Perfect for after-school activities, sleepovers, and weekend getaways. Designed with two handles and an adjustable crossbody strap for easy carrying. Detachable pouches for shoes and dirty clothes and interior pockets to keep everything organized. Made from recycled materials. For every bag sold, STATE donates a percentage of the proceeds to American families in need.",Recycled Materials,One Size,https://www.gap.com/webcontent/0059/975/526/cn59975526.jpg,2,2026-02-22,https://www.gap.com/browse/product.do?pid=1173111002&vid=1&pcid=3046590&cid=3046590
1169520002,gap,Gap,Kibou Mini Vegan Leather Wallet Belt Bag,,46.0,79.95,,True,0,0,"A bag designed for your essentials, the Mini is made with you in mind, your style, your stuff, your peace of mind. Get creative with what you can carry along with these functional, simplified, perfectly sized mini fanny pack. Compliant with the highest safety standards (California Prop 65). Durable, easily cleanable vegan leather and nylon exterior. Wipeable and stain-resistant recycled nylon lining.","Vegan Leather, Recycled Nylon, Nylon",One Size,https://www.gap.com/webcontent/0056/007/547/cn56007547.jpg,1,2026-02-22,https://www.gap.com/browse/product.do?pid=1169520002&vid=1&pcid=3046544&cid=3046544
1170746002,gap,Gap,Kibou Kids Belt Bag,,32.0,39.95,,True,0,,"Perfect for your little adventurer. Our very first kid-sized bags, designed for independence and hands-free fun. One spacious pocket designed to hold essentials. Hook to hold house keys, hair ties, Air Tag, or other small necessities. Kid, pet, and baby-friendly, compliant with the highest safety standards (California Prop 65). Easy to wipe clean, durable exterior and interior.",,One Size,https://www.gap.com/webcontent/0057/843/058/cn57843058.jpg,1,2026-02-22,https://www.gap.com/browse/product.do?pid=1170746002&vid=1&pcid=3046567&cid=3046567
1170747002,gap,Gap,Kibou Kids Belt Bag,,32.0,34.95,,True,0,,"Perfect for your little adventurer. Our very first kid-sized bags, designed for independence and hands-free fun. One spacious pocket designed to hold essentials. Separate wallet zipper pocket with slots for cards and cash, and plenty of room for coins or other small keepsakes. Brightly colored nylon lining to make it easy to spot items inside. Hook to hold house keys, hair ties, Air Tags, or other small necessities. Kid, pet, and baby-friendly, compliant with the highest safety standards (California Prop 65). Easy to wipe clean, durable exterior and interior.",Nylon,One Size,https://www.gap.com/webcontent/0057/843/029/cn57843029.jpg,1,2026-02-22,https://www.gap.com/browse/product.do?pid=1170747002&vid=1&pcid=3046567&cid=3046567
1174308002,gap,Gap,Little Words Project Bag Charm,,24.0,26.0,,True,0,95,So spicy you can't look away! Attach this Hot Sauce Bag Charm to your bag in honor of your favorite hot condiment.,,One Size,https://www.gap.com/webcontent/0060/498/468/cn60498468.jpg,1,2026-02-22,https://www.gap.com/browse/product.do?pid=1174308002&vid=1&pcid=3046544&cid=3046544
1173114002,gap,Gap,STATE Kane Backpack,,39.95,98.0,,True,0,,"STATE's signature backpack recommended for kindergarten to third grade. The Kane Backpack fits folders and up to one 2” binder or textbook. Perfect for school, travel, and every adventure in between, this best-selling kids' backpack is as fun as it is functional. 45% of this bag is made from recycled materials. For every bag sold, STATE donates a percentage of the proceeds to American families in need.",Recycled Materials,One Size,https://www.gap.com/webcontent/0059/975/575/cn59975575.jpg,2,2026-02-22,https://www.gap.com/browse/product.do?pid=1173114002&vid=1&pcid=3046590&cid=3046590
1173113002,gap,Gap,STATE Kane Backpack,,39.95,98.0,,True,0,0,"STATE's signature backpack recommended for kindergarten to third grade. The Kane Backpack fits folders and up to one 2” binder or textbook. Perfect for school, travel, and every adventure in between, this best-selling kids' backpack is as fun as it is functional. 45% of this bag is made from recycled materials. For every bag sold, STATE donates a percentage of the proceeds to American families in need.",Recycled Materials,One Size,https://www.gap.com/webcontent/0059/974/695/cn59974695.jpg,2,2026-02-22,https://www.gap.com/browse/product.do?pid=1173113002&vid=1&pcid=3046567&cid=3046567
1173122002,gap,Gap,STATE Bensen Toiletry Kit,,16.95,68.0,,True,0,0,"STATE's award winning, collapsible hanging toiletry kit. Thoughtfully designed with a place for every item you need. Made from recycled materials.",Recycled Materials,One Size,https://www.gap.com/webcontent/0059/974/883/cn59974883.jpg,1,2026-02-22,https://www.gap.com/browse/product.do?pid=1173122002&vid=1&pcid=3046567&cid=3046567
1175311002,gap,Gap,Shiraleah Leo Tote,,92.0,118.0,,True,0,0,"Add a fierce finishing touch to your everyday look. This structured tote features a bold leopard print and chic double handles for easy grab-and-go style. A magnetic snap closure keeps your essentials secure. The inner zip pocket and two slip pockets help you stay organized. Gold-tone handle D-rings add an elevated detail and make it easy to customize with your favorite charms. Does not come with Bag Charm, sold separately.",,One Size,https://www.gap.com/webcontent/0060/830/097/cn60830097.jpg,1,2026-02-22,https://www.gap.com/browse/product.do?pid=1175311002&vid=1&pcid=3046544&cid=3051538
1175312002,gap,Gap,Shiraleah Helmet Bag Charm,,22.0,42.0,,True,0,0,"Cheer on your team in style with the Helmet Bag Charm and Key Ring. This fun, helmet-shaped pouch features a top zip closure to stash small essentials, and comes with a key ring and clasp hook so you can attach it to any bag or set of keys. The bold “Game Day” lettering and matching tassel cord give it extra spirit and flair. Whether you're tailgating or just running errands, this charm brings major game day energy. Shiraleah is a trend-driven lifestyle brand focusing on the little things that make life special.",,One Size,https://www.gap.com/webcontent/0060/758/262/cn60758262.jpg,8,2026-02-22,https://www.gap.com/browse/product.do?pid=1175312002&vid=1&pcid=3046544&cid=3046544
1175310012,gap,Gap,Shiraleah Taylor Mini Wristlet,,40.0,40.0,,False,0,0,"Keep essentials close when you need a compact bag. It’s perfect for stadium regulations and statement looks. This compact cutie features two interchangeable pouches—one sleek and solid, the other clear—attached to a wide printed wrist strap that brings all the Game Day vibes. Just clip it on, load it up, and let your hands stay free while you cheer, snack, or snap pics. Shiraleah is a trend-driven lifestyle brand focusing on the little things that make life special.",,One Size,https://www.gap.com/webcontent/0060/739/113/cn60739113.jpg,2,2026-02-22,https://www.gap.com/browse/product.do?pid=1175310012&vid=1&pcid=3046544&cid=3046544
1175310002,gap,Gap,Shiraleah Taylor Mini Wristlet,,40.0,40.0,,False,0,0,"Keep essentials close when you need a compact bag. It’s perfect for stadium regulations and statement looks. This compact cutie features two interchangeable pouches—one sleek and solid, the other clear—attached to a wide printed wrist strap that brings all the Game Day vibes. Just clip it on, load it up, and let your hands stay free while you cheer, snack, or snap pics. Shiraleah is a trend-driven lifestyle brand focusing on the little things that make life special.",,One Size,https://www.gap.com/webcontent/0060/739/553/cn60739553.jpg,2,2026-02-22,https://www.gap.com/browse/product.do?pid=1175310002&vid=1&pcid=3046544&cid=3051539
1175312042,gap,Gap,Shiraleah Helmet Bag Charm,,22.0,112.0,,True,0,0,"Cheer on your team in style with the Helmet Bag Charm and Key Ring. This fun, helmet-shaped pouch features a top zip closure to stash small essentials, and comes with a key ring and clasp hook so you can attach it to any bag or set of keys. The bold “Game Day” lettering and matching tassel cord give it extra spirit and flair. Whether you're tailgating or just running errands, this charm brings major game day energy. Shiraleah is a trend-driven lifestyle brand focusing on the little things that make life special.",,One Size,https://www.gap.com/webcontent/0060/758/282/cn60758282.jpg,8,2026-02-22,https://www.gap.com/browse/product.do?pid=1175312042&vid=1&pcid=3046544&cid=3046544
1175312012,gap,Gap,Shiraleah Helmet Bag Charm,,22.0,32.0,,True,0,0,"Cheer on your team in style with the Helmet Bag Charm and Key Ring. This fun, helmet-shaped pouch features a top zip closure to stash small essentials, and comes with a key ring and clasp hook so you can attach it to any bag or set of keys. The bold “Game Day” lettering and matching tassel cord give it extra spirit and flair. Whether you're tailgating or just running errands, this charm brings major game day energy. Shiraleah is a trend-driven lifestyle brand focusing on the little things that make life special.",,One Size,https://www.gap.com/webcontent/0060/758/275/cn60758275.jpg,8,2026-02-22,https://www.gap.com/browse/product.do?pid=1175312012&vid=1&pcid=3046544&cid=3046544
1175312022,gap,Gap,Shiraleah Helmet Bag Charm,,22.0,32.0,,True,0,0,"Cheer on your team in style with the Helmet Bag Charm and Key Ring. This fun, helmet-shaped pouch features a top zip closure to stash small essentials, and comes with a key ring and clasp hook so you can attach it to any bag or set of keys. The bold “Game Day” lettering and matching tassel cord give it extra spirit and flair. Whether you're tailgating or just running errands, this charm brings major game day energy. Shiraleah is a trend-driven lifestyle brand focusing on the little things that make life special.",,One Size,https://www.gap.com/webcontent/0060/758/201/cn60758201.jpg,8,2026-02-22,https://www.gap.com/browse/product.do?pid=1175312022&vid=1&pcid=3046544&cid=3046544
1175312032,gap,Gap,Shiraleah Helmet Bag Charm,,22.0,32.0,,True,0,0,"Cheer on your team in style with the Helmet Bag Charm and Key Ring. This fun, helmet-shaped pouch features a top zip closure to stash small essentials, and comes with a key ring and clasp hook so you can attach it to any bag or set of keys. The bold “Game Day” lettering and matching tassel cord give it extra spirit and flair. Whether you're tailgating or just running errands, this charm brings major game day energy. Shiraleah is a trend-driven lifestyle brand focusing on the little things that make life special.",,One Size,https://www.gap.com/webcontent/0060/758/382/cn60758382.jpg,8,2026-02-22,https://www.gap.com/browse/product.do?pid=1175312032&vid=1&pcid=3046544&cid=3051539
1175312052,gap,Gap,Shiraleah Helmet Bag Charm,,22.0,32.0,,True,0,0,"Cheer on your team in style with the Helmet Bag Charm and Key Ring. This fun, helmet-shaped pouch features a top zip closure to stash small essentials, and comes with a key ring and clasp hook so you can attach it to any bag or set of keys. The bold “Game Day” lettering and matching tassel cord give it extra spirit and flair. Whether you're tailgating or just running errands, this charm brings major game day energy. Shiraleah is a trend-driven lifestyle brand focusing on the little things that make life special.",,One Size,https://www.gap.com/webcontent/0060/758/214/cn60758214.jpg,8,2026-02-22,https://www.gap.com/browse/product.do?pid=1175312052&vid=1&pcid=3046544&cid=3046544
1175312072,gap,Gap,Shiraleah Helmet Bag Charm,,22.0,32.0,,True,0,0,"Cheer on your team in style with the Helmet Bag Charm and Key Ring. This fun, helmet-shaped pouch features a top zip closure to stash small essentials, and comes with a key ring and clasp hook so you can attach it to any bag or set of keys. The bold “Game Day” lettering and matching tassel cord give it extra spirit and flair. Whether you're tailgating or just running errands, this charm brings major game day energy. Shiraleah is a trend-driven lifestyle brand focusing on the little things that make life special.",,One Size,https://www.gap.com/webcontent/0060/739/203/cn60739203.jpg,8,2026-02-22,https://www.gap.com/browse/product.do?pid=1175312072&vid=1&pcid=3046544&cid=3046544
1175312062,gap,Gap,Shiraleah Helmet Bag Charm,,22.0,32.0,,True,0,0,"Cheer on your team in style with the Helmet Bag Charm and Key Ring. This fun, helmet-shaped pouch features a top zip closure to stash small essentials, and comes with a key ring and clasp hook so you can attach it to any bag or set of keys. The bold “Game Day” lettering and matching tassel cord give it extra spirit and flair. Whether you're tailgating or just running errands, this charm brings major game day energy. Shiraleah is a trend-driven lifestyle brand focusing on the little things that make life special.",,One Size,https://www.gap.com/webcontent/0060/758/393/cn60758393.jpg,8,2026-02-22,https://www.gap.com/browse/product.do?pid=1175312062&vid=1&pcid=3046544&cid=3046544
1175313002,gap,Gap,Shiraleah Starlet Bag Charm,,32.0,103.0,,True,0,0,"Add a pop of personality to your keys or bag with the Starlet Bag Charm/Key Ring. Featuring a woven paracord knot in bold colors and a trio of gold-tone star charms, this playful accessory brings instant flair wherever it hangs. It’s finished with both a key ring and a clasp hook, so you can clip it onto totes, backpacks, or wherever you need a little sparkle. Durable, lightweight, and totally eye-catching—it’s your everyday essential turned statement piece. Shiraleah is a trend-driven lifestyle brand focusing on the little things that make life special.",,One Size,https://www.gap.com/webcontent/0060/739/259/cn60739259.jpg,2,2026-02-22,https://www.gap.com/browse/product.do?pid=1175313002&vid=1&pcid=3046544&cid=3046544
1175317002,gap,Gap,Shiraleah Vallerie Bag Charm,,42.0,112.0,,True,0,0,"Say hello to the mini accessory that’s making a major statement. Styled like a tiny handbag, this charm adds instant personality to your tote, keys, or weekender. Made from pebbled vegan leather or luxe printed fabric, it’s finished with gold hardware and a functional zippered pocket for tiny must-haves. Clip it on and let your bag have its own bag (because why not?). Shiraleah is a trend-driven lifestyle brand focusing on the little things that make life special.",", it’s finished with gold hardware and a functional zippered pocket for tiny must-haves. Clip it on and let your bag have its own bag (because why not?). Shiraleah is a trend-driven lifestyle brand focusing on the little things that make life special.",One Size,https://www.gap.com/webcontent/0060/758/342/cn60758342.jpg,3,2026-02-22,https://www.gap.com/browse/product.do?pid=1175317002&vid=1&pcid=3046544&cid=3046544
1175314012,gap,Gap,Shiraleah Lipstick Holder Bag Charm,,26.0,32.0,,True,0,0,"Add a little glam to your everyday routine with the Lipstick Holder Bag Charm. This sleek cylindrical pouch is just the right size to stash your favorite lip product, with a zip closure that keeps it safe and secure. Featuring a chic faux leather finish and gold hardware, it clips easily onto your keys, tote, or backpack for stylish convenience. Shiraleah is a trend-driven lifestyle brand focusing on the little things that make life special.",Faux Leather,One Size,https://www.gap.com/webcontent/0060/742/153/cn60742153.jpg,1,2026-02-22,https://www.gap.com/browse/product.do?pid=1175314012&vid=1&pcid=3046544&cid=3051539
1175313012,gap,Gap,Shiraleah Starlet Bag Charm,,32.0,32.0,,False,0,0,"Add a pop of personality to your keys or bag with the Starlet Bag Charm/Key Ring. Featuring a woven paracord knot in bold colors and a trio of gold-tone star charms, this playful accessory brings instant flair wherever it hangs. It’s finished with both a key ring and a clasp hook, so you can clip it onto totes, backpacks, or wherever you need a little sparkle. Durable, lightweight, and totally eye-catching—it’s your everyday essential turned statement piece. Shiraleah is a trend-driven lifestyle brand focusing on the little things that make life special.",,One Size,https://www.gap.com/webcontent/0060/739/173/cn60739173.jpg,2,2026-02-22,https://www.gap.com/browse/product.do?pid=1175313012&vid=1&pcid=3046544&cid=3051539
1175317022,gap,Gap,Shiraleah Vallerie Bag Charm,,42.0,42.0,,False,0,0,"Say hello to the mini accessory that’s making a major statement. Styled like a tiny handbag, this charm adds instant personality to your tote, keys, or weekender. Made from pebbled vegan leather or luxe printed fabric, it’s finished with gold hardware and a functional zippered pocket for tiny must-haves. Clip it on and let your bag have its own bag (because why not?). Shiraleah is a trend-driven lifestyle brand focusing on the little things that make life special.",", it’s finished with gold hardware and a functional zippered pocket for tiny must-haves. Clip it on and let your bag have its own bag (because why not?). Shiraleah is a trend-driven lifestyle brand focusing on the little things that make life special.",One Size,https://www.gap.com/webcontent/0060/742/171/cn60742171.jpg,3,2026-02-22,https://www.gap.com/browse/product.do?pid=1175317022&vid=1&pcid=3046544&cid=3046544
1175317032,gap,Gap,Shiraleah Vallerie Bag Charm,,42.0,42.0,,False,0,0,"Say hello to the mini accessory that’s making a major statement. Styled like a tiny handbag, this charm adds instant personality to your tote, keys, or weekender. Made from pebbled vegan leather or luxe printed fabric, it’s finished with gold hardware and a functional zippered pocket for tiny must-haves. Clip it on and let your bag have its own bag (because why not?). Shiraleah is a trend-driven lifestyle brand focusing on the little things that make life special.",", it’s finished with gold hardware and a functional zippered pocket for tiny must-haves. Clip it on and let your bag have its own bag (because why not?). Shiraleah is a trend-driven lifestyle brand focusing on the little things that make life special.",One Size,https://www.gap.com/webcontent/0060/740/211/cn60740211.jpg,3,2026-02-22,https://www.gap.com/browse/product.do?pid=1175317032&vid=1&pcid=3046544&cid=3046544
1175318012,gap,Gap,Shiraleah Football Bag Charm,,26.0,32.0,,True,0,0,"Show your team spirit with the ultimate sporty-chic accessory for game day and beyond. Shaped like a mini football, this faux-leather charm features a top zip closure to hold small essentials like coins or earbuds. It comes complete with a key ring and clasp hook, making it easy to attach to your favorite bag, belt loop, or keys. Finished with a braided tassel in your team’s colors, it's a playful nod to your football fandom. Shiraleah is a trend-driven lifestyle brand focusing on the little things that make life special.",,One Size,https://www.gap.com/webcontent/0060/741/557/cn60741557.jpg,8,2026-02-22,https://www.gap.com/browse/product.do?pid=1175318012&vid=1&pcid=3046544&cid=3051539
1175318022,gap,Gap,Shiraleah Football Bag Charm,,26.0,42.0,,True,0,0,"Show your team spirit with the ultimate sporty-chic accessory for game day and beyond. Shaped like a mini football, this faux-leather charm features a top zip closure to hold small essentials like coins or earbuds. It comes complete with a key ring and clasp hook, making it easy to attach to your favorite bag, belt loop, or keys. Finished with a braided tassel in your team’s colors, it's a playful nod to your football fandom. Shiraleah is a trend-driven lifestyle brand focusing on the little things that make life special.",,One Size,https://www.gap.com/webcontent/0060/741/441/cn60741441.jpg,8,2026-02-22,https://www.gap.com/browse/product.do?pid=1175318022&vid=1&pcid=3046544&cid=3046544
1175318032,gap,Gap,Shiraleah Football Bag Charm,,26.0,26.0,,False,0,0,"Show your team spirit with the ultimate sporty-chic accessory for game day and beyond. Shaped like a mini football, this faux-leather charm features a top zip closure to hold small essentials like coins or earbuds. It comes complete with a key ring and clasp hook, making it easy to attach to your favorite bag, belt loop, or keys. Finished with a braided tassel in your team’s colors, it's a playful nod to your football fandom. Shiraleah is a trend-driven lifestyle brand focusing on the little things that make life special.",,One Size,https://www.gap.com/webcontent/0060/741/499/cn60741499.jpg,8,2026-02-22,https://www.gap.com/browse/product.do?pid=1175318032&vid=1&pcid=3046544&cid=3046544
1175318002,gap,Gap,Shiraleah Football Bag Charm,,26.0,112.0,,True,0,0,"Show your team spirit with the ultimate sporty-chic accessory for game day and beyond. Shaped like a mini football, this faux-leather charm features a top zip closure to hold small essentials like coins or earbuds. It comes complete with a key ring and clasp hook, making it easy to attach to your favorite bag, belt loop, or keys. Finished with a braided tassel in your team’s colors, it's a playful nod to your football fandom. Shiraleah is a trend-driven lifestyle brand focusing on the little things that make life special.",,One Size,https://www.gap.com/webcontent/0060/758/364/cn60758364.jpg,8,2026-02-22,https://www.gap.com/browse/product.do?pid=1175318002&vid=1&pcid=3046544&cid=3046544
1175318042,gap,Gap,Shiraleah Football Bag Charm,,26.0,42.0,,True,0,0,"Show your team spirit with the ultimate sporty-chic accessory for game day and beyond. Shaped like a mini football, this faux-leather charm features a top zip closure to hold small essentials like coins or earbuds. It comes complete with a key ring and clasp hook, making it easy to attach to your favorite bag, belt loop, or keys. Finished with a braided tassel in your team’s colors, it's a playful nod to your football fandom. Shiraleah is a trend-driven lifestyle brand focusing on the little things that make life special.",,One Size,https://www.gap.com/webcontent/0060/741/406/cn60741406.jpg,8,2026-02-22,https://www.gap.com/browse/product.do?pid=1175318042&vid=1&pcid=3046544&cid=3046544
1175318052,gap,Gap,Shiraleah Football Bag Charm,,26.0,26.0,,False,0,0,"Show your team spirit with the ultimate sporty-chic accessory for game day and beyond. Shaped like a mini football, this faux-leather charm features a top zip closure to hold small essentials like coins or earbuds. It comes complete with a key ring and clasp hook, making it easy to attach to your favorite bag, belt loop, or keys. Finished with a braided tassel in your team’s colors, it's a playful nod to your football fandom. Shiraleah is a trend-driven lifestyle brand focusing on the little things that make life special.",,One Size,https://www.gap.com/webcontent/0060/741/473/cn60741473.jpg,8,2026-02-22,https://www.gap.com/browse/product.do?pid=1175318052&vid=1&pcid=3046544&cid=3046544
1175992002,gap,Gap,STATE Wellington Weekender,,195.0,230.0,,True,0,,"Perfect for overnight stays, long weekends, and everything in between, we've thought of everything with this duffle style weekender including a padded laptop pocket, interior organization, detachable pouches, and a hidden travel sleeve—it holds everything you need and keeps you feeling and looking put together wherever you go. 45% of this bag is made from recycled materials. For every bag sold, STATE donates a percentage of the proceeds to American families in need. STATE is the family bag company that’s carrying everyone, everywhere, through the journey of life with open hands.",Recycled Materials,One Size,https://www.gap.com/webcontent/0061/017/157/cn61017157.jpg,2,2026-02-22,https://www.gap.com/browse/product.do?pid=1175992002&vid=1&pcid=3046544&cid=3051538
1175318062,gap,Gap,Shiraleah Football Bag Charm,,26.0,40.0,,True,0,0,"Show your team spirit with the ultimate sporty-chic accessory for game day and beyond. Shaped like a mini football, this faux-leather charm features a top zip closure to hold small essentials like coins or earbuds. It comes complete with a key ring and clasp hook, making it easy to attach to your favorite bag, belt loop, or keys. Finished with a braided tassel in your team’s colors, it's a playful nod to your football fandom. Shiraleah is a trend-driven lifestyle brand focusing on the little things that make life special.",,One Size,https://www.gap.com/webcontent/0060/741/427/cn60741427.jpg,8,2026-02-22,https://www.gap.com/browse/product.do?pid=1175318062&vid=1&pcid=3046544&cid=3051539
1175318072,gap,Gap,Shiraleah Football Bag Charm,,26.0,42.0,,True,0,0,"Show your team spirit with the ultimate sporty-chic accessory for game day and beyond. Shaped like a mini football, this faux-leather charm features a top zip closure to hold small essentials like coins or earbuds. It comes complete with a key ring and clasp hook, making it easy to attach to your favorite bag, belt loop, or keys. Finished with a braided tassel in your team’s colors, it's a playful nod to your football fandom. Shiraleah is a trend-driven lifestyle brand focusing on the little things that make life special.",,One Size,https://www.gap.com/webcontent/0060/741/455/cn60741455.jpg,8,2026-02-22,https://www.gap.com/browse/product.do?pid=1175318072&vid=1&pcid=3046544&cid=3051539
1175994002,gap,Gap,STATE Sunny Fanny Pack,,34.95,60.0,,True,0,,"The little adventurer's perfect sidekick for their big adventures. For every bag sold, we donate a percentage of the proceeds to American families in need. STATE is the family bag company that’s carrying everyone, everywhere, through the journey of life with open hands.",,One Size,https://www.gap.com/webcontent/0061/017/585/cn61017585.jpg,1,2026-02-22,https://www.gap.com/browse/product.do?pid=1175994002&vid=1&pcid=3046590&cid=3046590
1175993002,gap,Gap,STATE Sunny Fanny Pack,,34.95,60.0,,True,0,,"The little adventurer's perfect sidekick for their big adventures. For every bag sold, we donate a percentage of the proceeds to American families in need. STATE is the family bag company that’s carrying everyone, everywhere, through the journey of life with open hands.",,One Size,https://www.gap.com/webcontent/0061/017/150/cn61017150.jpg,1,2026-02-22,https://www.gap.com/browse/product.do?pid=1175993002&vid=1&pcid=3046567&cid=3046567
1176253002,gap,Gap,STATE Logan Carry-On Suitcase,,230.0,230.0,,False,0,0,"Keep travel fun for your kid and functional for you. The Logan Carry-On features smooth, 360° spinner wheels, a kid-friendly adjustable handle, and thoughtful functionality designed to keep everything in place—plus a bold, stand-out design that is just as unique as your kid. 45% of this bag is made from recycled materials. For every bag sold, State donates a percentage of the proceeds to American families in need. STATE is the family bag company that’s carrying everyone, everywhere, through the journey of life with open hands.",Recycled Materials,One Size,https://www.gap.com/webcontent/0061/036/151/cn61036151.jpg,2,2026-02-22,https://www.gap.com/browse/product.do?pid=1176253002&vid=1&pcid=3046567&cid=3046567
1176008002,gap,Gap,STATE Bensen Toiletry Kit,,34.95,65.0,,True,0,,"STATE's award winning, collapsible hanging toiletry kit. Thoughtfully designed with a place for every item you need. Made from recycled materials. STATE is the family bag company that’s carrying everyone, everywhere, through the journey of life with open hands.",". STATE is the family bag company that’s carrying everyone, everywhere, through the journey of life with open hands.",One Size,https://www.gap.com/webcontent/0061/019/479/cn61019479.jpg,1,2026-02-22,https://www.gap.com/browse/product.do?pid=1176008002&vid=1&pcid=3046590&cid=3046590
1176009002,gap,Gap,STATE Clinton Kids Case,,28.0,34.95,,True,0,,"A pencil case with backpack-like design. Fits writing essentials or handy school items. 45% of this bag is made from recycled materials. STATE is the family bag company that’s carrying everyone, everywhere, through the journey of life with open hands.",". STATE is the family bag company that’s carrying everyone, everywhere, through the journey of life with open hands.",One Size,https://www.gap.com/webcontent/0061/019/504/cn61019504.jpg,1,2026-02-22,https://www.gap.com/browse/product.do?pid=1176009002&vid=1&pcid=3046567&cid=3046567
1176123002,gap,Gap,STATE Rockaway Duffle,,79.95,145.0,,True,0,,"Perfect for after-school activities, sleepovers, and weekend getaways. Designed with two handles and an adjustable crossbody strap for easy carrying. Detachable pouches for shoes and dirty clothes and interior pockets to keep everything organized. Made from recycled materials. For every bag sold, STATE donates a percentage of the proceeds to American families in need.",Recycled Materials,One Size,https://www.gap.com/webcontent/0061/037/143/cn61037143.jpg,1,2026-02-22,https://www.gap.com/browse/product.do?pid=1176123002&vid=1&pcid=3046590&cid=3046590
1176252002,gap,Gap,STATE Logan Carry-On Suitcase,,225.0,230.0,,True,0,0,"Keep travel fun for your kid and functional for you. The Logan Carry-On features smooth, 360° spinner wheels, a kid-friendly adjustable handle, and thoughtful functionality designed to keep everything in place—plus a bold, stand-out design that is just as unique as your kid. 45% of this bag is made from recycled materials. For every bag sold, State donates a percentage of the proceeds to American families in need. STATE is the family bag company that’s carrying everyone, everywhere, through the journey of life with open hands.",Recycled Materials,One Size,https://www.gap.com/webcontent/0061/037/168/cn61037168.jpg,3,2026-02-22,https://www.gap.com/browse/product.do?pid=1176252002&vid=1&pcid=3046590&cid=3046590
1176124002,gap,Gap,STATE Rockaway Duffle,,24.95,145.0,,True,0,0,"Perfect for after-school activities, sleepovers, and weekend getaways. Designed with two handles and an adjustable crossbody strap for easy carrying. Detachable pouches for shoes and dirty clothes and interior pockets to keep everything organized. Made from recycled materials. For every bag sold, STATE donates a percentage of the proceeds to American families in need.",Recycled Materials,One Size,https://www.gap.com/webcontent/0061/035/621/cn61035621.jpg,1,2026-02-22,https://www.gap.com/browse/product.do?pid=1176124002&vid=1&pcid=3046567&cid=3046567
1175997002,gap,Gap,STATE Wellington Weekender,,195.0,230.0,,True,0,0,"Perfect for overnight stays, long weekends, and everything in between, we've thought of everything with this duffle style weekender including a padded laptop pocket, interior organization, detachable pouches, and a hidden travel sleeve—it holds everything you need and keeps you feeling and looking put together wherever you go. 45% of this bag is made from recycled materials. For every bag sold, STATE donates a percentage of the proceeds to American families in need. STATE is the family bag company that’s carrying everyone, everywhere, through the journey of life with open hands.",Recycled Materials,One Size,https://www.gap.com/webcontent/0061/017/327/cn61017327.jpg,2,2026-02-22,https://www.gap.com/browse/product.do?pid=1175997002&vid=1&pcid=3046544&cid=3051538
1176254002,gap,Gap,STATE Logan Carry-On Suitcase,,98.0,225.0,,True,0,,"Keep travel fun for your kid and functional for you. The Logan Carry-On features smooth, 360° spinner wheels, a kid-friendly adjustable handle, and thoughtful functionality designed to keep everything in place—plus a bold, stand-out design that is just as unique as your kid. 45% of this bag is made from recycled materials. For every bag sold, State donates a percentage of the proceeds to American families in need. STATE is the family bag company that’s carrying everyone, everywhere, through the journey of life with open hands.",Recycled Materials,One Size,https://www.gap.com/webcontent/0061/035/951/cn61035951.jpg,3,2026-02-22,https://www.gap.com/browse/product.do?pid=1176254002&vid=1&pcid=3046590&cid=3046590
1176258002,gap,Gap,STATE Kane Backpack,,34.95,135.0,,True,0,,"STATE's signature backpack recommended for kindergarten to third grade. The Kane Backpack fits folders and up to one 2” binder or textbook. Perfect for school, travel, and every adventure in between, this best-selling kids' backpack is as fun as it is functional. 45% of this bag is made from recycled materials. For every bag sold, STATE donates a percentage of the proceeds to American families in need.",Recycled Materials,One Size,https://www.gap.com/webcontent/0061/036/285/cn61036285.jpg,1,2026-02-22,https://www.gap.com/browse/product.do?pid=1176258002&vid=1&pcid=3046567&cid=3046567
1176256002,gap,Gap,STATE Logan Carry-On Suitcase,,230.0,230.0,,False,0,0,"Keep travel fun for your kid and functional for you. The Logan Carry-On features smooth, 360° spinner wheels, a kid-friendly adjustable handle, and thoughtful functionality designed to keep everything in place—plus a bold, stand-out design that is just as unique as your kid. 45% of this bag is made from recycled materials. For every bag sold, State donates a percentage of the proceeds to American families in need. STATE is the family bag company that’s carrying everyone, everywhere, through the journey of life with open hands.",Recycled Materials,One Size,https://www.gap.com/webcontent/0061/035/948/cn61035948.jpg,3,2026-02-22,https://www.gap.com/browse/product.do?pid=1176256002&vid=1&pcid=3046590&cid=3046590
1176259002,gap,Gap,STATE Kane Backpack,,49.95,115.0,,True,0,0,"STATE's signature backpack recommended for kindergarten to third grade. The Kane Backpack fits folders and up to one 2” binder or textbook. Perfect for school, travel, and every adventure in between, this best-selling kids' backpack is as fun as it is functional. 45% of this bag is made from recycled materials. For every bag sold, STATE donates a percentage of the proceeds to American families in need.",Recycled Materials,One Size,https://www.gap.com/webcontent/0061/037/250/cn61037250.jpg,2,2026-02-22,https://www.gap.com/browse/product.do?pid=1176259002&vid=1&pcid=3046590&cid=3046590
1179480002,gap,Gap,Shiraleah Heart Pouch Bag Charm/Key Ring,,26.0,32.0,,True,0,0,"The Heart Pouch Bag Charm/Key Ring adds the sweetest touch of charm to any bag or keychain. Designed in a heart shape with a chic pearl charm and gold-tone hardware, it’s equal parts stylish and functional. With a zip closure, this little pouch is perfect for stashing small essentials like earbuds, coins, or lip balm on the go. Available in multiple colors, it’s a cute companion you’ll want to show off daily. Shiraleah is a trend-driven lifestyle brand focused on the little gifts that make life special!",,Size Guide,https://www.gap.com/webcontent/0061/542/730/cn61542730.jpg,3,2026-02-22,https://www.gap.com/browse/product.do?pid=1179480002&vid=1&pcid=3046544&cid=3046544
1179480012,gap,Gap,Shiraleah Heart Pouch Bag Charm/Key Ring,,26.0,32.0,,True,0,95,"The Heart Pouch Bag Charm/Key Ring adds the sweetest touch of charm to any bag or keychain. Designed in a heart shape with a chic pearl charm and gold-tone hardware, it’s equal parts stylish and functional. With a zip closure, this little pouch is perfect for stashing small essentials like earbuds, coins, or lip balm on the go. Available in multiple colors, it’s a cute companion you’ll want to show off daily. Shiraleah is a trend-driven lifestyle brand focused on the little gifts that make life special!",,Size Guide,https://www.gap.com/webcontent/0061/542/295/cn61542295.jpg,3,2026-02-22,https://www.gap.com/browse/product.do?pid=1179480012&vid=1&pcid=3046544&cid=3046544
503844042,gap,Gap,Vegan Suede Slouchy Tote Bag,,27.0,69.95,,True,4.6,930,"Soft vegan suede slouchy tote bag. Handle at top. This product was made in a factory that runs the Gap Inc. P.A.C.E. (Personal Advancement & Career Enhancement) program. P.A.C.E. is our educational program that helps the women who make our clothes build the skills, knowledge, confidence & resilience needed to advance in work & life. Learn more <a href=""https://www.gapinc.com/en-us/values/sustainability/empowering-women/p-a-c-e-and-rise"" target=""_blank""><u>here</u></a>. #503844; Soft vegan suede slouchy tote bag. Handle at top. This product was made in a factory that runs the Gap Inc. P.A.C.E. (Personal Advancement & Career Enhancement) program. P.A.C.E. is our educational program that helps the women who make our clothes build the skills, knowledge, confidence & resilience needed to advance in work & life. Learn more here. #503844",& care Polyester 100% Wipe clean. Imported. Shipping & returns Customers also viewed Vegan Suede Bucket Bag $74.95 $44.00 40% off + extra 10% in the app Vegan Suede Barrel Bag $49.95 $19.00 60% off + extra 10% in the app Vegan Suede Bucket Bag $74.95 $59.00 20% off + extra 10% in the app Vegan Leather Riding Boots $110.00 $44.00 60% off + extra 10% in the app Vegan Suede Bucket Bag $74.95 $37.00 50% off + extra 10% in the app You may also like Vegan Leather Bucket Tote Bag $69.95 $62.00 Extra 10% off in the app Vegan Suede Barrel Bag $49.95 $24.00 50% off + extra 10% in the app Vegan Leather Bucket Tote Bag $69.95 $55.00 20% off + extra 10% in the app Vegan Suede Bucket Bag $74.95 $67.00 Extra 10% off in the app Vegan Suede Barrel Bag $49.95 $39.00 20% off + extra 10% in the app UltraSoft Denim Horseshoe Overalls $119.95 Extra 10% off in the app Denim Stripe Tote Bag $54.95 Extra 10% off in the app Denim Tote Bag $59.95 $47.00 20% off + extra 10% in the app CloseKnit Jersey T-Shirt $29.95 $23.00 20% off + extra 10% in the app Logo Tote Keychain Charm $19.95 $15.00 20% off + extra 10% in the app,Size Guide,https://www.gap.com/webcontent/0060/362/381/cn60362381.jpg,3,2026-02-22,https://www.gap.com/browse/product.do?pid=503844042&vid=1&pcid=3046544&cid=3051538
1179480022,gap,Gap,Shiraleah Heart Pouch Bag Charm/Key Ring,,26.0,32.0,,True,0,0,"The Heart Pouch Bag Charm/Key Ring adds the sweetest touch of charm to any bag or keychain. Designed in a heart shape with a chic pearl charm and gold-tone hardware, it’s equal parts stylish and functional. With a zip closure, this little pouch is perfect for stashing small essentials like earbuds, coins, or lip balm on the go. Available in multiple colors, it’s a cute companion you’ll want to show off daily. Shiraleah is a trend-driven lifestyle brand focused on the little gifts that make life special!",,Size Guide,https://www.gap.com/webcontent/0061/542/308/cn61542308.jpg,3,2026-02-22,https://www.gap.com/browse/product.do?pid=1179480022&vid=1&pcid=3046544&cid=3046544
503844052,gap,Gap,Vegan Suede Slouchy Tote Bag,,27.0,69.95,,True,4.6,930,"Soft vegan suede slouchy tote bag. Handle at top. This product was made in a factory that runs the Gap Inc. P.A.C.E. (Personal Advancement & Career Enhancement) program. P.A.C.E. is our educational program that helps the women who make our clothes build the skills, knowledge, confidence & resilience needed to advance in work & life. Learn more <a href=""https://www.gapinc.com/en-us/values/sustainability/empowering-women/p-a-c-e-and-rise"" target=""_blank""><u>here</u></a>. #503844; Soft vegan suede slouchy tote bag. Handle at top. This product was made in a factory that runs the Gap Inc. P.A.C.E. (Personal Advancement & Career Enhancement) program. P.A.C.E. is our educational program that helps the women who make our clothes build the skills, knowledge, confidence & resilience needed to advance in work & life. Learn more here. #503844",& care Polyester 100% Wipe clean. Imported. Shipping & returns Customers also viewed Vegan Suede Bucket Bag $74.95 $37.00 50% off + extra 10% in the app Vegan Leather Bucket Tote Bag $69.95 $62.00 Extra 10% off in the app Vegan Suede Bucket Bag $74.95 $44.00 40% off + extra 10% in the app Denim Stripe Tote Bag $54.95 Extra 10% off in the app Vegan Suede Bucket Bag $74.95 $59.00 20% off + extra 10% in the app You may also like Vegan Suede Bucket Bag $74.95 $59.00 20% off + extra 10% in the app Vegan Leather Bucket Tote Bag $69.95 $55.00 20% off + extra 10% in the app Vegan Suede Barrel Bag $49.95 $19.00 60% off + extra 10% in the app UltraSoft Denim Horseshoe Overalls $119.95 Extra 10% off in the app Vegan Suede Barrel Bag $49.95 $24.00 50% off + extra 10% in the app Brannan Bear Sleep Keychain Charm $19.95 $11.00 40% off + extra 10% in the app Vegan Suede Barrel Bag $49.95 $39.00 20% off + extra 10% in the app Gap Logo Tote Bag $54.95 $32.00 40% off + extra 10% in the app Gap Denim Logo Tote Bag $54.95 $27.00 50% off + extra 10% in the app Gap Logo Tote Bag $54.95 $32.00 40% off + extra 10% in the app,Size Guide,https://www.gap.com/webcontent/0060/417/412/cn60417412.jpg,3,2026-02-22,https://www.gap.com/browse/product.do?pid=503844052&vid=1&pcid=3046544&cid=3046544
503844002,gap,Gap,Vegan Suede Slouchy Tote Bag,,34.0,69.95,,True,4.6,930,"Soft vegan suede slouchy tote bag. Handle at top. This product was made in a factory that runs the Gap Inc. P.A.C.E. (Personal Advancement & Career Enhancement) program. P.A.C.E. is our educational program that helps the women who make our clothes build the skills, knowledge, confidence & resilience needed to advance in work & life. Learn more <a href=""https://www.gapinc.com/en-us/values/sustainability/empowering-women/p-a-c-e-and-rise"" target=""_blank""><u>here</u></a>. #503844; Soft vegan suede slouchy tote bag. Handle at top. This product was made in a factory that runs the Gap Inc. P.A.C.E. (Personal Advancement & Career Enhancement) program. P.A.C.E. is our educational program that helps the women who make our clothes build the skills, knowledge, confidence & resilience needed to advance in work & life. Learn more here. #503844",& care Polyester 100% Wipe clean. Imported. Shipping & returns Customers also viewed Vegan Suede Bucket Bag $74.95 $37.00 50% off + extra 10% in the app Vegan Leather Riding Boots $110.00 $44.00 60% off + extra 10% in the app Vegan Suede Bucket Bag $74.95 $44.00 40% off + extra 10% in the app Vegan Leather Bucket Tote Bag $69.95 $55.00 20% off + extra 10% in the app Vegan Suede Bucket Bag $74.95 $67.00 Extra 10% off in the app You may also like Vegan Suede Barrel Bag $49.95 $39.00 20% off + extra 10% in the app Vegan Leather Bucket Tote Bag $69.95 $62.00 Extra 10% off in the app Vegan Suede Barrel Bag $49.95 $19.00 60% off + extra 10% in the app Denim Stripe Tote Bag $54.95 Extra 10% off in the app Vegan Suede Barrel Bag $49.95 $24.00 50% off + extra 10% in the app Brannan Bear Logo Denim Tote Bag $59.95 $47.00 20% off + extra 10% in the app CloseKnit Jersey T-Shirt $29.95 $23.00 20% off + extra 10% in the app Gap Logo Tote Bag $59.95 Extra 10% off in the app Crochet Tote Bag $69.95 $55.00 20% off + extra 10% in the app Gap Logo Tote Bag $59.95 $35.00 40% off + extra 10% in the app,Size Guide,https://www.gap.com/webcontent/0056/166/849/cn56166849.jpg,3,2026-02-22,https://www.gap.com/browse/product.do?pid=503844002&vid=1&pcid=3046544&cid=3046544
681974002,gap,Gap,Gap Denim Logo Tote Bag,,27.0,54.95,,True,4.8,537,"Soft cotton denim tote bag. Shoulder straps. Snap button closure. Outer and inner patch pockets. Embroidered mini Gap arch logo at front. White wash. <b>Responsibly Made:</b> This tote bag is part of our Washwell program, which uses at least 20% less water as compared with conventional wash methods. We’ve saved over a billion liters of water through Washwell since 2016. This product was made in a factory that invests in gender equality and women’s empowerment. Through RISE (Reimagining Industry to Support Equality) and Gap Inc.’s program P.A.C.E. (Personal Advancement & Career Enhancement), we support people who make our clothes to build the skills, knowledge, confidence, and resilience needed to advance in work and life. Learn more <a href=""https://www.gapinc.com/en-us/values/sustainability/empowering-women/p-a-c-e-and-rise"" target=""_blank""><u>here</u></a>. #681974; Soft cotton denim tote bag. Shoulder straps. Snap button closure. Outer and inner patch pockets. Embroidered mini Gap arch logo at front. White wash. Responsibly Made: This tote bag is part of our Washwell program, which uses at least 20% less water as compared with conventional wash methods. We’ve saved over a billion liters of water through Washwell since 2016. This product was made in a factory that invests in gender equality and women’s empowerment. Through RISE (Reimagining Industry to Support Equality) and Gap Inc.’s program P.A.C.E. (Personal Advancement & Career Enhancement), we support people who make our clothes to build the skills, knowledge, confidence, and resilience needed to advance in work and life. Learn more here. #681974","& care 100% Cotton. Machine wash cold, gentle cycle. Lay flat to dry. Imported. Shipping & returns Customers also viewed Brannan Bear Sweater Keychain Charm $19.95 $11.00 40% off + extra 10% in the app Denim Tote Bag $59.95 $41.00 30% off + extra 10% in the app Logo Tote Keychain Charm $19.95 $15.00 20% off + extra 10% in the app Crochet Tote Bag $69.95 $55.00 20% off + extra 10% in the app Brannan Bear T-Shirt Keychain Charm $19.95 $9.00 50% off + extra 10% in the app You may also like Gap Logo Tote Bag $59.95 Extra 10% off in the app Toy Logo Hoodie $14.95 $7.00 50% off + extra 10% in the app Gap Logo Tote Bag $54.95 $32.00 40% off + extra 10% in the app Brannan Bear Scarf Keychain Charm $19.95 $9.00 50% off + extra 10% in the app Logo Tote Keychain Charm $19.95 $11.00 40% off + extra 10% in the app Vegan Suede Barrel Bag $49.95 $19.00 60% off + extra 10% in the app Logo Tote Keychain Charm $19.95 $11.00 40% off + extra 10% in the app Denim Tote Bag $59.95 $47.00 20% off + extra 10% in the app Brannan Bear Sleep Keychain Charm $19.95 $11.00 40% off + extra 10% in the app Logo Tote Keychain Charm $19.95 $11.00 40% off + extra 10% in the app",Size Guide,https://www.gap.com/webcontent/0057/525/117/cn57525117.jpg,3,2026-02-22,https://www.gap.com/browse/product.do?pid=681974002&vid=1&pcid=3046544&cid=3046544
681968002,gap,Gap,Denim Stripe Tote Bag,,19.95,54.95,,True,4.8,537,"Soft cotton denim tote bag. Shoulder straps at top. Snap button closure. Inner and outer pocket. Allover stripes. <b>Responsibly Made:</b> This tote bag is part of our Washwell program, which uses at least 20% less water as compared with conventional wash methods. We’ve saved over a billion liters of water through Washwell since 2016. This product was made in a factory that invests in gender equality and women’s empowerment. Through RISE (Reimagining Industry to Support Equality) and Gap Inc.’s program P.A.C.E. (Personal Advancement & Career Enhancement), we support people who make our clothes to build the skills, knowledge, confidence, and resilience needed to advance in work and life. Learn more <a href=""https://www.gapinc.com/en-us/values/sustainability/empowering-women/p-a-c-e-and-rise"" target=""_blank""><u>here</u></a>. #681968; Soft cotton denim tote bag. Shoulder straps at top. Snap button closure. Inner and outer pocket. Allover stripes. Responsibly Made: This tote bag is part of our Washwell program, which uses at least 20% less water as compared with conventional wash methods. We’ve saved over a billion liters of water through Washwell since 2016. This product was made in a factory that invests in gender equality and women’s empowerment. Through RISE (Reimagining Industry to Support Equality) and Gap Inc.’s program P.A.C.E. (Personal Advancement & Career Enhancement), we support people who make our clothes to build the skills, knowledge, confidence, and resilience needed to advance in work and life. Learn more here. #681968","& care 100% Cotton. Machine wash cold, gentle cycle. Lay flat to dry. Imported. Shipping & returns Customers also viewed Brannan Bear Sweater Keychain Charm $19.95 $11.00 40% off + extra 10% in the app Brannan Bear Hoodie Keychain Charm $19.95 $11.00 40% off + extra 10% in the app Vegan Leather Bucket Tote Bag $69.95 $62.00 Extra 10% off in the app Brannan Bear Hoodie Keychain Charm $19.95 $11.00 40% off + extra 10% in the app Gap Logo Tote Bag $54.95 $43.00 20% off + extra 10% in the app You may also like Gap Logo Tote Bag $54.95 $43.00 20% off + extra 10% in the app Denim Tote Bag $59.95 $41.00 30% off + extra 10% in the app Gap Logo Tote Bag $54.95 $32.00 40% off + extra 10% in the app Brannan Bear Hoodie Keychain Charm $19.95 $17.00 Extra 10% off in the app Gap Logo Tote Bag $54.95 $32.00 40% off + extra 10% in the app Logo Tote Keychain Charm $19.95 $11.00 40% off + extra 10% in the app Gap Logo Tote Bag $59.95 Extra 10% off in the app Logo Tote Keychain Charm $19.95 $11.00 40% off + extra 10% in the app Gap Logo Tote Bag $54.95 $43.00 20% off + extra 10% in the app Logo Tote Keychain Charm $19.95 $11.00 40% off + extra 10% in the app",Size Guide,https://www.gap.com/webcontent/0057/498/615/cn57498615.jpg,3,2026-02-22,https://www.gap.com/browse/product.do?pid=681968002&vid=1&pcid=3046544&cid=3046544
523130002,gap,Gap,Kids Quilted Weekender Bag,,34.0,69.95,,True,4.8,61,"Soft, quilted cotton-nylon blend weekender bag. Handle at top. Adjustable shoulder strap. Zipper closure at main compartment and front pocket. Side water bottle pockets. This product was made in a factory that invests in gender equality and women’s empowerment. Through RISE (Reimagining Industry to Support Equality) and Gap Inc.’s program P.A.C.E. (Personal Advancement & Career Enhancement), we support people who make our clothes to build the skills, knowledge, confidence, and resilience needed to advance in work and life. Learn more <a href=""https://www.gapinc.com/en-us/values/sustainability/empowering-women/p-a-c-e-and-rise"" target=""_blank""><u>here</u></a>. #523130; Soft, quilted cotton-nylon blend weekender bag. Handle at top. Adjustable shoulder strap. Zipper closure at main compartment and front pocket. Side water bottle pockets. This product was made in a factory that invests in gender equality and women’s empowerment. Through RISE (Reimagining Industry to Support Equality) and Gap Inc.’s program P.A.C.E. (Personal Advancement & Career Enhancement), we support people who make our clothes to build the skills, knowledge, confidence, and resilience needed to advance in work and life. Learn more here. #523130","& care 70% Cotton, 30% Nylon. Wipe clean. Imported. Shipping & returns Customers also viewed Kids Quilted Colorblock Duffel Bag $69.95 $34.00 50% off + extra 10% in the app Kids Hello Kitty Duffle Bag $89.95 $53.00 40% off + extra 10% in the app Kids Cable-Knit Cozy Set $49.95 $19.00 60% off + extra 10% in the app Kids Bow Logo Crossbody Bag $34.95 $13.00 60% off + extra 10% in the app Kids Quilted Weekender Bag $69.95 $41.00 40% off + extra 10% in the app You may also like Kids Quilted Weekender Bag $69.95 $27.00 60% off + extra 10% in the app Kids Recycled Lightweight Quilted Puffer Jacket $79.95 $39.00 50% off + extra 10% in the app Kids Quilted Brannan Bear Weekender Bag $69.95 $27.00 60% off + extra 10% in the app Kids Recycled Lightweight Quilted Puffer Jacket $79.95 $39.00 50% off + extra 10% in the app Kids VintageSoft Logo Hoodie $49.95 $29.00 40% off + extra 10% in the app Kids Recycled Lightweight Quilted Puffer Jacket $79.95 $39.00 50% off + extra 10% in the app Kids VintageSoft Logo Joggers $39.95 $23.00 40% off + extra 10% in the app Kids VintageSoft Bubble Bomber Jacket $54.95 $32.00 40% off + extra 10% in the app Kids VintageSoft Oversized Bubble Hoodie $49.95 $29.00 40% off + extra 10% in the app Kids Oversized Quilted Zip Jacket $64.95 $38.00 40% off + extra 10% in the app",Size Guide,https://www.gap.com/webcontent/0056/071/943/cn56071943.jpg,1,2026-02-22,https://www.gap.com/browse/product.do?pid=523130002&vid=1&pcid=3046567&cid=3046567
681976202,gap,Gap,Gap Logo Tote Bag,,19.95,49.95,,True,4.8,537,"Soft, overdyed cotton tote bag. Shoulder straps. Outer and inner patch pockets. Embroidered mini Gap arch logo at front. Assorted colors. This product was made in a factory that invests in gender equality and women’s empowerment. Through RISE (Reimagining Industry to Support Equality) and Gap Inc.’s program P.A.C.E. (Personal Advancement & Career Enhancement), we support people who make our clothes to build the skills, knowledge, confidence, and resilience needed to advance in work and life. Learn more <a href=""https://www.gapinc.com/en-us/values/sustainability/empowering-women/p-a-c-e-and-rise"" target=""_blank""><u>here</u></a>. #681976; Soft, overdyed cotton tote bag. Shoulder straps. Outer and inner patch pockets. Embroidered mini Gap arch logo at front. Assorted colors. This product was made in a factory that invests in gender equality and women’s empowerment. Through RISE (Reimagining Industry to Support Equality) and Gap Inc.’s program P.A.C.E. (Personal Advancement & Career Enhancement), we support people who make our clothes to build the skills, knowledge, confidence, and resilience needed to advance in work and life. Learn more here. #681976","& care 100% Cotton. Machine wash cold, gentle cycle. Lay flat to dry. Imported. Shipping & returns Customers also viewed Brannan Bear Sweater Keychain Charm $19.95 $11.00 40% off + extra 10% in the app Denim Tote Bag $59.95 $41.00 30% off + extra 10% in the app Brannan Bear Scarf Keychain Charm $19.95 $9.00 50% off + extra 10% in the app Logo Hoodie Keychain Charm $14.95 $7.00 50% off + extra 10% in the app Gap Logo Tote Bag $54.95 $43.00 20% off + extra 10% in the app You may also like Logo Tote Keychain Charm $19.95 $11.00 40% off + extra 10% in the app Gap Logo Tote Bag $54.95 $43.00 20% off + extra 10% in the app Brannan Bear Hoodie Keychain Charm $19.95 $17.00 Extra 10% off in the app Brannan Bear Sleep Keychain Charm $19.95 $11.00 40% off + extra 10% in the app Logo Tote Keychain Charm $19.95 $11.00 40% off + extra 10% in the app Toy Logo Hoodie $14.95 $7.00 50% off + extra 10% in the app Logo Tote Keychain Charm $19.95 $11.00 40% off + extra 10% in the app Brannan Bear Nap Hoodie Keychain Charm $19.95 $11.00 40% off + extra 10% in the app Gap Logo Tote Bag $54.95 $43.00 20% off + extra 10% in the app Logo Tote Keychain Charm $19.95 $11.00 40% off + extra 10% in the app",Size Guide,https://www.gap.com/webcontent/0061/121/188/cn61121188.jpg,3,2026-02-22,https://www.gap.com/browse/product.do?pid=681976202&vid=1&pcid=3046544&cid=3046544
681976142,gap,Gap,Gap Logo Tote Bag,,19.95,49.95,,True,4.8,537,"Soft, overdyed cotton tote bag. Shoulder straps. Outer and inner patch pockets. Embroidered mini Gap arch logo at front. Assorted colors. This product was made in a factory that invests in gender equality and women’s empowerment. Through RISE (Reimagining Industry to Support Equality) and Gap Inc.’s program P.A.C.E. (Personal Advancement & Career Enhancement), we support people who make our clothes to build the skills, knowledge, confidence, and resilience needed to advance in work and life. Learn more <a href=""https://www.gapinc.com/en-us/values/sustainability/empowering-women/p-a-c-e-and-rise"" target=""_blank""><u>here</u></a>. #681976; Soft, overdyed cotton tote bag. Shoulder straps. Outer and inner patch pockets. Embroidered mini Gap arch logo at front. Assorted colors. This product was made in a factory that invests in gender equality and women’s empowerment. Through RISE (Reimagining Industry to Support Equality) and Gap Inc.’s program P.A.C.E. (Personal Advancement & Career Enhancement), we support people who make our clothes to build the skills, knowledge, confidence, and resilience needed to advance in work and life. Learn more here. #681976","& care 100% Cotton. Machine wash cold, gentle cycle. Lay flat to dry. Imported. Shipping & returns Customers also viewed Brannan Bear Sweater Keychain Charm $19.95 $11.00 40% off + extra 10% in the app Logo Tote Keychain Charm $19.95 $15.00 20% off + extra 10% in the app Denim Tote Bag $59.95 $47.00 20% off + extra 10% in the app Gap Logo Tote Bag $54.95 $43.00 20% off + extra 10% in the app Denim Tote Bag $59.95 $41.00 30% off + extra 10% in the app You may also like Logo Tote Keychain Charm $19.95 $11.00 40% off + extra 10% in the app Gap Logo Tote Bag $59.95 $35.00 40% off + extra 10% in the app Crochet Tote Bag $69.95 $55.00 20% off + extra 10% in the app Gap Logo Tote Bag $54.95 $32.00 40% off + extra 10% in the app Brannan Bear Logo Denim Tote Bag $59.95 $47.00 20% off + extra 10% in the app Gap Logo Tote Bag $59.95 Extra 10% off in the app Vegan Suede Barrel Bag $49.95 $39.00 20% off + extra 10% in the app Brannan Bear Denim Jacket Keychain Charm $19.95 $13.00 30% off + extra 10% in the app Vegan Suede Barrel Bag $49.95 $24.00 50% off + extra 10% in the app Crochet Tote Bag $69.95 $55.00 20% off + extra 10% in the app",Size Guide,https://www.gap.com/webcontent/0059/775/749/cn59775749.jpg,4,2026-02-22,https://www.gap.com/browse/product.do?pid=681976142&vid=1&pcid=3046544&cid=3051538
761387002,gap,Gap,Vegan Suede Bucket Bag,,37.0,74.95,,True,4.4,94,Soft vegan suede bucket bag. Shoulder strap. Inner pockets. Zippered mini bag inside. #761387,& care Polyester 100% Spot clean. Imported. Shipping & returns Customers also viewed Vegan Suede Slouchy Tote Bag $69.95 $27.00 60% off + extra 10% in the app Vegan Suede Barrel Bag $49.95 $24.00 50% off + extra 10% in the app Vegan Suede Slouchy Tote Bag $69.95 $34.00 50% off + extra 10% in the app Vegan Suede Barrel Bag $49.95 $19.00 60% off + extra 10% in the app Vegan Suede Slouchy Tote Bag $69.95 $27.00 60% off + extra 10% in the app You may also like Vegan Suede Barrel Bag $49.95 $39.00 20% off + extra 10% in the app Denim Stripe Tote Bag $54.95 Extra 10% off in the app Gap Logo Tote Bag $54.95 $32.00 40% off + extra 10% in the app Brannan Bear Sleep Keychain Charm $19.95 $11.00 40% off + extra 10% in the app Gap Logo Tote Bag $49.95 Extra 10% off in the app Gap Logo Tote Bag $54.95 $43.00 20% off + extra 10% in the app Gap Denim Logo Tote Bag $54.95 $27.00 50% off + extra 10% in the app Brannan Bear Hoodie Keychain Charm $19.95 $11.00 40% off + extra 10% in the app Vegan Leather Bucket Tote Bag $69.95 $55.00 20% off + extra 10% in the app Gap Logo Tote Bag $59.95 Extra 10% off in the app,Size Guide,https://www.gap.com/webcontent/0059/698/588/cn59698588.jpg,5,2026-02-22,https://www.gap.com/browse/product.do?pid=761387002&vid=1&pcid=3046544&cid=3046544
761387032,gap,Gap,Vegan Suede Bucket Bag,,59.0,74.95,,True,4.4,94,Soft vegan suede bucket bag. Shoulder strap. Inner pockets. Zippered mini bag inside. #761387,& care Polyester 100% Spot clean. Imported. Shipping & returns Customers also viewed Vegan Suede Barrel Bag $49.95 $39.00 20% off + extra 10% in the app Vegan Suede Slouchy Tote Bag $69.95 $27.00 60% off + extra 10% in the app Vegan Suede Barrel Bag $49.95 $19.00 60% off + extra 10% in the app Vegan Leather Bucket Tote Bag $69.95 $55.00 20% off + extra 10% in the app Vegan Suede Barrel Bag $49.95 $24.00 50% off + extra 10% in the app You may also like Vegan Suede Slouchy Tote Bag $69.95 $34.00 50% off + extra 10% in the app Denim Tote Bag $59.95 $47.00 20% off + extra 10% in the app Vegan Suede Slouchy Tote Bag $69.95 $27.00 60% off + extra 10% in the app Gap Logo Tote Bag $49.95 Extra 10% off in the app Gap Logo Tote Bag $54.95 $32.00 40% off + extra 10% in the app Vegan Leather Bucket Tote Bag $69.95 $62.00 Extra 10% off in the app Gap Logo Tote Bag $54.95 $43.00 20% off + extra 10% in the app Logo Tote Keychain Charm $19.95 $11.00 40% off + extra 10% in the app Brannan Bear Sleep Keychain Charm $19.95 $11.00 40% off + extra 10% in the app Vegan Leather Riding Boots $110.00 $44.00 60% off + extra 10% in the app,Size Guide,https://www.gap.com/webcontent/0059/698/589/cn59698589.jpg,5,2026-02-22,https://www.gap.com/browse/product.do?pid=761387032&vid=1&pcid=3046544&cid=3046544
761387012,gap,Gap,Vegan Suede Bucket Bag,,67.0,74.95,,True,4.4,94,Soft vegan suede bucket bag. Shoulder strap. Inner pockets. Zippered mini bag inside. #761387,& care Polyester 100% Spot clean. Imported. Shipping & returns Customers also viewed Vegan Suede Barrel Bag $49.95 $19.00 60% off + extra 10% in the app Vegan Suede Slouchy Tote Bag $69.95 $34.00 50% off + extra 10% in the app Vegan Suede Barrel Bag $49.95 $39.00 20% off + extra 10% in the app Vegan Suede Slouchy Tote Bag $69.95 $27.00 60% off + extra 10% in the app Vegan Suede Barrel Bag $49.95 $24.00 50% off + extra 10% in the app You may also like Gap Logo Tote Bag $49.95 Extra 10% off in the app Vegan Suede Slouchy Tote Bag $69.95 $27.00 60% off + extra 10% in the app Gap Denim Logo Tote Bag $54.95 $27.00 50% off + extra 10% in the app Gap Logo Tote Bag $54.95 $32.00 40% off + extra 10% in the app Brannan Bear Sleep Keychain Charm $19.95 $11.00 40% off + extra 10% in the app Gap Logo Tote Bag $59.95 $35.00 40% off + extra 10% in the app CloseKnit Jersey Mockneck T-Shirt $34.95 $13.00 60% off + extra 10% in the app Denim Stripe Tote Bag $54.95 Extra 10% off in the app Gap Logo Tote Bag $54.95 $43.00 20% off + extra 10% in the app Logo Tote Keychain Charm $19.95 $15.00 20% off + extra 10% in the app,Size Guide,https://www.gap.com/webcontent/0060/652/889/cn60652889.jpg,5,2026-02-22,https://www.gap.com/browse/product.do?pid=761387012&vid=1&pcid=3046544&cid=3046544
736935002,gap,Gap,Kids Cherry Straw Bag,,12.97,34.95,,True,4.1,23,"This bag is made with a paper straw outer. Long shoulder strap. Attached knit cherry detail at front. Fully lined. This product was made in a factory that invests in gender equality and women’s empowerment. Through RISE (Reimagining Industry to Support Equality) and Gap Inc.’s program P.A.C.E. (Personal Advancement & Career Enhancement), we support people who make our clothes to build the skills, knowledge, confidence, and resilience needed to advance in work and life. Learn more <a href=""https://www.gapinc.com/en-us/values/sustainability/empowering-women/p-a-c-e-and-rise"" target=""_blank""><u>here</u></a>. #736935; This bag is made with a paper straw outer. Long shoulder strap. Attached knit cherry detail at front. Fully lined. This product was made in a factory that invests in gender equality and women’s empowerment. Through RISE (Reimagining Industry to Support Equality) and Gap Inc.’s program P.A.C.E. (Personal Advancement & Career Enhancement), we support people who make our clothes to build the skills, knowledge, confidence, and resilience needed to advance in work and life. Learn more here. #736935",& care 100% Paper Straw. Wipe clean. Imported. Shipping & returns Customers also viewed Kids Hello Kitty Duffle Bag $89.95 $53.00 40% off + extra 10% in the app Kids Quilted Colorblock Duffel Bag $69.95 $34.00 50% off + extra 10% in the app Kids Quilted Brannan Bear Weekender Bag $69.95 $27.00 60% off + extra 10% in the app Kids Quilted Weekender Bag $69.95 $34.00 50% off + extra 10% in the app Kids Faux Fur Backpack $39.95 $15.00 60% off + extra 10% in the app You may also like Kids Bow Logo Crossbody Bag $34.95 $13.00 60% off + extra 10% in the app Kids Faux Fur Backpack $39.95 $15.00 60% off + extra 10% in the app Kids Quilted Weekender Bag $69.95 $27.00 60% off + extra 10% in the app Kids Quilted Weekender Bag $69.95 $41.00 40% off + extra 10% in the app Kids Quilted Pouch $34.95 $20.00 40% off + extra 10% in the app Kids Poplin Peplum Top $39.95 $15.00 60% off + extra 10% in the app Kids Shimmer Straw Backpack $39.95 $23.00 40% off + extra 10% in the app Kids Cow Print Sneakers $44.95 $17.00 60% off + extra 10% in the app Kids Denim Terry Heart Baseball Hat $19.95 $11.00 40% off + extra 10% in the app Kids Mesh Ruffle Cap-Sleeve Dress $59.95 $23.00 60% off + extra 10% in the app,Size Guide,https://www.gap.com/webcontent/0057/525/496/cn57525496.jpg,1,2026-02-22,https://www.gap.com/browse/product.do?pid=736935002&vid=1&pcid=3046567&cid=3046567
761387052,gap,Gap,Vegan Suede Bucket Bag,,44.0,74.95,,True,4.4,94,Soft vegan suede bucket bag. Shoulder strap. Inner pockets. Zippered mini bag inside. #761387,& care Polyester 100% Spot clean. Imported. Shipping & returns Customers also viewed Vegan Suede Slouchy Tote Bag $69.95 $27.00 60% off + extra 10% in the app Vegan Suede Barrel Bag $49.95 $19.00 60% off + extra 10% in the app Vegan Suede Slouchy Tote Bag $69.95 $34.00 50% off + extra 10% in the app Vegan Suede Barrel Bag $49.95 $39.00 20% off + extra 10% in the app Vegan Suede Slouchy Tote Bag $69.95 $27.00 60% off + extra 10% in the app You may also like Vegan Suede Barrel Bag $49.95 $24.00 50% off + extra 10% in the app Vegan Leather Bucket Tote Bag $69.95 $62.00 Extra 10% off in the app Gap Logo Tote Bag $54.95 $32.00 40% off + extra 10% in the app Gap Denim Logo Tote Bag $54.95 $27.00 50% off + extra 10% in the app Brannan Bear Logo Denim Tote Bag $59.95 $47.00 20% off + extra 10% in the app Gap Logo Tote Bag $54.95 $43.00 20% off + extra 10% in the app Vegan Leather Bucket Tote Bag $69.95 $55.00 20% off + extra 10% in the app Denim Tote Bag $59.95 $41.00 30% off + extra 10% in the app Brannan Bear Hoodie Keychain Charm $19.95 $11.00 40% off + extra 10% in the app UltraSoft Denim Horseshoe Overalls $119.95 Extra 10% off in the app,Size Guide,https://www.gap.com/webcontent/0061/184/787/cn61184787.jpg,5,2026-02-22,https://www.gap.com/browse/product.do?pid=761387052&vid=1&pcid=3046544&cid=3046544
761396032,gap,Gap,Vegan Leather Bucket Tote Bag,,55.0,69.95,,True,4.5,48,Smooth vegan leather bucket tote bag. Adjustable shoulder strap. Snap button closure. Inner pocket. Fully lined. #761396,& care 100% Synthetic Leather. Wipe clean. Imported. Shipping & returns Customers also viewed Crochet Tote Bag $69.95 $55.00 20% off + extra 10% in the app Vegan Suede Slouchy Tote Bag $69.95 $27.00 60% off + extra 10% in the app Vegan Suede Bucket Bag $74.95 $59.00 20% off + extra 10% in the app Crochet Tote Bag $69.95 $55.00 20% off + extra 10% in the app Vegan Leather Lug Sole Tall Boots $118.00 $47.00 60% off + extra 10% in the app You may also like Crochet Tote Bag $69.95 $55.00 20% off + extra 10% in the app Kitten Heel Pointy Knee High Boots $118.00 $47.00 60% off + extra 10% in the app Straw Tote Bag $79.95 $63.00 20% off + extra 10% in the app Logo Tote Keychain Charm $19.95 $11.00 40% off + extra 10% in the app Crochet Tote Bag $69.95 $55.00 20% off + extra 10% in the app Logo Tote Keychain Charm $19.95 $11.00 40% off + extra 10% in the app Vegan Suede Slouchy Tote Bag $69.95 $27.00 60% off + extra 10% in the app Logo Tote Keychain Charm $19.95 $11.00 40% off + extra 10% in the app Gap Denim Logo Tote Bag $54.95 $27.00 50% off + extra 10% in the app Denim Tote Bag $59.95 $47.00 20% off + extra 10% in the app,Size Guide,https://www.gap.com/webcontent/0060/809/402/cn60809402.jpg,2,2026-02-22,https://www.gap.com/browse/product.do?pid=761396032&vid=1&pcid=3046544&cid=3046544
761387042,gap,Gap,Vegan Suede Bucket Bag,,59.0,74.95,,True,4.4,94,Soft vegan suede bucket bag. Shoulder strap. Inner pockets. Zippered mini bag inside. #761387,& care Polyester 100% Spot clean. Imported. Shipping & returns Customers also viewed Vegan Suede Barrel Bag $49.95 $19.00 60% off + extra 10% in the app Vegan Suede Slouchy Tote Bag $69.95 $27.00 60% off + extra 10% in the app Vegan Suede Barrel Bag $49.95 $24.00 50% off + extra 10% in the app Vegan Suede Slouchy Tote Bag $69.95 $27.00 60% off + extra 10% in the app Brannan Bear Logo Denim Tote Bag $59.95 $47.00 20% off + extra 10% in the app You may also like Vegan Suede Barrel Bag $49.95 $39.00 20% off + extra 10% in the app Vegan Suede Slouchy Tote Bag $69.95 $34.00 50% off + extra 10% in the app Gap Logo Tote Bag $49.95 Extra 10% off in the app Vegan Leather Bucket Tote Bag $69.95 $62.00 Extra 10% off in the app Logo Tote Keychain Charm $19.95 $15.00 20% off + extra 10% in the app Gap Logo Tote Bag $54.95 $32.00 40% off + extra 10% in the app Logo Tote Keychain Charm $19.95 $11.00 40% off + extra 10% in the app Gap Logo Tote Bag $54.95 $32.00 40% off + extra 10% in the app Denim Tote Bag $59.95 $41.00 30% off + extra 10% in the app Gap Logo Tote Bag $54.95 $32.00 40% off + extra 10% in the app,Size Guide,https://www.gap.com/webcontent/0059/698/590/cn59698590.jpg,5,2026-02-22,https://www.gap.com/browse/product.do?pid=761387042&vid=1&pcid=3046544&cid=3051538
773833002,gap,Gap,NBA Chicago Bulls Logo Tote Bag,,19.97,58.0,,True,4.7,22,"Soft cotton canvas tote bag. Shoulder straps. Chicago Bulls graphics. This product was made in a factory that invests in gender equality and women’s empowerment. Through RISE (Reimagining Industry to Support Equality) and Gap Inc.’s program P.A.C.E. (Personal Advancement & Career Enhancement), we support people who make our clothes to build the skills, knowledge, confidence, and resilience needed to advance in work and life. Learn more <a href=""https://www.gapinc.com/en-us/values/sustainability/empowering-women/p-a-c-e-and-rise"" target=""_blank""><u>here</u></a>. #773833; We teamed up with the NBA to celebrate the league’s 75+ year history. Pairing iconic team logos with Gap classics. Made to celebrate the game, for the people who love it most. Soft cotton canvas tote bag. Shoulder straps. Chicago Bulls graphics. This product was made in a factory that invests in gender equality and women’s empowerment. Through RISE (Reimagining Industry to Support Equality) and Gap Inc.’s program P.A.C.E. (Personal Advancement & Career Enhancement), we support people who make our clothes to build the skills, knowledge, confidence, and resilience needed to advance in work and life. Learn more here. #773833 Fabric & care 100% Cotton. Machine wash. Imported. Shipping & returns Customers also viewed High Rise VintageSoft Relaxed Joggers $59.95 $47.00 20% off + extra 10% in the app VintageSoft Crop Logo Hoodie $79.95 Extra 10% off in the app High Rise VintageSoft Relaxed Joggers $59.95 $29.00 50% off + extra 10% in the app Organic Cotton VintageSoft T-Shirt $24.95 $20.00 $13 each when you buy 3+ Modern Crewneck T-Shirt $39.95 $23.00 40% off + extra 10% in the app You may also like Waxed Canvas Tote Bag $74.95 $44.00 40% off + extra 10% in the app Leather Belt $44.95 $35.00 20% off + extra 10% in the app Heart Crew Socks $15.95 $14.00 Extra 10% off in the app Waxed Canvas Tote Bag $74.95 $44.00 40% off + extra 10% in the app Drawcord Hood $39.95 $15.00 60% off + extra 10% in the app Denim Brannan Bear Baseball Hat $29.95 Extra 10% off in the app CashSoft Beanie $34.95 $13.00 60% off + extra 10% in the app Leather Belt $44.95 $35.00 20% off + extra 10% in the app AC/DC Relaxed Graphic T-Shirt $39.95 $19.00 50% off + extra 10% in the app Leather Belt $69.95 $41.00 40% off + extra 10% in the app",& care 100% Cotton. Machine wash. Imported. Shipping & returns Customers also viewed High Rise VintageSoft Relaxed Joggers $59.95 $47.00 20% off + extra 10% in the app VintageSoft Crop Logo Hoodie $79.95 Extra 10% off in the app High Rise VintageSoft Relaxed Joggers $59.95 $29.00 50% off + extra 10% in the app Organic Cotton VintageSoft T-Shirt $24.95 $20.00 $13 each when you buy 3+ Modern Crewneck T-Shirt $39.95 $23.00 40% off + extra 10% in the app You may also like Waxed Canvas Tote Bag $74.95 $44.00 40% off + extra 10% in the app Leather Belt $44.95 $35.00 20% off + extra 10% in the app Heart Crew Socks $15.95 $14.00 Extra 10% off in the app Waxed Canvas Tote Bag $74.95 $44.00 40% off + extra 10% in the app Drawcord Hood $39.95 $15.00 60% off + extra 10% in the app Denim Brannan Bear Baseball Hat $29.95 Extra 10% off in the app CashSoft Beanie $34.95 $13.00 60% off + extra 10% in the app Leather Belt $44.95 $35.00 20% off + extra 10% in the app AC/DC Relaxed Graphic T-Shirt $39.95 $19.00 50% off + extra 10% in the app Leather Belt $69.95 $41.00 40% off + extra 10% in the app,Size Guide,https://www.gap.com/webcontent/0059/239/670/cn59239670.jpg,4,2026-02-22,https://www.gap.com/browse/product.do?pid=773833002&vid=1&pcid=3046544&cid=3046544
761396022,gap,Gap,Vegan Leather Bucket Tote Bag,,62.0,69.95,,True,4.5,48,Smooth vegan leather bucket tote bag. Adjustable shoulder strap. Snap button closure. Inner pocket. Fully lined. #761396,& care 100% Synthetic Leather. Wipe clean. Imported. Shipping & returns Customers also viewed Vegan Suede Slouchy Tote Bag $69.95 $27.00 60% off + extra 10% in the app Crochet Tote Bag $69.95 $55.00 20% off + extra 10% in the app Vegan Suede Slouchy Tote Bag $69.95 $27.00 60% off + extra 10% in the app Vegan Suede Bucket Bag $74.95 $44.00 40% off + extra 10% in the app Gap Denim Logo Tote Bag $54.95 $27.00 50% off + extra 10% in the app You may also like Vegan Suede Barrel Bag $49.95 $24.00 50% off + extra 10% in the app Gap Logo Tote Bag $49.95 Extra 10% off in the app Crochet Tote Bag $69.95 $55.00 20% off + extra 10% in the app Vegan Suede Bucket Bag $74.95 $37.00 50% off + extra 10% in the app Straw Tote Bag $79.95 $63.00 20% off + extra 10% in the app Vegan Suede Barrel Bag $49.95 $19.00 60% off + extra 10% in the app Logo Tote Keychain Charm $19.95 $11.00 40% off + extra 10% in the app Crochet Tote Bag $69.95 $55.00 20% off + extra 10% in the app Logo Tote Keychain Charm $19.95 $11.00 40% off + extra 10% in the app Vegan Leather Wedge Sandals $69.95 $55.00 20% off + extra 10% in the app,Size Guide,https://www.gap.com/webcontent/0059/496/331/cn59496331.jpg,2,2026-02-22,https://www.gap.com/browse/product.do?pid=761396022&vid=1&pcid=3046544&cid=3051538
773842002,gap,Gap,NBA Golden State Warriors Logo Tote Bag,,24.97,58.0,,True,4.7,22,"Soft cotton canvas tote bag. Shoulder straps. Golden State Warriors graphics. This product was made in a factory that invests in gender equality and women’s empowerment. Through RISE (Reimagining Industry to Support Equality) and Gap Inc.’s program P.A.C.E. (Personal Advancement & Career Enhancement), we support people who make our clothes to build the skills, knowledge, confidence, and resilience needed to advance in work and life. Learn more <a href=""https://www.gapinc.com/en-us/values/sustainability/empowering-women/p-a-c-e-and-rise"" target=""_blank""><u>here</u></a>. #773842; We teamed up with the NBA to celebrate the league’s 75+ year history. Pairing iconic team logos with Gap classics. Made to celebrate the game, for the people who love it most. Soft cotton canvas tote bag. Shoulder straps. Golden State Warriors graphics. This product was made in a factory that invests in gender equality and women’s empowerment. Through RISE (Reimagining Industry to Support Equality) and Gap Inc.’s program P.A.C.E. (Personal Advancement & Career Enhancement), we support people who make our clothes to build the skills, knowledge, confidence, and resilience needed to advance in work and life. Learn more here. #773842 Fabric & care 100% Cotton. Machine wash. Imported. Shipping & returns Customers also viewed High Rise VintageSoft Relaxed Joggers $59.95 $47.00 20% off + extra 10% in the app VintageSoft Crop Logo Hoodie $79.95 Extra 10% off in the app High Rise VintageSoft Relaxed Joggers $59.95 $29.00 50% off + extra 10% in the app Organic Cotton VintageSoft T-Shirt $24.95 $20.00 $13 each when you buy 3+ Modern Crewneck T-Shirt $39.95 $23.00 40% off + extra 10% in the app You may also like Leather Belt $44.95 $35.00 20% off + extra 10% in the app Waxed Canvas Tote Bag $74.95 $44.00 40% off + extra 10% in the app Heart Crew Socks $15.95 $14.00 Extra 10% off in the app Drawcord Hood $39.95 $15.00 60% off + extra 10% in the app Waxed Canvas Tote Bag $74.95 $44.00 40% off + extra 10% in the app Drawcord Hood $39.95 $15.00 60% off + extra 10% in the app Leather Belt $44.95 $35.00 20% off + extra 10% in the app CashSoft Beanie $34.95 $13.00 60% off + extra 10% in the app Leather Belt $69.95 $41.00 40% off + extra 10% in the app CashSoft Beanie $34.95 $13.00 60% off + extra 10% in the app",& care 100% Cotton. Machine wash. Imported. Shipping & returns Customers also viewed High Rise VintageSoft Relaxed Joggers $59.95 $47.00 20% off + extra 10% in the app VintageSoft Crop Logo Hoodie $79.95 Extra 10% off in the app High Rise VintageSoft Relaxed Joggers $59.95 $29.00 50% off + extra 10% in the app Organic Cotton VintageSoft T-Shirt $24.95 $20.00 $13 each when you buy 3+ Modern Crewneck T-Shirt $39.95 $23.00 40% off + extra 10% in the app You may also like Leather Belt $44.95 $35.00 20% off + extra 10% in the app Waxed Canvas Tote Bag $74.95 $44.00 40% off + extra 10% in the app Heart Crew Socks $15.95 $14.00 Extra 10% off in the app Drawcord Hood $39.95 $15.00 60% off + extra 10% in the app Waxed Canvas Tote Bag $74.95 $44.00 40% off + extra 10% in the app Drawcord Hood $39.95 $15.00 60% off + extra 10% in the app Leather Belt $44.95 $35.00 20% off + extra 10% in the app CashSoft Beanie $34.95 $13.00 60% off + extra 10% in the app Leather Belt $69.95 $41.00 40% off + extra 10% in the app CashSoft Beanie $34.95 $13.00 60% off + extra 10% in the app,Size Guide,https://www.gap.com/webcontent/0059/239/691/cn59239691.jpg,4,2026-02-22,https://www.gap.com/browse/product.do?pid=773842002&vid=1&pcid=3046544&cid=3046544
773872002,gap,Gap,NBA Los Angeles Lakers Logo Tote Bag,,19.97,58.0,,True,5,6,"Soft cotton canvas tote bag. Shoulder straps. Los Angeles Lakers graphics. This product was made in a factory that invests in gender equality and women’s empowerment. Through RISE (Reimagining Industry to Support Equality) and Gap Inc.’s program P.A.C.E. (Personal Advancement & Career Enhancement), we support people who make our clothes to build the skills, knowledge, confidence, and resilience needed to advance in work and life. Learn more <a href=""https://www.gapinc.com/en-us/values/sustainability/empowering-women/p-a-c-e-and-rise"" target=""_blank""><u>here</u></a>. #773872; We teamed up with the NBA to celebrate the league’s 75+ year history. Pairing iconic team logos with Gap classics. Made to celebrate the game, for the people who love it most. Soft cotton canvas tote bag. Shoulder straps. Los Angeles Lakers graphics. This product was made in a factory that invests in gender equality and women’s empowerment. Through RISE (Reimagining Industry to Support Equality) and Gap Inc.’s program P.A.C.E. (Personal Advancement & Career Enhancement), we support people who make our clothes to build the skills, knowledge, confidence, and resilience needed to advance in work and life. Learn more here. #773872 Fabric & care 100% Cotton. Machine wash. Imported. Shipping & returns Customers also viewed High Rise VintageSoft Relaxed Joggers $59.95 $47.00 20% off + extra 10% in the app VintageSoft Crop Logo Hoodie $79.95 Extra 10% off in the app High Rise VintageSoft Relaxed Joggers $59.95 $29.00 50% off + extra 10% in the app Organic Cotton VintageSoft T-Shirt $24.95 $20.00 $13 each when you buy 3+ Modern Crewneck T-Shirt $39.95 $23.00 40% off + extra 10% in the app You may also like Heart Crew Socks $15.95 $14.00 Extra 10% off in the app Waxed Canvas Tote Bag $74.95 $44.00 40% off + extra 10% in the app Leather Belt $44.95 $35.00 20% off + extra 10% in the app Waxed Canvas Tote Bag $74.95 $44.00 40% off + extra 10% in the app CashSoft Beanie $34.95 $13.00 60% off + extra 10% in the app Leather Belt $44.95 $35.00 20% off + extra 10% in the app Denim Brannan Bear Baseball Hat $29.95 Extra 10% off in the app Leather Belt $69.95 $41.00 40% off + extra 10% in the app CashSoft Beanie $34.95 $13.00 60% off + extra 10% in the app Drawcord Hood $39.95 $15.00 60% off + extra 10% in the app",& care 100% Cotton. Machine wash. Imported. Shipping & returns Customers also viewed High Rise VintageSoft Relaxed Joggers $59.95 $47.00 20% off + extra 10% in the app VintageSoft Crop Logo Hoodie $79.95 Extra 10% off in the app High Rise VintageSoft Relaxed Joggers $59.95 $29.00 50% off + extra 10% in the app Organic Cotton VintageSoft T-Shirt $24.95 $20.00 $13 each when you buy 3+ Modern Crewneck T-Shirt $39.95 $23.00 40% off + extra 10% in the app You may also like Heart Crew Socks $15.95 $14.00 Extra 10% off in the app Waxed Canvas Tote Bag $74.95 $44.00 40% off + extra 10% in the app Leather Belt $44.95 $35.00 20% off + extra 10% in the app Waxed Canvas Tote Bag $74.95 $44.00 40% off + extra 10% in the app CashSoft Beanie $34.95 $13.00 60% off + extra 10% in the app Leather Belt $44.95 $35.00 20% off + extra 10% in the app Denim Brannan Bear Baseball Hat $29.95 Extra 10% off in the app Leather Belt $69.95 $41.00 40% off + extra 10% in the app CashSoft Beanie $34.95 $13.00 60% off + extra 10% in the app Drawcord Hood $39.95 $15.00 60% off + extra 10% in the app,Size Guide,https://www.gap.com/webcontent/0059/239/756/cn59239756.jpg,1,2026-02-22,https://www.gap.com/browse/product.do?pid=773872002&vid=1&pcid=3046544&cid=3046544
773847002,gap,Gap,NBA Boston Celtics Logo Tote Bag,,19.97,58.0,,True,4.7,22,"Soft cotton canvas tote bag. Shoulder straps. Boston Celtics graphics. This product was made in a factory that invests in gender equality and women’s empowerment. Through RISE (Reimagining Industry to Support Equality) and Gap Inc.’s program P.A.C.E. (Personal Advancement & Career Enhancement), we support people who make our clothes to build the skills, knowledge, confidence, and resilience needed to advance in work and life. Learn more <a href=""https://www.gapinc.com/en-us/values/sustainability/empowering-women/p-a-c-e-and-rise"" target=""_blank""><u>here</u></a>. #773847; We teamed up with the NBA to celebrate the league’s 75+ year history. Pairing iconic team logos with Gap classics. Made to celebrate the game, for the people who love it most. Soft cotton canvas tote bag. Shoulder straps. Boston Celtics graphics. This product was made in a factory that invests in gender equality and women’s empowerment. Through RISE (Reimagining Industry to Support Equality) and Gap Inc.’s program P.A.C.E. (Personal Advancement & Career Enhancement), we support people who make our clothes to build the skills, knowledge, confidence, and resilience needed to advance in work and life. Learn more here. #773847 Fabric & care 100% Cotton. Machine wash. Imported. Shipping & returns Customers also viewed High Rise VintageSoft Relaxed Joggers $59.95 $47.00 20% off + extra 10% in the app VintageSoft Crop Logo Hoodie $79.95 Extra 10% off in the app High Rise VintageSoft Relaxed Joggers $59.95 $29.00 50% off + extra 10% in the app Organic Cotton VintageSoft T-Shirt $24.95 $20.00 $13 each when you buy 3+ Modern Crewneck T-Shirt $39.95 $23.00 40% off + extra 10% in the app You may also like Leather Belt $44.95 $35.00 20% off + extra 10% in the app Waxed Canvas Tote Bag $74.95 $44.00 40% off + extra 10% in the app Heart Crew Socks $15.95 $14.00 Extra 10% off in the app Drawcord Hood $39.95 $15.00 60% off + extra 10% in the app NAP Logo Crew Socks $15.95 Extra 10% off in the app Leather Belt $44.95 $35.00 20% off + extra 10% in the app Leather Belt $69.95 $41.00 40% off + extra 10% in the app Drawcord Hood $39.95 $15.00 60% off + extra 10% in the app CashSoft Beanie $34.95 $13.00 60% off + extra 10% in the app Leather Belt $44.95 $40.00 Extra 10% off in the app",& care 100% Cotton. Machine wash. Imported. Shipping & returns Customers also viewed High Rise VintageSoft Relaxed Joggers $59.95 $47.00 20% off + extra 10% in the app VintageSoft Crop Logo Hoodie $79.95 Extra 10% off in the app High Rise VintageSoft Relaxed Joggers $59.95 $29.00 50% off + extra 10% in the app Organic Cotton VintageSoft T-Shirt $24.95 $20.00 $13 each when you buy 3+ Modern Crewneck T-Shirt $39.95 $23.00 40% off + extra 10% in the app You may also like Leather Belt $44.95 $35.00 20% off + extra 10% in the app Waxed Canvas Tote Bag $74.95 $44.00 40% off + extra 10% in the app Heart Crew Socks $15.95 $14.00 Extra 10% off in the app Drawcord Hood $39.95 $15.00 60% off + extra 10% in the app NAP Logo Crew Socks $15.95 Extra 10% off in the app Leather Belt $44.95 $35.00 20% off + extra 10% in the app Leather Belt $69.95 $41.00 40% off + extra 10% in the app Drawcord Hood $39.95 $15.00 60% off + extra 10% in the app CashSoft Beanie $34.95 $13.00 60% off + extra 10% in the app Leather Belt $44.95 $40.00 Extra 10% off in the app,Size Guide,https://www.gap.com/webcontent/0059/239/699/cn59239699.jpg,4,2026-02-22,https://www.gap.com/browse/product.do?pid=773847002&vid=1&pcid=3046544&cid=3046544
773841002,gap,Gap,NBA Miami Heat Logo Tote Bag,,16.97,58.0,,True,4.7,22,"Soft cotton canvas tote bag. Shoulder straps. Miami Heat graphics. This product was made in a factory that invests in gender equality and women’s empowerment. Through RISE (Reimagining Industry to Support Equality) and Gap Inc.’s program P.A.C.E. (Personal Advancement & Career Enhancement), we support people who make our clothes to build the skills, knowledge, confidence, and resilience needed to advance in work and life. Learn more <a href=""https://www.gapinc.com/en-us/values/sustainability/empowering-women/p-a-c-e-and-rise"" target=""_blank""><u>here</u></a>. #773841; We teamed up with the NBA to celebrate the league’s 75+ year history. Pairing iconic team logos with Gap classics. Made to celebrate the game, for the people who love it most. Soft cotton canvas tote bag. Shoulder straps. Miami Heat graphics. This product was made in a factory that invests in gender equality and women’s empowerment. Through RISE (Reimagining Industry to Support Equality) and Gap Inc.’s program P.A.C.E. (Personal Advancement & Career Enhancement), we support people who make our clothes to build the skills, knowledge, confidence, and resilience needed to advance in work and life. Learn more here. #773841 Fabric & care 100% Cotton. Machine wash. Imported. Shipping & returns Customers also viewed High Rise VintageSoft Relaxed Joggers $59.95 $47.00 20% off + extra 10% in the app VintageSoft Crop Logo Hoodie $79.95 Extra 10% off in the app High Rise VintageSoft Relaxed Joggers $59.95 $29.00 50% off + extra 10% in the app Organic Cotton VintageSoft T-Shirt $24.95 $20.00 $13 each when you buy 3+ Modern Crewneck T-Shirt $39.95 $23.00 40% off + extra 10% in the app You may also like Heart Crew Socks $15.95 $14.00 Extra 10% off in the app Leather Belt $44.95 $35.00 20% off + extra 10% in the app Sherpa Oversized Half-Zip Pullover $89.95 $44.00 50% off + extra 10% in the app Waxed Canvas Tote Bag $74.95 $44.00 40% off + extra 10% in the app Brannan Bear Beanie $39.95 $15.00 60% off + extra 10% in the app Leather Belt $44.95 $35.00 20% off + extra 10% in the app Drawcord Hood $39.95 $15.00 60% off + extra 10% in the app CashSoft Beanie $34.95 $13.00 60% off + extra 10% in the app Leather Belt $69.95 $41.00 40% off + extra 10% in the app De La Soul Relaxed Graphic T-Shirt $39.95 $23.00 40% off + extra 10% in the app",& care 100% Cotton. Machine wash. Imported. Shipping & returns Customers also viewed High Rise VintageSoft Relaxed Joggers $59.95 $47.00 20% off + extra 10% in the app VintageSoft Crop Logo Hoodie $79.95 Extra 10% off in the app High Rise VintageSoft Relaxed Joggers $59.95 $29.00 50% off + extra 10% in the app Organic Cotton VintageSoft T-Shirt $24.95 $20.00 $13 each when you buy 3+ Modern Crewneck T-Shirt $39.95 $23.00 40% off + extra 10% in the app You may also like Heart Crew Socks $15.95 $14.00 Extra 10% off in the app Leather Belt $44.95 $35.00 20% off + extra 10% in the app Sherpa Oversized Half-Zip Pullover $89.95 $44.00 50% off + extra 10% in the app Waxed Canvas Tote Bag $74.95 $44.00 40% off + extra 10% in the app Brannan Bear Beanie $39.95 $15.00 60% off + extra 10% in the app Leather Belt $44.95 $35.00 20% off + extra 10% in the app Drawcord Hood $39.95 $15.00 60% off + extra 10% in the app CashSoft Beanie $34.95 $13.00 60% off + extra 10% in the app Leather Belt $69.95 $41.00 40% off + extra 10% in the app De La Soul Relaxed Graphic T-Shirt $39.95 $23.00 40% off + extra 10% in the app,Size Guide,https://www.gap.com/webcontent/0059/239/682/cn59239682.jpg,4,2026-02-22,https://www.gap.com/browse/product.do?pid=773841002&vid=1&pcid=3046544&cid=3046544
774993032,gap,Gap,Kids Sherpa Bear Bag,,24.97,34.95,,True,4.5,88,Soft sherpa bear bag with shoulder strap. Zipper at top. #774993,& care 100% Polyester. Wipe clean. Imported. Shipping & returns Customers also viewed High Rise VintageSoft Relaxed Joggers $59.95 $47.00 20% off + extra 10% in the app VintageSoft Crop Logo Hoodie $79.95 Extra 10% off in the app High Rise VintageSoft Relaxed Joggers $59.95 $29.00 50% off + extra 10% in the app Organic Cotton VintageSoft T-Shirt $24.95 $20.00 $13 each when you buy 3+ Modern Crewneck T-Shirt $39.95 $23.00 40% off + extra 10% in the app You may also like Classic T-Shirt $19.95 $15.00 20% off + extra 10% in the app Modern Crewneck T-Shirt $24.95 $9.00 60% off + extra 10% in the app Adult VintageSoft Relaxed Hoodie $59.95 $41.00 30% off + extra 10% in the app VintageSoft Raglan Sweatshirt $59.95 $29.00 50% off + extra 10% in the app CashSoft Boot Sweater Pants $69.95 $41.00 40% off + extra 10% in the app CashSoft Boot Sweater Pants $69.95 $41.00 40% off + extra 10% in the app Modern Tank Top $19.95 $11.00 40% off + extra 10% in the app Organic Cotton VintageSoft T-Shirt $24.95 $20.00 $13 each when you buy 3+ Modern Crewneck T-Shirt $39.95 $23.00 40% off + extra 10% in the app Easy Wide-Leg Pants $89.95 Extra 10% off in the app,Size Guide,https://www.gap.com/webcontent/0054/085/051/cn54085051.jpg,4,2026-02-22,https://www.gap.com/browse/product.do?pid=774993032&vid=1&pcid=3046567&cid=3046567
789158002,gap,Gap,Vegan Suede Barrel Bag,,19.0,49.95,,True,4.2,18,Soft vegan suede barrel bag. Zipper at top. Shoulder strap. #789158,& care Polyester 100% Spot clean. Imported. Shipping & returns Customers also viewed Vegan Suede Bucket Bag $74.95 $59.00 20% off + extra 10% in the app Vegan Suede Slouchy Tote Bag $69.95 $27.00 60% off + extra 10% in the app Vegan Suede Bucket Bag $74.95 $67.00 Extra 10% off in the app Vegan Leather Bucket Tote Bag $69.95 $62.00 Extra 10% off in the app Vegan Suede Bucket Bag $74.95 $44.00 40% off + extra 10% in the app You may also like Vegan Suede Bucket Bag $74.95 $37.00 50% off + extra 10% in the app Gap Denim Logo Tote Bag $54.95 $27.00 50% off + extra 10% in the app Logo Tote Keychain Charm $19.95 $15.00 20% off + extra 10% in the app Gap Logo Tote Bag $49.95 Extra 10% off in the app CloseKnit Jersey Mockneck T-Shirt $34.95 $13.00 60% off + extra 10% in the app Vegan Leather Riding Boots $110.00 $44.00 60% off + extra 10% in the app Denim Tote Bag $59.95 $47.00 20% off + extra 10% in the app Vegan Leather Lug Sole Tall Boots $118.00 $47.00 60% off + extra 10% in the app Vegan Leather Bucket Tote Bag $69.95 $55.00 20% off + extra 10% in the app Brannan Bear Hoodie Keychain Charm $19.95 $17.00 Extra 10% off in the app,Size Guide,https://www.gap.com/webcontent/0059/698/746/cn59698746.jpg,3,2026-02-22,https://www.gap.com/browse/product.do?pid=789158002&vid=1&pcid=3046544&cid=3046544
774993002,gap,Gap,Kids Sherpa Bear Bag,,24.97,34.95,,True,4.5,88,Soft sherpa bear bag with shoulder strap. Zipper at top. #774993,& care 100% Polyester. Wipe clean. Imported. Shipping & returns Customers also viewed High Rise VintageSoft Relaxed Joggers $59.95 $47.00 20% off + extra 10% in the app VintageSoft Crop Logo Hoodie $79.95 Extra 10% off in the app High Rise VintageSoft Relaxed Joggers $59.95 $29.00 50% off + extra 10% in the app Organic Cotton VintageSoft T-Shirt $24.95 $20.00 $13 each when you buy 3+ Modern Crewneck T-Shirt $39.95 $23.00 40% off + extra 10% in the app You may also like Classic T-Shirt $19.95 $15.00 20% off + extra 10% in the app Modern Crewneck T-Shirt $24.95 $9.00 60% off + extra 10% in the app Adult VintageSoft Relaxed Hoodie $59.95 $41.00 30% off + extra 10% in the app VintageSoft Raglan Sweatshirt $59.95 $29.00 50% off + extra 10% in the app CashSoft Boot Sweater Pants $69.95 $41.00 40% off + extra 10% in the app CashSoft Boot Sweater Pants $69.95 $41.00 40% off + extra 10% in the app Modern Tank Top $19.95 $11.00 40% off + extra 10% in the app Organic Cotton VintageSoft T-Shirt $24.95 $20.00 $13 each when you buy 3+ Modern Crewneck T-Shirt $39.95 $23.00 40% off + extra 10% in the app Easy Wide-Leg Pants $89.95 Extra 10% off in the app,Size Guide,https://www.gap.com/webcontent/0053/752/022/cn53752022.jpg,4,2026-02-22,https://www.gap.com/browse/product.do?pid=774993002&vid=1&pcid=3046567&cid=3046567
774993012,gap,Gap,Kids Sherpa Bear Bag,,24.97,34.95,,True,4.5,88,Soft sherpa bear bag with shoulder strap. Zipper at top. #774993,& care 100% Polyester. Wipe clean. Imported. Shipping & returns Customers also viewed High Rise VintageSoft Relaxed Joggers $59.95 $47.00 20% off + extra 10% in the app VintageSoft Crop Logo Hoodie $79.95 Extra 10% off in the app High Rise VintageSoft Relaxed Joggers $59.95 $29.00 50% off + extra 10% in the app Organic Cotton VintageSoft T-Shirt $24.95 $20.00 $13 each when you buy 3+ Modern Crewneck T-Shirt $39.95 $23.00 40% off + extra 10% in the app You may also like Classic T-Shirt $19.95 $15.00 20% off + extra 10% in the app Modern Crewneck T-Shirt $24.95 $9.00 60% off + extra 10% in the app Adult VintageSoft Relaxed Hoodie $59.95 $41.00 30% off + extra 10% in the app VintageSoft Raglan Sweatshirt $59.95 $29.00 50% off + extra 10% in the app CashSoft Boot Sweater Pants $69.95 $41.00 40% off + extra 10% in the app CashSoft Boot Sweater Pants $69.95 $41.00 40% off + extra 10% in the app Modern Tank Top $19.95 $11.00 40% off + extra 10% in the app Organic Cotton VintageSoft T-Shirt $24.95 $20.00 $13 each when you buy 3+ Modern Crewneck T-Shirt $39.95 $23.00 40% off + extra 10% in the app Easy Wide-Leg Pants $89.95 Extra 10% off in the app,Size Guide,https://www.gap.com/webcontent/0054/083/719/cn54083719.jpg,4,2026-02-22,https://www.gap.com/browse/product.do?pid=774993012&vid=1&pcid=3046567&cid=3046567
789158022,gap,Gap,Vegan Suede Barrel Bag,,39.0,49.95,,True,4.2,18,Soft vegan suede barrel bag. Zipper at top. Shoulder strap. #789158,& care Polyester 100% Spot clean. Imported. Shipping & returns Customers also viewed Vegan Suede Bucket Bag $74.95 $59.00 20% off + extra 10% in the app Vegan Suede Slouchy Tote Bag $69.95 $27.00 60% off + extra 10% in the app Vegan Suede Bucket Bag $74.95 $67.00 Extra 10% off in the app Vegan Leather Bucket Tote Bag $69.95 $55.00 20% off + extra 10% in the app Vegan Suede Bucket Bag $74.95 $44.00 40% off + extra 10% in the app You may also like Vegan Suede Slouchy Tote Bag $69.95 $34.00 50% off + extra 10% in the app Denim Tote Bag $59.95 $47.00 20% off + extra 10% in the app Vegan Suede Slouchy Tote Bag $69.95 $27.00 60% off + extra 10% in the app Gap Logo Tote Bag $49.95 Extra 10% off in the app Gap Logo Tote Bag $59.95 $35.00 40% off + extra 10% in the app Logo Tote Keychain Charm $19.95 $11.00 40% off + extra 10% in the app Gap Logo Tote Bag $54.95 $32.00 40% off + extra 10% in the app Gap Denim Logo Tote Bag $54.95 $27.00 50% off + extra 10% in the app Brannan Bear Sleep Keychain Charm $19.95 $11.00 40% off + extra 10% in the app CloseKnit Jersey Mockneck T-Shirt $34.95 $13.00 60% off + extra 10% in the app,Size Guide,https://www.gap.com/webcontent/0059/985/804/cn59985804.jpg,3,2026-02-22,https://www.gap.com/browse/product.do?pid=789158022&vid=1&pcid=3046544&cid=3051538
774993022,gap,Gap,Kids Sherpa Bear Bag,,24.97,34.95,,True,4.5,88,Soft sherpa bear bag with shoulder strap. Zipper at top. #774993,& care 100% Polyester. Wipe clean. Imported. Shipping & returns Customers also viewed High Rise VintageSoft Relaxed Joggers $59.95 $47.00 20% off + extra 10% in the app VintageSoft Crop Logo Hoodie $79.95 Extra 10% off in the app High Rise VintageSoft Relaxed Joggers $59.95 $29.00 50% off + extra 10% in the app Organic Cotton VintageSoft T-Shirt $24.95 $20.00 $13 each when you buy 3+ Modern Crewneck T-Shirt $39.95 $23.00 40% off + extra 10% in the app You may also like Classic T-Shirt $19.95 $15.00 20% off + extra 10% in the app Modern Crewneck T-Shirt $24.95 $9.00 60% off + extra 10% in the app Adult VintageSoft Relaxed Hoodie $59.95 $41.00 30% off + extra 10% in the app VintageSoft Raglan Sweatshirt $59.95 $29.00 50% off + extra 10% in the app CashSoft Boot Sweater Pants $69.95 $41.00 40% off + extra 10% in the app CashSoft Boot Sweater Pants $69.95 $41.00 40% off + extra 10% in the app Modern Tank Top $19.95 $11.00 40% off + extra 10% in the app Organic Cotton VintageSoft T-Shirt $24.95 $20.00 $13 each when you buy 3+ Modern Crewneck T-Shirt $39.95 $23.00 40% off + extra 10% in the app Easy Wide-Leg Pants $89.95 Extra 10% off in the app,Size Guide,https://www.gap.com/webcontent/0054/084/503/cn54084503.jpg,4,2026-02-22,https://www.gap.com/browse/product.do?pid=774993022&vid=1&pcid=3046567&cid=3046567
820443012,gap,Gap,Kids Quilted Weekender Bag,,27.0,69.95,,True,3.4,15,Soft quilted weekender bag. Shoulder strap and handles at top. Zipper closure. Pockets at front. Allover leopard or floral prints. #820443,& care 100% Polyester. Spot clean. Imported. Shipping & returns Customers also viewed Kids Quilted Weekender Bag $69.95 $41.00 40% off + extra 10% in the app Kids Quilted Brannan Bear Weekender Bag $69.95 $27.00 60% off + extra 10% in the app Kids Faux Fur Backpack $39.95 $15.00 60% off + extra 10% in the app Kids Hello Kitty Duffle Bag $89.95 $53.00 40% off + extra 10% in the app Kids Shimmer Straw Backpack $39.95 $23.00 40% off + extra 10% in the app You may also like Kids Quilted Pouch $34.95 $20.00 40% off + extra 10% in the app Kids Quilted Weekender Bag $69.95 $34.00 50% off + extra 10% in the app Kids Quilted Colorblock Duffel Bag $69.95 $34.00 50% off + extra 10% in the app Kids CashSoft Convertible Mittens $24.95 $9.00 60% off + extra 10% in the app Kids CashSoft Leopard Beanie $29.95 $11.00 60% off + extra 10% in the app Kids VintageSoft Baggy Sweatpants $39.95 $23.00 40% off + extra 10% in the app Kids Puffer Jacket $108.00 $54.00 50% off + extra 10% in the app Kids Faux Fur Backpack $39.95 $15.00 60% off + extra 10% in the app Kids Puffer Jacket $108.00 $54.00 50% off + extra 10% in the app Kids Oversized Quilted Zip Jacket $64.95 $38.00 40% off + extra 10% in the app,Size Guide,https://www.gap.com/webcontent/0060/366/819/cn60366819.jpg,1,2026-02-22,https://www.gap.com/browse/product.do?pid=820443012&vid=1&pcid=3046567&cid=3046567
789158012,gap,Gap,Vegan Suede Barrel Bag,,24.0,49.95,,True,4.2,18,Soft vegan suede barrel bag. Zipper at top. Shoulder strap. #789158,& care Polyester 100% Spot clean. Imported. Shipping & returns Customers also viewed Vegan Suede Bucket Bag $74.95 $59.00 20% off + extra 10% in the app Denim Stripe Tote Bag $54.95 Extra 10% off in the app Vegan Suede Bucket Bag $74.95 $37.00 50% off + extra 10% in the app Vegan Suede Bucket Bag $74.95 $44.00 40% off + extra 10% in the app Gap Logo Tote Bag $59.95 $35.00 40% off + extra 10% in the app You may also like Vegan Leather Bucket Tote Bag $69.95 $62.00 Extra 10% off in the app Vegan Suede Slouchy Tote Bag $69.95 $27.00 60% off + extra 10% in the app Vegan Leather Bucket Tote Bag $69.95 $55.00 20% off + extra 10% in the app Vegan Suede Slouchy Tote Bag $69.95 $27.00 60% off + extra 10% in the app Gap Denim Logo Tote Bag $54.95 $27.00 50% off + extra 10% in the app Gap Logo Tote Bag $54.95 $43.00 20% off + extra 10% in the app Gap Logo Tote Bag $49.95 Extra 10% off in the app Denim Tote Bag $59.95 $47.00 20% off + extra 10% in the app Gap Logo Tote Bag $54.95 $32.00 40% off + extra 10% in the app Brannan Bear Hoodie Keychain Charm $19.95 $17.00 Extra 10% off in the app,Size Guide,https://www.gap.com/webcontent/0059/702/480/cn59702480.jpg,3,2026-02-22,https://www.gap.com/browse/product.do?pid=789158012&vid=1&pcid=3046544&cid=3051538
820257002,gap,Gap,Kids Athletic Logo Duffel Bag,,27.0,69.95,,True,5,1,"Smooth woven twill kids duffel bag. Adjustable, removable shoulder strap. Handles at top, zip top closure. Exterior and interior patch pockets. Gap Athletic logo with Varsity-style ""G"" and stripe detail at handles. #820257",& care 100% Polyester. Wipe clean. Imported. Shipping & returns Customers also viewed Kids Camo Duffel Bag $69.95 $34.00 50% off + extra 10% in the app Kids Corduroy Sneakers $49.95 $19.00 60% off + extra 10% in the app Kids Camo Webbed Belt $24.95 $9.00 60% off + extra 10% in the app Kids Nylon Sneakers $49.95 $19.00 60% off + extra 10% in the app Kids Sports Sunglasses $19.95 $7.00 60% off + extra 10% in the app You may also like Kids Recycled Round Sunglasses $19.95 $7.00 60% off + extra 10% in the app Kids Classic Sneakers $44.95 $26.00 40% off + extra 10% in the app Kids French Terry Beanie $19.95 $11.00 40% off + extra 10% in the app Kids Minecraft Beanie $34.95 $13.00 60% off + extra 10% in the app Kids Camo Trucker Hat $19.95 $7.00 60% off + extra 10% in the app Kids Vintage Soft Logo Zip Hoodie $54.95 $32.00 40% off + extra 10% in the app Kids VintageSoft Logo Hoodie $49.95 $29.00 40% off + extra 10% in the app Kids Organic Cotton Gap Arch Logo Baseball Hat $19.95 $7.00 60% off + extra 10% in the app Kids VintageSoft Logo Hoodie $49.95 $29.00 40% off + extra 10% in the app Kids Organic Cotton Baseball Hat $19.95 $7.00 60% off + extra 10% in the app,Size Guide,https://www.gap.com/webcontent/0059/961/236/cn59961236.jpg,1,2026-02-22,https://www.gap.com/browse/product.do?pid=820257002&vid=1&pcid=3046590&cid=3046590
820258002,gap,Gap,Kids Camo Duffel Bag,,34.0,69.95,,True,4.7,6,"Smooth woven kids duffel bag. Adjustable, removable shoulder strap. Handles at top, zip top closure. Exterior and interior patch pockets. Allover camouflage print. #820258",& care 100% Polyester. Wipe clean. Imported. Shipping & returns Customers also viewed Kids Athletic Logo Duffel Bag $69.95 $27.00 60% off + extra 10% in the app Kids Camo Webbed Belt $24.95 $9.00 60% off + extra 10% in the app Kids Corduroy Sneakers $49.95 $19.00 60% off + extra 10% in the app Kids Minecraft Beanie $34.95 $13.00 60% off + extra 10% in the app Kids Nylon Sneakers $49.95 $19.00 60% off + extra 10% in the app You may also like Kids High-Top Sneakers $49.95 $19.00 60% off + extra 10% in the app Kids French Terry Beanie $19.95 $11.00 40% off + extra 10% in the app Kids Classic Sneakers $44.95 $26.00 40% off + extra 10% in the app Kids Camo Trucker Hat $19.95 $7.00 60% off + extra 10% in the app Kids Boat Shoes $54.95 $27.00 50% off + extra 10% in the app Kids Recycled Lightweight PrimaLoft® Puffer Jacket $79.95 $59.99 Kids Quick-Dry Utility Easy Pants $49.95 $24.00 50% off + extra 10% in the app Kids VintageSoft Logo Hoodie $49.95 $29.00 40% off + extra 10% in the app Kids Relaxed Performance Pants $44.95 $26.00 40% off + extra 10% in the app Kids VintageSoft Logo Hoodie $49.95 $29.00 40% off + extra 10% in the app,Size Guide,https://www.gap.com/webcontent/0059/960/977/cn59960977.jpg,1,2026-02-22,https://www.gap.com/browse/product.do?pid=820258002&vid=1&pcid=3046590&cid=3046590
823339012,gap,Gap,Vegan Pebble Leather Slouchy Crossbody Bag,,54.99,64.95,,True,4.6,,This slouchy crossbody bag is made with a vegan pebble leather upper. Adjustable shoulder strap. Zipper closure. Inner patch pocket. #823339,"& care Vegan Leather 100% Wipe clean. Imported. Shipping & returns Customers also viewed Team USA Oversized Crop Sweatshirt $78.00 $54.00 30% off + extra 10% in the app GapStudio Poplin Belted Maxi Shirtdress $178.00 $54.97 Final sale + extra 50% off at checkout Robert Indiana LOVE Poplin PJ Shirt $58.00 $46.00 20% off + extra 10% in the app Robert Indiana LOVE Crew Socks $14.00 $11.00 20% off + extra 10% in the app GapStudio Low Rise Boot Trousers $128.00 $74.97 Final sale + extra 50% off at checkout Robert Indiana Love Denim Bag $34.00 $27.00 20% off + extra 10% in the app Robert Indiana VintageSoft LOVE Sweatshirt $78.00 $62.00 20% off + extra 10% in the app GapStudio Rib T-Shirt $88.00 $44.97 Final sale + extra 50% off at checkout GapStudio Low Rise Corduroy Wide-Leg Pants $128.00 $104.97 Final sale + extra 50% off at checkout GapStudio Tailored Blazer Dress $248.00 $119.97 Final sale + extra 50% off at checkout GapStudio Sheer Bow Shirt $118.00 $74.97 Final sale + extra 50% off at checkout GapStudio Satin Midi Dress $118.00 $84.97 Final sale + extra 50% off at checkout GapStudio Vegan Patent Leather Mini Dress $148.00 $69.97 Final sale + extra 50% off at checkout Adult Team USA Oversized Anorak $118.00 $82.00 30% off + extra 10% in the app GapStudio Low Rise Denim Tweed Loose Jeans $128.00 $89.97 Final sale + extra 50% off at checkout The Biggest Little Sale: 40% off all kids’ & baby styles + more See It First Enter your email address Join Privacy Policy Customer Support Customer Service Buy Online. Pick Up In-Store. Store Locator GapCash GiftCards Gap Good Rewards Join Gap Good Rewards Apply for a Credit Card My Rewards & Benefits Pay Credit Card Bill Learn More About Us Our Values Careers Get the App Sign up for Text Messages Join Our Creator Community © 2026 The Gap, Inc. | Privacy Policy | Your Privacy Choices | Your California Privacy Rights | California Transparency in Supply Chains Act | Terms of Use | Careers | Sustainability | About Gap Inc. Americans with Disabilities Act | Gap Inc. Policies Feedback",Size Guide,https://www.gap.com/webcontent/0061/292/150/cn61292150.jpg,2,2026-02-22,https://www.gap.com/browse/product.do?pid=823339012&vid=1&pcid=3046544&cid=3046544
820468002,gap,Gap,Kids Quilted Colorblock Duffel Bag,,34.0,69.95,,True,5,10,"Soft, quilted cotton-blend duffel bag. Adjustable, removable shoulder strap. Handles at top, zip top closure. Exterior and interior patch pockets. Colorblock design. Fully lined. #820468","& care Outer: 70% Cotton, 30% Nylon. Lining: 100% Polyester. Wipe clean. Imported. Shipping & returns Customers also viewed Kids Quilted Weekender Bag $69.95 $34.00 50% off + extra 10% in the app Kids Hello Kitty Duffle Bag $89.95 $53.00 40% off + extra 10% in the app Kids Quilted Weekender Bag $69.95 $41.00 40% off + extra 10% in the app Kids Bow Logo Crossbody Bag $34.95 $13.00 60% off + extra 10% in the app Kids Slouchy Varsity Quarter Crew Socks (7-Pack) $24.95 $14.00 40% off + extra 10% in the app You may also like Kids Quilted Brannan Bear Weekender Bag $69.95 $27.00 60% off + extra 10% in the app Kids Quilted Weekender Bag $69.95 $27.00 60% off + extra 10% in the app Kids Quilted Pouch $34.95 $20.00 40% off + extra 10% in the app Kids Faux Fur Backpack $39.95 $15.00 60% off + extra 10% in the app Kids Shimmer Straw Backpack $39.95 $23.00 40% off + extra 10% in the app Kids Recycled Lightweight Quilted Puffer Jacket $79.95 $39.00 50% off + extra 10% in the app Kids Oversized Quilted Zip Jacket $64.95 $38.00 40% off + extra 10% in the app Kids Recycled Lightweight Quilted Puffer Jacket $79.95 $39.00 50% off + extra 10% in the app Kids Puffer Jacket $108.00 $54.00 50% off + extra 10% in the app Kids Recycled Lightweight Quilted Puffer Jacket $79.95 $39.00 50% off + extra 10% in the app",Size Guide,https://www.gap.com/webcontent/0059/961/248/cn59961248.jpg,1,2026-02-22,https://www.gap.com/browse/product.do?pid=820468002&vid=1&pcid=3046567&cid=3046567
830127022,gap,Gap,Brannan Bear Hoodie Keychain Charm,,11.0,19.95,,True,4.9,32,"This keychain charm is made of soft knit and faux fur with a metal key ring. Embroidered bear detail and Gap logo at front. This product was made in a factory that invests in gender equity and women’s empowerment through RISE. Learn more at <a href="" https://www.gapinc.com/en-us/impact/bridging-the-equity-gap/p-a-c-e-and-rise""><u>gapinc.com/equity </u></a>. Product #830127; This keychain charm is made of soft knit and faux fur with a metal key ring. Embroidered bear detail and Gap logo at front. This product was made in a factory that invests in gender equity and women’s empowerment through RISE. Learn more at gapinc.com/equity . Product #830127 Fabric & care Bear: 100% Polyester. Wipe clean. Imported. Shipping & returns Customers also viewed Gap Logo Tote Bag $54.95 $32.00 40% off + extra 10% in the app Logo Tote Keychain Charm $19.95 $11.00 40% off + extra 10% in the app Gap Logo Tote Bag $54.95 $43.00 20% off + extra 10% in the app Logo Tote Keychain Charm $19.95 $11.00 40% off + extra 10% in the app Gap Logo Tote Bag $54.95 $32.00 40% off + extra 10% in the app You may also like Brannan Bear Sleep Keychain Charm $19.95 $11.00 40% off + extra 10% in the app Gap Logo Tote Bag $54.95 $43.00 20% off + extra 10% in the app Logo Tote Keychain Charm $19.95 $15.00 20% off + extra 10% in the app Brannan Bear Nap Hoodie Keychain Charm $19.95 $11.00 40% off + extra 10% in the app Logo Hoodie Keychain Charm $14.95 $7.00 50% off + extra 10% in the app Logo Tote Keychain Charm $19.95 $11.00 40% off + extra 10% in the app Brannan Bear Sweater Keychain Charm $19.95 $11.00 40% off + extra 10% in the app Logo Tote Keychain Charm $19.95 $11.00 40% off + extra 10% in the app Gap Logo Tote Bag $59.95 Extra 10% off in the app Logo Hoodie Keychain Charm $14.95 $7.00 50% off + extra 10% in the app",& care Bear: 100% Polyester. Wipe clean. Imported. Shipping & returns Customers also viewed Gap Logo Tote Bag $54.95 $32.00 40% off + extra 10% in the app Logo Tote Keychain Charm $19.95 $11.00 40% off + extra 10% in the app Gap Logo Tote Bag $54.95 $43.00 20% off + extra 10% in the app Logo Tote Keychain Charm $19.95 $11.00 40% off + extra 10% in the app Gap Logo Tote Bag $54.95 $32.00 40% off + extra 10% in the app You may also like Brannan Bear Sleep Keychain Charm $19.95 $11.00 40% off + extra 10% in the app Gap Logo Tote Bag $54.95 $43.00 20% off + extra 10% in the app Logo Tote Keychain Charm $19.95 $15.00 20% off + extra 10% in the app Brannan Bear Nap Hoodie Keychain Charm $19.95 $11.00 40% off + extra 10% in the app Logo Hoodie Keychain Charm $14.95 $7.00 50% off + extra 10% in the app Logo Tote Keychain Charm $19.95 $11.00 40% off + extra 10% in the app Brannan Bear Sweater Keychain Charm $19.95 $11.00 40% off + extra 10% in the app Logo Tote Keychain Charm $19.95 $11.00 40% off + extra 10% in the app Gap Logo Tote Bag $59.95 Extra 10% off in the app Logo Hoodie Keychain Charm $14.95 $7.00 50% off + extra 10% in the app,Size Guide,https://www.gap.com/webcontent/0060/416/055/cn60416055.jpg,3,2026-02-22,https://www.gap.com/browse/product.do?pid=830127022&vid=1&pcid=3046544&cid=3046544
830127002,gap,Gap,Brannan Bear Hoodie Keychain Charm,,17.0,19.95,,True,4.9,32,"This keychain charm is made of soft knit and faux fur with a metal key ring. Embroidered bear detail and Gap logo at front. This product was made in a factory that invests in gender equity and women’s empowerment through RISE. Learn more at <a href="" https://www.gapinc.com/en-us/impact/bridging-the-equity-gap/p-a-c-e-and-rise""><u>gapinc.com/equity </u></a>. Product #830127; This keychain charm is made of soft knit and faux fur with a metal key ring. Embroidered bear detail and Gap logo at front. This product was made in a factory that invests in gender equity and women’s empowerment through RISE. Learn more at gapinc.com/equity . Product #830127 Fabric & care Bear: 100% Polyester. Wipe clean. Imported. Shipping & returns Customers also viewed Logo Tote Keychain Charm $19.95 $15.00 20% off + extra 10% in the app Brannan Bear Scarf Keychain Charm $19.95 $9.00 50% off + extra 10% in the app Logo Hoodie Keychain Charm $14.95 $7.00 50% off + extra 10% in the app Gap Logo Tote Bag $54.95 $43.00 20% off + extra 10% in the app Logo Tote Keychain Charm $19.95 $11.00 40% off + extra 10% in the app You may also like Brannan Bear Sleep Keychain Charm $19.95 $11.00 40% off + extra 10% in the app Brannan Bear Sweater Keychain Charm $19.95 $11.00 40% off + extra 10% in the app Logo Tote Keychain Charm $19.95 $11.00 40% off + extra 10% in the app Gap Logo Tote Bag $54.95 $43.00 20% off + extra 10% in the app Brannan Bear Denim Jacket Keychain Charm $19.95 $13.00 30% off + extra 10% in the app Gap Logo Tote Bag $54.95 $43.00 20% off + extra 10% in the app Brannan Bear Nap Hoodie Keychain Charm $19.95 $11.00 40% off + extra 10% in the app Gap Logo Tote Bag $54.95 $32.00 40% off + extra 10% in the app Gap Jeans Keychain Charm $19.95 $11.00 40% off + extra 10% in the app Gap Logo Tote Bag $54.95 $32.00 40% off + extra 10% in the app",& care Bear: 100% Polyester. Wipe clean. Imported. Shipping & returns Customers also viewed Logo Tote Keychain Charm $19.95 $15.00 20% off + extra 10% in the app Brannan Bear Scarf Keychain Charm $19.95 $9.00 50% off + extra 10% in the app Logo Hoodie Keychain Charm $14.95 $7.00 50% off + extra 10% in the app Gap Logo Tote Bag $54.95 $43.00 20% off + extra 10% in the app Logo Tote Keychain Charm $19.95 $11.00 40% off + extra 10% in the app You may also like Brannan Bear Sleep Keychain Charm $19.95 $11.00 40% off + extra 10% in the app Brannan Bear Sweater Keychain Charm $19.95 $11.00 40% off + extra 10% in the app Logo Tote Keychain Charm $19.95 $11.00 40% off + extra 10% in the app Gap Logo Tote Bag $54.95 $43.00 20% off + extra 10% in the app Brannan Bear Denim Jacket Keychain Charm $19.95 $13.00 30% off + extra 10% in the app Gap Logo Tote Bag $54.95 $43.00 20% off + extra 10% in the app Brannan Bear Nap Hoodie Keychain Charm $19.95 $11.00 40% off + extra 10% in the app Gap Logo Tote Bag $54.95 $32.00 40% off + extra 10% in the app Gap Jeans Keychain Charm $19.95 $11.00 40% off + extra 10% in the app Gap Logo Tote Bag $54.95 $32.00 40% off + extra 10% in the app,Size Guide,https://www.gap.com/webcontent/0060/625/996/cn60625996.jpg,3,2026-02-22,https://www.gap.com/browse/product.do?pid=830127002&vid=1&pcid=3046544&cid=3046544
830127012,gap,Gap,Brannan Bear Hoodie Keychain Charm,,11.0,19.95,,True,4.9,32,"This keychain charm is made of soft knit and faux fur with a metal key ring. Embroidered bear detail and Gap logo at front. This product was made in a factory that invests in gender equity and women’s empowerment through RISE. Learn more at <a href="" https://www.gapinc.com/en-us/impact/bridging-the-equity-gap/p-a-c-e-and-rise""><u>gapinc.com/equity </u></a>. Product #830127; This keychain charm is made of soft knit and faux fur with a metal key ring. Embroidered bear detail and Gap logo at front. This product was made in a factory that invests in gender equity and women’s empowerment through RISE. Learn more at gapinc.com/equity . Product #830127 Fabric & care Bear: 100% Polyester. Wipe clean. Imported. Shipping & returns Customers also viewed Logo Tote Keychain Charm $19.95 $11.00 40% off + extra 10% in the app Gap Logo Tote Bag $54.95 $43.00 20% off + extra 10% in the app Logo Tote Keychain Charm $19.95 $15.00 20% off + extra 10% in the app Gap Logo Tote Bag $54.95 $32.00 40% off + extra 10% in the app Logo Hoodie Keychain Charm $14.95 $7.00 50% off + extra 10% in the app You may also like Brannan Bear Sleep Keychain Charm $19.95 $11.00 40% off + extra 10% in the app Gap Logo Tote Bag $54.95 $43.00 20% off + extra 10% in the app Logo Tote Keychain Charm $19.95 $11.00 40% off + extra 10% in the app Gap Logo Tote Bag $54.95 $32.00 40% off + extra 10% in the app Brannan Bear Nap Hoodie Keychain Charm $19.95 $11.00 40% off + extra 10% in the app Gap Logo Tote Bag $54.95 $43.00 20% off + extra 10% in the app Brannan Bear Sweater Keychain Charm $19.95 $11.00 40% off + extra 10% in the app Logo Tote Keychain Charm $19.95 $11.00 40% off + extra 10% in the app Brannan Bear T-Shirt Keychain Charm $19.95 $9.00 50% off + extra 10% in the app Logo Tote Keychain Charm $19.95 $11.00 40% off + extra 10% in the app",& care Bear: 100% Polyester. Wipe clean. Imported. Shipping & returns Customers also viewed Logo Tote Keychain Charm $19.95 $11.00 40% off + extra 10% in the app Gap Logo Tote Bag $54.95 $43.00 20% off + extra 10% in the app Logo Tote Keychain Charm $19.95 $15.00 20% off + extra 10% in the app Gap Logo Tote Bag $54.95 $32.00 40% off + extra 10% in the app Logo Hoodie Keychain Charm $14.95 $7.00 50% off + extra 10% in the app You may also like Brannan Bear Sleep Keychain Charm $19.95 $11.00 40% off + extra 10% in the app Gap Logo Tote Bag $54.95 $43.00 20% off + extra 10% in the app Logo Tote Keychain Charm $19.95 $11.00 40% off + extra 10% in the app Gap Logo Tote Bag $54.95 $32.00 40% off + extra 10% in the app Brannan Bear Nap Hoodie Keychain Charm $19.95 $11.00 40% off + extra 10% in the app Gap Logo Tote Bag $54.95 $43.00 20% off + extra 10% in the app Brannan Bear Sweater Keychain Charm $19.95 $11.00 40% off + extra 10% in the app Logo Tote Keychain Charm $19.95 $11.00 40% off + extra 10% in the app Brannan Bear T-Shirt Keychain Charm $19.95 $9.00 50% off + extra 10% in the app Logo Tote Keychain Charm $19.95 $11.00 40% off + extra 10% in the app,Size Guide,https://www.gap.com/webcontent/0060/519/081/cn60519081.jpg,3,2026-02-22,https://www.gap.com/browse/product.do?pid=830127012&vid=1&pcid=3046544&cid=3046544
830132002,gap,Gap,Logo Hoodie Keychain Charm,,7.0,14.95,,True,4.7,5,This keychain charm is made of plastic with a metal key ring. Hoodie design with Gap arch logo and kanga pocket. This product was made in a factory that invests in gender equity and women’s empowerment through RISE. Learn more at gapinc.com/equity. #830132; This keychain charm is made of plastic with a metal key ring. Hoodie design with Gap arch logo and kanga pocket. This product was made in a factory that invests in gender equity and women’s empowerment through RISE. Learn more at gapinc.com/equity. #830132 Fabric & care Polyurethane 100% Wipe clean. Imported. Shipping & returns Customers also viewed Brannan Bear Hoodie Keychain Charm $19.95 $17.00 Extra 10% off in the app Brannan Bear Scarf Keychain Charm $19.95 $9.00 50% off + extra 10% in the app Brannan Bear Hoodie Keychain Charm $19.95 $11.00 40% off + extra 10% in the app Gap Logo Tote Bag $59.95 $35.00 40% off + extra 10% in the app Logo Tote Keychain Charm $19.95 $11.00 40% off + extra 10% in the app You may also like Brannan Bear Hoodie Keychain Charm $19.95 $11.00 40% off + extra 10% in the app Logo Tote Keychain Charm $19.95 $11.00 40% off + extra 10% in the app Brannan Bear Nap Hoodie Keychain Charm $19.95 $11.00 40% off + extra 10% in the app Logo Tote Keychain Charm $19.95 $11.00 40% off + extra 10% in the app Gap Logo Tote Bag $54.95 $43.00 20% off + extra 10% in the app Logo Tote Keychain Charm $19.95 $11.00 40% off + extra 10% in the app Brannan Bear Sleep Keychain Charm $19.95 $11.00 40% off + extra 10% in the app Gap Logo Tote Bag $54.95 $32.00 40% off + extra 10% in the app Logo Tote Keychain Charm $19.95 $15.00 20% off + extra 10% in the app Toy Logo Hoodie $14.95 $7.00 50% off + extra 10% in the app,& care Polyurethane 100% Wipe clean. Imported. Shipping & returns Customers also viewed Brannan Bear Hoodie Keychain Charm $19.95 $17.00 Extra 10% off in the app Brannan Bear Scarf Keychain Charm $19.95 $9.00 50% off + extra 10% in the app Brannan Bear Hoodie Keychain Charm $19.95 $11.00 40% off + extra 10% in the app Gap Logo Tote Bag $59.95 $35.00 40% off + extra 10% in the app Logo Tote Keychain Charm $19.95 $11.00 40% off + extra 10% in the app You may also like Brannan Bear Hoodie Keychain Charm $19.95 $11.00 40% off + extra 10% in the app Logo Tote Keychain Charm $19.95 $11.00 40% off + extra 10% in the app Brannan Bear Nap Hoodie Keychain Charm $19.95 $11.00 40% off + extra 10% in the app Logo Tote Keychain Charm $19.95 $11.00 40% off + extra 10% in the app Gap Logo Tote Bag $54.95 $43.00 20% off + extra 10% in the app Logo Tote Keychain Charm $19.95 $11.00 40% off + extra 10% in the app Brannan Bear Sleep Keychain Charm $19.95 $11.00 40% off + extra 10% in the app Gap Logo Tote Bag $54.95 $32.00 40% off + extra 10% in the app Logo Tote Keychain Charm $19.95 $15.00 20% off + extra 10% in the app Toy Logo Hoodie $14.95 $7.00 50% off + extra 10% in the app,Size Guide,https://www.gap.com/webcontent/0059/961/288/cn59961288.jpg,3,2026-02-22,https://www.gap.com/browse/product.do?pid=830132002&vid=1&pcid=3046544&cid=3046544
830132022,gap,Gap,Logo Hoodie Keychain Charm,,7.0,14.95,,True,4.7,5,This keychain charm is made of plastic with a metal key ring. Hoodie design with Gap arch logo and kanga pocket. This product was made in a factory that invests in gender equity and women’s empowerment through RISE. Learn more at gapinc.com/equity. #830132; This keychain charm is made of plastic with a metal key ring. Hoodie design with Gap arch logo and kanga pocket. This product was made in a factory that invests in gender equity and women’s empowerment through RISE. Learn more at gapinc.com/equity. #830132 Fabric & care Polyurethane 100% Wipe clean. Imported. Shipping & returns Customers also viewed Logo Tote Keychain Charm $19.95 $11.00 40% off + extra 10% in the app Toy Logo Hoodie $14.95 $7.00 50% off + extra 10% in the app Brannan Bear Denim Jacket Keychain Charm $19.95 $13.00 30% off + extra 10% in the app Toy Logo Hoodie $14.95 $7.00 50% off + extra 10% in the app Logo Tote Keychain Charm $19.95 $11.00 40% off + extra 10% in the app You may also like Brannan Bear Hoodie Keychain Charm $19.95 $17.00 Extra 10% off in the app Logo Tote Keychain Charm $19.95 $11.00 40% off + extra 10% in the app Gap Jeans Keychain Charm $19.95 $11.00 40% off + extra 10% in the app Logo Tote Keychain Charm $19.95 $11.00 40% off + extra 10% in the app Brannan Bear Sleep Keychain Charm $19.95 $11.00 40% off + extra 10% in the app Logo Tote Keychain Charm $19.95 $11.00 40% off + extra 10% in the app Brannan Bear Hoodie Keychain Charm $19.95 $11.00 40% off + extra 10% in the app Logo Tote Keychain Charm $19.95 $11.00 40% off + extra 10% in the app Toy Logo Hoodie $14.95 $7.00 50% off + extra 10% in the app Gap Logo Tote Bag $54.95 $43.00 20% off + extra 10% in the app,& care Polyurethane 100% Wipe clean. Imported. Shipping & returns Customers also viewed Logo Tote Keychain Charm $19.95 $11.00 40% off + extra 10% in the app Toy Logo Hoodie $14.95 $7.00 50% off + extra 10% in the app Brannan Bear Denim Jacket Keychain Charm $19.95 $13.00 30% off + extra 10% in the app Toy Logo Hoodie $14.95 $7.00 50% off + extra 10% in the app Logo Tote Keychain Charm $19.95 $11.00 40% off + extra 10% in the app You may also like Brannan Bear Hoodie Keychain Charm $19.95 $17.00 Extra 10% off in the app Logo Tote Keychain Charm $19.95 $11.00 40% off + extra 10% in the app Gap Jeans Keychain Charm $19.95 $11.00 40% off + extra 10% in the app Logo Tote Keychain Charm $19.95 $11.00 40% off + extra 10% in the app Brannan Bear Sleep Keychain Charm $19.95 $11.00 40% off + extra 10% in the app Logo Tote Keychain Charm $19.95 $11.00 40% off + extra 10% in the app Brannan Bear Hoodie Keychain Charm $19.95 $11.00 40% off + extra 10% in the app Logo Tote Keychain Charm $19.95 $11.00 40% off + extra 10% in the app Toy Logo Hoodie $14.95 $7.00 50% off + extra 10% in the app Gap Logo Tote Bag $54.95 $43.00 20% off + extra 10% in the app,Size Guide,https://www.gap.com/webcontent/0060/518/995/cn60518995.jpg,3,2026-02-22,https://www.gap.com/browse/product.do?pid=830132022&vid=1&pcid=3046544&cid=3046544
830138002,gap,Gap,Logo Tote Keychain Charm,,11.0,19.95,,True,5,22,Soft canvas cotton logo tote bag keychain charm. #830138; Soft canvas cotton logo tote bag keychain charm. #830138 Fabric & care 100% Cotton Spot clean. Imported. Shipping & returns Customers also viewed Toy Logo Hoodie $14.95 $7.00 50% off + extra 10% in the app Brannan Bear Sweater Keychain Charm $19.95 $11.00 40% off + extra 10% in the app Toy Logo Hoodie $14.95 $7.00 50% off + extra 10% in the app Brannan Bear Hoodie Keychain Charm $19.95 $17.00 Extra 10% off in the app Toy Logo Hoodie $14.95 $7.00 50% off + extra 10% in the app You may also like Brannan Bear Scarf Keychain Charm $19.95 $9.00 50% off + extra 10% in the app Logo Hoodie Keychain Charm $14.95 $7.00 50% off + extra 10% in the app Brannan Bear Nap Hoodie Keychain Charm $19.95 $11.00 40% off + extra 10% in the app Brannan Bear Denim Jacket Keychain Charm $19.95 $13.00 30% off + extra 10% in the app Gap Jeans Keychain Charm $19.95 $11.00 40% off + extra 10% in the app Logo Hoodie Keychain Charm $14.95 $7.00 50% off + extra 10% in the app Gap Logo Tote Bag $54.95 $43.00 20% off + extra 10% in the app Brannan Bear Logo Denim Tote Bag $59.95 $47.00 20% off + extra 10% in the app Gap Logo Tote Bag $54.95 $43.00 20% off + extra 10% in the app Denim Tote Bag $59.95 $41.00 30% off + extra 10% in the app,& care 100% Cotton Spot clean. Imported. Shipping & returns Customers also viewed Toy Logo Hoodie $14.95 $7.00 50% off + extra 10% in the app Brannan Bear Sweater Keychain Charm $19.95 $11.00 40% off + extra 10% in the app Toy Logo Hoodie $14.95 $7.00 50% off + extra 10% in the app Brannan Bear Hoodie Keychain Charm $19.95 $17.00 Extra 10% off in the app Toy Logo Hoodie $14.95 $7.00 50% off + extra 10% in the app You may also like Brannan Bear Scarf Keychain Charm $19.95 $9.00 50% off + extra 10% in the app Logo Hoodie Keychain Charm $14.95 $7.00 50% off + extra 10% in the app Brannan Bear Nap Hoodie Keychain Charm $19.95 $11.00 40% off + extra 10% in the app Brannan Bear Denim Jacket Keychain Charm $19.95 $13.00 30% off + extra 10% in the app Gap Jeans Keychain Charm $19.95 $11.00 40% off + extra 10% in the app Logo Hoodie Keychain Charm $14.95 $7.00 50% off + extra 10% in the app Gap Logo Tote Bag $54.95 $43.00 20% off + extra 10% in the app Brannan Bear Logo Denim Tote Bag $59.95 $47.00 20% off + extra 10% in the app Gap Logo Tote Bag $54.95 $43.00 20% off + extra 10% in the app Denim Tote Bag $59.95 $41.00 30% off + extra 10% in the app,Size Guide,https://www.gap.com/webcontent/0059/961/319/cn59961319.jpg,15,2026-02-22,https://www.gap.com/browse/product.do?pid=830138002&vid=1&pcid=3046544&cid=3046544
830132012,gap,Gap,Logo Hoodie Keychain Charm,,7.0,14.95,,True,4.7,5,This keychain charm is made of plastic with a metal key ring. Hoodie design with Gap arch logo and kanga pocket. This product was made in a factory that invests in gender equity and women’s empowerment through RISE. Learn more at gapinc.com/equity. #830132; This keychain charm is made of plastic with a metal key ring. Hoodie design with Gap arch logo and kanga pocket. This product was made in a factory that invests in gender equity and women’s empowerment through RISE. Learn more at gapinc.com/equity. #830132 Fabric & care Polyurethane 100% Wipe clean. Imported. Shipping & returns Customers also viewed Brannan Bear Scarf Keychain Charm $19.95 $9.00 50% off + extra 10% in the app Logo Tote Keychain Charm $19.95 $15.00 20% off + extra 10% in the app Logo Tote Keychain Charm $19.95 $11.00 40% off + extra 10% in the app Brannan Bear Hoodie Keychain Charm $19.95 $17.00 Extra 10% off in the app Logo Tote Keychain Charm $19.95 $11.00 40% off + extra 10% in the app You may also like Brannan Bear Sleep Keychain Charm $19.95 $11.00 40% off + extra 10% in the app Brannan Bear Sweater Keychain Charm $19.95 $11.00 40% off + extra 10% in the app Gap Logo Tote Bag $54.95 $43.00 20% off + extra 10% in the app Logo Tote Keychain Charm $19.95 $11.00 40% off + extra 10% in the app Brannan Bear Nap Hoodie Keychain Charm $19.95 $11.00 40% off + extra 10% in the app Logo Tote Keychain Charm $19.95 $11.00 40% off + extra 10% in the app Brannan Bear Hoodie Keychain Charm $19.95 $11.00 40% off + extra 10% in the app Brannan Bear Denim Jacket Keychain Charm $19.95 $13.00 30% off + extra 10% in the app Toy Logo Hoodie $14.95 $7.00 50% off + extra 10% in the app Logo Tote Keychain Charm $19.95 $11.00 40% off + extra 10% in the app,& care Polyurethane 100% Wipe clean. Imported. Shipping & returns Customers also viewed Brannan Bear Scarf Keychain Charm $19.95 $9.00 50% off + extra 10% in the app Logo Tote Keychain Charm $19.95 $15.00 20% off + extra 10% in the app Logo Tote Keychain Charm $19.95 $11.00 40% off + extra 10% in the app Brannan Bear Hoodie Keychain Charm $19.95 $17.00 Extra 10% off in the app Logo Tote Keychain Charm $19.95 $11.00 40% off + extra 10% in the app You may also like Brannan Bear Sleep Keychain Charm $19.95 $11.00 40% off + extra 10% in the app Brannan Bear Sweater Keychain Charm $19.95 $11.00 40% off + extra 10% in the app Gap Logo Tote Bag $54.95 $43.00 20% off + extra 10% in the app Logo Tote Keychain Charm $19.95 $11.00 40% off + extra 10% in the app Brannan Bear Nap Hoodie Keychain Charm $19.95 $11.00 40% off + extra 10% in the app Logo Tote Keychain Charm $19.95 $11.00 40% off + extra 10% in the app Brannan Bear Hoodie Keychain Charm $19.95 $11.00 40% off + extra 10% in the app Brannan Bear Denim Jacket Keychain Charm $19.95 $13.00 30% off + extra 10% in the app Toy Logo Hoodie $14.95 $7.00 50% off + extra 10% in the app Logo Tote Keychain Charm $19.95 $11.00 40% off + extra 10% in the app,Size Guide,https://www.gap.com/webcontent/0059/961/305/cn59961305.jpg,3,2026-02-22,https://www.gap.com/browse/product.do?pid=830132012&vid=1&pcid=3046544&cid=3046544
830138012,gap,Gap,Logo Tote Keychain Charm,,11.0,19.95,,True,5,22,Soft canvas cotton logo tote bag keychain charm. #830138; Soft canvas cotton logo tote bag keychain charm. #830138 Fabric & care 100% Cotton Spot clean. Imported. Shipping & returns Customers also viewed Logo Hoodie Keychain Charm $14.95 $7.00 50% off + extra 10% in the app Brannan Bear Scarf Keychain Charm $19.95 $9.00 50% off + extra 10% in the app Brannan Bear Sleep Keychain Charm $19.95 $11.00 40% off + extra 10% in the app Brannan Bear Nap Hoodie Keychain Charm $19.95 $11.00 40% off + extra 10% in the app Gap Jeans Keychain Charm $19.95 $11.00 40% off + extra 10% in the app You may also like Brannan Bear Denim Jacket Keychain Charm $19.95 $13.00 30% off + extra 10% in the app Brannan Bear Sweater Keychain Charm $19.95 $11.00 40% off + extra 10% in the app Gap Logo Tote Bag $54.95 $43.00 20% off + extra 10% in the app Toy Logo Hoodie $14.95 $7.00 50% off + extra 10% in the app Gap Logo Tote Bag $54.95 $43.00 20% off + extra 10% in the app Brannan Bear Hoodie Keychain Charm $19.95 $11.00 40% off + extra 10% in the app Gap Logo Tote Bag $54.95 $32.00 40% off + extra 10% in the app Toy Logo Hoodie $14.95 $7.00 50% off + extra 10% in the app Gap Logo Tote Bag $59.95 $35.00 40% off + extra 10% in the app Logo Hoodie Keychain Charm $14.95 $7.00 50% off + extra 10% in the app,& care 100% Cotton Spot clean. Imported. Shipping & returns Customers also viewed Logo Hoodie Keychain Charm $14.95 $7.00 50% off + extra 10% in the app Brannan Bear Scarf Keychain Charm $19.95 $9.00 50% off + extra 10% in the app Brannan Bear Sleep Keychain Charm $19.95 $11.00 40% off + extra 10% in the app Brannan Bear Nap Hoodie Keychain Charm $19.95 $11.00 40% off + extra 10% in the app Gap Jeans Keychain Charm $19.95 $11.00 40% off + extra 10% in the app You may also like Brannan Bear Denim Jacket Keychain Charm $19.95 $13.00 30% off + extra 10% in the app Brannan Bear Sweater Keychain Charm $19.95 $11.00 40% off + extra 10% in the app Gap Logo Tote Bag $54.95 $43.00 20% off + extra 10% in the app Toy Logo Hoodie $14.95 $7.00 50% off + extra 10% in the app Gap Logo Tote Bag $54.95 $43.00 20% off + extra 10% in the app Brannan Bear Hoodie Keychain Charm $19.95 $11.00 40% off + extra 10% in the app Gap Logo Tote Bag $54.95 $32.00 40% off + extra 10% in the app Toy Logo Hoodie $14.95 $7.00 50% off + extra 10% in the app Gap Logo Tote Bag $59.95 $35.00 40% off + extra 10% in the app Logo Hoodie Keychain Charm $14.95 $7.00 50% off + extra 10% in the app,Size Guide,https://www.gap.com/webcontent/0059/961/346/cn59961346.jpg,15,2026-02-22,https://www.gap.com/browse/product.do?pid=830138012&vid=1&pcid=3046544&cid=3051539
830138022,gap,Gap,Logo Tote Keychain Charm,,11.0,19.95,,True,5,22,Soft canvas cotton logo tote bag keychain charm. #830138; Soft canvas cotton logo tote bag keychain charm. #830138 Fabric & care 100% Cotton Spot clean. Imported. Shipping & returns Customers also viewed Brannan Bear Hoodie Keychain Charm $19.95 $11.00 40% off + extra 10% in the app Brannan Bear Sleep Keychain Charm $19.95 $11.00 40% off + extra 10% in the app Gap Jeans Keychain Charm $19.95 $11.00 40% off + extra 10% in the app Logo Hoodie Keychain Charm $14.95 $7.00 50% off + extra 10% in the app Brannan Bear Scarf Keychain Charm $19.95 $9.00 50% off + extra 10% in the app You may also like Gap Logo Tote Bag $54.95 $43.00 20% off + extra 10% in the app Brannan Bear Nap Hoodie Keychain Charm $19.95 $11.00 40% off + extra 10% in the app Brannan Bear Denim Jacket Keychain Charm $19.95 $13.00 30% off + extra 10% in the app Toy Logo Hoodie $14.95 $7.00 50% off + extra 10% in the app Gap Logo Tote Bag $54.95 $43.00 20% off + extra 10% in the app Toy Logo Hoodie $14.95 $7.00 50% off + extra 10% in the app Gap Logo Tote Bag $54.95 $32.00 40% off + extra 10% in the app Toy Logo Hoodie $14.95 $7.00 50% off + extra 10% in the app Gap Logo Tote Bag $54.95 $43.00 20% off + extra 10% in the app Denim Tote Bag $59.95 $41.00 30% off + extra 10% in the app,& care 100% Cotton Spot clean. Imported. Shipping & returns Customers also viewed Brannan Bear Hoodie Keychain Charm $19.95 $11.00 40% off + extra 10% in the app Brannan Bear Sleep Keychain Charm $19.95 $11.00 40% off + extra 10% in the app Gap Jeans Keychain Charm $19.95 $11.00 40% off + extra 10% in the app Logo Hoodie Keychain Charm $14.95 $7.00 50% off + extra 10% in the app Brannan Bear Scarf Keychain Charm $19.95 $9.00 50% off + extra 10% in the app You may also like Gap Logo Tote Bag $54.95 $43.00 20% off + extra 10% in the app Brannan Bear Nap Hoodie Keychain Charm $19.95 $11.00 40% off + extra 10% in the app Brannan Bear Denim Jacket Keychain Charm $19.95 $13.00 30% off + extra 10% in the app Toy Logo Hoodie $14.95 $7.00 50% off + extra 10% in the app Gap Logo Tote Bag $54.95 $43.00 20% off + extra 10% in the app Toy Logo Hoodie $14.95 $7.00 50% off + extra 10% in the app Gap Logo Tote Bag $54.95 $32.00 40% off + extra 10% in the app Toy Logo Hoodie $14.95 $7.00 50% off + extra 10% in the app Gap Logo Tote Bag $54.95 $43.00 20% off + extra 10% in the app Denim Tote Bag $59.95 $41.00 30% off + extra 10% in the app,Size Guide,https://www.gap.com/webcontent/0059/961/318/cn59961318.jpg,15,2026-02-22,https://www.gap.com/browse/product.do?pid=830138022&vid=1&pcid=3046544&cid=3051539
830138052,gap,Gap,Logo Tote Keychain Charm,,15.0,19.95,,True,5,22,Soft canvas cotton logo tote bag keychain charm. #830138; Soft canvas cotton logo tote bag keychain charm. #830138 Fabric & care 100% Cotton Spot clean. Imported. Shipping & returns Customers also viewed Toy Logo Hoodie $14.95 $7.00 50% off + extra 10% in the app Logo Hoodie Keychain Charm $14.95 $7.00 50% off + extra 10% in the app Toy Logo Hoodie $14.95 $7.00 50% off + extra 10% in the app Brannan Bear Scarf Keychain Charm $19.95 $9.00 50% off + extra 10% in the app Toy Logo Hoodie $14.95 $7.00 50% off + extra 10% in the app You may also like Toy Logo Hoodie $14.95 $7.00 50% off + extra 10% in the app Gap Jeans Keychain Charm $19.95 $11.00 40% off + extra 10% in the app Denim Tote Bag $59.95 $41.00 30% off + extra 10% in the app Brannan Bear Sweater Keychain Charm $19.95 $11.00 40% off + extra 10% in the app Brannan Bear Sleep Keychain Charm $19.95 $11.00 40% off + extra 10% in the app Brannan Bear Hoodie Keychain Charm $19.95 $17.00 Extra 10% off in the app Gap Logo Tote Bag $49.95 Extra 10% off in the app Logo Hoodie Keychain Charm $14.95 $7.00 50% off + extra 10% in the app Gap Logo Tote Bag $54.95 $32.00 40% off + extra 10% in the app Brannan Bear T-Shirt Keychain Charm $19.95 $9.00 50% off + extra 10% in the app,& care 100% Cotton Spot clean. Imported. Shipping & returns Customers also viewed Toy Logo Hoodie $14.95 $7.00 50% off + extra 10% in the app Logo Hoodie Keychain Charm $14.95 $7.00 50% off + extra 10% in the app Toy Logo Hoodie $14.95 $7.00 50% off + extra 10% in the app Brannan Bear Scarf Keychain Charm $19.95 $9.00 50% off + extra 10% in the app Toy Logo Hoodie $14.95 $7.00 50% off + extra 10% in the app You may also like Toy Logo Hoodie $14.95 $7.00 50% off + extra 10% in the app Gap Jeans Keychain Charm $19.95 $11.00 40% off + extra 10% in the app Denim Tote Bag $59.95 $41.00 30% off + extra 10% in the app Brannan Bear Sweater Keychain Charm $19.95 $11.00 40% off + extra 10% in the app Brannan Bear Sleep Keychain Charm $19.95 $11.00 40% off + extra 10% in the app Brannan Bear Hoodie Keychain Charm $19.95 $17.00 Extra 10% off in the app Gap Logo Tote Bag $49.95 Extra 10% off in the app Logo Hoodie Keychain Charm $14.95 $7.00 50% off + extra 10% in the app Gap Logo Tote Bag $54.95 $32.00 40% off + extra 10% in the app Brannan Bear T-Shirt Keychain Charm $19.95 $9.00 50% off + extra 10% in the app,Size Guide,https://www.gap.com/webcontent/0061/518/444/cn61518444.jpg,15,2026-02-22,https://www.gap.com/browse/product.do?pid=830138052&vid=1&pcid=3046544&cid=3046544
830138032,gap,Gap,Logo Tote Keychain Charm,,11.0,19.95,,True,5,22,Soft canvas cotton logo tote bag keychain charm. #830138; Soft canvas cotton logo tote bag keychain charm. #830138 Fabric & care 100% Cotton Spot clean. Imported. Shipping & returns Customers also viewed Toy Logo Hoodie $14.95 $7.00 50% off + extra 10% in the app Gap Jeans Keychain Charm $19.95 $11.00 40% off + extra 10% in the app Toy Logo Hoodie $14.95 $7.00 50% off + extra 10% in the app Brannan Bear Logo Denim Tote Bag $59.95 $47.00 20% off + extra 10% in the app Toy Logo Hoodie $14.95 $7.00 50% off + extra 10% in the app You may also like Toy Logo Hoodie $14.95 $7.00 50% off + extra 10% in the app Brannan Bear Scarf Keychain Charm $19.95 $9.00 50% off + extra 10% in the app Logo Hoodie Keychain Charm $14.95 $7.00 50% off + extra 10% in the app Brannan Bear Denim Jacket Keychain Charm $19.95 $13.00 30% off + extra 10% in the app Brannan Bear Sweater Keychain Charm $19.95 $11.00 40% off + extra 10% in the app Gap Logo Tote Bag $49.95 Extra 10% off in the app Logo Hoodie Keychain Charm $14.95 $7.00 50% off + extra 10% in the app Gap Logo Tote Bag $54.95 $43.00 20% off + extra 10% in the app Denim Tote Bag $59.95 $41.00 30% off + extra 10% in the app Gap Logo Tote Bag $54.95 $43.00 20% off + extra 10% in the app,& care 100% Cotton Spot clean. Imported. Shipping & returns Customers also viewed Toy Logo Hoodie $14.95 $7.00 50% off + extra 10% in the app Gap Jeans Keychain Charm $19.95 $11.00 40% off + extra 10% in the app Toy Logo Hoodie $14.95 $7.00 50% off + extra 10% in the app Brannan Bear Logo Denim Tote Bag $59.95 $47.00 20% off + extra 10% in the app Toy Logo Hoodie $14.95 $7.00 50% off + extra 10% in the app You may also like Toy Logo Hoodie $14.95 $7.00 50% off + extra 10% in the app Brannan Bear Scarf Keychain Charm $19.95 $9.00 50% off + extra 10% in the app Logo Hoodie Keychain Charm $14.95 $7.00 50% off + extra 10% in the app Brannan Bear Denim Jacket Keychain Charm $19.95 $13.00 30% off + extra 10% in the app Brannan Bear Sweater Keychain Charm $19.95 $11.00 40% off + extra 10% in the app Gap Logo Tote Bag $49.95 Extra 10% off in the app Logo Hoodie Keychain Charm $14.95 $7.00 50% off + extra 10% in the app Gap Logo Tote Bag $54.95 $43.00 20% off + extra 10% in the app Denim Tote Bag $59.95 $41.00 30% off + extra 10% in the app Gap Logo Tote Bag $54.95 $43.00 20% off + extra 10% in the app,Size Guide,https://www.gap.com/webcontent/0060/260/943/cn60260943.jpg,15,2026-02-22,https://www.gap.com/browse/product.do?pid=830138032&vid=1&pcid=3046544&cid=3046544
830138072,gap,Gap,Logo Tote Keychain Charm,,11.0,19.95,,True,5,22,Soft canvas cotton logo tote bag keychain charm. #830138; Soft canvas cotton logo tote bag keychain charm. #830138 Fabric & care 100% Cotton Spot clean. Imported. Shipping & returns Customers also viewed Brannan Bear Scarf Keychain Charm $19.95 $9.00 50% off + extra 10% in the app Brannan Bear Denim Jacket Keychain Charm $19.95 $13.00 30% off + extra 10% in the app Brannan Bear Sleep Keychain Charm $19.95 $11.00 40% off + extra 10% in the app Brannan Bear Hoodie Keychain Charm $19.95 $17.00 Extra 10% off in the app Denim Tote Bag $59.95 $47.00 20% off + extra 10% in the app You may also like Brannan Bear Sweater Keychain Charm $19.95 $11.00 40% off + extra 10% in the app Gap Logo Tote Bag $54.95 $43.00 20% off + extra 10% in the app Logo Hoodie Keychain Charm $14.95 $7.00 50% off + extra 10% in the app Gap Logo Tote Bag $54.95 $32.00 40% off + extra 10% in the app Toy Logo Hoodie $14.95 $7.00 50% off + extra 10% in the app Gap Logo Tote Bag $54.95 $43.00 20% off + extra 10% in the app Toy Logo Hoodie $14.95 $7.00 50% off + extra 10% in the app Brannan Bear Nap Hoodie Keychain Charm $19.95 $11.00 40% off + extra 10% in the app Gap Logo Tote Bag $59.95 Extra 10% off in the app Brannan Bear Hoodie Keychain Charm $19.95 $11.00 40% off + extra 10% in the app,& care 100% Cotton Spot clean. Imported. Shipping & returns Customers also viewed Brannan Bear Scarf Keychain Charm $19.95 $9.00 50% off + extra 10% in the app Brannan Bear Denim Jacket Keychain Charm $19.95 $13.00 30% off + extra 10% in the app Brannan Bear Sleep Keychain Charm $19.95 $11.00 40% off + extra 10% in the app Brannan Bear Hoodie Keychain Charm $19.95 $17.00 Extra 10% off in the app Denim Tote Bag $59.95 $47.00 20% off + extra 10% in the app You may also like Brannan Bear Sweater Keychain Charm $19.95 $11.00 40% off + extra 10% in the app Gap Logo Tote Bag $54.95 $43.00 20% off + extra 10% in the app Logo Hoodie Keychain Charm $14.95 $7.00 50% off + extra 10% in the app Gap Logo Tote Bag $54.95 $32.00 40% off + extra 10% in the app Toy Logo Hoodie $14.95 $7.00 50% off + extra 10% in the app Gap Logo Tote Bag $54.95 $43.00 20% off + extra 10% in the app Toy Logo Hoodie $14.95 $7.00 50% off + extra 10% in the app Brannan Bear Nap Hoodie Keychain Charm $19.95 $11.00 40% off + extra 10% in the app Gap Logo Tote Bag $59.95 Extra 10% off in the app Brannan Bear Hoodie Keychain Charm $19.95 $11.00 40% off + extra 10% in the app,Size Guide,https://www.gap.com/webcontent/0061/518/445/cn61518445.jpg,15,2026-02-22,https://www.gap.com/browse/product.do?pid=830138072&vid=1&pcid=3046544&cid=3051539
830138042,gap,Gap,Logo Tote Keychain Charm,,11.0,19.95,,True,5,22,Soft canvas cotton logo tote bag keychain charm. #830138; Soft canvas cotton logo tote bag keychain charm. #830138 Fabric & care 100% Cotton Spot clean. Imported. Shipping & returns Customers also viewed Brannan Bear Sleep Keychain Charm $19.95 $11.00 40% off + extra 10% in the app Logo Hoodie Keychain Charm $14.95 $7.00 50% off + extra 10% in the app Gap Logo Tote Bag $54.95 $43.00 20% off + extra 10% in the app Brannan Bear Hoodie Keychain Charm $19.95 $17.00 Extra 10% off in the app Brannan Bear Nap Hoodie Keychain Charm $19.95 $11.00 40% off + extra 10% in the app You may also like Brannan Bear Denim Jacket Keychain Charm $19.95 $13.00 30% off + extra 10% in the app Brannan Bear Scarf Keychain Charm $19.95 $9.00 50% off + extra 10% in the app Brannan Bear Sweater Keychain Charm $19.95 $11.00 40% off + extra 10% in the app Gap Logo Tote Bag $54.95 $32.00 40% off + extra 10% in the app Gap Jeans Keychain Charm $19.95 $11.00 40% off + extra 10% in the app Toy Logo Hoodie $14.95 $7.00 50% off + extra 10% in the app Brannan Bear T-Shirt Keychain Charm $19.95 $9.00 50% off + extra 10% in the app Brannan Bear Hoodie Keychain Charm $19.95 $11.00 40% off + extra 10% in the app Toy Logo Hoodie $14.95 $7.00 50% off + extra 10% in the app Brannan Bear Hoodie Keychain Charm $19.95 $11.00 40% off + extra 10% in the app,& care 100% Cotton Spot clean. Imported. Shipping & returns Customers also viewed Brannan Bear Sleep Keychain Charm $19.95 $11.00 40% off + extra 10% in the app Logo Hoodie Keychain Charm $14.95 $7.00 50% off + extra 10% in the app Gap Logo Tote Bag $54.95 $43.00 20% off + extra 10% in the app Brannan Bear Hoodie Keychain Charm $19.95 $17.00 Extra 10% off in the app Brannan Bear Nap Hoodie Keychain Charm $19.95 $11.00 40% off + extra 10% in the app You may also like Brannan Bear Denim Jacket Keychain Charm $19.95 $13.00 30% off + extra 10% in the app Brannan Bear Scarf Keychain Charm $19.95 $9.00 50% off + extra 10% in the app Brannan Bear Sweater Keychain Charm $19.95 $11.00 40% off + extra 10% in the app Gap Logo Tote Bag $54.95 $32.00 40% off + extra 10% in the app Gap Jeans Keychain Charm $19.95 $11.00 40% off + extra 10% in the app Toy Logo Hoodie $14.95 $7.00 50% off + extra 10% in the app Brannan Bear T-Shirt Keychain Charm $19.95 $9.00 50% off + extra 10% in the app Brannan Bear Hoodie Keychain Charm $19.95 $11.00 40% off + extra 10% in the app Toy Logo Hoodie $14.95 $7.00 50% off + extra 10% in the app Brannan Bear Hoodie Keychain Charm $19.95 $11.00 40% off + extra 10% in the app,Size Guide,https://www.gap.com/webcontent/0061/502/344/cn61502344.jpg,15,2026-02-22,https://www.gap.com/browse/product.do?pid=830138042&vid=1&pcid=3046544&cid=3046544
830138142,gap,Gap,Logo Tote Keychain Charm,,11.0,19.95,,True,5,22,Soft canvas cotton logo tote bag keychain charm. #830138; Soft canvas cotton logo tote bag keychain charm. #830138 Fabric & care 100% Cotton Spot clean. Imported. Shipping & returns Customers also viewed Brannan Bear Denim Jacket Keychain Charm $19.95 $13.00 30% off + extra 10% in the app Brannan Bear Nap Hoodie Keychain Charm $19.95 $11.00 40% off + extra 10% in the app Brannan Bear Scarf Keychain Charm $19.95 $9.00 50% off + extra 10% in the app Gap Jeans Keychain Charm $19.95 $11.00 40% off + extra 10% in the app Brannan Bear Sleep Keychain Charm $19.95 $11.00 40% off + extra 10% in the app You may also like Logo Hoodie Keychain Charm $14.95 $7.00 50% off + extra 10% in the app Brannan Bear Sweater Keychain Charm $19.95 $11.00 40% off + extra 10% in the app Toy Logo Hoodie $14.95 $7.00 50% off + extra 10% in the app Brannan Bear Logo Denim Tote Bag $59.95 $47.00 20% off + extra 10% in the app Toy Logo Hoodie $14.95 $7.00 50% off + extra 10% in the app Gap Logo Tote Bag $59.95 $35.00 40% off + extra 10% in the app Toy Logo Hoodie $14.95 $7.00 50% off + extra 10% in the app Gap Logo Tote Bag $54.95 $43.00 20% off + extra 10% in the app Gap Logo Tote Bag $49.95 Extra 10% off in the app Gap Logo Tote Bag $54.95 $32.00 40% off + extra 10% in the app,& care 100% Cotton Spot clean. Imported. Shipping & returns Customers also viewed Brannan Bear Denim Jacket Keychain Charm $19.95 $13.00 30% off + extra 10% in the app Brannan Bear Nap Hoodie Keychain Charm $19.95 $11.00 40% off + extra 10% in the app Brannan Bear Scarf Keychain Charm $19.95 $9.00 50% off + extra 10% in the app Gap Jeans Keychain Charm $19.95 $11.00 40% off + extra 10% in the app Brannan Bear Sleep Keychain Charm $19.95 $11.00 40% off + extra 10% in the app You may also like Logo Hoodie Keychain Charm $14.95 $7.00 50% off + extra 10% in the app Brannan Bear Sweater Keychain Charm $19.95 $11.00 40% off + extra 10% in the app Toy Logo Hoodie $14.95 $7.00 50% off + extra 10% in the app Brannan Bear Logo Denim Tote Bag $59.95 $47.00 20% off + extra 10% in the app Toy Logo Hoodie $14.95 $7.00 50% off + extra 10% in the app Gap Logo Tote Bag $59.95 $35.00 40% off + extra 10% in the app Toy Logo Hoodie $14.95 $7.00 50% off + extra 10% in the app Gap Logo Tote Bag $54.95 $43.00 20% off + extra 10% in the app Gap Logo Tote Bag $49.95 Extra 10% off in the app Gap Logo Tote Bag $54.95 $32.00 40% off + extra 10% in the app,Size Guide,https://www.gap.com/webcontent/0061/518/508/cn61518508.jpg,15,2026-02-22,https://www.gap.com/browse/product.do?pid=830138142&vid=1&pcid=3046544&cid=3046544
830138102,gap,Gap,Logo Tote Keychain Charm,,11.0,19.95,,True,5,22,Soft canvas cotton logo tote bag keychain charm. #830138; Soft canvas cotton logo tote bag keychain charm. #830138 Fabric & care 100% Cotton Spot clean. Imported. Shipping & returns Customers also viewed Brannan Bear Scarf Keychain Charm $19.95 $9.00 50% off + extra 10% in the app Logo Hoodie Keychain Charm $14.95 $7.00 50% off + extra 10% in the app Brannan Bear Nap Hoodie Keychain Charm $19.95 $11.00 40% off + extra 10% in the app Toy Logo Hoodie $14.95 $7.00 50% off + extra 10% in the app Brannan Bear Hoodie Keychain Charm $19.95 $17.00 Extra 10% off in the app You may also like Brannan Bear Denim Jacket Keychain Charm $19.95 $13.00 30% off + extra 10% in the app Toy Logo Hoodie $14.95 $7.00 50% off + extra 10% in the app Brannan Bear Sweater Keychain Charm $19.95 $11.00 40% off + extra 10% in the app Toy Logo Hoodie $14.95 $7.00 50% off + extra 10% in the app Brannan Bear Sleep Keychain Charm $19.95 $11.00 40% off + extra 10% in the app Logo Hoodie Keychain Charm $14.95 $7.00 50% off + extra 10% in the app Gap Logo Tote Bag $54.95 $43.00 20% off + extra 10% in the app Brannan Bear T-Shirt Keychain Charm $19.95 $9.00 50% off + extra 10% in the app Gap Logo Tote Bag $54.95 $32.00 40% off + extra 10% in the app Brannan Bear Hoodie Keychain Charm $19.95 $11.00 40% off + extra 10% in the app,& care 100% Cotton Spot clean. Imported. Shipping & returns Customers also viewed Brannan Bear Scarf Keychain Charm $19.95 $9.00 50% off + extra 10% in the app Logo Hoodie Keychain Charm $14.95 $7.00 50% off + extra 10% in the app Brannan Bear Nap Hoodie Keychain Charm $19.95 $11.00 40% off + extra 10% in the app Toy Logo Hoodie $14.95 $7.00 50% off + extra 10% in the app Brannan Bear Hoodie Keychain Charm $19.95 $17.00 Extra 10% off in the app You may also like Brannan Bear Denim Jacket Keychain Charm $19.95 $13.00 30% off + extra 10% in the app Toy Logo Hoodie $14.95 $7.00 50% off + extra 10% in the app Brannan Bear Sweater Keychain Charm $19.95 $11.00 40% off + extra 10% in the app Toy Logo Hoodie $14.95 $7.00 50% off + extra 10% in the app Brannan Bear Sleep Keychain Charm $19.95 $11.00 40% off + extra 10% in the app Logo Hoodie Keychain Charm $14.95 $7.00 50% off + extra 10% in the app Gap Logo Tote Bag $54.95 $43.00 20% off + extra 10% in the app Brannan Bear T-Shirt Keychain Charm $19.95 $9.00 50% off + extra 10% in the app Gap Logo Tote Bag $54.95 $32.00 40% off + extra 10% in the app Brannan Bear Hoodie Keychain Charm $19.95 $11.00 40% off + extra 10% in the app,Size Guide,https://www.gap.com/webcontent/0061/502/349/cn61502349.jpg,15,2026-02-22,https://www.gap.com/browse/product.do?pid=830138102&vid=1&pcid=3046544&cid=3051539
830138112,gap,Gap,Logo Tote Keychain Charm,,11.0,19.95,,True,5,22,Soft canvas cotton logo tote bag keychain charm. #830138; Soft canvas cotton logo tote bag keychain charm. #830138 Fabric & care 100% Cotton Spot clean. Imported. Shipping & returns Customers also viewed Brannan Bear Scarf Keychain Charm $19.95 $9.00 50% off + extra 10% in the app Brannan Bear T-Shirt Keychain Charm $19.95 $9.00 50% off + extra 10% in the app Logo Hoodie Keychain Charm $14.95 $7.00 50% off + extra 10% in the app Gap Jeans Keychain Charm $19.95 $11.00 40% off + extra 10% in the app Brannan Bear Hoodie Keychain Charm $19.95 $11.00 40% off + extra 10% in the app You may also like Brannan Bear Hoodie Keychain Charm $19.95 $17.00 Extra 10% off in the app Brannan Bear Sweater Keychain Charm $19.95 $11.00 40% off + extra 10% in the app Brannan Bear Denim Jacket Keychain Charm $19.95 $13.00 30% off + extra 10% in the app Brannan Bear Sleep Keychain Charm $19.95 $11.00 40% off + extra 10% in the app Gap Logo Tote Bag $54.95 $43.00 20% off + extra 10% in the app Brannan Bear Hoodie Keychain Charm $19.95 $11.00 40% off + extra 10% in the app Gap Logo Tote Bag $54.95 $32.00 40% off + extra 10% in the app Toy Logo Hoodie $14.95 $7.00 50% off + extra 10% in the app Gap Logo Tote Bag $54.95 $32.00 40% off + extra 10% in the app Toy Logo Hoodie $14.95 $7.00 50% off + extra 10% in the app,& care 100% Cotton Spot clean. Imported. Shipping & returns Customers also viewed Brannan Bear Scarf Keychain Charm $19.95 $9.00 50% off + extra 10% in the app Brannan Bear T-Shirt Keychain Charm $19.95 $9.00 50% off + extra 10% in the app Logo Hoodie Keychain Charm $14.95 $7.00 50% off + extra 10% in the app Gap Jeans Keychain Charm $19.95 $11.00 40% off + extra 10% in the app Brannan Bear Hoodie Keychain Charm $19.95 $11.00 40% off + extra 10% in the app You may also like Brannan Bear Hoodie Keychain Charm $19.95 $17.00 Extra 10% off in the app Brannan Bear Sweater Keychain Charm $19.95 $11.00 40% off + extra 10% in the app Brannan Bear Denim Jacket Keychain Charm $19.95 $13.00 30% off + extra 10% in the app Brannan Bear Sleep Keychain Charm $19.95 $11.00 40% off + extra 10% in the app Gap Logo Tote Bag $54.95 $43.00 20% off + extra 10% in the app Brannan Bear Hoodie Keychain Charm $19.95 $11.00 40% off + extra 10% in the app Gap Logo Tote Bag $54.95 $32.00 40% off + extra 10% in the app Toy Logo Hoodie $14.95 $7.00 50% off + extra 10% in the app Gap Logo Tote Bag $54.95 $32.00 40% off + extra 10% in the app Toy Logo Hoodie $14.95 $7.00 50% off + extra 10% in the app,Size Guide,https://www.gap.com/webcontent/0061/518/509/cn61518509.jpg,15,2026-02-22,https://www.gap.com/browse/product.do?pid=830138112&vid=1&pcid=3046544&cid=3046544
830138172,gap,Gap,Logo Tote Keychain Charm,,11.0,19.95,,True,5,22,Soft canvas cotton logo tote bag keychain charm. #830138; Soft canvas cotton logo tote bag keychain charm. #830138 Fabric & care 100% Cotton Spot clean. Imported. Shipping & returns Customers also viewed Brannan Bear Sleep Keychain Charm $19.95 $11.00 40% off + extra 10% in the app Gap Logo Tote Bag $54.95 $32.00 40% off + extra 10% in the app Brannan Bear Hoodie Keychain Charm $19.95 $11.00 40% off + extra 10% in the app Brannan Bear Hoodie Keychain Charm $19.95 $11.00 40% off + extra 10% in the app Brannan Bear Scarf Keychain Charm $19.95 $9.00 50% off + extra 10% in the app You may also like Gap Logo Tote Bag $54.95 $43.00 20% off + extra 10% in the app Brannan Bear Nap Hoodie Keychain Charm $19.95 $11.00 40% off + extra 10% in the app Gap Logo Tote Bag $54.95 $32.00 40% off + extra 10% in the app Logo Hoodie Keychain Charm $14.95 $7.00 50% off + extra 10% in the app Gap Logo Tote Bag $54.95 $43.00 20% off + extra 10% in the app Brannan Bear T-Shirt Keychain Charm $19.95 $9.00 50% off + extra 10% in the app Gap Logo Tote Bag $54.95 $43.00 20% off + extra 10% in the app Brannan Bear Denim Jacket Keychain Charm $19.95 $13.00 30% off + extra 10% in the app Gap Jeans Keychain Charm $19.95 $11.00 40% off + extra 10% in the app Toy Logo Hoodie $14.95 $7.00 50% off + extra 10% in the app,& care 100% Cotton Spot clean. Imported. Shipping & returns Customers also viewed Brannan Bear Sleep Keychain Charm $19.95 $11.00 40% off + extra 10% in the app Gap Logo Tote Bag $54.95 $32.00 40% off + extra 10% in the app Brannan Bear Hoodie Keychain Charm $19.95 $11.00 40% off + extra 10% in the app Brannan Bear Hoodie Keychain Charm $19.95 $11.00 40% off + extra 10% in the app Brannan Bear Scarf Keychain Charm $19.95 $9.00 50% off + extra 10% in the app You may also like Gap Logo Tote Bag $54.95 $43.00 20% off + extra 10% in the app Brannan Bear Nap Hoodie Keychain Charm $19.95 $11.00 40% off + extra 10% in the app Gap Logo Tote Bag $54.95 $32.00 40% off + extra 10% in the app Logo Hoodie Keychain Charm $14.95 $7.00 50% off + extra 10% in the app Gap Logo Tote Bag $54.95 $43.00 20% off + extra 10% in the app Brannan Bear T-Shirt Keychain Charm $19.95 $9.00 50% off + extra 10% in the app Gap Logo Tote Bag $54.95 $43.00 20% off + extra 10% in the app Brannan Bear Denim Jacket Keychain Charm $19.95 $13.00 30% off + extra 10% in the app Gap Jeans Keychain Charm $19.95 $11.00 40% off + extra 10% in the app Toy Logo Hoodie $14.95 $7.00 50% off + extra 10% in the app,Size Guide,https://www.gap.com/webcontent/0061/518/535/cn61518535.jpg,15,2026-02-22,https://www.gap.com/browse/product.do?pid=830138172&vid=1&pcid=3046544&cid=3046544
830138192,gap,Gap,Logo Tote Keychain Charm,,11.0,19.95,,True,5,22,Soft canvas cotton logo tote bag keychain charm. #830138; Soft canvas cotton logo tote bag keychain charm. #830138 Fabric & care 100% Cotton Spot clean. Imported. Shipping & returns Customers also viewed Brannan Bear Sleep Keychain Charm $19.95 $11.00 40% off + extra 10% in the app Brannan Bear Nap Hoodie Keychain Charm $19.95 $11.00 40% off + extra 10% in the app Brannan Bear Denim Jacket Keychain Charm $19.95 $13.00 30% off + extra 10% in the app Gap Logo Tote Bag $54.95 $43.00 20% off + extra 10% in the app Brannan Bear Sweater Keychain Charm $19.95 $11.00 40% off + extra 10% in the app You may also like Logo Hoodie Keychain Charm $14.95 $7.00 50% off + extra 10% in the app Brannan Bear Scarf Keychain Charm $19.95 $9.00 50% off + extra 10% in the app Gap Logo Tote Bag $54.95 $32.00 40% off + extra 10% in the app Gap Jeans Keychain Charm $19.95 $11.00 40% off + extra 10% in the app Gap Logo Tote Bag $54.95 $43.00 20% off + extra 10% in the app Toy Logo Hoodie $14.95 $7.00 50% off + extra 10% in the app Gap Logo Tote Bag $54.95 $32.00 40% off + extra 10% in the app Brannan Bear T-Shirt Keychain Charm $19.95 $9.00 50% off + extra 10% in the app Gap Logo Tote Bag $59.95 $35.00 40% off + extra 10% in the app Logo Hoodie Keychain Charm $14.95 $7.00 50% off + extra 10% in the app,& care 100% Cotton Spot clean. Imported. Shipping & returns Customers also viewed Brannan Bear Sleep Keychain Charm $19.95 $11.00 40% off + extra 10% in the app Brannan Bear Nap Hoodie Keychain Charm $19.95 $11.00 40% off + extra 10% in the app Brannan Bear Denim Jacket Keychain Charm $19.95 $13.00 30% off + extra 10% in the app Gap Logo Tote Bag $54.95 $43.00 20% off + extra 10% in the app Brannan Bear Sweater Keychain Charm $19.95 $11.00 40% off + extra 10% in the app You may also like Logo Hoodie Keychain Charm $14.95 $7.00 50% off + extra 10% in the app Brannan Bear Scarf Keychain Charm $19.95 $9.00 50% off + extra 10% in the app Gap Logo Tote Bag $54.95 $32.00 40% off + extra 10% in the app Gap Jeans Keychain Charm $19.95 $11.00 40% off + extra 10% in the app Gap Logo Tote Bag $54.95 $43.00 20% off + extra 10% in the app Toy Logo Hoodie $14.95 $7.00 50% off + extra 10% in the app Gap Logo Tote Bag $54.95 $32.00 40% off + extra 10% in the app Brannan Bear T-Shirt Keychain Charm $19.95 $9.00 50% off + extra 10% in the app Gap Logo Tote Bag $59.95 $35.00 40% off + extra 10% in the app Logo Hoodie Keychain Charm $14.95 $7.00 50% off + extra 10% in the app,Size Guide,https://www.gap.com/webcontent/0061/502/320/cn61502320.jpg,15,2026-02-22,https://www.gap.com/browse/product.do?pid=830138192&vid=1&pcid=3046544&cid=3046544
830138212,gap,Gap,Logo Tote Keychain Charm,,15.0,19.95,,True,5,22,Soft canvas cotton logo tote bag keychain charm. #830138; Soft canvas cotton logo tote bag keychain charm. #830138 Fabric & care 100% Cotton Spot clean. Imported. Shipping & returns Customers also viewed Toy Logo Hoodie $14.95 $7.00 50% off + extra 10% in the app Brannan Bear Scarf Keychain Charm $19.95 $9.00 50% off + extra 10% in the app Toy Logo Hoodie $14.95 $7.00 50% off + extra 10% in the app Trench Coat Keychain Charm $19.95 $15.00 20% off + extra 10% in the app Toy Logo Hoodie $14.95 $7.00 50% off + extra 10% in the app You may also like Brannan Bear Denim Jacket Keychain Charm $19.95 $13.00 30% off + extra 10% in the app Brannan Bear Sleep Keychain Charm $19.95 $11.00 40% off + extra 10% in the app Brannan Bear T-Shirt Keychain Charm $19.95 $9.00 50% off + extra 10% in the app Logo Hoodie Keychain Charm $14.95 $7.00 50% off + extra 10% in the app Gap Logo Tote Bag $59.95 $35.00 40% off + extra 10% in the app Logo Hoodie Keychain Charm $14.95 $7.00 50% off + extra 10% in the app Gap Logo Tote Bag $54.95 $32.00 40% off + extra 10% in the app Brannan Bear Hoodie Keychain Charm $19.95 $11.00 40% off + extra 10% in the app Gap Logo Tote Bag $54.95 $43.00 20% off + extra 10% in the app Brannan Bear Hoodie Keychain Charm $19.95 $11.00 40% off + extra 10% in the app,& care 100% Cotton Spot clean. Imported. Shipping & returns Customers also viewed Toy Logo Hoodie $14.95 $7.00 50% off + extra 10% in the app Brannan Bear Scarf Keychain Charm $19.95 $9.00 50% off + extra 10% in the app Toy Logo Hoodie $14.95 $7.00 50% off + extra 10% in the app Trench Coat Keychain Charm $19.95 $15.00 20% off + extra 10% in the app Toy Logo Hoodie $14.95 $7.00 50% off + extra 10% in the app You may also like Brannan Bear Denim Jacket Keychain Charm $19.95 $13.00 30% off + extra 10% in the app Brannan Bear Sleep Keychain Charm $19.95 $11.00 40% off + extra 10% in the app Brannan Bear T-Shirt Keychain Charm $19.95 $9.00 50% off + extra 10% in the app Logo Hoodie Keychain Charm $14.95 $7.00 50% off + extra 10% in the app Gap Logo Tote Bag $59.95 $35.00 40% off + extra 10% in the app Logo Hoodie Keychain Charm $14.95 $7.00 50% off + extra 10% in the app Gap Logo Tote Bag $54.95 $32.00 40% off + extra 10% in the app Brannan Bear Hoodie Keychain Charm $19.95 $11.00 40% off + extra 10% in the app Gap Logo Tote Bag $54.95 $43.00 20% off + extra 10% in the app Brannan Bear Hoodie Keychain Charm $19.95 $11.00 40% off + extra 10% in the app,Size Guide,https://www.gap.com/webcontent/0061/728/271/cn61728271.jpg,15,2026-02-22,https://www.gap.com/browse/product.do?pid=830138212&vid=1&pcid=3046544&cid=3046544
830138202,gap,Gap,Logo Tote Keychain Charm,,11.0,19.95,,True,5,22,Soft canvas cotton logo tote bag keychain charm. #830138; Soft canvas cotton logo tote bag keychain charm. #830138 Fabric & care 100% Cotton Spot clean. Imported. Shipping & returns Customers also viewed Logo Hoodie Keychain Charm $14.95 $7.00 50% off + extra 10% in the app Brannan Bear Sweater Keychain Charm $19.95 $11.00 40% off + extra 10% in the app Brannan Bear Denim Jacket Keychain Charm $19.95 $13.00 30% off + extra 10% in the app Gap Jeans Keychain Charm $19.95 $11.00 40% off + extra 10% in the app Brannan Bear Hoodie Keychain Charm $19.95 $17.00 Extra 10% off in the app You may also like Brannan Bear Sleep Keychain Charm $19.95 $11.00 40% off + extra 10% in the app Toy Logo Hoodie $14.95 $7.00 50% off + extra 10% in the app Brannan Bear Scarf Keychain Charm $19.95 $9.00 50% off + extra 10% in the app Toy Logo Hoodie $14.95 $7.00 50% off + extra 10% in the app Gap Logo Tote Bag $59.95 $35.00 40% off + extra 10% in the app Toy Logo Hoodie $14.95 $7.00 50% off + extra 10% in the app Gap Logo Tote Bag $54.95 $32.00 40% off + extra 10% in the app Denim Tote Bag $59.95 $41.00 30% off + extra 10% in the app Gap Logo Tote Bag $54.95 $43.00 20% off + extra 10% in the app Gap Logo Tote Bag $49.95 Extra 10% off in the app,& care 100% Cotton Spot clean. Imported. Shipping & returns Customers also viewed Logo Hoodie Keychain Charm $14.95 $7.00 50% off + extra 10% in the app Brannan Bear Sweater Keychain Charm $19.95 $11.00 40% off + extra 10% in the app Brannan Bear Denim Jacket Keychain Charm $19.95 $13.00 30% off + extra 10% in the app Gap Jeans Keychain Charm $19.95 $11.00 40% off + extra 10% in the app Brannan Bear Hoodie Keychain Charm $19.95 $17.00 Extra 10% off in the app You may also like Brannan Bear Sleep Keychain Charm $19.95 $11.00 40% off + extra 10% in the app Toy Logo Hoodie $14.95 $7.00 50% off + extra 10% in the app Brannan Bear Scarf Keychain Charm $19.95 $9.00 50% off + extra 10% in the app Toy Logo Hoodie $14.95 $7.00 50% off + extra 10% in the app Gap Logo Tote Bag $59.95 $35.00 40% off + extra 10% in the app Toy Logo Hoodie $14.95 $7.00 50% off + extra 10% in the app Gap Logo Tote Bag $54.95 $32.00 40% off + extra 10% in the app Denim Tote Bag $59.95 $41.00 30% off + extra 10% in the app Gap Logo Tote Bag $54.95 $43.00 20% off + extra 10% in the app Gap Logo Tote Bag $49.95 Extra 10% off in the app,Size Guide,https://www.gap.com/webcontent/0061/520/424/cn61520424.jpg,15,2026-02-22,https://www.gap.com/browse/product.do?pid=830138202&vid=1&pcid=3046544&cid=3046544
830138182,gap,Gap,Logo Tote Keychain Charm,,11.0,19.95,,True,5,22,Soft canvas cotton logo tote bag keychain charm. #830138; Soft canvas cotton logo tote bag keychain charm. #830138 Fabric & care 100% Cotton Spot clean. Imported. Shipping & returns Customers also viewed Toy Logo Hoodie $14.95 $7.00 50% off + extra 10% in the app Logo Hoodie Keychain Charm $14.95 $7.00 50% off + extra 10% in the app Toy Logo Hoodie $14.95 $7.00 50% off + extra 10% in the app Brannan Bear Scarf Keychain Charm $19.95 $9.00 50% off + extra 10% in the app Toy Logo Hoodie $14.95 $7.00 50% off + extra 10% in the app You may also like Brannan Bear Denim Jacket Keychain Charm $19.95 $13.00 30% off + extra 10% in the app Brannan Bear Sleep Keychain Charm $19.95 $11.00 40% off + extra 10% in the app Brannan Bear Nap Hoodie Keychain Charm $19.95 $11.00 40% off + extra 10% in the app Toy Logo Hoodie $14.95 $7.00 50% off + extra 10% in the app Logo Hoodie Keychain Charm $14.95 $7.00 50% off + extra 10% in the app Gap Logo Tote Bag $59.95 $35.00 40% off + extra 10% in the app Denim Tote Bag $59.95 $41.00 30% off + extra 10% in the app Gap Logo Tote Bag $54.95 $43.00 20% off + extra 10% in the app Logo Hoodie Keychain Charm $14.95 $7.00 50% off + extra 10% in the app Gap Logo Tote Bag $54.95 $32.00 40% off + extra 10% in the app,& care 100% Cotton Spot clean. Imported. Shipping & returns Customers also viewed Toy Logo Hoodie $14.95 $7.00 50% off + extra 10% in the app Logo Hoodie Keychain Charm $14.95 $7.00 50% off + extra 10% in the app Toy Logo Hoodie $14.95 $7.00 50% off + extra 10% in the app Brannan Bear Scarf Keychain Charm $19.95 $9.00 50% off + extra 10% in the app Toy Logo Hoodie $14.95 $7.00 50% off + extra 10% in the app You may also like Brannan Bear Denim Jacket Keychain Charm $19.95 $13.00 30% off + extra 10% in the app Brannan Bear Sleep Keychain Charm $19.95 $11.00 40% off + extra 10% in the app Brannan Bear Nap Hoodie Keychain Charm $19.95 $11.00 40% off + extra 10% in the app Toy Logo Hoodie $14.95 $7.00 50% off + extra 10% in the app Logo Hoodie Keychain Charm $14.95 $7.00 50% off + extra 10% in the app Gap Logo Tote Bag $59.95 $35.00 40% off + extra 10% in the app Denim Tote Bag $59.95 $41.00 30% off + extra 10% in the app Gap Logo Tote Bag $54.95 $43.00 20% off + extra 10% in the app Logo Hoodie Keychain Charm $14.95 $7.00 50% off + extra 10% in the app Gap Logo Tote Bag $54.95 $32.00 40% off + extra 10% in the app,Size Guide,https://www.gap.com/webcontent/0061/502/325/cn61502325.jpg,15,2026-02-22,https://www.gap.com/browse/product.do?pid=830138182&vid=1&pcid=3046544&cid=3051539
846627002,gap,Gap,Vegan Leather Rhinestone Barrel Bag,,34.99,54.95,,True,4.3,12,Vegan suede and vegan leather barrel bag. Zipper at top. Adjustable shoulder strap. Rhinestone detail at sides. #846627,& care 100% Polyester. Spot clean. Imported. Shipping & returns Customers also viewed Vegan Suede Barrel Bag $49.95 $19.00 60% off + extra 10% in the app Vegan Suede Bucket Bag $74.95 $67.00 Extra 10% off in the app Vegan Suede Barrel Bag $49.95 $39.00 20% off + extra 10% in the app Vegan Suede Bucket Bag $74.95 $59.00 20% off + extra 10% in the app Vegan Suede Barrel Bag $49.95 $24.00 50% off + extra 10% in the app You may also like Gap Logo Tote Bag $49.95 Extra 10% off in the app Vegan Suede Bucket Bag $74.95 $59.00 20% off + extra 10% in the app Vegan Leather Bucket Tote Bag $69.95 $62.00 Extra 10% off in the app Vegan Suede Slouchy Tote Bag $69.95 $27.00 60% off + extra 10% in the app Leather Square-Buckle Belt $79.95 Extra 10% off in the app Vegan Suede Ballet Flats $59.95 $35.00 40% off + extra 10% in the app Logo Tote Keychain Charm $19.95 $11.00 40% off + extra 10% in the app Vegan Suede Bucket Bag $74.95 $37.00 50% off + extra 10% in the app Slingback Kitten Heels $69.95 $41.00 40% off + extra 10% in the app Gap Logo Tote Bag $54.95 $32.00 40% off + extra 10% in the app,Size Guide,https://www.gap.com/webcontent/0060/271/534/cn60271534.jpg,1,2026-02-22,https://www.gap.com/browse/product.do?pid=846627002&vid=1&pcid=3046544&cid=3051538
830139002,gap,Gap,Brannan Bear Denim Jacket Keychain Charm,,13.0,19.95,,True,4.7,16,This keychain charm is made of soft denim and faux fur with a metal key ring. Embroidered bear detail and icon denim jacket stitching at front. #830139,& care Wipe clean. Imported. Shipping & returns Customers also viewed Logo Tote Keychain Charm $19.95 $15.00 20% off + extra 10% in the app Gap Jeans Keychain Charm $19.95 $11.00 40% off + extra 10% in the app Logo Tote Keychain Charm $19.95 $11.00 40% off + extra 10% in the app Logo Hoodie Keychain Charm $14.95 $7.00 50% off + extra 10% in the app Logo Tote Keychain Charm $19.95 $11.00 40% off + extra 10% in the app You may also like Logo Tote Keychain Charm $19.95 $11.00 40% off + extra 10% in the app Brannan Bear Scarf Keychain Charm $19.95 $9.00 50% off + extra 10% in the app Logo Tote Keychain Charm $19.95 $11.00 40% off + extra 10% in the app Brannan Bear Hoodie Keychain Charm $19.95 $17.00 Extra 10% off in the app Toy Logo Hoodie $14.95 $7.00 50% off + extra 10% in the app Brannan Bear T-Shirt Keychain Charm $19.95 $9.00 50% off + extra 10% in the app Logo Tote Keychain Charm $19.95 $11.00 40% off + extra 10% in the app Logo Tote Keychain Charm $19.95 $11.00 40% off + extra 10% in the app Gap Logo Tote Bag $54.95 $32.00 40% off + extra 10% in the app Logo Tote Keychain Charm $19.95 $11.00 40% off + extra 10% in the app,Size Guide,https://www.gap.com/webcontent/0061/438/695/cn61438695.jpg,1,2026-02-22,https://www.gap.com/browse/product.do?pid=830139002&vid=1&pcid=3046544&cid=3046544
847836012,gap,Gap,Kids Faux Fur Backpack,,15.0,39.95,,True,4.9,30,Soft faux fur backpack. Handle at top. Adjustable shoulder straps. Vegan leather drawstring closures. #847836,& care 100% Polyester. Wipe clean. Imported. Shipping & returns Customers also viewed Kids Cow Print Sneakers $44.95 $17.00 60% off + extra 10% in the app Kids Crochet Mary Jane Flats $49.95 $29.00 40% off + extra 10% in the app Kids Quilted Weekender Bag $69.95 $41.00 40% off + extra 10% in the app Kids Quilted Weekender Bag $69.95 $27.00 60% off + extra 10% in the app Kids Jelly Ballet Flats $39.95 $23.00 40% off + extra 10% in the app You may also like Kids Faux Fur Clogs $39.95 $15.00 60% off + extra 10% in the app Kids Quilted Pouch $34.95 $20.00 40% off + extra 10% in the app Kids T-Strap Loafers $49.95 $19.00 60% off + extra 10% in the app Kids Crochet Mary Jane Flats $49.95 $29.00 40% off + extra 10% in the app Kids Quarter Crew Socks (3-Pack) $14.95 $8.00 40% off + extra 10% in the app Kids Sheer Dot Crew Socks (2-Pack) $12.95 $7.00 40% off + extra 10% in the app Kids Mary Jane Sneakers $49.95 $29.00 40% off + extra 10% in the app Kids Hello Kitty Duffle Bag $89.95 $53.00 40% off + extra 10% in the app Kids Puffer Jacket $108.00 $54.00 50% off + extra 10% in the app Kids Slouchy Varsity Quarter Crew Socks (7-Pack) $24.95 $14.00 40% off + extra 10% in the app,Size Guide,https://www.gap.com/webcontent/0061/120/754/cn61120754.jpg,2,2026-02-22,https://www.gap.com/browse/product.do?pid=847836012&vid=1&pcid=3046567&cid=3046567
847805002,gap,Gap,Kids Bow Logo Crossbody Bag,,13.0,34.95,,True,4.7,4,This bag is made with an PU upper. Adjustable shoulder strap. Zipper closures at top and front pocket. Gap logo at front. Allover bow print. #847805,& care 100% Polyurethane. Lining: 100% Polyester. Wipe clean. Imported. Shipping & returns Customers also viewed Kids Quilted Colorblock Duffel Bag $69.95 $34.00 50% off + extra 10% in the app Kids Hello Kitty Duffle Bag $89.95 $53.00 40% off + extra 10% in the app Kids Quilted Weekender Bag $69.95 $34.00 50% off + extra 10% in the app Kids Quilted Weekender Bag $69.95 $41.00 40% off + extra 10% in the app Kids Denim Terry Heart Baseball Hat $19.95 $11.00 40% off + extra 10% in the app You may also like Kids Quilted Pouch $34.95 $20.00 40% off + extra 10% in the app Kids Cow Print Sneakers $44.95 $17.00 60% off + extra 10% in the app Kids Quilted Brannan Bear Weekender Bag $69.95 $27.00 60% off + extra 10% in the app Kids Faux Fur Backpack $39.95 $15.00 60% off + extra 10% in the app Kids Sanrio Oversized Graphic T-Shirt $29.95 $17.00 40% off + extra 10% in the app Kids Faux Fur Backpack $39.95 $15.00 60% off + extra 10% in the app Kids Oversized T-Shirt $24.95 $14.00 40% off + extra 10% in the app Kids Sanrio Oversized Graphic T-Shirt $29.95 $17.00 40% off + extra 10% in the app Kids Oversized T-Shirt $19.95 $11.00 40% off + extra 10% in the app Kids Graphic T-Shirt $19.95 $11.00 40% off + extra 10% in the app,Size Guide,https://www.gap.com/webcontent/0060/367/792/cn60367792.jpg,1,2026-02-22,https://www.gap.com/browse/product.do?pid=847805002&vid=1&pcid=3046567&cid=3046567
872177002,gap,Gap,Brannan Bear Logo Denim Tote Bag,,47.0,59.95,,True,5,6,"Authentic non-stretch denim tote bag. Shoulder straps. Snap button closure. Outer and inner patch pockets. Embroidered Brannan Bear with Gap arch logo. White wash. This pair of denim tote is part of our water-saving Washwell program. Compared with conventional wash methods, Washwell uses at least 20% less water. #872177","& care Cotton 100% Machine wash cold, gentle cycle. Lay flat to dry. Imported. Shipping & returns Customers also viewed Logo Tote Keychain Charm $19.95 $11.00 40% off + extra 10% in the app Brannan Bear Scarf Keychain Charm $19.95 $9.00 50% off + extra 10% in the app Logo Tote Keychain Charm $19.95 $11.00 40% off + extra 10% in the app Gap Logo Tote Bag $59.95 Extra 10% off in the app Logo Tote Keychain Charm $19.95 $15.00 20% off + extra 10% in the app You may also like Logo Hoodie Keychain Charm $14.95 $7.00 50% off + extra 10% in the app Logo Tote Keychain Charm $19.95 $11.00 40% off + extra 10% in the app Gap Logo Tote Bag $54.95 $43.00 20% off + extra 10% in the app Logo Tote Keychain Charm $19.95 $11.00 40% off + extra 10% in the app Brannan Bear Sweater Keychain Charm $19.95 $11.00 40% off + extra 10% in the app Straw Tote Bag $79.95 $63.00 20% off + extra 10% in the app Brannan Bear Sleep Keychain Charm $19.95 $11.00 40% off + extra 10% in the app Logo Tote Keychain Charm $19.95 $11.00 40% off + extra 10% in the app Gap Logo Tote Bag $49.95 Extra 10% off in the app Toy Logo Hoodie $14.95 $7.00 50% off + extra 10% in the app",Size Guide,https://www.gap.com/webcontent/0060/681/835/cn60681835.jpg,1,2026-02-22,https://www.gap.com/browse/product.do?pid=872177002&vid=1&pcid=3046544&cid=3046544
847836002,gap,Gap,Kids Faux Fur Backpack,,15.0,39.95,,True,4.9,30,Soft faux fur backpack. Handle at top. Adjustable shoulder straps. Vegan leather drawstring closures. #847836,& care 100% Polyester. Wipe clean. Imported. Shipping & returns Customers also viewed Kids Cow Print Sneakers $44.95 $17.00 60% off + extra 10% in the app Kids Crochet Mary Jane Flats $49.95 $29.00 40% off + extra 10% in the app Kids T-Strap Loafers $49.95 $19.00 60% off + extra 10% in the app Kids Jelly Ballet Flats $39.95 $23.00 40% off + extra 10% in the app Kids Quilted Weekender Bag $69.95 $41.00 40% off + extra 10% in the app You may also like Kids Quilted Pouch $34.95 $20.00 40% off + extra 10% in the app Kids Crochet Mary Jane Flats $49.95 $29.00 40% off + extra 10% in the app Kids Bucket Hat $24.95 $14.00 40% off + extra 10% in the app Kids Faux Fur Earmuffs $29.95 $11.00 60% off + extra 10% in the app Kids Bow Logo Crossbody Bag $34.95 $13.00 60% off + extra 10% in the app Kids Shimmer Straw Backpack $39.95 $23.00 40% off + extra 10% in the app Kids Hello Kitty Duffle Bag $89.95 $53.00 40% off + extra 10% in the app Kids Quilted Colorblock Duffel Bag $69.95 $34.00 50% off + extra 10% in the app Kids Oversized Ruffle Collar Logo Sweatshirt Dress $49.95 $24.00 50% off + extra 10% in the app Kids Oversized Quilted Zip Jacket $64.95 $38.00 40% off + extra 10% in the app,Size Guide,https://www.gap.com/webcontent/0061/221/407/cn61221407.jpg,2,2026-02-22,https://www.gap.com/browse/product.do?pid=847836002&vid=1&pcid=3046567&cid=3046567
850454002,gap,Gap,Hill City Tote Bag,,59.95,74.95,,True,0,,"Soft cotton tote bag. Shoulder straps at top. Hill City logo at front. #850454; A collection of our favorite accessories from Hill City, a performance brand known for technical fabrics and modern fits. Soft cotton tote bag. Shoulder straps at top. Hill City logo at front. #850454 Fabric & care 100% Cotton. Spot clean. Imported. Shipping & returns Customers also viewed Hill City Crew Socks $15.95 Excluded from promotions Waxed Canvas Tote Bag $74.95 $44.00 40% off + extra 10% in the app Gap × Sushi Club Logo Trucker Hat $95.00 Excluded from promotions Waxed Canvas Tote Bag $74.95 $44.00 40% off + extra 10% in the app Hill City Ankle Socks $12.95 Excluded from promotions You may also like Sherpa Oversized Half-Zip Pullover $89.95 $44.00 50% off + extra 10% in the app CashSoft Beanie $34.95 $13.00 60% off + extra 10% in the app Sherpa Oversized Half-Zip Pullover $89.95 $44.00 50% off + extra 10% in the app CashSoft Beanie $34.95 $13.00 60% off + extra 10% in the app Denim Brannan Bear Baseball Hat $29.95 Extra 10% off in the app CashSoft Beanie $34.95 $13.00 60% off + extra 10% in the app Drawcord Hood $39.95 $15.00 60% off + extra 10% in the app Hybrid Slim Khakis $79.95 $39.00 50% off + extra 10% in the app Drawcord Hood $39.95 $15.00 60% off + extra 10% in the app Classic T-Shirt $19.95 $15.00 20% off + extra 10% in the app",s and modern fits. Soft cotton tote bag. Shoulder straps at top. Hill City logo at front. #850454 Fabric & care 100% Cotton. Spot clean. Imported. Shipping & returns Customers also viewed Hill City Crew Socks $15.95 Excluded from promotions Waxed Canvas Tote Bag $74.95 $44.00 40% off + extra 10% in the app Gap × Sushi Club Logo Trucker Hat $95.00 Excluded from promotions Waxed Canvas Tote Bag $74.95 $44.00 40% off + extra 10% in the app Hill City Ankle Socks $12.95 Excluded from promotions You may also like Sherpa Oversized Half-Zip Pullover $89.95 $44.00 50% off + extra 10% in the app CashSoft Beanie $34.95 $13.00 60% off + extra 10% in the app Sherpa Oversized Half-Zip Pullover $89.95 $44.00 50% off + extra 10% in the app CashSoft Beanie $34.95 $13.00 60% off + extra 10% in the app Denim Brannan Bear Baseball Hat $29.95 Extra 10% off in the app CashSoft Beanie $34.95 $13.00 60% off + extra 10% in the app Drawcord Hood $39.95 $15.00 60% off + extra 10% in the app Hybrid Slim Khakis $79.95 $39.00 50% off + extra 10% in the app Drawcord Hood $39.95 $15.00 60% off + extra 10% in the app Classic T-Shirt $19.95 $15.00 20% off + extra 10% in the app,Size Guide,https://www.gap.com/webcontent/0060/784/373/cn60784373.jpg,1,2026-02-22,https://www.gap.com/browse/product.do?pid=850454002&vid=1&pcid=3046544&cid=3046544
865135002,gap,Gap,Kids Quilted Brannan Bear Weekender Bag,,27.0,69.95,,True,3.8,5,Soft quilted weekender bag. Shoulder strap and handles at top. Zipper closure. Pockets at front. Allover Brannan Bear print. #865135,& care 100% Polyester. Spot clean. Imported. Shipping & returns Customers also viewed Kids Quilted Weekender Bag $69.95 $41.00 40% off + extra 10% in the app Kids Quilted Pouch $34.95 $20.00 40% off + extra 10% in the app Kids Quilted Weekender Bag $69.95 $27.00 60% off + extra 10% in the app Kids Hello Kitty Duffle Bag $89.95 $53.00 40% off + extra 10% in the app Kids Crochet Mary Jane Flats $49.95 $29.00 40% off + extra 10% in the app You may also like Kids Quilted Colorblock Duffel Bag $69.95 $34.00 50% off + extra 10% in the app Kids Quilted Weekender Bag $69.95 $34.00 50% off + extra 10% in the app Kids Cross-Back One-Piece Swimsuit $39.95 $23.00 40% off + extra 10% in the app Kids Bow Logo Crossbody Bag $34.95 $13.00 60% off + extra 10% in the app Kids Cross-Back One-Piece Swimsuit $39.95 $23.00 40% off + extra 10% in the app Kids Tankini & Skort Swim Set $49.95 $29.00 40% off + extra 10% in the app Kids Cap-Sleeve Athletic Dress $49.95 $29.00 40% off + extra 10% in the app Kids Pointelle Rib Fitted T-Shirt $24.95 $14.00 40% off + extra 10% in the app Kids Gingham Denim Dress $59.95 $35.00 40% off + extra 10% in the app Kids Graphic T-Shirt $19.95 $11.00 40% off + extra 10% in the app,Size Guide,https://www.gap.com/webcontent/0061/136/135/cn61136135.jpg,1,2026-02-22,https://www.gap.com/browse/product.do?pid=865135002&vid=1&pcid=3046567&cid=3046567
876391002,gap,Gap,Canvas Slouchy Tote Bag,,47.0,59.95,,True,0,,Smooth cotton canvas slouchy tote bag. Vegan leather shoulder straps at top. Snap tab button closure. Gap logo at front. #876391,& care 100% Cotton. Straps: 100% Vegan Leather. Spot clean. Imported. Shipping & returns Customers also viewed Crochet Tote Bag $69.95 $55.00 20% off + extra 10% in the app Straw Tote Bag $79.95 $63.00 20% off + extra 10% in the app Crochet Tote Bag $69.95 $55.00 20% off + extra 10% in the app Gap Logo Tote Bag $59.95 Extra 10% off in the app Crochet Tote Bag $69.95 $55.00 20% off + extra 10% in the app You may also like Crochet Tote Bag $69.95 $55.00 20% off + extra 10% in the app Brannan Bear Logo Denim Tote Bag $59.95 $47.00 20% off + extra 10% in the app Logo Tote Keychain Charm $19.95 $15.00 20% off + extra 10% in the app Gap Logo Tote Bag $59.95 Extra 10% off in the app Logo Tote Keychain Charm $19.95 $11.00 40% off + extra 10% in the app Logo Hoodie Keychain Charm $14.95 $7.00 50% off + extra 10% in the app Lace Tights $19.95 $17.00 Extra 10% off in the app Gap Logo Tote Bag $54.95 $32.00 40% off + extra 10% in the app Denim Tote Bag $59.95 $47.00 20% off + extra 10% in the app Gap Logo Tote Bag $54.95 $43.00 20% off + extra 10% in the app,Size Guide,https://www.gap.com/webcontent/0061/456/152/cn61456152.jpg,4,2026-02-22,https://www.gap.com/browse/product.do?pid=876391002&vid=1&pcid=3046544&cid=3051538
876262002,gap,Gap,Brannan Bear T-Shirt Keychain Charm,,9.0,19.95,,True,0,,"This keychain charm is made of soft knit and faux fur with a metal key ring. Embroidered bear detail and Gap logo at front. This product was made in a factory that invests in gender equity and women’s empowerment through RISE. Learn more at <a href="" https://www.gapinc.com/en-us/impact/bridging-the-equity-gap/p-a-c-e-and-rise""><u>gapinc.com/equity </u></a>. #876262; This keychain charm is made of soft knit and faux fur with a metal key ring. Embroidered bear detail and Gap logo at front. This product was made in a factory that invests in gender equity and women’s empowerment through RISE. Learn more at gapinc.com/equity . #876262 Fabric & care 100% Polyester Cozy Sherpa. Spot clean. Imported. Shipping & returns Customers also viewed Logo Tote Keychain Charm $19.95 $15.00 20% off + extra 10% in the app Brannan Bear Denim Jacket Keychain Charm $19.95 $13.00 30% off + extra 10% in the app Logo Tote Keychain Charm $19.95 $11.00 40% off + extra 10% in the app Gap Logo Tote Bag $54.95 $32.00 40% off + extra 10% in the app Brannan Bear Sweater Keychain Charm $19.95 $11.00 40% off + extra 10% in the app You may also like Gap Jeans Keychain Charm $19.95 $11.00 40% off + extra 10% in the app Logo Tote Keychain Charm $19.95 $11.00 40% off + extra 10% in the app Brannan Bear Sleep Keychain Charm $19.95 $11.00 40% off + extra 10% in the app Logo Tote Keychain Charm $19.95 $11.00 40% off + extra 10% in the app Gap Logo Tote Bag $54.95 $43.00 20% off + extra 10% in the app Brannan Bear Hoodie Keychain Charm $19.95 $17.00 Extra 10% off in the app Gap Logo Tote Bag $54.95 $32.00 40% off + extra 10% in the app Brannan Bear Hoodie Keychain Charm $19.95 $11.00 40% off + extra 10% in the app Gap Logo Tote Bag $54.95 $43.00 20% off + extra 10% in the app Logo Tote Keychain Charm $19.95 $11.00 40% off + extra 10% in the app",& care 100% Polyester Cozy Sherpa. Spot clean. Imported. Shipping & returns Customers also viewed Logo Tote Keychain Charm $19.95 $15.00 20% off + extra 10% in the app Brannan Bear Denim Jacket Keychain Charm $19.95 $13.00 30% off + extra 10% in the app Logo Tote Keychain Charm $19.95 $11.00 40% off + extra 10% in the app Gap Logo Tote Bag $54.95 $32.00 40% off + extra 10% in the app Brannan Bear Sweater Keychain Charm $19.95 $11.00 40% off + extra 10% in the app You may also like Gap Jeans Keychain Charm $19.95 $11.00 40% off + extra 10% in the app Logo Tote Keychain Charm $19.95 $11.00 40% off + extra 10% in the app Brannan Bear Sleep Keychain Charm $19.95 $11.00 40% off + extra 10% in the app Logo Tote Keychain Charm $19.95 $11.00 40% off + extra 10% in the app Gap Logo Tote Bag $54.95 $43.00 20% off + extra 10% in the app Brannan Bear Hoodie Keychain Charm $19.95 $17.00 Extra 10% off in the app Gap Logo Tote Bag $54.95 $32.00 40% off + extra 10% in the app Brannan Bear Hoodie Keychain Charm $19.95 $11.00 40% off + extra 10% in the app Gap Logo Tote Bag $54.95 $43.00 20% off + extra 10% in the app Logo Tote Keychain Charm $19.95 $11.00 40% off + extra 10% in the app,Size Guide,https://www.gap.com/webcontent/0061/645/812/cn61645812.jpg,1,2026-02-22,https://www.gap.com/browse/product.do?pid=876262002&vid=1&pcid=3046544&cid=3051539
876392002,gap,Gap,Crochet Tote Bag,,55.0,69.95,,True,0,,This tote bag is made with a crochet knit cotton outer. Vegan leather shoulder straps. Snap button closure. Inner patch pocket. Certain styles have allover stripes. #876392,"& care Chocolate Brown: 67% Polyester, 21% Cotton, 10% Rayon. Black White Stripe: 74% Polyester, 14% Cotton, 9% Rayon. Black: 68% Polyester, 18% Cotton, 10% Rayon. Natural: 85% Polyester, 7% Cotton, 5% Rayon. Spot clean. Imported. Shipping & returns Customers also viewed Lace Tights $19.95 $17.00 Extra 10% off in the app Flip Flop Sandals $44.95 $35.00 20% off + extra 10% in the app Straw Bucket Hat $49.95 $39.00 20% off + extra 10% in the app Mesh Flats $64.95 $51.00 20% off + extra 10% in the app Vegan Leather Bucket Tote Bag $69.95 $62.00 Extra 10% off in the app You may also like Eyelet Bandana Scarf $39.95 $31.00 20% off + extra 10% in the app Flip Flop Sandals $44.95 $35.00 20% off + extra 10% in the app Eyelet Bandana Scarf $39.95 $31.00 20% off + extra 10% in the app Mesh Flats $64.95 $51.00 20% off + extra 10% in the app Brannan Bear Logo Denim Tote Bag $59.95 $47.00 20% off + extra 10% in the app Mesh Flats $64.95 $51.00 20% off + extra 10% in the app Pointelle Beanie $39.95 $15.00 60% off + extra 10% in the app Gap Logo Tote Bag $59.95 Extra 10% off in the app Sheer Button-Front Peplum Top $69.95 $55.00 20% off + extra 10% in the app Gap Logo Tote Bag $59.95 Extra 10% off in the app",Size Guide,https://www.gap.com/webcontent/0061/406/122/cn61406122.jpg,5,2026-02-22,https://www.gap.com/browse/product.do?pid=876392002&vid=1&pcid=3046544&cid=3051538
876391012,gap,Gap,Canvas Slouchy Tote Bag,,47.0,59.95,,True,0,,Smooth cotton canvas slouchy tote bag. Vegan leather shoulder straps at top. Snap tab button closure. Gap logo at front. #876391,& care 100% Cotton. Straps: 100% Vegan Leather. Spot clean. Imported. Shipping & returns Customers also viewed Logo Tote Keychain Charm $19.95 $11.00 40% off + extra 10% in the app Gap Logo Tote Bag $59.95 $35.00 40% off + extra 10% in the app Logo Tote Keychain Charm $19.95 $11.00 40% off + extra 10% in the app Gap Logo Tote Bag $59.95 Extra 10% off in the app Logo Tote Keychain Charm $19.95 $15.00 20% off + extra 10% in the app You may also like Toy Logo Hoodie $14.95 $7.00 50% off + extra 10% in the app Gap Logo Tote Bag $54.95 $43.00 20% off + extra 10% in the app Brannan Bear Hoodie Keychain Charm $19.95 $11.00 40% off + extra 10% in the app Brannan Bear Logo Denim Tote Bag $59.95 $47.00 20% off + extra 10% in the app Gap Logo Tote Bag $54.95 $43.00 20% off + extra 10% in the app Crochet Tote Bag $69.95 $55.00 20% off + extra 10% in the app Gap Logo Tote Bag $59.95 Extra 10% off in the app Denim Tote Bag $59.95 $41.00 30% off + extra 10% in the app Gap Logo Tote Bag $54.95 $43.00 20% off + extra 10% in the app Crochet Tote Bag $69.95 $55.00 20% off + extra 10% in the app,Size Guide,https://www.gap.com/webcontent/0061/456/169/cn61456169.jpg,4,2026-02-22,https://www.gap.com/browse/product.do?pid=876391012&vid=1&pcid=3046544&cid=3051538
876257002,gap,Gap,Trench Coat Keychain Charm,,15.0,19.95,,True,0,,"This keychain charm is made of plastic with a metal key ring. Trench coat design. This product was made in a factory that invests in gender equity and women’s empowerment through RISE. Learn more at <a href="" https://www.gapinc.com/en-us/impact/bridging-the-equity-gap/p-a-c-e-and-rise""><u>gapinc.com/equity </u></a>. #876257; This keychain charm is made of plastic with a metal key ring. Trench coat design. This product was made in a factory that invests in gender equity and women’s empowerment through RISE. Learn more at gapinc.com/equity . #876257 Fabric & care 100% Plastic. Wipe clean. Imported. Shipping & returns Customers also viewed Logo Tote Keychain Charm $19.95 $11.00 40% off + extra 10% in the app Toy Logo Hoodie $14.95 $7.00 50% off + extra 10% in the app Logo Tote Keychain Charm $19.95 $15.00 20% off + extra 10% in the app Crochet Tote Bag $69.95 $55.00 20% off + extra 10% in the app Logo Tote Keychain Charm $19.95 $11.00 40% off + extra 10% in the app You may also like Logo Hoodie Keychain Charm $14.95 $7.00 50% off + extra 10% in the app Brannan Bear Logo Crew Socks $17.95 $8.00 50% off + extra 10% in the app Logo Tote Keychain Charm $19.95 $11.00 40% off + extra 10% in the app Brannan Bear Denim Jacket Keychain Charm $19.95 $13.00 30% off + extra 10% in the app Toy Logo Hoodie $14.95 $7.00 50% off + extra 10% in the app Lace Tights $19.95 $17.00 Extra 10% off in the app Gap Jeans Keychain Charm $19.95 $11.00 40% off + extra 10% in the app Logo Tote Keychain Charm $19.95 $11.00 40% off + extra 10% in the app Gap Logo Tote Bag $54.95 $43.00 20% off + extra 10% in the app Brannan Bear Hoodie Keychain Charm $19.95 $17.00 Extra 10% off in the app",& care 100% Plastic. Wipe clean. Imported. Shipping & returns Customers also viewed Logo Tote Keychain Charm $19.95 $11.00 40% off + extra 10% in the app Toy Logo Hoodie $14.95 $7.00 50% off + extra 10% in the app Logo Tote Keychain Charm $19.95 $15.00 20% off + extra 10% in the app Crochet Tote Bag $69.95 $55.00 20% off + extra 10% in the app Logo Tote Keychain Charm $19.95 $11.00 40% off + extra 10% in the app You may also like Logo Hoodie Keychain Charm $14.95 $7.00 50% off + extra 10% in the app Brannan Bear Logo Crew Socks $17.95 $8.00 50% off + extra 10% in the app Logo Tote Keychain Charm $19.95 $11.00 40% off + extra 10% in the app Brannan Bear Denim Jacket Keychain Charm $19.95 $13.00 30% off + extra 10% in the app Toy Logo Hoodie $14.95 $7.00 50% off + extra 10% in the app Lace Tights $19.95 $17.00 Extra 10% off in the app Gap Jeans Keychain Charm $19.95 $11.00 40% off + extra 10% in the app Logo Tote Keychain Charm $19.95 $11.00 40% off + extra 10% in the app Gap Logo Tote Bag $54.95 $43.00 20% off + extra 10% in the app Brannan Bear Hoodie Keychain Charm $19.95 $17.00 Extra 10% off in the app,Size Guide,https://www.gap.com/webcontent/0061/518/846/cn61518846.jpg,1,2026-02-22,https://www.gap.com/browse/product.do?pid=876257002&vid=1&pcid=3046544&cid=3051539
876392022,gap,Gap,Crochet Tote Bag,,55.0,69.95,,True,0,,This tote bag is made with a crochet knit cotton outer. Vegan leather shoulder straps. Snap button closure. Inner patch pocket. Certain styles have allover stripes. #876392,"& care Chocolate Brown: 67% Polyester, 21% Cotton, 10% Rayon. Black White Stripe: 74% Polyester, 14% Cotton, 9% Rayon. Black: 68% Polyester, 18% Cotton, 10% Rayon. Natural: 85% Polyester, 7% Cotton, 5% Rayon. Spot clean. Imported. Shipping & returns Customers also viewed Logo Tote Keychain Charm $19.95 $11.00 40% off + extra 10% in the app Gap Logo Tote Bag $54.95 $32.00 40% off + extra 10% in the app Logo Tote Keychain Charm $19.95 $11.00 40% off + extra 10% in the app Mesh Flats $64.95 $51.00 20% off + extra 10% in the app Logo Tote Keychain Charm $19.95 $11.00 40% off + extra 10% in the app You may also like Logo Tote Keychain Charm $19.95 $11.00 40% off + extra 10% in the app Gap Logo Tote Bag $59.95 $35.00 40% off + extra 10% in the app Logo Tote Keychain Charm $19.95 $11.00 40% off + extra 10% in the app Gap Logo Tote Bag $54.95 $32.00 40% off + extra 10% in the app Logo Tote Keychain Charm $19.95 $11.00 40% off + extra 10% in the app Gap Logo Tote Bag $54.95 $43.00 20% off + extra 10% in the app Logo Tote Keychain Charm $19.95 $11.00 40% off + extra 10% in the app Mesh Flats $64.95 $51.00 20% off + extra 10% in the app Gap Denim Logo Tote Bag $54.95 $27.00 50% off + extra 10% in the app Lace Tights $19.95 $17.00 Extra 10% off in the app",Size Guide,https://www.gap.com/webcontent/0061/456/250/cn61456250.jpg,5,2026-02-22,https://www.gap.com/browse/product.do?pid=876392022&vid=1&pcid=3046544&cid=3051538
876392032,gap,Gap,Crochet Tote Bag,,55.0,69.95,,True,0,,This tote bag is made with a crochet knit cotton outer. Vegan leather shoulder straps. Snap button closure. Inner patch pocket. Certain styles have allover stripes. #876392,"& care Chocolate Brown: 67% Polyester, 21% Cotton, 10% Rayon. Black White Stripe: 74% Polyester, 14% Cotton, 9% Rayon. Black: 68% Polyester, 18% Cotton, 10% Rayon. Natural: 85% Polyester, 7% Cotton, 5% Rayon. Spot clean. Imported. Shipping & returns Customers also viewed Vegan Suede Ballet Flats $59.95 $35.00 40% off + extra 10% in the app Flip Flop Sandals $44.95 $35.00 20% off + extra 10% in the app Lace Tights $19.95 $17.00 Extra 10% off in the app Mesh Flats $64.95 $51.00 20% off + extra 10% in the app Vegan Leather Bucket Tote Bag $69.95 $55.00 20% off + extra 10% in the app You may also like Gap Denim Logo Tote Bag $54.95 $27.00 50% off + extra 10% in the app Logo Tote Keychain Charm $19.95 $11.00 40% off + extra 10% in the app Flip Flop Sandals $44.95 $35.00 20% off + extra 10% in the app Logo Tote Keychain Charm $19.95 $11.00 40% off + extra 10% in the app Linen-Blend Easy Wide-Leg Pants $79.95 Extra 10% off in the app Sheer Button-Front Peplum Top $69.95 $55.00 20% off + extra 10% in the app Mesh Flats $64.95 $51.00 20% off + extra 10% in the app Gap Logo Tote Bag $59.95 Extra 10% off in the app Eyelet Bandana Scarf $39.95 $31.00 20% off + extra 10% in the app Logo Tote Keychain Charm $19.95 $15.00 20% off + extra 10% in the app",Size Guide,https://www.gap.com/webcontent/0061/339/287/cn61339287.jpg,5,2026-02-22,https://www.gap.com/browse/product.do?pid=876392032&vid=1&pcid=3046544&cid=3046544
876392012,gap,Gap,Crochet Tote Bag,,55.0,69.95,,True,0,,This tote bag is made with a crochet knit cotton outer. Vegan leather shoulder straps. Snap button closure. Inner patch pocket. Certain styles have allover stripes. #876392,"& care Chocolate Brown: 67% Polyester, 21% Cotton, 10% Rayon. Black White Stripe: 74% Polyester, 14% Cotton, 9% Rayon. Black: 68% Polyester, 18% Cotton, 10% Rayon. Natural: 85% Polyester, 7% Cotton, 5% Rayon. Spot clean. Imported. Shipping & returns Customers also viewed Mesh Flats $64.95 $51.00 20% off + extra 10% in the app Flip Flop Sandals $44.95 $35.00 20% off + extra 10% in the app Lace Tights $19.95 $17.00 Extra 10% off in the app Mesh Flats $64.95 $51.00 20% off + extra 10% in the app Flip Flop Sandals $44.95 $35.00 20% off + extra 10% in the app You may also like Straw Tote Bag $79.95 $63.00 20% off + extra 10% in the app Logo Tote Keychain Charm $19.95 $15.00 20% off + extra 10% in the app Straw Bucket Hat $49.95 $39.00 20% off + extra 10% in the app Gap Logo Tote Bag $54.95 $43.00 20% off + extra 10% in the app Eyelet Bandana Scarf $39.95 $31.00 20% off + extra 10% in the app Gap Denim Logo Tote Bag $54.95 $27.00 50% off + extra 10% in the app Gap Logo Tote Bag $54.95 $32.00 40% off + extra 10% in the app Gap Logo Tote Bag $49.95 Extra 10% off in the app Sheer Button-Front Peplum Top $69.95 $55.00 20% off + extra 10% in the app Gap Logo Tote Bag $54.95 $43.00 20% off + extra 10% in the app",Size Guide,https://www.gap.com/webcontent/0061/815/552/cn61815552.jpg,5,2026-02-22,https://www.gap.com/browse/product.do?pid=876392012&vid=1&pcid=3046544&cid=3051538
876406002,gap,Gap,Gap Logo Tote Bag,,43.0,54.95,,True,4.5,15,"Soft, overdyed cotton tote bag. Shoulder straps. Snap button closure. Outer and inner patch pocket. Embroidered mini Gap arch logo at front. Assorted colors & prints. #876406","& care 100% Cotton. Machine wash cold, gentle cycle. Lay flat to dry. Imported. Shipping & returns Customers also viewed Brannan Bear Sleep Keychain Charm $19.95 $11.00 40% off + extra 10% in the app Brannan Bear Hoodie Keychain Charm $19.95 $11.00 40% off + extra 10% in the app Logo Tote Keychain Charm $19.95 $11.00 40% off + extra 10% in the app Brannan Bear Sweater Keychain Charm $19.95 $11.00 40% off + extra 10% in the app Logo Hoodie Keychain Charm $14.95 $7.00 50% off + extra 10% in the app You may also like Logo Tote Keychain Charm $19.95 $11.00 40% off + extra 10% in the app Brannan Bear Hoodie Keychain Charm $19.95 $11.00 40% off + extra 10% in the app Logo Tote Keychain Charm $19.95 $11.00 40% off + extra 10% in the app Brannan Bear Scarf Keychain Charm $19.95 $9.00 50% off + extra 10% in the app Brannan Bear Nap Hoodie Keychain Charm $19.95 $11.00 40% off + extra 10% in the app Brannan Bear Denim Jacket Keychain Charm $19.95 $13.00 30% off + extra 10% in the app Denim Tote Bag $59.95 $41.00 30% off + extra 10% in the app Logo Tote Keychain Charm $19.95 $11.00 40% off + extra 10% in the app Gap Jeans Keychain Charm $19.95 $11.00 40% off + extra 10% in the app Logo Tote Keychain Charm $19.95 $11.00 40% off + extra 10% in the app",Size Guide,https://www.gap.com/webcontent/0061/603/953/cn61603953.jpg,10,2026-02-22,https://www.gap.com/browse/product.do?pid=876406002&vid=1&pcid=3046544&cid=3051538
876392042,gap,Gap,Crochet Tote Bag,,55.0,69.95,,True,0,,This tote bag is made with a crochet knit cotton outer. Vegan leather shoulder straps. Snap button closure. Inner patch pocket. Certain styles have allover stripes. #876392,"& care Chocolate Brown: 67% Polyester, 21% Cotton, 10% Rayon. Black White Stripe: 74% Polyester, 14% Cotton, 9% Rayon. Black: 68% Polyester, 18% Cotton, 10% Rayon. Natural: 85% Polyester, 7% Cotton, 5% Rayon. Spot clean. Imported. Shipping & returns Customers also viewed Vegan Suede Ballet Flats $59.95 $35.00 40% off + extra 10% in the app Straw Tote Bag $79.95 $63.00 20% off + extra 10% in the app Logo Tote Keychain Charm $19.95 $11.00 40% off + extra 10% in the app Logo Tote Keychain Charm $19.95 $15.00 20% off + extra 10% in the app Gap Logo Tote Bag $59.95 $35.00 40% off + extra 10% in the app You may also like Lace Tights $19.95 $17.00 Extra 10% off in the app Mesh Flats $64.95 $51.00 20% off + extra 10% in the app Gap Logo Tote Bag $54.95 $43.00 20% off + extra 10% in the app Eyelet Bandana Scarf $39.95 $31.00 20% off + extra 10% in the app Gap Logo Tote Bag $54.95 $32.00 40% off + extra 10% in the app Gap Logo Tote Bag $49.95 Extra 10% off in the app Denim Tote Bag $59.95 $47.00 20% off + extra 10% in the app Gap Denim Logo Tote Bag $54.95 $27.00 50% off + extra 10% in the app Gap Logo Tote Bag $54.95 $32.00 40% off + extra 10% in the app Brannan Bear Hoodie Keychain Charm $19.95 $11.00 40% off + extra 10% in the app",Size Guide,https://www.gap.com/webcontent/0061/406/098/cn61406098.jpg,5,2026-02-22,https://www.gap.com/browse/product.do?pid=876392042&vid=1&pcid=3046544&cid=3051538
876406082,gap,Gap,Gap Logo Tote Bag,,19.95,59.95,,True,4.5,15,"Soft, overdyed cotton tote bag. Shoulder straps. Snap button closure. Outer and inner patch pocket. Embroidered mini Gap arch logo at front. Assorted colors & prints. #876406","& care 100% Cotton. Machine wash cold, gentle cycle. Lay flat to dry. Imported. Shipping & returns Customers also viewed Logo Tote Keychain Charm $19.95 $11.00 40% off + extra 10% in the app Gap Jeans Keychain Charm $19.95 $11.00 40% off + extra 10% in the app Logo Tote Keychain Charm $19.95 $11.00 40% off + extra 10% in the app Brannan Bear Hoodie Keychain Charm $19.95 $11.00 40% off + extra 10% in the app Logo Tote Keychain Charm $19.95 $11.00 40% off + extra 10% in the app You may also like Logo Tote Keychain Charm $19.95 $11.00 40% off + extra 10% in the app Toy Logo Hoodie $14.95 $7.00 50% off + extra 10% in the app Logo Tote Keychain Charm $19.95 $11.00 40% off + extra 10% in the app Logo Hoodie Keychain Charm $14.95 $7.00 50% off + extra 10% in the app Crochet Tote Bag $69.95 $55.00 20% off + extra 10% in the app Brannan Bear Logo Denim Tote Bag $59.95 $47.00 20% off + extra 10% in the app Brannan Bear Nap Hoodie Keychain Charm $19.95 $11.00 40% off + extra 10% in the app Brannan Bear Sleep Keychain Charm $19.95 $11.00 40% off + extra 10% in the app Logo Tote Keychain Charm $19.95 $11.00 40% off + extra 10% in the app Jelly Thong Sandals $39.95 $31.00 20% off + extra 10% in the app",Size Guide,https://www.gap.com/webcontent/0061/879/033/cn61879033.jpg,10,2026-02-22,https://www.gap.com/browse/product.do?pid=876406082&vid=1&pcid=3046544&cid=3046544
876406102,gap,Gap,Gap Logo Tote Bag,,43.0,54.95,,True,4.5,15,"Soft, overdyed cotton tote bag. Shoulder straps. Snap button closure. Outer and inner patch pocket. Embroidered mini Gap arch logo at front. Assorted colors & prints. #876406","& care 100% Cotton. Machine wash cold, gentle cycle. Lay flat to dry. Imported. Shipping & returns Customers also viewed Brannan Bear Hoodie Keychain Charm $19.95 $11.00 40% off + extra 10% in the app Brannan Bear Scarf Keychain Charm $19.95 $9.00 50% off + extra 10% in the app Brannan Bear Hoodie Keychain Charm $19.95 $17.00 Extra 10% off in the app Brannan Bear Denim Jacket Keychain Charm $19.95 $13.00 30% off + extra 10% in the app Brannan Bear Hoodie Keychain Charm $19.95 $11.00 40% off + extra 10% in the app You may also like Logo Hoodie Keychain Charm $14.95 $7.00 50% off + extra 10% in the app Brannan Bear Sweater Keychain Charm $19.95 $11.00 40% off + extra 10% in the app Logo Tote Keychain Charm $19.95 $11.00 40% off + extra 10% in the app Brannan Bear Nap Hoodie Keychain Charm $19.95 $11.00 40% off + extra 10% in the app Brannan Bear Sleep Keychain Charm $19.95 $11.00 40% off + extra 10% in the app Logo Tote Keychain Charm $19.95 $11.00 40% off + extra 10% in the app Toy Logo Hoodie $14.95 $7.00 50% off + extra 10% in the app Gap Jeans Keychain Charm $19.95 $11.00 40% off + extra 10% in the app Logo Tote Keychain Charm $19.95 $11.00 40% off + extra 10% in the app Toy Logo Hoodie $14.95 $7.00 50% off + extra 10% in the app",Size Guide,https://www.gap.com/webcontent/0061/518/912/cn61518912.jpg,10,2026-02-22,https://www.gap.com/browse/product.do?pid=876406102&vid=1&pcid=3046544&cid=3046544
876406062,gap,Gap,Gap Logo Tote Bag,,32.0,54.95,,True,4.5,15,"Soft, overdyed cotton tote bag. Shoulder straps. Snap button closure. Outer and inner patch pocket. Embroidered mini Gap arch logo at front. Assorted colors & prints. #876406","& care 100% Cotton. Machine wash cold, gentle cycle. Lay flat to dry. Imported. Shipping & returns Customers also viewed Brannan Bear Sleep Keychain Charm $19.95 $11.00 40% off + extra 10% in the app Brannan Bear Hoodie Keychain Charm $19.95 $11.00 40% off + extra 10% in the app Logo Tote Keychain Charm $19.95 $11.00 40% off + extra 10% in the app Brannan Bear Hoodie Keychain Charm $19.95 $11.00 40% off + extra 10% in the app Logo Tote Keychain Charm $19.95 $11.00 40% off + extra 10% in the app You may also like Logo Hoodie Keychain Charm $14.95 $7.00 50% off + extra 10% in the app Brannan Bear Nap Hoodie Keychain Charm $19.95 $11.00 40% off + extra 10% in the app Brannan Bear Sweater Keychain Charm $19.95 $11.00 40% off + extra 10% in the app Brannan Bear Scarf Keychain Charm $19.95 $9.00 50% off + extra 10% in the app Brannan Bear Hoodie Keychain Charm $19.95 $17.00 Extra 10% off in the app Logo Tote Keychain Charm $19.95 $11.00 40% off + extra 10% in the app Denim Tote Bag $59.95 $41.00 30% off + extra 10% in the app Logo Tote Keychain Charm $19.95 $11.00 40% off + extra 10% in the app Gap Jeans Keychain Charm $19.95 $11.00 40% off + extra 10% in the app Logo Tote Keychain Charm $19.95 $11.00 40% off + extra 10% in the app",Size Guide,https://www.gap.com/webcontent/0061/708/096/cn61708096.jpg,10,2026-02-22,https://www.gap.com/browse/product.do?pid=876406062&vid=1&pcid=3046544&cid=3051538
876406032,gap,Gap,Gap Logo Tote Bag,,19.95,59.95,,True,4.5,15,"Soft, overdyed cotton tote bag. Shoulder straps. Snap button closure. Outer and inner patch pocket. Embroidered mini Gap arch logo at front. Assorted colors & prints. #876406","& care 100% Cotton. Machine wash cold, gentle cycle. Lay flat to dry. Imported. Shipping & returns Customers also viewed Brannan Bear Hoodie Keychain Charm $19.95 $11.00 40% off + extra 10% in the app Brannan Bear T-Shirt Keychain Charm $19.95 $9.00 50% off + extra 10% in the app Logo Tote Keychain Charm $19.95 $11.00 40% off + extra 10% in the app Gap Jeans Keychain Charm $19.95 $11.00 40% off + extra 10% in the app Logo Tote Keychain Charm $19.95 $11.00 40% off + extra 10% in the app You may also like Logo Tote Keychain Charm $19.95 $11.00 40% off + extra 10% in the app Brannan Bear Sleep Keychain Charm $19.95 $11.00 40% off + extra 10% in the app Toy Logo Hoodie $14.95 $7.00 50% off + extra 10% in the app Brannan Bear Sweater Keychain Charm $19.95 $11.00 40% off + extra 10% in the app Logo Hoodie Keychain Charm $14.95 $7.00 50% off + extra 10% in the app Logo Tote Keychain Charm $19.95 $11.00 40% off + extra 10% in the app Gap Logo Tote Bag $49.95 Extra 10% off in the app Logo Tote Keychain Charm $19.95 $11.00 40% off + extra 10% in the app Denim Stripe Tote Bag $54.95 Extra 10% off in the app Logo Tote Keychain Charm $19.95 $11.00 40% off + extra 10% in the app",Size Guide,https://www.gap.com/webcontent/0061/518/883/cn61518883.jpg,10,2026-02-22,https://www.gap.com/browse/product.do?pid=876406032&vid=1&pcid=3046544&cid=3046544
876406112,gap,Gap,Gap Logo Tote Bag,,19.95,59.95,,True,4.5,15,"Soft, overdyed cotton tote bag. Shoulder straps. Snap button closure. Outer and inner patch pocket. Embroidered mini Gap arch logo at front. Assorted colors & prints. #876406","& care 100% Cotton. Machine wash cold, gentle cycle. Lay flat to dry. Imported. Shipping & returns Customers also viewed Brannan Bear Hoodie Keychain Charm $19.95 $11.00 40% off + extra 10% in the app Brannan Bear Sleep Keychain Charm $19.95 $11.00 40% off + extra 10% in the app Brannan Bear Hoodie Keychain Charm $19.95 $11.00 40% off + extra 10% in the app Brannan Bear Scarf Keychain Charm $19.95 $9.00 50% off + extra 10% in the app Logo Tote Keychain Charm $19.95 $11.00 40% off + extra 10% in the app You may also like Brannan Bear Sweater Keychain Charm $19.95 $11.00 40% off + extra 10% in the app Logo Tote Keychain Charm $19.95 $11.00 40% off + extra 10% in the app Logo Hoodie Keychain Charm $14.95 $7.00 50% off + extra 10% in the app Brannan Bear Nap Hoodie Keychain Charm $19.95 $11.00 40% off + extra 10% in the app Logo Tote Keychain Charm $19.95 $11.00 40% off + extra 10% in the app Brannan Bear T-Shirt Keychain Charm $19.95 $9.00 50% off + extra 10% in the app Logo Tote Keychain Charm $19.95 $11.00 40% off + extra 10% in the app Gap Jeans Keychain Charm $19.95 $11.00 40% off + extra 10% in the app Brannan Bear Logo Denim Tote Bag $59.95 $47.00 20% off + extra 10% in the app Logo Tote Keychain Charm $19.95 $11.00 40% off + extra 10% in the app",Size Guide,https://www.gap.com/webcontent/0061/603/956/cn61603956.jpg,10,2026-02-22,https://www.gap.com/browse/product.do?pid=876406112&vid=1&pcid=3046544&cid=3046544
876406152,gap,Gap,Gap Logo Tote Bag,,32.0,54.95,,True,4.5,15,"Soft, overdyed cotton tote bag. Shoulder straps. Snap button closure. Outer and inner patch pocket. Embroidered mini Gap arch logo at front. Assorted colors & prints. #876406","& care 100% Cotton. Machine wash cold, gentle cycle. Lay flat to dry. Imported. Shipping & returns Customers also viewed Brannan Bear Sleep Keychain Charm $19.95 $11.00 40% off + extra 10% in the app Logo Tote Keychain Charm $19.95 $11.00 40% off + extra 10% in the app Brannan Bear Sweater Keychain Charm $19.95 $11.00 40% off + extra 10% in the app Brannan Bear Hoodie Keychain Charm $19.95 $11.00 40% off + extra 10% in the app Logo Tote Keychain Charm $19.95 $11.00 40% off + extra 10% in the app You may also like Brannan Bear Hoodie Keychain Charm $19.95 $11.00 40% off + extra 10% in the app Logo Tote Keychain Charm $19.95 $11.00 40% off + extra 10% in the app Logo Hoodie Keychain Charm $14.95 $7.00 50% off + extra 10% in the app Brannan Bear Scarf Keychain Charm $19.95 $9.00 50% off + extra 10% in the app Logo Tote Keychain Charm $19.95 $11.00 40% off + extra 10% in the app Brannan Bear Nap Hoodie Keychain Charm $19.95 $11.00 40% off + extra 10% in the app Gap Jeans Keychain Charm $19.95 $11.00 40% off + extra 10% in the app Toy Logo Hoodie $14.95 $7.00 50% off + extra 10% in the app Logo Tote Keychain Charm $19.95 $11.00 40% off + extra 10% in the app Toy Logo Hoodie $14.95 $7.00 50% off + extra 10% in the app",Size Guide,https://www.gap.com/webcontent/0061/502/377/cn61502377.jpg,10,2026-02-22,https://www.gap.com/browse/product.do?pid=876406152&vid=1&pcid=3046544&cid=3051538
876406162,gap,Gap,Gap Logo Tote Bag,,43.0,54.95,,True,4.5,15,"Soft, overdyed cotton tote bag. Shoulder straps. Snap button closure. Outer and inner patch pocket. Embroidered mini Gap arch logo at front. Assorted colors & prints. #876406","& care 100% Cotton. Machine wash cold, gentle cycle. Lay flat to dry. Imported. Shipping & returns Customers also viewed Brannan Bear Sleep Keychain Charm $19.95 $11.00 40% off + extra 10% in the app Brannan Bear Scarf Keychain Charm $19.95 $9.00 50% off + extra 10% in the app Logo Tote Keychain Charm $19.95 $11.00 40% off + extra 10% in the app Brannan Bear Hoodie Keychain Charm $19.95 $17.00 Extra 10% off in the app Brannan Bear Sweater Keychain Charm $19.95 $11.00 40% off + extra 10% in the app You may also like Brannan Bear Hoodie Keychain Charm $19.95 $11.00 40% off + extra 10% in the app Logo Tote Keychain Charm $19.95 $11.00 40% off + extra 10% in the app Brannan Bear Hoodie Keychain Charm $19.95 $11.00 40% off + extra 10% in the app Logo Hoodie Keychain Charm $14.95 $7.00 50% off + extra 10% in the app Logo Tote Keychain Charm $19.95 $11.00 40% off + extra 10% in the app Brannan Bear T-Shirt Keychain Charm $19.95 $9.00 50% off + extra 10% in the app Logo Tote Keychain Charm $19.95 $11.00 40% off + extra 10% in the app Toy Logo Hoodie $14.95 $7.00 50% off + extra 10% in the app Logo Tote Keychain Charm $19.95 $11.00 40% off + extra 10% in the app Gap Jeans Keychain Charm $19.95 $11.00 40% off + extra 10% in the app",Size Guide,https://www.gap.com/webcontent/0061/502/386/cn61502386.jpg,10,2026-02-22,https://www.gap.com/browse/product.do?pid=876406162&vid=1&pcid=3046544&cid=3046544
876409002,gap,Gap,Straw Tote Bag,,63.0,79.95,,True,0,,This tote bag is made with a straw upper. Vegan leather shoulder straps. #876409,& care 100% Straw. Spot clean. Imported. Shipping & returns Customers also viewed Logo Tote Keychain Charm $19.95 $11.00 40% off + extra 10% in the app Vegan Leather Wedge Sandals $69.95 $55.00 20% off + extra 10% in the app Logo Tote Keychain Charm $19.95 $15.00 20% off + extra 10% in the app Lace Tights $19.95 $17.00 Extra 10% off in the app Logo Tote Keychain Charm $19.95 $11.00 40% off + extra 10% in the app You may also like Mesh Flats $64.95 $51.00 20% off + extra 10% in the app Crochet Tote Bag $69.95 $55.00 20% off + extra 10% in the app Vegan Leather Wedge Sandals $69.95 $55.00 20% off + extra 10% in the app Mesh Flats $64.95 $51.00 20% off + extra 10% in the app Denim Tote Bag $59.95 $47.00 20% off + extra 10% in the app Mesh Flats $64.95 $51.00 20% off + extra 10% in the app Brannan Bear Cozy Slippers $49.95 Extra 10% off in the app Crochet Tote Bag $69.95 $55.00 20% off + extra 10% in the app Gap Logo Tote Bag $59.95 Extra 10% off in the app Flip Flop Sandals $44.95 $35.00 20% off + extra 10% in the app,Size Guide,https://www.gap.com/webcontent/0061/199/149/cn61199149.jpg,1,2026-02-22,https://www.gap.com/browse/product.do?pid=876409002&vid=1&pcid=3046544&cid=3051538
876406132,gap,Gap,Gap Logo Tote Bag,,32.0,54.95,,True,4.5,15,"Soft, overdyed cotton tote bag. Shoulder straps. Snap button closure. Outer and inner patch pocket. Embroidered mini Gap arch logo at front. Assorted colors & prints. #876406","& care 100% Cotton. Machine wash cold, gentle cycle. Lay flat to dry. Imported. Shipping & returns Customers also viewed Brannan Bear Hoodie Keychain Charm $19.95 $11.00 40% off + extra 10% in the app Brannan Bear Sleep Keychain Charm $19.95 $11.00 40% off + extra 10% in the app Logo Tote Keychain Charm $19.95 $11.00 40% off + extra 10% in the app Brannan Bear Hoodie Keychain Charm $19.95 $11.00 40% off + extra 10% in the app Brannan Bear Nap Hoodie Keychain Charm $19.95 $11.00 40% off + extra 10% in the app You may also like Logo Tote Keychain Charm $19.95 $11.00 40% off + extra 10% in the app Logo Hoodie Keychain Charm $14.95 $7.00 50% off + extra 10% in the app Logo Tote Keychain Charm $19.95 $11.00 40% off + extra 10% in the app Brannan Bear Scarf Keychain Charm $19.95 $9.00 50% off + extra 10% in the app Brannan Bear Sweater Keychain Charm $19.95 $11.00 40% off + extra 10% in the app Logo Tote Keychain Charm $19.95 $11.00 40% off + extra 10% in the app Gap Jeans Keychain Charm $19.95 $11.00 40% off + extra 10% in the app Logo Tote Keychain Charm $19.95 $11.00 40% off + extra 10% in the app Gap Logo Tote Bag $49.95 Extra 10% off in the app Logo Tote Keychain Charm $19.95 $11.00 40% off + extra 10% in the app",Size Guide,https://www.gap.com/webcontent/0061/519/158/cn61519158.jpg,10,2026-02-22,https://www.gap.com/browse/product.do?pid=876406132&vid=1&pcid=3046544&cid=3051538
876406142,gap,Gap,Gap Logo Tote Bag,,35.0,59.95,,True,4.5,15,"Soft, overdyed cotton tote bag. Shoulder straps. Snap button closure. Outer and inner patch pocket. Embroidered mini Gap arch logo at front. Assorted colors & prints. #876406","& care 100% Cotton. Machine wash cold, gentle cycle. Lay flat to dry. Imported. Shipping & returns Customers also viewed Brannan Bear Scarf Keychain Charm $19.95 $9.00 50% off + extra 10% in the app Logo Hoodie Keychain Charm $14.95 $7.00 50% off + extra 10% in the app Brannan Bear Sleep Keychain Charm $19.95 $11.00 40% off + extra 10% in the app Brannan Bear Nap Hoodie Keychain Charm $19.95 $11.00 40% off + extra 10% in the app Brannan Bear Hoodie Keychain Charm $19.95 $17.00 Extra 10% off in the app You may also like Logo Tote Keychain Charm $19.95 $11.00 40% off + extra 10% in the app Brannan Bear Hoodie Keychain Charm $19.95 $11.00 40% off + extra 10% in the app Logo Tote Keychain Charm $19.95 $11.00 40% off + extra 10% in the app Toy Logo Hoodie $14.95 $7.00 50% off + extra 10% in the app Brannan Bear Sweater Keychain Charm $19.95 $11.00 40% off + extra 10% in the app Logo Hoodie Keychain Charm $14.95 $7.00 50% off + extra 10% in the app Logo Tote Keychain Charm $19.95 $11.00 40% off + extra 10% in the app Brannan Bear Logo Denim Tote Bag $59.95 $47.00 20% off + extra 10% in the app Logo Tote Keychain Charm $19.95 $11.00 40% off + extra 10% in the app Gap Jeans Keychain Charm $19.95 $11.00 40% off + extra 10% in the app",Size Guide,https://www.gap.com/webcontent/0061/624/045/cn61624045.jpg,10,2026-02-22,https://www.gap.com/browse/product.do?pid=876406142&vid=1&pcid=3046544&cid=3051538
876513002,gap,Gap,Waxed Canvas Tote Bag,,44.0,74.95,,True,3,2,Waxed cotton canvas tote bag. Shoulder and hand straps at top. Snap button closure. Gap label at front. #876513,& care 100% Cotton. Spot clean. Imported. Shipping & returns Customers also viewed Denim Brannan Bear Baseball Hat $29.95 Extra 10% off in the app Hill City Tote Bag $59.95 Excluded from promotions Waxed Canvas Baseball Hat $29.95 $23.00 20% off + extra 10% in the app Brannan Bear Beanie $39.95 $15.00 60% off + extra 10% in the app Waxed Canvas Baseball Hat $29.95 $23.00 20% off + extra 10% in the app You may also like Sherpa Oversized Half-Zip Pullover $89.95 $44.00 50% off + extra 10% in the app Gap × Sushi Club Logo Trucker Hat $95.00 Excluded from promotions Dress Socks $15.95 $9.00 40% off + extra 10% in the app Leather Gloves $98.00 $39.00 60% off + extra 10% in the app Adult Heavyweight Oversized Zip Jacket $89.95 $71.00 20% off + extra 10% in the app Drawcord Hood $39.95 $15.00 60% off + extra 10% in the app Dress Socks $17.95 $10.00 40% off + extra 10% in the app CashSoft Beanie $34.95 $13.00 60% off + extra 10% in the app City Crew Socks $12.95 $10.00 20% off + extra 10% in the app CashSoft Beanie $34.95 $13.00 60% off + extra 10% in the app,Size Guide,https://www.gap.com/webcontent/0061/456/218/cn61456218.jpg,2,2026-02-22,https://www.gap.com/browse/product.do?pid=876513002&vid=1&pcid=3046394&cid=3046394
876513032,gap,Gap,Waxed Canvas Tote Bag,,44.0,74.95,,True,3,2,Waxed cotton canvas tote bag. Shoulder and hand straps at top. Snap button closure. Gap label at front. #876513,& care 100% Cotton. Spot clean. Imported. Shipping & returns Customers also viewed Hill City Tote Bag $59.95 Excluded from promotions Gap × Sushi Club Logo Trucker Hat $95.00 Excluded from promotions Waxed Canvas Baseball Hat $29.95 $23.00 20% off + extra 10% in the app Brannan Bear Beanie $39.95 $15.00 60% off + extra 10% in the app Denim Brannan Bear Baseball Hat $29.95 Extra 10% off in the app You may also like Leather Gloves $98.00 $39.00 60% off + extra 10% in the app Heart Crew Socks $15.95 $14.00 Extra 10% off in the app Drawcord Hood $39.95 $15.00 60% off + extra 10% in the app CashSoft Crew Socks $15.95 $6.00 60% off + extra 10% in the app CashSoft Beanie $34.95 $13.00 60% off + extra 10% in the app CashSoft Crew Socks $15.95 $6.00 60% off + extra 10% in the app City Crew Socks $12.95 $10.00 20% off + extra 10% in the app CashSoft Beanie $34.95 $13.00 60% off + extra 10% in the app Organic Cotton Poplin Classic Shirt $59.95 $41.00 30% off + extra 10% in the app CashSoft Beanie $34.95 $13.00 60% off + extra 10% in the app,Size Guide,https://www.gap.com/webcontent/0061/456/205/cn61456205.jpg,2,2026-02-22,https://www.gap.com/browse/product.do?pid=876513032&vid=1&pcid=3046394&cid=3046394
883719002,gap,Gap,Kids Shimmer Straw Backpack,,23.0,39.95,,True,0,,This backpack is made with a metallic sparkle paper straw outer with a twill lining. Handle at top. Adjustable shoulder straps. Snap button and drawstring closures with bead and fringe detail. Fully lined. Product #883719,& care 100% Paper Straw. Lining: 100% Polyester. Wipe clean. Imported. Shipping & returns Customers also viewed Kids Quilted Pouch $34.95 $20.00 40% off + extra 10% in the app Kids Quilted Weekender Bag $69.95 $41.00 40% off + extra 10% in the app Kids Denim Terry Heart Baseball Hat $19.95 $11.00 40% off + extra 10% in the app Kids Slouchy Varsity Quarter Crew Socks (7-Pack) $24.95 $14.00 40% off + extra 10% in the app Kids Reversible Denim Bucket Hat $24.95 $14.00 40% off + extra 10% in the app You may also like Kids Bucket Hat $24.95 $14.00 40% off + extra 10% in the app Kids Jelly Ballet Flats $39.95 $23.00 40% off + extra 10% in the app Kids Quarter Crew Socks (3-Pack) $14.95 $8.00 40% off + extra 10% in the app Kids Jelly Ballet Flats $39.95 $23.00 40% off + extra 10% in the app Kids Sheer Dot Crew Socks (2-Pack) $12.95 $7.00 40% off + extra 10% in the app Kids Low Rise Stride Wide-Leg Jeans $54.95 $32.00 40% off + extra 10% in the app Kids Knit Basic Tights (2-Pack) $26.95 $16.00 40% off + extra 10% in the app Kids Tankini & Skort Swim Set $49.95 $29.00 40% off + extra 10% in the app Kids Varsity Crew Socks (7-Pack) $24.95 $14.00 40% off + extra 10% in the app Kids Icon Denim Jacket $69.95 $41.00 40% off + extra 10% in the app,Size Guide,https://www.gap.com/webcontent/0061/695/341/cn61695341.jpg,1,2026-02-22,https://www.gap.com/browse/product.do?pid=883719002&vid=1&pcid=3046567&cid=3046567
883723002,gap,Gap,Kids Hello Kitty Duffle Bag,,53.0,89.95,,True,1,1,"This duffle bag is made with a nylon upper. Adjustable, removable shoulder strap. Handles at top, zip top closure. Luggage sleeve at back. Allover embroidered Hello Kitty bow graphics. #883723",& care 100% Nylon. Hand wash. Lay flat to dry. Imported. Shipping & returns Customers also viewed Kids Quilted Weekender Bag $69.95 $41.00 40% off + extra 10% in the app Kids Quilted Colorblock Duffel Bag $69.95 $34.00 50% off + extra 10% in the app Kids Quilted Weekender Bag $69.95 $34.00 50% off + extra 10% in the app Kids Quilted Brannan Bear Weekender Bag $69.95 $27.00 60% off + extra 10% in the app Kids Jelly Ballet Flats $39.95 $23.00 40% off + extra 10% in the app You may also like Kids Quilted Pouch $34.95 $20.00 40% off + extra 10% in the app Kids Bow Logo Crossbody Bag $34.95 $13.00 60% off + extra 10% in the app Kids Quilted Weekender Bag $69.95 $27.00 60% off + extra 10% in the app Kids Jelly Ballet Flats $39.95 $23.00 40% off + extra 10% in the app Kids Relaxed Graphic Crewneck Sweater $49.95 $24.00 50% off + extra 10% in the app Kids Jelly Ballet Flats $39.95 $23.00 40% off + extra 10% in the app Kids Sanrio Oversized Graphic T-Shirt $29.95 $17.00 40% off + extra 10% in the app Kids VintageSoft Logo Hoodie $49.95 $29.00 40% off + extra 10% in the app Kids Sanrio Oversized Graphic T-Shirt $29.95 $17.00 40% off + extra 10% in the app Kids KPop Demon Hunters Graphic Tunic T-Shirt $34.95 $20.00 40% off + extra 10% in the app,Size Guide,https://www.gap.com/webcontent/0061/692/725/cn61692725.jpg,1,2026-02-22,https://www.gap.com/browse/product.do?pid=883723002&vid=1&pcid=3046567&cid=3046567
883721012,gap,Gap,Kids Quilted Pouch,,20.0,34.95,,True,0,,Soft quilted woven accessories pouch. Zipper at top. Fully lined. Assorted allover prints. Certain styles have a pom chain detail at zipper. Product #883721,& care 100% Polyester. Imported. Shipping & returns Customers also viewed Kids Quilted Weekender Bag $69.95 $41.00 40% off + extra 10% in the app Kids Shimmer Straw Backpack $39.95 $23.00 40% off + extra 10% in the app Kids Denim Terry Heart Baseball Hat $19.95 $11.00 40% off + extra 10% in the app Kids Quilted Brannan Bear Weekender Bag $69.95 $27.00 60% off + extra 10% in the app Kids Jelly Ballet Flats $39.95 $23.00 40% off + extra 10% in the app You may also like Kids Jelly Ballet Flats $39.95 $23.00 40% off + extra 10% in the app Kids Hello Kitty Duffle Bag $89.95 $53.00 40% off + extra 10% in the app Kids Crochet Mary Jane Flats $49.95 $29.00 40% off + extra 10% in the app Kids Quilted Weekender Bag $69.95 $27.00 60% off + extra 10% in the app Kids Bucket Hat $24.95 $14.00 40% off + extra 10% in the app Kids Crochet Mary Jane Flats $49.95 $29.00 40% off + extra 10% in the app Kids Jelly Ballet Flats $39.95 $23.00 40% off + extra 10% in the app Kids Sheer Dot Crew Socks (2-Pack) $12.95 $7.00 40% off + extra 10% in the app Kids Quarter Crew Socks (3-Pack) $14.95 $8.00 40% off + extra 10% in the app Kids Barrel Overalls $64.95 $38.00 40% off + extra 10% in the app,One Size 1 Add to Bag PayPal Pay in 4 Afterpay and Klarna available for orders $35+ Free fast shipping on $50+ for Rewards Members. Sign in or Join In stock In-store pickup Select a Store,https://www.gap.com/webcontent/0061/716/343/cn61716343.jpg,1,2026-02-22,https://www.gap.com/browse/product.do?pid=883721012&vid=1&pcid=3046567&cid=3046567
890431002,gap,Gap,Toy Logo Hoodie,,7.0,14.95,,True,4.7,11,"Suitable for all ages. Soft fleece hoodie made for plushies, toys, and dolls. Hooded neckline with drawcords and ear holes. Short sleeves. Gap arch logo at front. Note: Brannan Bear toy not included. #890431",& care 100% Polyester. Spot clean. Imported. Shipping & returns Customers also viewed Logo Tote Keychain Charm $19.95 $11.00 40% off + extra 10% in the app Brannan Bear Scarf Keychain Charm $19.95 $9.00 50% off + extra 10% in the app Logo Tote Keychain Charm $19.95 $11.00 40% off + extra 10% in the app Logo Hoodie Keychain Charm $14.95 $7.00 50% off + extra 10% in the app Logo Tote Keychain Charm $19.95 $11.00 40% off + extra 10% in the app You may also like Logo Tote Keychain Charm $19.95 $11.00 40% off + extra 10% in the app Brannan Bear Nap Hoodie Keychain Charm $19.95 $11.00 40% off + extra 10% in the app Logo Tote Keychain Charm $19.95 $11.00 40% off + extra 10% in the app Gap Logo Tote Bag $59.95 $35.00 40% off + extra 10% in the app Logo Tote Keychain Charm $19.95 $11.00 40% off + extra 10% in the app Brannan Bear Sweater Keychain Charm $19.95 $11.00 40% off + extra 10% in the app Logo Tote Keychain Charm $19.95 $11.00 40% off + extra 10% in the app Brannan Bear Sleep Keychain Charm $19.95 $11.00 40% off + extra 10% in the app Logo Tote Keychain Charm $19.95 $11.00 40% off + extra 10% in the app Gap Logo Tote Bag $54.95 $43.00 20% off + extra 10% in the app,Size Guide,https://www.gap.com/webcontent/0061/283/078/cn61283078.jpg,4,2026-02-22,https://www.gap.com/browse/product.do?pid=890431002&vid=1&pcid=3046544&cid=3051539
890384002,gap,Gap,Gap Jeans Keychain Charm,,11.0,19.95,,True,0,,"Authentic cotton denim keychain charm. Metal key ring. Gap arch logo at back pocket. This product was made in a factory that invests in gender equity and women’s empowerment through RISE. Learn more at <a href="" https://www.gapinc.com/en-us/impact/bridging-the-equity-gap/p-a-c-e-and-rise""><u>gapinc.com/equity </u></a>. #890384; Authentic cotton denim keychain charm. Metal key ring. Gap arch logo at back pocket. This product was made in a factory that invests in gender equity and women’s empowerment through RISE. Learn more at gapinc.com/equity . #890384 Fabric & care 100% Denim. Spot clean. Imported. Shipping & returns Customers also viewed Logo Tote Keychain Charm $19.95 $15.00 20% off + extra 10% in the app Brannan Bear Denim Jacket Keychain Charm $19.95 $13.00 30% off + extra 10% in the app Logo Tote Keychain Charm $19.95 $11.00 40% off + extra 10% in the app Logo Hoodie Keychain Charm $14.95 $7.00 50% off + extra 10% in the app Logo Tote Keychain Charm $19.95 $11.00 40% off + extra 10% in the app You may also like Logo Tote Keychain Charm $19.95 $11.00 40% off + extra 10% in the app Brannan Bear Sleep Keychain Charm $19.95 $11.00 40% off + extra 10% in the app Logo Tote Keychain Charm $19.95 $11.00 40% off + extra 10% in the app Toy Logo Hoodie $14.95 $7.00 50% off + extra 10% in the app Logo Tote Keychain Charm $19.95 $11.00 40% off + extra 10% in the app Toy Logo Hoodie $14.95 $7.00 50% off + extra 10% in the app Logo Tote Keychain Charm $19.95 $11.00 40% off + extra 10% in the app Brannan Bear Hoodie Keychain Charm $19.95 $11.00 40% off + extra 10% in the app Logo Tote Keychain Charm $19.95 $11.00 40% off + extra 10% in the app Gap Logo Tote Bag $54.95 $43.00 20% off + extra 10% in the app",& care 100% Denim. Spot clean. Imported. Shipping & returns Customers also viewed Logo Tote Keychain Charm $19.95 $15.00 20% off + extra 10% in the app Brannan Bear Denim Jacket Keychain Charm $19.95 $13.00 30% off + extra 10% in the app Logo Tote Keychain Charm $19.95 $11.00 40% off + extra 10% in the app Logo Hoodie Keychain Charm $14.95 $7.00 50% off + extra 10% in the app Logo Tote Keychain Charm $19.95 $11.00 40% off + extra 10% in the app You may also like Logo Tote Keychain Charm $19.95 $11.00 40% off + extra 10% in the app Brannan Bear Sleep Keychain Charm $19.95 $11.00 40% off + extra 10% in the app Logo Tote Keychain Charm $19.95 $11.00 40% off + extra 10% in the app Toy Logo Hoodie $14.95 $7.00 50% off + extra 10% in the app Logo Tote Keychain Charm $19.95 $11.00 40% off + extra 10% in the app Toy Logo Hoodie $14.95 $7.00 50% off + extra 10% in the app Logo Tote Keychain Charm $19.95 $11.00 40% off + extra 10% in the app Brannan Bear Hoodie Keychain Charm $19.95 $11.00 40% off + extra 10% in the app Logo Tote Keychain Charm $19.95 $11.00 40% off + extra 10% in the app Gap Logo Tote Bag $54.95 $43.00 20% off + extra 10% in the app,Size Guide,https://www.gap.com/webcontent/0061/645/883/cn61645883.jpg,1,2026-02-22,https://www.gap.com/browse/product.do?pid=890384002&vid=1&pcid=3046544&cid=3046544
890379002,gap,Gap,Robert Indiana LOVE Tote Bag,,62.0,78.0,,True,0,,"Sturdy cotton tote bag. Shoulder strap at top. LOVE graphic at front pocket. #890379; A self-proclaimed “painter of signs,” Indiana explored the power of abstraction and language in a highly original body of work. Inspiring a new take on the essentials we all know — and love. Sturdy cotton tote bag. Shoulder strap at top. LOVE graphic at front pocket. #890379",& care 100% Cotton. Spot clean. Imported. Shipping & returns Robert Indiana Love Denim Bag $34.00 $27.00 20% off + extra 10% in the app Robert Indiana VintageSoft LOVE Sweatshirt $78.00 $62.00 20% off + extra 10% in the app Kids Robert Indiana LOVE Hoodie $58.00 $46.00 20% off + extra 10% in the app Robert Indiana LOVE Crew Socks $14.00 $11.00 20% off + extra 10% in the app Robert Indiana LOVE Baseball Hat $34.00 $27.00 20% off + extra 10% in the app You may also like Waxed Canvas Tote Bag $74.95 $44.00 40% off + extra 10% in the app Hill City Tote Bag $59.95 Excluded from promotions Gap × Sushi Club Logo Trucker Hat $95.00 Excluded from promotions Waxed Canvas Tote Bag $74.95 $44.00 40% off + extra 10% in the app Heart Crew Socks $15.95 $14.00 Extra 10% off in the app Gap Logo Baseball Hat $29.95 $17.00 40% off + extra 10% in the app Gap × Sushi Club Heavyweight Logo Hoodie $175.00 Excluded from promotions Brannan Bear Beanie $39.95 $15.00 60% off + extra 10% in the app Denim Brannan Bear Baseball Hat $29.95 Extra 10% off in the app Varsity Crew Socks $15.95 $9.00 40% off + extra 10% in the app,Size Guide,https://www.gap.com/webcontent/0061/329/316/cn61329316.jpg,1,2026-02-22,https://www.gap.com/browse/product.do?pid=890379002&vid=1&pcid=3046544&cid=3051538
883722002,gap,Gap,Kids Quilted Weekender Bag,,41.0,69.95,,True,0,,This weekender bag is made with a quilted upper. Top handles. Adjustable shoulder strap. Certain styles have a pom detail at hook closure. Zipper closure. Pockets at front. Assorted allover prints. Product #883722,& care 100% Polyester. Spot clean. Imported. Shipping & returns Customers also viewed Kids Quilted Pouch $34.95 $20.00 40% off + extra 10% in the app Kids Shimmer Straw Backpack $39.95 $23.00 40% off + extra 10% in the app Kids Quilted Brannan Bear Weekender Bag $69.95 $27.00 60% off + extra 10% in the app Kids Jelly Ballet Flats $39.95 $23.00 40% off + extra 10% in the app Kids Crochet Mary Jane Flats $49.95 $29.00 40% off + extra 10% in the app You may also like Kids Denim Terry Heart Baseball Hat $19.95 $11.00 40% off + extra 10% in the app Kids Hello Kitty Duffle Bag $89.95 $53.00 40% off + extra 10% in the app Kids Crochet Mary Jane Flats $49.95 $29.00 40% off + extra 10% in the app Gap × Disney Kids Cross-Back One-Piece Swimsuit $44.95 $26.00 40% off + extra 10% in the app Kids Quilted Weekender Bag $69.95 $27.00 60% off + extra 10% in the app Kids Rash Guard Swim Two-Piece $49.95 $29.00 40% off + extra 10% in the app Kids Cross-Back One-Piece Swimsuit $39.95 $23.00 40% off + extra 10% in the app Kids Rash Guard Swim Two-Piece $49.95 $29.00 40% off + extra 10% in the app Kids Bow Logo Crossbody Bag $34.95 $13.00 60% off + extra 10% in the app Kids Slouchy Varsity Quarter Crew Socks (7-Pack) $24.95 $14.00 40% off + extra 10% in the app,Size Guide,https://www.gap.com/webcontent/0061/830/819/cn61830819.jpg,1,2026-02-22,https://www.gap.com/browse/product.do?pid=883722002&vid=1&pcid=3046567&cid=3046567
890431012,gap,Gap,Toy Logo Hoodie,,7.0,14.95,,True,4.7,11,"Suitable for all ages. Soft fleece hoodie made for plushies, toys, and dolls. Hooded neckline with drawcords and ear holes. Short sleeves. Gap arch logo at front. Note: Brannan Bear toy not included. #890431",& care 100% Polyester. Spot clean. Imported. Shipping & returns Customers also viewed Logo Tote Keychain Charm $19.95 $11.00 40% off + extra 10% in the app Brannan Bear Denim Jacket Keychain Charm $19.95 $13.00 30% off + extra 10% in the app Logo Tote Keychain Charm $19.95 $11.00 40% off + extra 10% in the app Gap Logo Tote Bag $54.95 $43.00 20% off + extra 10% in the app Logo Tote Keychain Charm $19.95 $11.00 40% off + extra 10% in the app You may also like Brannan Bear Nap Hoodie Keychain Charm $19.95 $11.00 40% off + extra 10% in the app Logo Tote Keychain Charm $19.95 $11.00 40% off + extra 10% in the app Brannan Bear Scarf Keychain Charm $19.95 $9.00 50% off + extra 10% in the app Logo Hoodie Keychain Charm $14.95 $7.00 50% off + extra 10% in the app Logo Tote Keychain Charm $19.95 $11.00 40% off + extra 10% in the app Brannan Bear Sweater Keychain Charm $19.95 $11.00 40% off + extra 10% in the app Logo Tote Keychain Charm $19.95 $11.00 40% off + extra 10% in the app Brannan Bear Hoodie Keychain Charm $19.95 $17.00 Extra 10% off in the app Logo Tote Keychain Charm $19.95 $11.00 40% off + extra 10% in the app Gap Logo Tote Bag $54.95 $43.00 20% off + extra 10% in the app,Size Guide,https://www.gap.com/webcontent/0061/283/119/cn61283119.jpg,4,2026-02-22,https://www.gap.com/browse/product.do?pid=890431012&vid=1&pcid=3046544&cid=3046544
890431022,gap,Gap,Toy Logo Hoodie,,7.0,14.95,,True,4.7,11,"Suitable for all ages. Soft fleece hoodie made for plushies, toys, and dolls. Hooded neckline with drawcords and ear holes. Short sleeves. Gap arch logo at front. Note: Brannan Bear toy not included. #890431",& care 100% Polyester. Spot clean. Imported. Shipping & returns Customers also viewed Logo Tote Keychain Charm $19.95 $11.00 40% off + extra 10% in the app Brannan Bear Scarf Keychain Charm $19.95 $9.00 50% off + extra 10% in the app Logo Tote Keychain Charm $19.95 $11.00 40% off + extra 10% in the app Brannan Bear Hoodie Keychain Charm $19.95 $17.00 Extra 10% off in the app Logo Tote Keychain Charm $19.95 $11.00 40% off + extra 10% in the app You may also like Logo Tote Keychain Charm $19.95 $11.00 40% off + extra 10% in the app Logo Hoodie Keychain Charm $14.95 $7.00 50% off + extra 10% in the app Logo Tote Keychain Charm $19.95 $11.00 40% off + extra 10% in the app Gap Jeans Keychain Charm $19.95 $11.00 40% off + extra 10% in the app Logo Tote Keychain Charm $19.95 $15.00 20% off + extra 10% in the app Gap Logo Tote Bag $54.95 $43.00 20% off + extra 10% in the app Logo Tote Keychain Charm $19.95 $11.00 40% off + extra 10% in the app Gap Logo Tote Bag $54.95 $43.00 20% off + extra 10% in the app Logo Tote Keychain Charm $19.95 $11.00 40% off + extra 10% in the app Brannan Bear Sleep Keychain Charm $19.95 $11.00 40% off + extra 10% in the app,Size Guide,https://www.gap.com/webcontent/0061/283/017/cn61283017.jpg,4,2026-02-22,https://www.gap.com/browse/product.do?pid=890431022&vid=1&pcid=3046544&cid=3051539
890431032,gap,Gap,Toy Logo Hoodie,,7.0,14.95,,True,4.7,11,"Suitable for all ages. Soft fleece hoodie made for plushies, toys, and dolls. Hooded neckline with drawcords and ear holes. Short sleeves. Gap arch logo at front. Note: Brannan Bear toy not included. #890431",& care 100% Polyester. Spot clean. Imported. Shipping & returns Customers also viewed Logo Tote Keychain Charm $19.95 $11.00 40% off + extra 10% in the app Logo Tote Keychain Charm $19.95 $11.00 40% off + extra 10% in the app Brannan Bear Sweater Keychain Charm $19.95 $11.00 40% off + extra 10% in the app Logo Tote Keychain Charm $19.95 $11.00 40% off + extra 10% in the app Brannan Bear Hoodie Keychain Charm $19.95 $17.00 Extra 10% off in the app You may also like Brannan Bear Denim Jacket Keychain Charm $19.95 $13.00 30% off + extra 10% in the app Brannan Bear Scarf Keychain Charm $19.95 $9.00 50% off + extra 10% in the app Logo Hoodie Keychain Charm $14.95 $7.00 50% off + extra 10% in the app Brannan Bear Nap Hoodie Keychain Charm $19.95 $11.00 40% off + extra 10% in the app Logo Tote Keychain Charm $19.95 $11.00 40% off + extra 10% in the app Gap Jeans Keychain Charm $19.95 $11.00 40% off + extra 10% in the app Logo Tote Keychain Charm $19.95 $11.00 40% off + extra 10% in the app Logo Hoodie Keychain Charm $14.95 $7.00 50% off + extra 10% in the app Logo Tote Keychain Charm $19.95 $15.00 20% off + extra 10% in the app Gap Logo Tote Bag $59.95 $35.00 40% off + extra 10% in the app,Size Guide,https://www.gap.com/webcontent/0061/283/129/cn61283129.jpg,4,2026-02-22,https://www.gap.com/browse/product.do?pid=890431032&vid=1&pcid=3046544&cid=3046544
890432012,gap,Gap,Denim Tote Bag,,47.0,59.95,,True,4.3,13,"Authentic denim tote bag. Shoulder and hand straps at top. Oversized patch pocket at front. Responsibly Made: This bag is part of our water-saving Washwell program. Compared with conventional wash methods, Washwell uses at least 20% less water. #890432; Authentic denim tote bag. Shoulder and hand straps at top. Oversized patch pocket at front. Responsibly Made: This bag is part of our water-saving Washwell program. Compared with conventional wash methods, Washwell uses at least 20% less water. #890432 Fabric & care Cotton 100% Machine wash. Imported. Shipping & returns Customers also viewed Logo Tote Keychain Charm $19.95 $11.00 40% off + extra 10% in the app Brannan Bear Hoodie Keychain Charm $19.95 $17.00 Extra 10% off in the app Brannan Bear Sweater Keychain Charm $19.95 $11.00 40% off + extra 10% in the app Logo Tote Keychain Charm $19.95 $11.00 40% off + extra 10% in the app Gap Logo Tote Bag $54.95 $43.00 20% off + extra 10% in the app You may also like Gap Logo Tote Bag $49.95 Extra 10% off in the app Gap Jeans Keychain Charm $19.95 $11.00 40% off + extra 10% in the app Gap Logo Tote Bag $59.95 Extra 10% off in the app Logo Tote Keychain Charm $19.95 $11.00 40% off + extra 10% in the app Gap Logo Tote Bag $59.95 $35.00 40% off + extra 10% in the app Brannan Bear Scarf Keychain Charm $19.95 $9.00 50% off + extra 10% in the app Gap Logo Tote Bag $54.95 $43.00 20% off + extra 10% in the app Logo Tote Keychain Charm $19.95 $11.00 40% off + extra 10% in the app Crochet Tote Bag $69.95 $55.00 20% off + extra 10% in the app Brannan Bear Hoodie Keychain Charm $19.95 $11.00 40% off + extra 10% in the app",& care Cotton 100% Machine wash. Imported. Shipping & returns Customers also viewed Logo Tote Keychain Charm $19.95 $11.00 40% off + extra 10% in the app Brannan Bear Hoodie Keychain Charm $19.95 $17.00 Extra 10% off in the app Brannan Bear Sweater Keychain Charm $19.95 $11.00 40% off + extra 10% in the app Logo Tote Keychain Charm $19.95 $11.00 40% off + extra 10% in the app Gap Logo Tote Bag $54.95 $43.00 20% off + extra 10% in the app You may also like Gap Logo Tote Bag $49.95 Extra 10% off in the app Gap Jeans Keychain Charm $19.95 $11.00 40% off + extra 10% in the app Gap Logo Tote Bag $59.95 Extra 10% off in the app Logo Tote Keychain Charm $19.95 $11.00 40% off + extra 10% in the app Gap Logo Tote Bag $59.95 $35.00 40% off + extra 10% in the app Brannan Bear Scarf Keychain Charm $19.95 $9.00 50% off + extra 10% in the app Gap Logo Tote Bag $54.95 $43.00 20% off + extra 10% in the app Logo Tote Keychain Charm $19.95 $11.00 40% off + extra 10% in the app Crochet Tote Bag $69.95 $55.00 20% off + extra 10% in the app Brannan Bear Hoodie Keychain Charm $19.95 $11.00 40% off + extra 10% in the app,Size Guide,https://www.gap.com/webcontent/0060/784/370/cn60784370.jpg,2,2026-02-22,https://www.gap.com/browse/product.do?pid=890432012&vid=1&pcid=3046544&cid=3046544
890432002,gap,Gap,Denim Tote Bag,,41.0,59.95,,True,4.3,13,"Authentic denim tote bag. Shoulder and hand straps at top. Oversized patch pocket at front. Responsibly Made: This bag is part of our water-saving Washwell program. Compared with conventional wash methods, Washwell uses at least 20% less water. #890432; Authentic denim tote bag. Shoulder and hand straps at top. Oversized patch pocket at front. Responsibly Made: This bag is part of our water-saving Washwell program. Compared with conventional wash methods, Washwell uses at least 20% less water. #890432 Fabric & care Cotton 100% Machine wash. Imported. Shipping & returns Customers also viewed Gap Logo Tote Bag $49.95 Extra 10% off in the app Brannan Bear Sweater Keychain Charm $19.95 $11.00 40% off + extra 10% in the app Logo Hoodie Keychain Charm $14.95 $7.00 50% off + extra 10% in the app Logo Tote Keychain Charm $19.95 $11.00 40% off + extra 10% in the app Brannan Bear Sleep Keychain Charm $19.95 $11.00 40% off + extra 10% in the app You may also like Gap Logo Tote Bag $54.95 $43.00 20% off + extra 10% in the app Brannan Bear Scarf Keychain Charm $19.95 $9.00 50% off + extra 10% in the app Logo Tote Keychain Charm $19.95 $15.00 20% off + extra 10% in the app Gap Logo Tote Bag $54.95 $43.00 20% off + extra 10% in the app Logo Tote Keychain Charm $19.95 $11.00 40% off + extra 10% in the app Gap Logo Tote Bag $54.95 $32.00 40% off + extra 10% in the app Brannan Bear Hoodie Keychain Charm $19.95 $11.00 40% off + extra 10% in the app Logo Tote Keychain Charm $19.95 $11.00 40% off + extra 10% in the app Logo Hoodie Keychain Charm $14.95 $7.00 50% off + extra 10% in the app Gap Jeans Keychain Charm $19.95 $11.00 40% off + extra 10% in the app",& care Cotton 100% Machine wash. Imported. Shipping & returns Customers also viewed Gap Logo Tote Bag $49.95 Extra 10% off in the app Brannan Bear Sweater Keychain Charm $19.95 $11.00 40% off + extra 10% in the app Logo Hoodie Keychain Charm $14.95 $7.00 50% off + extra 10% in the app Logo Tote Keychain Charm $19.95 $11.00 40% off + extra 10% in the app Brannan Bear Sleep Keychain Charm $19.95 $11.00 40% off + extra 10% in the app You may also like Gap Logo Tote Bag $54.95 $43.00 20% off + extra 10% in the app Brannan Bear Scarf Keychain Charm $19.95 $9.00 50% off + extra 10% in the app Logo Tote Keychain Charm $19.95 $15.00 20% off + extra 10% in the app Gap Logo Tote Bag $54.95 $43.00 20% off + extra 10% in the app Logo Tote Keychain Charm $19.95 $11.00 40% off + extra 10% in the app Gap Logo Tote Bag $54.95 $32.00 40% off + extra 10% in the app Brannan Bear Hoodie Keychain Charm $19.95 $11.00 40% off + extra 10% in the app Logo Tote Keychain Charm $19.95 $11.00 40% off + extra 10% in the app Logo Hoodie Keychain Charm $14.95 $7.00 50% off + extra 10% in the app Gap Jeans Keychain Charm $19.95 $11.00 40% off + extra 10% in the app,Size Guide,https://www.gap.com/webcontent/0060/784/392/cn60784392.jpg,2,2026-02-22,https://www.gap.com/browse/product.do?pid=890432002&vid=1&pcid=3046544&cid=3051538
893200002,gap,Gap,Kids Brannan Bear Backpack,,38.0,64.95,,True,0,,"Soft faux fur bear backpack. Shoulder straps at back. Inner compartment at back. Embroidered bear face. This product was made in a factory that invests in gender equity and women’s empowerment through RISE. Learn more at <a href="" https://www.gapinc.com/en-us/impact/bridging-the-equity-gap/p-a-c-e-and-rise""><u>gapinc.com/equity </u></a>. #893200; Soft faux fur bear backpack. Shoulder straps at back. Inner compartment at back. Embroidered bear face. This product was made in a factory that invests in gender equity and women’s empowerment through RISE. Learn more at gapinc.com/equity . #893200",& care 100% Polyester. Spot clean. Imported. Shipping & returns Customers also viewed Kids Bunny Backpack $64.95 $38.00 40% off + extra 10% in the app Kids Brannan Bear Cozy Slippers $39.95 $23.00 40% off + extra 10% in the app Kids Bunny Slippers $39.95 $23.00 40% off + extra 10% in the app Kids Corduroy Sneakers $49.95 $19.00 60% off + extra 10% in the app Kids Classic Sneakers $44.95 $26.00 40% off + extra 10% in the app You may also like Kids Varsity Heart Crew Socks (2-Pack) $9.95 $5.00 40% off + extra 10% in the app Kids Varsity Crew Socks (4-Pack) $19.95 $11.00 40% off + extra 10% in the app Kids Vegan Suede Loafers $54.95 $27.00 50% off + extra 10% in the app Kids City Crew Socks (7-Pack) $24.95 $14.00 40% off + extra 10% in the app Kids French Terry Beanie $19.95 $11.00 40% off + extra 10% in the app Kids Organic Cotton Gap Arch Logo Baseball Hat $19.95 $7.00 60% off + extra 10% in the app Kids Crew Socks ( 3-Pack) $14.95 $8.00 40% off + extra 10% in the app Kids VintageSoft Relaxed Hoodie $44.95 $26.00 40% off + extra 10% in the app Kids Camo Trucker Hat $19.95 $7.00 60% off + extra 10% in the app Kids VintageSoft Relaxed Zip Hoodie $49.95 $29.00 40% off + extra 10% in the app,Size Guide,https://www.gap.com/webcontent/0061/900/341/cn61900341.jpg,1,2026-02-22,https://www.gap.com/browse/product.do?pid=893200002&vid=1&pcid=3046590&cid=3046590
894580002,gap,Gap,Brannan Bear Scarf Keychain Charm,,9.0,19.95,,True,5,1,This keychain charm is made of soft knit and faux fur with a metal key ring. Embroidered bear detail at front with allover stripes at scarf. #894580; This keychain charm is made of soft knit and faux fur with a metal key ring. Embroidered bear detail at front with allover stripes at scarf. #894580 Fabric & care Bear: 100% Polyester Cozy Sherpa. Spot clean. Imported. Shipping & returns Customers also viewed Logo Hoodie Keychain Charm $14.95 $7.00 50% off + extra 10% in the app Logo Tote Keychain Charm $19.95 $11.00 40% off + extra 10% in the app Brannan Bear Hoodie Keychain Charm $19.95 $17.00 Extra 10% off in the app Brannan Bear Sweater Keychain Charm $19.95 $11.00 40% off + extra 10% in the app Logo Tote Keychain Charm $19.95 $11.00 40% off + extra 10% in the app You may also like Gap Logo Tote Bag $54.95 $43.00 20% off + extra 10% in the app Brannan Bear Sleep Keychain Charm $19.95 $11.00 40% off + extra 10% in the app Brannan Bear Nap Hoodie Keychain Charm $19.95 $11.00 40% off + extra 10% in the app Gap Logo Tote Bag $54.95 $43.00 20% off + extra 10% in the app Logo Tote Keychain Charm $19.95 $11.00 40% off + extra 10% in the app Gap Logo Tote Bag $59.95 $35.00 40% off + extra 10% in the app Toy Logo Hoodie $14.95 $7.00 50% off + extra 10% in the app Gap Logo Tote Bag $54.95 $43.00 20% off + extra 10% in the app Logo Tote Keychain Charm $19.95 $11.00 40% off + extra 10% in the app Toy Logo Hoodie $14.95 $7.00 50% off + extra 10% in the app,& care Bear: 100% Polyester Cozy Sherpa. Spot clean. Imported. Shipping & returns Customers also viewed Logo Hoodie Keychain Charm $14.95 $7.00 50% off + extra 10% in the app Logo Tote Keychain Charm $19.95 $11.00 40% off + extra 10% in the app Brannan Bear Hoodie Keychain Charm $19.95 $17.00 Extra 10% off in the app Brannan Bear Sweater Keychain Charm $19.95 $11.00 40% off + extra 10% in the app Logo Tote Keychain Charm $19.95 $11.00 40% off + extra 10% in the app You may also like Gap Logo Tote Bag $54.95 $43.00 20% off + extra 10% in the app Brannan Bear Sleep Keychain Charm $19.95 $11.00 40% off + extra 10% in the app Brannan Bear Nap Hoodie Keychain Charm $19.95 $11.00 40% off + extra 10% in the app Gap Logo Tote Bag $54.95 $43.00 20% off + extra 10% in the app Logo Tote Keychain Charm $19.95 $11.00 40% off + extra 10% in the app Gap Logo Tote Bag $59.95 $35.00 40% off + extra 10% in the app Toy Logo Hoodie $14.95 $7.00 50% off + extra 10% in the app Gap Logo Tote Bag $54.95 $43.00 20% off + extra 10% in the app Logo Tote Keychain Charm $19.95 $11.00 40% off + extra 10% in the app Toy Logo Hoodie $14.95 $7.00 50% off + extra 10% in the app,Size Guide,https://www.gap.com/webcontent/0061/456/379/cn61456379.jpg,1,2026-02-22,https://www.gap.com/browse/product.do?pid=894580002&vid=1&pcid=3046544&cid=3046544
893201002,gap,Gap,Kids Bunny Backpack,,38.0,64.95,,True,0,,"Soft faux fur bunny backpack. Shoulder straps at back. Inner compartment at back. Embroidered bunny face. Bunny ear appliques. This product was made in a factory that invests in gender equity and women’s empowerment through RISE. Learn more at <a href="" https://www.gapinc.com/en-us/impact/bridging-the-equity-gap/p-a-c-e-and-rise""><u>gapinc.com/equity </u></a>. Product #893201; Soft faux fur bunny backpack. Shoulder straps at back. Inner compartment at back. Embroidered bunny face. Bunny ear appliques. This product was made in a factory that invests in gender equity and women’s empowerment through RISE. Learn more at gapinc.com/equity . Product #893201",& care 100% Polyester. Spot clean. Imported. Shipping & returns Customers also viewed Kids Brannan Bear Backpack $64.95 $38.00 40% off + extra 10% in the app Kids Brannan Bear Cozy Slippers $39.95 $23.00 40% off + extra 10% in the app Kids Bunny Slippers $39.95 $23.00 40% off + extra 10% in the app Kids Classic Sneakers $44.95 $26.00 40% off + extra 10% in the app Kids Corduroy Sneakers $49.95 $19.00 60% off + extra 10% in the app You may also like Kids Vegan Suede Loafers $49.95 $29.00 40% off + extra 10% in the app Kids Denim Baseball Hat $19.95 $11.00 40% off + extra 10% in the app Kids Nylon Sneakers $49.95 $19.00 60% off + extra 10% in the app Kids Corduroy Sneakers $49.95 $19.00 60% off + extra 10% in the app Kids French Terry Beanie $19.95 $11.00 40% off + extra 10% in the app Kids VintageSoft Relaxed Hoodie $44.95 $26.00 40% off + extra 10% in the app Kids VintageSoft Relaxed Zip Hoodie $49.95 $29.00 40% off + extra 10% in the app Kids Crew Socks ( 3-Pack) $14.95 $8.00 40% off + extra 10% in the app Kids Organic Cotton Gap Arch Logo Baseball Hat $19.95 $7.00 60% off + extra 10% in the app Kids Organic Cotton Logo Baseball Hat $19.95 $7.00 60% off + extra 10% in the app,Size Guide,https://www.gap.com/webcontent/0061/667/198/cn61667198.jpg,1,2026-02-22,https://www.gap.com/browse/product.do?pid=893201002&vid=1&pcid=3046567&cid=3046567
894576002,gap,Gap,Brannan Bear Sleep Keychain Charm,,11.0,19.95,,True,4.7,3,This keychain charm is made of soft knit and faux fur with a metal key ring. Embroidered bear detail at front with allover stripes at sleep mask and PJ shirt. #894576; This keychain charm is made of soft knit and faux fur with a metal key ring. Embroidered bear detail at front with allover stripes at sleep mask and PJ shirt. #894576 Fabric & care Bear: 100% Polyester Cozy Sherpa. Sleep mask & shirt: 100% Polyester. Spot clean. Imported. Shipping & returns Customers also viewed Gap Logo Tote Bag $54.95 $43.00 20% off + extra 10% in the app Logo Tote Keychain Charm $19.95 $11.00 40% off + extra 10% in the app Logo Tote Keychain Charm $19.95 $11.00 40% off + extra 10% in the app Gap Logo Tote Bag $54.95 $32.00 40% off + extra 10% in the app Brannan Bear Hoodie Keychain Charm $19.95 $11.00 40% off + extra 10% in the app You may also like Gap Logo Tote Bag $54.95 $32.00 40% off + extra 10% in the app Logo Tote Keychain Charm $19.95 $11.00 40% off + extra 10% in the app Gap Logo Tote Bag $54.95 $32.00 40% off + extra 10% in the app Logo Tote Keychain Charm $19.95 $11.00 40% off + extra 10% in the app Gap Logo Tote Bag $54.95 $43.00 20% off + extra 10% in the app Brannan Bear Hoodie Keychain Charm $19.95 $17.00 Extra 10% off in the app Brannan Bear Nap Hoodie Keychain Charm $19.95 $11.00 40% off + extra 10% in the app Gap Logo Tote Bag $59.95 $35.00 40% off + extra 10% in the app Logo Tote Keychain Charm $19.95 $11.00 40% off + extra 10% in the app Gap Jeans Keychain Charm $19.95 $11.00 40% off + extra 10% in the app,& care Bear: 100% Polyester Cozy Sherpa. Sleep mask & shirt: 100% Polyester. Spot clean. Imported. Shipping & returns Customers also viewed Gap Logo Tote Bag $54.95 $43.00 20% off + extra 10% in the app Logo Tote Keychain Charm $19.95 $11.00 40% off + extra 10% in the app Logo Tote Keychain Charm $19.95 $11.00 40% off + extra 10% in the app Gap Logo Tote Bag $54.95 $32.00 40% off + extra 10% in the app Brannan Bear Hoodie Keychain Charm $19.95 $11.00 40% off + extra 10% in the app You may also like Gap Logo Tote Bag $54.95 $32.00 40% off + extra 10% in the app Logo Tote Keychain Charm $19.95 $11.00 40% off + extra 10% in the app Gap Logo Tote Bag $54.95 $32.00 40% off + extra 10% in the app Logo Tote Keychain Charm $19.95 $11.00 40% off + extra 10% in the app Gap Logo Tote Bag $54.95 $43.00 20% off + extra 10% in the app Brannan Bear Hoodie Keychain Charm $19.95 $17.00 Extra 10% off in the app Brannan Bear Nap Hoodie Keychain Charm $19.95 $11.00 40% off + extra 10% in the app Gap Logo Tote Bag $59.95 $35.00 40% off + extra 10% in the app Logo Tote Keychain Charm $19.95 $11.00 40% off + extra 10% in the app Gap Jeans Keychain Charm $19.95 $11.00 40% off + extra 10% in the app,Size Guide,https://www.gap.com/webcontent/0061/456/364/cn61456364.jpg,1,2026-02-22,https://www.gap.com/browse/product.do?pid=894576002&vid=1&pcid=3046544&cid=3046544
894579002,gap,Gap,Brannan Bear Nap Hoodie Keychain Charm,,11.0,19.95,,True,4.3,4,"This keychain charm is made of soft knit and faux fur with a metal key ring. Embroidered bear detail and Gap NAP logo at front. #894579; This keychain charm is made of soft knit and faux fur with a metal key ring. Embroidered bear detail and Gap NAP logo at front. #894579 Fabric & care Bear: 100% Polyester Cozy Sherpa. Hoodie: 97% Polyester, 3% Spandex. Spot clean. Imported. Shipping & returns Customers also viewed Logo Tote Keychain Charm $19.95 $15.00 20% off + extra 10% in the app Logo Tote Keychain Charm $19.95 $11.00 40% off + extra 10% in the app Logo Hoodie Keychain Charm $14.95 $7.00 50% off + extra 10% in the app Logo Tote Keychain Charm $19.95 $11.00 40% off + extra 10% in the app Toy Logo Hoodie $14.95 $7.00 50% off + extra 10% in the app You may also like Brannan Bear Scarf Keychain Charm $19.95 $9.00 50% off + extra 10% in the app Brannan Bear Hoodie Keychain Charm $19.95 $11.00 40% off + extra 10% in the app Gap Logo Tote Bag $54.95 $43.00 20% off + extra 10% in the app Brannan Bear Sleep Keychain Charm $19.95 $11.00 40% off + extra 10% in the app Gap Logo Tote Bag $54.95 $32.00 40% off + extra 10% in the app Brannan Bear Denim Jacket Keychain Charm $19.95 $13.00 30% off + extra 10% in the app Brannan Bear Sweater Keychain Charm $19.95 $11.00 40% off + extra 10% in the app Gap Logo Tote Bag $54.95 $43.00 20% off + extra 10% in the app Toy Logo Hoodie $14.95 $7.00 50% off + extra 10% in the app Gap Logo Tote Bag $54.95 $32.00 40% off + extra 10% in the app","& care Bear: 100% Polyester Cozy Sherpa. Hoodie: 97% Polyester, 3% Spandex. Spot clean. Imported. Shipping & returns Customers also viewed Logo Tote Keychain Charm $19.95 $15.00 20% off + extra 10% in the app Logo Tote Keychain Charm $19.95 $11.00 40% off + extra 10% in the app Logo Hoodie Keychain Charm $14.95 $7.00 50% off + extra 10% in the app Logo Tote Keychain Charm $19.95 $11.00 40% off + extra 10% in the app Toy Logo Hoodie $14.95 $7.00 50% off + extra 10% in the app You may also like Brannan Bear Scarf Keychain Charm $19.95 $9.00 50% off + extra 10% in the app Brannan Bear Hoodie Keychain Charm $19.95 $11.00 40% off + extra 10% in the app Gap Logo Tote Bag $54.95 $43.00 20% off + extra 10% in the app Brannan Bear Sleep Keychain Charm $19.95 $11.00 40% off + extra 10% in the app Gap Logo Tote Bag $54.95 $32.00 40% off + extra 10% in the app Brannan Bear Denim Jacket Keychain Charm $19.95 $13.00 30% off + extra 10% in the app Brannan Bear Sweater Keychain Charm $19.95 $11.00 40% off + extra 10% in the app Gap Logo Tote Bag $54.95 $43.00 20% off + extra 10% in the app Toy Logo Hoodie $14.95 $7.00 50% off + extra 10% in the app Gap Logo Tote Bag $54.95 $32.00 40% off + extra 10% in the app",Size Guide,https://www.gap.com/webcontent/0061/456/373/cn61456373.jpg,1,2026-02-22,https://www.gap.com/browse/product.do?pid=894579002&vid=1&pcid=3046544&cid=3046544
894583002,gap,Gap,Brannan Bear Sweater Keychain Charm,,11.0,19.95,,True,5,,This keychain charm is made of soft knit and faux fur with a metal key ring. Embroidered bear detail at front with allover stripes at crewneck sweater. #894583; This keychain charm is made of soft knit and faux fur with a metal key ring. Embroidered bear detail at front with allover stripes at crewneck sweater. #894583 Fabric & care Bear: 100% Polyester Cozy Sherpa. Spot clean. Imported. Shipping & returns Customers also viewed Brannan Bear Scarf Keychain Charm $19.95 $9.00 50% off + extra 10% in the app Logo Tote Keychain Charm $19.95 $11.00 40% off + extra 10% in the app Logo Hoodie Keychain Charm $14.95 $7.00 50% off + extra 10% in the app Gap Logo Tote Bag $54.95 $43.00 20% off + extra 10% in the app Logo Tote Keychain Charm $19.95 $11.00 40% off + extra 10% in the app You may also like Gap Logo Tote Bag $54.95 $43.00 20% off + extra 10% in the app Brannan Bear Sleep Keychain Charm $19.95 $11.00 40% off + extra 10% in the app Logo Tote Keychain Charm $19.95 $11.00 40% off + extra 10% in the app Brannan Bear Hoodie Keychain Charm $19.95 $17.00 Extra 10% off in the app Gap Logo Tote Bag $49.95 Extra 10% off in the app Gap Logo Tote Bag $54.95 $43.00 20% off + extra 10% in the app Brannan Bear Nap Hoodie Keychain Charm $19.95 $11.00 40% off + extra 10% in the app Gap Logo Tote Bag $54.95 $32.00 40% off + extra 10% in the app Denim Tote Bag $59.95 $41.00 30% off + extra 10% in the app Gap Logo Tote Bag $59.95 $35.00 40% off + extra 10% in the app,& care Bear: 100% Polyester Cozy Sherpa. Spot clean. Imported. Shipping & returns Customers also viewed Brannan Bear Scarf Keychain Charm $19.95 $9.00 50% off + extra 10% in the app Logo Tote Keychain Charm $19.95 $11.00 40% off + extra 10% in the app Logo Hoodie Keychain Charm $14.95 $7.00 50% off + extra 10% in the app Gap Logo Tote Bag $54.95 $43.00 20% off + extra 10% in the app Logo Tote Keychain Charm $19.95 $11.00 40% off + extra 10% in the app You may also like Gap Logo Tote Bag $54.95 $43.00 20% off + extra 10% in the app Brannan Bear Sleep Keychain Charm $19.95 $11.00 40% off + extra 10% in the app Logo Tote Keychain Charm $19.95 $11.00 40% off + extra 10% in the app Brannan Bear Hoodie Keychain Charm $19.95 $17.00 Extra 10% off in the app Gap Logo Tote Bag $49.95 Extra 10% off in the app Gap Logo Tote Bag $54.95 $43.00 20% off + extra 10% in the app Brannan Bear Nap Hoodie Keychain Charm $19.95 $11.00 40% off + extra 10% in the app Gap Logo Tote Bag $54.95 $32.00 40% off + extra 10% in the app Denim Tote Bag $59.95 $41.00 30% off + extra 10% in the app Gap Logo Tote Bag $59.95 $35.00 40% off + extra 10% in the app,Size Guide,https://www.gap.com/webcontent/0061/519/686/cn61519686.jpg,1,2026-02-22,https://www.gap.com/browse/product.do?pid=894583002&vid=1&pcid=3046544&cid=3051539
CM933,jcrew,J.Crew,Berkeley shoulder bag in suede,bags,274.19,178,,True,4.827814569536423,151,"Our customer-favorite bag comes in a slightly larger size, with just enough room for everything you need. It's finished with a refreshed, streamlined design, an adjustable shoulder strap, an interior card pocket and a magnetic closure—so it's as practical as it is polished. Please note: The color in this suede fabric may transfer and should be handled with care.100% leather.Leather trim.Cotton lining.Adjustable strap.Hidden magnetic closure.Imported.Select stores.Item CM933.Leather Working Group™This purchase supportsLWG-certified tanneriesLearn more about our Re-imagined fibersShop all Re-imagined styles",100% leather. Leather trim. Cotton lining. Adjustable strap. Hidden magnetic closure. Imported. Select stores. Item CM933.,"10""H x 15""W x 3 1/4""D; 9""-11"" strap drop.","https://www.jcrew.com/s7-img-facade/CM933_EE7690?hei=1950&crop=0,0,1560,0",1,2026-02-23T12:56:40Z,https://www.jcrew.com/p/womens/categories/accessories/bags/berkeley/CM933?display=all&fit=Classic&colorProductCode=CM933&colorCode=EE7690
CM930,jcrew,J.Crew,Berkeley bucket bag in suede,bags,198,,,False,4.0,73,"We took our signature Berkeley bucket bag and softened things up with a new all-suede exterior and a more casual, slouchy shape you'll want to tote around every day. Please note: The color in this fabric may transfer and should be handled with care.100% leather.Tie closure.Imported.Select stores.Item CM930.Leather Working Group™This purchase supportsLWG-certified tanneriesLearn more about our Re-imagined fibersShop all Re-imagined styles",100% leather. Tie closure. Imported. Select stores. Item CM930.,"12 1/2""H x 9""W x 5 7/8""D (bottom); 12 1/2""H x 13 1/4""W x 5 7/8""D (top). 9"" strap drop. Fits 14"" laptop.","https://www.jcrew.com/s7-img-facade/CM930_BL7171_m?hei=1950&crop=0,0,1560,0",2,2026-02-23T12:56:54Z,https://www.jcrew.com/m/womens/categories/accessories/bags/berkeley/ME606?display=all&fit=Classic&colorProductCode=CM930&colorCode=BL7171
CM951,jcrew,J.Crew,Delphine shoulder bag in leather,bags,178,,,False,4.703883495145631,206,"Our design team considered every detail to give this chic carryall a custom feel, from the double-zipper closure to the feet along the bottom that protect against wear and tear. But our favorite innovation has to be the contrast suede lining, which we bonded to the outside for a slouchy-yet-structured finish. Everyday, elevated—indeed.100% leather.Custom hardware.Lined in suede.Imported.Select stores.Item CM951.Leather Working Group™This purchase supportsLWG-certified tanneriesLearn more about our Re-imagined fibersShop all Re-imagined styles",100% leather. Custom hardware. Lined in suede. Imported. Select stores. Item CM951.,"5""H x 10""W x 4 1/4""D; 9 1/2"" strap drop.","https://www.jcrew.com/s7-img-facade/CM951_BK0001?hei=1950&crop=0,0,1560,0",2,2026-02-23T12:57:12Z,https://www.jcrew.com/m/womens/categories/accessories/bags/delphine/ME974?display=all&fit=Classic&colorProductCode=CM951&colorCode=BK0001
CM935,jcrew,J.Crew,Berkeley small shoulder bag in suede,bags,148,,,False,4.81858407079646,226,"Part of our best-selling Berkeley family, this soft suede style can be worn as a shoulder bag or crossbody, thanks to the adjustable strap. It's finished with signature gold-tone hardware and is just roomy enough for your essentials—plus your current book-club read.100% leather.Leather trim.Cotton lining.Removable adjustable crossbody strap.Hidden magnetic closure.Imported.Select stores.Item CM935.Leather Working Group™This purchase supportsLWG-certified tanneriesLearn more about our Re-imagined fibersShop all Re-imagined styles",100% leather. Leather trim. Cotton lining. Removable adjustable crossbody strap. Hidden magnetic closure. Imported. Select stores. Item CM935.,"5 3/4""H x 9 7/8""W x 4"" D; 5 1/2""-7 1/2"" strap drop.","https://www.jcrew.com/s7-img-facade/CM935_RD0136?hei=1950&crop=0,0,1560,0",2,2026-02-23T12:57:26Z,https://www.jcrew.com/m/womens/categories/accessories/bags/berkeley/ME975?display=all&fit=Classic&colorProductCode=CM935&colorCode=RD0136
CM934,jcrew,J.Crew,Berkeley chainlink shoulder bag in suede,bags,366.6,238,,True,4.6521739130434785,92,"Part of our best-selling Berkeley family, this suede shoulder bag comes in a slightly larger size, with just enough room for everything you need. It's finished with a sleek chainlink strap, a refreshed streamlined design, an interior card pocket and a magnetic closure—so it's as practical as it is polished. Please note: The color in this fabric may transfer and should be handled with care.100% leather.Leather trim.Cotton lining.Hidden magnetic closure.Imported.Select stores.Item CM934.Leather Working Group™This purchase supportsLWG-certified tanneriesLearn more about our Re-imagined fibersShop all Re-imagined styles",100% leather. Leather trim. Cotton lining. Hidden magnetic closure. Imported. Select stores. Item CM934.,"10""H x 15""W x 3 1/4""D. 11"" strap drop.","https://www.jcrew.com/s7-img-facade/CM934_BR8760_m?hei=1950&crop=0,0,1560,0",1,2026-02-23T12:57:37Z,https://www.jcrew.com/p/womens/categories/accessories/bags/berkeley/CM934?display=all&fit=Classic&colorProductCode=CM934&colorCode=BR8760
CP050,jcrew,J.Crew,Drawstring pouch bag in leather,bags,148,,,False,4.568627450980392,51,"Bring this sleek, statement-making drawstring bag to your next party for all the compliments. Because we love options, it comes with a removable top handle, so you can wear it on your arm or hold it as a clutch.Leather.Imported.Select stores.Item CP050.",Leather. Imported. Select stores. Item CP050.,"6 1/4""H x 7 3/4""W x 2 5/8""D; 7"" handle drop.","https://www.jcrew.com/s7-img-facade/CP050_BK0001?hei=1950&crop=0,0,1560,0",2,2026-02-23T12:57:58Z,https://www.jcrew.com/m/womens/categories/accessories/bags/clutches-and-pouches/ME782?display=all&fit=Classic&colorProductCode=CP050&colorCode=BK0001
CR297,jcrew,J.Crew,Berkeley structured shoulder bag in suede and croc-embossed leather,bags,289.58,188,,True,4.857142857142857,7,"Part of our best-selling Berkeley family, this structured shoulder bag comes in a slightly smaller size with just enough room for your essentials—plus your current book-club read. It's finished with a zipper closure, inner pockets and croc-embossed leather handles, aka the easiest way to add extra polish. Please note: The color in this fabric may transfer and should be handled with care.Suede body.Leather handles.Imported.Select stores.Item CR297.Leather Working Group™This purchase supportsLWG-certified tanneriesLearn more about our Re-imagined fibersShop all Re-imagined styles",Suede body. Leather handles. Imported. Select stores. Item CR297.,"6""H x 12 3/4""W. 8 1/2"" strap drop.","https://www.jcrew.com/s7-img-facade/CR297_BR8801_m?hei=1950&crop=0,0,1560,0",1,2026-02-23T12:58:31Z,https://www.jcrew.com/p/womens/categories/accessories/bags/berkeley/CR297?display=all&fit=Classic&colorProductCode=CR297&colorCode=BR8801
BZ445,jcrew,J.Crew,Large handknotted packable tote bag,bags,274.19,178,,False,4.556451612903226,124,"Our latest style makes lugging everything around so cute and easy (including itself, since you can fold it neatly to store in your trunk or luggage). Inside, you'll also find an interior pocket so that essentials like your keys, sunglasses and SPF won't get lost.Paper.Leather lining.Imported.Select stores.Item BZ445.",Paper. Leather lining. Imported. Select stores. Item BZ445.,"12 1/2""H x 12 1/2""W x 12 1/2""D; 9"" handle drop.","https://www.jcrew.com/s7-img-facade/BZ445_NA6445?hei=1950&crop=0,0,1560,0",1,2026-02-23T12:59:03Z,https://www.jcrew.com/p/womens/categories/accessories/bags/straw/BZ445?display=all&fit=Classic&colorProductCode=BZ445&colorCode=NA6445
BM842,jcrew,J.Crew,Printed reusable everyday tote,bags,30.04,,,False,4.8493150684931505,73,this eye-catching tote is along for every spring adventure.Cotton.Import.Item BM842.,Cotton. Import. Item BM842.,"15 1/2""H x 17""W x 2 5/8""D; 10"" handle drop.","https://www.jcrew.com/s7-img-facade/BM842_PT8750?hei=1950&crop=0,0,1560,0",1,2026-02-23T12:59:35Z,https://www.jcrew.com/p/womens/categories/accessories/bags/shoulder-bags/BM842?display=all&fit=Classic&colorProductCode=BM842&colorCode=PT8750
CR874,jcrew,J.Crew,Berkeley large tote in leather,bags,505.22,328,,False,5.0,1,"We took our signature tote and sized it up—making room for everything you need (and then some). With a slightly more structured silhouette, sleek flap closure and an extra-spacious interior, it's the all-day, everyday bag you've been waiting for. Plus, you'll love the expertly treated leather with a soft, lived-in patina (aka natural marks that add heritage-inspired character).100% leather.Cotton lining.Imported.Select stores.Item CR874.Leather Working Group™This purchase supportsLWG-certified tanneriesLearn more about our Re-imagined fibersShop all Re-imagined styles",100% leather. Cotton lining. Imported. Select stores. Item CR874.,"10 1/2""H x 15 7/8""W x 7 1/4""D. 8 1/2"" strap drop.","https://www.jcrew.com/s7-img-facade/CR874_EE9608?hei=1950&crop=0,0,1560,0",1,2026-02-23T13:00:07Z,https://www.jcrew.com/p/womens/categories/accessories/bags/berkeley/CR874?display=all&fit=Classic&colorProductCode=CR874&colorCode=EE9608
CR873,jcrew,J.Crew,Evie shoulder bag in leather,bags,228,,,False,5.0,2,"Meet Evie, a slightly larger, more relaxed take on our classic shoulder bags. This one has a soft slouch and two interior compartments for easy organization, plus a lock clasp and clochette detail to hang charms and keys. Plus, you'll love the expertly treated leather with a soft, lived-in patina (aka natural marks that add heritage-inspired character.)100% leather.Imported.Select stores.Item CR873.Leather Working Group™This purchase supportsLWG-certified tanneriesLearn more about our Re-imagined fibersShop all Re-imagined styles",100% leather. Imported. Select stores. Item CR873.,"7 1/2""H x 12 3/8""W x 4""D. 8 1/2"" strap drop.","https://www.jcrew.com/s7-img-facade/CR873_EE9608_m?hei=1950&crop=0,0,1560,0",2,2026-02-23T13:00:39Z,https://www.jcrew.com/m/womens/categories/accessories/bags/shoulder-bags/ME893?display=all&fit=Classic&colorProductCode=CR873&colorCode=EE9608
CR875,jcrew,J.Crew,Berkeley belted bucket bag in suede,bags,351.2,228,,True,,,"We took the slouchy suede bucket bag you love and added a removable belt with a custom buckle (which matches back to our belt collection for peak coordination). To keep things secure, it also comes with an easy self-tie closure on the inside. Please note: Color may transfer onto this style when worn with denim. Please handle with care.100% leather.Imported.Select stores.Item CR875.Leather Working Group™This purchase supportsLWG-certified tanneriesLearn more about our Re-imagined fibersShop all Re-imagined styles",100% leather. Imported. Select stores. Item CR875.,"12 1/2""H x 13 1/4""W x 5 7/8""D. 9"" strap drop.","https://www.jcrew.com/s7-img-facade/CR875_NA6524?hei=1950&crop=0,0,1560,0",1,2026-02-23T13:01:11Z,https://www.jcrew.com/p/womens/categories/accessories/bags/berkeley/CR875?display=all&fit=Classic&colorProductCode=CR875&colorCode=NA6524
CR872,jcrew,J.Crew,Evie shoulder bag in suede,bags,228,,,False,5.0,2,"Meet Evie, a slightly larger, more relaxed take on our classic shoulder bags. This one has a soft slouch and two interior compartments for easy organization, plus a lock clasp and clochette detail to hang charms and keys. Please note: Color may transfer onto this style when worn with denim. Please handle with care.100% leather.Imported.Online only.Item CR872.Leather Working Group™This purchase supportsLWG-certified tanneriesLearn more about our Re-imagined fibersShop all Re-imagined styles",100% leather. Imported. Online only. Item CR872.,"7 1/2""H x 12 3/8""W x 4""D. 8 1/2"" strap drop.","https://www.jcrew.com/s7-img-facade/CR872_EE9641?hei=1950&crop=0,0,1560,0",2,2026-02-23T13:01:43Z,https://www.jcrew.com/m/womens/categories/accessories/bags/shoulder-bags/ME893?display=all&fit=Classic&colorProductCode=CR872&colorCode=EE9641
CM931,jcrew,J.Crew,Berkeley big bucket bag in leather,bags,351.2,228,,True,4.512820512820513,39,"Part of our Berkeley family, we took our signature bucket bag and sized it up—making room for more of what you need, from workday essentials to weekend extras. Crafted in leather that holds its shape—and its own—it's the polished carryall you've been asking for.100% leather.Tie closure.Imported.Select stores.Item CM931.Leather Working Group™This purchase supportsLWG-certified tanneriesLearn more about our Re-imagined fibersShop all Re-imagined styles",100% leather. Tie closure. Imported. Select stores. Item CM931.,"13 1/2""H x 10 5/8""W x 6 1/2""D (bottom). 13 1/2""H x 15""W x 6 1/2""D (top). 10"" strap drop. Fits 16"" laptop.","https://www.jcrew.com/s7-img-facade/CM931_BR8760?hei=1950&crop=0,0,1560,0",1,2026-02-23T13:02:15Z,https://www.jcrew.com/p/womens/categories/accessories/bags/berkeley/CM931?display=all&fit=Classic&colorProductCode=CM931&colorCode=BR8760
CP048,jcrew,J.Crew,Delphine shoulder bag in suede,bags,198,178,,True,4.703883495145631,206,"Our design team considered every detail to give this chic carryall a custom feel, from the double-zipper closure to the feet along the bottom that protect against wear and tear. But our favorite innovation has to be the contrast suede lining, which we bonded to the outside for a slouchy-yet-structured finish. Everyday, elevated—indeed.100% leather.Imported.Select stores.Item CP048.Leather Working Group™This purchase supportsLWG-certified tanneriesLearn more about our Re-imagined fibersShop all Re-imagined styles",100% leather. Imported. Select stores. Item CP048.,"5""H x 10""W x 4 1/4""D; 9 1/2"" strap drop.","https://www.jcrew.com/s7-img-facade/CP048_EE8669?hei=1950&crop=0,0,1560,0",2,2026-02-23T13:02:47Z,https://www.jcrew.com/m/womens/categories/accessories/bags/delphine/ME974?display=all&fit=Classic&colorProductCode=CP048&colorCode=EE8669
CR299,jcrew,J.Crew,Berkeley belted bucket bag in studded leather,bags,382.01,248,,True,4.2,5,"We took the sleek leather bucket bag you love and added a removable grommet-accented belt (which matches back to our belt collection for peak coordination). Bonus: To keep things secure, it also comes with an easy self-tie closure on the inside.Leather.Self-tie closure.Select stores.Item CR299.Leather Working Group™This purchase supportsLWG-certified tanneriesLearn more about our Re-imagined fibersShop all Re-imagined styles",Leather. Self-tie closure. Select stores. Item CR299.,"12 1/2""H x 13 1/4""W. 1 1/8"" strap width. 9"" handle drop.","https://www.jcrew.com/s7-img-facade/CR299_BK0001_m?hei=1950&crop=0,0,1560,0",1,2026-02-23T13:03:19Z,https://www.jcrew.com/p/womens/categories/accessories/bags/berkeley/CR299?display=all&fit=Classic&colorProductCode=CR299&colorCode=BK0001
CP938,jcrew,J.Crew,Berkeley small chainlink shoulder bag in suede,bags,304.98,198,,True,4.81858407079646,226,"Part of our best-selling Berkeley family, this suede shoulder bag comes in our slightly smaller size, with just enough room for your essentials. It's finished with a sleek chainlink strap, a refreshed, streamlined design, an interior card pocket and a magnetic closure—so it's as practical as it is polished. Please note: The color in this fabric may transfer and should be handled with care.100% leather.Imported.Select stores.Item CP938.Leather Working Group™This purchase supportsLWG-certified tanneriesLearn more about our Re-imagined fibersShop all Re-imagined styles",100% leather. Imported. Select stores. Item CP938.,"5 3/4""H x 9 7/8""W x 3 1/2""D; 7 1/2"" handle drop.","https://www.jcrew.com/s7-img-facade/CP938_BK0001_m?hei=1950&crop=0,0,1560,0",1,2026-02-23T13:03:51Z,https://www.jcrew.com/p/womens/categories/accessories/bags/berkeley/CP938?display=all&fit=Classic&colorProductCode=CP938&colorCode=BK0001
CQ923,jcrew,J.Crew,Medium seaport tote bag in washed canvas,Bags & Wallets,150.96,98,,False,,,"Our medium tote bag is built in tough, durable cotton canvas, ideal for hauling all of your stuff. With exterior pockets for a pair of sneakers or a bunch of carrots, this size takes you to and from the farmer's market, the gym or an overnight. You'll find interior pockets, plus a key clip and a name tag so you can personalize the bag.Cotton canvas.Small flag label at front.Interior name label.Spot clean.Imported.Select stores.Item CQ923.",Cotton canvas. Small flag label at front. Interior name label. Spot clean. Imported. Select stores. Item CQ923.,"14""H x 20""W.","https://www.jcrew.com/s7-img-facade/CQ923_PP7944_m?hei=1950&crop=0,0,1560,0",1,2026-02-23T13:04:24Z,https://www.jcrew.com/p/mens/categories/accessories/bags/messengers-and-totes/CQ923?display=all&fit=Classic&colorProductCode=CQ923&colorCode=PP7944
CR880,jcrew,J.Crew,Berkeley small shoulder bag in leather,women,148,,,False,4.747292418772563,277,"This latest addition to our best-selling Berkeley family can be worn as a shoulder bag or crossbody, thanks to the adjustable strap. It's finished with signature gold-tone hardware, colorful leather and a scaled-down proportion that's just roomy enough for your essentials—plus your current book-club read.100% leather.Adjustable strap.Imported.Select stores.Item CR880.Leather Working Group™This purchase supportsLWG-certified tanneriesLearn more about our Re-imagined fibersShop all Re-imagined styles",100% leather. Adjustable strap. Imported. Select stores. Item CR880.,"5 3/4""H x 10""W x 4""D. 7 1/2"" strap drop.","https://www.jcrew.com/s7-img-facade/CR880_PK0312?hei=1950&crop=0,0,1560,0",2,2026-02-23T13:04:56Z,https://www.jcrew.com/m/womens/categories/accessories/bags/ME975?display=all&fit=Classic&colorProductCode=CR880&colorCode=PK0312
CT839,jcrew,J.Crew,Berkeley handknotted bucket bag in raffia,women,304.98,198,,False,,,"We gave your favorite slouchy bucket bag a warm-weather makeover with handknotted raffia and polished leather details. For added security and structure, it also comes with an easy self-tie closure on the inside.Raffia.Handknotted.Imported.Select stores.Item CT839.",Raffia. Handknotted. Imported. Select stores. Item CT839.,"12 1/2""H x 13 1/4""W x 5 7/8""D. 9"" strap drop.","https://www.jcrew.com/s7-img-facade/CT839_EE7109?hei=1950&crop=0,0,1560,0",1,2026-02-23T13:05:28Z,https://www.jcrew.com/p/womens/categories/accessories/bags/CT839?display=all&fit=Classic&colorProductCode=CT839&colorCode=EE7109
CR882,jcrew,J.Crew,Berkeley small handknotted shoulder bag in raffia,women,227.97,148,,False,,,"This latest addition to our best-selling Berkeley family can be worn as a shoulder bag or crossbody, thanks to the adjustable strap. It's finished with signature gold-tone hardware, spring-friendly raffia and a scaled-down proportion that's just roomy enough for your essentials—plus your current book-club read.Raffia.Leather trim.Handknotted.Imported.Select stores.Item CR882.",Raffia. Leather trim. Handknotted. Imported. Select stores. Item CR882.,"6""H x 9 1/2""W x 4 1/4""D. Crossbody strap length: 45 1/2"".","https://www.jcrew.com/s7-img-facade/CR882_EE7109_m?hei=1950&crop=0,0,1560,0",1,2026-02-23T13:06:00Z,https://www.jcrew.com/p/womens/categories/accessories/bags/CR882?display=all&fit=Classic&colorProductCode=CR882&colorCode=EE7109
CR878,jcrew,J.Crew,Berkeley small shoulder bag in studded leather and suede,women,178,148,,False,4.747292418772563,277,"This latest addition to our best-selling Berkeley family can be worn as a shoulder bag or crossbody, thanks to the adjustable strap. It's finished with western-inspired studded leather accents, soft suede and a scaled-down proportion that's just roomy enough for your essentials.100% suede.Adjustable strap.Leather studs.Linen lining.Imported.Select stores.Item CR878.Leather Working Group™This purchase supportsLWG-certified tanneriesLearn more about our Re-imagined fibersShop all Re-imagined styles",100% suede. Adjustable strap. Leather studs. Linen lining. Imported. Select stores. Item CR878.,"5 3/4""H x 10""W x 4""D. 7 1/2"" strap drop.","https://www.jcrew.com/s7-img-facade/CR878_NA6524_m?hei=1950&crop=0,0,1560,0",2,2026-02-23T13:06:32Z,https://www.jcrew.com/m/womens/categories/accessories/bags/ME975?display=all&fit=Classic&colorProductCode=CR878&colorCode=NA6524
BZ003,jcrew,J.Crew,Como woven straw tote,bags,227.97,148,,False,4.85792349726776,183,"Our woven straw style is perfect for taking everywhere—from the farmer's market to your next beach vacation. Roomy and refined, it features slim leather straps and an updated shape that's flared at the opening for a modern look.Straw.Leather lining.Imported.Select stores.Item BZ003.",Straw. Leather lining. Imported. Select stores. Item BZ003.,"11 1/2""H x 23""W x 8""D; 11"" handle drop.","https://www.jcrew.com/s7-img-facade/BZ003_EB9318?hei=1950&crop=0,0,1560,0",2,2026-02-23T13:07:04Z,https://www.jcrew.com/p/womens/categories/accessories/bags/shoulder-bags/BZ003?display=all&fit=Classic&colorProductCode=BZ003&colorCode=EB9318
CH254,jcrew,J.Crew,Berkeley buckle shoulder bag in handknotted straw,bags,227.97,148,,False,4.5625,16,"Our newest day-to-night take pairs handknotted paper straw and a magnetic leather closure with dramatic gold-tone hardware. Plus, we added a special shout-out to our heritage with oar-shaped details at the base of the handles, which were inspired by our classic labels from the '80s and '90s.Handknotted natural straw body.Leather trim.Imported.Select stores.Item CH254.",Handknotted natural straw body. Leather trim. Imported. Select stores. Item CH254.,"6""H x 9 1/2""W x 2""D. 9"" handle drop.","https://www.jcrew.com/s7-img-facade/CH254_EE7217_m?hei=1950&crop=0,0,1560,0",1,2026-02-23T13:07:15Z,https://www.jcrew.com/p/womens/categories/accessories/bags/berkeley/CH254?display=all&fit=Classic&colorProductCode=CH254&colorCode=EE7217
CR296,jcrew,J.Crew,Berkeley structured shoulder bag in suede,bags,289.58,188,,True,4.4,5,"Part of our best-selling Berkeley family, this soft suede shoulder bag comes in a slightly smaller size with just enough room for your essentials—plus your current book-club read. It's finished with a zipper closure, inner pockets and a structured silhouette that always looks pulled-together. Please note: The color in this fabric may transfer and should be handled with care.Suede.Imported.Select stores.Item CR296.Leather Working Group™This purchase supportsLWG-certified tanneriesLearn more about our Re-imagined fibersShop all Re-imagined styles",Suede. Imported. Select stores. Item CR296.,"6""H x 12 3/4""W. 8 1/2"" strap drop.","https://www.jcrew.com/s7-img-facade/CR296_EE9628_m?hei=1950&crop=0,0,1560,0",1,2026-02-23T13:07:36Z,https://www.jcrew.com/p/womens/categories/accessories/bags/berkeley/CR296?display=all&fit=Classic&colorProductCode=CR296&colorCode=EE9628
CP053,jcrew,J.Crew,Beaded bucket bag,bags,366.6,238,,True,4.909090909090909,11,"Add a little fun to your look with this small bucket bag, featuring all kinds of shimmery beads in a just-right size that goes from day to night.Glass beads.Imported.Select stores.Item CP053.",Glass beads. Imported. Select stores. Item CP053.,"7""H x 6 3/4""W x 4 1/2""D; 10"" handle drop.","https://www.jcrew.com/s7-img-facade/CP053_EE9339?hei=1950&crop=0,0,1560,0",2,2026-02-23T13:07:49Z,https://www.jcrew.com/p/womens/categories/accessories/bags/bucket-bags/CP053?display=all&fit=Classic&colorProductCode=CP053&colorCode=EE9339
BX994,jcrew,J.Crew,Portofino handknotted clutch,bags,197.16,128,,False,4.864406779661017,118,this structured clutch features a sleek magnetic closure that works for every dress code.Raffia.Cotton lining.Imported.Select stores.Item BX994.,Raffia. Cotton lining. Imported. Select stores. Item BX994.,"6 1/2""H x 9 1/2""W x 3 1/2""D.","https://www.jcrew.com/s7-img-facade/BX994_NA6445?hei=1950&crop=0,0,1560,0",2,2026-02-23T13:08:08Z,https://www.jcrew.com/p/womens/categories/accessories/bags/clutches-and-pouches/BX994?display=all&fit=Classic&colorProductCode=BX994&colorCode=NA6445
CR893,jcrew,J.Crew,Delphine shoulder bag in novelty leather,bags,198,178,,True,4.703883495145631,206,"Our design team considered every detail to give this double-zipper carryall a custom feel, from the contrast suede lining to the feet along the bottom that protect against wear and tear. Plus, you'll love the expertly treated leather with a soft, lived-in patina (aka natural marks that add heritage-inspired character).100% leather.Imported.Select stores.Item CR893.Leather Working Group™This purchase supportsLWG-certified tanneriesLearn more about our Re-imagined fibersShop all Re-imagined styles",100% leather. Imported. Select stores. Item CR893.,"5""H x 10""W x 4 1/2""D. 9 1/2"" strap drop.","https://www.jcrew.com/s7-img-facade/CR893_EE9608_m?hei=1950&crop=0,0,1560,0",2,2026-02-23T13:08:21Z,https://www.jcrew.com/m/womens/categories/accessories/bags/delphine/ME974?display=all&fit=Classic&colorProductCode=CR893&colorCode=EE9608
CH247,jcrew,J.Crew,Small rattan top-handle bag,bags,274.19,178,,False,4.829268292682927,41,"This elegant rectangular silhouette (complete with a top-handle detail) is our latest iteration of the rattan bag that we design—by popular demand—each season. From special occasions to everyday, the adaptable style is the perfect plus-one. Bonus: We added a removable crossbody chain for extra versatility.Rattan body.Leather trim.Removable crossbody chain.Imported.Select stores.Item CH247.",Rattan body. Leather trim. Removable crossbody chain. Imported. Select stores. Item CH247.,"5 1/4""H x 7 3/4""W x 3""D. 4 1/2"" handle drop.","https://www.jcrew.com/s7-img-facade/CH247_EE7109_m?hei=1950&crop=0,0,1560,0",1,2026-02-23T13:08:40Z,https://www.jcrew.com/p/womens/categories/accessories/bags/crossbody/CH247?display=all&fit=Classic&colorProductCode=CH247&colorCode=EE7109
CH248,jcrew,J.Crew,Handknotted raffia rectangular clutch,bags,128,,,False,4.490566037735849,53,"This handknotted raffia clutch fits all of your event essentials (keys, lipstick, phone, credit cards and more). P.S. Each bag is woven by hand, so no two are exactly alike.Natural raffia body.Handknotted.Imported.Select stores.Item CH248.",Natural raffia body. Handknotted. Imported. Select stores. Item CH248.,"7 1/2""H x 12""W x 3""D.","https://www.jcrew.com/s7-img-facade/CH248_NA6445_m?hei=1950&crop=0,0,1560,0",2,2026-02-23T13:08:51Z,https://www.jcrew.com/m/womens/categories/accessories/bags/clutches-and-pouches/ME347?display=all&fit=Classic&colorProductCode=CH248&colorCode=NA6445
CR298,jcrew,J.Crew,Berkeley belted bucket bag in suede and croc-embossed leather,bags,382.01,248,,True,4.833333333333333,6,"We took the slouchy suede bucket bag you love and added a removable crocodile-embossed leather belt (which matches back to our belt collection for peak coordination). To keep things secure, it also comes with an easy self-tie closure on the inside. Please note: The color in this fabric may transfer and should be handled with care.Suede body.Removable leather belt.Self-tie closure.Imported.Select stores.Item CR298.Leather Working Group™This purchase supportsLWG-certified tanneriesLearn more about our Re-imagined fibersShop all Re-imagined styles",Suede body. Removable leather belt. Self-tie closure. Imported. Select stores. Item CR298.,"12 1/2""H x 13 1/4""W. 1 1/8"" strap width. 9"" handle drop.","https://www.jcrew.com/s7-img-facade/CR298_BR8801_m?hei=1950&crop=0,0,1560,0",1,2026-02-23T13:09:03Z,https://www.jcrew.com/p/womens/categories/accessories/bags/berkeley/CR298?display=all&fit=Classic&colorProductCode=CR298&colorCode=BR8801
CP052,jcrew,J.Crew,Drawstring pouch bag in satin,bags,181.76,118,,True,5.0,16,"Bring this colorful, statement-making drawstring bag to your next party for all the compliments. Because we love options, it comes with a removable top handle, so you can wear it on your arm or hold it as a clutch.Polyester shell.Polyester lining.Imported.Select stores.Item CP052.",Polyester shell. Polyester lining. Imported. Select stores. Item CP052.,"6 1/4""H x 8""W x 1 5/8""D. 10"" handle drop.","https://www.jcrew.com/s7-img-facade/CP052_RD0136?hei=1950&crop=0,0,1560,0",1,2026-02-23T13:09:24Z,https://www.jcrew.com/p/womens/categories/accessories/bags/clutches-and-pouches/CP052?display=all&fit=Classic&colorProductCode=CP052&colorCode=RD0136
CP051,jcrew,J.Crew,Drawstring pouch bag in crystal-embellished satin,bags,181.76,118,,True,4.909090909090909,11,"Bring this sparkly, statement-making drawstring bag to your next party for all the compliments. Because we love options, it comes with a removable top handle, so you can wear it on your arm or hold it as a clutch.Polyester shell.Polyester lining.Imported.Select stores.Item CP051.",Polyester shell. Polyester lining. Imported. Select stores. Item CP051.,"6 1/4""H x 8""W x 1 5/8""D; 10"" handle drop.","https://www.jcrew.com/s7-img-facade/CP051_BK0001_m?hei=1950&crop=0,0,1560,0",1,2026-02-23T13:09:37Z,https://www.jcrew.com/p/womens/categories/accessories/bags/clutches-and-pouches/CP051?display=all&fit=Classic&colorProductCode=CP051&colorCode=BK0001
CR879,jcrew,J.Crew,Berkeley belted bucket bag in studded suede,women,459.02,298,,False,,,"We took the suede bucket bag you love and added grommet details and a removable belt (which matches back to our belt collection for peak coordination). Bonus: To keep things secure, it also comes with an easy self-tie closure on the inside.100% leather.Imported.Select stores.Item CR879.Leather Working Group™This purchase supportsLWG-certified tanneriesLearn more about our Re-imagined fibersShop all Re-imagined styles",100% leather. Imported. Select stores. Item CR879.,"12 1/2""H x 13 1/4""W x 5 7/8""D. 9"" strap drop.","https://www.jcrew.com/s7-img-facade/CR879_EE7690_ed?hei=1950&crop=0,0,1560,0",1,2026-02-23T13:09:57Z,https://www.jcrew.com/p/womens/categories/accessories/bags/CR879?display=all&fit=Classic&colorProductCode=CR879&colorCode=EE7690
CR886,jcrew,J.Crew,Delphine handknotted shoulder bag in straw,women,274.19,178,,False,,,"Our design team considered every detail to give this chic carryall a custom feel, from the double-zipper closure to the feet along the bottom that protect against wear and tear. For all your warm-weather days, our latest take comes in handknotted straw with smooth leather accents.Paper straw.Handknotted.Imported.Select stores.Item CR886.",Paper straw. Handknotted. Imported. Select stores. Item CR886.,"5""H x 10""W x 4 1/2""D. 9 1/2"" strap drop.","https://www.jcrew.com/s7-img-facade/CR886_EE7109_m?hei=1950&crop=0,0,1560,0",1,2026-02-23T13:10:32Z,https://www.jcrew.com/p/womens/categories/accessories/bags/CR886?display=all&fit=Classic&colorProductCode=CR886&colorCode=EE7109
CH249,jcrew,J.Crew,Handknotted raffia rectangular clutch with leather handles,bags,138,128,,False,4.490566037735849,53,"This woven raffia clutch fits all of your event essentials (keys, lipstick, phone, credit cards and more). We extra-love the sleek leather handles on this version for an elevated contrast.Natural raffia body.Leather trim.Handknotted.Imported.Select stores.Item CH249.",Natural raffia body. Leather trim. Handknotted. Imported. Select stores. Item CH249.,"7 1/2""H x 12""W x 3""D.","https://www.jcrew.com/s7-img-facade/CH249_EE7109_m?hei=1950&crop=0,0,1560,0",1,2026-02-23T13:10:44Z,https://www.jcrew.com/m/womens/categories/accessories/bags/clutches-and-pouches/ME347?display=all&fit=Classic&colorProductCode=CH249&colorCode=EE7109
P3192,jcrew,J.Crew,Bembien® mini sling bag,bags,385.09,250,,False,,,"from around the world. Ten percent of all Bembien proceeds goes to Nest, a nonprofit dedicated to the social and economic advancement of artisan communities all around the globe. The easy way to do a fashion-forward piece. Our mini sling is an outfit-maker that looks chic on everyone. With an adjustable strap, so you can wear it multiple ways. It elevates the simplest of outfits into something intentional and styled.Leather.Imported.Online only.Item P3192.",Leather. Imported. Online only. Item P3192.,"9""H x 5""W x 1""D.","https://www.jcrew.com/s7-img-facade/P3192_BR0984?hei=1950&crop=0,0,1560,0",3,2026-02-23T13:11:05Z,https://www.jcrew.com/p/womens/categories/accessories/bags/crossbody/P3192?display=all&fit=Classic&colorProductCode=P3192&colorCode=BR0984
M7271,jcrew,J.Crew,Bembien® Camilla bag,bags,539.11,350,,False,5.0,2,"from around the world. Ten percent of all Bembien proceeds goes to Nest, a nonprofit dedicated to the social and economic advancement of artisan communities all around the globe. For sipping cappuccinos and reading Proust, the Camilla is a day bag with a twist. A touch smaller than your typical work bag with a notched ""V"" that makes this functional tote an outfit maker.Cow leather.Import.Online only.Item M7271.",Cow leather. Import. Online only. Item M7271.,"13"" x 12"".","https://www.jcrew.com/s7-img-facade/M7271_BR1123?hei=1950&crop=0,0,1560,0",2,2026-02-23T13:11:39Z,https://www.jcrew.com/p/womens/categories/accessories/bags/totes/M7271?display=all&fit=Classic&colorProductCode=M7271&colorCode=BR1123
CT152,jcrew,J.Crew,Medium seaport tote bag in canvas,Bags & Wallets,137.87,,,False,,,"Our medium tote bag is built in tough, durable cotton canvas, ideal for hauling all of your stuff. With exterior pockets for a pair of sneakers or a bunch of carrots, this size takes you to and from the farmer's market, the gym or an overnight. You'll find interior pockets, plus a key clip and a name tag so you can personalize the bag.Cotton canvas.Small flag label at front.Interior name label.Spot clean.Imported.Item CT152.",Cotton canvas. Small flag label at front. Interior name label. Spot clean. Imported. Item CT152.,"14""H x 20""W.","https://www.jcrew.com/s7-img-facade/CT152_PP7792?hei=1950&crop=0,0,1560,0",1,2026-02-23T13:12:13Z,https://www.jcrew.com/p/mens/categories/accessories/bags/messengers-and-totes/CT152?display=all&fit=Classic&colorProductCode=CT152&colorCode=PP7792
N7262,jcrew,J.Crew,KAYU® Harley bag,bags,374.3,243,,False,,,"female-run company that partners with women artisans in Southeast Asia to handmake their products using natural, sustainable materials and indigenous techniques passed down through generations.Woven raffia straw.Optional leather strap.Crossbody or over-the-shoulder styling.Import.Online only.Item N7262.",Woven raffia straw. Optional leather strap. Crossbody or over-the-shoulder styling. Import. Online only. Item N7262.,"6 1/2""H x 9""W x 6 3/4""D; 25"" handle drop.","https://www.jcrew.com/s7-img-facade/N7262_BR0968?hei=1950&crop=0,0,1560,0",,2026-02-23T13:12:47Z,https://www.jcrew.com/p/womens/categories/accessories/bags/clutches-and-pouches/N7262?display=all&fit=Classic&colorProductCode=N7262&colorCode=BR0968
N8955,jcrew,J.Crew,Bembien® mini sling bag,bags,385.09,250,,True,,,"from around the world. Ten percent of all Bembien proceeds goes to Nest, a nonprofit dedicated to the social and economic advancement of artisan communities all around the globe. Meet your new outfit-maker. Mini bag in handwoven leather with an adjustable shoulder strap to wear it short or long. Features a narrow, paneled leather bottom and a top zipper.Leather.Imported.Online only.Item N8955.",Leather. Imported. Online only. Item N8955.,"9""H x 1""W x 5""D.","https://www.jcrew.com/s7-img-facade/N8955_BK0001?hei=1950&crop=0,0,1560,0",2,2026-02-23T13:13:19Z,https://www.jcrew.com/p/womens/categories/accessories/bags/crossbody/N8955?display=all&fit=Classic&colorProductCode=N8955&colorCode=BK0001
CK155,jcrew,J.Crew,Baroque pearl phone chain,bags,76.25,,,False,4.409090909090909,22,"Add a personal touch to your tech with this baroque-inspired pearl chain that matches back to our jewelry collection. Pro tip: Wear it around your wrist to hold your phone hands-free (while looking superpolished at the same time).Gold-plated zinc, acrylic pearls, polyester thread, cubic zirconia.Imported.Select stores.Item CK155.","Gold-plated zinc, acrylic pearls, polyester thread, cubic zirconia. Imported. Select stores. Item CK155.","Length: 12 1/2"".","https://www.jcrew.com/s7-img-facade/CK155_EC7253?hei=1950&crop=0,0,1560,0",2,2026-02-23T13:13:32Z,https://www.jcrew.com/p/womens/categories/accessories/bags/phone-chains/CK155?display=all&fit=Classic&colorProductCode=CK155&colorCode=EC7253
CM952,jcrew,J.Crew,Delphine shoulder bag in studded leather,bags,366.6,238,,True,4.805555555555555,36,"Our design team considered every detail to give this chic carryall a custom feel, from the double-zipper closure to the feet along the bottom that protect against wear and tear. But our favorite innovation has to be the contrast suede lining, which we bonded to the outside for a slouchy-yet-structured finish. Everyday, elevated—indeed.100% leather.Allover stud design.Custom hardware.Lined.Imported.Select stores.Item CM952.Leather Working Group™This purchase supportsLWG-certified tanneriesLearn more about our Re-imagined fibersShop all Re-imagined styles",100% leather. Allover stud design. Custom hardware. Lined. Imported. Select stores. Item CM952.,"5""H x 10""W x 4 1/4""D; 9 1/2"" strap drop.","https://www.jcrew.com/s7-img-facade/CM952_EE7085_m?hei=1950&crop=0,0,1560,0",1,2026-02-23T13:13:53Z,https://www.jcrew.com/p/womens/categories/accessories/bags/delphine/CM952?display=all&fit=Classic&colorProductCode=CM952&colorCode=EE7085
M4435,jcrew,J.Crew,Bembien® Ella bag,bags,431.29,280,,False,3.6666666666666665,3,"from around the world. Ten percent of all Bembien proceeds goes to Nest, a nonprofit dedicated to the social and economic advancement of artisan communities all around the globe. The dreamiest of day bags. Light and easy, take Ella along for park walks with a good book for when the occasion strikes. Tucks neatly under your arm. Longer straps make for a comfortable fit over the shoulder and the ultimate in ease.Cow leather.Import.Online only.Item M4435.",Cow leather. Import. Online only. Item M4435.,"12""H x 8""W.","https://www.jcrew.com/s7-img-facade/M4435_BR1123?hei=1950&crop=0,0,1560,0",1,2026-02-23T13:14:08Z,https://www.jcrew.com/p/womens/categories/accessories/bags/totes/M4435?display=all&fit=Classic&colorProductCode=M4435&colorCode=BR1123
N5189,jcrew,J.Crew,Ame & Lulu women's Hamptons pickleball bag,bags,227.97,148,,True,5.0,4,"Established in 2003 in Brookline, Massachusetts, Ame & Lulu designs and manufactures stylish-yet-functional accessories for tennis, golf and everyday life. Show up to the pickleball court in style in the Hamptons Pickleball Bag. With an exterior paddle pocket and multiple interior pockets, you can't go wrong.Canvas.Spot clean.Imported.Online only.Item N5189.",Canvas. Spot clean. Imported. Online only. Item N5189.,"17 1/2""H x 12""W x 5""D.","https://www.jcrew.com/s7-img-facade/N5189_EF0047?hei=1950&crop=0,0,1560,0",,2026-02-23T13:14:25Z,https://www.jcrew.com/p/womens/categories/accessories/bags/totes/N5189?display=all&fit=Classic&colorProductCode=N5189&colorCode=EF0047
CP047,jcrew,J.Crew,Berkeley small shoulder bag in patent leather,bags,178,,,False,4.81858407079646,226,"Part of our best-selling Berkeley family, this textured leather shoulder bag comes in our slightly smaller size, with just enough room for all of your essentials. It's finished with signature gold-tone hardware, an adjustable shoulder strap and a magnetic closure—so it's as practical as it is polished.100% leather.Select stores.Item CP047.Leather Working Group™This purchase supportsLWG-certified tanneriesLearn more about our Re-imagined fibersShop all Re-imagined styles",100% leather. Select stores. Item CP047.,"5 3/4""H x 9 7/8""W x 3 1/2""D. 5 1/2""–7 1/2"" adjustable handle drop. 46"" crossbody strap.","https://www.jcrew.com/s7-img-facade/CP047_RD0204?hei=1950&crop=0,0,1560,0",1,2026-02-23T13:14:48Z,https://www.jcrew.com/p/womens/categories/accessories/bags/berkeley/CP047?display=all&fit=Classic&colorProductCode=CP047&colorCode=RD0204
CP090,jcrew,J.Crew,Filson® rugged twill duffel bag,Bags & Wallets,916.49,595,,False,5.0,1,"some of the toughest outerwear on the market—and they've been doing it since the late 1800s. A best seller since 1990 and made in the U.S., this duffel bag is designed with industrial-strength rugged twill and bridled leather with an adjustable (and removable) shoulder strap, plus handles that wrap around to securely cradle heavy loads. It's sized to fit in an overhead and built to survive even the most extreme long weekends and multiday trips.Rugged cotton twill.Leather bridle.Spot clean.Made in the USA of imported fabric.Select stores.Item CP090.",Rugged cotton twill. Leather bridle. Spot clean. Made in the USA of imported fabric. Select stores. Item CP090.,"20""L x 12""W X 13""H. 43-liter capacity.","https://www.jcrew.com/s7-img-facade/CP090_EE9149?hei=1950&crop=0,0,1560,0",1,2026-02-23T13:15:26Z,https://www.jcrew.com/p/mens/categories/accessories/bags/travel-bags/CP090?display=all&fit=Classic&colorProductCode=CP090&colorCode=EE9149
CQ855,jcrew,J.Crew,Tortoiseshell phone chain,bags,76.25,,,False,4.142857142857143,7,"Add a personal touch to your tech with this luxe tortoiseshell chain. Pro tip: Wear it around your wrist to hold your phone hands-free (while looking superpolished at the same time).Gold-plated zinc, gold-plated aluminum, cubic zirconia.Imported.Select stores.Item CQ855.","Gold-plated zinc, gold-plated aluminum, cubic zirconia. Imported. Select stores. Item CQ855.","Length: 12 1/2"".","https://www.jcrew.com/s7-img-facade/CQ855_BR6803?hei=1950&crop=0,0,1560,0",2,2026-02-23T13:15:59Z,https://www.jcrew.com/p/womens/categories/accessories/bags/phone-chains/CQ855?display=all&fit=Classic&colorProductCode=CQ855&colorCode=BR6803
N7757,jcrew,J.Crew,Bembien® le sac bag,bags,446.7,290,,False,2.0,1,"from around the world. Ten percent of all Bembien proceeds goes to Nest, a nonprofit dedicated to the social and economic advancement of artisan communities all around the globe. A chic shoulder bag with a slouchy silhouette for a touch of seventies nostalgia. Roomy enough to carry your daytime essentials, in a timeless design that's perfect for wine-filled dinners and wherever summer takes you. The shoulder strap slips over woolly sweaters and coats for year-round versatility.Cow leather.Spot clean.Import.Online only.Item N7757.",Cow leather. Spot clean. Import. Online only. Item N7757.,"12"" x 7"" x 2"".","https://www.jcrew.com/s7-img-facade/N7757_BR1123?hei=1950&crop=0,0,1560,0",3,2026-02-23T13:16:33Z,https://www.jcrew.com/p/womens/categories/accessories/bags/shoulder-bags/N7757?display=all&fit=Classic&colorProductCode=N7757&colorCode=BR1123
P3336,jcrew,J.Crew,Just Dutch handmade Miffy doll in pink dress and tulip bag,girls,61.61,38,,False,5.0,1,"Miffy, to life with handmade crochet dolls crafted from soft organic cotton and eco-friendly materials, inviting children to create endless adventures. Featuring colorful changeable outfits, each doll is thoughtfully made by differently abled artisans in Vietnam, blending Dutch design, imaginative storytelling and meaningful social impact. Miffy is wearing her favorite pink dress and has picked up her tulip bag, ready to greet the sunny day with curiosity. She is planning a sweet surprise for a dear friend and hopes you will join her to share in the joy. Wherever her imagination takes her, Miffy brings along a sense of wonder, kindness and care. Handmade with soft cotton and thoughtful detail, this Miffy doll is a sweet companion for children and collectors alike. Her simple outfit invites open-ended play and gentle storytelling, encouraging little ones to create their own adventures. Inspired by Dutch design and the colors of spring, she brings charm, calm and creativity into any space she joins.Cotton.Embroidered eyes.Handmade.Hand wash.Imported.Online only.Item P3336.",Cotton. Embroidered eyes. Handmade. Hand wash. Imported. Online only. Item P3336.,"10""H x 4""W x 2""D. Suitable for children aged three and older.","https://www.jcrew.com/s7-img-facade/P3336_EF0363?hei=1950&crop=0,0,1560,0",2,2026-02-23T13:17:08Z,https://www.jcrew.com/p/girls/categories/accessories/fun-finds/P3336?display=all&fit=Classic&colorProductCode=P3336&colorCode=EF0363
CK154,jcrew,J.Crew,Metallic link phone chain,bags,76.25,,,False,3.909090909090909,11,"Add a personal touch to your tech with this metallic chain that matches back to our jewelry collection. Pro tip: Wear it around your wrist to hold your phone hands-free (while looking superpolished at the same time).Gold-plated zinc, gold-plated aluminum, cubic zirconia.Imported.Select stores.Item CK154.","Gold-plated zinc, gold-plated aluminum, cubic zirconia. Imported. Select stores. Item CK154.","Length: 12 1/2"".","https://www.jcrew.com/s7-img-facade/CK154_YL5433_m?hei=1950&crop=0,0,1560,0",2,2026-02-23T13:17:21Z,https://www.jcrew.com/p/womens/categories/accessories/bags/phone-chains/CK154?display=all&fit=Classic&colorProductCode=CK154&colorCode=YL5433
M7121,jcrew,J.Crew,Bembien® Gabrielle bag,bags,693.15,450,,True,1.0,1,"from around the world. Ten percent of all Bembien proceeds goes to Nest, a nonprofit dedicated to the social and economic advancement of artisan communities all around the globe. Our largest tote bag. A carryall tote handcrafted in woven leather with two braided shoulder straps and a magnetic closure. Fits your 16"" laptop, water bottle and change of shoes.Leather.Imported.Online only.Item M7121.",Leather. Imported. Online only. Item M7121.,"18""H x 13""W x 4""D.","https://www.jcrew.com/s7-img-facade/M7121_WC6066?hei=1950&crop=0,0,1560,0",3,2026-02-23T13:17:42Z,https://www.jcrew.com/p/womens/categories/accessories/bags/totes/M7121?display=all&fit=Classic&colorProductCode=M7121&colorCode=WC6066
CJ926,jcrew,J.Crew,Tortoise shell clutch,bags,227.97,148,,False,4.842105263157895,19,This ultracool tortoise shell clutch features an open geometric design that holds all of your essentials with ease. (Bonus: It's a total conversation starter.)Acetate.Imported.Select stores.Item CJ926.,Acetate. Imported. Select stores. Item CJ926.,"6 7/8""H x 8""W x 2 1/2""D.","https://www.jcrew.com/s7-img-facade/CJ926_EE4347_m?hei=1950&crop=0,0,1560,0",2,2026-02-23T13:18:22Z,https://www.jcrew.com/p/womens/categories/accessories/bags/clutches-and-pouches/CJ926?display=all&fit=Classic&colorProductCode=CJ926&colorCode=EE4347
CR877,jcrew,J.Crew,Berkeley bucket bag in leather,women,351.2,228,,False,,,"This timeless bucket bag is roomy enough to fit your laptop and polished enough to take anywhere, with an easy tie closure. Crafted in colorful leather that holds its shape—and its own—it's the polished carryall you've been asking for.100% leather.Imported.Online only.Item CR877.Leather Working Group™This purchase supportsLWG-certified tanneriesLearn more about our Re-imagined fibersShop all Re-imagined styles",100% leather. Imported. Online only. Item CR877.,"12 1/2""H x 13 1/4""W x 5 7/8""D. 9"" strap drop.","https://www.jcrew.com/s7-img-facade/CR877_PK0312?hei=1950&crop=0,0,1560,0",1,2026-02-23T13:18:55Z,https://www.jcrew.com/p/womens/categories/accessories/bags/CR877?display=all&fit=Classic&colorProductCode=CR877&colorCode=PK0312
CR658,jcrew,J.Crew,Girls' floral crossbody bag with sequins,girls,100.12,65,,False,,,"Nothing says spring like this one of a kind purse, covered in sequin-embellished blooms. Detail we love: the beaded crossbody strap.Polyester, acrylic.This item has small parts and is not intended for use by children under three years of age.Spot clean.Imported.Item CR658.","Polyester, acrylic. This item has small parts and is not intended for use by children under three years of age. Spot clean. Imported. Item CR658.",,"https://www.jcrew.com/s7-img-facade/CR658_EX0372?hei=1950&crop=0,0,1560,0",1,2026-02-23T13:19:28Z,https://www.jcrew.com/p/girls/categories/accessories/bags/CR658?display=all&fit=Classic&colorProductCode=CR658&colorCode=EX0372
N1054,jcrew,J.Crew,Barebones gathering bag,"Candles, Grooming & Home",123.23,80,,False,,,"the Gathering Bag offers versatility in use, wearing, emptying and care. Its convertible straps allow for comfortable chest or back carrying, while its drop-out bottom makes quick work of emptying the harvest. Constructed of weather- and water-resistant paraffin-waxed canvas and complete with a watertight, removable liner, the Gathering Bag is the essential foraging and harvesting partner.Paraffin-waxed canvas.Waxed canvas should never be dry cleaned or machine washed but can be carefully cleaned if you so choose.Brush off the loose dirt, rinse the surface with plain water, gently scrub with a brush, then let air dry.If your stains persist, use a mild bar or saddle soap.Over time or after cleaning, your waxed canvas may need to be re-waxed.To do so, use a wax conditioner and apply in accordance with manufacturer's instructions.Metal hardware.Import.Online only.Item N1054.","Paraffin-waxed canvas. Waxed canvas should never be dry cleaned or machine washed but can be carefully cleaned if you so choose. Brush off the loose dirt, rinse the surface with plain water, gently scrub with a brush, then let air dry. If your stains persist, use a mild bar or saddle soap. Over time or after cleaning, your waxed canvas may need to be re-waxed. To do so, use a wax conditioner and apply in accordance with manufacturer's instructions. Metal hardware. Import. Online only. Item N1054.","18"" x 16 1/2"" x 5""; 2.1 lbs.","https://www.jcrew.com/s7-img-facade/N1054_BR0614?hei=1950&crop=0,0,1560,0",,2026-02-23T13:19:40Z,https://www.jcrew.com/p/mens/categories/accessories/home/table-top/N1054?display=all&fit=Classic&colorProductCode=N1054&colorCode=BR0614
N6469,jcrew,J.Crew,Bembien® Carmen bag,bags,477.51,310,,False,5.0,1,"from around the world. Ten percent of all Bembien proceeds goes to Nest, a nonprofit dedicated to the social and economic advancement of artisan communities all around the globe. Our chic take on a classic day bag, for when you don't need to carry absolutely everything. In our buttery-soft, yet sturdy, oversized knotted weave with a sweet arched top to add a little something special. Don't be fooled by the size; Carmen is surprisingly roomy. Wear it crossbody, regular or tie the long strap into a knot and watch it transform into something new.Cow leather.Import.Online only.Item N6469.",Cow leather. Import. Online only. Item N6469.,"11"" x 3 1/2"" x 8 1/2"".","https://www.jcrew.com/s7-img-facade/N6469_BK0001?hei=1950&crop=0,0,1560,0",2,2026-02-23T13:20:01Z,https://www.jcrew.com/p/womens/categories/accessories/bags/crossbody/N6469?display=all&fit=Classic&colorProductCode=N6469&colorCode=BK0001
CP089,jcrew,J.Crew,Filson® rugged twill zipper tote bag,Bags & Wallets,454.4,295,,False,,,"some of the toughest outerwear on the market—and they've been doing it since the late 1800s. Made in the U.S., this tote bag has handles long enough for over-shoulder carrying and large stow pockets on all four sides to keep your things organized. It's made with industrial-strength rugged twill and bridled leather that's water-resistant and built to survive daily use.Rugged cotton twill.Leather bridle.Spot clean.Made in the USA of imported fabric.Select stores.Item CP089.",Rugged cotton twill. Leather bridle. Spot clean. Made in the USA of imported fabric. Select stores. Item CP089.,"15""L x 7""W x 14""H. 25-liter capacity.","https://www.jcrew.com/s7-img-facade/CP089_EE9149?hei=1950&crop=0,0,1560,0",1,2026-02-23T13:20:35Z,https://www.jcrew.com/p/mens/categories/accessories/bags/laptop-bags/CP089?display=all&fit=Classic&colorProductCode=CP089&colorCode=EE9149
CF925,jcrew,J.Crew,Berkeley overnight tote in leather,bags,348,,,False,4.864864864864865,37,"the perfect take-it-everywhere leather style inspired by our best-selling bag collection. New this season, our overnight edition is just the right size for all your overnight necessities. Bonus: This size features a travel-ready zippered top, an inner pocket to hold your laptop and a detachable woven strap for easy over-the-shoulder carrying. Detail we love: the suede accents throughout for a luxe finishing touch.Leather.Interior pocket fits laptop.Cotton lining.Imported.Online only.Item CF925.Leather Working Group™This purchase supportsLWG-certified tanneriesLearn more about our Re-imagined fibersShop all Re-imagined styles",Leather. Interior pocket fits laptop. Cotton lining. Imported. Online only. Item CF925.,"13 3/4""H x18""W x 8""D; 9"" handle drop. 11""-26"" removable crossbody strap.","https://www.jcrew.com/s7-img-facade/CF925_BK0001_m?hei=1950&crop=0,0,1560,0",2,2026-02-23T13:21:09Z,https://www.jcrew.com/m/womens/categories/accessories/bags/berkeley/ME294?display=all&fit=Classic&colorProductCode=CF925&colorCode=BK0001
CF796,jcrew,J.Crew,Atlantic Coastal Supplies large beach bag,Bags & Wallets,237.21,154,,False,5.0,1,"a coastal community in England known for its dramatic cliffs, golden beaches and world-class surf—Atlantic Coastal Supplies specializes in gear and apparel for any aquatic adventure. The large ACS beach tote is crafted at a sailmaker's studio from durable nylon canvas with waterproof backing, strong webbing handles and a secure aluminum G-hook closure.Nylon/canvas.Spot clean.Imported.Select stores.Item CF796.",Nylon/canvas. Spot clean. Imported. Select stores. Item CF796.,"17.7""L x 15""H x 12""D.","https://www.jcrew.com/s7-img-facade/CF796_BL0014?hei=1950&crop=0,0,1560,0",1,2026-02-23T13:21:42Z,https://www.jcrew.com/p/mens/categories/accessories/bags/messengers-and-totes/CF796?display=all&fit=Classic&colorProductCode=CF796&colorCode=BL0014
CJ880,jcrew,J.Crew,Small Malta handwoven straw bag,bags,89,89,,True,4.065573770491803,61,"This tiny tote in handwoven straw fits the short list: phone, keys, wallet, lip gloss. Easy as ever, we added a removable leather crossbody strap for hands-free days.Handwoven paper straw.Removable crossbody strap.Imported.Select stores.Item CJ880.",Handwoven paper straw. Removable crossbody strap. Imported. Select stores. Item CJ880.,"6""H x 9""Wx 5""D. 3 1/2"" handle drop. 22"" strap.","https://www.jcrew.com/s7-img-facade/CJ880_EE3039?hei=1950&crop=0,0,1560,0",1,2026-02-23T13:22:16Z,https://www.jcrew.com/p/womens/categories/accessories/bags/crossbody/CJ880?display=all&fit=Classic&colorProductCode=CJ880&colorCode=EE7216
N1053,jcrew,J.Crew,Barebones gathering bag,"Candles, Grooming & Home",123.23,80,,False,,,"the Gathering Bag offers versatility in use, wearing, emptying and care. Its convertible straps allow for comfortable chest or back carrying, while its drop-out bottom makes quick work of emptying the harvest. Constructed of weather- and water-resistant paraffin-waxed canvas and complete with a watertight, removable liner, the Gathering Bag is the essential foraging and harvesting partner.Paraffin-waxed canvas.Waxed canvas should never be dry cleaned or machine washed but can be carefully cleaned if you so choose.Brush off the loose dirt, rinse the surface with plain water, gently scrub with a brush, then let air dry.If your stains persist, use a mild bar or saddle soap.Over time or after cleaning, your waxed canvas may need to be re-waxed.To do so, use a wax conditioner and apply in accordance with manufacturer's instructions.Metal hardware.Import.Online only.Item N1053.","Paraffin-waxed canvas. Waxed canvas should never be dry cleaned or machine washed but can be carefully cleaned if you so choose. Brush off the loose dirt, rinse the surface with plain water, gently scrub with a brush, then let air dry. If your stains persist, use a mild bar or saddle soap. Over time or after cleaning, your waxed canvas may need to be re-waxed. To do so, use a wax conditioner and apply in accordance with manufacturer's instructions. Metal hardware. Import. Online only. Item N1053.","18"" x 16 1/2"" x 5""; 2.1 lbs.","https://www.jcrew.com/s7-img-facade/N1053_EC0793?hei=1950&crop=0,0,1560,0",,2026-02-23T13:22:49Z,https://www.jcrew.com/p/mens/categories/accessories/home/table-top/N1053?display=all&fit=Classic&colorProductCode=N1053&colorCode=EC0793
CO573,jcrew,J.Crew,Leather bifold cardholder,Bags & Wallets,85,,,False,5.0,3,"this classic bifold wallet with a debossed J.Crew logo makes the perfect gift (for yourself, included).100% leather.Spot clean.Imported.Select stores.Item CO573.",100% leather. Spot clean. Imported. Select stores. Item CO573.,One size.,"https://www.jcrew.com/s7-img-facade/CO573_BK0001?hei=1950&crop=0,0,1560,0",2,2026-02-23T13:23:22Z,https://www.jcrew.com/m/mens/categories/accessories/bags/wallets/ME809?display=all&fit=Classic&colorProductCode=CO573&colorCode=BK0001
M1764,jcrew,J.Crew,KAYU® Jen clutch,bags,585.33,380,,False,5.0,1,"female-run company that partners with women artisans in Southeast Asia to handmake their products using natural, sustainable materials and indigenous techniques passed down through generations.Woven straw.White stone clasp.Optional drop-in chain strap.Import.Online only.Item M1764.",Woven straw. White stone clasp. Optional drop-in chain strap. Import. Online only. Item M1764.,"4 1/2""H x 7 1/2""W x 2""D.","https://www.jcrew.com/s7-img-facade/M1764_BR0968?hei=1950&crop=0,0,1560,0",6,2026-02-23T13:23:55Z,https://www.jcrew.com/p/womens/categories/accessories/bags/clutches-and-pouches/M1764?display=all&fit=Classic&colorProductCode=M1764&colorCode=BR0968
BO197,jcrew,J.Crew,Bond Street graphic tote bag,Bags & Wallets,88,,,False,4.9,10,"we made this durable 100 percent cotton canvas tote with a custom East Coast-inspired graphic, a removable shoulder strap and an internal zip pocket to secure your essentials. Bring it to the farmer's market, to work, on a trip—and when you shop J.Crew.Cotton.Adjustable strap.Spot clean.Imported.Select stores.16""H x 20 1/2""W x 7""D (top); 16""H x 15 1/4""W x 7""D (bottom).Item BO197.","Cotton. Adjustable strap. Spot clean. Imported. Select stores. 16""H x 20 1/2""W x 7""D (top); 16""H x 15 1/4""W x 7""D (bottom). Item BO197.","5 1/2"" handle drop. 13""-25"" crossbody adjustable strap. One size.","https://www.jcrew.com/s7-img-facade/BO197_PP5980?hei=1950&crop=0,0,1560,0",1,2026-02-23T13:24:30Z,https://www.jcrew.com/p/mens/categories/accessories/bags/messengers-and-totes/BO197?display=all&fit=Classic&colorProductCode=BO197&colorCode=PP5980
CP611,jcrew,J.Crew,Leather billfold cardholder,Bags & Wallets,85,,,False,5.0,3,"this classic billfold wallet with a debossed J.Crew logo makes the perfect gift (for yourself, included).100% leather.Spot clean.Imported.Select stores.Item CP611.",100% leather. Spot clean. Imported. Select stores. Item CP611.,One size.,"https://www.jcrew.com/s7-img-facade/CP611_PP7847?hei=1950&crop=0,0,1560,0",2,2026-02-23T13:25:02Z,https://www.jcrew.com/m/mens/categories/accessories/bags/wallets/ME809?display=all&fit=Classic&colorProductCode=CP611&colorCode=PP7847
CJ895,jcrew,J.Crew,Small handknotted crochet bag with beads,bags,118,,,False,5.0,6,"Add a little fun to your look with this small top-handle bag, featuring handknotted cotton rope and allover metallic beading. Designed to fit your phone and wallet, it's just the right size for day or night.Cotton.Handknotted.Handwoven.Imported.Select stores.Item CJ895.",Cotton. Handknotted. Handwoven. Imported. Select stores. Item CJ895.,"6""H x 7""W x 2 7/8""D; 4"" handle drop.","https://www.jcrew.com/s7-img-facade/CJ895_EE7728?hei=1950&crop=0,0,1560,0",1,2026-02-23T13:25:35Z,https://www.jcrew.com/p/womens/categories/accessories/bags/straw/CJ895?display=all&fit=Classic&colorProductCode=CJ895&colorCode=EE7728
N4292,jcrew,J.Crew,Ame & Lulu women's game on tennis backpack,bags,181.76,118,,True,5.0,1,"Established in 2003 in Brookline, Massachusetts, Ame & Lulu designs and manufactures stylish-yet-functional accessories for tennis, golf and everyday life. It's game time with the new-and-improved Game On Tennis Backpack. Made out of a lightweight-yet-sturdy nylon, this backpack now has extra padding for structure and comfort.Nylon.Spot clean.Imported.Online only.Item N4292.",Nylon. Spot clean. Imported. Online only. Item N4292.,"One size. 13 1/2""L x 5""W x 16 1/2""H.","https://www.jcrew.com/s7-img-facade/N4292_WC6066?hei=1950&crop=0,0,1560,0",3,2026-02-23T13:25:48Z,https://www.jcrew.com/p/womens/categories/accessories/bags/backpack/N4292?display=all&fit=Classic&colorProductCode=N4292&colorCode=WC6066
CO577,jcrew,J.Crew,Leather passport holder,Bags & Wallets,110,,,False,,,crafted in textured leather with a debossed J.Crew logo to keep your passport handy.100% leather.Machine wash.Imported.Select stores.Item CO577.,100% leather. Machine wash. Imported. Select stores. Item CO577.,One size.,"https://www.jcrew.com/s7-img-facade/CO577_PP7847?hei=1950&crop=0,0,1560,0",2,2026-02-23T13:26:09Z,https://www.jcrew.com/m/mens/categories/accessories/bags/wallets/ME810?display=all&fit=Classic&colorProductCode=CO577&colorCode=PP7847
M1762,jcrew,J.Crew,KAYU® mini St. Tropez tote,bags,146.34,95,,False,4.25,4,"female-run company that partners with women artisans in Southeast Asia to handmake their products using natural, sustainable materials and indigenous techniques passed down through generations.Woven seagrass straw.Yarn-wrapped handles.Coordinating pom-poms.Import.Online only.Item M1762.",Woven seagrass straw. Yarn-wrapped handles. Coordinating pom-poms. Import. Online only. Item M1762.,"6 1/2""H x 9""W x 10""D; 4 1/4"" handle drop.","https://www.jcrew.com/s7-img-facade/M1762_BR0968?hei=1950&crop=0,0,1560,0",2,2026-02-23T13:26:21Z,https://www.jcrew.com/p/womens/categories/accessories/bags/straw/M1762?display=all&fit=Classic&colorProductCode=M1762&colorCode=BR0968
CR052,jcrew,J.Crew,Masseria San Domenico X J.Crew embroidered packable tote bag,bags,198,,,False,3.0,1,"We partnered with Masseria San Domenico—the magical hotel in Puglia where we hosted a few of our friends this summer—on a limited-edition capsule inspired by the sights, style and spirit of the Italian coast. The perfect beach bag, this handknotted straw tote comes with a custom embroidered Masseria San Domenico crest and a foldable silhouette that easily fits in your suitcase.Paper.Leather lining.Imported.Select stores.Item CR052.",Paper. Leather lining. Imported. Select stores. Item CR052.,"12 1/2""H x 12 1/2""W x 12 1/2""D; 9"" handle drop.","https://www.jcrew.com/s7-img-facade/CR052_NA6445?hei=1950&crop=0,0,1560,0",1,2026-02-23T13:26:41Z,https://www.jcrew.com/p/womens/categories/accessories/bags/top-handle/CR052?display=all&fit=Classic&colorProductCode=CR052&colorCode=NA6445
N9159,jcrew,J.Crew,KAYU® mini Rosie tote,bags,197.16,128,,False,1.0,1,"female-run company that partners with women artisans in Southeast Asia to handmake their products using natural, sustainable materials and indigenous techniques passed down through generations. Woven mini seagrass tote with ribbon-wrapped handles and a gold charm.Straw.Import.Online only.Item N9159.",Straw. Import. Online only. Item N9159.,,"https://www.jcrew.com/s7-img-facade/N9159_BK0001?hei=1950&crop=0,0,1560,0",2,2026-02-23T13:26:55Z,https://www.jcrew.com/p/womens/categories/accessories/bags/straw/N9159?display=all&fit=Classic&colorProductCode=N9159&colorCode=BK0001
CP088,jcrew,J.Crew,Filson® original rugged twill briefcase,Bags & Wallets,762.46,495,,False,5.0,1,"some of the toughest outerwear on the market—and they've been doing it since the late 1800s. A best seller since 1994 and made in the U.S., this briefcase is crafted with industrial-strength rugged twill and bridled leather with an adjustable (and removable) shoulder strap. It's sized to fit up to a 15"" laptop and built to survive any workplace, whether on land, at sea or in the air.Rugged cotton twill.Leather bridle.Spot clean.Made in the USA of imported materials.Select stores.Item CP088.",Rugged cotton twill. Leather bridle. Spot clean. Made in the USA of imported materials. Select stores. Item CP088.,"16""L x 4""W x 12 1/2""H. 13-liter capacity.","https://www.jcrew.com/s7-img-facade/CP088_EE9149?hei=1950&crop=0,0,1560,0",1,2026-02-23T13:27:14Z,https://www.jcrew.com/p/mens/categories/accessories/bags/laptop-bags/CP088?display=all&fit=Classic&colorProductCode=CP088&colorCode=EE9149
CK700,jcrew,J.Crew,SZ Blockprints™ X J.Crew tote bag,women,178,,,False,4.0,1,"SZ Blockprints founder and designer, Sarah Zellweger, works with a team of local artisans in Jaipur, India, to create her signature vibrant block prints. This beach-ready tote features reversible motifs and multiple pockets for safe keeping.Cotton.Imported.Online only.Item CK700.",Cotton. Imported. Online only. Item CK700.,"21 1/4""L x 12 3/4"" W; 10 1/4"" handle drop.","https://www.jcrew.com/s7-img-facade/CK700_EE8367?hei=1950&crop=0,0,1560,0",1,2026-02-23T13:27:28Z,https://www.jcrew.com/p/womens/categories/accessories/bags/CK700?display=all&fit=Classic&colorProductCode=CK700&colorCode=EE8367
CF367,jcrew,J.Crew,Olympia Le-Tan© X J.Crew 1997 catalog clutch,bags,2772.57,1800,,False,,,"Our highly anticipated collaboration is back for a new exclusive drop. We partnered with the brand known for turning classic book covers into covetable, artful accessories on an exclusive collection of clutches celebrating archival J.Crew catalogs. This one of a kind style features a hand-embroidered recreation of our Christmas 1997 cover.Cotton/wool with stainless steel hardware and silk thread.Imported.Online only.Item CF367.",Cotton/wool with stainless steel hardware and silk thread. Imported. Online only. Item CF367.,"7.9""H x 5.5""W x 1.2""D.","https://www.jcrew.com/s7-img-facade/CF367_EE5619?hei=1950&crop=0,0,1560,0",1,2026-02-23T13:27:47Z,https://www.jcrew.com/p/womens/categories/accessories/bags/clutches-and-pouches/CF367?display=all&fit=Classic&colorProductCode=CF367&colorCode=EE5619
CP610,jcrew,J.Crew,Leather double-sided cardholder,Bags & Wallets,75,,,False,5.0,3,"this classic cardholder wallet makes the perfect gift (for yourself, included).100% leather.Spot clean.Imported.Select stores.Item CP610.",100% leather. Spot clean. Imported. Select stores. Item CP610.,One size.,"https://www.jcrew.com/s7-img-facade/CP610_PP7847?hei=1950&crop=0,0,1560,0",2,2026-02-23T13:28:01Z,https://www.jcrew.com/m/mens/categories/accessories/bags/wallets/ME808?display=all&fit=Classic&colorProductCode=CP610&colorCode=PP7847
CP031,jcrew,J.Crew,Girls' bow satin purse,girls,91.65,59,,True,4.714285714285714,7,"Meet the bag she'll want to take everywhere this season, thanks to a pretty bow embellishment, ribbon strap and sleek satin fabric.Polyester.Spot clean.Imported.Item CP031.",Polyester. Spot clean. Imported. Item CP031.,Size & Fit-Fitstrue to sizebased on7 customer reviews,"https://www.jcrew.com/s7-img-facade/CP031_RD5812?hei=1950&crop=0,0,1560,0",2,2026-02-23T13:28:21Z,https://www.jcrew.com/p/girls/categories/accessories/bags/CP031?display=all&fit=Classic&colorProductCode=CP031&colorCode=RD5812
CP029,jcrew,J.Crew,Girls' bow hand-beaded crossbody pouch,girls,84.72,55,,True,5.0,8,"This hand-embellished bag is decked out with lots of festive, mixed-shape bows and a crossbody strap made from colorful beads. Hello, great gift idea. . .Polyester.Spot clean.Imported.Item CP029.",Polyester. Spot clean. Imported. Item CP029.,Size & Fit-Fitstrue to sizebased on8 customer reviews,"https://www.jcrew.com/s7-img-facade/CP029_PK0134?hei=1950&crop=0,0,1560,0",1,2026-02-23T13:28:35Z,https://www.jcrew.com/p/girls/categories/accessories/bags/CP029?display=all&fit=Classic&colorProductCode=CP029&colorCode=PK0134
N8164,jcrew,J.Crew,KAYU® Lou clutch,bags,431.29,280,,True,,,"female-run company that partners with women artisans in Southeast Asia to handmake their products using natural, sustainable materials and indigenous techniques passed down through generations. Woven wicker clutch with gold-tone turn-lock closure and optional drop-in chain strap.Straw.Imported.Online only.Item N8164.",Straw. Imported. Online only. Item N8164.,"5""H x 8 1/2""W x 1 3/4""D.","https://www.jcrew.com/s7-img-facade/N8164_BR0968?hei=1950&crop=0,0,1560,0",2,2026-02-23T13:28:55Z,https://www.jcrew.com/p/womens/categories/accessories/bags/clutches-and-pouches/N8164?display=all&fit=Classic&colorProductCode=N8164&colorCode=BR0968
CF257,jcrew,J.Crew,Olympia Le-Tan&reg; X J.Crew 1994 catalog clutch,women,1700,,,False,4.568627450980392,51,"The Olympia Le-Tan X J.Crew 1994 catalog clutch is a tan-colored clutch available for purchase. Priced at $1700, it's a unique accessory for any occasion.",,,,1,2026-02-23T13:29:27Z,https://www.jcrew.com/m/womens/categories/accessories/bags/clutches-and-pouches/ME101?display=all&fit=Classic&colorProductCode=CF257&colorCode=EE5619
CF368,jcrew,J.Crew,Olympia Le-Tan© X J.Crew 1994 catalog clutch,bags,2464.51,1600,,False,5.0,1,"Our highly anticipated collaboration is back for another exclusive drop. We partnered with the brand known for turning classic book covers into covetable, artful accessories on an exclusive collection of clutches celebrating archival J.Crew catalogs. This one of a kind style features a hand-embroidered recreation of our Christmas 1994 cover.Cotton/wool with stainless steel hardware and silk thread.Imported.Online only.Item CF368.",Cotton/wool with stainless steel hardware and silk thread. Imported. Online only. Item CF368.,"7.9""H x 5.5""W x 1.2""D.","https://www.jcrew.com/s7-img-facade/CF368_EE5619?hei=1950&crop=0,0,1560,0",1,2026-02-23T13:30:00Z,https://www.jcrew.com/p/womens/categories/accessories/bags/clutches-and-pouches/CF368?display=all&fit=Classic&colorProductCode=CF368&colorCode=EE5619
N4305,jcrew,J.Crew,Ame & Lulu women's pickleball tote bag,bags,166.36,108,,True,,,"Established in 2003 in Brookline, Massachusetts, Ame & Lulu designs and manufactures stylish-yet-functional accessories for tennis, golf and everyday life. Store all of your pickleball gear in our newest Pickleball Tote Bag. This bag is built for function and fashion with the paddle-shaped pocket and extra interior pockets.Nylon.Spot clean.Imported.Online only.Item N4305.",Nylon. Spot clean. Imported. Online only. Item N4305.,"One size. 17 1/2""L x 5""W x 12 1/2""H.","https://www.jcrew.com/s7-img-facade/N4305_EC4109?hei=1950&crop=0,0,1560,0",,2026-02-23T13:30:13Z,https://www.jcrew.com/p/womens/categories/accessories/bags/totes/N4305?display=all&fit=Classic&colorProductCode=N4305&colorCode=EC4109
M1761,jcrew,J.Crew,KAYU® St. Tropez tote,bags,254.16,165,,True,3.25,4,"female-run company that partners with women artisans in Southeast Asia to handmake their products using natural, sustainable materials and indigenous techniques passed down through generations.Woven seagrass straw.Yarn-wrapped handles.Coordinating pom-poms.Import.Online only.Item M1761.",Woven seagrass straw. Yarn-wrapped handles. Coordinating pom-poms. Import. Online only. Item M1761.,"9 1/2""H x 17 1/2""W x 5 1/2""D; 4 1/2"" handle drop.","https://www.jcrew.com/s7-img-facade/M1761_BR0968?hei=1950&crop=0,0,1560,0",3,2026-02-23T13:30:34Z,https://www.jcrew.com/p/womens/categories/accessories/bags/shoulder-bags/M1761?display=all&fit=Classic&colorProductCode=M1761&colorCode=BR0968
CF386,jcrew,J.Crew,Girls' rosette satin purse,girls,76.25,49,,True,4.5,14,"Meet the bag she'll want to take everywhere this season, thanks to a pretty rosette embellishment and sleek satin fabric.Polyester.Lined.Spot clean.Imported.Item CF386.",Polyester. Lined. Spot clean. Imported. Item CF386.,"5 1/4""H x 6 1/2""W; 16"" handle drop.","https://www.jcrew.com/s7-img-facade/CF386_PK5396_m?hei=1950&crop=0,0,1560,0",2,2026-02-23T13:31:09Z,https://www.jcrew.com/p/girls/categories/accessories/bags/CF386?display=all&fit=Classic&colorProductCode=CF386&colorCode=PK5396
P3158,jcrew,J.Crew,KAYU® Sisal clutch,bags,485.21,315,,True,,,"female-run company that partners with women artisans in Southeast Asia to handmake their products using natural, sustainable materials and indigenous techniques passed down through generations. Woven wicker clutch with hidden magnetic closure and optional drop-in chain strap.Straw.Imported.Online only.Item P3158.",Straw. Imported. Online only. Item P3158.,,"https://www.jcrew.com/s7-img-facade/P3158_BR0968?hei=1950&crop=0,0,1560,0",3,2026-02-23T13:31:41Z,https://www.jcrew.com/p/womens/categories/accessories/bags/clutches-and-pouches/P3158?display=all&fit=Classic&colorProductCode=P3158&colorCode=BR0968
P3156,jcrew,J.Crew,KAYU® Uxmal clutch,bags,531.41,345,,True,,,"female-run company that partners with women artisans in Southeast Asia to handmake their products using natural, sustainable materials and indigenous techniques passed down through generations. Woven straw clutch with natural stone clasp and optional drop-in chain strap.Straw.Imported.Online only.Item P3156.",Straw. Imported. Online only. Item P3156.,,"https://www.jcrew.com/s7-img-facade/P3156_EC5461?hei=1950&crop=0,0,1560,0",,2026-02-23T13:32:14Z,https://www.jcrew.com/p/womens/categories/accessories/bags/clutches-and-pouches/P3156?display=all&fit=Classic&colorProductCode=P3156&colorCode=EC5461
P2945,jcrew,J.Crew,KAYU® Carmen clutch,bags,531.41,345,,True,,,"female-run company that partners with women artisans in Southeast Asia to handmake their products using natural, sustainable materials and indigenous techniques passed down through generations. Woven straw clutch with gold-tone clasp and optional drop-in chain strap.Straw.Optional drop-in chain strap.Imported.Online only.Item P2945.",Straw. Optional drop-in chain strap. Imported. Online only. Item P2945.,,"https://www.jcrew.com/s7-img-facade/P2945_BR0968?hei=1950&crop=0,0,1560,0",2,2026-02-23T13:32:47Z,https://www.jcrew.com/p/womens/categories/accessories/bags/clutches-and-pouches/P2945?display=all&fit=Classic&colorProductCode=P2945&colorCode=BR0968
CL319,jcrew,J.Crew,1989 striped tote,bags,137.87,,,False,5.0,13,"This cotton canvas tote combines bold vertical stripes and a structured silhouette, making it perfect for beach days, travel days or just every day.Cotton.Imported.Online only.Item CL319.",Cotton. Imported. Online only. Item CL319.,"15""H x 12""W x 7""D; 8 1/2"" handle drop.","https://www.jcrew.com/s7-img-facade/CL319_EE7761?hei=1950&crop=0,0,1560,0",2,2026-02-23T13:33:20Z,https://www.jcrew.com/p/womens/categories/accessories/bags/totes/CL319?display=all&fit=Classic&colorProductCode=CL319&colorCode=EE7761
CO572,jcrew,J.Crew,Leather double-sided cardholder,Bags & Wallets,75,,,False,5.0,3,"smooth leather, this classic cardholder wallet with a debossed J.Crew logo makes the perfect gift (for yourself, included).100% leather.Spot clean.Imported.Select stores.Item CO572.",100% leather. Spot clean. Imported. Select stores. Item CO572.,One size.,"https://www.jcrew.com/s7-img-facade/CO572_BK0001?hei=1950&crop=0,0,1560,0",2,2026-02-23T13:33:53Z,https://www.jcrew.com/m/mens/categories/accessories/bags/wallets/ME808?display=all&fit=Classic&colorProductCode=CO572&colorCode=BK0001
CP612,jcrew,J.Crew,Leather passport holder,Bags & Wallets,110,,,False,,,crafted in textured leather with a debossed J.Crew logo to keep your passport handy.100% leather.Spot clean.Imported.Select stores.Item CP612.,100% leather. Spot clean. Imported. Select stores. Item CP612.,One size.,"https://www.jcrew.com/s7-img-facade/CP612_BK0001?hei=1950&crop=0,0,1560,0",2,2026-02-23T13:34:26Z,https://www.jcrew.com/m/mens/categories/accessories/bags/wallets/ME810?display=all&fit=Classic&colorProductCode=CP612&colorCode=BK0001
P3154,jcrew,J.Crew,KAYU® Mani clutch,bags,531.41,345,,True,,,"female-run company that partners with women artisans in Southeast Asia to handmake their products using natural, sustainable materials and indigenous techniques passed down through generations. Woven straw clutch with shell clasp and optional drop-in chain strap.Straw.Imported.Online only.Item P3154.",Straw. Imported. Online only. Item P3154.,,"https://www.jcrew.com/s7-img-facade/P3154_BR0984?hei=1950&crop=0,0,1560,0",,2026-02-23T13:34:59Z,https://www.jcrew.com/p/womens/categories/accessories/bags/clutches-and-pouches/P3154?display=all&fit=Classic&colorProductCode=P3154&colorCode=BR0984
CF256,jcrew,J.Crew,Olympia Le-Tan&reg; X J.Crew 1989 catalog clutch,women,2100,,,False,4.568627450980392,51,"This tan clutch is a collaboration between Olympia Le-Tan and J.Crew, featuring a reproduction of a 1989 catalog cover. Made from a specific material not specified, it is designed as a stylish accessory. Perfect for formal events or evening wear.",,,,1,2026-02-23T13:35:50Z,https://www.jcrew.com/m/womens/categories/accessories/bags/clutches-and-pouches/ME101?display=all&fit=Classic&colorProductCode=CF256&colorCode=EE5619
CR540,jcrew,J.Crew,Girls' paper-bag short in chino,Bottoms,59,59,,False,5.0,2,"This pull-on style features a ruffle paper-bag waist that's super-easy, crafted from our famously soft and colorful chino.100% cotton.Elastic waistband.Machine wash.Imported.Select stores.Item CR540.",100% cotton. Elastic waistband. Machine wash. Imported. Select stores. Item CR540.,Hits above knee.,"https://www.jcrew.com/s7-img-facade/CR540_GR0280?hei=1950&crop=0,0,1560,0",2,2026-02-23T13:36:23Z,https://www.jcrew.com/m/girls/categories/clothing/bottoms/shorts/ME871?display=all&fit=Classic&colorProductCode=CR540&colorCode=GR0280
CH065,jcrew,J.Crew,Girls' paper-bag short in chambray,Bottoms,59,59,,False,5.0,2,"This pull-on style features a ruffle paper-bag waist that's super-easy, crafted from our lightweight chambray for a drapey finish.100% cotton.Elastic waistband.Machine wash.Imported.Select stores.Item CH065.",100% cotton. Elastic waistband. Machine wash. Imported. Select stores. Item CH065.,Hits above knee.,"https://www.jcrew.com/s7-img-facade/CH065_DM9499?hei=1950&crop=0,0,1560,0",2,2026-02-23T13:36:57Z,https://www.jcrew.com/m/girls/categories/clothing/bottoms/denim/ME871?display=all&fit=Classic&colorProductCode=CH065&colorCode=DM9499
CR644,jcrew,J.Crew,Girls' butterfly handbeaded crossbody pouch,girls,91.65,,,False,,,"Nothing says spring like this one of a kind purse in the shape of a butterfly. Detail we love: the beaded crossbody strap.Polyester, acrylic.This item has small parts and is not intended for use by children under three years of age.Spot clean.Imported.Item CR644.","Polyester, acrylic. This item has small parts and is not intended for use by children under three years of age. Spot clean. Imported. Item CR644.",,"https://www.jcrew.com/s7-img-facade/CR644_EE9620?hei=1950&crop=0,0,1560,0",1,2026-02-23T13:37:30Z,https://www.jcrew.com/p/girls/categories/accessories/bags/CR644?display=all&fit=Classic&colorProductCode=CR644&colorCode=EE9620
CO067,jcrew,J.Crew,State™ kids' Kane backpack in stripe,boys,98,,,False,,,"This design is made by Brooklyn-based STATE bags, the brand that's synonymous with style, quality and giving back. (For every bag they sell, they donate another to a local child in need.) The best part: You'll love the premium materials, organizational pockets and pouches just as much as they'll love that colorful stripe finish. Note: This style is recommended for kids aged kindergarten through third grade.Polyester.Imported.Online only.Item CO067.",Polyester. Imported. Online only. Item CO067.,"15.1"" H x 11.6""W x 5.1""D.","https://www.jcrew.com/s7-img-facade/CO067_EF0110?hei=1950&crop=0,0,1560,0",2,2026-02-23T13:38:02Z,https://www.jcrew.com/m/boys/categories/accessories/back-to-school-gear/ME580?display=all&fit=Classic&colorProductCode=CO067&colorCode=EF0110
N5362,jcrew,J.Crew,Ame & Lulu girls' jr. love tennis backpack,girls,150.96,98,,True,,,"Established in 2003 in Brookline, Massachusetts, Ame & Lulu designs and manufactures stylish-yet-functional accessories for tennis, golf and everyday life. For the tennis stars ages 8-12, the Jr. Love Tennis Backpack is a must-have. With multiple interior pockets and an exterior racquet-shaped pocket, it is easy to stay organized and stylish on the court.Nylon.Spot clean.Imported.Online only.Item N5362.",Nylon. Spot clean. Imported. Online only. Item N5362.,"8-12 years old. 6""H x 12 1/2""W x 4""D.","https://www.jcrew.com/s7-img-facade/N5362_GR1132?hei=1950&crop=0,0,1560,0",,2026-02-23T13:38:35Z,https://www.jcrew.com/p/girls/categories/accessories/bags/N5362?display=all&fit=Classic&colorProductCode=N5362&colorCode=GR1132
CO066,jcrew,J.Crew,State™ kids' Kane backpack in soccer print,boys,125,98,,False,,,"This design is made by Brooklyn-based STATE bags, the brand that's synonymous with style, quality and giving back. (For every bag they sell, they donate another to a local child in need.) The best part: You'll love the premium materials, organizational pockets and pouches just as much as they'll love that sporty finish. Note: This style is recommended for kids aged kindergarten through third grade.Polyester.Imported.Select stores.Item CO066.",Polyester. Imported. Select stores. Item CO066.,"15.1""H x 11.6""W x 5.1""D.","https://www.jcrew.com/s7-img-facade/CO066_EE9140?hei=1950&crop=0,0,1560,0",2,2026-02-23T13:39:08Z,https://www.jcrew.com/m/boys/categories/accessories/back-to-school-gear/ME580?display=all&fit=Classic&colorProductCode=CO066&colorCode=EE9140
M3872,jcrew,J.Crew,KAYU® Rosie tote,bags,269.56,175,,True,1.0,1,"female-run company that partners with women artisans in Southeast Asia to handmake their products using natural, sustainable materials and indigenous techniques passed down through generations. Woven seagrass tote with ribbon-wrapped handles and gold charm.Straw.Ribbon-wrapped handles.Gold charm.Imported.Online only.Item M3872.",Straw. Ribbon-wrapped handles. Gold charm. Imported. Online only. Item M3872.,,"https://www.jcrew.com/s7-img-facade/M3872_BK0001?hei=1950&crop=0,0,1560,0",2,2026-02-23T13:39:41Z,https://www.jcrew.com/p/womens/categories/accessories/bags/straw/M3872?display=all&fit=Classic&colorProductCode=M3872&colorCode=BK0001
CI646,jcrew,J.Crew,Layered tie-waist midi skirt in stripe,,168,,,False,,,"This midi skirt features a layered, tie-waist design in a red stripe pattern. Suitable for casual or dressy occasions, it is a versatile addition to any wardrobe.",,,,1,2026-02-23T13:40:23Z,https://www.jcrew.com/p/womens/categories/clothing/shorts-and-skirts/midi-skirts/CI646?display=all&fit=Classic&colorProductCode=CI646&colorCode=YD7565
CR532,jcrew,J.Crew,Girls' piqu&eacute; pleated skirt,,,,,False,,,"The Girls' piqué pleated skirt is available in green and white. Made from piqué fabric, it features a pleated design suitable for young girls.",,,,2,2026-02-23T13:40:52Z,https://www.jcrew.com/p/girls/categories/clothing/bottoms/active/CR532?display=all&fit=Classic&colorProductCode=CR532&colorCode=GR6923
CN808,jcrew,J.Crew,Boxer short in distressed faux leather,,178,,,False,5.0,6,"These boxer shorts are made from distressed faux leather and come in multiple colors. They offer a stylish, edgy look for casual wear.",,,,2,2026-02-23T13:41:20Z,https://www.jcrew.com/p/womens/categories/clothing/shorts/3-inch-inseam/CN808?display=all&fit=Classic&colorProductCode=CN808&colorCode=BR8756
CR534,jcrew,J.Crew,Girls' pull-on embroidered short,Bottoms,69,69,,False,,,This fresh pair comes with an elastic waistband and floral embroidery that matches back to Mom. Style tip: Pair it with a coordinating top for the prettiest—and easiest—spring outfit ever.100% cotton.Elastic waistband.Unlined.Machine wash.Imported.Item CR534.,100% cotton. Elastic waistband. Unlined. Machine wash. Imported. Item CR534.,Falls above knee.,"https://www.jcrew.com/s7-img-facade/CR534_BL0495?hei=1950&crop=0,0,1560,0",2,2026-02-23T13:41:54Z,https://www.jcrew.com/m/girls/categories/clothing/bottoms/shorts/ME964?display=all&fit=Classic&colorProductCode=CR534&colorCode=BL0495
CR548,jcrew,J.Crew,Girls' smocked short in towel terry,,,,,False,,,The Girls' smocked short is made from towel terry and is available in white and purple. It features a smocked design for comfort and is suitable for young girls.,,,,2,2026-02-23T13:42:22Z,https://www.jcrew.com/p/girls/categories/clothing/bottoms/knit/CR548?display=all&fit=Classic&colorProductCode=CR548&colorCode=WT0002
CR536,jcrew,J.Crew,Girls' pull-on eyelet short,Bottoms,69,69,,False,,,This dressy-ish style comes with an elastic waistband and a breezy eyelet pattern that matches back to Mom. Style tip: Pair it with a coordinating top for the prettiest—and easiest—spring outfit ever.100% cotton.Elastic waistband.Lined.Machine wash.Imported.Select stores.Item CR536.,100% cotton. Elastic waistband. Lined. Machine wash. Imported. Select stores. Item CR536.,Hits above knee.,"https://www.jcrew.com/s7-img-facade/CR536_WZ7591?hei=1950&crop=0,0,1560,0",2,2026-02-23T13:42:56Z,https://www.jcrew.com/m/girls/categories/clothing/bottoms/shorts/ME964?display=all&fit=Classic&colorProductCode=CR536&colorCode=WZ7591
