availability_text,average_rating,brand,care_instructions,category_breadcrumb,color_options,description,dimensions,document,image_count,image_url,images_list,in_stock,is_sale,material_text,mission_tags,name,price_currency,price_current,price_original,product_id,product_url,rating_count,review_count,scrape_date,segment_label,sku,sold_shipped_by,subcluster,subcluster_label,title,url
In Stock,4.4,A New Day,Spot or Wipe Clean,"Target > Clothing, Shoes & Accessories > Accessories > Handbags & Purses > Clutches",Black | Brown,Twill fabric clutch bag; Kiss lock clasp closure; Main compartment with credit card slip pocket; Kiss lock metal clasp closure; Detachable carrying handle,7 Inches (H) x 13.5 Inches (W) x 5 Inches (D),Kiss Lock Clutch Bag - A New Day™ Black A New Day Twill fabric clutch bag; Kiss lock clasp closure; Main compartment with credit card slip pocket; Kiss lock metal clasp closure; Detachable carrying handle Polyurethane,7,https://target.scene7.com/is/image/Target/GUEST_c81ce67f-222a-4e84-967e-6fe3dc83c1fe?wid=1200&hei=1200&qlt=85,https://target.scene7.com/is/image/Target/GUEST_c81ce67f-222a-4e84-967e-6fe3dc83c1fe?wid=1200&hei=1200&qlt=85 | https://target.scene7.com/is/image/Target/GUEST_bc30567f-6c47-4d02-b6ce-a59ad66c248b?wid=1200&hei=1200&qlt=85 | https://target.scene7.com/is/image/Target/GUEST_62892e50-afe0-4d6e-8dec-8f6b2e663cf5?wid=1200&hei=1200&qlt=85 | https://target.scene7.com/is/image/Target/GUEST_9c26ce3e-b739-4d15-ae85-201852781129?wid=1200&hei=1200&qlt=85 | https://target.scene7.com/is/image/Target/GUEST_3b76,True,False,Polyurethane,occasion_glam|value_mass,Kiss Lock Clutch Bag - A New Day™ Black,USD,30.0,,94687138,https://www.target.com/p/kiss-lock-clutch-bag-a-new-day/-/A-94705891?preselect=94687138#lnk=sametab,90,90,2026-02-23T16:44:52.645735,Mixed,199268397820,,7,Mixed | wallet / solid | Budget,Kiss Lock Clutch Bag - A New Day™ Black,https://www.target.com/p/kiss-lock-clutch-bag-a-new-day/-/A-94705891?preselect=94687138#lnk=sametab
In Stock,3.9,Universal Thread,Spot or Wipe Clean,"Target > Clothing, Shoes & Accessories > Accessories > Handbags & Purses > Shoulder Bags",Black | Pale Blue | Pink | Yellow,Universal Thread quilted tote handbag; Woven with recycled polyester fabric; Interior zip pocket; Double shoulder straps; Drawstring closure,14.72 Inches (H) x 19.31 Inches (W) x 5 Inches (D),Quilted Drawstring Tote Handbag - Universal Thread™ Pink Universal Thread Universal Thread quilted tote handbag; Woven with recycled polyester fabric; Interior zip pocket; Double shoulder straps; Drawstring closure 100% Recycled Polyester,6,https://target.scene7.com/is/image/Target/GUEST_5e168547-8dac-457c-8f8c-dd363f529a80?wid=1200&hei=1200&qlt=85,https://target.scene7.com/is/image/Target/GUEST_5e168547-8dac-457c-8f8c-dd363f529a80?wid=1200&hei=1200&qlt=85 | https://target.scene7.com/is/image/Target/GUEST_a22b36d4-9fec-4592-ab7d-18322c98374d?wid=1200&hei=1200&qlt=85 | https://target.scene7.com/is/image/Target/GUEST_1bc25f15-6e08-4dfa-ab9c-12a5cbb710ff?wid=1200&hei=1200&qlt=85 | https://target.scene7.com/is/image/Target/GUEST_9f178582-2246-4ef6-afff-2259542031a3?wid=1200&hei=1200&qlt=85 | https://target.scene7.com/is/image/Target/GUEST_ec9c,True,False,100% Recycled Polyester,eco_conscious|work_tote|minimal_modern,Quilted Drawstring Tote Handbag - Universal Thread™ Pink,USD,35.0,,94776900,https://www.target.com/p/quilted-drawstring-tote-handbag-universal-thread/-/A-94776901?preselect=94776900#lnk=sametab,11,11,2026-02-23T16:44:52.646741,Mixed,199268613777,,8,Mixed | tote / bag | Mid,Quilted Drawstring Tote Handbag - Universal Thread™ Pink,https://www.target.com/p/quilted-drawstring-tote-handbag-universal-thread/-/A-94776901?preselect=94776900#lnk=sametab
In Stock,4.8,A New Day,Care Instructions Not Provided,"Target > Clothing, Shoes & Accessories > Accessories > Handbags & Purses > Bag Charms & Straps",,Gold-tone chain bag charm; Metal construction; Five heart-shaped charms with printed phrases; Additional small gold-tone heart charms; Lobster claw clasp closure; Suggested for ages 15 and up,"11.42 Inches (L), 1.36 Inches (W)",Conversation Heart Bag Charm - A New Day™ A New Day Gold-tone chain bag charm; Metal construction; Five heart-shaped charms with printed phrases; Additional small gold-tone heart charms; Lobster claw clasp closure; Suggested for ages 15 and up Zinc Alloy,3,https://target.scene7.com/is/image/Target/GUEST_faba82f4-1b2d-4a51-8bea-67318e006232?wid=1200&hei=1200&qlt=85,https://target.scene7.com/is/image/Target/GUEST_faba82f4-1b2d-4a51-8bea-67318e006232?wid=1200&hei=1200&qlt=85 | https://target.scene7.com/is/image/Target/GUEST_2b04ebb5-f4a9-48a5-a59f-242ffffaad2e?wid=1200&hei=1200&qlt=85 | https://target.scene7.com/is/image/Target/GUEST_d8a7b3a4-55b1-44a5-aea8-b3c22e470ba3?wid=1200&hei=1200&qlt=85,True,True,Zinc Alloy,gifting_ready|micro_mini_impulse,Conversation Heart Bag Charm - A New Day™,USD,8.5,10.0,94794411,https://www.target.com/p/conversation-heart-bag-charm-a-new-day-8482/-/A-94794411#lnk=sametab,29,29,2026-02-23T16:44:52.646741,Mixed,199592133392,,11,Mixed | bag / charm | Budget,Conversation Heart Bag Charm - A New Day™,https://www.target.com/p/conversation-heart-bag-charm-a-new-day-8482/-/A-94794411#lnk=sametab
In Stock,4.6,A New Day,Spot or Wipe Clean,"Target > Clothing, Shoes & Accessories > Accessories > Handbags & Purses > Clutches",,Kiss structured clutch; Red polyurethane shell with vinyl finish; Zip-closure main compartment; Detachable metal shoulder strap,5.75 Inches (H) x 8.5 Inches (W) x 2.75 Inches (D),Kiss Lip Clutch - A New Day™ Red A New Day Kiss structured clutch; Red polyurethane shell with vinyl finish; Zip-closure main compartment; Detachable metal shoulder strap Metal,6,https://target.scene7.com/is/image/Target/GUEST_82702f88-fb01-4f54-af1c-b284eeacb30e?wid=1200&hei=1200&qlt=85,https://target.scene7.com/is/image/Target/GUEST_82702f88-fb01-4f54-af1c-b284eeacb30e?wid=1200&hei=1200&qlt=85 | https://target.scene7.com/is/image/Target/GUEST_e6a270eb-6c20-4942-8f84-dfcbffd8ee07?wid=1200&hei=1200&qlt=85 | https://target.scene7.com/is/image/Target/GUEST_baefd80f-de4d-4e34-b1f6-f0312b8b9919?wid=1200&hei=1200&qlt=85 | https://target.scene7.com/is/image/Target/GUEST_c6c220e4-a321-4e86-9823-74ae41328350?wid=1200&hei=1200&qlt=85 | https://target.scene7.com/is/image/Target/GUEST_afec,True,True,Metal,occasion_glam|value_mass,Kiss Lip Clutch - A New Day™ Red,USD,25.5,30.0,94742363,https://www.target.com/p/kiss-lip-clutch-a-new-day-8482-red/-/A-94742363#lnk=sametab,14,14,2026-02-23T16:44:52.646741,Mixed,199268617621,,7,Mixed | wallet / solid | Budget,Kiss Lip Clutch - A New Day™ Red,https://www.target.com/p/kiss-lip-clutch-a-new-day-8482-red/-/A-94742363#lnk=sametab
In Stock,4.6,A New Day,Spot or Wipe Clean,"Target > Clothing, Shoes & Accessories > Accessories > Handbags & Purses > Clutches",Cream | Mint Green | Pink | Purple,Conversation heart wristlet wallet; Polyurethane construction; Zip closure; Detachable loop strap,4.5 Inches (H) x 4.75 Inches (W) x .75 Inches (D),Conversation Heart Wristlet - A New Day™ Pink A New Day Conversation heart wristlet wallet; Polyurethane construction; Zip closure; Detachable loop strap Polyurethane,5,https://target.scene7.com/is/image/Target/GUEST_c3bcb3dd-0448-4197-8fb6-6c8c4ea780b6?wid=1200&hei=1200&qlt=85,https://target.scene7.com/is/image/Target/GUEST_c3bcb3dd-0448-4197-8fb6-6c8c4ea780b6?wid=1200&hei=1200&qlt=85 | https://target.scene7.com/is/image/Target/GUEST_89dde584-00eb-40eb-9975-ebd391f984ec?wid=1200&hei=1200&qlt=85 | https://target.scene7.com/is/image/Target/GUEST_d05f620c-29a0-46ff-ad7e-18377371aa95?wid=1200&hei=1200&qlt=85 | https://target.scene7.com/is/image/Target/GUEST_2ddc4669-a74d-4b5d-9fa1-79616b83c5e1?wid=1200&hei=1200&qlt=85 | https://target.scene7.com/is/image/Target/GUEST_5dde,True,True,Polyurethane,slg_small_leathers|value_mass,Conversation Heart Wristlet - A New Day™ Pink,USD,12.75,15.0,94742362,https://www.target.com/p/conversation-heart-wristlet-a-new-day/-/A-94781667?preselect=94742362#lnk=sametab,16,16,2026-02-23T16:44:52.646741,Mixed,199268617652,,8,Mixed | tote / bag | Mid,Conversation Heart Wristlet - A New Day™ Pink,https://www.target.com/p/conversation-heart-wristlet-a-new-day/-/A-94781667?preselect=94742362#lnk=sametab
In Stock,3.9,A New Day,Spot or Wipe Clean,"Target > Clothing, Shoes & Accessories > Accessories > Handbags & Purses > Clutches",Brown | Green | Pink,Crescent-shape minaudiere clutch; Crafted from acrylic shell; Clasp closure; Top carrying handle,8.62 Inches (H) x 9.05 Inches (W) x 1.96 Inches (D),Crescent Marble Minaudiere Clutch - A New Day™ Pink A New Day Crescent-shape minaudiere clutch; Crafted from acrylic shell; Clasp closure; Top carrying handle Acrylic,6,https://target.scene7.com/is/image/Target/GUEST_2383dd5a-cb9c-4806-bd55-6769489211e9?wid=1200&hei=1200&qlt=85,https://target.scene7.com/is/image/Target/GUEST_2383dd5a-cb9c-4806-bd55-6769489211e9?wid=1200&hei=1200&qlt=85 | https://target.scene7.com/is/image/Target/GUEST_fe3d6505-fd23-4fc3-89c7-b15c39c431bd?wid=1200&hei=1200&qlt=85 | https://target.scene7.com/is/image/Target/GUEST_31dc90fc-2b57-474a-8a53-0b3f115a3ee3?wid=1200&hei=1200&qlt=85 | https://target.scene7.com/is/image/Target/GUEST_df86bed2-0fff-4ed6-9461-054caa2fcab2?wid=1200&hei=1200&qlt=85 | https://target.scene7.com/is/image/Target/GUEST_38c3,True,False,Acrylic,occasion_glam,Crescent Marble Minaudiere Clutch - A New Day™ Pink,USD,40.0,,94742370,https://www.target.com/p/crescent-marble-minaudiere-clutch-a-new-day/-/A-94781668?preselect=94742370#lnk=sametab,9,9,2026-02-23T16:44:52.646741,Mixed,199268617577,,7,Mixed | wallet / solid | Budget,Crescent Marble Minaudiere Clutch - A New Day™ Pink,https://www.target.com/p/crescent-marble-minaudiere-clutch-a-new-day/-/A-94781668?preselect=94742370#lnk=sametab
In Stock,4.3,Universal Thread,Spot or Wipe Clean,"Target > Clothing, Shoes & Accessories > Accessories > Handbags & Purses > Shoulder Bags",Black | Brown | Off-White | Tan,Faux leather slouchy shoulder bag; Polyurethane shell; Unstructured; No interior or exterior compartments; Magnetic closure; Carrying handle; 10.5in H 15.75in W x 5in D,10.5 Inches (H) x 15.75 Inches (W) x 5 Inches (D),Oversized Slouchy Shoulder Bag - Universal Thread™ Black Universal Thread Faux leather slouchy shoulder bag; Polyurethane shell; Unstructured; No interior or exterior compartments; Magnetic closure; Carrying handle; 10.5in H 15.75in W x 5in D Polyurethane,8,https://target.scene7.com/is/image/Target/GUEST_21c648d2-b83a-49d5-ad4a-bee5938769eb?wid=1200&hei=1200&qlt=85,https://target.scene7.com/is/image/Target/GUEST_21c648d2-b83a-49d5-ad4a-bee5938769eb?wid=1200&hei=1200&qlt=85 | https://target.scene7.com/is/image/Target/GUEST_15d31985-e3b6-493f-b321-50ae6114a717?wid=1200&hei=1200&qlt=85 | https://target.scene7.com/is/image/Target/GUEST_62c8773c-47a6-429c-9e1c-cee6b8ebc552?wid=1200&hei=1200&qlt=85 | https://target.scene7.com/is/image/Target/GUEST_d0bf8999-da81-441b-a8c8-e546a227b477?wid=1200&hei=1200&qlt=85 | https://target.scene7.com/is/image/Target/GUEST_fd5a,True,False,Polyurethane,occasion_glam,Oversized Slouchy Shoulder Bag - Universal Thread™ Black,USD,35.0,,94172689,https://www.target.com/p/oversized-slouchy-shoulder-bag-universal-thread/-/A-94248767?preselect=94172689#lnk=sametab,390,390,2026-02-23T16:44:52.646741,Mixed,198850427990,,24,Mixed | tote / universal | Mid,Oversized Slouchy Shoulder Bag - Universal Thread™ Black,https://www.target.com/p/oversized-slouchy-shoulder-bag-universal-thread/-/A-94248767?preselect=94172689#lnk=sametab
In Stock,4.6,Universal Thread,Spot or Wipe Clean,"Target > Clothing, Shoes & Accessories > Accessories > Handbags & Purses > Weekender Bags",Dark Brown,"Keep yourself ready for quick trips with the Foundational Weekender Bag from Universal Thread™. This unstructured weekender bag features interior and exterior pockets to help provide ample space for your essential items. Designed with a removable strap and double handles, it offers multiple carrying options for your convenience. Universal Thread™: Found exclusively at Target.",15 Inches (H) x 23 Inches (W) x 9 Inches (D),"Foundational Weekender Bag - Universal Thread™ Pucker Brown: 90% Recycled Nylon, Double Handle, Removable Strap, 48 Linear Inches Universal Thread Keep yourself ready for quick trips with the Foundational Weekender Bag from Universal Thread™. This unstructured weekender bag features interior and exterior pockets to help provide ample space for your essential items. Designed with a removable strap and double handles, it offers multiple carrying options for your convenience. Universal Thread™:",6,https://target.scene7.com/is/image/Target/GUEST_b2e9698f-b9d1-4304-a4c7-a312383c87ec?wid=1200&hei=1200&qlt=85,https://target.scene7.com/is/image/Target/GUEST_b2e9698f-b9d1-4304-a4c7-a312383c87ec?wid=1200&hei=1200&qlt=85 | https://target.scene7.com/is/image/Target/GUEST_e5f55f57-213f-444d-9d90-38a2a709e0f4?wid=1200&hei=1200&qlt=85 | https://target.scene7.com/is/image/Target/GUEST_f913349b-d909-4536-9561-47076a143ec5?wid=1200&hei=1200&qlt=85 | https://target.scene7.com/is/image/Target/GUEST_694f70de-5f6a-4689-a88f-75e04004f835?wid=1200&hei=1200&qlt=85 | https://target.scene7.com/is/image/Target/GUEST_1c7f,True,False,Polyester,weekend_bucket|value_mass,"Foundational Weekender Bag - Universal Thread™ Pucker Brown: 90% Recycled Nylon, Double Handle, Removable Strap, 48 Linear Inches",USD,40.0,,92450022,https://www.target.com/p/foundational-weekender-bag-universal-thread/-/A-92750865?preselect=92450022#lnk=sametab,133,133,2026-02-23T16:44:52.646741,Mixed,198420263065,,19,Mixed | universal / bag | Mid,"Foundational Weekender Bag - Universal Thread™ Pucker Brown: 90% Recycled Nylon, Double Handle, Removable Strap, 48 Linear Inches",https://www.target.com/p/foundational-weekender-bag-universal-thread/-/A-92750865?preselect=92450022#lnk=sametab
In Stock,4.1,A New Day,Spot or Wipe Clean,"Target > Clothing, Shoes & Accessories > Accessories > Handbags & Purses > Shoulder Bags",Black | Brown,Triple compartment tote handbag; Main compartment with zipper closure; Interior pocket; Double handles,13.39 Inches (H) x 21.26 Inches (W) x 6.3 Inches (D),"Triple Compartment Work Tote Handbag - A New Day™ Black: Shell, Double Shoulder Handles A New Day Triple compartment tote handbag; Main compartment with zipper closure; Interior pocket; Double handles Polyurethane",10,https://target.scene7.com/is/image/Target/GUEST_fbb80f99-6aed-4e26-8c6c-83e57f76035a?wid=1200&hei=1200&qlt=85,https://target.scene7.com/is/image/Target/GUEST_fbb80f99-6aed-4e26-8c6c-83e57f76035a?wid=1200&hei=1200&qlt=85 | https://target.scene7.com/is/image/Target/GUEST_596407fc-5041-40ee-9c9a-f08cfa6e3beb?wid=1200&hei=1200&qlt=85 | https://target.scene7.com/is/image/Target/GUEST_11e44a9e-1a37-4b0f-ac31-f1bd59b771c2?wid=1200&hei=1200&qlt=85 | https://target.scene7.com/is/image/Target/GUEST_14dac329-2b70-433a-83bb-1e39de314f84?wid=1200&hei=1200&qlt=85 | https://target.scene7.com/is/image/Target/GUEST_c871,True,False,Polyurethane,work_tote|value_mass,"Triple Compartment Work Tote Handbag - A New Day™ Black: Shell, Double Shoulder Handles",USD,35.0,,90367010,https://www.target.com/p/triple-compartment-work-tote-handbag-a-new-day/-/A-90564596?preselect=90367010#lnk=sametab,236,236,2026-02-23T16:44:52.646741,Mixed,198101061881,,24,Mixed | tote / universal | Mid,"Triple Compartment Work Tote Handbag - A New Day™ Black: Shell, Double Shoulder Handles",https://www.target.com/p/triple-compartment-work-tote-handbag-a-new-day/-/A-90564596?preselect=90367010#lnk=sametab
In Stock,4.7,Wild Fable,Spot or Wipe Clean,"Target > Clothing, Shoes & Accessories > Accessories > Handbags & Purses > Shoulder Bags","Black | Brown | Off-White | Red  - Out of Stock, out of stock | Tan | Yellow",Hobo bag with single strap handle; Boxed puffer design; Lightweight construction; Zippered compartment; Inner zip-up pocket; Recycled polyester,14 Inches (H) x 17 Inches (W) x 6.5 Inches (D),Puffer Hobo Shoulder Bag - Wild Fable™ Black Wild Fable Hobo bag with single strap handle; Boxed puffer design; Lightweight construction; Zippered compartment; Inner zip-up pocket; Recycled polyester 100% Recycled Polyester,7,https://target.scene7.com/is/image/Target/GUEST_3751241b-b8ba-4345-81d5-d8bbd0db785c?wid=1200&hei=1200&qlt=85,https://target.scene7.com/is/image/Target/GUEST_3751241b-b8ba-4345-81d5-d8bbd0db785c?wid=1200&hei=1200&qlt=85 | https://target.scene7.com/is/image/Target/GUEST_a4605aa0-7a59-4b1d-bce5-32cc2f97c237?wid=1200&hei=1200&qlt=85 | https://target.scene7.com/is/image/Target/GUEST_acd70be6-3faa-4b83-bcf3-61620256a510?wid=1200&hei=1200&qlt=85 | https://target.scene7.com/is/image/Target/GUEST_299d6247-441e-4acc-85cb-653bde8970bd?wid=1200&hei=1200&qlt=85 | https://target.scene7.com/is/image/Target/GUEST_a60a,True,False,100% Recycled Polyester,everyday_crossbody|eco_conscious|value_mass,Puffer Hobo Shoulder Bag - Wild Fable™ Black,USD,25.0,,90862916,https://www.target.com/p/puffer-hobo-bag-wild-fable/-/A-90864021?preselect=90862916#lnk=sametab,406,406,2026-02-23T16:44:52.646741,Mixed,198101324320,,25,Mixed | bag / crossbody | Mid,Puffer Hobo Shoulder Bag - Wild Fable™ Black,https://www.target.com/p/puffer-hobo-bag-wild-fable/-/A-90864021?preselect=90862916#lnk=sametab
In Stock,3.9,Universal Thread,Spot or Wipe Clean,"Target > Clothing, Shoes & Accessories > Accessories > Handbags & Purses > Mini Bags",,Universal Thread mini handbag in brown; Slouchy design; Polyester shell; Magnetic closure main compartment; Removable chain; Top carrying handle,5.33 Inches (H) x 9.25 Inches (W) x 3 Inches (D),Mini Slouchy Chain Handbag - Universal Thread™ Brown Universal Thread Universal Thread mini handbag in brown; Slouchy design; Polyester shell; Magnetic closure main compartment; Removable chain; Top carrying handle Polyester,5,https://target.scene7.com/is/image/Target/GUEST_1205b8b2-8153-43fa-bbb1-bf16b6a2afba?wid=1200&hei=1200&qlt=85,https://target.scene7.com/is/image/Target/GUEST_1205b8b2-8153-43fa-bbb1-bf16b6a2afba?wid=1200&hei=1200&qlt=85 | https://target.scene7.com/is/image/Target/GUEST_bfb76de0-653f-48ba-85f6-6be237537698?wid=1200&hei=1200&qlt=85 | https://target.scene7.com/is/image/Target/GUEST_ece3f64e-454e-4b24-8c81-aeb48460b555?wid=1200&hei=1200&qlt=85 | https://target.scene7.com/is/image/Target/GUEST_1b3567b9-7f5b-4852-aa57-e1f1fccdbcf4?wid=1200&hei=1200&qlt=85 | https://target.scene7.com/is/image/Target/GUEST_d9b9,True,False,Polyester,micro_mini_impulse,Mini Slouchy Chain Handbag - Universal Thread™ Brown,USD,30.0,,94969933,https://www.target.com/p/mini-slouchy-chain-handbag-universal-thread-8482-brown/-/A-94969933#lnk=sametab,8,8,2026-02-23T16:44:52.646741,Mixed,199592535745,,19,Mixed | universal / bag | Mid,Mini Slouchy Chain Handbag - Universal Thread™ Brown,https://www.target.com/p/mini-slouchy-chain-handbag-universal-thread-8482-brown/-/A-94969933#lnk=sametab
In Stock,2.0,A New Day,Do Not Wash,"Target > Clothing, Shoes & Accessories > Accessories > Handbags & Purses > Shoulder Bags",Brown | Natural,XL straw tote bag; Open design; Double handles; Unstructured; Forest Stewardship Council Certified,13.39 Inches (H) x 16.93 Inches (W) x 7.09 Inches (D),Straw XL Tote Bag - A New Day™ Natural A New Day XL straw tote bag; Open design; Double handles; Unstructured; Forest Stewardship Council Certified Paper,8,https://target.scene7.com/is/image/Target/GUEST_d43b2e33-d6fe-4ea1-9d55-a682e79d44a8?wid=1200&hei=1200&qlt=85,https://target.scene7.com/is/image/Target/GUEST_d43b2e33-d6fe-4ea1-9d55-a682e79d44a8?wid=1200&hei=1200&qlt=85 | https://target.scene7.com/is/image/Target/GUEST_e3222ad3-3d52-4aee-98de-8cf324597c83?wid=1200&hei=1200&qlt=85 | https://target.scene7.com/is/image/Target/GUEST_4999561e-e7c4-44f6-8fb5-8d255295fee8?wid=1200&hei=1200&qlt=85 | https://target.scene7.com/is/image/Target/GUEST_e0070575-9a28-4538-82e2-e6c0c9a67a83?wid=1200&hei=1200&qlt=85 | https://target.scene7.com/is/image/Target/GUEST_0e6c,True,False,Paper,oversized_carryall|eco_conscious,Straw XL Tote Bag - A New Day™ Natural,USD,40.0,,94742376,https://www.target.com/p/straw-xl-tote-bag-a-new-day/-/A-94781669?preselect=94742376#lnk=sametab,1,1,2026-02-23T16:44:52.646741,Mixed,199268617614,,22,Mixed | straw / bag | Mid,Straw XL Tote Bag - A New Day™ Natural,https://www.target.com/p/straw-xl-tote-bag-a-new-day/-/A-94781669?preselect=94742376#lnk=sametab
In Stock,4.7,Wild Fable,Spot or Wipe Clean,"Target > Clothing, Shoes & Accessories > Accessories > Handbags & Purses > Shoulder Bags",,Hobo bag with single strap handle; Boxed puffer design; Lightweight construction; Zippered compartment; Inner zip-up pocket; Recycled polyester,14 Inches (H) x 6.5 Inches (W) x 17 Inches (D),Floral Print Puffer Hobo Shoulder Bag - Wild Fable™ Pink Wild Fable Hobo bag with single strap handle; Boxed puffer design; Lightweight construction; Zippered compartment; Inner zip-up pocket; Recycled polyester 100% Recycled Polyester,5,https://target.scene7.com/is/image/Target/GUEST_619f0e09-74a5-4410-9842-9e591590a50a?wid=1200&hei=1200&qlt=85,https://target.scene7.com/is/image/Target/GUEST_619f0e09-74a5-4410-9842-9e591590a50a?wid=1200&hei=1200&qlt=85 | https://target.scene7.com/is/image/Target/GUEST_ec38ac26-ecba-43b0-9ba2-e532416a3380?wid=1200&hei=1200&qlt=85 | https://target.scene7.com/is/image/Target/GUEST_dbbcfa4c-3d3a-4065-81d7-00c24b0927b8?wid=1200&hei=1200&qlt=85 | https://target.scene7.com/is/image/Target/GUEST_3096346c-21c9-4c7d-b1ef-7afb39e2c04b?wid=1200&hei=1200&qlt=85 | https://target.scene7.com/is/image/Target/GUEST_7e0f,True,False,100% Recycled Polyester,everyday_crossbody|eco_conscious|statement_fashion,Floral Print Puffer Hobo Shoulder Bag - Wild Fable™ Pink,USD,30.0,,94780226,https://www.target.com/p/floral-print-puffer-hobo-shoulder-bag-wild-fable-8482-pink/-/A-94780226#lnk=sametab,9,9,2026-02-23T16:44:52.646741,Mixed,199592034002,,8,Mixed | tote / bag | Mid,Floral Print Puffer Hobo Shoulder Bag - Wild Fable™ Pink,https://www.target.com/p/floral-print-puffer-hobo-shoulder-bag-wild-fable-8482-pink/-/A-94780226#lnk=sametab
In Stock,5.0,A New Day,Do Not Wash,"Target > Clothing, Shoes & Accessories > Accessories > Handbags & Purses > Satchels",,Straw crossbody bag; Cane design; White trim detailing; Polyethylene shell; Spacious main compartment; Popper flap with magnetic closure; Shoulder strap,5 Inches (H) x 8.5 Inches (W) x 2.75 Inches (D),Straw Caning Crossbody Bag - A New Day™ Natural A New Day Straw crossbody bag; Cane design; White trim detailing; Polyethylene shell; Spacious main compartment; Popper flap with magnetic closure; Shoulder strap Polyethylene,6,https://target.scene7.com/is/image/Target/GUEST_6d37a024-3606-4c35-ab82-307979ec1c39?wid=1200&hei=1200&qlt=85,https://target.scene7.com/is/image/Target/GUEST_6d37a024-3606-4c35-ab82-307979ec1c39?wid=1200&hei=1200&qlt=85 | https://target.scene7.com/is/image/Target/GUEST_e07fd7ce-8b89-4de9-885b-d2ff4e18bd85?wid=1200&hei=1200&qlt=85 | https://target.scene7.com/is/image/Target/GUEST_4771e216-aec2-422b-81d2-935f2f2f4f47?wid=1200&hei=1200&qlt=85 | https://target.scene7.com/is/image/Target/GUEST_05fd1d14-a434-4911-848d-6d6bae1d37f3?wid=1200&hei=1200&qlt=85 | https://target.scene7.com/is/image/Target/GUEST_9b70,True,False,Polyethylene,everyday_crossbody|eco_conscious,Straw Caning Crossbody Bag - A New Day™ Natural,USD,30.0,,94742374,https://www.target.com/p/straw-caning-crossbody-bag-a-new-day-8482-natural/-/A-94742374#lnk=sametab,3,3,2026-02-23T16:44:52.646741,Mixed,199268617546,,14,Mixed | bag / universal | Mid,Straw Caning Crossbody Bag - A New Day™ Natural,https://www.target.com/p/straw-caning-crossbody-bag-a-new-day-8482-natural/-/A-94742374#lnk=sametab
In Stock,5.0,Shade & Shore,Spot or Wipe Clean,"Target > Clothing, Shoes & Accessories > Accessories > Handbags & Purses > Beach Bags",Black | Brown,Packable tote handbag; 100% recycled polyester mesh shell; Zippered main compartment; 2 exterior mesh pockets; Double shoulder handles; 12in H x 21.5in W x 12in D,12 Inches (H) x 21.5 Inches (W) x 12 Inches (D),Packable Zip Top Mesh Tote Handbag - Shade & Shore™ Brown Shade & Shore Packable tote handbag; 100% recycled polyester mesh shell; Zippered main compartment; 2 exterior mesh pockets; Double shoulder handles; 12in H x 21.5in W x 12in D 100% Recycled Polyester,5,https://target.scene7.com/is/image/Target/GUEST_39521f7f-2e9b-4be7-99f7-68707e050e45?wid=1200&hei=1200&qlt=85,https://target.scene7.com/is/image/Target/GUEST_39521f7f-2e9b-4be7-99f7-68707e050e45?wid=1200&hei=1200&qlt=85 | https://target.scene7.com/is/image/Target/GUEST_8d7e26b3-b83f-4de8-b7bf-e45f7b378c08?wid=1200&hei=1200&qlt=85 | https://target.scene7.com/is/image/Target/GUEST_93db350d-19b8-4e98-a976-6a79df8ab463?wid=1200&hei=1200&qlt=85 | https://target.scene7.com/is/image/Target/GUEST_7334fac5-12ea-47cc-8ac6-1a12289b5fb1?wid=1200&hei=1200&qlt=85 | https://target.scene7.com/is/image/Target/GUEST_fa25,True,False,100% Recycled Polyester,travel_utility|eco_conscious|value_mass,Packable Zip Top Mesh Tote Handbag - Shade & Shore™ Brown,USD,18.0,,94742389,https://www.target.com/p/packable-zip-top-mesh-tote-handbag-shade-shore/-/A-94800765?preselect=94742389#lnk=sametab,2,2,2026-02-23T16:44:52.646741,Mixed,199268659904,,8,Mixed | tote / bag | Mid,Packable Zip Top Mesh Tote Handbag - Shade & Shore™ Brown,https://www.target.com/p/packable-zip-top-mesh-tote-handbag-shade-shore/-/A-94800765?preselect=94742389#lnk=sametab
In Stock,5.0,Universal Thread,Spot or Wipe Clean,"Target > Clothing, Shoes & Accessories > Accessories > Handbags & Purses > Crossbody & Messenger Bags",,,7.5 Inches (H) x 9 Inches (W) x 2.75 Inches (D),Western Soft Saddle Crossbody Bag Purse - Universal Thread™ Brown Universal Thread Polyurethane,5,https://target.scene7.com/is/image/Target/GUEST_073cd41e-5e4e-41d8-baa7-da242fc2eff7?wid=1200&hei=1200&qlt=85,https://target.scene7.com/is/image/Target/GUEST_073cd41e-5e4e-41d8-baa7-da242fc2eff7?wid=1200&hei=1200&qlt=85 | https://target.scene7.com/is/image/Target/GUEST_f7dc5c8b-b850-45ef-ba9c-1c823291822c?wid=1200&hei=1200&qlt=85 | https://target.scene7.com/is/image/Target/GUEST_181a5c79-7858-4bad-a2f6-086e03d5a103?wid=1200&hei=1200&qlt=85 | https://target.scene7.com/is/image/Target/GUEST_66e62ccc-f805-4fbd-8cc9-29f173652db8?wid=1200&hei=1200&qlt=85 | https://target.scene7.com/is/image/Target/GUEST_3cd8,True,False,Polyurethane,everyday_crossbody,Western Soft Saddle Crossbody Bag Purse - Universal Thread™ Brown,USD,30.0,,94832341,https://www.target.com/p/western-soft-saddle-crossbody-bag-purse-universal-thread-8482-brown/-/A-94832341#lnk=sametab,1,1,2026-02-23T16:44:52.646741,Mixed,199592254691,,19,Mixed | universal / bag | Mid,Western Soft Saddle Crossbody Bag Purse - Universal Thread™ Brown,https://www.target.com/p/western-soft-saddle-crossbody-bag-purse-universal-thread-8482-brown/-/A-94832341#lnk=sametab
In Stock,3.7,Universal Thread,Spot or Wipe Clean,"Target > Clothing, Shoes & Accessories > Accessories > Handbags & Purses > Shoulder Bags",Brown | Green | Pink,,4.75 Inches (H) x 8.25 Inches (W) x 2.5 Inches (D),Western Faux Suede Fringe Shoulder Bag Purse - Universal Thread™ Brown Universal Thread Polyester,6,https://target.scene7.com/is/image/Target/GUEST_039226b7-b600-4848-8407-b1fd316b5e7f?wid=1200&hei=1200&qlt=85,https://target.scene7.com/is/image/Target/GUEST_039226b7-b600-4848-8407-b1fd316b5e7f?wid=1200&hei=1200&qlt=85 | https://target.scene7.com/is/image/Target/GUEST_318a8c5d-73fd-43c6-a27b-f97d6c008575?wid=1200&hei=1200&qlt=85 | https://target.scene7.com/is/image/Target/GUEST_c0567afe-c678-45b5-953f-870d31f45699?wid=1200&hei=1200&qlt=85 | https://target.scene7.com/is/image/Target/GUEST_5c3d66b6-17b7-4073-aa4e-984da6def601?wid=1200&hei=1200&qlt=85 | https://target.scene7.com/is/image/Target/GUEST_bd98,True,False,Polyester,statement_fashion|value_mass,Western Faux Suede Fringe Shoulder Bag Purse - Universal Thread™ Brown,USD,35.0,,94832340,https://www.target.com/p/western-faux-suede-fringe-shoulder-bag-purse-universal-thread/-/A-94894923?preselect=94832340#lnk=sametab,6,6,2026-02-23T16:44:52.646741,Mixed,199592254721,,22,Mixed | straw / bag | Mid,Western Faux Suede Fringe Shoulder Bag Purse - Universal Thread™ Brown,https://www.target.com/p/western-faux-suede-fringe-shoulder-bag-purse-universal-thread/-/A-94894923?preselect=94832340#lnk=sametab
In Stock,5.0,Universal Thread,Spot or Wipe Clean,"Target > Clothing, Shoes & Accessories > Accessories > Handbags & Purses > Shoulder Bags",Brown | Tan,,16 Inches (H) x 16.25 Inches (W) x 2 Inches (D),Western Faux Suede with Tassel Shoulder Bag Purse - Universal Thread™ Tan Universal Thread Polyester,6,https://target.scene7.com/is/image/Target/GUEST_e48ca886-f959-458c-946a-9270218020b8?wid=1200&hei=1200&qlt=85,https://target.scene7.com/is/image/Target/GUEST_e48ca886-f959-458c-946a-9270218020b8?wid=1200&hei=1200&qlt=85 | https://target.scene7.com/is/image/Target/GUEST_e8fce393-06c2-4a07-9be5-5561d69d0d10?wid=1200&hei=1200&qlt=85 | https://target.scene7.com/is/image/Target/GUEST_9d20b834-4db6-485d-8d1b-a93b797b0c46?wid=1200&hei=1200&qlt=85 | https://target.scene7.com/is/image/Target/GUEST_ed280cab-afe9-45b6-9e58-dfac3e468c3b?wid=1200&hei=1200&qlt=85 | https://target.scene7.com/is/image/Target/GUEST_4d67,True,False,Polyester,statement_fashion|value_mass,Western Faux Suede with Tassel Shoulder Bag Purse - Universal Thread™ Tan,USD,40.0,,94832338,https://www.target.com/p/western-faux-suede-with-tassel-shoulder-bag-purse-universal-thread/-/A-94894924?preselect=94832338#lnk=sametab,1,1,2026-02-23T16:44:52.646741,Mixed,199592254714,,19,Mixed | universal / bag | Mid,Western Faux Suede with Tassel Shoulder Bag Purse - Universal Thread™ Tan,https://www.target.com/p/western-faux-suede-with-tassel-shoulder-bag-purse-universal-thread/-/A-94894924?preselect=94832338#lnk=sametab
In Stock,4.5,A New Day,Spot or Wipe Clean,"Target > Clothing, Shoes & Accessories > Accessories > Handbags & Purses > Shoulder Bags",Black | Brown,Quilted tote handbag; Unstructured design; Magnetic closure on main compartment; Features interior and exterior pockets; Double shoulder and grab handles,13 Inches (H) x 18 Inches (W) x 6.25 Inches (D),"Kate Tote Handbag - A New Day™ Black: Double Shoulder Handles, Magnetic Closure, Recycled Nylon A New Day Quilted tote handbag; Unstructured design; Magnetic closure on main compartment; Features interior and exterior pockets; Double shoulder and grab handles Polyurethane, Nylon",7,https://target.scene7.com/is/image/Target/GUEST_92897fbb-2131-4ff5-a979-4fa08111046c?wid=1200&hei=1200&qlt=85,https://target.scene7.com/is/image/Target/GUEST_92897fbb-2131-4ff5-a979-4fa08111046c?wid=1200&hei=1200&qlt=85 | https://target.scene7.com/is/image/Target/GUEST_167bfd95-13c7-4e8c-8a1e-d96f147bb937?wid=1200&hei=1200&qlt=85 | https://target.scene7.com/is/image/Target/GUEST_68c75195-d103-4412-bcbc-6fe5248ec67c?wid=1200&hei=1200&qlt=85 | https://target.scene7.com/is/image/Target/GUEST_d5d92d2a-6118-4de9-959d-30d1be8d8a85?wid=1200&hei=1200&qlt=85 | https://target.scene7.com/is/image/Target/GUEST_dd57,True,False,"Polyurethane, Nylon",work_tote|eco_conscious|value_mass,"Kate Tote Handbag - A New Day™ Black: Double Shoulder Handles, Magnetic Closure, Recycled Nylon",USD,30.0,,90367018,https://www.target.com/p/kate-tote-handbag-a-new-day/-/A-90564600?preselect=90367018#lnk=sametab,247,247,2026-02-23T16:44:52.646741,Mixed,198101061898,,26,Mixed | handbag / bag | Mid,"Kate Tote Handbag - A New Day™ Black: Double Shoulder Handles, Magnetic Closure, Recycled Nylon",https://www.target.com/p/kate-tote-handbag-a-new-day/-/A-90564600?preselect=90367018#lnk=sametab
In Stock,4.3,A New Day,Spot or Wipe Clean,"Target > Clothing, Shoes & Accessories > Accessories > Handbags & Purses > Crossbody & Messenger Bags",Black | Tan,"Satchel crossbody bag; Woven from polyurethane; Main zip closure; Cell phone and zippered pockets; Padded handle; Detachable, adjustable strap; Unstructured design",8 Inches (H) x 12 Inches (W) x 4 Inches (D),"Satchel Crossbody Bag - A New Day™ Tan A New Day Satchel crossbody bag; Woven from polyurethane; Main zip closure; Cell phone and zippered pockets; Padded handle; Detachable, adjustable strap; Unstructured design Polyester",5,https://target.scene7.com/is/image/Target/GUEST_ac24bb23-ec00-4d70-b20f-a223551963b5?wid=1200&hei=1200&qlt=85,https://target.scene7.com/is/image/Target/GUEST_ac24bb23-ec00-4d70-b20f-a223551963b5?wid=1200&hei=1200&qlt=85 | https://target.scene7.com/is/image/Target/GUEST_722cda8d-f235-4dcb-801b-9308f84b376f?wid=1200&hei=1200&qlt=85 | https://target.scene7.com/is/image/Target/GUEST_98434494-09c4-48ef-af74-58b217caad68?wid=1200&hei=1200&qlt=85 | https://target.scene7.com/is/image/Target/GUEST_c6444bb2-8552-4e9d-a0ff-b8ca168e0a79?wid=1200&hei=1200&qlt=85 | https://target.scene7.com/is/image/Target/GUEST_6791,True,False,Polyester,everyday_crossbody|value_mass,Satchel Crossbody Bag - A New Day™ Tan,USD,30.0,,94780336,https://www.target.com/p/satchel-crossbody-bag-a-new-day/-/A-94810415?preselect=94780336#lnk=sametab,7,7,2026-02-23T16:44:52.646741,Mixed,199592063538,,23,Mixed | bag / crossbody | Mid,Satchel Crossbody Bag - A New Day™ Tan,https://www.target.com/p/satchel-crossbody-bag-a-new-day/-/A-94810415?preselect=94780336#lnk=sametab
In Stock,4.5,Shade & Shore,Spot or Wipe Clean,"Target > Clothing, Shoes & Accessories > Accessories > Handbags & Purses > Beach Bags",Black | Black/White | Leopard | White | Yellow,Unstructured packable tote handbag; 100% recycled polyester shell; Open main compartment; 2 exterior mesh pockets; Double handles; 18in H x 24in W x 6.5in D,18 Inches (H) x 24 Inches (W) x 6.5 Inches (D),Packable Cut Out Mesh Tote Handbag - Shade & Shore™ White Shade & Shore Unstructured packable tote handbag; 100% recycled polyester shell; Open main compartment; 2 exterior mesh pockets; Double handles; 18in H x 24in W x 6.5in D 100% Recycled Polyester,7,https://target.scene7.com/is/image/Target/GUEST_df2c6490-b7c6-4dd1-9edf-696530d4fbe6?wid=1200&hei=1200&qlt=85,https://target.scene7.com/is/image/Target/GUEST_df2c6490-b7c6-4dd1-9edf-696530d4fbe6?wid=1200&hei=1200&qlt=85 | https://target.scene7.com/is/image/Target/GUEST_f0953b2a-fe77-46a9-86ea-02efe153e63f?wid=1200&hei=1200&qlt=85 | https://target.scene7.com/is/image/Target/GUEST_31a5264a-910a-456f-b67e-0ad09fb22782?wid=1200&hei=1200&qlt=85 | https://target.scene7.com/is/image/Target/GUEST_01cad195-dfa0-4d91-a93e-e87fc7db0a26?wid=1200&hei=1200&qlt=85 | https://target.scene7.com/is/image/Target/GUEST_a426,True,False,100% Recycled Polyester,travel_utility|eco_conscious|value_mass,Packable Cut Out Mesh Tote Handbag - Shade & Shore™ White,USD,15.0,,94742390,https://www.target.com/p/packable-cut-out-mesh-tote-handbag-shade-shore/-/A-94800766?preselect=94742390#lnk=sametab,14,14,2026-02-23T16:44:52.646741,Mixed,199268659881,,8,Mixed | tote / bag | Mid,Packable Cut Out Mesh Tote Handbag - Shade & Shore™ White,https://www.target.com/p/packable-cut-out-mesh-tote-handbag-shade-shore/-/A-94800766?preselect=94742390#lnk=sametab
In Stock,1.0,Universal Thread,Do Not Wash,"Target > Clothing, Shoes & Accessories > Accessories > Handbags & Purses > Crossbody & Messenger Bags",,Universal Thread mini shoulder bag in beige hue; Straw paper shell; Crochet exterior; Spacious main compartment with magnetic closure; Faux-leather handle; Detachable linked chain; Forest Stewardship Council Certified,12.75 Inches (H) x 9.25 Inches (W) x 3 Inches (D),Straw Mini Slouchy Shoulder Bag - Universal Thread™ Natural Universal Thread Universal Thread mini shoulder bag in beige hue; Straw paper shell; Crochet exterior; Spacious main compartment with magnetic closure; Faux-leather handle; Detachable linked chain; Forest Stewardship Council Certified Paper,7,https://target.scene7.com/is/image/Target/GUEST_c8258c63-4fdf-4a0c-a8c5-fe69832d0caf?wid=1200&hei=1200&qlt=85,https://target.scene7.com/is/image/Target/GUEST_c8258c63-4fdf-4a0c-a8c5-fe69832d0caf?wid=1200&hei=1200&qlt=85 | https://target.scene7.com/is/image/Target/GUEST_b2d9eda6-7c80-45bb-86ec-1a8a258900aa?wid=1200&hei=1200&qlt=85 | https://target.scene7.com/is/image/Target/GUEST_15bc1987-637a-433a-9f20-252567f77384?wid=1200&hei=1200&qlt=85 | https://target.scene7.com/is/image/Target/GUEST_b2beb9c4-d53d-49c5-8023-340b2f43c4f9?wid=1200&hei=1200&qlt=85 | https://target.scene7.com/is/image/Target/GUEST_7f02,True,False,Paper,micro_mini_impulse|eco_conscious,Straw Mini Slouchy Shoulder Bag - Universal Thread™ Natural,USD,30.0,,94742398,https://www.target.com/p/straw-mini-slouchy-shoulder-bag-universal-thread-8482-natural/-/A-94742398#lnk=sametab,1,1,2026-02-23T16:44:52.646741,Mixed,199268613760,,22,Mixed | straw / bag | Mid,Straw Mini Slouchy Shoulder Bag - Universal Thread™ Natural,https://www.target.com/p/straw-mini-slouchy-shoulder-bag-universal-thread-8482-natural/-/A-94742398#lnk=sametab
In Stock,0.0,Universal Thread,Do Not Wash,"Target > Clothing, Shoes & Accessories > Accessories > Handbags & Purses > Shoulder Bags",,Universal Thread tote handbag in beige; Straw paper shell; Crochet exterior with scalloped design; Spacious main compartment; Double handles; Forest Stewardship Council Certified,10.6 Inches (H) x 18.5 Inches (W) x 5.12 Inches (D),Straw Scallop Woven Tote Handbag - Universal Thread™ Natural Universal Thread Universal Thread tote handbag in beige; Straw paper shell; Crochet exterior with scalloped design; Spacious main compartment; Double handles; Forest Stewardship Council Certified Paper,7,https://target.scene7.com/is/image/Target/GUEST_ca9e2f7e-4a09-4dca-98a5-2599bbba2fbd?wid=1200&hei=1200&qlt=85,https://target.scene7.com/is/image/Target/GUEST_ca9e2f7e-4a09-4dca-98a5-2599bbba2fbd?wid=1200&hei=1200&qlt=85 | https://target.scene7.com/is/image/Target/GUEST_3c3624d6-41a8-4590-a6c8-1ebcf84532c3?wid=1200&hei=1200&qlt=85 | https://target.scene7.com/is/image/Target/GUEST_c321820c-a4cd-4648-8367-bdb54cad809d?wid=1200&hei=1200&qlt=85 | https://target.scene7.com/is/image/Target/GUEST_2156cd72-bc1b-462c-9a7a-ad35595e2f88?wid=1200&hei=1200&qlt=85 | https://target.scene7.com/is/image/Target/GUEST_0cc1,True,False,Paper,minimal_modern|eco_conscious,Straw Scallop Woven Tote Handbag - Universal Thread™ Natural,USD,35.0,,94742415,https://www.target.com/p/straw-scallop-woven-tote-handbag-universal-thread-8482-natural/-/A-94742415#lnk=sametab,0,0,2026-02-23T16:44:52.646741,Mixed,199268613715,,22,Mixed | straw / bag | Mid,Straw Scallop Woven Tote Handbag - Universal Thread™ Natural,https://www.target.com/p/straw-scallop-woven-tote-handbag-universal-thread-8482-natural/-/A-94742415#lnk=sametab
In Stock,4.2,Wild Fable,Spot or Wipe Clean,"Target > Clothing, Shoes & Accessories > Accessories > Handbags & Purses > Shoulder Bags",,Lightweight shoulder bag; Interior pocket; Zipper closure; Single strap,5 Inches (H) x 10 Inches (W) x 2.38 Inches (D),Simple Shoulder Bag - Wild Fable™ Black Wild Fable Lightweight shoulder bag; Interior pocket; Zipper closure; Single strap 100% Recycled Polyester,6,https://target.scene7.com/is/image/Target/GUEST_f54c11d1-bc0c-4d1f-8516-2331f5a95961?wid=1200&hei=1200&qlt=85,https://target.scene7.com/is/image/Target/GUEST_f54c11d1-bc0c-4d1f-8516-2331f5a95961?wid=1200&hei=1200&qlt=85 | https://target.scene7.com/is/image/Target/GUEST_a4605aa0-7a59-4b1d-bce5-32cc2f97c237?wid=1200&hei=1200&qlt=85 | https://target.scene7.com/is/image/Target/GUEST_aec5d558-a96b-4c8d-affa-de2f4b653368?wid=1200&hei=1200&qlt=85 | https://target.scene7.com/is/image/Target/GUEST_229b11be-66f9-4704-b976-8d59569177cf?wid=1200&hei=1200&qlt=85 | https://target.scene7.com/is/image/Target/GUEST_2d4e,True,False,100% Recycled Polyester,minimal_modern|eco_conscious|value_mass,Simple Shoulder Bag - Wild Fable™ Black,USD,18.0,,93859885,https://www.target.com/p/simple-shoulder-bag-wild-fable-8482-black/-/A-93859885#lnk=sametab,38,38,2026-02-23T16:44:52.646741,Mixed,198850334885,,25,Mixed | bag / crossbody | Mid,Simple Shoulder Bag - Wild Fable™ Black,https://www.target.com/p/simple-shoulder-bag-wild-fable-8482-black/-/A-93859885#lnk=sametab
In Stock,5.0,Wild Fable,Spot or Wipe Clean,"Target > Clothing, Shoes & Accessories > Accessories > Handbags & Purses > Shoulder Bags",,Hobo bag with single strap handle; Boxed puffer design; Lightweight construction; Zippered compartment; Inner zip-up pocket; Recycled polyester,14 Inches (H) x 6.5 Inches (W) x 17 Inches (D),Gingham Cherry & Bow Print Puffer Hobo Shoulder Bag - Wild Fable™ Blue Wild Fable Hobo bag with single strap handle; Boxed puffer design; Lightweight construction; Zippered compartment; Inner zip-up pocket; Recycled polyester 100% Recycled Polyester,5,https://target.scene7.com/is/image/Target/GUEST_a16ea970-d389-44be-a6ed-708a75272ae0?wid=1200&hei=1200&qlt=85,https://target.scene7.com/is/image/Target/GUEST_a16ea970-d389-44be-a6ed-708a75272ae0?wid=1200&hei=1200&qlt=85 | https://target.scene7.com/is/image/Target/GUEST_a303b713-3751-485e-b4eb-ec188244c475?wid=1200&hei=1200&qlt=85 | https://target.scene7.com/is/image/Target/GUEST_2fe7bf2d-84cb-43db-80a4-6bf277fefc00?wid=1200&hei=1200&qlt=85 | https://target.scene7.com/is/image/Target/GUEST_8cd9ef23-902a-4527-a1ca-da4d5c6a7d8f?wid=1200&hei=1200&qlt=85 | https://target.scene7.com/is/image/Target/GUEST_e88a,True,False,100% Recycled Polyester,eco_conscious|weekend_bucket|value_mass,Gingham Cherry & Bow Print Puffer Hobo Shoulder Bag - Wild Fable™ Blue,USD,30.0,,94780225,https://www.target.com/p/gingham-cherry-38-bow-print-puffer-hobo-shoulder-bag-wild-fable-8482-blue/-/A-94780225#lnk=sametab,4,4,2026-02-23T16:45:09.898384,Mixed,199592033999,,8,Mixed | tote / bag | Mid,Gingham Cherry & Bow Print Puffer Hobo Shoulder Bag - Wild Fable™ Blue,https://www.target.com/p/gingham-cherry-38-bow-print-puffer-hobo-shoulder-bag-wild-fable-8482-blue/-/A-94780225#lnk=sametab
In Stock,4.5,Universal Thread,Spot or Wipe Clean,"Target > Clothing, Shoes & Accessories > Accessories > Handbags & Purses > Shoulder Bags",Cream | Green/Pink/Yellow | Orange | Red | Yellow,Universal Thread magazine tote handbag; Recycled cotton canvas fabric; Features an open top; Double shoulder handles,12.99 Inches (H) x .18 Inches (W) x 17.32 Inches (D),Magazine Tote Handbag - Universal Thread™ Green/Pink/Yellow Universal Thread Universal Thread magazine tote handbag; Recycled cotton canvas fabric; Features an open top; Double shoulder handles 100% Recycled Cotton,9,https://target.scene7.com/is/image/Target/GUEST_fc165e91-0d76-435c-8f17-60d17374c06a?wid=1200&hei=1200&qlt=85,https://target.scene7.com/is/image/Target/GUEST_fc165e91-0d76-435c-8f17-60d17374c06a?wid=1200&hei=1200&qlt=85 | https://target.scene7.com/is/image/Target/GUEST_990e589b-57d2-45e9-9579-bab25c226153?wid=1200&hei=1200&qlt=85 | https://target.scene7.com/is/image/Target/GUEST_9b55b789-f4e3-4b65-a9fd-d15b7ef76c30?wid=1200&hei=1200&qlt=85 | https://target.scene7.com/is/image/Target/GUEST_94b5d7d7-31b6-4c72-aacd-03e9395c316e?wid=1200&hei=1200&qlt=85 | https://target.scene7.com/is/image/Target/GUEST_8666,True,False,100% Recycled Cotton,eco_conscious|work_tote|value_mass,Magazine Tote Handbag - Universal Thread™ Green/Pink/Yellow,USD,15.0,,94780222,https://www.target.com/p/magazine-tote-handbag-universal-thread/-/A-94810392?preselect=94780222#lnk=sametab,4,4,2026-02-23T16:45:09.898384,Mixed,199592033968,,8,Mixed | tote / bag | Mid,Magazine Tote Handbag - Universal Thread™ Green/Pink/Yellow,https://www.target.com/p/magazine-tote-handbag-universal-thread/-/A-94810392?preselect=94780222#lnk=sametab
In Stock,4.6,Universal Thread,Spot or Wipe Clean,"Target > Clothing, Shoes & Accessories > Accessories > Handbags & Purses > Crossbody & Messenger Bags",Clear/Black,Universal Thread belt crossbody bag; Features exterior pocket; Zipper closure; Adjustable strap with buckle closure,4.8 Inches (H) x 7.28 Inches (W) x 2.04 Inches (D),"Essential Belt Crossbody Bag - Universal Thread™ Clear/Black: TPU Shell, Adjustable Strap, Crossbody Style, Solid Pattern Universal Thread Universal Thread belt crossbody bag; Features exterior pocket; Zipper closure; Adjustable strap with buckle closure TPU (Thermoplastic Polyurethane)",10,https://target.scene7.com/is/image/Target/GUEST_f325c316-7ea2-427d-a299-05b8e05da250?wid=1200&hei=1200&qlt=85,https://target.scene7.com/is/image/Target/GUEST_f325c316-7ea2-427d-a299-05b8e05da250?wid=1200&hei=1200&qlt=85 | https://target.scene7.com/is/image/Target/GUEST_27d767af-110d-4abf-838a-9b299ad8022f?wid=1200&hei=1200&qlt=85 | https://target.scene7.com/is/image/Target/GUEST_abba33e7-be5c-4208-997f-958da00ef32a?wid=1200&hei=1200&qlt=85 | https://target.scene7.com/is/image/Target/GUEST_2d2348ca-1ae7-4aaf-bd8d-5433bf2fbe37?wid=1200&hei=1200&qlt=85 | https://target.scene7.com/is/image/Target/GUEST_21ef,True,False,TPU (Thermoplastic Polyurethane),everyday_crossbody|value_mass,"Essential Belt Crossbody Bag - Universal Thread™ Clear/Black: TPU Shell, Adjustable Strap, Crossbody Style, Solid Pattern",USD,10.0,,92467847,https://www.target.com/p/essential-belt-crossbody-bag-universal-thread/-/A-92750861?preselect=92467847#lnk=sametab,318,318,2026-02-23T16:45:09.898384,Mixed,198420263157,,25,Mixed | bag / crossbody | Mid,"Essential Belt Crossbody Bag - Universal Thread™ Clear/Black: TPU Shell, Adjustable Strap, Crossbody Style, Solid Pattern",https://www.target.com/p/essential-belt-crossbody-bag-universal-thread/-/A-92750861?preselect=92467847#lnk=sametab
In Stock,4.6,A New Day,Spot or Wipe Clean,"Target > Clothing, Shoes & Accessories > Accessories > Handbags & Purses > Crossbody & Messenger Bags",Black | Brown,Flap cellphone wallet; Multiple interior pockets; Adjustable strap for wearing crossbody style; Faux-leather exterior,5 Inches (H) x 7.5 Inches (W) x 1 Inches (D),"Flap Cell Phone Wallet - A New Day™ Black: Shell, Snap Closure, Solid Pattern A New Day Flap cellphone wallet; Multiple interior pockets; Adjustable strap for wearing crossbody style; Faux-leather exterior Polyurethane",7,https://target.scene7.com/is/image/Target/GUEST_9f0ca3ee-2634-44a9-abe4-7a96c9a64ec2?wid=1200&hei=1200&qlt=85,https://target.scene7.com/is/image/Target/GUEST_9f0ca3ee-2634-44a9-abe4-7a96c9a64ec2?wid=1200&hei=1200&qlt=85 | https://target.scene7.com/is/image/Target/GUEST_7964ce9e-0d78-485f-85ee-ddcb99bc7e96?wid=1200&hei=1200&qlt=85 | https://target.scene7.com/is/image/Target/GUEST_ab486164-0109-49fe-ba67-36e6340841dc?wid=1200&hei=1200&qlt=85 | https://target.scene7.com/is/image/Target/GUEST_f197d3dc-4a5e-47e4-a943-9f5530ad332e?wid=1200&hei=1200&qlt=85 | https://target.scene7.com/is/image/Target/GUEST_fa1b,True,False,Polyurethane,slg_small_leathers|everyday_crossbody,"Flap Cell Phone Wallet - A New Day™ Black: Shell, Snap Closure, Solid Pattern",USD,15.0,,89393183,https://www.target.com/p/flap-cell-phone-wallet-a-new-day/-/A-89489964?preselect=89393183#lnk=sametab,159,159,2026-02-23T16:45:09.898384,Mixed,197543797419,,7,Mixed | wallet / solid | Budget,"Flap Cell Phone Wallet - A New Day™ Black: Shell, Snap Closure, Solid Pattern",https://www.target.com/p/flap-cell-phone-wallet-a-new-day/-/A-89489964?preselect=89393183#lnk=sametab
In Stock,4.3,Universal Thread,Spot or Wipe Clean,"Target > Clothing, Shoes & Accessories > Accessories > Handbags & Purses > Crossbody & Messenger Bags",Black Clear,Universal Thread crossbody bag; Transparent design; Zippered main compartment; Back pocket; Adjustable and detachable strap,7 Inches (H) x 6.25 Inches (W) x 2.5 Inches (D),"Everyday Crossbody Bag - Universal Thread™ Black Clear: Removable Strap, TPU Shell, Vinyl Construction Universal Thread Universal Thread crossbody bag; Transparent design; Zippered main compartment; Back pocket; Adjustable and detachable strap Polyester",9,https://target.scene7.com/is/image/Target/GUEST_39025d97-5030-4e55-baeb-b209305fe024?wid=1200&hei=1200&qlt=85,https://target.scene7.com/is/image/Target/GUEST_39025d97-5030-4e55-baeb-b209305fe024?wid=1200&hei=1200&qlt=85 | https://target.scene7.com/is/image/Target/GUEST_26d4a6c0-9115-479b-8ef2-37a37c413446?wid=1200&hei=1200&qlt=85 | https://target.scene7.com/is/image/Target/GUEST_63f44c35-dd54-45b4-a5b9-295262edad48?wid=1200&hei=1200&qlt=85 | https://target.scene7.com/is/image/Target/GUEST_37ef7de5-c866-469f-95df-9375bcf6c22a?wid=1200&hei=1200&qlt=85 | https://target.scene7.com/is/image/Target/GUEST_d359,True,False,Polyester,everyday_crossbody|convertible_multiway,"Everyday Crossbody Bag - Universal Thread™ Black Clear: Removable Strap, TPU Shell, Vinyl Construction",USD,20.0,,92450025,https://www.target.com/p/everyday-crossbody-bag-universal-thread/-/A-94310271?preselect=92450025#lnk=sametab,88,88,2026-02-23T16:45:09.898384,Mixed,198420263171,,25,Mixed | bag / crossbody | Mid,"Everyday Crossbody Bag - Universal Thread™ Black Clear: Removable Strap, TPU Shell, Vinyl Construction",https://www.target.com/p/everyday-crossbody-bag-universal-thread/-/A-94310271?preselect=92450025#lnk=sametab
In Stock,4.7,A New Day,Spot or Wipe Clean,"Target > Clothing, Shoes & Accessories > Accessories > Handbags & Purses > Clutches",Black,Clear wristlet pouch; Single main compartment; Unstructured design; Zipper closure,.5 Inches (H) x 6.38 Inches (W) x 8.75 Inches (D),"Clear Pouch Wristlet - A New Day™ Black: Solid TPU Shell, Zip Closure, Faux Leather, Unstructured Design, 8.75"" x 6.375"" A New Day Clear wristlet pouch; Single main compartment; Unstructured design; Zipper closure TPU (Thermoplastic Polyurethane)",8,https://target.scene7.com/is/image/Target/GUEST_df01ed1a-347a-48a2-9cbd-24eefd7af32f?wid=1200&hei=1200&qlt=85,https://target.scene7.com/is/image/Target/GUEST_df01ed1a-347a-48a2-9cbd-24eefd7af32f?wid=1200&hei=1200&qlt=85 | https://target.scene7.com/is/image/Target/GUEST_b4a45504-d281-4eac-ab7e-cc09f83ca0b7?wid=1200&hei=1200&qlt=85 | https://target.scene7.com/is/image/Target/GUEST_d1ed96fd-ec86-432b-97e1-086a29f4e472?wid=1200&hei=1200&qlt=85 | https://target.scene7.com/is/image/Target/GUEST_57e8c1fb-5d40-4d67-aaac-fa0db7a01772?wid=1200&hei=1200&qlt=85 | https://target.scene7.com/is/image/Target/GUEST_eb71,True,False,TPU (Thermoplastic Polyurethane),occasion_glam|gifting_ready|value_mass,"Clear Pouch Wristlet - A New Day™ Black: Solid TPU Shell, Zip Closure, Faux Leather, Unstructured Design, 8.75"" x 6.375""",USD,5.0,,93178685,https://www.target.com/p/clear-pouch-wristlet-a-new-day/-/A-93344260?preselect=93178685#lnk=sametab,170,170,2026-02-23T16:45:09.898384,Mixed,198850099784,,25,Mixed | bag / crossbody | Mid,"Clear Pouch Wristlet - A New Day™ Black: Solid TPU Shell, Zip Closure, Faux Leather, Unstructured Design, 8.75"" x 6.375""",https://www.target.com/p/clear-pouch-wristlet-a-new-day/-/A-93344260?preselect=93178685#lnk=sametab
In Stock,0.0,A New Day,Do Not Wash,"Target > Clothing, Shoes & Accessories > Accessories > Handbags & Purses > Shoulder Bags",,Straw tote bag; Cane design; White trim detailing; Polyethylene shell; Spacious main compartment; Double handles,10.5 Inches (H) x 19.5 Inches (W) x 3.75 Inches (D),Straw Caning Tote Bag - A New Day™ Natural A New Day Straw tote bag; Cane design; White trim detailing; Polyethylene shell; Spacious main compartment; Double handles Polyethylene,6,https://target.scene7.com/is/image/Target/GUEST_7c5c9ad5-2102-437b-a5c6-e182cdb71d6f?wid=1200&hei=1200&qlt=85,https://target.scene7.com/is/image/Target/GUEST_7c5c9ad5-2102-437b-a5c6-e182cdb71d6f?wid=1200&hei=1200&qlt=85 | https://target.scene7.com/is/image/Target/GUEST_c7d608ad-5ce1-49d7-8fd3-e3141c3f8f4a?wid=1200&hei=1200&qlt=85 | https://target.scene7.com/is/image/Target/GUEST_b71a3508-aee0-4307-9600-65e43e721ac5?wid=1200&hei=1200&qlt=85 | https://target.scene7.com/is/image/Target/GUEST_6264c31d-4908-4b58-8b05-074294316e6d?wid=1200&hei=1200&qlt=85 | https://target.scene7.com/is/image/Target/GUEST_46f3,True,False,Polyethylene,minimal_modern|work_tote,Straw Caning Tote Bag - A New Day™ Natural,USD,40.0,,94745584,https://www.target.com/p/straw-caning-tote-bag-a-new-day-8482-natural/-/A-94745584#lnk=sametab,0,0,2026-02-23T16:45:09.898384,Mixed,199268617591,,14,Mixed | bag / universal | Mid,Straw Caning Tote Bag - A New Day™ Natural,https://www.target.com/p/straw-caning-tote-bag-a-new-day-8482-natural/-/A-94745584#lnk=sametab
In Stock,4.2,A New Day,Spot or Wipe Clean,"Target > Clothing, Shoes & Accessories > Accessories > Handbags & Purses > Crossbody & Messenger Bags",Brown | Green | Light Pink,Mini bowler crossbody bag; Polyurethane shell; Zippered main compartment; Detachable and adjustable strap; Double handles,5.5 Inches (H) x 8.25 Inches (W) x 3.5 Inches (D),Woven Mini Bowler Crossbody bag - A New Day™ Brown A New Day Mini bowler crossbody bag; Polyurethane shell; Zippered main compartment; Detachable and adjustable strap; Double handles Polyurethane,5,https://target.scene7.com/is/image/Target/GUEST_a450babf-571e-4587-8542-3e8da6499b9e?wid=1200&hei=1200&qlt=85,https://target.scene7.com/is/image/Target/GUEST_a450babf-571e-4587-8542-3e8da6499b9e?wid=1200&hei=1200&qlt=85 | https://target.scene7.com/is/image/Target/GUEST_02668a34-dcd9-4a91-b55b-d5ee441ce1ba?wid=1200&hei=1200&qlt=85 | https://target.scene7.com/is/image/Target/GUEST_1aed88bb-a8fe-4de9-8232-2887a12135c6?wid=1200&hei=1200&qlt=85 | https://target.scene7.com/is/image/Target/GUEST_ce5d5369-acf3-46ec-a0b3-c685c719e630?wid=1200&hei=1200&qlt=85 | https://target.scene7.com/is/image/Target/GUEST_2051,True,False,Polyurethane,micro_mini_impulse|everyday_crossbody,Woven Mini Bowler Crossbody bag - A New Day™ Brown,USD,30.0,,94780327,https://www.target.com/p/woven-mini-bowler-crossbody-bag-a-new-day/-/A-94810405?preselect=94780327#lnk=sametab,5,5,2026-02-23T16:45:09.898384,Mixed,199592063668,,23,Mixed | bag / crossbody | Mid,Woven Mini Bowler Crossbody bag - A New Day™ Brown,https://www.target.com/p/woven-mini-bowler-crossbody-bag-a-new-day/-/A-94810405?preselect=94780327#lnk=sametab
In Stock,4.4,Wild Fable,Spot or Wipe Clean,"Target > Clothing, Shoes & Accessories > Accessories > Handbags & Purses > Crossbody & Messenger Bags","Black | Blue | Cream | Green | Red  - Out of Stock, out of stock | Taupe",Softside crossbody bag; Puffer design; 100% recycled polyester shell material; Zippered main compartment; 23in single strap,8.32 Inches (H) x 11.24 Inches (W) x 3 Inches (D),"Puffer Crossbody Handbag - Wild Fable™ Taupe: Softside Woven Bag, Single Strap, Solid Pattern Wild Fable Softside crossbody bag; Puffer design; 100% recycled polyester shell material; Zippered main compartment; 23in single strap 100% Recycled Polyester",7,https://target.scene7.com/is/image/Target/GUEST_189c5713-a9f9-4846-af74-3f02e7d81e94?wid=1200&hei=1200&qlt=85,https://target.scene7.com/is/image/Target/GUEST_189c5713-a9f9-4846-af74-3f02e7d81e94?wid=1200&hei=1200&qlt=85 | https://target.scene7.com/is/image/Target/GUEST_a4605aa0-7a59-4b1d-bce5-32cc2f97c237?wid=1200&hei=1200&qlt=85 | https://target.scene7.com/is/image/Target/GUEST_487967c3-f9ea-4ef6-bfa3-8bb40952f2b2?wid=1200&hei=1200&qlt=85 | https://target.scene7.com/is/image/Target/GUEST_802915fa-2c11-4bdd-9eba-af83ac8283cf?wid=1200&hei=1200&qlt=85 | https://target.scene7.com/is/image/Target/GUEST_249a,True,False,100% Recycled Polyester,everyday_crossbody|eco_conscious|value_mass,"Puffer Crossbody Handbag - Wild Fable™ Taupe: Softside Woven Bag, Single Strap, Solid Pattern",USD,20.0,,93657296,https://www.target.com/p/puffer-crossbody-handbag-wild-fable/-/A-93723382?preselect=93657296#lnk=sametab,167,167,2026-02-23T16:45:09.898384,Mixed,198850247857,,23,Mixed | bag / crossbody | Mid,"Puffer Crossbody Handbag - Wild Fable™ Taupe: Softside Woven Bag, Single Strap, Solid Pattern",https://www.target.com/p/puffer-crossbody-handbag-wild-fable/-/A-93723382?preselect=93657296#lnk=sametab
In Stock,4.6,Universal Thread,Spot or Wipe Clean,"Target > Clothing, Shoes & Accessories > Accessories > Handbags & Purses > Crossbody & Messenger Bags",Beige,Universal Thread camera handbag; Features an interior pocket; Double zipper closure; Adjustable shoulder strap,5 Inches (H) x 8.25 Inches (W) x 2.75 Inches (D),Canvas Double Zip Camera Crossbody Handbag - Universal Thread™ Off-White Universal Thread Universal Thread camera handbag; Features an interior pocket; Double zipper closure; Adjustable shoulder strap Polyester,6,https://target.scene7.com/is/image/Target/GUEST_2e56d35e-05d8-455c-871e-790051287d3b?wid=1200&hei=1200&qlt=85,https://target.scene7.com/is/image/Target/GUEST_2e56d35e-05d8-455c-871e-790051287d3b?wid=1200&hei=1200&qlt=85 | https://target.scene7.com/is/image/Target/GUEST_3b1901a8-223e-4800-89ea-018754edb402?wid=1200&hei=1200&qlt=85 | https://target.scene7.com/is/image/Target/GUEST_81a24502-c563-495b-a3f2-5d5e3a89fcba?wid=1200&hei=1200&qlt=85 | https://target.scene7.com/is/image/Target/GUEST_8d9d237b-d2ee-4ef2-9797-cfa2a0ee5779?wid=1200&hei=1200&qlt=85 | https://target.scene7.com/is/image/Target/GUEST_0832,True,False,Polyester,everyday_crossbody|value_mass,Canvas Double Zip Camera Crossbody Handbag - Universal Thread™ Off-White,USD,30.0,,94788201,https://www.target.com/p/double-zip-camera-crossbody-handbag-universal-thread/-/A-94594859?preselect=94788201#lnk=sametab,61,61,2026-02-23T16:45:09.898384,Mixed,199592033876,,14,Mixed | bag / universal | Mid,Canvas Double Zip Camera Crossbody Handbag - Universal Thread™ Off-White,https://www.target.com/p/double-zip-camera-crossbody-handbag-universal-thread/-/A-94594859?preselect=94788201#lnk=sametab
In Stock,5.0,Universal Thread,Spot or Wipe Clean,"Target > Clothing, Shoes & Accessories > Accessories > Handbags & Purses > Crossbody & Messenger Bags",Black | Brown | Natural,Universal Thread belt handbag; Polyurethane material; Zippered main compartment; Removable and adjustable strap,6 Inches (H) x 12.75 Inches (W) x 2.75 Inches (D),Woven Modern Belt Handbag - Universal Thread™ Brown Universal Thread Universal Thread belt handbag; Polyurethane material; Zippered main compartment; Removable and adjustable strap Polyurethane,6,https://target.scene7.com/is/image/Target/GUEST_8535cef8-c872-46a2-970a-84bb5ef6150e?wid=1200&hei=1200&qlt=85,https://target.scene7.com/is/image/Target/GUEST_8535cef8-c872-46a2-970a-84bb5ef6150e?wid=1200&hei=1200&qlt=85 | https://target.scene7.com/is/image/Target/GUEST_16bdcdac-3552-443d-ae74-5f2442ebf939?wid=1200&hei=1200&qlt=85 | https://target.scene7.com/is/image/Target/GUEST_9081050f-ea66-45b3-a2b0-39ab55fffaaa?wid=1200&hei=1200&qlt=85 | https://target.scene7.com/is/image/Target/GUEST_cd7aaf8d-7888-4a32-b0ef-2d2e13e77277?wid=1200&hei=1200&qlt=85 | https://target.scene7.com/is/image/Target/GUEST_56c1,True,False,Polyurethane,everyday_crossbody|value_mass,Woven Modern Belt Handbag - Universal Thread™ Brown,USD,25.0,,94780201,https://www.target.com/p/modern-belt-handbag-universal-thread/-/A-94837651?preselect=94780201#lnk=sametab,3,3,2026-02-23T16:45:09.898384,Mixed,199592033869,,19,Mixed | universal / bag | Mid,Woven Modern Belt Handbag - Universal Thread™ Brown,https://www.target.com/p/modern-belt-handbag-universal-thread/-/A-94837651?preselect=94780201#lnk=sametab
In Stock,4.4,A New Day,Care Instructions Not Provided,"Target > Clothing, Shoes & Accessories > Accessories > Handbags & Purses > Shoulder Bags",Black | Brown | Tan,Mini tulip tote bag; Made from polyurethane; Strap accent with buckle; Double handles; Removable crossbody strap; Magnetic closure,6.5 Inches (H) x 9 Inches (W) x 4.75 Inches (D),Mini Tulip Tote Handbag with Crossbody Strap - A New Day™ Brown A New Day Mini tulip tote bag; Made from polyurethane; Strap accent with buckle; Double handles; Removable crossbody strap; Magnetic closure Polyurethane,9,https://target.scene7.com/is/image/Target/GUEST_fa6e2d25-49c1-4142-b969-3fab3db3e50c?wid=1200&hei=1200&qlt=85,https://target.scene7.com/is/image/Target/GUEST_fa6e2d25-49c1-4142-b969-3fab3db3e50c?wid=1200&hei=1200&qlt=85 | https://target.scene7.com/is/image/Target/GUEST_b1583e17-da84-4375-8753-11072ff04ef8?wid=1200&hei=1200&qlt=85 | https://target.scene7.com/is/image/Target/GUEST_78f42a69-43dc-48a5-8f28-6548a7b0f82c?wid=1200&hei=1200&qlt=85 | https://target.scene7.com/is/image/Target/GUEST_b53d181f-5b91-4237-a9d6-61b79644bc04?wid=1200&hei=1200&qlt=85 | https://target.scene7.com/is/image/Target/GUEST_d5a1,True,False,Polyurethane,micro_mini_impulse|convertible_multiway|value_mass,Mini Tulip Tote Handbag with Crossbody Strap - A New Day™ Brown,USD,25.0,,94269884,https://www.target.com/p/mini-tulip-tote-handbag-with-crossbody-strap-a-new-day/-/A-94436052?preselect=94269884#lnk=sametab,64,64,2026-02-23T16:45:09.898384,Mixed,198850824003,,23,Mixed | bag / crossbody | Mid,Mini Tulip Tote Handbag with Crossbody Strap - A New Day™ Brown,https://www.target.com/p/mini-tulip-tote-handbag-with-crossbody-strap-a-new-day/-/A-94436052?preselect=94269884#lnk=sametab
In Stock,4.6,A New Day,Spot or Wipe Clean,"Target > Clothing, Shoes & Accessories > Accessories > Handbags & Purses",Black | Brown | Taupe,Travel pouch; Woven design in plastic; See-through sides for visible contents; Unstructured with single compartment; Zipper closure; Top handle,5.5 Inches (H) x 8.5 Inches (W) x 3.4 Inches (D),"Travel Pouch - A New Day™ Taupe: Top Handle Bag, Unstructured, Woven, Handle A New Day Travel pouch; Woven design in plastic; See-through sides for visible contents; Unstructured with single compartment; Zipper closure; Top handle Polyurethane",7,https://target.scene7.com/is/image/Target/GUEST_5d89a195-c7f0-41d8-8f89-9053cf09c34e?wid=1200&hei=1200&qlt=85,https://target.scene7.com/is/image/Target/GUEST_5d89a195-c7f0-41d8-8f89-9053cf09c34e?wid=1200&hei=1200&qlt=85 | https://target.scene7.com/is/image/Target/GUEST_aa9ed437-5a40-45b7-815f-99c8862585bf?wid=1200&hei=1200&qlt=85 | https://target.scene7.com/is/image/Target/GUEST_d29eaaba-400c-4c8d-9487-fac4f94991b1?wid=1200&hei=1200&qlt=85 | https://target.scene7.com/is/image/Target/GUEST_94ee553e-68df-4c4b-a45b-fe75e7d279b6?wid=1200&hei=1200&qlt=85 | https://target.scene7.com/is/image/Target/GUEST_4efb,True,False,Polyurethane,travel_utility|value_mass,"Travel Pouch - A New Day™ Taupe: Top Handle Bag, Unstructured, Woven, Handle",USD,15.0,,90367006,https://www.target.com/p/travel-pouch-a-new-day/-/A-90564597?preselect=90367006#lnk=sametab,260,260,2026-02-23T16:45:09.898384,Mixed,198101061942,,23,Mixed | bag / crossbody | Mid,"Travel Pouch - A New Day™ Taupe: Top Handle Bag, Unstructured, Woven, Handle",https://www.target.com/p/travel-pouch-a-new-day/-/A-90564597?preselect=90367006#lnk=sametab
In Stock,0.0,A New Day,Do Not Wash,"Target > Clothing, Shoes & Accessories > Accessories > Handbags & Purses > Shoulder Bags",,Small satchel bag in brown; Straw paper shell; Crochet exterior; Zippered main compartment; Double handle; Detachable and adjustable faux-leather strap; Forest Stewardship Council Certified,5.5 Inches (H) x 10.23 Inches (W) x 3.15 Inches (D),Straw Small Satchel Bag - A New Day™ Brown A New Day Small satchel bag in brown; Straw paper shell; Crochet exterior; Zippered main compartment; Double handle; Detachable and adjustable faux-leather strap; Forest Stewardship Council Certified Paper,7,https://target.scene7.com/is/image/Target/GUEST_60763823-9abf-4b7b-a277-ba63db44ab6a?wid=1200&hei=1200&qlt=85,https://target.scene7.com/is/image/Target/GUEST_60763823-9abf-4b7b-a277-ba63db44ab6a?wid=1200&hei=1200&qlt=85 | https://target.scene7.com/is/image/Target/GUEST_c0e7b991-866d-4273-954f-8697590b0cfb?wid=1200&hei=1200&qlt=85 | https://target.scene7.com/is/image/Target/GUEST_44906ea3-2940-4a12-a4c7-2760adfe5aaf?wid=1200&hei=1200&qlt=85 | https://target.scene7.com/is/image/Target/GUEST_fe211ebc-732e-4425-a5c7-6ab6ab96211a?wid=1200&hei=1200&qlt=85 | https://target.scene7.com/is/image/Target/GUEST_5db8,True,False,Paper,micro_mini_impulse|eco_conscious,Straw Small Satchel Bag - A New Day™ Brown,USD,30.0,,94744290,https://www.target.com/p/straw-small-satchel-bag-a-new-day-8482-brown/-/A-94744290#lnk=sametab,0,0,2026-02-23T16:45:09.898384,Mixed,199268617638,,22,Mixed | straw / bag | Mid,Straw Small Satchel Bag - A New Day™ Brown,https://www.target.com/p/straw-small-satchel-bag-a-new-day-8482-brown/-/A-94744290#lnk=sametab
In Stock,2.0,Universal Thread,Spot or Wipe Clean,"Target > Clothing, Shoes & Accessories > Accessories > Handbags & Purses > Shoulder Bags",,Universal Thread crescent handbag; Paper straw shell; Crocheted exterior; Zippered main compartment; Single handle,22 Inches (H) x 17 Inches (W) x 10 Inches (D),Straw Crescent XL Tote Handbag - Universal Thread™ Natural Universal Thread Universal Thread crescent handbag; Paper straw shell; Crocheted exterior; Zippered main compartment; Single handle Paper Straw,6,https://target.scene7.com/is/image/Target/GUEST_4cf2071b-f1f5-4be6-96da-0d09a7c8a33a?wid=1200&hei=1200&qlt=85,https://target.scene7.com/is/image/Target/GUEST_4cf2071b-f1f5-4be6-96da-0d09a7c8a33a?wid=1200&hei=1200&qlt=85 | https://target.scene7.com/is/image/Target/GUEST_2652f2f7-618e-4b09-8b51-372452f5b84a?wid=1200&hei=1200&qlt=85 | https://target.scene7.com/is/image/Target/GUEST_014ddffd-5d58-4170-af64-3dee2419d6e7?wid=1200&hei=1200&qlt=85 | https://target.scene7.com/is/image/Target/GUEST_89cc2a2e-20eb-4715-97ad-cae1aae8b64d?wid=1200&hei=1200&qlt=85 | https://target.scene7.com/is/image/Target/GUEST_a9eb,True,False,Paper Straw,oversized_carryall|eco_conscious,Straw Crescent XL Tote Handbag - Universal Thread™ Natural,USD,35.0,,94755267,https://www.target.com/p/straw-crescent-xl-tote-handbag-universal-thread-8482-natural/-/A-94755267#lnk=sametab,2,2,2026-02-23T16:45:09.898384,Mixed,199268613708,,22,Mixed | straw / bag | Mid,Straw Crescent XL Tote Handbag - Universal Thread™ Natural,https://www.target.com/p/straw-crescent-xl-tote-handbag-universal-thread-8482-natural/-/A-94755267#lnk=sametab
In Stock,3.0,A New Day,Care Instructions Not Provided,"Target > Clothing, Shoes & Accessories > Accessories > Handbags & Purses > Shoulder Bags",Dark Brown | Tan,Bucket shoulder bag; Polyurethane woven material; Magnetic closure; Adjustable strap; Unstructured,11.5 Inches (H) x 12 Inches (W) x 5.25 Inches (D),Bucket Shoulder Bag - A New Day™ Dark Brown A New Day Bucket shoulder bag; Polyurethane woven material; Magnetic closure; Adjustable strap; Unstructured Polyurethane,6,https://target.scene7.com/is/image/Target/GUEST_b9ab15ed-5f97-4714-ae53-660fd4434b10?wid=1200&hei=1200&qlt=85,https://target.scene7.com/is/image/Target/GUEST_b9ab15ed-5f97-4714-ae53-660fd4434b10?wid=1200&hei=1200&qlt=85 | https://target.scene7.com/is/image/Target/GUEST_af1bfa22-c216-4b66-9b14-428c106e12a4?wid=1200&hei=1200&qlt=85 | https://target.scene7.com/is/image/Target/GUEST_35269b0b-870f-4f3a-a605-20affe56a701?wid=1200&hei=1200&qlt=85 | https://target.scene7.com/is/image/Target/GUEST_a5de3c90-70ab-4445-9d93-5b899f2d8512?wid=1200&hei=1200&qlt=85 | https://target.scene7.com/is/image/Target/GUEST_032e,True,False,Polyurethane,weekend_bucket|value_mass,Bucket Shoulder Bag - A New Day™ Dark Brown,USD,35.0,,94780337,https://www.target.com/p/bucket-shoulder-bag-a-new-day/-/A-94810417?preselect=94780337#lnk=sametab,2,2,2026-02-23T16:45:09.898384,Mixed,199592063507,,23,Mixed | bag / crossbody | Mid,Bucket Shoulder Bag - A New Day™ Dark Brown,https://www.target.com/p/bucket-shoulder-bag-a-new-day/-/A-94810417?preselect=94780337#lnk=sametab
In Stock,5.0,A New Day,Spot or Wipe Clean,"Target > Clothing, Shoes & Accessories > Accessories > Handbags & Purses > Shoulder Bags",,Winged tote bag in a white; Cotton shell; Spacious main compartment with magnetic closure; Zippered inner pocket and accessories pocket; Exterior pocket with flap closure; Polyurethane double handles,11.5 Inches (H) x 21.5 Inches (W) x 7.25 Inches (D),Winged Tote Bag - A New Day™ White A New Day Winged tote bag in a white; Cotton shell; Spacious main compartment with magnetic closure; Zippered inner pocket and accessories pocket; Exterior pocket with flap closure; Polyurethane double handles Polyurethane,6,https://target.scene7.com/is/image/Target/GUEST_ebe197ee-296f-4b3d-a2a8-d38473d37365?wid=1200&hei=1200&qlt=85,https://target.scene7.com/is/image/Target/GUEST_ebe197ee-296f-4b3d-a2a8-d38473d37365?wid=1200&hei=1200&qlt=85 | https://target.scene7.com/is/image/Target/GUEST_8841b371-3b81-4c67-b508-a5bc8f42f476?wid=1200&hei=1200&qlt=85 | https://target.scene7.com/is/image/Target/GUEST_a01e6f50-d787-4fc4-b236-4cb6148beda5?wid=1200&hei=1200&qlt=85 | https://target.scene7.com/is/image/Target/GUEST_2cbee458-9f73-49ef-9d44-7342717ebe69?wid=1200&hei=1200&qlt=85 | https://target.scene7.com/is/image/Target/GUEST_8ac2,True,False,Polyurethane,work_tote|value_mass,Winged Tote Bag - A New Day™ White,USD,35.0,,1004118866,https://www.target.com/p/winged-tote-bag-a-new-day-8482-white/-/A-1004118866#lnk=sametab,1,1,2026-02-23T16:45:09.898384,Mixed,199592063620,,8,Mixed | tote / bag | Mid,Winged Tote Bag - A New Day™ White,https://www.target.com/p/winged-tote-bag-a-new-day-8482-white/-/A-1004118866#lnk=sametab
In Stock,4.8,A New Day,Spot or Wipe Clean,"Target > Clothing, Shoes & Accessories > Accessories > Handbags & Purses > Crossbody & Messenger Bags","Black | Red  - Out of Stock, out of stock",Crossbody vanity bag; Quilted polyurethane construction; Zipper closure; Padded top handle; Detachable shoulder strap,4.5 Inches (H) x 7.5 Inches (W) x 2.75 Inches (D),Quilted Vanity Crossbody Bag - A New Day™ Black A New Day Crossbody vanity bag; Quilted polyurethane construction; Zipper closure; Padded top handle; Detachable shoulder strap Polyurethane,9,https://target.scene7.com/is/image/Target/GUEST_c4751f50-f9a1-4bbf-aa7e-39f08791abc9?wid=1200&hei=1200&qlt=85,https://target.scene7.com/is/image/Target/GUEST_c4751f50-f9a1-4bbf-aa7e-39f08791abc9?wid=1200&hei=1200&qlt=85 | https://target.scene7.com/is/image/Target/GUEST_952d0d03-d2f8-4463-a9d3-b068073eb4f7?wid=1200&hei=1200&qlt=85 | https://target.scene7.com/is/image/Target/GUEST_1aeaba96-afdd-45ab-ab28-4742bc1a3c20?wid=1200&hei=1200&qlt=85 | https://target.scene7.com/is/image/Target/GUEST_221f5e8b-7647-414b-bb0e-401bcf0ace92?wid=1200&hei=1200&qlt=85 | https://target.scene7.com/is/image/Target/GUEST_9350,True,False,Polyurethane,everyday_crossbody|value_mass,Quilted Vanity Crossbody Bag - A New Day™ Black,USD,20.0,,94269889,https://www.target.com/p/quilted-vanity-crossbody-bag-a-new-day/-/A-94436057?preselect=94269889#lnk=sametab,55,55,2026-02-23T16:45:09.898384,Mixed,198850823914,,25,Mixed | bag / crossbody | Mid,Quilted Vanity Crossbody Bag - A New Day™ Black,https://www.target.com/p/quilted-vanity-crossbody-bag-a-new-day/-/A-94436057?preselect=94269889#lnk=sametab
In Stock,4.3,Universal Thread,Spot or Wipe Clean,"Target > Clothing, Shoes & Accessories > Accessories > Handbags & Purses > Crossbody & Messenger Bags",Black | Brown,Universal Thread double gusset crossbody bag; Faux leather design; Credit card pockets; Zip closure; Removable adjustable strap,5 Inches (H) x 9.5 Inches (W) x 1.5 Inches (D),"Double Gusset Crossbody Bag - Universal Thread™ Black: Removable Adjustable Strap, Twill Universal Thread Universal Thread double gusset crossbody bag; Faux leather design; Credit card pockets; Zip closure; Removable adjustable strap Polyurethane",9,https://target.scene7.com/is/image/Target/GUEST_5c32376b-0886-485d-a6b3-7d8f8de8bc9a?wid=1200&hei=1200&qlt=85,https://target.scene7.com/is/image/Target/GUEST_5c32376b-0886-485d-a6b3-7d8f8de8bc9a?wid=1200&hei=1200&qlt=85 | https://target.scene7.com/is/image/Target/GUEST_d4d1ebfd-6b91-4343-8ce6-996268077589?wid=1200&hei=1200&qlt=85 | https://target.scene7.com/is/image/Target/GUEST_2c04eeb2-f5f3-4e64-9e2a-49a6c4544649?wid=1200&hei=1200&qlt=85 | https://target.scene7.com/is/image/Target/GUEST_9ee22e44-85ba-4533-9f44-cc2fee4a7765?wid=1200&hei=1200&qlt=85 | https://target.scene7.com/is/image/Target/GUEST_21de,True,False,Polyurethane,everyday_crossbody|value_mass,"Double Gusset Crossbody Bag - Universal Thread™ Black: Removable Adjustable Strap, Twill",USD,20.0,,90779633,https://www.target.com/p/double-gusset-crossbody-bag-universal-thread/-/A-91030307?preselect=90779633#lnk=sametab,66,66,2026-02-23T16:45:09.898384,Mixed,198101566768,,25,Mixed | bag / crossbody | Mid,"Double Gusset Crossbody Bag - Universal Thread™ Black: Removable Adjustable Strap, Twill",https://www.target.com/p/double-gusset-crossbody-bag-universal-thread/-/A-91030307?preselect=90779633#lnk=sametab
In Stock,4.0,A New Day,Spot or Wipe Clean,"Target > Clothing, Shoes & Accessories > Accessories > Handbags & Purses > Shoulder Bags",Brown | Cream,Woven tote bag; Polyurethane shell; Open main compartment; Magnetic closure; Shoulder straps,11.5 Inches (H) x 18 Inches (W) x 4.75 Inches (D),Woven Tote Bag - A New Day™ Brown A New Day Woven tote bag; Polyurethane shell; Open main compartment; Magnetic closure; Shoulder straps Polyurethane,5,https://target.scene7.com/is/image/Target/GUEST_bdc10bd0-6ac3-4db0-a5aa-d648bc06d864?wid=1200&hei=1200&qlt=85,https://target.scene7.com/is/image/Target/GUEST_bdc10bd0-6ac3-4db0-a5aa-d648bc06d864?wid=1200&hei=1200&qlt=85 | https://target.scene7.com/is/image/Target/GUEST_9c2eceab-b5a0-47f2-8e1c-bfdbd1e15fe6?wid=1200&hei=1200&qlt=85 | https://target.scene7.com/is/image/Target/GUEST_0a426abd-318c-4deb-9b73-13f2ceb64e2b?wid=1200&hei=1200&qlt=85 | https://target.scene7.com/is/image/Target/GUEST_c7798b72-7c23-4111-9e86-a6eaabdd1fba?wid=1200&hei=1200&qlt=85 | https://target.scene7.com/is/image/Target/GUEST_7ec6,True,False,Polyurethane,work_tote|value_mass,Woven Tote Bag - A New Day™ Brown,USD,40.0,,94780355,https://www.target.com/p/woven-tote-bag-a-new-day/-/A-94810396?preselect=94780355#lnk=sametab,1,1,2026-02-23T16:45:09.898384,Mixed,199592063330,,23,Mixed | bag / crossbody | Mid,Woven Tote Bag - A New Day™ Brown,https://www.target.com/p/woven-tote-bag-a-new-day/-/A-94810396?preselect=94780355#lnk=sametab
In Stock,4.3,Universal Thread,Spot or Wipe Clean,"Target > Clothing, Shoes & Accessories > Accessories > Handbags & Purses > Shoulder Bags",Black,Universal Thread tote handbag; Nylon twill material; Zippered pocket; Front pocket; Zip closure; Carrying handle,12 Inches (H) x 18.75 Inches (W) x 5.5 Inches (D),"Essential Zip Tote Handbag - Universal Thread™ Black: Nylon Twill, Unstructured, 18.75"" Width Universal Thread Universal Thread tote handbag; Nylon twill material; Zippered pocket; Front pocket; Zip closure; Carrying handle Nylon",6,https://target.scene7.com/is/image/Target/GUEST_5c1563e8-8e54-474a-ba7a-dc5d0fb81e91?wid=1200&hei=1200&qlt=85,https://target.scene7.com/is/image/Target/GUEST_5c1563e8-8e54-474a-ba7a-dc5d0fb81e91?wid=1200&hei=1200&qlt=85 | https://target.scene7.com/is/image/Target/GUEST_46eac750-1100-4f75-9ab2-cfa43c96ba13?wid=1200&hei=1200&qlt=85 | https://target.scene7.com/is/image/Target/GUEST_beea1b8f-1f1e-4e2c-9b42-ec0377e915af?wid=1200&hei=1200&qlt=85 | https://target.scene7.com/is/image/Target/GUEST_82f6072a-d990-4c9e-9672-8d6ad756c306?wid=1200&hei=1200&qlt=85 | https://target.scene7.com/is/image/Target/GUEST_0dd0,True,False,Nylon,work_tote|value_mass,"Essential Zip Tote Handbag - Universal Thread™ Black: Nylon Twill, Unstructured, 18.75"" Width",USD,20.0,,90780561,https://www.target.com/p/essential-zip-tote-handbag-universal-thread/-/A-91030310?preselect=90780561#lnk=sametab,51,51,2026-02-23T16:44:52.649734,Mixed,198101566614,,24,Mixed | tote / universal | Mid,"Essential Zip Tote Handbag - Universal Thread™ Black: Nylon Twill, Unstructured, 18.75"" Width",https://www.target.com/p/essential-zip-tote-handbag-universal-thread/-/A-91030310?preselect=90780561#lnk=sametab
In Stock,4.7,A New Day,Spot or Wipe Clean,"Target > Clothing, Shoes & Accessories > Accessories > Handbags & Purses > Crossbody & Messenger Bags",Black,Faux-leather crossbody bag; Features interior pocket; Softside structure; Zipper closure; Chain strap handle,4.72 Inches (H) x 7.48 Inches (W) x 1.97 Inches (D),"Quilted Camera Crossbody Bag - A New Day™ Black: Faux Leather, Chain Strap, Softside, Zip Closure, 22.83"" Strap Length A New Day Faux-leather crossbody bag; Features interior pocket; Softside structure; Zipper closure; Chain strap handle Polyurethane",10,https://target.scene7.com/is/image/Target/GUEST_3f95ca26-f69c-4b3c-aaa7-c2909dc3b70a?wid=1200&hei=1200&qlt=85,https://target.scene7.com/is/image/Target/GUEST_3f95ca26-f69c-4b3c-aaa7-c2909dc3b70a?wid=1200&hei=1200&qlt=85 | https://target.scene7.com/is/image/Target/GUEST_35440a1b-c3ff-4c9a-ad62-a73673195853?wid=1200&hei=1200&qlt=85 | https://target.scene7.com/is/image/Target/GUEST_e3610e18-b730-4f6e-af4d-f76b84239cbc?wid=1200&hei=1200&qlt=85 | https://target.scene7.com/is/image/Target/GUEST_6b924201-ce28-40ff-832f-84540f426201?wid=1200&hei=1200&qlt=85 | https://target.scene7.com/is/image/Target/GUEST_3f7f,True,False,Polyurethane,work_tote|value_mass,"Quilted Camera Crossbody Bag - A New Day™ Black: Faux Leather, Chain Strap, Softside, Zip Closure, 22.83"" Strap Length",USD,25.0,,92449937,https://www.target.com/p/elevated-camera-crossbody-bag-a-new-day/-/A-92710285?preselect=92449937#lnk=sametab,79,79,2026-02-23T16:44:52.649734,Mixed,198420256494,,25,Mixed | bag / crossbody | Mid,"Quilted Camera Crossbody Bag - A New Day™ Black: Faux Leather, Chain Strap, Softside, Zip Closure, 22.83"" Strap Length",https://www.target.com/p/elevated-camera-crossbody-bag-a-new-day/-/A-92710285?preselect=92449937#lnk=sametab
In Stock,4.4,Universal Thread,Spot or Wipe Clean,"Target > Clothing, Shoes & Accessories > Accessories > Handbags & Purses > Crossbody & Messenger Bags",Light Beige,"Universal Thread belt bag; Semi-circle shape; Interior and exterior pockets; Zipper closure; Belt-style adjustable, removable strap",6.12 Inches (H) x 10.25 Inches (W) x 3.5 Inches (D),"Belt Crossbody Bag - Universal Thread™ Beige: Cotton Canvas, Adjustable Strap, Solid Pattern, Zip Closure Universal Thread Universal Thread belt bag; Semi-circle shape; Interior and exterior pockets; Zipper closure; Belt-style adjustable, removable strap Cotton",10,https://target.scene7.com/is/image/Target/GUEST_fce194cb-e9cc-4eb6-a271-70193a32b3dc?wid=1200&hei=1200&qlt=85,https://target.scene7.com/is/image/Target/GUEST_fce194cb-e9cc-4eb6-a271-70193a32b3dc?wid=1200&hei=1200&qlt=85 | https://target.scene7.com/is/image/Target/GUEST_35ced37c-069d-43bb-8c74-10f90b22076d?wid=1200&hei=1200&qlt=85 | https://target.scene7.com/is/image/Target/GUEST_a79bf6b4-7a49-4635-9932-2e60c20fcd16?wid=1200&hei=1200&qlt=85 | https://target.scene7.com/is/image/Target/GUEST_76e9dd09-fecf-4c22-a050-bff8f731ca65?wid=1200&hei=1200&qlt=85 | https://target.scene7.com/is/image/Target/GUEST_d042,True,True,Cotton,everyday_crossbody|value_mass,"Belt Crossbody Bag - Universal Thread™ Beige: Cotton Canvas, Adjustable Strap, Solid Pattern, Zip Closure",USD,15.0,20.0,89393333,https://www.target.com/p/belt-bag-universal-thread/-/A-89489985?preselect=89393333#lnk=sametab,641,641,2026-02-23T16:44:52.649734,Mixed,197543801918,,14,Mixed | bag / universal | Mid,"Belt Crossbody Bag - Universal Thread™ Beige: Cotton Canvas, Adjustable Strap, Solid Pattern, Zip Closure",https://www.target.com/p/belt-bag-universal-thread/-/A-89489985?preselect=89393333#lnk=sametab
In Stock,4.6,Universal Thread,Spot or Wipe Clean,"Target > Clothing, Shoes & Accessories > Accessories > Handbags & Purses > Shoulder Bags",Cream/Clear,"Universal Thread tote handbag; Double handles; Zipper closure; Adjustable, detachable straps",5.5 Inches (H) x 9.5 Inches (W) x 3.75 Inches (D),"Foundational Mini Tote Handbag - Universal Thread™ Cream/Clear Universal Thread Universal Thread tote handbag; Double handles; Zipper closure; Adjustable, detachable straps Polyester",10,https://target.scene7.com/is/image/Target/GUEST_e067c89a-b6c7-4108-a35e-81010635beab?wid=1200&hei=1200&qlt=85,https://target.scene7.com/is/image/Target/GUEST_e067c89a-b6c7-4108-a35e-81010635beab?wid=1200&hei=1200&qlt=85 | https://target.scene7.com/is/image/Target/GUEST_b186ef3b-7fd5-47cc-8e3f-66e34acb7e8c?wid=1200&hei=1200&qlt=85 | https://target.scene7.com/is/image/Target/GUEST_c814948d-f8a4-4e44-a5d7-a35f5c9be74a?wid=1200&hei=1200&qlt=85 | https://target.scene7.com/is/image/Target/GUEST_2f8a7569-4aec-48c1-8be2-c875aa81a026?wid=1200&hei=1200&qlt=85 | https://target.scene7.com/is/image/Target/GUEST_254d,True,False,Polyester,everyday_crossbody|value_mass,Foundational Mini Tote Handbag - Universal Thread™ Cream/Clear,USD,20.0,,93719956,https://www.target.com/p/foundational-mini-tote-handbag-universal-thread/-/A-92750862?preselect=93719956#lnk=sametab,190,190,2026-02-23T16:44:52.649734,Mixed,198850338128,,14,Mixed | bag / universal | Mid,Foundational Mini Tote Handbag - Universal Thread™ Cream/Clear,https://www.target.com/p/foundational-mini-tote-handbag-universal-thread/-/A-92750862?preselect=93719956#lnk=sametab
In Stock,0.0,Universal Thread,Do Not Wash,"Target > Clothing, Shoes & Accessories > Accessories > Handbags & Purses > Crossbody & Messenger Bags",,Universal Thread crossbody tote handbag; Straw paper shell; Crochet exterior with side fringes; Spacious main compartment with magnetic closure; Double handles; Detachable and adjustable strap; Forest Stewardship Council Certified,8 Inches (H) x 10.25 Inches (W) x 3.25 Inches (D),Straw Fringe Small Detachable Strap Crossbody Tote Handbag - Universal Thread™ Natural Universal Thread Universal Thread crossbody tote handbag; Straw paper shell; Crochet exterior with side fringes; Spacious main compartment with magnetic closure; Double handles; Detachable and adjustable strap; Forest Stewardship Council Certified Paper,7,https://target.scene7.com/is/image/Target/GUEST_bf7ac9ae-3e4e-4943-bb5c-b72ce6d0cefe?wid=1200&hei=1200&qlt=85,https://target.scene7.com/is/image/Target/GUEST_bf7ac9ae-3e4e-4943-bb5c-b72ce6d0cefe?wid=1200&hei=1200&qlt=85 | https://target.scene7.com/is/image/Target/GUEST_a420c432-db39-4c0e-8597-44f13cc646df?wid=1200&hei=1200&qlt=85 | https://target.scene7.com/is/image/Target/GUEST_d9968330-49d1-411c-b645-66489f87795c?wid=1200&hei=1200&qlt=85 | https://target.scene7.com/is/image/Target/GUEST_14e70467-e9d6-4c41-b9ea-5beebe277504?wid=1200&hei=1200&qlt=85 | https://target.scene7.com/is/image/Target/GUEST_fa2d,True,False,Paper,everyday_crossbody|eco_conscious|value_mass,Straw Fringe Small Detachable Strap Crossbody Tote Handbag - Universal Thread™ Natural,USD,35.0,,94742414,https://www.target.com/p/straw-fringe-small-detachable-strap-crossbody-tote-handbag-universal-thread-8482-natural/-/A-94742414#lnk=sametab,0,0,2026-02-23T16:44:52.649734,Mixed,199268613784,,22,Mixed | straw / bag | Mid,Straw Fringe Small Detachable Strap Crossbody Tote Handbag - Universal Thread™ Natural,https://www.target.com/p/straw-fringe-small-detachable-strap-crossbody-tote-handbag-universal-thread-8482-natural/-/A-94742414#lnk=sametab
In Stock,3.3,Universal Thread,Spot or Wipe Clean,"Target > Clothing, Shoes & Accessories > Accessories > Handbags & Purses > Satchels",Black | Brown,Universal Thread medium satchel handbag; Polyurethane shell; Zippered main compartment; Zippered interior pocket; Detachable and adjustable shoulder strap; Double shoulder handles; Sport cord accent with carabiner hook,9.05 Inches (H) x 3.93 Inches (W) x 13.38 Inches (D),Sport Cord Medium Satchel Handbag - Universal Thread™ Black Universal Thread Universal Thread medium satchel handbag; Polyurethane shell; Zippered main compartment; Zippered interior pocket; Detachable and adjustable shoulder strap; Double shoulder handles; Sport cord accent with carabiner hook Polyurethane,5,https://target.scene7.com/is/image/Target/GUEST_8f2f106b-02bd-4986-9f4d-0a9d0eadff8c?wid=1200&hei=1200&qlt=85,https://target.scene7.com/is/image/Target/GUEST_8f2f106b-02bd-4986-9f4d-0a9d0eadff8c?wid=1200&hei=1200&qlt=85 | https://target.scene7.com/is/image/Target/GUEST_43a2b5a5-8012-484a-8877-e838981e1592?wid=1200&hei=1200&qlt=85 | https://target.scene7.com/is/image/Target/GUEST_d6d0409e-eba1-4041-ab8d-75f884e88edb?wid=1200&hei=1200&qlt=85 | https://target.scene7.com/is/image/Target/GUEST_e3eb52f7-3755-4777-a757-b2143ddc05f8?wid=1200&hei=1200&qlt=85 | https://target.scene7.com/is/image/Target/GUEST_909c,True,False,Polyurethane,everyday_crossbody|value_mass,Sport Cord Medium Satchel Handbag - Universal Thread™ Black,USD,30.0,,94780204,https://www.target.com/p/sport-cord-medium-satchel-handbag-universal-thread/-/A-94810391?preselect=94780204#lnk=sametab,3,3,2026-02-23T16:44:52.649734,Mixed,199592033722,,26,Mixed | handbag / bag | Mid,Sport Cord Medium Satchel Handbag - Universal Thread™ Black,https://www.target.com/p/sport-cord-medium-satchel-handbag-universal-thread/-/A-94810391?preselect=94780204#lnk=sametab
In Stock,4.5,Universal Thread,Spot or Wipe Clean,"Target > Clothing, Shoes & Accessories > Accessories > Handbags & Purses > Shoulder Bags",Black | Green | Navy Blue,Universal Thread carry-all tote handbag; 100% recycled nylon shell; Zippered main compartment; Interior zippered pocket and sleeves; Double handle,11.5 Inches (H) x 18 Inches (W) x 6 Inches (D),Nylon Carry-All Tote Handbag - Universal Thread™ Black Universal Thread Universal Thread carry-all tote handbag; 100% recycled nylon shell; Zippered main compartment; Interior zippered pocket and sleeves; Double handle Polyurethane,7,https://target.scene7.com/is/image/Target/GUEST_2883457b-526b-4aa5-8e6a-27d5d07ee00e?wid=1200&hei=1200&qlt=85,https://target.scene7.com/is/image/Target/GUEST_2883457b-526b-4aa5-8e6a-27d5d07ee00e?wid=1200&hei=1200&qlt=85 | https://target.scene7.com/is/image/Target/GUEST_c5039095-faa5-4ea4-b60f-9ae4d460d4f3?wid=1200&hei=1200&qlt=85 | https://target.scene7.com/is/image/Target/GUEST_3010c709-60e4-4363-add7-ad27c67eb35b?wid=1200&hei=1200&qlt=85 | https://target.scene7.com/is/image/Target/GUEST_4f2fd261-e1b8-4034-b167-7b9eed397a71?wid=1200&hei=1200&qlt=85 | https://target.scene7.com/is/image/Target/GUEST_5be1,True,False,Polyurethane,work_tote|eco_conscious|value_mass,Nylon Carry-All Tote Handbag - Universal Thread™ Black,USD,35.0,,94780224,https://www.target.com/p/nylon-carry-all-tote-handbag-universal-thread/-/A-95144170?preselect=94780224#lnk=sametab,2,2,2026-02-23T16:44:52.649734,Mixed,199592033982,,24,Mixed | tote / universal | Mid,Nylon Carry-All Tote Handbag - Universal Thread™ Black,https://www.target.com/p/nylon-carry-all-tote-handbag-universal-thread/-/A-95144170?preselect=94780224#lnk=sametab
In Stock,5.0,Universal Thread,Spot or Wipe Clean,"Target > Clothing, Shoes & Accessories > Accessories > Handbags & Purses > Satchels",Blue | Brown | Cream | Green,Universal Thread small satchel handbag; Recycled polyester and polyurethane shell; Zippered main compartment; Zippered interior pocket; Detachable and adjustable shoulder strap; Double shoulder handles; Decorative faux-leather fob,5.9 Inches (H) x 2.75 Inches (W) x 10 Inches (D),Small Satchel Handbag - Universal Thread™ Brown Universal Thread Universal Thread small satchel handbag; Recycled polyester and polyurethane shell; Zippered main compartment; Zippered interior pocket; Detachable and adjustable shoulder strap; Double shoulder handles; Decorative faux-leather fob Polyurethane,9,https://target.scene7.com/is/image/Target/GUEST_5dd1bdc5-9a51-4f53-96d6-12000554dee9?wid=1200&hei=1200&qlt=85,https://target.scene7.com/is/image/Target/GUEST_5dd1bdc5-9a51-4f53-96d6-12000554dee9?wid=1200&hei=1200&qlt=85 | https://target.scene7.com/is/image/Target/GUEST_ffb2966f-903d-4fe1-8440-ed34708c0473?wid=1200&hei=1200&qlt=85 | https://target.scene7.com/is/image/Target/GUEST_15653757-e96c-46e9-a0dd-77c55811ba77?wid=1200&hei=1200&qlt=85 | https://target.scene7.com/is/image/Target/GUEST_fd125e1f-b33b-46b5-91ba-4ab92f1ad926?wid=1200&hei=1200&qlt=85 | https://target.scene7.com/is/image/Target/GUEST_0a52,True,False,Polyurethane,everyday_crossbody|eco_conscious|value_mass,Small Satchel Handbag - Universal Thread™ Brown,USD,25.0,,94780207,https://www.target.com/p/small-satchel-handbag-universal-thread/-/A-94810388?preselect=94780207#lnk=sametab,3,3,2026-02-23T16:44:52.649734,Mixed,199592033944,,19,Mixed | universal / bag | Mid,Small Satchel Handbag - Universal Thread™ Brown,https://www.target.com/p/small-satchel-handbag-universal-thread/-/A-94810388?preselect=94780207#lnk=sametab
In Stock,4.8,A New Day,Spot or Wipe Clean,"Target > Clothing, Shoes & Accessories > Accessories > Handbags & Purses > Clutches",Black | Light Brown,Gathered pochette handbag; Polyester shell; Open main compartment; Detachable and adjustable strap; Double strap handles; Metallic linked chain accent with ring,13.5 Inches (H) x 8 Inches (W) x 5 Inches (D),Gathered Pochette Handbag - A New Day™ Light Brown A New Day Gathered pochette handbag; Polyester shell; Open main compartment; Detachable and adjustable strap; Double strap handles; Metallic linked chain accent with ring Polyester,6,https://target.scene7.com/is/image/Target/GUEST_0dcd75d2-bcdd-4852-9694-0daefa3a9c7b?wid=1200&hei=1200&qlt=85,https://target.scene7.com/is/image/Target/GUEST_0dcd75d2-bcdd-4852-9694-0daefa3a9c7b?wid=1200&hei=1200&qlt=85 | https://target.scene7.com/is/image/Target/GUEST_fa28a25b-2f6c-4a2a-a9a8-5e0cd2c4ad0d?wid=1200&hei=1200&qlt=85 | https://target.scene7.com/is/image/Target/GUEST_83f227fc-23b2-4581-bc2f-199fe5fd2c6e?wid=1200&hei=1200&qlt=85 | https://target.scene7.com/is/image/Target/GUEST_bb39614c-200d-41a1-9c49-c680a0f2bdca?wid=1200&hei=1200&qlt=85 | https://target.scene7.com/is/image/Target/GUEST_5527,True,False,Polyester,occasion_glam|micro_mini_impulse|value_mass,Gathered Pochette Handbag - A New Day™ Light Brown,USD,20.0,,94780345,https://www.target.com/p/gathered-pochette-handbag-a-new-day/-/A-94810400?preselect=94780345#lnk=sametab,4,4,2026-02-23T16:44:52.649734,Mixed,199592063521,,19,Mixed | universal / bag | Mid,Gathered Pochette Handbag - A New Day™ Light Brown,https://www.target.com/p/gathered-pochette-handbag-a-new-day/-/A-94810400?preselect=94780345#lnk=sametab
In Stock,4.8,Universal Thread,Spot or Wipe Clean,"Target > Clothing, Shoes & Accessories > Accessories > Handbags & Purses > Crossbody & Messenger Bags",Black,Universal Thread crossbody bag; Straw detailing; Interior zip pocket; Zipper closure; Adjustable strap,5.12 Inches (H) x 9.45 Inches (W) x 3.94 Inches (D),Straw Detail Belt Crossbody Bag - Universal Thread™ Black Universal Thread Universal Thread crossbody bag; Straw detailing; Interior zip pocket; Zipper closure; Adjustable strap Polyethylene,7,https://target.scene7.com/is/image/Target/GUEST_0ac25fbe-89f5-4aca-9347-9bbbf6330563?wid=1200&hei=1200&qlt=85,https://target.scene7.com/is/image/Target/GUEST_0ac25fbe-89f5-4aca-9347-9bbbf6330563?wid=1200&hei=1200&qlt=85 | https://target.scene7.com/is/image/Target/GUEST_42345996-9518-497d-bfb0-1c096e361538?wid=1200&hei=1200&qlt=85 | https://target.scene7.com/is/image/Target/GUEST_61c0dcf8-029d-4df9-aaa9-731ac10ba7b8?wid=1200&hei=1200&qlt=85 | https://target.scene7.com/is/image/Target/GUEST_34b3172d-43c3-429a-bf5f-1a51c3822a07?wid=1200&hei=1200&qlt=85 | https://target.scene7.com/is/image/Target/GUEST_e588,True,False,Polyethylene,everyday_crossbody|value_mass,Straw Detail Belt Crossbody Bag - Universal Thread™ Black,USD,20.0,,89956736,https://www.target.com/p/straw-detail-belt-crossbody-bag-universal-thread/-/A-94741230?preselect=89956736#lnk=sametab,121,121,2026-02-23T16:44:52.649734,Mixed,085239550045,,25,Mixed | bag / crossbody | Mid,Straw Detail Belt Crossbody Bag - Universal Thread™ Black,https://www.target.com/p/straw-detail-belt-crossbody-bag-universal-thread/-/A-94741230?preselect=89956736#lnk=sametab
In Stock,0.0,A New Day,Do Not Wash,"Target > Clothing, Shoes & Accessories > Accessories > Handbags & Purses > Shoulder Bags",,Boxy barrel shoulder bag; Straw paper shell; Crochet exterior; Zippered main compartment; Adjustable shoulder strap; Forest Stewardship Council Certified,4.25 Inches (H) x 8 Inches (W) x 3.5 Inches (D),Straw Mini Boxy Barrel Shoulder Bag - A New Day™ Natural A New Day Boxy barrel shoulder bag; Straw paper shell; Crochet exterior; Zippered main compartment; Adjustable shoulder strap; Forest Stewardship Council Certified Paper,7,https://target.scene7.com/is/image/Target/GUEST_c9376eb5-98d0-4804-af9d-101bd0195df9?wid=1200&hei=1200&qlt=85,https://target.scene7.com/is/image/Target/GUEST_c9376eb5-98d0-4804-af9d-101bd0195df9?wid=1200&hei=1200&qlt=85 | https://target.scene7.com/is/image/Target/GUEST_3a6f25f3-edf1-43d8-9281-c5fc632a8495?wid=1200&hei=1200&qlt=85 | https://target.scene7.com/is/image/Target/GUEST_4f81a71f-0a01-46d3-8725-ff8a746b0dda?wid=1200&hei=1200&qlt=85 | https://target.scene7.com/is/image/Target/GUEST_f2b9019a-f034-4008-a824-3269fe89fe7a?wid=1200&hei=1200&qlt=85 | https://target.scene7.com/is/image/Target/GUEST_33cd,True,False,Paper,micro_mini_impulse|eco_conscious|value_mass,Straw Mini Boxy Barrel Shoulder Bag - A New Day™ Natural,USD,25.0,,94742369,https://www.target.com/p/straw-mini-boxy-barrel-shoulder-bag-a-new-day-8482-natural/-/A-94742369#lnk=sametab,0,0,2026-02-23T16:44:52.649734,Mixed,199268617560,,22,Mixed | straw / bag | Mid,Straw Mini Boxy Barrel Shoulder Bag - A New Day™ Natural,https://www.target.com/p/straw-mini-boxy-barrel-shoulder-bag-a-new-day-8482-natural/-/A-94742369#lnk=sametab
In Stock,4.7,Wild Fable,Spot or Wipe Clean,"Target > Clothing, Shoes & Accessories > Accessories > Handbags & Purses > Crossbody & Messenger Bags",Black,Camera bag; Crossbody style; Interior and exterior pockets; Fold-over top and zipper closure; Adjustable strap,5.5 Inches (H) x 8.25 Inches (W) x 3.75 Inches (D),"Camera Crossbody Bag - Wild Fable™ Black: Adjustable Strap, Solid Pattern, Zip Closure Wild Fable Camera bag; Crossbody style; Interior and exterior pockets; Fold-over top and zipper closure; Adjustable strap 100% Recycled Polyester",9,https://target.scene7.com/is/image/Target/GUEST_1e398e04-890d-4b92-b96f-a6a023323a9b?wid=1200&hei=1200&qlt=85,https://target.scene7.com/is/image/Target/GUEST_1e398e04-890d-4b92-b96f-a6a023323a9b?wid=1200&hei=1200&qlt=85 | https://target.scene7.com/is/image/Target/GUEST_a4605aa0-7a59-4b1d-bce5-32cc2f97c237?wid=1200&hei=1200&qlt=85 | https://target.scene7.com/is/image/Target/GUEST_e8790b8b-3d06-4619-8792-f008b833ac96?wid=1200&hei=1200&qlt=85 | https://target.scene7.com/is/image/Target/GUEST_3ddc6673-76bf-4ed8-9167-5e7b1fa83b06?wid=1200&hei=1200&qlt=85 | https://target.scene7.com/is/image/Target/GUEST_5938,True,False,100% Recycled Polyester,everyday_crossbody|eco_conscious|value_mass,"Camera Crossbody Bag - Wild Fable™ Black: Adjustable Strap, Solid Pattern, Zip Closure",USD,18.0,,90777938,https://www.target.com/p/camera-crossbody-bag-wild-fable/-/A-91029296?preselect=90777938#lnk=sametab,126,126,2026-02-23T16:44:52.649734,Mixed,198101566287,,25,Mixed | bag / crossbody | Mid,"Camera Crossbody Bag - Wild Fable™ Black: Adjustable Strap, Solid Pattern, Zip Closure",https://www.target.com/p/camera-crossbody-bag-wild-fable/-/A-91029296?preselect=90777938#lnk=sametab
In Stock,4.5,A New Day,Spot or Wipe Clean,"Target > Clothing, Shoes & Accessories > Accessories > Handbags & Purses > Shoulder Bags",Black,Lightweight shoulder bag; Made with canvas fabric; Interior pocket; Flap closure; Adjustable strap,7.5 Inches (H) x 9.5 Inches (W) x 2.5 Inches (D),"Flap Shoulder Bag - A New Day™ Black: Shell, Adjustable Strap, Lightweight Design A New Day Lightweight shoulder bag; Made with canvas fabric; Interior pocket; Flap closure; Adjustable strap Polyurethane",10,https://target.scene7.com/is/image/Target/GUEST_4a94a143-9c47-4c8f-a14f-3a31d27fcbee?wid=1200&hei=1200&qlt=85,https://target.scene7.com/is/image/Target/GUEST_4a94a143-9c47-4c8f-a14f-3a31d27fcbee?wid=1200&hei=1200&qlt=85 | https://target.scene7.com/is/image/Target/GUEST_b4679a6a-17e4-441b-8955-b6d69cb3eb23?wid=1200&hei=1200&qlt=85 | https://target.scene7.com/is/image/Target/GUEST_427d3e34-d80b-4ca3-956f-aaf56072b4e3?wid=1200&hei=1200&qlt=85 | https://target.scene7.com/is/image/Target/GUEST_45fb1e46-d72f-4f3e-9602-d614848797f3?wid=1200&hei=1200&qlt=85 | https://target.scene7.com/is/image/Target/GUEST_36fc,True,False,Polyurethane,everyday_crossbody|value_mass,"Flap Shoulder Bag - A New Day™ Black: Shell, Adjustable Strap, Lightweight Design",USD,25.0,,92449952,https://www.target.com/p/flap-shoulder-bag-a-new-day/-/A-92710288?preselect=92449952#lnk=sametab,34,34,2026-02-23T16:44:52.649734,Mixed,198420256654,,25,Mixed | bag / crossbody | Mid,"Flap Shoulder Bag - A New Day™ Black: Shell, Adjustable Strap, Lightweight Design",https://www.target.com/p/flap-shoulder-bag-a-new-day/-/A-92710288?preselect=92449952#lnk=sametab
In Stock,4.7,Wild Fable,Spot or Wipe Clean,"Target > Clothing, Shoes & Accessories > Accessories > Handbags & Purses > Crossbody & Messenger Bags",,Flap sling crossbody bag; Clear design with black strap and edging; Features exterior pocket; Adjustable strap and loop handle; Zipper closure,12.25 Inches (H) x 7 Inches (W) x 3.75 Inches (D),"Flap Sling Crossbody Bag - Wild Fable™ Clear: Lightweight TPU Handbag with Adjustable Strap, Zip Closure, 26"" Max Length Wild Fable Flap sling crossbody bag; Clear design with black strap and edging; Features exterior pocket; Adjustable strap and loop handle; Zipper closure TPU (Thermoplastic Polyurethane)",6,https://target.scene7.com/is/image/Target/GUEST_7239a67c-f0cf-4d0a-8e08-6fe3cfba9905?wid=1200&hei=1200&qlt=85,https://target.scene7.com/is/image/Target/GUEST_7239a67c-f0cf-4d0a-8e08-6fe3cfba9905?wid=1200&hei=1200&qlt=85 | https://target.scene7.com/is/image/Target/GUEST_a4605aa0-7a59-4b1d-bce5-32cc2f97c237?wid=1200&hei=1200&qlt=85 | https://target.scene7.com/is/image/Target/GUEST_c472fa5a-a1b0-4234-9890-5f994376d74d?wid=1200&hei=1200&qlt=85 | https://target.scene7.com/is/image/Target/GUEST_6a3727c2-ba31-4a9c-a332-0fa8a44b7555?wid=1200&hei=1200&qlt=85 | https://target.scene7.com/is/image/Target/GUEST_a1eb,True,False,TPU (Thermoplastic Polyurethane),everyday_crossbody|value_mass,"Flap Sling Crossbody Bag - Wild Fable™ Clear: Lightweight TPU Handbag with Adjustable Strap, Zip Closure, 26"" Max Length",USD,18.0,,90251889,https://www.target.com/p/flap-sling-crossbody-bag-wild-fable-8482-clear/-/A-90251889#lnk=sametab,128,128,2026-02-23T16:44:52.649734,Mixed,085239459119,,26,Mixed | handbag / bag | Mid,"Flap Sling Crossbody Bag - Wild Fable™ Clear: Lightweight TPU Handbag with Adjustable Strap, Zip Closure, 26"" Max Length",https://www.target.com/p/flap-sling-crossbody-bag-wild-fable-8482-clear/-/A-90251889#lnk=sametab
In Stock,0.0,A New Day,Care Instructions Not Provided,"Target > Clothing, Shoes & Accessories > Accessories > Handbags & Purses > Satchels",,Frame satchel handbag; Polyurethane shell; Snake print in brown; Spacious main compartment; Cinched closure; Double handle,8.75 Inches (H) x 6.75 Inches (W) x 3.25 Inches (D),Snake Print Frame Satchel Handbag - A New Day™ Brown A New Day Frame satchel handbag; Polyurethane shell; Snake print in brown; Spacious main compartment; Cinched closure; Double handle Polyurethane,5,https://target.scene7.com/is/image/Target/GUEST_db58e4d2-ec00-4e59-97fd-11ed969ef0ca?wid=1200&hei=1200&qlt=85,https://target.scene7.com/is/image/Target/GUEST_db58e4d2-ec00-4e59-97fd-11ed969ef0ca?wid=1200&hei=1200&qlt=85 | https://target.scene7.com/is/image/Target/GUEST_51b48ffe-0add-4c72-8681-7a30f4f9a63a?wid=1200&hei=1200&qlt=85 | https://target.scene7.com/is/image/Target/GUEST_80146b7d-3f0d-421a-b731-fe9837efc0c3?wid=1200&hei=1200&qlt=85 | https://target.scene7.com/is/image/Target/GUEST_a18db5bc-c983-40c7-9f91-70cfdd98bd5d?wid=1200&hei=1200&qlt=85 | https://target.scene7.com/is/image/Target/GUEST_2a2c,True,False,Polyurethane,statement_fashion|value_mass,Snake Print Frame Satchel Handbag - A New Day™ Brown,USD,25.0,,94780350,https://www.target.com/p/snake-print-frame-satchel-handbag-a-new-day-8482-brown/-/A-94780350#lnk=sametab,0,0,2026-02-23T16:44:52.649734,Mixed,199592063576,,22,Mixed | straw / bag | Mid,Snake Print Frame Satchel Handbag - A New Day™ Brown,https://www.target.com/p/snake-print-frame-satchel-handbag-a-new-day-8482-brown/-/A-94780350#lnk=sametab
In Stock,5.0,A New Day,Spot or Wipe Clean,"Target > Clothing, Shoes & Accessories > Accessories > Handbags & Purses > Shoulder Bags",,Winged tote bag in black; Made from polyurethane; Interior accessories pocket; Magnetic closure; Double handle,11.5 Inches (H) x 21.5 Inches (W) x 7.25 Inches (D),Winged Tote Bag - A New Day™ Black A New Day Winged tote bag in black; Made from polyurethane; Interior accessories pocket; Magnetic closure; Double handle Polyurethane,6,https://target.scene7.com/is/image/Target/GUEST_c79d3048-e24c-44fb-9fa3-63e2aa9e47b2?wid=1200&hei=1200&qlt=85,https://target.scene7.com/is/image/Target/GUEST_c79d3048-e24c-44fb-9fa3-63e2aa9e47b2?wid=1200&hei=1200&qlt=85 | https://target.scene7.com/is/image/Target/GUEST_e7d748c5-9287-40a4-ae7a-30d62879e18c?wid=1200&hei=1200&qlt=85 | https://target.scene7.com/is/image/Target/GUEST_9ce71208-2f45-4922-a5d0-26cab53d3266?wid=1200&hei=1200&qlt=85 | https://target.scene7.com/is/image/Target/GUEST_ef7f2ae0-8304-4d7c-a283-aa806ed7ca4e?wid=1200&hei=1200&qlt=85 | https://target.scene7.com/is/image/Target/GUEST_2b66,True,False,Polyurethane,work_tote|value_mass,Winged Tote Bag - A New Day™ Black,USD,35.0,,94780328,https://www.target.com/p/winged-tote-bag-a-new-day-8482-black/-/A-94780328#lnk=sametab,1,1,2026-02-23T16:44:52.649734,Mixed,199592063354,,24,Mixed | tote / universal | Mid,Winged Tote Bag - A New Day™ Black,https://www.target.com/p/winged-tote-bag-a-new-day-8482-black/-/A-94780328#lnk=sametab
In Stock,4.0,A New Day,Care Instructions Not Provided,"Target > Clothing, Shoes & Accessories > Accessories > Handbags & Purses > Satchels",,Frame satchel handbag in off-white; Polyurethane shell; Raised flowers applique; Spacious main compartment; Cinched closure; Double handle,8.75 Inches (H) x 6.75 Inches (W) x 3.25 Inches (D),Flower Frame Satchel Handbag - A New Day™ White A New Day Frame satchel handbag in off-white; Polyurethane shell; Raised flowers applique; Spacious main compartment; Cinched closure; Double handle Polyurethane,4,https://target.scene7.com/is/image/Target/GUEST_e469df6e-72d3-4257-b3f2-a61c984c28c6?wid=1200&hei=1200&qlt=85,https://target.scene7.com/is/image/Target/GUEST_e469df6e-72d3-4257-b3f2-a61c984c28c6?wid=1200&hei=1200&qlt=85 | https://target.scene7.com/is/image/Target/GUEST_1da12308-3cfb-4333-83e1-102f1ce6084c?wid=1200&hei=1200&qlt=85 | https://target.scene7.com/is/image/Target/GUEST_df9b13d2-8918-4f2d-ad11-d066a27de569?wid=1200&hei=1200&qlt=85 | https://target.scene7.com/is/image/Target/GUEST_575f0402-590e-4d75-89ca-488036c23d4e?wid=1200&hei=1200&qlt=85,True,False,Polyurethane,statement_fashion|value_mass,Flower Frame Satchel Handbag - A New Day™ White,USD,25.0,,94780338,https://www.target.com/p/flower-frame-satchel-handbag-a-new-day-8482-white/-/A-94780338#lnk=sametab,3,3,2026-02-23T16:44:52.649734,Mixed,199592063408,,14,Mixed | bag / universal | Mid,Flower Frame Satchel Handbag - A New Day™ White,https://www.target.com/p/flower-frame-satchel-handbag-a-new-day-8482-white/-/A-94780338#lnk=sametab
In Stock,3.9,A New Day,Spot or Wipe Clean,"Target > Clothing, Shoes & Accessories > Accessories > Handbags & Purses > Crossbody & Messenger Bags",,Clear acrylic crossbody bag; Golden frame and accents; 22.83in chain strap handle; Single compartment; Snap closure,4.33 Inches (H) x 7.08 Inches (W) x 1.97 Inches (D),Clear Minaudiere Crossbody Bag - A New Day™ A New Day Clear acrylic crossbody bag; Golden frame and accents; 22.83in chain strap handle; Single compartment; Snap closure Acrylic,6,https://target.scene7.com/is/image/Target/GUEST_fda50f16-1f2b-4b8f-b490-bed116f27c42?wid=1200&hei=1200&qlt=85,https://target.scene7.com/is/image/Target/GUEST_fda50f16-1f2b-4b8f-b490-bed116f27c42?wid=1200&hei=1200&qlt=85 | https://target.scene7.com/is/image/Target/GUEST_875a69ae-c3de-4703-bdde-bef1d5498865?wid=1200&hei=1200&qlt=85 | https://target.scene7.com/is/image/Target/GUEST_c47df928-24bd-4cde-84b2-faba8c30fae4?wid=1200&hei=1200&qlt=85 | https://target.scene7.com/is/image/Target/GUEST_edd3c89e-9df0-47dc-b5a1-9618d537d5a8?wid=1200&hei=1200&qlt=85 | https://target.scene7.com/is/image/Target/GUEST_953c,True,False,Acrylic,micro_mini_impulse|occasion_glam|gifting_ready,Clear Minaudiere Crossbody Bag - A New Day™,USD,25.0,,94270080,https://www.target.com/p/clear-minaudiere-crossbody-bag-a-new-day-8482/-/A-94270080#lnk=sametab,13,13,2026-02-23T16:44:52.649734,Mixed,198850824096,,25,Mixed | bag / crossbody | Mid,Clear Minaudiere Crossbody Bag - A New Day™,https://www.target.com/p/clear-minaudiere-crossbody-bag-a-new-day-8482/-/A-94270080#lnk=sametab
In Stock,4.7,A New Day,Spot or Wipe Clean,"Target > Clothing, Shoes & Accessories > Accessories > Handbags & Purses > Shoulder Bags",Black | Brown | Tan,Soft shoulder bag in a solid color; Spacious zippered compartment; Zippered interior pocket and cell phone sleeve; Round single handle,17 Inches (H) x 16.25 Inches (W) x 4 Inches (D),Faux Suede Soft Shoulder Bag - A New Day™ Tan A New Day Soft shoulder bag in a solid color; Spacious zippered compartment; Zippered interior pocket and cell phone sleeve; Round single handle Polyester,6,https://target.scene7.com/is/image/Target/GUEST_a881ae80-4b51-49fa-9b4b-0db60536d55a?wid=1200&hei=1200&qlt=85,https://target.scene7.com/is/image/Target/GUEST_a881ae80-4b51-49fa-9b4b-0db60536d55a?wid=1200&hei=1200&qlt=85 | https://target.scene7.com/is/image/Target/GUEST_3f897b45-68b9-4043-87eb-4301e96613eb?wid=1200&hei=1200&qlt=85 | https://target.scene7.com/is/image/Target/GUEST_65bb1ade-7e79-4f89-b2ae-9845fd606f73?wid=1200&hei=1200&qlt=85 | https://target.scene7.com/is/image/Target/GUEST_5ed11859-4c26-4ca6-84f3-6a13417ab363?wid=1200&hei=1200&qlt=85 | https://target.scene7.com/is/image/Target/GUEST_e254,True,False,Polyester,everyday_crossbody|value_mass,Faux Suede Soft Shoulder Bag - A New Day™ Tan,USD,35.0,,94439808,https://www.target.com/p/soft-shoulder-bag-a-new-day/-/A-94594852?preselect=94439808#lnk=sametab,73,73,2026-02-23T16:44:52.649734,Mixed,198420858209,,23,Mixed | bag / crossbody | Mid,Faux Suede Soft Shoulder Bag - A New Day™ Tan,https://www.target.com/p/soft-shoulder-bag-a-new-day/-/A-94594852?preselect=94439808#lnk=sametab
In Stock,4.4,A New Day,Care Instructions Not Provided,"Target > Clothing, Shoes & Accessories > Accessories > Handbags & Purses > Shoulder Bags",Black,"Mini barrel handbag; Boxy design; Woven design; Single, adjustable handle",3.5 Inches (H) x 7.75 Inches (W) x 2 Inches (D),"Mini Boxy Barrel Bag - A New Day™ Black A New Day Mini barrel handbag; Boxy design; Woven design; Single, adjustable handle Polyurethane",6,https://target.scene7.com/is/image/Target/GUEST_125925d4-6932-41f2-b6de-57cc98304777?wid=1200&hei=1200&qlt=85,https://target.scene7.com/is/image/Target/GUEST_125925d4-6932-41f2-b6de-57cc98304777?wid=1200&hei=1200&qlt=85 | https://target.scene7.com/is/image/Target/GUEST_ddc8c77a-bdf6-4d8a-962c-bffe898585ec?wid=1200&hei=1200&qlt=85 | https://target.scene7.com/is/image/Target/GUEST_3e5f82b2-9593-409d-9a2b-6bdec034f82a?wid=1200&hei=1200&qlt=85 | https://target.scene7.com/is/image/Target/GUEST_72c8ce70-27ac-4a9a-b2dc-0812bd1ac65a?wid=1200&hei=1200&qlt=85 | https://target.scene7.com/is/image/Target/GUEST_7e32,True,False,Polyurethane,micro_mini_impulse|value_mass,Mini Boxy Barrel Bag - A New Day™ Black,USD,25.0,,94581665,https://www.target.com/p/mini-boxy-barrel-handbag-a-new-day/-/A-94600429?preselect=94581665#lnk=sametab,17,17,2026-02-23T16:44:52.649734,Mixed,198420889746,,26,Mixed | handbag / bag | Mid,Mini Boxy Barrel Bag - A New Day™ Black,https://www.target.com/p/mini-boxy-barrel-handbag-a-new-day/-/A-94600429?preselect=94581665#lnk=sametab
In Stock,0.0,Shade & Shore,Spot or Wipe Clean,"Target > Clothing, Shoes & Accessories > Accessories > Handbags & Purses > Beach Bags",Multi | Natural,Structured tote bag; Pandan material; Straw woven design; Open main compartment; Shoulder straps,39 Inches (H) x 18 Inches (W) x 6.75 Inches (D),Straw Weave XL Tote Bag - Shade & Shore™ Natural Shade & Shore Structured tote bag; Pandan material; Straw woven design; Open main compartment; Shoulder straps Pandan,7,https://target.scene7.com/is/image/Target/GUEST_21b19898-1542-4789-9253-d14473da0a85?wid=1200&hei=1200&qlt=85,https://target.scene7.com/is/image/Target/GUEST_21b19898-1542-4789-9253-d14473da0a85?wid=1200&hei=1200&qlt=85 | https://target.scene7.com/is/image/Target/GUEST_fdeb92c1-1478-43a8-b15e-9a43bf02abc8?wid=1200&hei=1200&qlt=85 | https://target.scene7.com/is/image/Target/GUEST_da0ecbb8-2033-4e11-9b9b-0107053dab2e?wid=1200&hei=1200&qlt=85 | https://target.scene7.com/is/image/Target/GUEST_36e6c302-4dcb-4c7f-8d81-194e6dae441e?wid=1200&hei=1200&qlt=85 | https://target.scene7.com/is/image/Target/GUEST_6b13,True,False,Pandan,work_tote|minimal_modern|value_mass,Straw Weave XL Tote Bag - Shade & Shore™ Natural,USD,35.0,,94804393,https://www.target.com/p/straw-weave-xl-tote-bag-shade-shore/-/A-94837568?preselect=94804393#lnk=sametab,0,0,2026-02-23T16:44:52.649734,Mixed,199592091289,,22,Mixed | straw / bag | Mid,Straw Weave XL Tote Bag - Shade & Shore™ Natural,https://www.target.com/p/straw-weave-xl-tote-bag-shade-shore/-/A-94837568?preselect=94804393#lnk=sametab
In Stock,4.5,Wild Fable,Spot or Wipe Clean,"Target > Clothing, Shoes & Accessories > Accessories > Handbags & Purses > Crossbody & Messenger Bags",Black | Green | Tan,"Flap sling crossbody bag; 100% recycled polyester; Side pocket, zip pocket; Zipper closure; ̐ Adjustable strap and loop handle",12.25 Inches (H) x 7 Inches (W) x 3.75 Inches (D),"Flap Sling Crossbody Bag - Wild Fable™ Black: Adjustable Strap, Lightweight, Woven Material Wild Fable Flap sling crossbody bag; 100% recycled polyester; Side pocket, zip pocket; Zipper closure; ̐ Adjustable strap and loop handle 100% Recycled Polyester",8,https://target.scene7.com/is/image/Target/GUEST_2f8d4a13-3e17-4bda-9033-99467ca77458?wid=1200&hei=1200&qlt=85,https://target.scene7.com/is/image/Target/GUEST_2f8d4a13-3e17-4bda-9033-99467ca77458?wid=1200&hei=1200&qlt=85 | https://target.scene7.com/is/image/Target/GUEST_a4605aa0-7a59-4b1d-bce5-32cc2f97c237?wid=1200&hei=1200&qlt=85 | https://target.scene7.com/is/image/Target/GUEST_d7f28bd6-9462-4daa-9e84-e7ae4cbd5716?wid=1200&hei=1200&qlt=85 | https://target.scene7.com/is/image/Target/GUEST_2de62849-3f82-4516-96f1-2903f708e2d3?wid=1200&hei=1200&qlt=85 | https://target.scene7.com/is/image/Target/GUEST_3582,True,False,100% Recycled Polyester,everyday_crossbody|eco_conscious|value_mass,"Flap Sling Crossbody Bag - Wild Fable™ Black: Adjustable Strap, Lightweight, Woven Material",USD,18.0,,90251888,https://www.target.com/p/flap-sling-crossbody-bag-wild-fable/-/A-90259913?preselect=90251888#lnk=sametab,190,190,2026-02-23T16:44:52.649734,Mixed,085239459102,,25,Mixed | bag / crossbody | Mid,"Flap Sling Crossbody Bag - Wild Fable™ Black: Adjustable Strap, Lightweight, Woven Material",https://www.target.com/p/flap-sling-crossbody-bag-wild-fable/-/A-90259913?preselect=90251888#lnk=sametab
In Stock,4.4,A New Day,Spot or Wipe Clean,"Target > Clothing, Shoes & Accessories > Accessories > Handbags & Purses > Shoulder Bags",Black | Tan | White,Woven bucket bag; Unstructured design; Interior pocket; Magnetic closure; Single strap,12 Inches (H) x 12 Inches (W) x 4.5 Inches (D),Woven Bucket Bag - A New Day™ Black A New Day Woven bucket bag; Unstructured design; Interior pocket; Magnetic closure; Single strap Polyurethane,6,https://target.scene7.com/is/image/Target/GUEST_99ca77ae-8b4e-4d2b-9d8e-03e84f72ad80?wid=1200&hei=1200&qlt=85,https://target.scene7.com/is/image/Target/GUEST_99ca77ae-8b4e-4d2b-9d8e-03e84f72ad80?wid=1200&hei=1200&qlt=85 | https://target.scene7.com/is/image/Target/GUEST_a36d5c13-8002-4af7-9d82-c88b9c55f6fe?wid=1200&hei=1200&qlt=85 | https://target.scene7.com/is/image/Target/GUEST_7b182698-6a59-428f-8d7b-fc52b06c8501?wid=1200&hei=1200&qlt=85 | https://target.scene7.com/is/image/Target/GUEST_38f4e53e-0425-4709-9d9d-c75bd945ec91?wid=1200&hei=1200&qlt=85 | https://target.scene7.com/is/image/Target/GUEST_6be6,True,False,Polyurethane,weekend_bucket|value_mass,Woven Bucket Bag - A New Day™ Black,USD,30.0,,94180145,https://www.target.com/p/woven-bucket-shoulder-bag-a-new-day/-/A-94247992?preselect=94180145#lnk=sametab,49,49,2026-02-23T16:44:52.649734,Mixed,198850427785,,23,Mixed | bag / crossbody | Mid,Woven Bucket Bag - A New Day™ Black,https://www.target.com/p/woven-bucket-shoulder-bag-a-new-day/-/A-94247992?preselect=94180145#lnk=sametab
In Stock,5.0,A New Day,Spot or Wipe Clean,"Target > Clothing, Shoes & Accessories > Accessories > Handbags & Purses > Satchels",Black | Brown,Slouchy satchel handbag; Polyurethane shell; Zippered main compartment; Interior zippered pocket and sleeves; Strap with metal snap hook; Double shoulder handles,7.5 Inches (H) x 13.5 Inches (W) x 6.25 Inches (D),Slouchy Satchel Handbag - A New Day™ Black A New Day Slouchy satchel handbag; Polyurethane shell; Zippered main compartment; Interior zippered pocket and sleeves; Strap with metal snap hook; Double shoulder handles Polyurethane,5,https://target.scene7.com/is/image/Target/GUEST_b4a9a323-7f6c-4791-b97d-fcc4f11c90c0?wid=1200&hei=1200&qlt=85,https://target.scene7.com/is/image/Target/GUEST_b4a9a323-7f6c-4791-b97d-fcc4f11c90c0?wid=1200&hei=1200&qlt=85 | https://target.scene7.com/is/image/Target/GUEST_b9179f42-16a5-4e14-93dd-731ec49662f7?wid=1200&hei=1200&qlt=85 | https://target.scene7.com/is/image/Target/GUEST_93ee69d9-7337-468e-8411-55acc3b77d71?wid=1200&hei=1200&qlt=85 | https://target.scene7.com/is/image/Target/GUEST_7f4d487f-6974-45ae-814e-365e6f67cc8f?wid=1200&hei=1200&qlt=85 | https://target.scene7.com/is/image/Target/GUEST_c66e,True,False,Polyurethane,work_tote|minimal_modern|value_mass,Slouchy Satchel Handbag - A New Day™ Black,USD,35.0,,94780329,https://www.target.com/p/slouchy-satchel-handbag-a-new-day/-/A-94810414?preselect=94780329#lnk=sametab,1,1,2026-02-23T16:44:52.649734,Mixed,199592063699,,26,Mixed | handbag / bag | Mid,Slouchy Satchel Handbag - A New Day™ Black,https://www.target.com/p/slouchy-satchel-handbag-a-new-day/-/A-94810414?preselect=94780329#lnk=sametab
In Stock,4.2,A New Day,Spot or Wipe Clean,"Target > Clothing, Shoes & Accessories > Accessories > Handbags & Purses > Crossbody & Messenger Bags",Black | Brown,Faux-leather crossbody bag; Structured rectangular silhouette; Flap with magnetic snap closure; 2 compartments and 1 interior zip pocket; Adjustable buckled strap; Polyurethane shell material,5.75 Inches (H) x 9.25 Inches (W) x 2.25 Inches (D),Flap Crossbody Bag - A New Day™ Brown A New Day Faux-leather crossbody bag; Structured rectangular silhouette; Flap with magnetic snap closure; 2 compartments and 1 interior zip pocket; Adjustable buckled strap; Polyurethane shell material Polyurethane,7,https://target.scene7.com/is/image/Target/GUEST_6574748a-6092-4d7e-95fa-1e64a16c5c96?wid=1200&hei=1200&qlt=85,https://target.scene7.com/is/image/Target/GUEST_6574748a-6092-4d7e-95fa-1e64a16c5c96?wid=1200&hei=1200&qlt=85 | https://target.scene7.com/is/image/Target/GUEST_e07621fc-4675-4951-9f62-e0aea4d8ad50?wid=1200&hei=1200&qlt=85 | https://target.scene7.com/is/image/Target/GUEST_264e5ad1-4b4f-404d-b0f6-0570f528657d?wid=1200&hei=1200&qlt=85 | https://target.scene7.com/is/image/Target/GUEST_67e632c3-037f-4f1f-813d-74191a001d9a?wid=1200&hei=1200&qlt=85 | https://target.scene7.com/is/image/Target/GUEST_48d3,True,False,Polyurethane,everyday_crossbody|minimal_modern|value_mass,Flap Crossbody Bag - A New Day™ Brown,USD,30.0,,94439831,https://www.target.com/p/flap-crossbody-bag-a-new-day/-/A-94742804?preselect=94439831#lnk=sametab,18,18,2026-02-23T16:45:36.750988,Mixed,198420858346,,23,Mixed | bag / crossbody | Mid,Flap Crossbody Bag - A New Day™ Brown,https://www.target.com/p/flap-crossbody-bag-a-new-day/-/A-94742804?preselect=94439831#lnk=sametab
In Stock,3.6,A New Day,Spot or Wipe Clean,"Target > Clothing, Shoes & Accessories > Accessories > Handbags & Purses > Clutches",,Organic minaudiere clutch in pearl hue; Acrylic novelty material; Hardside; Snap closure; Removable chain strap handle,4.33 Inches (H) x 8.66 Inches (W) x 2.95 Inches (D),Organic Minaudiere Clutch - A New Day™ Pearl A New Day Organic minaudiere clutch in pearl hue; Acrylic novelty material; Hardside; Snap closure; Removable chain strap handle Acrylic,6,https://target.scene7.com/is/image/Target/GUEST_9928b2d7-180b-4255-83b0-8e8fccff0752?wid=1200&hei=1200&qlt=85,https://target.scene7.com/is/image/Target/GUEST_9928b2d7-180b-4255-83b0-8e8fccff0752?wid=1200&hei=1200&qlt=85 | https://target.scene7.com/is/image/Target/GUEST_e49f448f-c432-4773-988a-975095655b4b?wid=1200&hei=1200&qlt=85 | https://target.scene7.com/is/image/Target/GUEST_ff1be3b1-0297-4b1c-a8ec-d0ee9d07088b?wid=1200&hei=1200&qlt=85 | https://target.scene7.com/is/image/Target/GUEST_c694b165-5299-4ada-beb4-acd13ee6c55c?wid=1200&hei=1200&qlt=85 | https://target.scene7.com/is/image/Target/GUEST_1528,True,False,Acrylic,occasion_glam|statement_fashion|gifting_ready,Organic Minaudiere Clutch - A New Day™ Pearl,USD,35.0,,94451124,https://www.target.com/p/organic-minaudiere-clutch-a-new-day-8482-pearl/-/A-94451124#lnk=sametab,10,10,2026-02-23T16:45:36.750988,Mixed,198420858230,,19,Mixed | universal / bag | Mid,Organic Minaudiere Clutch - A New Day™ Pearl,https://www.target.com/p/organic-minaudiere-clutch-a-new-day-8482-pearl/-/A-94451124#lnk=sametab
In Stock,4.2,A New Day,Care Instructions Not Provided,"Target > Clothing, Shoes & Accessories > Accessories > Handbags & Purses > Shoulder Bags",Black | Brown,Belted tote bag; Made from polyurethane; Features belt accent with buckle; Pinched shoulder straps; Magnetic closure,11.5 Inches (H) x 15.75 Inches (W) x 7.5 Inches (D),Belted Pinched Handle Tote Handbag - A New Day™ Brown A New Day Belted tote bag; Made from polyurethane; Features belt accent with buckle; Pinched shoulder straps; Magnetic closure Polyurethane,6,https://target.scene7.com/is/image/Target/GUEST_07996fc1-8824-4be9-b0c2-2d6ff4401a75?wid=1200&hei=1200&qlt=85,https://target.scene7.com/is/image/Target/GUEST_07996fc1-8824-4be9-b0c2-2d6ff4401a75?wid=1200&hei=1200&qlt=85 | https://target.scene7.com/is/image/Target/GUEST_38dc42ae-35ca-4d8b-9e8c-35ea9a510a3e?wid=1200&hei=1200&qlt=85 | https://target.scene7.com/is/image/Target/GUEST_da082a05-4d97-4b3e-a723-26eefe1b7469?wid=1200&hei=1200&qlt=85 | https://target.scene7.com/is/image/Target/GUEST_b9262d2d-05da-4d01-a06f-aca412d364a5?wid=1200&hei=1200&qlt=85 | https://target.scene7.com/is/image/Target/GUEST_51f1,True,False,Polyurethane,work_tote|minimal_modern|value_mass,Belted Pinched Handle Tote Handbag - A New Day™ Brown,USD,35.0,,94269876,https://www.target.com/p/belted-pinched-handle-tote-handbag-a-new-day/-/A-94436051?preselect=94269876#lnk=sametab,21,21,2026-02-23T16:45:36.750988,Mixed,198850823921,,23,Mixed | bag / crossbody | Mid,Belted Pinched Handle Tote Handbag - A New Day™ Brown,https://www.target.com/p/belted-pinched-handle-tote-handbag-a-new-day/-/A-94436051?preselect=94269876#lnk=sametab
In Stock,4.8,Shade & Shore,Spot or Wipe Clean,"Target > Clothing, Shoes & Accessories > Accessories > Handbags & Purses > Beach Bags",Pink,Open top tote handbag; Mesh design; Front and side pockets; Double handles,16.5 Inches (H) x 18.5 Inches (W) x 6.62 Inches (D),Mesh Tote Handbag - Shade & Shore™ Pink: Polyester Unstructured Beach Bag Shade & Shore Open top tote handbag; Mesh design; Front and side pockets; Double handles Polyester,6,https://target.scene7.com/is/image/Target/GUEST_cb259549-d94d-464b-86d7-98236b291489?wid=1200&hei=1200&qlt=85,https://target.scene7.com/is/image/Target/GUEST_cb259549-d94d-464b-86d7-98236b291489?wid=1200&hei=1200&qlt=85 | https://target.scene7.com/is/image/Target/GUEST_314dced2-c407-4833-8ecb-1635d2e4d1d5?wid=1200&hei=1200&qlt=85 | https://target.scene7.com/is/image/Target/GUEST_329ab00f-77fa-47fb-96d6-101c5d9528a6?wid=1200&hei=1200&qlt=85 | https://target.scene7.com/is/image/Target/GUEST_de2ee023-e474-407c-86e9-59a5ac52dbfa?wid=1200&hei=1200&qlt=85 | https://target.scene7.com/is/image/Target/GUEST_6fec,True,True,Polyester,oversized_carryall|value_mass,Mesh Tote Handbag - Shade & Shore™ Pink: Polyester Unstructured Beach Bag,USD,8.5,10.0,89232044,https://www.target.com/p/mesh-tote-handbag-shade-shore/-/A-89399430?preselect=89232044#lnk=sametab,1031,1031,2026-02-23T16:45:36.750988,Mixed,197543622124,,8,Mixed | tote / bag | Mid,Mesh Tote Handbag - Shade & Shore™ Pink: Polyester Unstructured Beach Bag,https://www.target.com/p/mesh-tote-handbag-shade-shore/-/A-89399430?preselect=89232044#lnk=sametab
In Stock,4.6,A New Day,Care Instructions Not Provided,"Target > Clothing, Shoes & Accessories > Accessories > Handbags & Purses > Shoulder Bags",Black | Brown/Beige | Red,Belted shoulder bag; Made from polyurethane; Belt accent down front; Interior zip and credit card pockets; Adjustable shoulder strap; Magnetic closure,7.5 Inches (H) x 10 Inches (W) x 2.5 Inches (D),Belted Shoulder Handbag - A New Day™ Black A New Day Belted shoulder bag; Made from polyurethane; Belt accent down front; Interior zip and credit card pockets; Adjustable shoulder strap; Magnetic closure Polyurethane,8,https://target.scene7.com/is/image/Target/GUEST_f24e946b-476e-4324-88b5-b2428878fc04?wid=1200&hei=1200&qlt=85,https://target.scene7.com/is/image/Target/GUEST_f24e946b-476e-4324-88b5-b2428878fc04?wid=1200&hei=1200&qlt=85 | https://target.scene7.com/is/image/Target/GUEST_16245cfa-dfbd-46a8-a0ff-54a3d3fa7caf?wid=1200&hei=1200&qlt=85 | https://target.scene7.com/is/image/Target/GUEST_23ceab5e-f271-45be-9fa8-9133b8a55a63?wid=1200&hei=1200&qlt=85 | https://target.scene7.com/is/image/Target/GUEST_acc9d95b-5290-4eb8-bc2f-6ee123f435dc?wid=1200&hei=1200&qlt=85 | https://target.scene7.com/is/image/Target/GUEST_25cf,True,False,Polyurethane,everyday_crossbody|value_mass,Belted Shoulder Handbag - A New Day™ Black,USD,25.0,,94269887,https://www.target.com/p/belted-shoulder-bag-a-new-day/-/A-94436056?preselect=94269887#lnk=sametab,38,38,2026-02-23T16:45:36.750988,Mixed,198850824089,,26,Mixed | handbag / bag | Mid,Belted Shoulder Handbag - A New Day™ Black,https://www.target.com/p/belted-shoulder-bag-a-new-day/-/A-94436056?preselect=94269887#lnk=sametab
In Stock,5.0,Universal Thread,Spot or Wipe Clean,"Target > Clothing, Shoes & Accessories > Accessories > Handbags & Purses > Shoulder Bags",Black | Green,Universal Thread barrel handbag; Polyurethane shell; Zippered main compartment; Zippered interior pocket; Shoulder strap,5.25 Inches (H) x 10.25 Inches (W) x 4 Inches (D),Barrel Shoulder Handbag - Universal Thread™ Black Universal Thread Universal Thread barrel handbag; Polyurethane shell; Zippered main compartment; Zippered interior pocket; Shoulder strap Polyurethane,5,https://target.scene7.com/is/image/Target/GUEST_9b02579c-61b0-4272-b0f5-03ba20faf8f6?wid=1200&hei=1200&qlt=85,https://target.scene7.com/is/image/Target/GUEST_9b02579c-61b0-4272-b0f5-03ba20faf8f6?wid=1200&hei=1200&qlt=85 | https://target.scene7.com/is/image/Target/GUEST_6f41ebb2-993a-4bad-9ecd-c914b1e8abc9?wid=1200&hei=1200&qlt=85 | https://target.scene7.com/is/image/Target/GUEST_25736131-1b8e-4385-84f4-e72270ea1402?wid=1200&hei=1200&qlt=85 | https://target.scene7.com/is/image/Target/GUEST_198dab94-2bde-4297-a407-c967e3d27186?wid=1200&hei=1200&qlt=85 | https://target.scene7.com/is/image/Target/GUEST_7858,True,False,Polyurethane,everyday_crossbody|value_mass,Barrel Shoulder Handbag - Universal Thread™ Black,USD,25.0,,94780206,https://www.target.com/p/barrel-shoulder-handbag-universal-thread/-/A-94810387?preselect=94780206#lnk=sametab,1,1,2026-02-23T16:45:36.750988,Mixed,199592033937,,26,Mixed | handbag / bag | Mid,Barrel Shoulder Handbag - Universal Thread™ Black,https://www.target.com/p/barrel-shoulder-handbag-universal-thread/-/A-94810387?preselect=94780206#lnk=sametab
In Stock,4.7,A New Day,Spot or Wipe Clean,"Target > Clothing, Shoes & Accessories > Accessories > Handbags & Purses > Crossbody & Messenger Bags",Black | Brown,Mini crossbody bag; Main compartment; Made with faux leather; Flap with easy-close fastener; Double handles and an adjustable strap,7.4 Inches (H) x 5.12 Inches (W) x 8.87 Inches (D),Mini Tote Crossbody Bag - A New Day™ Black A New Day Mini crossbody bag; Main compartment; Made with faux leather; Flap with easy-close fastener; Double handles and an adjustable strap Polyethylene,6,https://target.scene7.com/is/image/Target/GUEST_3dadb4ec-c3bb-4915-b70e-b57b536e0179?wid=1200&hei=1200&qlt=85,https://target.scene7.com/is/image/Target/GUEST_3dadb4ec-c3bb-4915-b70e-b57b536e0179?wid=1200&hei=1200&qlt=85 | https://target.scene7.com/is/image/Target/GUEST_94563e40-9ddc-4ad4-b8c4-d15342ff71ab?wid=1200&hei=1200&qlt=85 | https://target.scene7.com/is/image/Target/GUEST_b46c7a97-d358-4e2b-bc50-735676228745?wid=1200&hei=1200&qlt=85 | https://target.scene7.com/is/image/Target/GUEST_b5748e4c-e343-42e8-96f6-84f5629746ff?wid=1200&hei=1200&qlt=85 | https://target.scene7.com/is/image/Target/GUEST_2d6f,True,False,Polyethylene,micro_mini_impulse|value_mass,Mini Tote Crossbody Bag - A New Day™ Black,USD,25.0,,94339710,https://www.target.com/p/mini-tote-crossbody-bag-a-new-day/-/A-94372642?preselect=94339710#lnk=sametab,59,59,2026-02-23T16:45:36.750988,Mixed,198850712294,,26,Mixed | handbag / bag | Mid,Mini Tote Crossbody Bag - A New Day™ Black,https://www.target.com/p/mini-tote-crossbody-bag-a-new-day/-/A-94372642?preselect=94339710#lnk=sametab
In Stock,5.0,Universal Thread,Spot or Wipe Clean,"Target > Clothing, Shoes & Accessories > Accessories > Handbags & Purses > Mini Bags",,Universal Thread mini slouchy handbag; Square patchwork pattern; Knitted polyurethane fabric; Interior accessory and zip pockets; Magnetic closure; Double carrying handles; Removable chain strap handle,5.33 Inches (H) x 9.25 Inches (W) x 3 Inches (D),Square Patchwork Mini Slouchy Chain Handbag - Universal Thread™ Black Universal Thread Universal Thread mini slouchy handbag; Square patchwork pattern; Knitted polyurethane fabric; Interior accessory and zip pockets; Magnetic closure; Double carrying handles; Removable chain strap handle Polyurethane,6,https://target.scene7.com/is/image/Target/GUEST_22aa6b95-70ea-48ee-a08c-5d9d658d228a?wid=1200&hei=1200&qlt=85,https://target.scene7.com/is/image/Target/GUEST_22aa6b95-70ea-48ee-a08c-5d9d658d228a?wid=1200&hei=1200&qlt=85 | https://target.scene7.com/is/image/Target/GUEST_5a015f9c-b652-4f38-9805-d0908e73e63a?wid=1200&hei=1200&qlt=85 | https://target.scene7.com/is/image/Target/GUEST_0cddd1c7-7eec-44bd-80b0-abe664b0e492?wid=1200&hei=1200&qlt=85 | https://target.scene7.com/is/image/Target/GUEST_aa967d24-874b-4679-9a2d-5cd481752dd5?wid=1200&hei=1200&qlt=85 | https://target.scene7.com/is/image/Target/GUEST_ddae,True,False,Polyurethane,micro_mini_impulse|statement_fashion,Square Patchwork Mini Slouchy Chain Handbag - Universal Thread™ Black,USD,30.0,,94687161,https://www.target.com/p/square-patchwork-mini-slouchy-chain-handbag-universal-thread-8482-black/-/A-94687161#lnk=sametab,4,4,2026-02-23T16:45:36.750988,Mixed,199268397943,,26,Mixed | handbag / bag | Mid,Square Patchwork Mini Slouchy Chain Handbag - Universal Thread™ Black,https://www.target.com/p/square-patchwork-mini-slouchy-chain-handbag-universal-thread-8482-black/-/A-94687161#lnk=sametab
In Stock,4.7,A New Day,Care Instructions Not Provided,"Target > Clothing, Shoes & Accessories > Accessories > Handbags & Purses > Clutches",Black | Brown | Red | Tan,Oversized clutch; Made from polyurethane with allover studded design; Unstructured; Cinch closure; Removable chain strap,7.25 Inches (H) x 12 Inches (W) x 3.5 Inches (D),Studded Oversized Clutch - A New Day™ Black A New Day Oversized clutch; Made from polyurethane with allover studded design; Unstructured; Cinch closure; Removable chain strap Polyurethane,6,https://target.scene7.com/is/image/Target/GUEST_ddd159d3-7634-4993-ab23-dbf704de6eb9?wid=1200&hei=1200&qlt=85,https://target.scene7.com/is/image/Target/GUEST_ddd159d3-7634-4993-ab23-dbf704de6eb9?wid=1200&hei=1200&qlt=85 | https://target.scene7.com/is/image/Target/GUEST_004d6db4-5c59-4af3-8d9f-602f1df1f8f7?wid=1200&hei=1200&qlt=85 | https://target.scene7.com/is/image/Target/GUEST_c6c3cd3f-6c60-4ab2-b35e-5e4ff6a42d81?wid=1200&hei=1200&qlt=85 | https://target.scene7.com/is/image/Target/GUEST_13bf8500-5f53-44b8-8c83-9970a55a8c24?wid=1200&hei=1200&qlt=85 | https://target.scene7.com/is/image/Target/GUEST_1f97,True,True,Polyurethane,occasion_glam|statement_fashion,Studded Oversized Clutch - A New Day™ Black,USD,25.5,30.0,94269886,https://www.target.com/p/oversized-clutch-a-new-day/-/A-94436055?preselect=94269886#lnk=sametab,59,59,2026-02-23T16:45:36.750988,Mixed,198850823969,,7,Mixed | wallet / solid | Budget,Studded Oversized Clutch - A New Day™ Black,https://www.target.com/p/oversized-clutch-a-new-day/-/A-94436055?preselect=94269886#lnk=sametab
In Stock,4.3,A New Day,Care Instructions Not Provided,"Target > Clothing, Shoes & Accessories > Accessories > Handbags & Purses > Shoulder Bags",Black | Brown,Bucket shoulder bag; Faux-suede fabric; Unstructured; Magnetic closure; Adjustable shoulder strap,12 Inches (H) x 9.25 Inches (W) x 6.25 Inches (D),Shoulder Bucket Bag - A New Day™ Black A New Day Bucket shoulder bag; Faux-suede fabric; Unstructured; Magnetic closure; Adjustable shoulder strap Polyurethane,7,https://target.scene7.com/is/image/Target/GUEST_88a58131-f212-4dc8-a02c-f3a4ac22922c?wid=1200&hei=1200&qlt=85,https://target.scene7.com/is/image/Target/GUEST_88a58131-f212-4dc8-a02c-f3a4ac22922c?wid=1200&hei=1200&qlt=85 | https://target.scene7.com/is/image/Target/GUEST_24e202a1-7a03-4bcf-8116-a51fd8abe3d1?wid=1200&hei=1200&qlt=85 | https://target.scene7.com/is/image/Target/GUEST_5407f67d-45b6-478a-9399-7a79a32db2fd?wid=1200&hei=1200&qlt=85 | https://target.scene7.com/is/image/Target/GUEST_4bd6b1d9-2783-4e3a-ab76-5dc72fdfa912?wid=1200&hei=1200&qlt=85 | https://target.scene7.com/is/image/Target/GUEST_b408,True,True,Polyurethane,weekend_bucket|minimal_modern,Shoulder Bucket Bag - A New Day™ Black,USD,29.75,35.0,94439815,https://www.target.com/p/shoulder-bucket-bag-a-new-day/-/A-94594846?preselect=94439815#lnk=sametab,51,51,2026-02-23T16:45:36.750988,Mixed,198420858162,,23,Mixed | bag / crossbody | Mid,Shoulder Bucket Bag - A New Day™ Black,https://www.target.com/p/shoulder-bucket-bag-a-new-day/-/A-94594846?preselect=94439815#lnk=sametab
In Stock,4.5,A New Day,Spot or Wipe Clean,"Target > Clothing, Shoes & Accessories > Accessories > Handbags & Purses",Black | Cream,Belted satchel handbag; Woven polyurethane fabric; Unstructured; Accessories and zip pocket; Magnetic closure; Double top handles; Adjustable shoulder strap,9 Inches (H) x 12 Inches (W) x 6.25 Inches (D),"Belted Top Handle Satchel Handbag - A New Day™ Black A New Day Belted satchel handbag; Woven polyurethane fabric; Unstructured; Accessories and zip pocket; Magnetic closure; Double top handles; Adjustable shoulder strap Polyurethane, Polyester",7,https://target.scene7.com/is/image/Target/GUEST_1feee4fd-bc24-4c0f-aa63-1119864f1a1f?wid=1200&hei=1200&qlt=85,https://target.scene7.com/is/image/Target/GUEST_1feee4fd-bc24-4c0f-aa63-1119864f1a1f?wid=1200&hei=1200&qlt=85 | https://target.scene7.com/is/image/Target/GUEST_0500140d-2779-48ab-9ad3-b9d90eb64120?wid=1200&hei=1200&qlt=85 | https://target.scene7.com/is/image/Target/GUEST_a577f62a-215e-4dd6-a28b-dacb298d7b4c?wid=1200&hei=1200&qlt=85 | https://target.scene7.com/is/image/Target/GUEST_b3a8bd07-166c-420e-b498-37dd43ec6452?wid=1200&hei=1200&qlt=85 | https://target.scene7.com/is/image/Target/GUEST_40e7,True,False,"Polyurethane, Polyester",everyday_crossbody|minimal_modern,Belted Top Handle Satchel Handbag - A New Day™ Black,USD,40.0,,94687135,https://www.target.com/p/belted-top-handle-satchel-handbag-a-new-day/-/A-94705889?preselect=94687135#lnk=sametab,8,8,2026-02-23T16:45:36.750988,Mixed,199268397813,,26,Mixed | handbag / bag | Mid,Belted Top Handle Satchel Handbag - A New Day™ Black,https://www.target.com/p/belted-top-handle-satchel-handbag-a-new-day/-/A-94705889?preselect=94687135#lnk=sametab
In Stock,5.0,A New Day,Spot or Wipe Clean,"Target > Clothing, Shoes & Accessories > Accessories > Handbags & Purses > Shoulder Bags",Blue | Pink | White | Yellow,Beaded shoulder bag; Decorative embellished flap; Cotton-polyester blend shell; Magnetic snap; Single handle,5.59 Inches (H) x 9.76 Inches (W) x 2.16 Inches (D),"Floral Embellished Beaded Flap Shoulder Bag - A New Day™ Yellow A New Day Beaded shoulder bag; Decorative embellished flap; Cotton-polyester blend shell; Magnetic snap; Single handle Cotton, Polyester",6,https://target.scene7.com/is/image/Target/GUEST_a9411461-7bd4-4c24-8826-136fdef465f8?wid=1200&hei=1200&qlt=85,https://target.scene7.com/is/image/Target/GUEST_a9411461-7bd4-4c24-8826-136fdef465f8?wid=1200&hei=1200&qlt=85 | https://target.scene7.com/is/image/Target/GUEST_25d5c446-cf29-4c46-a335-f4a7cf9daffd?wid=1200&hei=1200&qlt=85 | https://target.scene7.com/is/image/Target/GUEST_077a2d9e-2bb6-4ec2-8794-29774bfd0c3d?wid=1200&hei=1200&qlt=85 | https://target.scene7.com/is/image/Target/GUEST_ec8c9ef5-db90-47c7-95cf-59efd80da0b2?wid=1200&hei=1200&qlt=85 | https://target.scene7.com/is/image/Target/GUEST_81d8,True,False,"Cotton, Polyester",statement_fashion|occasion_glam,Floral Embellished Beaded Flap Shoulder Bag - A New Day™ Yellow,USD,35.0,,94780332,https://www.target.com/p/embellished-beaded-flap-shoulder-bag-a-new-day/-/A-94810413?preselect=94780332#lnk=sametab,1,1,2026-02-23T16:45:36.750988,Mixed,199592063491,,4,Mixed | girls / crossbody | Upper Mid,Floral Embellished Beaded Flap Shoulder Bag - A New Day™ Yellow,https://www.target.com/p/embellished-beaded-flap-shoulder-bag-a-new-day/-/A-94810413?preselect=94780332#lnk=sametab
In Stock,4.8,Wild Fable,Spot or Wipe Clean,"Target > Clothing, Shoes & Accessories > Accessories > Handbags & Purses > Crossbody & Messenger Bags",Blue | Dark Blue | Dark Gold | Dark Orange | Dark Red | Gold | Green | Light Blue | Light Gold | Maroon | Navy Blue | Orange | Purple | Red | Yellow,Clear crossbody bag; Transparent design in solid color; Made from vinyl; Spacious main compartment with zip closure; Adjustable shoulder strap,5.38 Inches (H) x 8.62 Inches (W) x 3.12 Inches (D),Game Day Clear Crossbody Bag - Wild Fable™ Navy Blue Wild Fable Clear crossbody bag; Transparent design in solid color; Made from vinyl; Spacious main compartment with zip closure; Adjustable shoulder strap TPU (Thermoplastic Polyurethane),7,https://target.scene7.com/is/image/Target/GUEST_3e878346-9482-46e6-8c8a-9e66af458f1f?wid=1200&hei=1200&qlt=85,https://target.scene7.com/is/image/Target/GUEST_3e878346-9482-46e6-8c8a-9e66af458f1f?wid=1200&hei=1200&qlt=85 | https://target.scene7.com/is/image/Target/GUEST_a4605aa0-7a59-4b1d-bce5-32cc2f97c237?wid=1200&hei=1200&qlt=85 | https://target.scene7.com/is/image/Target/GUEST_e9b947bd-c37d-4b3f-a281-7a955d715bd6?wid=1200&hei=1200&qlt=85 | https://target.scene7.com/is/image/Target/GUEST_c4d22878-0d1a-4242-a369-83e4e18a18a6?wid=1200&hei=1200&qlt=85 | https://target.scene7.com/is/image/Target/GUEST_b24d,True,False,TPU (Thermoplastic Polyurethane),everyday_crossbody|value_mass,Game Day Clear Crossbody Bag - Wild Fable™ Navy Blue,USD,15.0,,94269200,https://www.target.com/p/game-day-clear-crossbody-bag-wild-fable/-/A-94425756?preselect=94269200#lnk=sametab,24,24,2026-02-23T16:45:36.750988,Mixed,198850781610,,26,Mixed | handbag / bag | Mid,Game Day Clear Crossbody Bag - Wild Fable™ Navy Blue,https://www.target.com/p/game-day-clear-crossbody-bag-wild-fable/-/A-94425756?preselect=94269200#lnk=sametab
In Stock,4.7,A New Day,Spot or Wipe Clean,"Target > Clothing, Shoes & Accessories > Accessories > Handbags & Purses > Crossbody & Messenger Bags",,Elongated crossbody bag; Exterior and interior pockets; Pushlock closure; Adjustable shoulder strap,5.5 Inches (H) x 9 Inches (W) x 2.5 Inches (D),"Elongated Refined Crossbody Bag - A New Day™ Clear: Shell, Adjustable Strap, Structured Design A New Day Elongated crossbody bag; Exterior and interior pockets; Pushlock closure; Adjustable shoulder strap Polyurethane",7,https://target.scene7.com/is/image/Target/GUEST_eee9abe7-5512-4924-9759-b3f654df0586?wid=1200&hei=1200&qlt=85,https://target.scene7.com/is/image/Target/GUEST_eee9abe7-5512-4924-9759-b3f654df0586?wid=1200&hei=1200&qlt=85 | https://target.scene7.com/is/image/Target/GUEST_d3dc3f66-2269-4552-9f3e-b33065957e6a?wid=1200&hei=1200&qlt=85 | https://target.scene7.com/is/image/Target/GUEST_5a3950a2-6855-42f7-980b-f478e241876d?wid=1200&hei=1200&qlt=85 | https://target.scene7.com/is/image/Target/GUEST_e9975875-0ae7-4ffb-9bbd-2a589a31e199?wid=1200&hei=1200&qlt=85 | https://target.scene7.com/is/image/Target/GUEST_ede2,True,False,Polyurethane,everyday_crossbody|minimal_modern,"Elongated Refined Crossbody Bag - A New Day™ Clear: Shell, Adjustable Strap, Structured Design",USD,30.0,,89956534,https://www.target.com/p/elongated-refined-crossbody-bag-a-new-day-8482-clear/-/A-89956534#lnk=sametab,94,94,2026-02-23T16:45:36.750988,Mixed,085239549568,,25,Mixed | bag / crossbody | Mid,"Elongated Refined Crossbody Bag - A New Day™ Clear: Shell, Adjustable Strap, Structured Design",https://www.target.com/p/elongated-refined-crossbody-bag-a-new-day-8482-clear/-/A-89956534#lnk=sametab
In Stock,4.0,A New Day,Care Instructions Not Provided,"Target > Clothing, Shoes & Accessories > Accessories > Handbags & Purses > Shoulder Bags",,Bucket bag in white; Polyurethane shell; Spacious main compartment; Magnetic closure and drawstring; Adjustable shoulder strap,12 Inches (H) x 9.5 Inches (W) x 5.25 Inches (D),Drawstring Bucket Shoulder Bag - A New Day™ White A New Day Bucket bag in white; Polyurethane shell; Spacious main compartment; Magnetic closure and drawstring; Adjustable shoulder strap Polyurethane,5,https://target.scene7.com/is/image/Target/GUEST_e0b8df1d-072c-4278-b6ae-7a661113efed?wid=1200&hei=1200&qlt=85,https://target.scene7.com/is/image/Target/GUEST_e0b8df1d-072c-4278-b6ae-7a661113efed?wid=1200&hei=1200&qlt=85 | https://target.scene7.com/is/image/Target/GUEST_69f31087-4918-49f2-86ba-e01afe618228?wid=1200&hei=1200&qlt=85 | https://target.scene7.com/is/image/Target/GUEST_542e8d97-2da2-4ee5-b469-b034d433c688?wid=1200&hei=1200&qlt=85 | https://target.scene7.com/is/image/Target/GUEST_1a3cd4e2-1268-415f-b463-e012cd523878?wid=1200&hei=1200&qlt=85 | https://target.scene7.com/is/image/Target/GUEST_3697,True,False,Polyurethane,weekend_bucket|minimal_modern,Drawstring Bucket Shoulder Bag - A New Day™ White,USD,35.0,,94780334,https://www.target.com/p/drawstring-bucket-shoulder-bag-a-new-day-8482-white/-/A-94780334#lnk=sametab,1,1,2026-02-23T16:45:36.750988,Mixed,199592063392,,14,Mixed | bag / universal | Mid,Drawstring Bucket Shoulder Bag - A New Day™ White,https://www.target.com/p/drawstring-bucket-shoulder-bag-a-new-day-8482-white/-/A-94780334#lnk=sametab
In Stock,4.3,A New Day,Spot or Wipe Clean,"Target > Clothing, Shoes & Accessories > Accessories > Handbags & Purses > Crossbody & Messenger Bags",Black | Cream | Pink,Woven crossbody clutch bag with chain strap handle; Polyurethane shell; Hardside bag structure; No interior or exterior compartments; Clasp closure; 22.83in max. strap length; 4.53in H 8.66in W x 1.97in D,4.53 Inches (H) x 8.66 Inches (W) x 1.97 Inches (D),Woven Minaudiere Clutch Crossbody Bag - A New Day™ Black A New Day Woven crossbody clutch bag with chain strap handle; Polyurethane shell; Hardside bag structure; No interior or exterior compartments; Clasp closure; 22.83in max. strap length; 4.53in H 8.66in W x 1.97in D Polyurethane,8,https://target.scene7.com/is/image/Target/GUEST_7a31f73e-c512-41c3-a5dd-bd1b4591b9a9?wid=1200&hei=1200&qlt=85,https://target.scene7.com/is/image/Target/GUEST_7a31f73e-c512-41c3-a5dd-bd1b4591b9a9?wid=1200&hei=1200&qlt=85 | https://target.scene7.com/is/image/Target/GUEST_cb6e01aa-46f5-48d3-ba65-f801162ab208?wid=1200&hei=1200&qlt=85 | https://target.scene7.com/is/image/Target/GUEST_0f83557b-929d-442b-a2d1-70b5b2b805ee?wid=1200&hei=1200&qlt=85 | https://target.scene7.com/is/image/Target/GUEST_da415f43-3b64-4104-8b8b-c5531fcaf051?wid=1200&hei=1200&qlt=85 | https://target.scene7.com/is/image/Target/GUEST_6571,True,False,Polyurethane,occasion_glam|everyday_crossbody,Woven Minaudiere Clutch Crossbody Bag - A New Day™ Black,USD,30.0,,93719493,https://www.target.com/p/woven-minaudiere-clutch-crossbody-bag-a-new-day/-/A-94097219?preselect=93719493#lnk=sametab,22,22,2026-02-23T16:45:36.750988,Mixed,198850338487,,26,Mixed | handbag / bag | Mid,Woven Minaudiere Clutch Crossbody Bag - A New Day™ Black,https://www.target.com/p/woven-minaudiere-clutch-crossbody-bag-a-new-day/-/A-94097219?preselect=93719493#lnk=sametab
In Stock,4.2,Universal Thread,Spot or Wipe Clean,"Target > Clothing, Shoes & Accessories > Accessories > Handbags & Purses > Shoulder Bags",Black | Brown,Universal Thread crescent handbag; Features fringe detailing; Interior pocket; Made of faux suede fabric; Lightweight design; Double handles,8.62 Inches (H) x 11.75 Inches (W) x 3 Inches (D),Soft Fringe Crescent Handbag - Universal Thread™ Brown Universal Thread Universal Thread crescent handbag; Features fringe detailing; Interior pocket; Made of faux suede fabric; Lightweight design; Double handles Polyester,7,https://target.scene7.com/is/image/Target/GUEST_af85a4a3-fb8d-4ce4-9f2f-51b7967a6c2a?wid=1200&hei=1200&qlt=85,https://target.scene7.com/is/image/Target/GUEST_af85a4a3-fb8d-4ce4-9f2f-51b7967a6c2a?wid=1200&hei=1200&qlt=85 | https://target.scene7.com/is/image/Target/GUEST_a9b714d2-bf7c-4609-9279-17f45a6a0e18?wid=1200&hei=1200&qlt=85 | https://target.scene7.com/is/image/Target/GUEST_5909a3d2-8796-44e7-931c-c06ca0c5cd9d?wid=1200&hei=1200&qlt=85 | https://target.scene7.com/is/image/Target/GUEST_00a66f7e-623b-477e-b93f-b2a771e0c976?wid=1200&hei=1200&qlt=85 | https://target.scene7.com/is/image/Target/GUEST_53d4,True,False,Polyester,statement_fashion|minimal_modern,Soft Fringe Crescent Handbag - Universal Thread™ Brown,USD,30.0,,94686078,https://www.target.com/p/soft-fringe-crescent-handbag-universal-thread/-/A-94686073?preselect=94686078#lnk=sametab,31,31,2026-02-23T16:45:36.750988,Mixed,199268320330,,22,Mixed | straw / bag | Mid,Soft Fringe Crescent Handbag - Universal Thread™ Brown,https://www.target.com/p/soft-fringe-crescent-handbag-universal-thread/-/A-94686073?preselect=94686078#lnk=sametab
In Stock,3.7,A New Day,Spot or Wipe Clean,"Target > Clothing, Shoes & Accessories > Accessories > Handbags & Purses > Satchels",,Belted satchel handbag in black; Woven polyurethane fabric; Unstructured; Accessories and zip pocket; Zip closure; Double top handles; Adjustable shoulder strap,9.75 Inches (H) x 16 Inches (W) x 5.5 Inches (D),Belted Satchel Handbag - A New Day™ Black A New Day Belted satchel handbag in black; Woven polyurethane fabric; Unstructured; Accessories and zip pocket; Zip closure; Double top handles; Adjustable shoulder strap Polyurethane,6,https://target.scene7.com/is/image/Target/GUEST_6a728068-0f5f-4b15-bdb8-c51390872b6a?wid=1200&hei=1200&qlt=85,https://target.scene7.com/is/image/Target/GUEST_6a728068-0f5f-4b15-bdb8-c51390872b6a?wid=1200&hei=1200&qlt=85 | https://target.scene7.com/is/image/Target/GUEST_f93fe7f0-462a-4912-8e3d-10688128ab76?wid=1200&hei=1200&qlt=85 | https://target.scene7.com/is/image/Target/GUEST_6f21d870-42bd-4a11-a889-3f3c263dd64d?wid=1200&hei=1200&qlt=85 | https://target.scene7.com/is/image/Target/GUEST_514062f1-55ce-44e7-822d-9a0ebd844f2b?wid=1200&hei=1200&qlt=85 | https://target.scene7.com/is/image/Target/GUEST_553f,True,False,Polyurethane,statement_fashion|minimal_modern,Belted Satchel Handbag - A New Day™ Black,USD,35.0,,94439816,https://www.target.com/p/belted-satchel-handbag-a-new-day-8482-black/-/A-94439816#lnk=sametab,10,10,2026-02-23T16:45:36.750988,Mixed,198420858070,,26,Mixed | handbag / bag | Mid,Belted Satchel Handbag - A New Day™ Black,https://www.target.com/p/belted-satchel-handbag-a-new-day-8482-black/-/A-94439816#lnk=sametab
In Stock,5.0,A New Day,Do Not Wash,"Target > Clothing, Shoes & Accessories > Accessories > Handbags & Purses > Shoulder Bags",,,12 Inches (H) x 24.5 Inches (W) x 5.5 Inches (D),Straw Ruffle Crochet Fan Tote Bag - A New Day™ Natural A New Day Paper Straw,6,https://target.scene7.com/is/image/Target/GUEST_f2846fae-28fe-469c-bc06-f9de4cbc96d8?wid=1200&hei=1200&qlt=85,https://target.scene7.com/is/image/Target/GUEST_f2846fae-28fe-469c-bc06-f9de4cbc96d8?wid=1200&hei=1200&qlt=85 | https://target.scene7.com/is/image/Target/GUEST_89962958-8e08-44a4-9eef-b1973245ec77?wid=1200&hei=1200&qlt=85 | https://target.scene7.com/is/image/Target/GUEST_da3106f5-37cb-4990-9973-7ae1369b47ca?wid=1200&hei=1200&qlt=85 | https://target.scene7.com/is/image/Target/GUEST_4c7cc793-0f7c-410a-9817-533b21d4ce7f?wid=1200&hei=1200&qlt=85 | https://target.scene7.com/is/image/Target/GUEST_3a5a,True,False,Paper Straw,statement_fashion|eco_conscious,Straw Ruffle Crochet Fan Tote Bag - A New Day™ Natural,USD,40.0,,94780356,https://www.target.com/p/straw-ruffle-crochet-fan-tote-bag-a-new-day-8482-natural/-/A-94780356#lnk=sametab,1,1,2026-02-23T16:45:36.750988,Mixed,199592063460,,22,Mixed | straw / bag | Mid,Straw Ruffle Crochet Fan Tote Bag - A New Day™ Natural,https://www.target.com/p/straw-ruffle-crochet-fan-tote-bag-a-new-day-8482-natural/-/A-94780356#lnk=sametab
In Stock,4.5,Universal Thread,Spot or Wipe Clean,"Target > Clothing, Shoes & Accessories > Accessories > Handbags & Purses > Shoulder Bags",Black | Burgundy | Gray,Universal Thread curved shoulder bag; Vinyl fabric; Unstructured; Magnetic closure; Single carrying handle,10.5 Inches (H) x 11 Inches (W) x 2.5 Inches (D),Curved Shoulder Bag - Universal Thread™ Black Universal Thread Universal Thread curved shoulder bag; Vinyl fabric; Unstructured; Magnetic closure; Single carrying handle Polyurethane,7,https://target.scene7.com/is/image/Target/GUEST_269a5799-f51b-4430-bcaa-bf02687b6ccf?wid=1200&hei=1200&qlt=85,https://target.scene7.com/is/image/Target/GUEST_269a5799-f51b-4430-bcaa-bf02687b6ccf?wid=1200&hei=1200&qlt=85 | https://target.scene7.com/is/image/Target/GUEST_8e220fcf-efe9-428d-994b-0b2e394b5c5a?wid=1200&hei=1200&qlt=85 | https://target.scene7.com/is/image/Target/GUEST_0f7ba7b6-34f2-4139-8180-505a1aeaab0e?wid=1200&hei=1200&qlt=85 | https://target.scene7.com/is/image/Target/GUEST_de6ace8e-c6f5-4baf-9550-cbbf0f744f5d?wid=1200&hei=1200&qlt=85 | https://target.scene7.com/is/image/Target/GUEST_d964,True,True,Polyurethane,everyday_crossbody|value_mass,Curved Shoulder Bag - Universal Thread™ Black,USD,16.25,25.0,94440032,https://www.target.com/p/curved-shoulder-bag-universal-thread/-/A-94594861?preselect=94440032#lnk=sametab,32,32,2026-02-23T16:45:36.750988,Mixed,198420864811,,24,Mixed | tote / universal | Mid,Curved Shoulder Bag - Universal Thread™ Black,https://www.target.com/p/curved-shoulder-bag-universal-thread/-/A-94594861?preselect=94440032#lnk=sametab
In Stock,4.7,A New Day,Spot or Wipe Clean,"Target > Clothing, Shoes & Accessories > Accessories > Handbags & Purses",Black | Cream,Unstructured handbag; Gathered detailing; Woven design; Single handle,7 Inches (H) x 9 Inches (W) x 4.75 Inches (D),Gathered Bracelet Handbag - A New Day™ Black A New Day Unstructured handbag; Gathered detailing; Woven design; Single handle Polyurethane,7,https://target.scene7.com/is/image/Target/GUEST_8f4f99f9-ba8c-49b0-aa3d-6cf9b88112dd?wid=1200&hei=1200&qlt=85,https://target.scene7.com/is/image/Target/GUEST_8f4f99f9-ba8c-49b0-aa3d-6cf9b88112dd?wid=1200&hei=1200&qlt=85 | https://target.scene7.com/is/image/Target/GUEST_6dd0e93d-5348-4e55-9775-41c1384dfa84?wid=1200&hei=1200&qlt=85 | https://target.scene7.com/is/image/Target/GUEST_19fa54d2-ddd2-43db-aebb-f273a7f231c2?wid=1200&hei=1200&qlt=85 | https://target.scene7.com/is/image/Target/GUEST_b81bca7a-02de-475b-8deb-9eeffb1b7e85?wid=1200&hei=1200&qlt=85 | https://target.scene7.com/is/image/Target/GUEST_326c,True,True,Polyurethane,value_mass|weekend_bucket,Gathered Bracelet Handbag - A New Day™ Black,USD,15.0,20.0,94439807,https://www.target.com/p/gathered-bracelet-handbag-a-new-day/-/A-94594849?preselect=94439807#lnk=sametab,27,27,2026-02-23T16:45:36.750988,Mixed,198420858322,,26,Mixed | handbag / bag | Mid,Gathered Bracelet Handbag - A New Day™ Black,https://www.target.com/p/gathered-bracelet-handbag-a-new-day/-/A-94594849?preselect=94439807#lnk=sametab
In Stock,5.0,Universal Thread,Spot or Wipe Clean,"Target > Clothing, Shoes & Accessories > Accessories > Handbags & Purses > Crossbody & Messenger Bags",Berry Red | Black | Brown,Universal Thread mini bucket crossbody handbag; Faux-leather fabric; Spacious interior with magnetic closure; Carrying handle; Removable strap; Unstructured design,7.25 Inches (H) x 8.75 Inches (W) x 3 Inches (D),Studded Handle Mini Bucket Crossbody Handbag - Universal Thread™ Brown Universal Thread Universal Thread mini bucket crossbody handbag; Faux-leather fabric; Spacious interior with magnetic closure; Carrying handle; Removable strap; Unstructured design Polyester,5,https://target.scene7.com/is/image/Target/GUEST_6e0a1afb-c350-4a2e-bc4c-10eaf8c469c5?wid=1200&hei=1200&qlt=85,https://target.scene7.com/is/image/Target/GUEST_6e0a1afb-c350-4a2e-bc4c-10eaf8c469c5?wid=1200&hei=1200&qlt=85 | https://target.scene7.com/is/image/Target/GUEST_8e74b133-1916-4cdc-a918-de5005dc824b?wid=1200&hei=1200&qlt=85 | https://target.scene7.com/is/image/Target/GUEST_7fe33c75-bc3e-4cba-8c8e-44b90e2bb633?wid=1200&hei=1200&qlt=85 | https://target.scene7.com/is/image/Target/GUEST_d78d19ec-1da9-4ecd-bbd7-44d88eeace4a?wid=1200&hei=1200&qlt=85 | https://target.scene7.com/is/image/Target/GUEST_a6f6,True,False,Polyester,micro_mini_impulse|everyday_crossbody,Studded Handle Mini Bucket Crossbody Handbag - Universal Thread™ Brown,USD,25.0,,94780199,https://www.target.com/p/handle-mini-bucket-crossbody-handbag-universal-thread/-/A-94810394?preselect=94780199#lnk=sametab,1,1,2026-02-23T16:45:36.750988,Mixed,199592033975,,19,Mixed | universal / bag | Mid,Studded Handle Mini Bucket Crossbody Handbag - Universal Thread™ Brown,https://www.target.com/p/handle-mini-bucket-crossbody-handbag-universal-thread/-/A-94810394?preselect=94780199#lnk=sametab
In Stock,0.0,A New Day,Do Not Wash,"Target > Clothing, Shoes & Accessories > Accessories > Handbags & Purses > Shoulder Bags",,,10.5 Inches (H) x 8.5 Inches (W) x 5.5 Inches (D),Straw Floral Embroidered Bucket Top Handle Bag - A New Day™ Natural A New Day Paper,7,https://target.scene7.com/is/image/Target/GUEST_0136068a-4b2b-4fc0-8c6d-6183f4f46901?wid=1200&hei=1200&qlt=85,https://target.scene7.com/is/image/Target/GUEST_0136068a-4b2b-4fc0-8c6d-6183f4f46901?wid=1200&hei=1200&qlt=85 | https://target.scene7.com/is/image/Target/GUEST_fca5b53a-b457-456b-8846-69457d871f99?wid=1200&hei=1200&qlt=85 | https://target.scene7.com/is/image/Target/GUEST_5c40c45e-262f-4857-8498-5baed07be34c?wid=1200&hei=1200&qlt=85 | https://target.scene7.com/is/image/Target/GUEST_7cfdf490-8fc7-44b9-8fd8-94c73026c34f?wid=1200&hei=1200&qlt=85 | https://target.scene7.com/is/image/Target/GUEST_1602,True,False,Paper,weekend_bucket|statement_fashion,Straw Floral Embroidered Bucket Top Handle Bag - A New Day™ Natural,USD,30.0,,94747208,https://www.target.com/p/straw-floral-embroidered-bucket-top-handle-bag-a-new-day-8482-natural/-/A-94747208#lnk=sametab,0,0,2026-02-23T16:45:36.750988,Mixed,199268617584,,22,Mixed | straw / bag | Mid,Straw Floral Embroidered Bucket Top Handle Bag - A New Day™ Natural,https://www.target.com/p/straw-floral-embroidered-bucket-top-handle-bag-a-new-day-8482-natural/-/A-94747208#lnk=sametab
In Stock,4.7,A New Day,Spot or Wipe Clean,"Target > Clothing, Shoes & Accessories > Accessories > Handbags & Purses > Shoulder Bags",,Embellished flap shoulder bag; Black hue; Made from polyester velvet fabric; Single handle; Flap closure; Unstructured,5.59 Inches (H) x 9.76 Inches (W) x 2.16 Inches (D),Embellished Flap Shoulder Bag - A New Day™ Black A New Day Embellished flap shoulder bag; Black hue; Made from polyester velvet fabric; Single handle; Flap closure; Unstructured Polyester,6,https://target.scene7.com/is/image/Target/GUEST_35d010bb-faf4-48ce-89ac-28f2279b201e?wid=1200&hei=1200&qlt=85,https://target.scene7.com/is/image/Target/GUEST_35d010bb-faf4-48ce-89ac-28f2279b201e?wid=1200&hei=1200&qlt=85 | https://target.scene7.com/is/image/Target/GUEST_f4b14dd6-92e4-4577-8a13-a146e5553ecf?wid=1200&hei=1200&qlt=85 | https://target.scene7.com/is/image/Target/GUEST_89ce4da9-4af5-42d7-9851-4af27af5612d?wid=1200&hei=1200&qlt=85 | https://target.scene7.com/is/image/Target/GUEST_9c17626d-8a4f-4cae-96e6-da06b893c6cd?wid=1200&hei=1200&qlt=85 | https://target.scene7.com/is/image/Target/GUEST_bd7a,True,True,Polyester,statement_fashion|occasion_glam,Embellished Flap Shoulder Bag - A New Day™ Black,USD,28.0,35.0,94687144,https://www.target.com/p/embellished-flap-shoulder-bag-a-new-day-8482-black/-/A-94687144#lnk=sametab,20,20,2026-02-23T16:45:36.750988,Mixed,199268397837,,26,Mixed | handbag / bag | Mid,Embellished Flap Shoulder Bag - A New Day™ Black,https://www.target.com/p/embellished-flap-shoulder-bag-a-new-day-8482-black/-/A-94687144#lnk=sametab
In Stock,5.0,Universal Thread,Do Not Wash,"Target > Clothing, Shoes & Accessories > Accessories > Handbags & Purses > Shoulder Bags",,,7.1 Inches (H) x 6.3 Inches (W) x 5 Inches (D),Straw Drawstring Bucket Handbag - Universal Thread™ Natural Universal Thread Paper,7,https://target.scene7.com/is/image/Target/GUEST_32bda9ef-1e0d-46ff-9cce-21380d955c2e?wid=1200&hei=1200&qlt=85,https://target.scene7.com/is/image/Target/GUEST_32bda9ef-1e0d-46ff-9cce-21380d955c2e?wid=1200&hei=1200&qlt=85 | https://target.scene7.com/is/image/Target/GUEST_cfdcea3f-98c8-4c31-9871-23f422c4b515?wid=1200&hei=1200&qlt=85 | https://target.scene7.com/is/image/Target/GUEST_25654bd3-1595-45fe-95d7-4712bcc67a40?wid=1200&hei=1200&qlt=85 | https://target.scene7.com/is/image/Target/GUEST_0dbed7fa-7d82-4835-8261-a1330a0164d4?wid=1200&hei=1200&qlt=85 | https://target.scene7.com/is/image/Target/GUEST_38a8,True,False,Paper,weekend_bucket|statement_fashion,Straw Drawstring Bucket Handbag - Universal Thread™ Natural,USD,25.0,,94755266,https://www.target.com/p/straw-drawstring-bucket-handbag-universal-thread-8482-natural/-/A-94755266#lnk=sametab,3,3,2026-02-23T16:45:31.455708,Mixed,199268613722,,22,Mixed | straw / bag | Mid,Straw Drawstring Bucket Handbag - Universal Thread™ Natural,https://www.target.com/p/straw-drawstring-bucket-handbag-universal-thread-8482-natural/-/A-94755266#lnk=sametab
In Stock,4.4,Universal Thread,Spot or Wipe Clean,"Target > Clothing, Shoes & Accessories > Accessories > Handbags & Purses > Crossbody & Messenger Bags",Off-White,Universal Thread sling crossbody bag; Features interior pocket; Zipper closure; Removable strap,7 Inches (H) x 14.5 Inches (W) x 3.25 Inches (D),"Essential Sling Crossbody Bag - Universal Thread™ Off-White: Detachable Strap, 45.5"" Max Length Universal Thread Universal Thread sling crossbody bag; Features interior pocket; Zipper closure; Removable strap Polyurethane",6,https://target.scene7.com/is/image/Target/GUEST_629a321d-e79b-45b9-92b9-818e3fffab69?wid=1200&hei=1200&qlt=85,https://target.scene7.com/is/image/Target/GUEST_629a321d-e79b-45b9-92b9-818e3fffab69?wid=1200&hei=1200&qlt=85 | https://target.scene7.com/is/image/Target/GUEST_6bc22365-d000-4652-9643-7eb7aeb38215?wid=1200&hei=1200&qlt=85 | https://target.scene7.com/is/image/Target/GUEST_1b0a5770-1512-41bd-8796-cc7db0b1c9d2?wid=1200&hei=1200&qlt=85 | https://target.scene7.com/is/image/Target/GUEST_da89e31a-1bcc-4696-8816-9965a8c93536?wid=1200&hei=1200&qlt=85 | https://target.scene7.com/is/image/Target/GUEST_2bc3,True,True,Polyurethane,everyday_crossbody|value_mass,"Essential Sling Crossbody Bag - Universal Thread™ Off-White: Detachable Strap, 45.5"" Max Length",USD,13.0,20.0,92450026,https://www.target.com/p/elevated-sling-crossbody-bag-universal-thread/-/A-92750859?preselect=92450026#lnk=sametab,51,51,2026-02-23T16:45:31.455708,Mixed,198420262969,,14,Mixed | bag / universal | Mid,"Essential Sling Crossbody Bag - Universal Thread™ Off-White: Detachable Strap, 45.5"" Max Length",https://www.target.com/p/elevated-sling-crossbody-bag-universal-thread/-/A-92750859?preselect=92450026#lnk=sametab
In Stock,0.0,A New Day,Do Not Wash,"Target > Clothing, Shoes & Accessories > Accessories > Handbags & Purses > Shoulder Bags",,,16.5 Inches (H) x 12.75 Inches (W) x 2 Inches (D),Straw Oval Shoulder Bag - A New Day™ Tan A New Day Paper,6,https://target.scene7.com/is/image/Target/GUEST_16569acb-158d-4552-9846-3a8fd78352d6?wid=1200&hei=1200&qlt=85,https://target.scene7.com/is/image/Target/GUEST_16569acb-158d-4552-9846-3a8fd78352d6?wid=1200&hei=1200&qlt=85 | https://target.scene7.com/is/image/Target/GUEST_ef1dfbaa-faff-4b58-bd75-005eae906dc4?wid=1200&hei=1200&qlt=85 | https://target.scene7.com/is/image/Target/GUEST_e9124985-2466-4f08-b367-9b04bbf2bcb7?wid=1200&hei=1200&qlt=85 | https://target.scene7.com/is/image/Target/GUEST_a77259f0-20ef-4315-80bd-d1269f7179aa?wid=1200&hei=1200&qlt=85 | https://target.scene7.com/is/image/Target/GUEST_a8c2,True,False,Paper,statement_fashion|weekend_bucket,Straw Oval Shoulder Bag - A New Day™ Tan,USD,30.0,,94742368,https://www.target.com/p/straw-oval-shoulder-bag-a-new-day-8482-tan/-/A-94742368#lnk=sametab,0,0,2026-02-23T16:45:31.455708,Mixed,199268617683,,22,Mixed | straw / bag | Mid,Straw Oval Shoulder Bag - A New Day™ Tan,https://www.target.com/p/straw-oval-shoulder-bag-a-new-day-8482-tan/-/A-94742368#lnk=sametab
In Stock,5.0,A New Day,Spot or Wipe Clean,"Target > Clothing, Shoes & Accessories > Accessories > Handbags & Purses > Clutches",Black | Brown | Off-White,Foldover clutch; Polyurethane vinyl fabric; Unstructured; Interior zipper pocket; Detachable metal chain; Magnetic closure,7 Inches (H) x 11.25 Inches (W) x 3.25 Inches (D),Woven Fold Over Clutch - A New Day™ Off-White A New Day Foldover clutch; Polyurethane vinyl fabric; Unstructured; Interior zipper pocket; Detachable metal chain; Magnetic closure Polyurethane,5,https://target.scene7.com/is/image/Target/GUEST_83dc0297-00ca-464f-b596-d57a1e87f6de?wid=1200&hei=1200&qlt=85,https://target.scene7.com/is/image/Target/GUEST_83dc0297-00ca-464f-b596-d57a1e87f6de?wid=1200&hei=1200&qlt=85 | https://target.scene7.com/is/image/Target/GUEST_dcb45123-65d2-4d23-b048-9901d616df44?wid=1200&hei=1200&qlt=85 | https://target.scene7.com/is/image/Target/GUEST_c7629349-28d7-4e5c-beeb-4a067f0ed963?wid=1200&hei=1200&qlt=85 | https://target.scene7.com/is/image/Target/GUEST_16dffe53-a9a6-499f-86ec-954a2fd6af56?wid=1200&hei=1200&qlt=85 | https://target.scene7.com/is/image/Target/GUEST_a674,True,False,Polyurethane,occasion_glam|gifting_ready,Woven Fold Over Clutch - A New Day™ Off-White,USD,25.0,,94780331,https://www.target.com/p/fold-over-clutch-a-new-day/-/A-94810412?preselect=94780331#lnk=sametab,1,1,2026-02-23T16:45:31.455708,Mixed,199592063682,,14,Mixed | bag / universal | Mid,Woven Fold Over Clutch - A New Day™ Off-White,https://www.target.com/p/fold-over-clutch-a-new-day/-/A-94810412?preselect=94780331#lnk=sametab
In Stock,5.0,A New Day,Spot or Wipe Clean,"Target > Clothing, Shoes & Accessories > Accessories > Handbags & Purses > Clutches",,Organic minaudiere clutch; Acrylic fabric; Hardside; Snap closure; Removable chain strap handle,4.33 Inches (H) x 8.66 Inches (W) x 2.95 Inches (D),Organic Minaudiere Clutch - A New Day™ Black/Gold A New Day Organic minaudiere clutch; Acrylic fabric; Hardside; Snap closure; Removable chain strap handle Acrylic,6,https://target.scene7.com/is/image/Target/GUEST_434f0c63-651b-4a09-918e-3dba35c7da99?wid=1200&hei=1200&qlt=85,https://target.scene7.com/is/image/Target/GUEST_434f0c63-651b-4a09-918e-3dba35c7da99?wid=1200&hei=1200&qlt=85 | https://target.scene7.com/is/image/Target/GUEST_2dcb7906-fb82-4ffe-9c2a-18006e5a4214?wid=1200&hei=1200&qlt=85 | https://target.scene7.com/is/image/Target/GUEST_3ee02ff6-2d94-4968-9fb1-94fe476a7257?wid=1200&hei=1200&qlt=85 | https://target.scene7.com/is/image/Target/GUEST_a6d21c44-3263-4f81-8520-72a6b939cda6?wid=1200&hei=1200&qlt=85 | https://target.scene7.com/is/image/Target/GUEST_5aeb,True,False,Acrylic,occasion_glam|gifting_ready,Organic Minaudiere Clutch - A New Day™ Black/Gold,USD,35.0,,94451127,https://www.target.com/p/organic-minaudiere-clutch-a-new-day-8482-black-gold/-/A-94451127#lnk=sametab,4,4,2026-02-23T16:45:31.455708,Mixed,198420858100,,11,Mixed | bag / charm | Budget,Organic Minaudiere Clutch - A New Day™ Black/Gold,https://www.target.com/p/organic-minaudiere-clutch-a-new-day-8482-black-gold/-/A-94451127#lnk=sametab
In Stock,3.9,A New Day,Spot or Wipe Clean,"Target > Clothing, Shoes & Accessories > Accessories > Handbags & Purses > Clutches",,Minaudiere clutch crossbody bag; Leopard pattern; Polyester woven fabric; Hardside; Latch closure; Removable chain strap handle,4.53 Inches (H) x 8.66 Inches (W) x 1.97 Inches (D),Minaudiere Clutch Crossbody Bag - A New Day™ Leopard A New Day Minaudiere clutch crossbody bag; Leopard pattern; Polyester woven fabric; Hardside; Latch closure; Removable chain strap handle Polyester,6,https://target.scene7.com/is/image/Target/GUEST_eceed7b1-d812-494f-99c8-2853bd7a4657?wid=1200&hei=1200&qlt=85,https://target.scene7.com/is/image/Target/GUEST_eceed7b1-d812-494f-99c8-2853bd7a4657?wid=1200&hei=1200&qlt=85 | https://target.scene7.com/is/image/Target/GUEST_ee125dc0-cf87-49bf-876a-463b85a3530c?wid=1200&hei=1200&qlt=85 | https://target.scene7.com/is/image/Target/GUEST_b44ce3a0-d41c-469b-a3f0-671f031ff63b?wid=1200&hei=1200&qlt=85 | https://target.scene7.com/is/image/Target/GUEST_89043c79-e235-4124-8809-de0afa729151?wid=1200&hei=1200&qlt=85 | https://target.scene7.com/is/image/Target/GUEST_f5e7,True,False,Polyester,occasion_glam|value_mass,Minaudiere Clutch Crossbody Bag - A New Day™ Leopard,USD,30.0,,94451126,https://www.target.com/p/minaudiere-clutch-crossbody-bag-a-new-day-8482-leopard/-/A-94451126#lnk=sametab,10,10,2026-02-23T16:45:31.455708,Mixed,198420858285,,19,Mixed | universal / bag | Mid,Minaudiere Clutch Crossbody Bag - A New Day™ Leopard,https://www.target.com/p/minaudiere-clutch-crossbody-bag-a-new-day-8482-leopard/-/A-94451126#lnk=sametab
In Stock,4.5,Universal Thread,Spot or Wipe Clean,"Target > Clothing, Shoes & Accessories > Accessories > Handbags & Purses > Crossbody & Messenger Bags",Leopard,Crescent sling bag; Features interior pocket; Zipper closure; Lightweight design; Adjustable strap,7.08 Inches (H) x 10.98 Inches (W) x 3.94 Inches (D),Essential Crescent Sling Crossbody Bag - Universal Thread™ Leopard Universal Thread Crescent sling bag; Features interior pocket; Zipper closure; Lightweight design; Adjustable strap 100% Recycled Polyester,6,https://target.scene7.com/is/image/Target/GUEST_a795c5c8-5059-487b-9311-c0cb5e47a1ab?wid=1200&hei=1200&qlt=85,https://target.scene7.com/is/image/Target/GUEST_a795c5c8-5059-487b-9311-c0cb5e47a1ab?wid=1200&hei=1200&qlt=85 | https://target.scene7.com/is/image/Target/GUEST_52a8a66c-f9cf-4b4a-a4b3-63e59249294f?wid=1200&hei=1200&qlt=85 | https://target.scene7.com/is/image/Target/GUEST_68aa20c1-83a2-4428-ac01-b69286fb8369?wid=1200&hei=1200&qlt=85 | https://target.scene7.com/is/image/Target/GUEST_320f68a2-06e3-4608-8931-548089143edc?wid=1200&hei=1200&qlt=85 | https://target.scene7.com/is/image/Target/GUEST_e46a,True,True,100% Recycled Polyester,everyday_crossbody|eco_conscious|value_mass,Essential Crescent Sling Crossbody Bag - Universal Thread™ Leopard,USD,12.75,15.0,94407650,https://www.target.com/p/elevated-crescent-sling-crossbody-bag-universal-thread/-/A-92750858?preselect=94407650#lnk=sametab,97,97,2026-02-23T16:45:31.455708,Mixed,198850801127,,25,Mixed | bag / crossbody | Mid,Essential Crescent Sling Crossbody Bag - Universal Thread™ Leopard,https://www.target.com/p/elevated-crescent-sling-crossbody-bag-universal-thread/-/A-92750858?preselect=94407650#lnk=sametab
In Stock,4.6,A New Day,Spot or Wipe Clean,"Target > Clothing, Shoes & Accessories > Accessories > Handbags & Purses > Shoulder Bags",Black | Brown | Green,Metal handle bag; Crescent shape; Zipper closure; Single handle,10.25 Inches (H) x 13 Inches (W) x 3.5 Inches (D),Metal Handle Crescent Saddle Handbag - A New Day™ Black A New Day Metal handle bag; Crescent shape; Zipper closure; Single handle Metal,6,https://target.scene7.com/is/image/Target/GUEST_f40ea3a1-34f3-438d-affd-36f22840eabd?wid=1200&hei=1200&qlt=85,https://target.scene7.com/is/image/Target/GUEST_f40ea3a1-34f3-438d-affd-36f22840eabd?wid=1200&hei=1200&qlt=85 | https://target.scene7.com/is/image/Target/GUEST_08f74b7e-9da0-4a0f-8d43-54b30417fc98?wid=1200&hei=1200&qlt=85 | https://target.scene7.com/is/image/Target/GUEST_5a153e01-603d-4d7b-a540-266e7e7733da?wid=1200&hei=1200&qlt=85 | https://target.scene7.com/is/image/Target/GUEST_9b3a6f5d-8ad9-4576-8616-6f368c789118?wid=1200&hei=1200&qlt=85 | https://target.scene7.com/is/image/Target/GUEST_fa55,True,True,Metal,minimal_modern|value_mass,Metal Handle Crescent Saddle Handbag - A New Day™ Black,USD,19.5,30.0,94439820,https://www.target.com/p/metal-handle-crescent-handbag-a-new-day/-/A-94594850?preselect=94439820#lnk=sametab,31,31,2026-02-23T16:45:31.455708,Mixed,198420858117,,26,Mixed | handbag / bag | Mid,Metal Handle Crescent Saddle Handbag - A New Day™ Black,https://www.target.com/p/metal-handle-crescent-handbag-a-new-day/-/A-94594850?preselect=94439820#lnk=sametab
In Stock,5.0,Universal Thread,Spot or Wipe Clean,"Target > Clothing, Shoes & Accessories > Accessories > Handbags & Purses > Mini Bags",,Universal Thread mini slouchy handbag; Studded detailing; Faux-suede fabric; Accessory and zip pockets; Magnetic closure; Double carrying handles; Removable chain strap handle,5.33 Inches (H) x 9.25 Inches (W) x 3 Inches (D),Faux Suede Mini Studded Slouchy Chain Handbag - Universal Thread™ Tan Universal Thread Universal Thread mini slouchy handbag; Studded detailing; Faux-suede fabric; Accessory and zip pockets; Magnetic closure; Double carrying handles; Removable chain strap handle Polyester,6,https://target.scene7.com/is/image/Target/GUEST_ad81dbc2-5020-48d9-8846-89c2becea968?wid=1200&hei=1200&qlt=85,https://target.scene7.com/is/image/Target/GUEST_ad81dbc2-5020-48d9-8846-89c2becea968?wid=1200&hei=1200&qlt=85 | https://target.scene7.com/is/image/Target/GUEST_9268e08c-7b69-4ada-8192-05e578f4e8b2?wid=1200&hei=1200&qlt=85 | https://target.scene7.com/is/image/Target/GUEST_1969f3d1-df3b-48a7-9872-debb6b140a9f?wid=1200&hei=1200&qlt=85 | https://target.scene7.com/is/image/Target/GUEST_108356ef-1ce2-4ad5-b169-1ade31b20bf7?wid=1200&hei=1200&qlt=85 | https://target.scene7.com/is/image/Target/GUEST_0788,True,False,Polyester,micro_mini_impulse|statement_fashion,Faux Suede Mini Studded Slouchy Chain Handbag - Universal Thread™ Tan,USD,30.0,,94687156,https://www.target.com/p/faux-suede-mini-studded-slouchy-chain-handbag-universal-thread-8482-tan/-/A-94687156#lnk=sametab,5,5,2026-02-23T16:45:31.455708,Mixed,199268397936,,19,Mixed | universal / bag | Mid,Faux Suede Mini Studded Slouchy Chain Handbag - Universal Thread™ Tan,https://www.target.com/p/faux-suede-mini-studded-slouchy-chain-handbag-universal-thread-8482-tan/-/A-94687156#lnk=sametab
In Stock,4.7,A New Day,Do Not Wash,"Target > Clothing, Shoes & Accessories > Accessories > Handbags & Purses > Clutches",,,9 Inches (H) x 10 Inches (W) x 4 Inches (D),Straw Caning Honey Comb Clutch - A New Day™ Natural A New Day Paper Straw,6,https://target.scene7.com/is/image/Target/GUEST_98a8e09a-3c60-4651-8a9f-52291f71352c?wid=1200&hei=1200&qlt=85,https://target.scene7.com/is/image/Target/GUEST_98a8e09a-3c60-4651-8a9f-52291f71352c?wid=1200&hei=1200&qlt=85 | https://target.scene7.com/is/image/Target/GUEST_05278ead-3eef-4020-97be-0271578a254d?wid=1200&hei=1200&qlt=85 | https://target.scene7.com/is/image/Target/GUEST_1cf73f73-4b8e-4b3e-b7ff-1475ea21d075?wid=1200&hei=1200&qlt=85 | https://target.scene7.com/is/image/Target/GUEST_1eb4fef1-e785-45c6-b11b-43e5e53f6908?wid=1200&hei=1200&qlt=85 | https://target.scene7.com/is/image/Target/GUEST_7765,True,False,Paper Straw,occasion_glam|gifting_ready,Straw Caning Honey Comb Clutch - A New Day™ Natural,USD,40.0,,94780335,https://www.target.com/p/straw-caning-honey-comb-clutch-a-new-day-8482-natural/-/A-94780335#lnk=sametab,3,3,2026-02-23T16:45:31.455708,Mixed,199592063477,,5,Mixed | straw / bag | Budget,Straw Caning Honey Comb Clutch - A New Day™ Natural,https://www.target.com/p/straw-caning-honey-comb-clutch-a-new-day-8482-natural/-/A-94780335#lnk=sametab
In Stock,4.7,Universal Thread,Spot or Wipe Clean,"Target > Clothing, Shoes & Accessories > Accessories > Handbags & Purses > Shoulder Bags",Black | Brown | Olive Green,Universal Thread shoulder bag; Crescent moon shape; Interior pocket; Oversized; Zipper closure; Single handle,14.5 Inches (H) x 15.25 Inches (W) x 6 Inches (D),Oversized Crescent Shoulder Bag - Universal Thread™ Black Universal Thread Universal Thread shoulder bag; Crescent moon shape; Interior pocket; Oversized; Zipper closure; Single handle Polyurethane,7,https://target.scene7.com/is/image/Target/GUEST_35c65967-cefb-47f8-859c-bb8f2ad3806f?wid=1200&hei=1200&qlt=85,https://target.scene7.com/is/image/Target/GUEST_35c65967-cefb-47f8-859c-bb8f2ad3806f?wid=1200&hei=1200&qlt=85 | https://target.scene7.com/is/image/Target/GUEST_9f119187-6d90-492e-b21d-c7ff48ac8dd8?wid=1200&hei=1200&qlt=85 | https://target.scene7.com/is/image/Target/GUEST_46049b9f-2cfc-4195-b1e8-aed623ef519e?wid=1200&hei=1200&qlt=85 | https://target.scene7.com/is/image/Target/GUEST_9cd6c372-1344-436b-a06d-ade3cc6e7a37?wid=1200&hei=1200&qlt=85 | https://target.scene7.com/is/image/Target/GUEST_a8ed,True,False,Polyurethane,everyday_crossbody|minimal_modern,Oversized Crescent Shoulder Bag - Universal Thread™ Black,USD,35.0,,94440037,https://www.target.com/p/oversized-crescent-shoulder-bag-universal-thread/-/A-94594862?preselect=94440037#lnk=sametab,19,19,2026-02-23T16:45:31.455708,Mixed,198420864705,,25,Mixed | bag / crossbody | Mid,Oversized Crescent Shoulder Bag - Universal Thread™ Black,https://www.target.com/p/oversized-crescent-shoulder-bag-universal-thread/-/A-94594862?preselect=94440037#lnk=sametab
In Stock,4.7,Universal Thread,Spot or Wipe Clean,"Target > Clothing, Shoes & Accessories > Accessories > Handbags & Purses > Shoulder Bags",Brown,Universal Thread shoulder bag; Studded design; Interior pocket; Single handle,6.5 Inches (H) x 11 Inches (W) x 2.75 Inches (D),Studded Shoulder Bag - Universal Thread™ Brown Universal Thread Universal Thread shoulder bag; Studded design; Interior pocket; Single handle Polyurethane,6,https://target.scene7.com/is/image/Target/GUEST_1abda424-5859-4204-8797-29363ad4ad1a?wid=1200&hei=1200&qlt=85,https://target.scene7.com/is/image/Target/GUEST_1abda424-5859-4204-8797-29363ad4ad1a?wid=1200&hei=1200&qlt=85 | https://target.scene7.com/is/image/Target/GUEST_0bc837ae-6dae-4b41-8770-e95f02ca846c?wid=1200&hei=1200&qlt=85 | https://target.scene7.com/is/image/Target/GUEST_bef9572a-0801-44e4-9569-036f02f887ab?wid=1200&hei=1200&qlt=85 | https://target.scene7.com/is/image/Target/GUEST_1ad813e5-5879-4e08-8b22-c40264df126f?wid=1200&hei=1200&qlt=85 | https://target.scene7.com/is/image/Target/GUEST_58ff,True,False,Polyurethane,statement_fashion|minimal_modern,Studded Shoulder Bag - Universal Thread™ Brown,USD,25.0,,94284333,https://www.target.com/p/studded-shoulder-bag-universal-thread/-/A-94492254?preselect=94284333#lnk=sametab,42,42,2026-02-23T16:45:31.455708,Mixed,198850821590,,19,Mixed | universal / bag | Mid,Studded Shoulder Bag - Universal Thread™ Brown,https://www.target.com/p/studded-shoulder-bag-universal-thread/-/A-94492254?preselect=94284333#lnk=sametab
In Stock,4.8,Shade & Shore,Spot or Wipe Clean,"Target > Clothing, Shoes & Accessories > Accessories > Handbags & Purses > Beach Bags",Black | Clear | Multicolor,Open tote handbag; Clear brown design; Plastic construction; Double handles,13 Inches (H) x 20.4 Inches (W) x 7.9 Inches (D),"Wipeable Tote Handbag - Shade & Shore™ Black: Double Handle, TPU Material, Solid Pattern, Unstructured Design Shade & Shore Open tote handbag; Clear brown design; Plastic construction; Double handles TPU (Thermoplastic Polyurethane)",8,https://target.scene7.com/is/image/Target/GUEST_367280eb-3f03-4625-8681-04326aa89a1e?wid=1200&hei=1200&qlt=85,https://target.scene7.com/is/image/Target/GUEST_367280eb-3f03-4625-8681-04326aa89a1e?wid=1200&hei=1200&qlt=85 | https://target.scene7.com/is/image/Target/GUEST_7d4b9738-8031-467e-a71a-98da07e29a45?wid=1200&hei=1200&qlt=85 | https://target.scene7.com/is/image/Target/GUEST_b535f614-982d-4c34-b532-c1d3eff63dbc?wid=1200&hei=1200&qlt=85 | https://target.scene7.com/is/image/Target/GUEST_c2700cc1-e5c6-42f9-91d2-dd95bf0b5717?wid=1200&hei=1200&qlt=85 | https://target.scene7.com/is/image/Target/GUEST_0b7a,True,False,TPU (Thermoplastic Polyurethane),value_mass|weekend_bucket|minimal_modern,"Wipeable Tote Handbag - Shade & Shore™ Black: Double Handle, TPU Material, Solid Pattern, Unstructured Design",USD,25.0,,92157982,https://www.target.com/p/tpu-clear-tote-handbag-shade-shore/-/A-92519178?preselect=92157982#lnk=sametab,95,95,2026-02-23T16:45:31.455708,Mixed,198420151775,,24,Mixed | tote / universal | Mid,"Wipeable Tote Handbag - Shade & Shore™ Black: Double Handle, TPU Material, Solid Pattern, Unstructured Design",https://www.target.com/p/tpu-clear-tote-handbag-shade-shore/-/A-92519178?preselect=92157982#lnk=sametab
In Stock,4.5,Wild Fable,Spot or Wipe Clean,"Target > Clothing, Shoes & Accessories > Accessories > Handbags & Purses > Crossbody & Messenger Bags",Black | Black/Clear | Blue Denim | Cream/Clear | Pink,Crossbody mini tote bag; Main compartment with interior and exterior pockets; Zipper closure; Adjustable shoulder strap and double handles,6.12 Inches (H) x 7 Inches (W) x 2.38 Inches (D),"Mini Tote Crossbody Bag - Wild Fable™ Black/Clear: Structured Faux Leather Handbag, Adjustable Strap Wild Fable Crossbody mini tote bag; Main compartment with interior and exterior pockets; Zipper closure; Adjustable shoulder strap and double handles PVC (Polyvinyl Chloride)",9,https://target.scene7.com/is/image/Target/GUEST_1578bc2b-a2bb-4b47-a1a3-d8ae996916be?wid=1200&hei=1200&qlt=85,https://target.scene7.com/is/image/Target/GUEST_1578bc2b-a2bb-4b47-a1a3-d8ae996916be?wid=1200&hei=1200&qlt=85 | https://target.scene7.com/is/image/Target/GUEST_a4605aa0-7a59-4b1d-bce5-32cc2f97c237?wid=1200&hei=1200&qlt=85 | https://target.scene7.com/is/image/Target/GUEST_31cd95ef-c55a-472c-bdf4-20e9cdd726ca?wid=1200&hei=1200&qlt=85 | https://target.scene7.com/is/image/Target/GUEST_010944ea-3a6f-447c-a293-6c7460acf65d?wid=1200&hei=1200&qlt=85 | https://target.scene7.com/is/image/Target/GUEST_724e,True,False,PVC (Polyvinyl Chloride),micro_mini_impulse|everyday_crossbody|value_mass,"Mini Tote Crossbody Bag - Wild Fable™ Black/Clear: Structured Faux Leather Handbag, Adjustable Strap",USD,18.0,,89935529,https://www.target.com/p/mini-tote-crossbody-bag-wild-fable/-/A-89490171?preselect=89935529#lnk=sametab,157,157,2026-02-23T16:45:31.455708,Mixed,085239550335,,26,Mixed | handbag / bag | Mid,"Mini Tote Crossbody Bag - Wild Fable™ Black/Clear: Structured Faux Leather Handbag, Adjustable Strap",https://www.target.com/p/mini-tote-crossbody-bag-wild-fable/-/A-89490171?preselect=89935529#lnk=sametab
In Stock,4.8,Universal Thread,Spot or Wipe Clean,"Target > Clothing, Shoes & Accessories > Accessories > Handbags & Purses > Clutches",Multi-Colored,Universal Thread 2pk travel bag pouches; Varying sizes and prints; Made of canvas; Zipper closures,7 Inches (H) x 10.25 Inches (W) x 3.25 Inches (D),"Travel Bag Pouch System - Universal Thread™ Clear: Solid TPU Vinyl Clutch, Zip Closure, 10.25"" x 7"" x 3.25"" Universal Thread Universal Thread 2pk travel bag pouches; Varying sizes and prints; Made of canvas; Zipper closures TPU (Thermoplastic Polyurethane)",5,https://target.scene7.com/is/image/Target/GUEST_16550e9b-2dab-42d6-9828-7deb6787ca3b?wid=1200&hei=1200&qlt=85,https://target.scene7.com/is/image/Target/GUEST_16550e9b-2dab-42d6-9828-7deb6787ca3b?wid=1200&hei=1200&qlt=85 | https://target.scene7.com/is/image/Target/GUEST_832f236e-edeb-4a34-8998-297520d3fd23?wid=1200&hei=1200&qlt=85 | https://target.scene7.com/is/image/Target/GUEST_adb95066-ebdc-4097-8bbf-85bc830f42ef?wid=1200&hei=1200&qlt=85 | https://target.scene7.com/is/image/Target/GUEST_03616c4e-6111-4f53-aa9e-990190ed5d5c?wid=1200&hei=1200&qlt=85 | https://target.scene7.com/is/image/Target/GUEST_1ee6,True,True,TPU (Thermoplastic Polyurethane),travel_utility|gifting_ready|value_mass,"Travel Bag Pouch System - Universal Thread™ Clear: Solid TPU Vinyl Clutch, Zip Closure, 10.25"" x 7"" x 3.25""",USD,12.75,15.0,92467984,https://www.target.com/p/travel-bag-pouch-system-universal-thread/-/A-92750867?preselect=92467984#lnk=sametab,79,79,2026-02-23T16:45:31.455708,Mixed,198420263034,,25,Mixed | bag / crossbody | Mid,"Travel Bag Pouch System - Universal Thread™ Clear: Solid TPU Vinyl Clutch, Zip Closure, 10.25"" x 7"" x 3.25""",https://www.target.com/p/travel-bag-pouch-system-universal-thread/-/A-92750867?preselect=92467984#lnk=sametab
In Stock,4.7,A New Day,Spot or Wipe Clean,"Target > Clothing, Shoes & Accessories > Accessories > Handbags & Purses > Shoulder Bags",,Mini soft saddle handbag in black; Vinyl fabric; Unstructured; Zip closure; Single handle,7.88 Inches (H) x 11.88 Inches (W) x 2.5 Inches (D),Soft Mini Handbag - A New Day Black A New Day Mini soft saddle handbag in black; Vinyl fabric; Unstructured; Zip closure; Single handle Polyurethane,6,https://target.scene7.com/is/image/Target/GUEST_64195320-6e8a-4e0d-8812-e874a1b393bd?wid=1200&hei=1200&qlt=85,https://target.scene7.com/is/image/Target/GUEST_64195320-6e8a-4e0d-8812-e874a1b393bd?wid=1200&hei=1200&qlt=85 | https://target.scene7.com/is/image/Target/GUEST_99ef81e4-0c8e-4eef-bd50-d348c475be95?wid=1200&hei=1200&qlt=85 | https://target.scene7.com/is/image/Target/GUEST_9cf39019-b68a-41bc-aa01-3fd8a3e6ece9?wid=1200&hei=1200&qlt=85 | https://target.scene7.com/is/image/Target/GUEST_aa1810b6-5525-41d9-9d5d-8793fffe048d?wid=1200&hei=1200&qlt=85 | https://target.scene7.com/is/image/Target/GUEST_10e5,True,True,Polyurethane,micro_mini_impulse|minimal_modern|value_mass,Soft Mini Handbag - A New Day Black,USD,20.0,25.0,94439833,https://www.target.com/p/mini-soft-saddle-handbag-a-new-day-8482-black/-/A-94439833#lnk=sametab,6,6,2026-02-23T16:45:31.455708,Mixed,198420858247,,26,Mixed | handbag / bag | Mid,Soft Mini Handbag - A New Day Black,https://www.target.com/p/mini-soft-saddle-handbag-a-new-day-8482-black/-/A-94439833#lnk=sametab
In Stock,4.4,A New Day,Spot or Wipe Clean,"Target > Clothing, Shoes & Accessories > Accessories > Handbags & Purses > Shoulder Bags",Clear | Multicolor,Softside shoulder bag; Main compartment; Zipper closure; Single handle,6.5 Inches (H) x 9.5 Inches (W) x 4 Inches (D),Soft Shoulder Bag - A New Day™ Clear A New Day Softside shoulder bag; Main compartment; Zipper closure; Single handle Polyurethane,6,https://target.scene7.com/is/image/Target/GUEST_e18481d5-c4e3-4a1c-9145-d2d19bd63fea?wid=1200&hei=1200&qlt=85,https://target.scene7.com/is/image/Target/GUEST_e18481d5-c4e3-4a1c-9145-d2d19bd63fea?wid=1200&hei=1200&qlt=85 | https://target.scene7.com/is/image/Target/GUEST_9b0ecada-59d4-4c0e-905a-d0f9ebd07def?wid=1200&hei=1200&qlt=85 | https://target.scene7.com/is/image/Target/GUEST_0dcf46ad-adf7-48e0-91e5-59f518749e8f?wid=1200&hei=1200&qlt=85 | https://target.scene7.com/is/image/Target/GUEST_0618479b-048f-4ce9-8207-ba7596111890?wid=1200&hei=1200&qlt=85 | https://target.scene7.com/is/image/Target/GUEST_3856,True,False,Polyurethane,minimal_modern|value_mass,Soft Shoulder Bag - A New Day™ Clear,USD,20.0,,93859763,https://www.target.com/p/soft-shoulder-bag-a-new-day/-/A-94097220?preselect=93859763#lnk=sametab,23,23,2026-02-23T16:45:31.455708,Mixed,198850338616,,25,Mixed | bag / crossbody | Mid,Soft Shoulder Bag - A New Day™ Clear,https://www.target.com/p/soft-shoulder-bag-a-new-day/-/A-94097220?preselect=93859763#lnk=sametab
In Stock,4.4,A New Day,Care Instructions Not Provided,"Target > Clothing, Shoes & Accessories > Accessories > Handbags & Purses > Bag Charms & Straps",Gold,Shoulder chain strap for handbag; Features a ball chain; Metal construction; Lobster claw clasp closures,"33.5 Inches (L), .7 Inches (W)","Ball Chain Shoulder Handbag Strap - A New Day™ Gold: Purse Chain Accessory, Lobster Claw Clasp, Iron & Zinc Alloy, 33.5"" Length A New Day Shoulder chain strap for handbag; Features a ball chain; Metal construction; Lobster claw clasp closures Zinc Alloy, Iron",6,https://target.scene7.com/is/image/Target/GUEST_cd885e9a-ed23-4d48-8dc5-e976bdcd26ba?wid=1200&hei=1200&qlt=85,https://target.scene7.com/is/image/Target/GUEST_cd885e9a-ed23-4d48-8dc5-e976bdcd26ba?wid=1200&hei=1200&qlt=85 | https://target.scene7.com/is/image/Target/GUEST_7b1deca8-8c93-4001-8e40-77c23c85ff45?wid=1200&hei=1200&qlt=85 | https://target.scene7.com/is/image/Target/GUEST_38246bea-067e-44c9-8d6a-9d7ac38fb9d1?wid=1200&hei=1200&qlt=85 | https://target.scene7.com/is/image/Target/GUEST_a0c29074-32bd-4311-9cb3-a732659dac72?wid=1200&hei=1200&qlt=85 | https://target.scene7.com/is/image/Target/GUEST_c7af,True,True,"Zinc Alloy, Iron",convertible_multiway,"Ball Chain Shoulder Handbag Strap - A New Day™ Gold: Purse Chain Accessory, Lobster Claw Clasp, Iron & Zinc Alloy, 33.5"" Length",USD,7.5,10.0,91676168,https://www.target.com/p/ball-chain-shoulder-handbag-strap-a-new-day/-/A-91717096?preselect=91676168#lnk=sametab,24,24,2026-02-23T16:45:31.455708,Mixed,198101864376,,11,Mixed | bag / charm | Budget,"Ball Chain Shoulder Handbag Strap - A New Day™ Gold: Purse Chain Accessory, Lobster Claw Clasp, Iron & Zinc Alloy, 33.5"" Length",https://www.target.com/p/ball-chain-shoulder-handbag-strap-a-new-day/-/A-91717096?preselect=91676168#lnk=sametab
In Stock,2.3,A New Day,Spot or Wipe Clean,"Target > Clothing, Shoes & Accessories > Accessories > Handbags & Purses > Clutches",,Woven minaudiere clutch crossbody bag; Dark red hue; Polyurethane material; Hardside; Latch closure; Removable chain strap handle,4.53 Inches (H) x 8.66 Inches (W) x 1.97 Inches (D),Woven Minaudiere Clutch Crossbody Bag - A New Day™ Dark Red A New Day Woven minaudiere clutch crossbody bag; Dark red hue; Polyurethane material; Hardside; Latch closure; Removable chain strap handle Polyurethane,6,https://target.scene7.com/is/image/Target/GUEST_586ea6fa-fcf8-48fd-af43-aa92eeb69200?wid=1200&hei=1200&qlt=85,https://target.scene7.com/is/image/Target/GUEST_586ea6fa-fcf8-48fd-af43-aa92eeb69200?wid=1200&hei=1200&qlt=85 | https://target.scene7.com/is/image/Target/GUEST_47419a13-81c9-45a2-b88e-887a866c4147?wid=1200&hei=1200&qlt=85 | https://target.scene7.com/is/image/Target/GUEST_569b7765-5e4f-4a3d-904e-9c6fae6fa38a?wid=1200&hei=1200&qlt=85 | https://target.scene7.com/is/image/Target/GUEST_c81cef62-44cf-44c9-9c04-6af6f5d675af?wid=1200&hei=1200&qlt=85 | https://target.scene7.com/is/image/Target/GUEST_71e9,True,False,Polyurethane,occasion_glam|statement_fashion,Woven Minaudiere Clutch Crossbody Bag - A New Day™ Dark Red,USD,30.0,,94451125,https://www.target.com/p/woven-minaudiere-clutch-crossbody-bag-a-new-day-8482-dog-dark-red/-/A-94451125#lnk=sametab,3,3,2026-02-23T16:45:31.455708,Mixed,198420858292,,23,Mixed | bag / crossbody | Mid,Woven Minaudiere Clutch Crossbody Bag - A New Day™ Dark Red,https://www.target.com/p/woven-minaudiere-clutch-crossbody-bag-a-new-day-8482-dog-dark-red/-/A-94451125#lnk=sametab
In Stock,4.3,A New Day,Spot or Wipe Clean,"Target > Clothing, Shoes & Accessories > Accessories > Handbags & Purses > Shoulder Bags",,Embellished leopard flap shoulder bag; Velvet fabric; Unstructured; Flap closure; Single handle,5.59 Inches (H) x 9.76 Inches (W) x 2.16 Inches (D),Embellished Leopard Print Flap Shoulder Bag - A New Day™ Black/Brown A New Day Embellished leopard flap shoulder bag; Velvet fabric; Unstructured; Flap closure; Single handle Polyester,6,https://target.scene7.com/is/image/Target/GUEST_1583103e-9c95-4714-a476-22d18118a945?wid=1200&hei=1200&qlt=85,https://target.scene7.com/is/image/Target/GUEST_1583103e-9c95-4714-a476-22d18118a945?wid=1200&hei=1200&qlt=85 | https://target.scene7.com/is/image/Target/GUEST_b46927ac-3482-4c31-a636-51044888aceb?wid=1200&hei=1200&qlt=85 | https://target.scene7.com/is/image/Target/GUEST_7d9a3701-081e-45ea-a300-008b24cb97b9?wid=1200&hei=1200&qlt=85 | https://target.scene7.com/is/image/Target/GUEST_43c5e86e-e536-4748-860c-f4c777f73b4e?wid=1200&hei=1200&qlt=85 | https://target.scene7.com/is/image/Target/GUEST_7d68,True,True,Polyester,statement_fashion|minimal_modern,Embellished Leopard Print Flap Shoulder Bag - A New Day™ Black/Brown,USD,29.75,35.0,94687137,https://www.target.com/p/embellished-leopard-print-flap-shoulder-bag-a-new-day-8482-black-brown/-/A-94687137#lnk=sametab,19,19,2026-02-23T16:45:31.455708,Mixed,199268397899,,19,Mixed | universal / bag | Mid,Embellished Leopard Print Flap Shoulder Bag - A New Day™ Black/Brown,https://www.target.com/p/embellished-leopard-print-flap-shoulder-bag-a-new-day-8482-black-brown/-/A-94687137#lnk=sametab
In Stock,4.0,A New Day,Do Not Wash,"Target > Clothing, Shoes & Accessories > Accessories > Handbags & Purses > Shoulder Bags",,,12 Inches (H) x 23.5 Inches (W) x 5.5 Inches (D),Straw Crochet Fan Tote Bag - A New Day™ Natural A New Day Paper Straw,6,https://target.scene7.com/is/image/Target/GUEST_dfbb665b-8849-4647-9432-97aba69d5463?wid=1200&hei=1200&qlt=85,https://target.scene7.com/is/image/Target/GUEST_dfbb665b-8849-4647-9432-97aba69d5463?wid=1200&hei=1200&qlt=85 | https://target.scene7.com/is/image/Target/GUEST_6c57c41c-6c6b-4f9f-a4dd-8be436b47c19?wid=1200&hei=1200&qlt=85 | https://target.scene7.com/is/image/Target/GUEST_ed4040f5-dfbd-4912-a58d-ac917f53a0a7?wid=1200&hei=1200&qlt=85 | https://target.scene7.com/is/image/Target/GUEST_1eb4f41c-7930-46b3-9c16-fac793aa10d8?wid=1200&hei=1200&qlt=85 | https://target.scene7.com/is/image/Target/GUEST_2160,True,False,Paper Straw,minimal_modern|value_mass|eco_conscious,Straw Crochet Fan Tote Bag - A New Day™ Natural,USD,40.0,,94780325,https://www.target.com/p/straw-crochet-fan-tote-bag-a-new-day-8482-natural/-/A-94780325#lnk=sametab,1,1,2026-02-23T16:45:31.455708,Mixed,199592063361,,5,Mixed | straw / bag | Budget,Straw Crochet Fan Tote Bag - A New Day™ Natural,https://www.target.com/p/straw-crochet-fan-tote-bag-a-new-day-8482-natural/-/A-94780325#lnk=sametab
In Stock,4.3,Wild Fable,Spot or Wipe Clean,"Target > Clothing, Shoes & Accessories > Accessories > Handbags & Purses > Crossbody & Messenger Bags",Blue | Dark Blue | Dark Gold | Dark Orange | Dark Red | Gold | Green | Light Blue | Light Gold | Maroon | Navy Blue | Orange | Purple | Red | Yellow,Pouchette crossbody bag; Transparent design; Made from vinyl; Zipper closure; Adjustable shoulder strap,4.5 Inches (H) x 9.25 Inches (W) x 2.75 Inches (D),Game Day Clear Pouchette Crossbody Bag - Wild Fable™ Gold Wild Fable Pouchette crossbody bag; Transparent design; Made from vinyl; Zipper closure; Adjustable shoulder strap TPU (Thermoplastic Polyurethane),8,https://target.scene7.com/is/image/Target/GUEST_45da01e3-7dd0-4c53-a806-1a82ffbbb1d8?wid=1200&hei=1200&qlt=85,https://target.scene7.com/is/image/Target/GUEST_45da01e3-7dd0-4c53-a806-1a82ffbbb1d8?wid=1200&hei=1200&qlt=85 | https://target.scene7.com/is/image/Target/GUEST_a4605aa0-7a59-4b1d-bce5-32cc2f97c237?wid=1200&hei=1200&qlt=85 | https://target.scene7.com/is/image/Target/GUEST_94270d24-1d8a-42f4-9217-3f6b2ffc2fbb?wid=1200&hei=1200&qlt=85 | https://target.scene7.com/is/image/Target/GUEST_b20b76d9-5de2-4b87-a8dd-51b37df8f8db?wid=1200&hei=1200&qlt=85 | https://target.scene7.com/is/image/Target/GUEST_4f86,True,False,TPU (Thermoplastic Polyurethane),micro_mini_impulse|value_mass|gifting_ready,Game Day Clear Pouchette Crossbody Bag - Wild Fable™ Gold,USD,15.0,,94269201,https://www.target.com/p/game-day-clear-pouchette-crossbody-bag-wild-fable/-/A-94425758?preselect=94269201#lnk=sametab,19,19,2026-02-23T16:45:31.455708,Mixed,198850781276,,26,Mixed | handbag / bag | Mid,Game Day Clear Pouchette Crossbody Bag - Wild Fable™ Gold,https://www.target.com/p/game-day-clear-pouchette-crossbody-bag-wild-fable/-/A-94425758?preselect=94269201#lnk=sametab
In Stock,2.1,Shade & Shore,Spot or Wipe Clean,"Target > Clothing, Shoes & Accessories > Accessories > Handbags & Purses > Beach Bags",Black | Pink | White | Yellow,Structured tote handbag; Double tote handles; Single compartment; Open-weave design in a solid hue,13 Inches (H) x 15.5 Inches (W) x 7 Inches (D),Woven Cage Tote Handbag - Shade & Shore™ Pink Shade & Shore Structured tote handbag; Double tote handles; Single compartment; Open-weave design in a solid hue Polyethylene,9,https://target.scene7.com/is/image/Target/GUEST_7e9f8ee3-0f8b-42b6-acf6-5c87e600569a?wid=1200&hei=1200&qlt=85,https://target.scene7.com/is/image/Target/GUEST_7e9f8ee3-0f8b-42b6-acf6-5c87e600569a?wid=1200&hei=1200&qlt=85 | https://target.scene7.com/is/image/Target/GUEST_3351d7eb-347a-4d26-9617-f5c33bebeaff?wid=1200&hei=1200&qlt=85 | https://target.scene7.com/is/image/Target/GUEST_36ca25f3-e2ff-4080-8465-babdaeca6fbe?wid=1200&hei=1200&qlt=85 | https://target.scene7.com/is/image/Target/GUEST_b2b40bb9-0f45-40db-8ebf-6202da15ddbf?wid=1200&hei=1200&qlt=85 | https://target.scene7.com/is/image/Target/GUEST_f40d,True,False,Polyethylene,weekend_bucket|value_mass,Woven Cage Tote Handbag - Shade & Shore™ Pink,USD,30.0,,89925525,https://www.target.com/p/woven-cage-tote-bag-shade-shore/-/A-90073220?preselect=89925525#lnk=sametab,100,100,2026-02-23T16:45:31.455708,Mixed,085239549872,,8,Mixed | tote / bag | Mid,Woven Cage Tote Handbag - Shade & Shore™ Pink,https://www.target.com/p/woven-cage-tote-bag-shade-shore/-/A-90073220?preselect=89925525#lnk=sametab
In Stock,4.7,Wild Fable,Spot or Wipe Clean,"Target > Clothing, Shoes & Accessories > Accessories > Handbags & Purses > Clutches",Blue | Dark Blue | Dark Gold | Dark Orange | Dark Red | Gold | Green | Light Blue | Light Gold | Maroon | Navy Blue | Orange | Purple | Red | Yellow,Clear wristlet clutch; Transparent design; Made from vinyl; Zipper closure; Detachable wrist strap,7 Inches (H) x 10 Inches (W) x .12 Inches (D),Game Day Clear Wristlet Clutch - Wild Fable™ Gold Wild Fable Clear wristlet clutch; Transparent design; Made from vinyl; Zipper closure; Detachable wrist strap TPU (Thermoplastic Polyurethane),6,https://target.scene7.com/is/image/Target/GUEST_3cdc8701-1287-4c82-b347-5086f47cfe55?wid=1200&hei=1200&qlt=85,https://target.scene7.com/is/image/Target/GUEST_3cdc8701-1287-4c82-b347-5086f47cfe55?wid=1200&hei=1200&qlt=85 | https://target.scene7.com/is/image/Target/GUEST_a4605aa0-7a59-4b1d-bce5-32cc2f97c237?wid=1200&hei=1200&qlt=85 | https://target.scene7.com/is/image/Target/GUEST_0c5d463b-7e0d-4bbc-8d6a-3629816c3a73?wid=1200&hei=1200&qlt=85 | https://target.scene7.com/is/image/Target/GUEST_8664ec73-fb15-4332-aa65-1b13c9b160cd?wid=1200&hei=1200&qlt=85 | https://target.scene7.com/is/image/Target/GUEST_c208,True,False,TPU (Thermoplastic Polyurethane),occasion_glam|micro_mini_impulse|value_mass,Game Day Clear Wristlet Clutch - Wild Fable™ Gold,USD,10.0,,94269186,https://www.target.com/p/game-day-clear-wristlet-clutch-wild-fable/-/A-94425757?preselect=94269186#lnk=sametab,15,15,2026-02-23T16:45:31.455708,Mixed,198850781573,,19,Mixed | universal / bag | Mid,Game Day Clear Wristlet Clutch - Wild Fable™ Gold,https://www.target.com/p/game-day-clear-wristlet-clutch-wild-fable/-/A-94425757?preselect=94269186#lnk=sametab
In Stock,4.3,Universal Thread,Do Not Wash,"Target > Clothing, Shoes & Accessories > Accessories > Handbags & Purses > Beach Bags",Beige | Black | Blue/Green | Green | Pink | Yellow | Yellow/Cream/Pink,Universal Thread straw crochet tote handbag; Striped design; Single open compartment; Double handle; Forest Stewardship Council Certified,15 Inches (H) x 14.5 Inches (W) x 3.5 Inches (D),"Crochet Tote Handbag - Universal Thread™ Blue/Green Striped Straw: Paper Shell, Double Handle, Unstructured Universal Thread Universal Thread straw crochet tote handbag; Striped design; Single open compartment; Double handle; Forest Stewardship Council Certified Paper",10,https://target.scene7.com/is/image/Target/GUEST_c48a80d7-0ebc-4bad-a4d9-b1d0bd3d2875?wid=1200&hei=1200&qlt=85,https://target.scene7.com/is/image/Target/GUEST_c48a80d7-0ebc-4bad-a4d9-b1d0bd3d2875?wid=1200&hei=1200&qlt=85 | https://target.scene7.com/is/image/Target/GUEST_4ffc59e4-1424-4cb8-8a12-9765cb49578d?wid=1200&hei=1200&qlt=85 | https://target.scene7.com/is/image/Target/GUEST_62702b05-f750-495c-95fb-b1a6092175e0?wid=1200&hei=1200&qlt=85 | https://target.scene7.com/is/image/Target/GUEST_556bb89b-5fda-4e63-b7a5-62dc91768657?wid=1200&hei=1200&qlt=85 | https://target.scene7.com/is/image/Target/GUEST_c3d1,True,False,Paper,weekend_bucket|value_mass|eco_conscious,"Crochet Tote Handbag - Universal Thread™ Blue/Green Striped Straw: Paper Shell, Double Handle, Unstructured",USD,25.0,,89219512,https://www.target.com/p/crochet-tote-handbag-universal-thread/-/A-89399885?preselect=89219512#lnk=sametab,67,67,2026-02-23T16:45:23.545904,Mixed,197543630099,,22,Mixed | straw / bag | Mid,"Crochet Tote Handbag - Universal Thread™ Blue/Green Striped Straw: Paper Shell, Double Handle, Unstructured",https://www.target.com/p/crochet-tote-handbag-universal-thread/-/A-89399885?preselect=89219512#lnk=sametab
In Stock,0.0,Shade & Shore,Spot or Wipe Clean,"Target > Clothing, Shoes & Accessories > Accessories > Handbags & Purses > Beach Bags",Coral Pink | Cream | Yellow,Structured tote bag; EVA material; Open main compartment; Double handle,11.81 Inches (H) x 19.69 Inches (W) x 5.9 Inches (D),EVA Splash Tote Bag - Shade & Shore™ Cream Shade & Shore Structured tote bag; EVA material; Open main compartment; Double handle EVA (Ethylene Vinyl Acetate),5,https://target.scene7.com/is/image/Target/GUEST_7afcc3bc-1d9a-4347-8b4a-b6a0e5a48f4e?wid=1200&hei=1200&qlt=85,https://target.scene7.com/is/image/Target/GUEST_7afcc3bc-1d9a-4347-8b4a-b6a0e5a48f4e?wid=1200&hei=1200&qlt=85 | https://target.scene7.com/is/image/Target/GUEST_01e7a2a7-7208-4412-8533-52ff34fc8dec?wid=1200&hei=1200&qlt=85 | https://target.scene7.com/is/image/Target/GUEST_0b8eab16-43f5-4ee0-be9d-95c3c0f6d0dd?wid=1200&hei=1200&qlt=85 | https://target.scene7.com/is/image/Target/GUEST_fab342db-0bbf-46a2-a3dd-53c3ee494504?wid=1200&hei=1200&qlt=85 | https://target.scene7.com/is/image/Target/GUEST_50e7,True,False,EVA (Ethylene Vinyl Acetate),work_tote|minimal_modern,EVA Splash Tote Bag - Shade & Shore™ Cream,USD,40.0,,94742391,https://www.target.com/p/eva-splash-tote-bag-shade-shore/-/A-94837567?preselect=94742391#lnk=sametab,0,0,2026-02-23T16:45:23.545904,Mixed,199592091241,,8,Mixed | tote / bag | Mid,EVA Splash Tote Bag - Shade & Shore™ Cream,https://www.target.com/p/eva-splash-tote-bag-shade-shore/-/A-94837567?preselect=94742391#lnk=sametab
In Stock,4.5,A New Day,Spot or Wipe Clean,"Target > Clothing, Shoes & Accessories > Accessories > Wallets",Black | Dark Red | Off-White | Red | Tan,Card case wallet; Multiple compartments; Made of plastic; Open closure,3.12 Inches (H) x 4.25 Inches (W) x .5 Inches (D),Basic Card Case Wallet - A New Day™ Jet Black A New Day Card case wallet; Multiple compartments; Made of plastic; Open closure Polyurethane,9,https://target.scene7.com/is/image/Target/GUEST_a7de67bd-7cfa-4404-be63-e9dc0e74d18d?wid=1200&hei=1200&qlt=85,https://target.scene7.com/is/image/Target/GUEST_a7de67bd-7cfa-4404-be63-e9dc0e74d18d?wid=1200&hei=1200&qlt=85 | https://target.scene7.com/is/image/Target/GUEST_bf6dc153-3fd2-4db5-9d9f-36ea74034833?wid=1200&hei=1200&qlt=85 | https://target.scene7.com/is/image/Target/GUEST_a94258ac-65ae-4d20-b8bf-97398bd8b681?wid=1200&hei=1200&qlt=85 | https://target.scene7.com/is/image/Target/GUEST_1c383a8e-ca63-4f7e-be77-dc46f22f960f?wid=1200&hei=1200&qlt=85 | https://target.scene7.com/is/image/Target/GUEST_e27d,True,False,Polyurethane,slg_small_leathers|value_mass,Basic Card Case Wallet - A New Day™ Jet Black,USD,5.0,,94473882,https://www.target.com/p/basic-card-case-wallet-a-new-day/-/A-92710374?preselect=94473882#lnk=sametab,99,99,2026-02-23T16:45:23.545904,Mixed,198850945753,,7,Mixed | wallet / solid | Budget,Basic Card Case Wallet - A New Day™ Jet Black,https://www.target.com/p/basic-card-case-wallet-a-new-day/-/A-92710374?preselect=94473882#lnk=sametab
In Stock,0.0,Shade & Shore,Spot or Wipe Clean,"Target > Clothing, Shoes & Accessories > Accessories > Handbags & Purses > Beach Bags",Cream,,16 Inches (H) x 16 Inches (W) x 6 Inches (D),Netted Crochet Tote Bag - Shade & Shore™ Cream Shade & Shore Cotton,6,https://target.scene7.com/is/image/Target/GUEST_d442864d-aaa7-49d0-b458-180c63204261?wid=1200&hei=1200&qlt=85,https://target.scene7.com/is/image/Target/GUEST_d442864d-aaa7-49d0-b458-180c63204261?wid=1200&hei=1200&qlt=85 | https://target.scene7.com/is/image/Target/GUEST_bc61f8cb-f245-4d87-92d7-057722c084f8?wid=1200&hei=1200&qlt=85 | https://target.scene7.com/is/image/Target/GUEST_f1fca3bb-8999-419e-be4f-de94f5c8ce91?wid=1200&hei=1200&qlt=85 | https://target.scene7.com/is/image/Target/GUEST_35aa5a92-f184-4272-b42e-cd0b969c39d3?wid=1200&hei=1200&qlt=85 | https://target.scene7.com/is/image/Target/GUEST_21d5,True,False,Cotton,weekend_bucket|value_mass,Netted Crochet Tote Bag - Shade & Shore™ Cream,USD,30.0,,94871312,https://www.target.com/p/netted-crochet-tote-bag-shade-shore/-/A-94898633?preselect=94871312#lnk=sametab,0,0,2026-02-23T16:45:23.546904,Mixed,199592296172,,22,Mixed | straw / bag | Mid,Netted Crochet Tote Bag - Shade & Shore™ Cream,https://www.target.com/p/netted-crochet-tote-bag-shade-shore/-/A-94898633?preselect=94871312#lnk=sametab
In Stock,0.0,A New Day,Spot or Wipe Clean,"Target > Clothing, Shoes & Accessories > Accessories > Handbags & Purses > Shoulder Bags",Yellow,,14.75 Inches (H) x 23 Inches (W) x 6 Inches (D),Sport Mesh Net Tote Bag - A New Day™ Yellow A New Day Polyurethane,5,https://target.scene7.com/is/image/Target/GUEST_e6980416-127a-4b40-8760-359bb540cc5e?wid=1200&hei=1200&qlt=85,https://target.scene7.com/is/image/Target/GUEST_e6980416-127a-4b40-8760-359bb540cc5e?wid=1200&hei=1200&qlt=85 | https://target.scene7.com/is/image/Target/GUEST_d844f9a6-cc19-40f1-8803-ab99d2ff5009?wid=1200&hei=1200&qlt=85 | https://target.scene7.com/is/image/Target/GUEST_61d9e211-fd5a-4daf-a366-62c52d501ac5?wid=1200&hei=1200&qlt=85 | https://target.scene7.com/is/image/Target/GUEST_338afff5-af6b-4aac-886b-bdd35ea18512?wid=1200&hei=1200&qlt=85 | https://target.scene7.com/is/image/Target/GUEST_7d78,True,False,Polyurethane,value_mass|work_tote|oversized_carryall,Sport Mesh Net Tote Bag - A New Day™ Yellow,USD,25.0,,94783504,https://www.target.com/p/sport-mesh-net-tote-bag-a-new-day/-/A-94810399?preselect=94783504#lnk=sametab,0,0,2026-02-23T16:45:23.546904,Mixed,199592063675,,8,Mixed | tote / bag | Mid,Sport Mesh Net Tote Bag - A New Day™ Yellow,https://www.target.com/p/sport-mesh-net-tote-bag-a-new-day/-/A-94810399?preselect=94783504#lnk=sametab
In Stock,0.0,A New Day,Spot or Wipe Clean,"Target > Clothing, Shoes & Accessories > Accessories > Handbags & Purses",Pink,,4.62 Inches (H) x 8.62 Inches (W) x 4.88 Inches (D),Travel Zip Pouch Set 2pc - A New Day™ Pink A New Day,4,https://target.scene7.com/is/image/Target/GUEST_3427b75e-e65c-4c2f-9844-c3f31270b14f?wid=1200&hei=1200&qlt=85,https://target.scene7.com/is/image/Target/GUEST_3427b75e-e65c-4c2f-9844-c3f31270b14f?wid=1200&hei=1200&qlt=85 | https://target.scene7.com/is/image/Target/GUEST_4edffc19-bc14-47b0-ac22-fde5d9e18a7f?wid=1200&hei=1200&qlt=85 | https://target.scene7.com/is/image/Target/GUEST_98725a52-7a7c-4247-90dc-4c39b02c6b42?wid=1200&hei=1200&qlt=85 | https://target.scene7.com/is/image/Target/GUEST_90b149fc-8896-4969-9f9f-118704d29c80?wid=1200&hei=1200&qlt=85,True,False,,travel_utility|gifting_ready|value_mass,Travel Zip Pouch Set 2pc - A New Day™ Pink,USD,20.0,,94783499,https://www.target.com/p/travel-zip-pouch-set-2pc-a-new-day/-/A-94810398?preselect=94783499#lnk=sametab,0,0,2026-02-23T16:45:23.546904,Mixed,199592063545,,5,Mixed | straw / bag | Budget,Travel Zip Pouch Set 2pc - A New Day™ Pink,https://www.target.com/p/travel-zip-pouch-set-2pc-a-new-day/-/A-94810398?preselect=94783499#lnk=sametab
In Stock,5.0,A New Day,Care Instructions Not Provided,"Target > Clothing, Shoes & Accessories > Accessories > Handbags & Purses > Bag Charms & Straps",,Valentine's day dinner bag charm; Made of metal; Lobster claw clasp closure; 5.4in L x 2.58in W; Suitable for ages 15+,"5.4 Inches (L), 2.58 Inches (W)",Valentine's Day Girl Dinner Bag Charm - A New Day™ Pink/Black A New Day Valentine's day dinner bag charm; Made of metal; Lobster claw clasp closure; 5.4in L x 2.58in W; Suitable for ages 15+ Zinc Alloy,2,https://target.scene7.com/is/image/Target/GUEST_cb89f75e-d6fd-4d20-9af9-f9a55c8cd1f9?wid=1200&hei=1200&qlt=85,https://target.scene7.com/is/image/Target/GUEST_cb89f75e-d6fd-4d20-9af9-f9a55c8cd1f9?wid=1200&hei=1200&qlt=85 | https://target.scene7.com/is/image/Target/GUEST_0d185eea-e4f1-4c3a-924b-16c7e3c7a79c?wid=1200&hei=1200&qlt=85,True,True,Zinc Alloy,gifting_ready|micro_mini_impulse|value_mass,Valentine's Day Girl Dinner Bag Charm - A New Day™ Pink/Black,USD,8.5,10.0,94778646,https://www.target.com/p/valentine-39-s-day-girl-dinner-bag-charm-a-new-day-8482/-/A-94778646#lnk=sametab,3,3,2026-02-23T16:45:23.546904,Mixed,199592133385,,11,Mixed | bag / charm | Budget,Valentine's Day Girl Dinner Bag Charm - A New Day™ Pink/Black,https://www.target.com/p/valentine-39-s-day-girl-dinner-bag-charm-a-new-day-8482/-/A-94778646#lnk=sametab
In Stock,4.7,A New Day,Care Instructions Not Provided,"Target > Clothing, Shoes & Accessories > Accessories > Handbags & Purses > Bag Charms & Straps",,Valentine's Day Press for Champagne & sweets bag charm; Made of metal; Lobster claw clasp closure; 6.89in L x 1.42in W; Suitable for ages 15+,"6.89 Inches (L), 1.42 Inches (W)",Valentine's Day Press for Champagne & Sweets Bag Charm - A New Day™ Pink/Gold A New Day Valentine's Day Press for Champagne & sweets bag charm; Made of metal; Lobster claw clasp closure; 6.89in L x 1.42in W; Suitable for ages 15+ Zinc Alloy,2,https://target.scene7.com/is/image/Target/GUEST_6b77dfbe-baad-43b7-9966-3df304b17567?wid=1200&hei=1200&qlt=85,https://target.scene7.com/is/image/Target/GUEST_6b77dfbe-baad-43b7-9966-3df304b17567?wid=1200&hei=1200&qlt=85 | https://target.scene7.com/is/image/Target/GUEST_501581e3-e408-4fd6-a2c3-ca6b0399f8b6?wid=1200&hei=1200&qlt=85,True,True,Zinc Alloy,gifting_ready|micro_mini_impulse|value_mass,Valentine's Day Press for Champagne & Sweets Bag Charm - A New Day™ Pink/Gold,USD,8.5,10.0,94778644,https://www.target.com/p/valentine-39-s-day-press-for-champagne-38-sweets-bag-charm-a-new-day-8482/-/A-94778644#lnk=sametab,6,6,2026-02-23T16:45:23.546904,Mixed,199592133484,,11,Mixed | bag / charm | Budget,Valentine's Day Press for Champagne & Sweets Bag Charm - A New Day™ Pink/Gold,https://www.target.com/p/valentine-39-s-day-press-for-champagne-38-sweets-bag-charm-a-new-day-8482/-/A-94778644#lnk=sametab
In Stock,4.5,A New Day,Spot or Wipe Clean,"Target > Clothing, Shoes & Accessories > Accessories > Wallets",Black | Black Croc | Black/Brown | Blue | Brown | Burgundy | Gold | Green Croc | Light Pink | Olive Green | Red | Silver | Smooth Black | Violet,Small wallet; Faux-leather design; Interior zip pocket and credit card pocket; Zipper closure,3.5 Inches (H) x 4.38 Inches (W) x 1 Inches (D),"Small Zip Wallet - A New Day™ Smooth Black:  Shell, Solid Pattern, 3.5"" Height, 4.375"" Width A New Day Small wallet; Faux-leather design; Interior zip pocket and credit card pocket; Zipper closure Polyurethane",9,https://target.scene7.com/is/image/Target/GUEST_274828bd-e94d-4c6d-b8ea-8f35a2ee3885?wid=1200&hei=1200&qlt=85,https://target.scene7.com/is/image/Target/GUEST_274828bd-e94d-4c6d-b8ea-8f35a2ee3885?wid=1200&hei=1200&qlt=85 | https://target.scene7.com/is/image/Target/GUEST_285f92ad-7b74-44db-b027-7e5dd744d3aa?wid=1200&hei=1200&qlt=85 | https://target.scene7.com/is/image/Target/GUEST_f5010847-05ae-4436-9619-18a658e4941f?wid=1200&hei=1200&qlt=85 | https://target.scene7.com/is/image/Target/GUEST_323e71fa-c1ce-4b9d-be0f-4cbb78f59af6?wid=1200&hei=1200&qlt=85 | https://target.scene7.com/is/image/Target/GUEST_c211,True,False,Polyurethane,slg_small_leathers|value_mass,"Small Zip Wallet - A New Day™ Smooth Black:  Shell, Solid Pattern, 3.5"" Height, 4.375"" Width",USD,10.0,,89538831,https://www.target.com/p/small-zip-wallet-a-new-day/-/A-85793665?preselect=89538831#lnk=sametab,744,744,2026-02-23T16:45:23.546904,Mixed,199268101564,,7,Mixed | wallet / solid | Budget,"Small Zip Wallet - A New Day™ Smooth Black:  Shell, Solid Pattern, 3.5"" Height, 4.375"" Width",https://www.target.com/p/small-zip-wallet-a-new-day/-/A-85793665?preselect=89538831#lnk=sametab
In Stock,4.2,Universal Thread,Spot or Wipe Clean,"Target > Clothing, Shoes & Accessories > Accessories > Handbags & Purses > Fashion Backpacks",Black | Tan,Universal Thread puffer backpack; 100% recycled polyester shell; Zippered main compartment; Sleeve fits up to 11in laptop; Exterior zipper pocket; Side pockets with clip-on closure; Adjustable shoulder straps and top loop; 16.6ltr capacity,15 Inches (H) x 5.75 Inches (W) x 11.75 Inches (D),Puffer Backpack - Universal Thread™ Black Universal Thread Universal Thread puffer backpack; 100% recycled polyester shell; Zippered main compartment; Sleeve fits up to 11in laptop; Exterior zipper pocket; Side pockets with clip-on closure; Adjustable shoulder straps and top loop; 16.6ltr capacity 100% Recycled Polyester,5,https://target.scene7.com/is/image/Target/GUEST_00d1e281-bc59-467e-82b4-1d00b2fca76d?wid=1200&hei=1200&qlt=85,https://target.scene7.com/is/image/Target/GUEST_00d1e281-bc59-467e-82b4-1d00b2fca76d?wid=1200&hei=1200&qlt=85 | https://target.scene7.com/is/image/Target/GUEST_9bbe5e26-f4b5-486b-8db8-c149035f3d5e?wid=1200&hei=1200&qlt=85 | https://target.scene7.com/is/image/Target/GUEST_bfa9d2df-38d8-4113-8c45-a96a066df9bb?wid=1200&hei=1200&qlt=85 | https://target.scene7.com/is/image/Target/GUEST_283cb469-08bb-4235-99c0-9a81e2bc3c37?wid=1200&hei=1200&qlt=85 | https://target.scene7.com/is/image/Target/GUEST_db1b,True,False,100% Recycled Polyester,campus_student|eco_conscious,Puffer Backpack - Universal Thread™ Black,USD,40.0,,94780220,https://www.target.com/p/puffer-backpack-universal-thread/-/A-94810389?preselect=94780220#lnk=sametab,5,5,2026-02-23T16:45:23.546904,Mixed,199592033777,,19,Mixed | universal / bag | Mid,Puffer Backpack - Universal Thread™ Black,https://www.target.com/p/puffer-backpack-universal-thread/-/A-94810389?preselect=94780220#lnk=sametab
In Stock,4.6,Wild Fable,Spot or Wipe Clean,"Target > Clothing, Shoes & Accessories > Accessories > Handbags & Purses > Fashion Backpacks",,Mini backpack; Dome shape; Clear design; Top handle and double straps,10.5 Inches (H) x 9 Inches (W) x 4 Inches (D),"10.5"" Mini Dome Backpack - Wild Fable™ Clear: College Use, Zip Closure Wild Fable Mini backpack; Dome shape; Clear design; Top handle and double straps PVC (Polyvinyl Chloride)",6,https://target.scene7.com/is/image/Target/GUEST_a7b72904-12f3-4441-a72b-0c9115cf0813?wid=1200&hei=1200&qlt=85,https://target.scene7.com/is/image/Target/GUEST_a7b72904-12f3-4441-a72b-0c9115cf0813?wid=1200&hei=1200&qlt=85 | https://target.scene7.com/is/image/Target/GUEST_a4605aa0-7a59-4b1d-bce5-32cc2f97c237?wid=1200&hei=1200&qlt=85 | https://target.scene7.com/is/image/Target/GUEST_cc96dc75-57d6-446f-9782-a370f5859966?wid=1200&hei=1200&qlt=85 | https://target.scene7.com/is/image/Target/GUEST_cce2637d-6918-46f0-9f71-d0e54d9ceadc?wid=1200&hei=1200&qlt=85 | https://target.scene7.com/is/image/Target/GUEST_190f,True,False,PVC (Polyvinyl Chloride),micro_mini_impulse|value_mass|campus_student,"10.5"" Mini Dome Backpack - Wild Fable™ Clear: College Use, Zip Closure",USD,20.0,,87712183,https://www.target.com/p/10-5-34-mini-dome-backpack-wild-fable-8482-clear/-/A-87712183#lnk=sametab,353,353,2026-02-23T16:45:23.546904,Mixed,196983577001,,19,Mixed | universal / bag | Mid,"10.5"" Mini Dome Backpack - Wild Fable™ Clear: College Use, Zip Closure",https://www.target.com/p/10-5-34-mini-dome-backpack-wild-fable-8482-clear/-/A-87712183#lnk=sametab
In Stock,4.6,A New Day,Spot or Wipe Clean,"Target > Clothing, Shoes & Accessories > Accessories > Wallets",Black | Black/Woven | Brown/Woven | Dark Brown | Off-White | Pink | Purple | Silver | Tan | Yellow,"Large card case; Features an L shape; 3 card slots; Zipper closure; Attached ""O"" ring",3.25 Inches (H) x 5 Inches (W) x .62 Inches (D),"L-Zip Card Case - A New Day™ Black: Solid Wallet A New Day Large card case; Features an L shape; 3 card slots; Zipper closure; Attached ""O"" ring Polyurethane",9,https://target.scene7.com/is/image/Target/GUEST_f6e59526-cfba-4788-a827-abbe90db1970?wid=1200&hei=1200&qlt=85,https://target.scene7.com/is/image/Target/GUEST_f6e59526-cfba-4788-a827-abbe90db1970?wid=1200&hei=1200&qlt=85 | https://target.scene7.com/is/image/Target/GUEST_12247dfa-80eb-4682-9eda-5142a407ae6a?wid=1200&hei=1200&qlt=85 | https://target.scene7.com/is/image/Target/GUEST_7798b940-44d0-4712-a72a-bef05f565e71?wid=1200&hei=1200&qlt=85 | https://target.scene7.com/is/image/Target/GUEST_7e94eea2-21e6-4a49-8232-b694afcdbcef?wid=1200&hei=1200&qlt=85 | https://target.scene7.com/is/image/Target/GUEST_1a0b,True,False,Polyurethane,slg_small_leathers|value_mass,L-Zip Card Case - A New Day™ Black: Solid Wallet,USD,8.0,,89457633,https://www.target.com/p/l-zip-card-case-a-new-day/-/A-89489967?preselect=89457633#lnk=sametab,406,406,2026-02-23T16:45:23.546904,Mixed,197543797358,,7,Mixed | wallet / solid | Budget,L-Zip Card Case - A New Day™ Black: Solid Wallet,https://www.target.com/p/l-zip-card-case-a-new-day/-/A-89489967?preselect=89457633#lnk=sametab
In Stock,4.1,A New Day,Spot or Wipe Clean,"Target > Clothing, Shoes & Accessories > Accessories > Handbags & Purses > Bag Charms & Straps",,White mini handbag strap; Made of white faux-pearl string; Handheld style; Lobster claw clasps; 11in L; Spot or wipe clean,"11.4 Inches (L), .7 Inches (W)","Handheld Mini Handbag Strap - A New Day™ White: Solid Acrylic & Zinc Alloy Bag Accessory with Lobster Claw Clasp A New Day White mini handbag strap; Made of white faux-pearl string; Handheld style; Lobster claw clasps; 11in L; Spot or wipe clean Zinc Alloy, Acrylic",7,https://target.scene7.com/is/image/Target/GUEST_13afe551-f195-461d-b8ed-4e0c2be9108b?wid=1200&hei=1200&qlt=85,https://target.scene7.com/is/image/Target/GUEST_13afe551-f195-461d-b8ed-4e0c2be9108b?wid=1200&hei=1200&qlt=85 | https://target.scene7.com/is/image/Target/GUEST_0ba5945d-5d52-4219-a0e6-b8458d6a17df?wid=1200&hei=1200&qlt=85 | https://target.scene7.com/is/image/Target/GUEST_086719a2-ca40-4d93-b070-5f1bd0aaf5f2?wid=1200&hei=1200&qlt=85 | https://target.scene7.com/is/image/Target/GUEST_30da23aa-1fc0-4c74-b525-fe3d922afb79?wid=1200&hei=1200&qlt=85 | https://target.scene7.com/is/image/Target/GUEST_a9a8,True,False,"Zinc Alloy, Acrylic",gifting_ready|micro_mini_impulse,Handheld Mini Handbag Strap - A New Day™ White: Solid Acrylic & Zinc Alloy Bag Accessory with Lobster Claw Clasp,USD,5.0,,88889008,https://www.target.com/p/handheld-mini-handbag-strap-a-new-day-8482-white/-/A-88889008#lnk=sametab,147,147,2026-02-23T16:45:23.546904,Mixed,197543410974,,11,Mixed | bag / charm | Budget,Handheld Mini Handbag Strap - A New Day™ White: Solid Acrylic & Zinc Alloy Bag Accessory with Lobster Claw Clasp,https://www.target.com/p/handheld-mini-handbag-strap-a-new-day-8482-white/-/A-88889008#lnk=sametab
In Stock,4.5,Universal Thread,Do Not Submerge in Water,"Target > Clothing, Shoes & Accessories > Accessories > Handbags & Purses > Fashion Backpacks",Black | Blue | Ivory | Tan,"Universal Thread dome backpack with laptop pocket; Features a quilted pattern; Interior, exterior and side pockets; Zipper closure; Top handle and adjustable straps",18 Inches (H) x 12 Inches (W) x 6.25 Inches (D),"Quilted Dome Backpack - Universal Thread™ Black Universal Thread Universal Thread dome backpack with laptop pocket; Features a quilted pattern; Interior, exterior and side pockets; Zipper closure; Top handle and adjustable straps 100% Recycled Nylon",6,https://target.scene7.com/is/image/Target/GUEST_481f79c0-83ed-4140-9026-58160d7b60e3?wid=1200&hei=1200&qlt=85,https://target.scene7.com/is/image/Target/GUEST_481f79c0-83ed-4140-9026-58160d7b60e3?wid=1200&hei=1200&qlt=85 | https://target.scene7.com/is/image/Target/GUEST_a19f6b86-b5cf-4d22-94fa-326d71c86d89?wid=1200&hei=1200&qlt=85 | https://target.scene7.com/is/image/Target/GUEST_ccb23f5e-ac12-4ff2-9e58-67a1bdd7a866?wid=1200&hei=1200&qlt=85 | https://target.scene7.com/is/image/Target/GUEST_87b0e7be-c50c-4c1e-89d7-62ca23504f69?wid=1200&hei=1200&qlt=85 | https://target.scene7.com/is/image/Target/GUEST_581e,True,False,100% Recycled Nylon,campus_student|eco_conscious,Quilted Dome Backpack - Universal Thread™ Black,USD,35.0,,94270109,https://www.target.com/p/quilted-dome-backpack-universal-thread/-/A-94416290?preselect=94270109#lnk=sametab,50,50,2026-02-23T16:45:23.546904,Mixed,198850821446,,19,Mixed | universal / bag | Mid,Quilted Dome Backpack - Universal Thread™ Black,https://www.target.com/p/quilted-dome-backpack-universal-thread/-/A-94416290?preselect=94270109#lnk=sametab
In Stock,4.7,A New Day,Spot or Wipe Clean,"Target > Clothing, Shoes & Accessories > Accessories > Wallets",Black | Black/White | Brown | Green | Pink | Red | Tan | Yellow,Zipper wallet; Faux-leather design; Interior zip pocket and credit card pocket; Built-in loop,4 Inches (H) x 8 Inches (W) x 1 Inches (D),"Large Around Zip Wallet - A New Day™ Black: Shell, Solid Pattern, 8"" Width A New Day Zipper wallet; Faux-leather design; Interior zip pocket and credit card pocket; Built-in loop Polyurethane",9,https://target.scene7.com/is/image/Target/GUEST_5934b416-f743-4e07-ab9b-b7cf414d3183?wid=1200&hei=1200&qlt=85,https://target.scene7.com/is/image/Target/GUEST_5934b416-f743-4e07-ab9b-b7cf414d3183?wid=1200&hei=1200&qlt=85 | https://target.scene7.com/is/image/Target/GUEST_8680e764-73ad-434d-b6c9-8102d262fb2d?wid=1200&hei=1200&qlt=85 | https://target.scene7.com/is/image/Target/GUEST_37911161-dd82-41e1-abc8-cbf2edab0521?wid=1200&hei=1200&qlt=85 | https://target.scene7.com/is/image/Target/GUEST_e1b260e2-33d9-494f-8037-2d1b74e01e38?wid=1200&hei=1200&qlt=85 | https://target.scene7.com/is/image/Target/GUEST_4cd2,True,False,Polyurethane,slg_small_leathers,"Large Around Zip Wallet - A New Day™ Black: Shell, Solid Pattern, 8"" Width",USD,15.0,,89393179,https://www.target.com/p/large-around-zip-wallet-a-new-day/-/A-89489966?preselect=89393179#lnk=sametab,220,220,2026-02-23T16:45:23.546904,Mixed,198850691995,,7,Mixed | wallet / solid | Budget,"Large Around Zip Wallet - A New Day™ Black: Shell, Solid Pattern, 8"" Width",https://www.target.com/p/large-around-zip-wallet-a-new-day/-/A-89489966?preselect=89393179#lnk=sametab
In Stock,4.4,Universal Thread,Spot or Wipe Clean,Target > Luggage > Backpacks > Adult Backpacks,Black | Brown | Green | Off-White,Universal Thread sling bag; Main compartment with interior and exterior pockets; Unstructured design; Adjustable strap,9.5 Inches (H) x 5.5 Inches (W) x 3.25 Inches (D),"Sling Pack Crossbody Bag - Universal Thread™ Black: Adjustable Strap, Vinyl Construction, 57"" Max Length Universal Thread Universal Thread sling bag; Main compartment with interior and exterior pockets; Unstructured design; Adjustable strap Polyester",9,https://target.scene7.com/is/image/Target/GUEST_d2f62459-eb35-4ae3-aee9-a607f76aaf65?wid=1200&hei=1200&qlt=85,https://target.scene7.com/is/image/Target/GUEST_d2f62459-eb35-4ae3-aee9-a607f76aaf65?wid=1200&hei=1200&qlt=85 | https://target.scene7.com/is/image/Target/GUEST_3c604a77-990c-4e8a-9270-4c842ee2a9e5?wid=1200&hei=1200&qlt=85 | https://target.scene7.com/is/image/Target/GUEST_d9f9377f-0812-49da-ae25-d158bfa75943?wid=1200&hei=1200&qlt=85 | https://target.scene7.com/is/image/Target/GUEST_b88211ab-566d-4a91-8433-23d3d03aa10c?wid=1200&hei=1200&qlt=85 | https://target.scene7.com/is/image/Target/GUEST_03f4,True,False,Polyester,everyday_crossbody|value_mass,"Sling Pack Crossbody Bag - Universal Thread™ Black: Adjustable Strap, Vinyl Construction, 57"" Max Length",USD,25.0,,90366998,https://www.target.com/p/sling-pack-handbag-universal-thread/-/A-90564756?preselect=90366998#lnk=sametab,253,253,2026-02-23T16:45:23.546904,Mixed,198101062246,,25,Mixed | bag / crossbody | Mid,"Sling Pack Crossbody Bag - Universal Thread™ Black: Adjustable Strap, Vinyl Construction, 57"" Max Length",https://www.target.com/p/sling-pack-handbag-universal-thread/-/A-90564756?preselect=90366998#lnk=sametab
In Stock,4.5,Universal Thread,Spot or Wipe Clean,"Target > Clothing, Shoes & Accessories > Accessories > Handbags & Purses > Weekender Bags",Black | Cinnamon | Taupe,"Get yourself ready for the weekend or other short trips by carrying your essentials in the Essential Packable Weekender Duffel Bag from Universal Thread™. This duffel bag features a removable zip pouch inside and an exterior pocket to provide ample space for your items. Showcasing a collapsible design, this lightweight duffel bag can be conveniently packed away when not in use for space-saving storage, and it's easy to carry with the double handles. Universal Thread™: Found exclusively at Target","13 Inches (H), 17 Inches (W), 7.5 Inches (D)","Essential Packable Weekender Duffel Bag - Universal Thread™ Black: Lightweight, Collapsible, 32L Capacity Universal Thread Get yourself ready for the weekend or other short trips by carrying your essentials in the Essential Packable Weekender Duffel Bag from Universal Thread™. This duffel bag features a removable zip pouch inside and an exterior pocket to provide ample space for your items. Showcasing a collapsible design, this lightweight duffel bag can be conveniently packed away when not in",5,https://target.scene7.com/is/image/Target/GUEST_498cb1d4-cd66-449f-b018-5108f9ba589d?wid=1200&hei=1200&qlt=85,https://target.scene7.com/is/image/Target/GUEST_498cb1d4-cd66-449f-b018-5108f9ba589d?wid=1200&hei=1200&qlt=85 | https://target.scene7.com/is/image/Target/GUEST_4bbe4f51-e3ec-49f0-bc0d-73c9209e26ce?wid=1200&hei=1200&qlt=85 | https://target.scene7.com/is/image/Target/GUEST_a427df02-c963-4b77-a152-b47c1b00e5f2?wid=1200&hei=1200&qlt=85 | https://target.scene7.com/is/image/Target/GUEST_e05d977e-a313-4571-816a-35b9fb4ff395?wid=1200&hei=1200&qlt=85 | https://target.scene7.com/is/image/Target/GUEST_8a80,True,False,Nylon,travel_utility|oversized_carryall,"Essential Packable Weekender Duffel Bag - Universal Thread™ Black: Lightweight, Collapsible, 32L Capacity",USD,30.0,,92450028,https://www.target.com/p/essential-packable-weekender-duffel-bag-universal-thread/-/A-92750860?preselect=92450028#lnk=sametab,74,74,2026-02-23T16:45:23.546904,Mixed,198420263195,,19,Mixed | universal / bag | Mid,"Essential Packable Weekender Duffel Bag - Universal Thread™ Black: Lightweight, Collapsible, 32L Capacity",https://www.target.com/p/essential-packable-weekender-duffel-bag-universal-thread/-/A-92750860?preselect=92450028#lnk=sametab
In Stock,4.3,Universal Thread,Spot or Wipe Clean,"Target > Clothing, Shoes & Accessories > Accessories > Handbags & Purses > Fashion Backpacks",Black | Blue | Cherry Red | Green | Off-White | Olive Green,"Universal Thread square backpack in solid color; Cotton canvas material; Laptop pocket, interior and exterior pockets; Top handles and adjustable straps; Unstructured design with zip closures; Fits laptop up to 14in",14.75 Inches (H) x 12.5 Inches (W) x 4.25 Inches (D),"Square Backpack - Universal Thread™ Black: Recycled Nylon, Fits 14"" Laptop, College, Double Handle, 33.5"" Strap Length Universal Thread Universal Thread square backpack in solid color; Cotton canvas material; Laptop pocket, interior and exterior pockets; Top handles and adjustable straps; Unstructured design with zip closures; Fits laptop up to 14in 100% Recycled Polyester",10,https://target.scene7.com/is/image/Target/GUEST_153d4c4f-9900-4492-924e-edfbe8a8ecbf?wid=1200&hei=1200&qlt=85,https://target.scene7.com/is/image/Target/GUEST_153d4c4f-9900-4492-924e-edfbe8a8ecbf?wid=1200&hei=1200&qlt=85 | https://target.scene7.com/is/image/Target/GUEST_931c479f-4b13-4501-8d13-640841dd5a9f?wid=1200&hei=1200&qlt=85 | https://target.scene7.com/is/image/Target/GUEST_1952232c-eb8c-4abf-83ff-b42c198dcadd?wid=1200&hei=1200&qlt=85 | https://target.scene7.com/is/image/Target/GUEST_29772b4a-c2fd-4ac0-b112-0046731e858e?wid=1200&hei=1200&qlt=85 | https://target.scene7.com/is/image/Target/GUEST_769b,True,False,100% Recycled Polyester,campus_student|eco_conscious,"Square Backpack - Universal Thread™ Black: Recycled Nylon, Fits 14"" Laptop, College, Double Handle, 33.5"" Strap Length",USD,35.0,,90367003,https://www.target.com/p/square-backpack-universal-thread/-/A-90564757?preselect=90367003#lnk=sametab,140,140,2026-02-23T16:45:23.546904,Mixed,198101061997,,19,Mixed | universal / bag | Mid,"Square Backpack - Universal Thread™ Black: Recycled Nylon, Fits 14"" Laptop, College, Double Handle, 33.5"" Strap Length",https://www.target.com/p/square-backpack-universal-thread/-/A-90564757?preselect=90367003#lnk=sametab
In Stock,1.0,A New Day,Care Instructions Not Provided,"Target > Clothing, Shoes & Accessories > Accessories > Handbags & Purses > Bag Charms & Straps",,Valentine's Day BFF beaded heart bag charm; Made of metal; Lobster claw clasp closure; 6.2in L x 1.36in W; Suitable for ages 15+,"6.2 Inches (L), 1.36 Inches (W)",Valentine's Day BFF Beaded Heart Bag Charm - A New Day™ Red/Gold A New Day Valentine's Day BFF beaded heart bag charm; Made of metal; Lobster claw clasp closure; 6.2in L x 1.36in W; Suitable for ages 15+ Zinc Alloy,2,https://target.scene7.com/is/image/Target/GUEST_b860abd5-6370-47db-9ee5-4c9b5faebf05?wid=1200&hei=1200&qlt=85,https://target.scene7.com/is/image/Target/GUEST_b860abd5-6370-47db-9ee5-4c9b5faebf05?wid=1200&hei=1200&qlt=85 | https://target.scene7.com/is/image/Target/GUEST_5812c440-d1a1-4e1e-96fc-c8f87f310dc5?wid=1200&hei=1200&qlt=85,True,True,Zinc Alloy,gifting_ready|micro_mini_impulse,Valentine's Day BFF Beaded Heart Bag Charm - A New Day™ Red/Gold,USD,8.5,10.0,94778645,https://www.target.com/p/valentine-39-s-day-bff-beaded-heart-bag-charm-a-new-day-8482/-/A-94778645#lnk=sametab,2,2,2026-02-23T16:45:23.546904,Mixed,199592133507,,11,Mixed | bag / charm | Budget,Valentine's Day BFF Beaded Heart Bag Charm - A New Day™ Red/Gold,https://www.target.com/p/valentine-39-s-day-bff-beaded-heart-bag-charm-a-new-day-8482/-/A-94778645#lnk=sametab
In Stock,4.3,A New Day,Care Instructions Not Provided,"Target > Clothing, Shoes & Accessories > Accessories > Handbags & Purses > Bag Charms & Straps",InitialA,"Mother's Day handbag charm in gold; Features initial ""M"" and simulated pearls; Lobster claw clasp closure; Made of metal","2.5 Inches (L), .26 Inches (W)","Initial ""A"" and Simulated Pearl Bag Charm - A New Day™ Gold: Lobster Claw Clasp, Iron, Acrylic, Zinc Alloy A New Day Mother's Day handbag charm in gold; Features initial ""M"" and simulated pearls; Lobster claw clasp closure; Made of metal Zinc Alloy, Iron, Acrylic",2,https://target.scene7.com/is/image/Target/GUEST_925d622b-9b10-4b44-958f-45af16d5d8af?wid=1200&hei=1200&qlt=85,https://target.scene7.com/is/image/Target/GUEST_925d622b-9b10-4b44-958f-45af16d5d8af?wid=1200&hei=1200&qlt=85 | https://target.scene7.com/is/image/Target/GUEST_be281edf-67fd-4e76-aea1-9dc35fa6ab71?wid=1200&hei=1200&qlt=85,True,False,"Zinc Alloy, Iron, Acrylic",gifting_ready|micro_mini_impulse,"Initial ""A"" and Simulated Pearl Bag Charm - A New Day™ Gold: Lobster Claw Clasp, Iron, Acrylic, Zinc Alloy",USD,10.0,,93750656,https://www.target.com/p/initial-and-simulated-pearl-handbag-charm-a-new-day/-/A-93891624?preselect=93750656#lnk=sametab,123,123,2026-02-23T16:45:23.546904,Mixed,198850289581,,11,Mixed | bag / charm | Budget,"Initial ""A"" and Simulated Pearl Bag Charm - A New Day™ Gold: Lobster Claw Clasp, Iron, Acrylic, Zinc Alloy",https://www.target.com/p/initial-and-simulated-pearl-handbag-charm-a-new-day/-/A-93891624?preselect=93750656#lnk=sametab
In Stock,4.6,Universal Thread,Spot or Wipe Clean,"Target > Clothing, Shoes & Accessories > Accessories > Handbags & Purses > Bag Charms & Straps",,,"4.7 Inches (L), 2 Inches (W)",Cowboy Teddy Bear Bag Charm - Universal Thread™ Universal Thread Polyester,4,https://target.scene7.com/is/image/Target/GUEST_0425215c-1f1e-42e3-97b3-de7d7da39484?wid=1200&hei=1200&qlt=85,https://target.scene7.com/is/image/Target/GUEST_0425215c-1f1e-42e3-97b3-de7d7da39484?wid=1200&hei=1200&qlt=85 | https://target.scene7.com/is/image/Target/GUEST_43d75cba-8ef2-40d0-8e63-e1b57baa0666?wid=1200&hei=1200&qlt=85 | https://target.scene7.com/is/image/Target/GUEST_4f98065d-b6f4-4c3a-b078-e3a94e5097e1?wid=1200&hei=1200&qlt=85 | https://target.scene7.com/is/image/Target/GUEST_094c30ef-d054-4a7d-8887-3d88b5f21710?wid=1200&hei=1200&qlt=85,True,False,Polyester,gifting_ready|micro_mini_impulse,Cowboy Teddy Bear Bag Charm - Universal Thread™,USD,10.0,,94832348,https://www.target.com/p/cowboy-teddy-bear-bag-charm-universal-thread-8482/-/A-94832348#lnk=sametab,10,10,2026-02-23T16:45:23.546904,Mixed,199592125175,,6,Mixed | bag / charm | Budget,Cowboy Teddy Bear Bag Charm - Universal Thread™,https://www.target.com/p/cowboy-teddy-bear-bag-charm-universal-thread-8482/-/A-94832348#lnk=sametab
In Stock,4.5,Universal Thread,Spot or Wipe Clean,"Target > Clothing, Shoes & Accessories > Accessories > Handbags & Purses > Weekender Bags",Green | Orange | Pink,"Travel in style with this Velvet Essential Packable Weekender Duffel Bag from Universal Thread™. Designed with polyester velvet shell, this duffel bag blends everyday comfort with a touch of texture. It features a spacious zippered main compartment with an interior zip pocket and sleeves to keep your essentials secure and organized while on the go. Plus, the double-strap handles provide a comfortable grip for easy carrying around. Scan the care tag QR code to follow the journey of your item—mate","13.5 Inches (H), 13.5 Inches (W), 7.75 Inches (D)","Velvet Weekender Duffel Bag - Universal Thread™ Pink Universal Thread Travel in style with this Velvet Essential Packable Weekender Duffel Bag from Universal Thread™. Designed with polyester velvet shell, this duffel bag blends everyday comfort with a touch of texture. It features a spacious zippered main compartment with an interior zip pocket and sleeves to keep your essentials secure and organized while on the go. Plus, the double-strap handles provide a comfortable grip for easy carrying",9,https://target.scene7.com/is/image/Target/GUEST_9f8f5f92-660d-4f7c-9adc-93141de52e36?wid=1200&hei=1200&qlt=85,https://target.scene7.com/is/image/Target/GUEST_9f8f5f92-660d-4f7c-9adc-93141de52e36?wid=1200&hei=1200&qlt=85 | https://target.scene7.com/is/image/Target/GUEST_ab48d946-94ce-46a3-a19a-f93c0cf4ba5c?wid=1200&hei=1200&qlt=85 | https://target.scene7.com/is/image/Target/GUEST_7fe1e7ee-37d8-4b26-bd18-7942ac952f95?wid=1200&hei=1200&qlt=85 | https://target.scene7.com/is/image/Target/GUEST_34855e7c-f0be-4c44-8841-79955f8eb0ee?wid=1200&hei=1200&qlt=85 | https://target.scene7.com/is/image/Target/GUEST_5dad,True,False,Polyester,travel_utility|value_mass|oversized_carryall,Velvet Weekender Duffel Bag - Universal Thread™ Pink,USD,35.0,,94687154,https://www.target.com/p/velvet-essential-packable-weekender-duffel-bag-universal-thread/-/A-95040652?preselect=94687154#lnk=sametab,74,74,2026-02-23T16:45:23.546904,Mixed,199268398018,,8,Mixed | tote / bag | Mid,Velvet Weekender Duffel Bag - Universal Thread™ Pink,https://www.target.com/p/velvet-essential-packable-weekender-duffel-bag-universal-thread/-/A-95040652?preselect=94687154#lnk=sametab
In Stock,4.6,Universal Thread,Spot or Wipe Clean,"Target > Clothing, Shoes & Accessories > Accessories > Handbags & Purses > Fashion Backpacks",Black | Brown | Green | Off-White,Universal Thread square convertible backpack in a solid hue; Effortlessly switches to a tote bag and back; Single zip compartment with interior zip pocket and mobile pockets; Exterior pockets; Adjustable back straps; Double tote handles; Fits laptop up to 15in,14.5 Inches (H) x 12 Inches (W) x 5.25 Inches (D),"Square Convertible Backpack - Universal Thread™ Brown: Fits 15"" Laptop, Shell, College-Ready Design Universal Thread Universal Thread square convertible backpack in a solid hue; Effortlessly switches to a tote bag and back; Single zip compartment with interior zip pocket and mobile pockets; Exterior pockets; Adjustable back straps; Double tote handles; Fits laptop up to 15in Polyurethane",9,https://target.scene7.com/is/image/Target/GUEST_6557ace2-2372-44d7-9f13-bd23d00dfe51?wid=1200&hei=1200&qlt=85,https://target.scene7.com/is/image/Target/GUEST_6557ace2-2372-44d7-9f13-bd23d00dfe51?wid=1200&hei=1200&qlt=85 | https://target.scene7.com/is/image/Target/GUEST_877d9c3e-5c52-41c8-acd2-28d364c21dd5?wid=1200&hei=1200&qlt=85 | https://target.scene7.com/is/image/Target/GUEST_a5f9e70c-6f86-41f5-938f-c6baec7e4ecd?wid=1200&hei=1200&qlt=85 | https://target.scene7.com/is/image/Target/GUEST_c1205280-c3c4-4143-8b9f-1f99a6028175?wid=1200&hei=1200&qlt=85 | https://target.scene7.com/is/image/Target/GUEST_816e,True,False,Polyurethane,campus_student|convertible_multiway,"Square Convertible Backpack - Universal Thread™ Brown: Fits 15"" Laptop, Shell, College-Ready Design",USD,35.0,,90366993,https://www.target.com/p/square-convertible-backpack-universal-thread/-/A-90564789?preselect=90366993#lnk=sametab,126,126,2026-02-23T16:45:23.546904,Mixed,198101062055,,19,Mixed | universal / bag | Mid,"Square Convertible Backpack - Universal Thread™ Brown: Fits 15"" Laptop, Shell, College-Ready Design",https://www.target.com/p/square-convertible-backpack-universal-thread/-/A-90564789?preselect=90366993#lnk=sametab
In Stock,4.0,A New Day,Care Instructions Not Provided,"Target > Clothing, Shoes & Accessories > Accessories > Handbags & Purses > Bag Charms & Straps",,"Mixed horse handbag charms on chain; Features silver- and gold-tone charms; Horse head, horseshoe, ""Not My First Rodeo"" and more; Made of metal; Lobster claw clasp closure","6.5 Inches (L), 2.6 Inches (W)","Mixed Western and Horse Bag Charm - A New Day™ Gold/Silver A New Day Mixed horse handbag charms on chain; Features silver- and gold-tone charms; Horse head, horseshoe, ""Not My First Rodeo"" and more; Made of metal; Lobster claw clasp closure Iron, Zinc Alloy",2,https://target.scene7.com/is/image/Target/GUEST_290fba57-c4ee-43e7-bd36-c6f47100a17b?wid=1200&hei=1200&qlt=85,https://target.scene7.com/is/image/Target/GUEST_290fba57-c4ee-43e7-bd36-c6f47100a17b?wid=1200&hei=1200&qlt=85 | https://target.scene7.com/is/image/Target/GUEST_1f8d67ee-04b2-43e4-a5f5-d4f962717ae4?wid=1200&hei=1200&qlt=85,True,False,"Iron, Zinc Alloy",gifting_ready|micro_mini_impulse,Mixed Western and Horse Bag Charm - A New Day™ Gold/Silver,USD,10.0,,94569116,https://www.target.com/p/mixed-western-and-horse-bag-charm-a-new-day-8482-gold-silver/-/A-94569116#lnk=sametab,13,13,2026-02-23T16:45:23.546904,Mixed,199268320316,,11,Mixed | bag / charm | Budget,Mixed Western and Horse Bag Charm - A New Day™ Gold/Silver,https://www.target.com/p/mixed-western-and-horse-bag-charm-a-new-day-8482-gold-silver/-/A-94569116#lnk=sametab
In Stock,4.5,Universal Thread,Spot or Wipe Clean,"Target > Clothing, Shoes & Accessories > Accessories > Handbags & Purses > Weekender Bags",Black,"Get yourself ready for weekend trips or longer vacations with the Quilted Weekender Duffel Bag from Universal Thread™. This weekender duffel bag features a quilted pattern for a cool, textured look and an exterior pocket to give you extra space for your essentials. The collapsible design helps you save storage space while it's not being used, and double handles allow for easy carrying. Universal Thread™: Found exclusively at Target.","13 Inches (H), 17 Inches (W), 7.25 Inches (D)","Quilted Weekender Duffel Bag - Universal Thread™ Leopard Print Universal Thread Get yourself ready for weekend trips or longer vacations with the Quilted Weekender Duffel Bag from Universal Thread™. This weekender duffel bag features a quilted pattern for a cool, textured look and an exterior pocket to give you extra space for your essentials. The collapsible design helps you save storage space while it's not being used, and double handles allow for easy carrying. Universal Thread™: Found",10,https://target.scene7.com/is/image/Target/GUEST_bf731811-432b-4655-9174-f77e2fe052b0?wid=1200&hei=1200&qlt=85,https://target.scene7.com/is/image/Target/GUEST_bf731811-432b-4655-9174-f77e2fe052b0?wid=1200&hei=1200&qlt=85 | https://target.scene7.com/is/image/Target/GUEST_f315b843-231d-4e4d-a834-68202df272f7?wid=1200&hei=1200&qlt=85 | https://target.scene7.com/is/image/Target/GUEST_70207439-9ba5-4f73-aaa8-a15323e7face?wid=1200&hei=1200&qlt=85 | https://target.scene7.com/is/image/Target/GUEST_f60e7d70-47b0-410a-8f7e-d915351d1a14?wid=1200&hei=1200&qlt=85 | https://target.scene7.com/is/image/Target/GUEST_9aa8,True,False,Cotton,travel_utility|value_mass|oversized_carryall,Quilted Weekender Duffel Bag - Universal Thread™ Leopard Print,USD,30.0,,94338716,https://www.target.com/p/quilted-weekender-duffel-bag-universal-thread/-/A-94416286?preselect=94338716#lnk=sametab,43,43,2026-02-23T16:46:05.794252,Mixed,198850821576,,19,Mixed | universal / bag | Mid,Quilted Weekender Duffel Bag - Universal Thread™ Leopard Print,https://www.target.com/p/quilted-weekender-duffel-bag-universal-thread/-/A-94416286?preselect=94338716#lnk=sametab
In Stock,4.5,Wild Fable,Spot or Wipe Clean,"Target > Clothing, Shoes & Accessories > Accessories > Handbags & Purses > Fashion Backpacks",Black | Green | Pink | Tan,"Square backpack with padded laptop pocket; Interior, exterior and side pockets; Backpack straps and top handle; Zipper closure; Fits laptop up to 16in",15.25 Inches (H) x 12 Inches (W) x 5 Inches (D),"Square Backpack - Wild Fable™ Clear: TPU Shell, Fits 16"" Laptop, College Use Wild Fable Square backpack with padded laptop pocket; Interior, exterior and side pockets; Backpack straps and top handle; Zipper closure; Fits laptop up to 16in TPU (Thermoplastic Polyurethane)",10,https://target.scene7.com/is/image/Target/GUEST_52c5d814-52e6-4c61-8d35-8617a6f996c4?wid=1200&hei=1200&qlt=85,https://target.scene7.com/is/image/Target/GUEST_52c5d814-52e6-4c61-8d35-8617a6f996c4?wid=1200&hei=1200&qlt=85 | https://target.scene7.com/is/image/Target/GUEST_a4605aa0-7a59-4b1d-bce5-32cc2f97c237?wid=1200&hei=1200&qlt=85 | https://target.scene7.com/is/image/Target/GUEST_638a9844-6331-4ed5-a181-3825a71897f1?wid=1200&hei=1200&qlt=85 | https://target.scene7.com/is/image/Target/GUEST_9be4d249-3638-4226-ae22-8a1c2fe636da?wid=1200&hei=1200&qlt=85 | https://target.scene7.com/is/image/Target/GUEST_e79d,True,False,TPU (Thermoplastic Polyurethane),slg_small_leathers,"Square Backpack - Wild Fable™ Clear: TPU Shell, Fits 16"" Laptop, College Use",USD,25.0,,90366954,https://www.target.com/p/square-backpack-wild-fable/-/A-90564992?preselect=90366954#lnk=sametab,192,192,2026-02-23T16:46:05.794252,Mixed,198101062307,,26,Mixed | handbag / bag | Mid,"Square Backpack - Wild Fable™ Clear: TPU Shell, Fits 16"" Laptop, College Use",https://www.target.com/p/square-backpack-wild-fable/-/A-90564992?preselect=90366954#lnk=sametab
In Stock,4.8,A New Day,,"Target > Clothing, Shoes & Accessories > Accessories > Sunglasses & Eyeglasses",Black | Brown | Coral | Green | Light Pink | Mint Green | Pink | Red | Slate Black | Tan | White,Faux-leather eyeglasses case makes it easy to carry your eyeglasses; Padded construction helps prevent eyeglasses from bumps or scratches; Structured top with hinged corners ensures eyeglasses stay secure inside; Faux-leather design in a black hue for a touch of style,7 Inches (H) x 4 Inches (W) x .25 Inches (D),Facile Frame Glasses Case - A New Day™ Slate Black: Eyewear Accessory A New Day Faux-leather eyeglasses case makes it easy to carry your eyeglasses; Padded construction helps prevent eyeglasses from bumps or scratches; Structured top with hinged corners ensures eyeglasses stay secure inside; Faux-leather design in a black hue for a touch of style Polyurethane,10,https://target.scene7.com/is/image/Target/GUEST_4ce61292-3a77-4715-a378-ea998fda948c?wid=1200&hei=1200&qlt=85,https://target.scene7.com/is/image/Target/GUEST_4ce61292-3a77-4715-a378-ea998fda948c?wid=1200&hei=1200&qlt=85 | https://target.scene7.com/is/image/Target/GUEST_3964b575-73d6-4e2e-9ed4-5e69863ca11d?wid=1200&hei=1200&qlt=85 | https://target.scene7.com/is/image/Target/GUEST_c35f96e1-c684-4dcf-b8bc-9e9165c06a51?wid=1200&hei=1200&qlt=85 | https://target.scene7.com/is/image/Target/GUEST_b4c5ae35-c0c9-4470-be2b-d442e7c1c4d5?wid=1200&hei=1200&qlt=85 | https://target.scene7.com/is/image/Target/GUEST_3628,True,False,Polyurethane,slg_small_leathers,Facile Frame Glasses Case - A New Day™ Slate Black: Eyewear Accessory,USD,10.0,,90987398,https://www.target.com/p/facile-frame-glasses-case-a-new-day/-/A-83665817?preselect=90987398#lnk=sametab,512,512,2026-02-23T16:46:05.794252,Mixed,198101577009,,7,Mixed | wallet / solid | Budget,Facile Frame Glasses Case - A New Day™ Slate Black: Eyewear Accessory,https://www.target.com/p/facile-frame-glasses-case-a-new-day/-/A-83665817?preselect=90987398#lnk=sametab
In Stock,4.6,A New Day,,"Target > Clothing, Shoes & Accessories > Accessories > Sunglasses & Eyeglasses",Black | Brown | Green | Multicolored | Pink | Tan | White,Clamshell glasses case makes a handy accessory to carry and safely store your eyewear; Black pebbled finish gives it a classic textured look; Hard shell outer makes for durable use; Lightweight design is easily portable,3 Inches (H) x 6.5 Inches (W) x 2.5 Inches (D),"Clam Shell Glasses Case - A New Day™ Black: Solid Eyewear Accessory, Adult Use, 6.5"" Width, 3"" Height A New Day Clamshell glasses case makes a handy accessory to carry and safely store your eyewear; Black pebbled finish gives it a classic textured look; Hard shell outer makes for durable use; Lightweight design is easily portable Polyurethane",9,https://target.scene7.com/is/image/Target/GUEST_0212b347-1ae1-41bc-9a06-a69ef96ad658?wid=1200&hei=1200&qlt=85,https://target.scene7.com/is/image/Target/GUEST_0212b347-1ae1-41bc-9a06-a69ef96ad658?wid=1200&hei=1200&qlt=85 | https://target.scene7.com/is/image/Target/GUEST_af8eb3d2-6fac-4e8a-94a3-ef00f0b985db?wid=1200&hei=1200&qlt=85 | https://target.scene7.com/is/image/Target/GUEST_2c075818-1142-46cd-93f1-998607778978 | https://target.scene7.com/is/image/Target/GUEST_e1c188a0-c509-40a1-acff-225e25ef6db7 | https://target.scene7.com/is/image/Target/GUEST_90489a33-6ffb-4bcb-bac9-16c0defa1493 | https://target.,True,False,Polyurethane,campus_student,"Clam Shell Glasses Case - A New Day™ Black: Solid Eyewear Accessory, Adult Use, 6.5"" Width, 3"" Height",USD,10.0,,81424020,https://www.target.com/p/clam-shell-glasses-case-a-new-day/-/A-84266691?preselect=81424020#lnk=sametab,294,294,2026-02-23T16:46:05.794252,Mixed,199268101533,,7,Mixed | wallet / solid | Budget,"Clam Shell Glasses Case - A New Day™ Black: Solid Eyewear Accessory, Adult Use, 6.5"" Width, 3"" Height",https://www.target.com/p/clam-shell-glasses-case-a-new-day/-/A-84266691?preselect=81424020#lnk=sametab
In Stock,4.5,A New Day,Care Instructions Not Provided,"Target > Clothing, Shoes & Accessories > Accessories > Handbags & Purses > Bag Charms & Straps",Gold | Silver,Chain handbag strap; Shiny metallic finish; Attaches to any crossbody handbag; Lobster claw clasps; 47in; Spot or wipe clean,"46.8 Inches (L), .7 Inches (W)",Chain Crossbody Handbag Strap - A New Day™ Gold A New Day Chain handbag strap; Shiny metallic finish; Attaches to any crossbody handbag; Lobster claw clasps; 47in; Spot or wipe clean Zinc Alloy,7,https://target.scene7.com/is/image/Target/GUEST_c1fd03ee-8718-4b64-a811-825737071f0e?wid=1200&hei=1200&qlt=85,https://target.scene7.com/is/image/Target/GUEST_c1fd03ee-8718-4b64-a811-825737071f0e?wid=1200&hei=1200&qlt=85 | https://target.scene7.com/is/image/Target/GUEST_0ba5945d-5d52-4219-a0e6-b8458d6a17df?wid=1200&hei=1200&qlt=85 | https://target.scene7.com/is/image/Target/GUEST_2a496f90-49da-4673-a301-6921c58e6fca?wid=1200&hei=1200&qlt=85 | https://target.scene7.com/is/image/Target/GUEST_a355e79e-811b-401d-bf5f-87cd41d05930?wid=1200&hei=1200&qlt=85 | https://target.scene7.com/is/image/Target/GUEST_73ea,True,False,Zinc Alloy,convertible_multiway|value_mass,Chain Crossbody Handbag Strap - A New Day™ Gold,USD,10.0,,88922424,https://www.target.com/p/crossbody-handbag-strap-a-new-day/-/A-88996085?preselect=88922424#lnk=sametab,111,111,2026-02-23T16:46:05.794252,Mixed,197543411445,,11,Mixed | bag / charm | Budget,Chain Crossbody Handbag Strap - A New Day™ Gold,https://www.target.com/p/crossbody-handbag-strap-a-new-day/-/A-88996085?preselect=88922424#lnk=sametab
In Stock,0.0,Universal Thread,Spot or Wipe Clean,Target > Beauty > Makeup > Makeup Bags & Organizers,,"Keep your essentials organized in style with the 2-Piece Cosmetic Pouch Set from Universal Thread™. This pouch set comes in two different sizes to give you smart options for carrying cosmetics and other items. Compact in size, the set comes in a transparent zipper pouch for easy packing and maximizing space in your luggage. Universal Thread™: Found exclusively at Target.",5.07 Inches (H) x 3.74 Inches (W) x 7.28 Inches (D),"Cosmetic Pouch 2pc Set - Universal Thread™ Clear Universal Thread Keep your essentials organized in style with the 2-Piece Cosmetic Pouch Set from Universal Thread™. This pouch set comes in two different sizes to give you smart options for carrying cosmetics and other items. Compact in size, the set comes in a transparent zipper pouch for easy packing and maximizing space in your luggage. Universal Thread™: Found exclusively at Target. TPU (Thermoplastic Polyurethane)",4,https://target.scene7.com/is/image/Target/GUEST_63d363df-83a2-4814-84e9-5fea1c3a9ba0?wid=1200&hei=1200&qlt=85,https://target.scene7.com/is/image/Target/GUEST_63d363df-83a2-4814-84e9-5fea1c3a9ba0?wid=1200&hei=1200&qlt=85 | https://target.scene7.com/is/image/Target/GUEST_49780b01-35dd-4522-983a-23d3056f7964?wid=1200&hei=1200&qlt=85 | https://target.scene7.com/is/image/Target/GUEST_07074393-2a5c-4ebc-a3b5-ec7482a9c17b?wid=1200&hei=1200&qlt=85 | https://target.scene7.com/is/image/Target/GUEST_aa4742f4-5d5a-435d-b374-85fa9478a02a?wid=1200&hei=1200&qlt=85,True,False,TPU (Thermoplastic Polyurethane),gifting_ready|slg_small_leathers|value_mass,Cosmetic Pouch 2pc Set - Universal Thread™ Clear,USD,15.0,,94788214,https://www.target.com/p/cosmetic-pouch-2pc-set-universal-thread-8482-clear/-/A-94788214#lnk=sametab,0,0,2026-02-23T16:46:05.794252,Mixed,199592033814,,17,Mixed | bag / bembien | Premium,Cosmetic Pouch 2pc Set - Universal Thread™ Clear,https://www.target.com/p/cosmetic-pouch-2pc-set-universal-thread-8482-clear/-/A-94788214#lnk=sametab
In Stock,4.6,Universal Thread,Care Instructions Not Provided,"Target > Clothing, Shoes & Accessories > Accessories > Handbags & Purses > Bag Charms & Straps",Burgundy | Green,Universal Thread sport cord bag charm; Polyester material; Lobster claw clasp closure; 16in L x 1.35in W,"16 Inches (L), 1.35 Inches (W)",Sport Cord Bag Charm - Universal Thread™ Green Universal Thread Universal Thread sport cord bag charm; Polyester material; Lobster claw clasp closure; 16in L x 1.35in W Polyester,5,https://target.scene7.com/is/image/Target/GUEST_169f7615-1970-4a46-836e-adb6a904e80f?wid=1200&hei=1200&qlt=85,https://target.scene7.com/is/image/Target/GUEST_169f7615-1970-4a46-836e-adb6a904e80f?wid=1200&hei=1200&qlt=85 | https://target.scene7.com/is/image/Target/GUEST_758762c1-7aa8-4dfa-8c1d-c1d66ecff238?wid=1200&hei=1200&qlt=85 | https://target.scene7.com/is/image/Target/GUEST_de0b2e01-0443-4faf-a9dd-83b71eade7b6?wid=1200&hei=1200&qlt=85 | https://target.scene7.com/is/image/Target/GUEST_5bedac25-0e16-4353-ae63-f56fff9a7b81?wid=1200&hei=1200&qlt=85 | https://target.scene7.com/is/image/Target/GUEST_2180,True,False,Polyester,gifting_ready|value_mass,Sport Cord Bag Charm - Universal Thread™ Green,USD,10.0,,94440045,https://www.target.com/p/sport-cord-bag-charm-universal-thread/-/A-94594860?preselect=94440045#lnk=sametab,7,7,2026-02-23T16:46:05.794252,Mixed,198420864767,,11,Mixed | bag / charm | Budget,Sport Cord Bag Charm - Universal Thread™ Green,https://www.target.com/p/sport-cord-bag-charm-universal-thread/-/A-94594860?preselect=94440045#lnk=sametab
In Stock,4.0,A New Day,Spot or Wipe Clean,"Target > Clothing, Shoes & Accessories > Accessories > Wallets",Black | Brown | Cream,Zipper wallet wristlet; Polyurethane material; Multiple inner card slots; Detachable loop strap,3 Inches (H) x 4.5 Inches (W) x 2 Inches (D),Zipper Wallet Wristlet - A New Day™ Cream A New Day Zipper wallet wristlet; Polyurethane material; Multiple inner card slots; Detachable loop strap Polyurethane,6,https://target.scene7.com/is/image/Target/GUEST_c1cc1b8e-a49b-4d00-82d6-8ba80301b387?wid=1200&hei=1200&qlt=85,https://target.scene7.com/is/image/Target/GUEST_c1cc1b8e-a49b-4d00-82d6-8ba80301b387?wid=1200&hei=1200&qlt=85 | https://target.scene7.com/is/image/Target/GUEST_9d9fc82c-133e-429e-91ef-0e97bc5c9768?wid=1200&hei=1200&qlt=85 | https://target.scene7.com/is/image/Target/GUEST_f90ce4fe-dd62-4635-b83c-9e2f4315efb2?wid=1200&hei=1200&qlt=85 | https://target.scene7.com/is/image/Target/GUEST_4451c374-ad28-41e3-b1c2-f71874defa62?wid=1200&hei=1200&qlt=85 | https://target.scene7.com/is/image/Target/GUEST_d81f,True,False,Polyurethane,slg_small_leathers|value_mass,Zipper Wallet Wristlet - A New Day™ Cream,USD,12.0,,94780341,https://www.target.com/p/zipper-wallet-wristlet-a-new-day/-/A-94810395?preselect=94780341#lnk=sametab,4,4,2026-02-23T16:46:05.794252,Mixed,199592063590,,7,Mixed | wallet / solid | Budget,Zipper Wallet Wristlet - A New Day™ Cream,https://www.target.com/p/zipper-wallet-wristlet-a-new-day/-/A-94810395?preselect=94780341#lnk=sametab
In Stock,4.5,Wild Fable,Spot or Wipe Clean,"Target > Clothing, Shoes & Accessories > Accessories > Handbags & Purses > Fashion Backpacks",Black | Green,Woven dome backpack with laptop pocket; Interior and exterior pockets; 2 bottle holders; Zipper closure; Fits up to 12in laptop; Adjustable straps; Top handle,16.25 Inches (H) x 12.5 Inches (W) x 5.25 Inches (D),Nylon Collegiate Dome Backpack - Wild Fable™ Black Wild Fable Woven dome backpack with laptop pocket; Interior and exterior pockets; 2 bottle holders; Zipper closure; Fits up to 12in laptop; Adjustable straps; Top handle 100% Recycled Polyester,8,https://target.scene7.com/is/image/Target/GUEST_eae9d9c7-acf5-42bf-8c64-ecb025c459c9?wid=1200&hei=1200&qlt=85,https://target.scene7.com/is/image/Target/GUEST_eae9d9c7-acf5-42bf-8c64-ecb025c459c9?wid=1200&hei=1200&qlt=85 | https://target.scene7.com/is/image/Target/GUEST_a4605aa0-7a59-4b1d-bce5-32cc2f97c237?wid=1200&hei=1200&qlt=85 | https://target.scene7.com/is/image/Target/GUEST_01143d17-4071-446e-8b23-d74767624a9a?wid=1200&hei=1200&qlt=85 | https://target.scene7.com/is/image/Target/GUEST_28fe8d24-1ee3-42a4-98a9-96d8a1837238?wid=1200&hei=1200&qlt=85 | https://target.scene7.com/is/image/Target/GUEST_d4b1,True,False,100% Recycled Polyester,campus_student|eco_conscious,Nylon Collegiate Dome Backpack - Wild Fable™ Black,USD,25.0,,94269198,https://www.target.com/p/nylon-collegiate-dome-backpack-wild-fable/-/A-94897247?preselect=94269198#lnk=sametab,11,11,2026-02-23T16:46:05.794252,Mixed,198850781535,,19,Mixed | universal / bag | Mid,Nylon Collegiate Dome Backpack - Wild Fable™ Black,https://www.target.com/p/nylon-collegiate-dome-backpack-wild-fable/-/A-94897247?preselect=94269198#lnk=sametab
In Stock,4.3,Universal Thread,Spot or Wipe Clean,"Target > Clothing, Shoes & Accessories > Accessories > Handbags & Purses > Bag Charms & Straps",Blue | Cream | Green | Pink,Universal Thread micro satchel bag; Polyester material; Zipper closure; Loop charm strap,"4.33 Inches (L), 1.18 Inches (W)",Micro Satchel Bag Charm - Universal Thread™ Cream Universal Thread Universal Thread micro satchel bag; Polyester material; Zipper closure; Loop charm strap Cotton,4,https://target.scene7.com/is/image/Target/GUEST_be58f7e5-8cf1-4b6f-a931-1854f648ee17?wid=1200&hei=1200&qlt=85,https://target.scene7.com/is/image/Target/GUEST_be58f7e5-8cf1-4b6f-a931-1854f648ee17?wid=1200&hei=1200&qlt=85 | https://target.scene7.com/is/image/Target/GUEST_67df039e-1e87-4539-a3bc-bbe94cd819c0?wid=1200&hei=1200&qlt=85 | https://target.scene7.com/is/image/Target/GUEST_ea5106a3-a1aa-4932-84d0-38c9f0e70e63?wid=1200&hei=1200&qlt=85 | https://target.scene7.com/is/image/Target/GUEST_b853d78e-65ac-4646-87b2-f907aa9cdccc?wid=1200&hei=1200&qlt=85,True,False,Cotton,gifting_ready|value_mass,Micro Satchel Bag Charm - Universal Thread™ Cream,USD,12.0,,94780213,https://www.target.com/p/micro-satchel-bag-charm-universal-thread/-/A-94810390?preselect=94780213#lnk=sametab,4,4,2026-02-23T16:46:05.794252,Mixed,199592033715,,14,Mixed | bag / universal | Mid,Micro Satchel Bag Charm - Universal Thread™ Cream,https://www.target.com/p/micro-satchel-bag-charm-universal-thread/-/A-94810390?preselect=94780213#lnk=sametab
In Stock,4.4,Wild Fable,Spot or Wipe Clean,"Target > Clothing, Shoes & Accessories > Accessories > Handbags & Purses > Bag Charms & Straps",Black | Cream | Red | Yellow,Micro quilted pouch bag charm; Quilted pouch with zipper closure; Heart-shaped charm; Metal clasp closure,"7 Inches (L), 4.25 Inches (W)",Micro Quilted Pouch Bag Charm - Wild Fable™ Cream Wild Fable Micro quilted pouch bag charm; Quilted pouch with zipper closure; Heart-shaped charm; Metal clasp closure Polyester,7,https://target.scene7.com/is/image/Target/GUEST_eacd6f1d-55b0-4eb0-9a66-9618398ae442?wid=1200&hei=1200&qlt=85,https://target.scene7.com/is/image/Target/GUEST_eacd6f1d-55b0-4eb0-9a66-9618398ae442?wid=1200&hei=1200&qlt=85 | https://target.scene7.com/is/image/Target/GUEST_a4605aa0-7a59-4b1d-bce5-32cc2f97c237?wid=1200&hei=1200&qlt=85 | https://target.scene7.com/is/image/Target/GUEST_372fb029-db81-4b5d-b39a-fc6dd60e8e5e?wid=1200&hei=1200&qlt=85 | https://target.scene7.com/is/image/Target/GUEST_ff454eac-486a-47d1-a3c3-d4a0a6a8d1e4?wid=1200&hei=1200&qlt=85 | https://target.scene7.com/is/image/Target/GUEST_c665,True,False,Polyester,gifting_ready|value_mass,Micro Quilted Pouch Bag Charm - Wild Fable™ Cream,USD,10.0,,94686817,https://www.target.com/p/micro-quilted-pouch-bag-charm-wild-fable/-/A-94713227?preselect=94686817#lnk=sametab,25,25,2026-02-23T16:46:05.794252,Mixed,199268397196,,19,Mixed | universal / bag | Mid,Micro Quilted Pouch Bag Charm - Wild Fable™ Cream,https://www.target.com/p/micro-quilted-pouch-bag-charm-wild-fable/-/A-94713227?preselect=94686817#lnk=sametab
In Stock,4.6,A New Day,Spot or Wipe Clean,"Target > Clothing, Shoes & Accessories > Accessories > Handbags & Purses > Bag Charms & Straps",,Chain with faux leather crossbody handbag strap; Metal gold-tone chain and black faux leather; Lobster claw clasps; Attaches to any handbag; Spot or wipe clean,"49 Inches (L), .38 Inches (W)","Gold Chain with Faux Leather Crossbody Handbag Strap - A New Day™ Black/Gold: Metal Accessory A New Day Chain with faux leather crossbody handbag strap; Metal gold-tone chain and black faux leather; Lobster claw clasps; Attaches to any handbag; Spot or wipe clean Polyurethane, Metal",6,https://target.scene7.com/is/image/Target/GUEST_6c6f3aa2-16ee-4e5a-89d0-ee30e1d3c9a3?wid=1200&hei=1200&qlt=85,https://target.scene7.com/is/image/Target/GUEST_6c6f3aa2-16ee-4e5a-89d0-ee30e1d3c9a3?wid=1200&hei=1200&qlt=85 | https://target.scene7.com/is/image/Target/GUEST_cbbaa7c1-2e2e-4a3d-898c-a9177ca5fdbc?wid=1200&hei=1200&qlt=85 | https://target.scene7.com/is/image/Target/GUEST_ce0483f0-a27e-45f8-9a2f-b80006f580ee?wid=1200&hei=1200&qlt=85 | https://target.scene7.com/is/image/Target/GUEST_616ab1b6-5e33-414c-9282-b9ce084c9fbf?wid=1200&hei=1200&qlt=85 | https://target.scene7.com/is/image/Target/GUEST_fd20,True,False,"Polyurethane, Metal",convertible_multiway|value_mass,Gold Chain with Faux Leather Crossbody Handbag Strap - A New Day™ Black/Gold: Metal Accessory,USD,10.0,,90784361,https://www.target.com/p/gold-chain-with-faux-leather-crossbody-handbag-strap-a-new-day-8482-black-gold/-/A-90784361#lnk=sametab,16,16,2026-02-23T16:46:05.794252,Mixed,198101577153,,11,Mixed | bag / charm | Budget,Gold Chain with Faux Leather Crossbody Handbag Strap - A New Day™ Black/Gold: Metal Accessory,https://www.target.com/p/gold-chain-with-faux-leather-crossbody-handbag-strap-a-new-day-8482-black-gold/-/A-90784361#lnk=sametab
In Stock,4.8,Universal Thread,Spot or Wipe Clean,"Target > Clothing, Shoes & Accessories > Accessories > Handbags & Purses > Bag Charms & Straps",Black | Brown,Universal Thread solid-color crossbody handbag strap; Faux-leather construction; Adjustable buckle for customizable length; Lobster-claw clasps; Spot or wipe clean,"47.5 Inches (L), 1 Inches (W)",Adjustable Buckle Crossbody Handbag Strap - Universal Thread™ Brown: Bag Accessory Universal Thread Universal Thread solid-color crossbody handbag strap; Faux-leather construction; Adjustable buckle for customizable length; Lobster-claw clasps; Spot or wipe clean Polyurethane,8,https://target.scene7.com/is/image/Target/GUEST_4b827149-6ac0-48bd-9173-8ad1ec13b7e0?wid=1200&hei=1200&qlt=85,https://target.scene7.com/is/image/Target/GUEST_4b827149-6ac0-48bd-9173-8ad1ec13b7e0?wid=1200&hei=1200&qlt=85 | https://target.scene7.com/is/image/Target/GUEST_70773c00-3bb1-4efb-a249-63c4ce38f3a9?wid=1200&hei=1200&qlt=85 | https://target.scene7.com/is/image/Target/GUEST_47f68498-eac7-492f-adc5-67477750e53a?wid=1200&hei=1200&qlt=85 | https://target.scene7.com/is/image/Target/GUEST_2f44ee0a-fad5-4195-873f-6b5456f5d399?wid=1200&hei=1200&qlt=85 | https://target.scene7.com/is/image/Target/GUEST_75d4,True,False,Polyurethane,convertible_multiway,Adjustable Buckle Crossbody Handbag Strap - Universal Thread™ Brown: Bag Accessory,USD,6.5,,89956724,https://www.target.com/p/adjustable-buckle-crossbody-handbag-strap-universal-thread/-/A-91870646?preselect=89956724#lnk=sametab,36,36,2026-02-23T16:46:05.794252,Mixed,085239550212,,11,Mixed | bag / charm | Budget,Adjustable Buckle Crossbody Handbag Strap - Universal Thread™ Brown: Bag Accessory,https://www.target.com/p/adjustable-buckle-crossbody-handbag-strap-universal-thread/-/A-91870646?preselect=89956724#lnk=sametab
In Stock,4.0,Universal Thread,Care Instructions Not Provided,"Target > Clothing, Shoes & Accessories > Accessories > Handbags & Purses > Bag Charms & Straps",,Faux-suede fringe bag charm; Acrylic and polyester material; Lobster claw clasp closure; 6.25in L x 1.5in W; Suitable for ages 15+,"6.25 Inches (L), 1.5 Inches (W)","Faux Suede Fringe Bag Charm - Universal Thread™ Cream Universal Thread Faux-suede fringe bag charm; Acrylic and polyester material; Lobster claw clasp closure; 6.25in L x 1.5in W; Suitable for ages 15+ Zinc Alloy, Polyester, Acrylic",2,https://target.scene7.com/is/image/Target/GUEST_819a153b-9dba-4ca6-a877-9183d9c2b95c?wid=1200&hei=1200&qlt=85,https://target.scene7.com/is/image/Target/GUEST_819a153b-9dba-4ca6-a877-9183d9c2b95c?wid=1200&hei=1200&qlt=85 | https://target.scene7.com/is/image/Target/GUEST_dbae2905-41e5-41a2-bbb9-0ed0e945eae4?wid=1200&hei=1200&qlt=85,True,False,"Zinc Alloy, Polyester, Acrylic",gifting_ready,Faux Suede Fringe Bag Charm - Universal Thread™ Cream,USD,10.0,,94440156,https://www.target.com/p/faux-suede-fringe-bag-charm-universal-thread-8482-cream/-/A-94440156#lnk=sametab,3,3,2026-02-23T16:46:05.794252,Mixed,199268320378,,22,Mixed | straw / bag | Mid,Faux Suede Fringe Bag Charm - Universal Thread™ Cream,https://www.target.com/p/faux-suede-fringe-bag-charm-universal-thread-8482-cream/-/A-94440156#lnk=sametab
In Stock,4.1,A New Day,Care Instructions Not Provided,"Target > Clothing, Shoes & Accessories > Accessories > Wallets",Black,Unstructured clip-on pouch; Croissant shape; Made with faux leather; Zipper closure,3 Inches (H) x 5.25 Inches (W) x 2 Inches (D),"Croissant Clip On Pouch - A New Day™ Black: Solid Coin Purse, Unstructured Design A New Day Unstructured clip-on pouch; Croissant shape; Made with faux leather; Zipper closure Polyurethane",6,https://target.scene7.com/is/image/Target/GUEST_929b75db-23cc-4d20-be63-8be6aa20695d?wid=1200&hei=1200&qlt=85,https://target.scene7.com/is/image/Target/GUEST_929b75db-23cc-4d20-be63-8be6aa20695d?wid=1200&hei=1200&qlt=85 | https://target.scene7.com/is/image/Target/GUEST_368f9edc-6a49-4c07-98fa-f8e80122a381?wid=1200&hei=1200&qlt=85 | https://target.scene7.com/is/image/Target/GUEST_28a362c6-23c2-4ea2-af77-863922674286?wid=1200&hei=1200&qlt=85 | https://target.scene7.com/is/image/Target/GUEST_eab530a1-d3b9-46c8-b5b8-9c83d3a7d620?wid=1200&hei=1200&qlt=85 | https://target.scene7.com/is/image/Target/GUEST_32f1,True,False,Polyurethane,slg_small_leathers|gifting_ready,"Croissant Clip On Pouch - A New Day™ Black: Solid Coin Purse, Unstructured Design",USD,10.0,,91725093,https://www.target.com/p/croissant-clip-on-pouch-a-new-day/-/A-91980196?preselect=91725093#lnk=sametab,43,43,2026-02-23T16:46:05.794252,Mixed,198101994646,,7,Mixed | wallet / solid | Budget,"Croissant Clip On Pouch - A New Day™ Black: Solid Coin Purse, Unstructured Design",https://www.target.com/p/croissant-clip-on-pouch-a-new-day/-/A-91980196?preselect=91725093#lnk=sametab
In Stock,4.5,A New Day,Care Instructions Not Provided,"Target > Clothing, Shoes & Accessories > Accessories > Handbags & Purses > Bag Charms & Straps",,Chain handbag strap; Embellished with clear crystals; Double-chain style; Lobster-claw clasps; 46.8in L,"46.8 Inches (L), .79 Inches (W)","Chain Crossbody Handbag Strap - A New Day™ Clear/Crystal: Lobster Claw Clasp, Zinc Alloy, Solid Pattern A New Day Chain handbag strap; Embellished with clear crystals; Double-chain style; Lobster-claw clasps; 46.8in L Zinc Alloy",7,https://target.scene7.com/is/image/Target/GUEST_b94b1723-851a-460a-9e6d-1f82bc3c45b1?wid=1200&hei=1200&qlt=85,https://target.scene7.com/is/image/Target/GUEST_b94b1723-851a-460a-9e6d-1f82bc3c45b1?wid=1200&hei=1200&qlt=85 | https://target.scene7.com/is/image/Target/GUEST_0f4dc314-bc27-4e48-8195-ec9cadbf4ebb?wid=1200&hei=1200&qlt=85 | https://target.scene7.com/is/image/Target/GUEST_3950a9ac-65eb-44c5-b762-701f326bbc8e?wid=1200&hei=1200&qlt=85 | https://target.scene7.com/is/image/Target/GUEST_adfc71cd-833d-4fb5-8a5f-f9413aab2fa7?wid=1200&hei=1200&qlt=85 | https://target.scene7.com/is/image/Target/GUEST_c528,True,True,Zinc Alloy,convertible_multiway,"Chain Crossbody Handbag Strap - A New Day™ Clear/Crystal: Lobster Claw Clasp, Zinc Alloy, Solid Pattern",USD,6.5,10.0,88922425,https://www.target.com/p/chain-crossbody-handbag-strap-a-new-day-8482-clear-crystal/-/A-88922425#lnk=sametab,108,108,2026-02-23T16:46:05.794252,Mixed,197543411469,,11,Mixed | bag / charm | Budget,"Chain Crossbody Handbag Strap - A New Day™ Clear/Crystal: Lobster Claw Clasp, Zinc Alloy, Solid Pattern",https://www.target.com/p/chain-crossbody-handbag-strap-a-new-day-8482-clear-crystal/-/A-88922425#lnk=sametab
In Stock,5.0,A New Day,Spot or Wipe Clean,"Target > Clothing, Shoes & Accessories > Accessories > Handbags & Purses > Bag Charms & Straps",,,"5.38 Inches (L), 1 Inches (W)",Flower Bag Charm - A New Day™ A New Day Polyurethane,2,https://target.scene7.com/is/image/Target/GUEST_980a9843-e699-4435-bb6b-56c10cabb680?wid=1200&hei=1200&qlt=85,https://target.scene7.com/is/image/Target/GUEST_980a9843-e699-4435-bb6b-56c10cabb680?wid=1200&hei=1200&qlt=85 | https://target.scene7.com/is/image/Target/GUEST_4ea317ef-81f9-4ea3-9e77-45ccc5b361e9?wid=1200&hei=1200&qlt=85,True,False,Polyurethane,gifting_ready,Flower Bag Charm - A New Day™,USD,10.0,,94821620,https://www.target.com/p/flower-bag-charm-a-new-day-8482/-/A-94821620#lnk=sametab,1,1,2026-02-23T16:46:05.794252,Mixed,199592133422,,6,Mixed | bag / charm | Budget,Flower Bag Charm - A New Day™,https://www.target.com/p/flower-bag-charm-a-new-day-8482/-/A-94821620#lnk=sametab
In Stock,5.0,A New Day,Do Not Wash,"Target > Clothing, Shoes & Accessories > Accessories > Handbags & Purses > Bag Charms & Straps",,,"8.75 Inches (L), 2.5 Inches (W)",Straw Mini Tote Bag Charm - A New Day™ A New Day Paper,3,https://target.scene7.com/is/image/Target/GUEST_8fc95494-fcca-47f0-a35c-699152a23c98?wid=1200&hei=1200&qlt=85,https://target.scene7.com/is/image/Target/GUEST_8fc95494-fcca-47f0-a35c-699152a23c98?wid=1200&hei=1200&qlt=85 | https://target.scene7.com/is/image/Target/GUEST_9bba4838-ed9d-40df-8f41-829bb0e920a2?wid=1200&hei=1200&qlt=85 | https://target.scene7.com/is/image/Target/GUEST_3a5a31a0-b1d9-4eb6-bc29-4244a40b808b?wid=1200&hei=1200&qlt=85,True,False,Paper,gifting_ready,Straw Mini Tote Bag Charm - A New Day™,USD,10.0,,94844331,https://www.target.com/p/straw-mini-tote-bag-charm-a-new-day-8482/-/A-94844331#lnk=sametab,1,1,2026-02-23T16:46:05.794252,Mixed,199592133477,,5,Mixed | straw / bag | Budget,Straw Mini Tote Bag Charm - A New Day™,https://www.target.com/p/straw-mini-tote-bag-charm-a-new-day-8482/-/A-94844331#lnk=sametab
In Stock,4.9,Universal Thread,Care Instructions Not Provided,"Target > Clothing, Shoes & Accessories > Accessories > Handbags & Purses > Bag Charms & Straps",Gold | Silver,Universal Thread bag charm; Mixed metals; Fringe chain design; Lobster claw clasp closure; 7.75in L x 1.5in W,"7.75 Inches (L), 1.5 Inches (W)","Chain Fringe Dangle Bag Charm - Universal Thread™ Gold Universal Thread Universal Thread bag charm; Mixed metals; Fringe chain design; Lobster claw clasp closure; 7.75in L x 1.5in W Acrylic, Iron, Zinc Alloy",4,https://target.scene7.com/is/image/Target/GUEST_8f4d3aa8-2f96-4184-a2f2-27148a93b3f4?wid=1200&hei=1200&qlt=85,https://target.scene7.com/is/image/Target/GUEST_8f4d3aa8-2f96-4184-a2f2-27148a93b3f4?wid=1200&hei=1200&qlt=85 | https://target.scene7.com/is/image/Target/GUEST_a62d2890-8620-4b96-b73d-345007044d8e?wid=1200&hei=1200&qlt=85 | https://target.scene7.com/is/image/Target/GUEST_13a88f32-1a56-42f4-aec5-52c6f30028d2?wid=1200&hei=1200&qlt=85 | https://target.scene7.com/is/image/Target/GUEST_8cd512f0-f46b-4e93-936a-973528647b8c?wid=1200&hei=1200&qlt=85,True,False,"Acrylic, Iron, Zinc Alloy",gifting_ready,Chain Fringe Dangle Bag Charm - Universal Thread™ Gold,USD,10.0,,94440157,https://www.target.com/p/chain-fringe-dangle-bag-charm-universal-thread/-/A-94686074?preselect=94440157#lnk=sametab,11,11,2026-02-23T16:46:05.794252,Mixed,199268320354,,11,Mixed | bag / charm | Budget,Chain Fringe Dangle Bag Charm - Universal Thread™ Gold,https://www.target.com/p/chain-fringe-dangle-bag-charm-universal-thread/-/A-94686074?preselect=94440157#lnk=sametab
In Stock,4.8,Wild Fable,Spot or Wipe Clean,"Target > Clothing, Shoes & Accessories > Accessories > Handbags & Purses",Black | Clear | Green | Navy Blue | Pink | Red,Collegiate pouch; Zip closure; Cotton construction; Side handle with stripes,"8.5 Inches (L), 5 Inches (W)",Collegiate Zip Pouch - Wild Fable™ Clear Wild Fable Collegiate pouch; Zip closure; Cotton construction; Side handle with stripes TPU (Thermoplastic Polyurethane),10,https://target.scene7.com/is/image/Target/GUEST_fdedadb4-765d-4d26-a921-062a9997472f?wid=1200&hei=1200&qlt=85,https://target.scene7.com/is/image/Target/GUEST_fdedadb4-765d-4d26-a921-062a9997472f?wid=1200&hei=1200&qlt=85 | https://target.scene7.com/is/image/Target/GUEST_a4605aa0-7a59-4b1d-bce5-32cc2f97c237?wid=1200&hei=1200&qlt=85 | https://target.scene7.com/is/image/Target/GUEST_ab18980e-49c2-4e75-8463-1e181d2294f0?wid=1200&hei=1200&qlt=85 | https://target.scene7.com/is/image/Target/GUEST_09e36aea-2dcb-409b-a99e-d6b82905c75c?wid=1200&hei=1200&qlt=85 | https://target.scene7.com/is/image/Target/GUEST_b516,True,True,TPU (Thermoplastic Polyurethane),gifting_ready,Collegiate Zip Pouch - Wild Fable™ Clear,USD,8.5,10.0,94269228,https://www.target.com/p/collegiate-zip-pouch-wild-fable/-/A-94425753?preselect=94269228#lnk=sametab,28,28,2026-02-23T16:46:05.794252,Mixed,198850781931,,7,Mixed | wallet / solid | Budget,Collegiate Zip Pouch - Wild Fable™ Clear,https://www.target.com/p/collegiate-zip-pouch-wild-fable/-/A-94425753?preselect=94269228#lnk=sametab
In Stock,0.0,Universal Thread,Spot or Wipe Clean,"Target > Clothing, Shoes & Accessories > Accessories > Handbags & Purses > Bag Charms & Straps",,,"8.25 Inches (L), 2 Inches (W)","Sport Cord & Chili Pepper Bag Charm - Universal Thread™ Universal Thread Acrylic, Polyester",2,https://target.scene7.com/is/image/Target/GUEST_d91d9541-24a8-4cc8-a3ac-d59eb5ab0bbc?wid=1200&hei=1200&qlt=85,https://target.scene7.com/is/image/Target/GUEST_d91d9541-24a8-4cc8-a3ac-d59eb5ab0bbc?wid=1200&hei=1200&qlt=85 | https://target.scene7.com/is/image/Target/GUEST_60e4ebeb-075b-4fc2-987d-83f106a16fc7?wid=1200&hei=1200&qlt=85,True,False,"Acrylic, Polyester",gifting_ready|micro_mini_impulse|value_mass,Sport Cord & Chili Pepper Bag Charm - Universal Thread™,USD,10.0,,94832344,https://www.target.com/p/sport-cord-38-chili-pepper-bag-charm-universal-thread-8482/-/A-94832344#lnk=sametab,0,0,2026-02-23T16:46:05.794252,Mixed,199592125144,,6,Mixed | bag / charm | Budget,Sport Cord & Chili Pepper Bag Charm - Universal Thread™,https://www.target.com/p/sport-cord-38-chili-pepper-bag-charm-universal-thread-8482/-/A-94832344#lnk=sametab
In Stock,0.0,Universal Thread,Care Instructions Not Provided,"Target > Clothing, Shoes & Accessories > Accessories > Handbags & Purses > Bag Charms & Straps",,,"5.81 Inches (L), 1.55 Inches (W)","NY Handbag Charm Floral Print Keychain - Universal Thread™ Brown/Pink Universal Thread Zinc Alloy, Iron, Acrylic",2,https://target.scene7.com/is/image/Target/GUEST_e5bc1c5b-d08a-46f3-890f-1bc3e2626e4e?wid=1200&hei=1200&qlt=85,https://target.scene7.com/is/image/Target/GUEST_e5bc1c5b-d08a-46f3-890f-1bc3e2626e4e?wid=1200&hei=1200&qlt=85 | https://target.scene7.com/is/image/Target/GUEST_3fa8260f-4485-4fac-b2f3-c08d55e1c7ea?wid=1200&hei=1200&qlt=85,True,False,"Zinc Alloy, Iron, Acrylic",gifting_ready|micro_mini_impulse|value_mass,NY Handbag Charm Floral Print Keychain - Universal Thread™ Brown/Pink,USD,10.0,,94844279,https://www.target.com/p/floral-print-ny-bag-charm-universal-thread-8482/-/A-94844279#lnk=sametab,0,0,2026-02-23T16:46:05.794252,Mixed,199592125151,,11,Mixed | bag / charm | Budget,NY Handbag Charm Floral Print Keychain - Universal Thread™ Brown/Pink,https://www.target.com/p/floral-print-ny-bag-charm-universal-thread-8482/-/A-94844279#lnk=sametab
In Stock,0.0,Universal Thread,Care Instructions Not Provided,"Target > Clothing, Shoes & Accessories > Accessories > Handbags & Purses > Bag Charms & Straps",,,"5.81 Inches (L), 1.55 Inches (W)","LA Handbag Charm Tortoise Print Keychain - Universal Thread™ Blue/Green Universal Thread Zinc Alloy, Acrylic, Iron",2,https://target.scene7.com/is/image/Target/GUEST_89b339e4-2454-442e-a944-189c36267fb0?wid=1200&hei=1200&qlt=85,https://target.scene7.com/is/image/Target/GUEST_89b339e4-2454-442e-a944-189c36267fb0?wid=1200&hei=1200&qlt=85 | https://target.scene7.com/is/image/Target/GUEST_6d862b12-17e1-4f55-84ca-563ebc0af1e4?wid=1200&hei=1200&qlt=85,True,False,"Zinc Alloy, Acrylic, Iron",gifting_ready|micro_mini_impulse|value_mass,LA Handbag Charm Tortoise Print Keychain - Universal Thread™ Blue/Green,USD,10.0,,94844278,https://www.target.com/p/tortoise-print-la-bag-charm-universal-thread-8482/-/A-94844278#lnk=sametab,0,0,2026-02-23T16:46:05.794252,Mixed,199592125168,,11,Mixed | bag / charm | Budget,LA Handbag Charm Tortoise Print Keychain - Universal Thread™ Blue/Green,https://www.target.com/p/tortoise-print-la-bag-charm-universal-thread-8482/-/A-94844278#lnk=sametab
In Stock,0.0,A New Day,Do Not Wash,"Target > Clothing, Shoes & Accessories > Accessories > Handbags & Purses > Bag Charms & Straps",,,"9 Inches (L), 2 Inches (W)",Straw Strawberry Bag Charm - A New Day™ A New Day Paper,3,https://target.scene7.com/is/image/Target/GUEST_bc0a1fa4-5776-488c-9be0-423d78bc2cb5?wid=1200&hei=1200&qlt=85,https://target.scene7.com/is/image/Target/GUEST_bc0a1fa4-5776-488c-9be0-423d78bc2cb5?wid=1200&hei=1200&qlt=85 | https://target.scene7.com/is/image/Target/GUEST_b1422c87-6f7a-4935-8368-0df8d29d7587?wid=1200&hei=1200&qlt=85 | https://target.scene7.com/is/image/Target/GUEST_3a5a31a0-b1d9-4eb6-bc29-4244a40b808b?wid=1200&hei=1200&qlt=85,True,False,Paper,gifting_ready|micro_mini_impulse|value_mass,Straw Strawberry Bag Charm - A New Day™,USD,10.0,,94844333,https://www.target.com/p/straw-strawberry-bag-charm-a-new-day-8482/-/A-94844333#lnk=sametab,0,0,2026-02-23T16:46:05.794252,Mixed,199592133453,,5,Mixed | straw / bag | Budget,Straw Strawberry Bag Charm - A New Day™,https://www.target.com/p/straw-strawberry-bag-charm-a-new-day-8482/-/A-94844333#lnk=sametab
In Stock,5.0,A New Day,Spot or Wipe Clean,"Target > Clothing, Shoes & Accessories > Accessories > Handbags & Purses > Bag Charms & Straps",,,"5.11 Inches (L), 1.38 Inches (W)",Cherry Bag Charm - A New Day™ A New Day Polyurethane,2,https://target.scene7.com/is/image/Target/GUEST_0aa9308f-2cb3-490c-82b2-8a58df88cae4?wid=1200&hei=1200&qlt=85,https://target.scene7.com/is/image/Target/GUEST_0aa9308f-2cb3-490c-82b2-8a58df88cae4?wid=1200&hei=1200&qlt=85 | https://target.scene7.com/is/image/Target/GUEST_e56f466d-fe23-4089-9676-8eee49a8141d?wid=1200&hei=1200&qlt=85,True,False,Polyurethane,gifting_ready|micro_mini_impulse|value_mass,Cherry Bag Charm - A New Day™,USD,10.0,,94821621,https://www.target.com/p/cherry-bag-charm-a-new-day-8482/-/A-94821621#lnk=sametab,2,2,2026-02-23T16:45:57.790652,Mixed,199592133408,,6,Mixed | bag / charm | Budget,Cherry Bag Charm - A New Day™,https://www.target.com/p/cherry-bag-charm-a-new-day-8482/-/A-94821621#lnk=sametab
In Stock,0.0,A New Day,Do Not Wash,"Target > Clothing, Shoes & Accessories > Accessories > Handbags & Purses > Bag Charms & Straps",,,"3.75 Inches (L), 2.3 Inches (W)",Straw Mushroom Bag Charm - A New Day™ A New Day Paper,3,https://target.scene7.com/is/image/Target/GUEST_554cf493-fb72-4b03-a2c7-772a5843c2ed?wid=1200&hei=1200&qlt=85,https://target.scene7.com/is/image/Target/GUEST_554cf493-fb72-4b03-a2c7-772a5843c2ed?wid=1200&hei=1200&qlt=85 | https://target.scene7.com/is/image/Target/GUEST_be713301-0a8c-49a8-8a4d-4406849c6b1a?wid=1200&hei=1200&qlt=85 | https://target.scene7.com/is/image/Target/GUEST_3a5a31a0-b1d9-4eb6-bc29-4244a40b808b?wid=1200&hei=1200&qlt=85,True,False,Paper,gifting_ready|micro_mini_impulse|value_mass,Straw Mushroom Bag Charm - A New Day™,USD,10.0,,94849083,https://www.target.com/p/straw-mushroom-bag-charm-a-new-day-8482/-/A-94849083#lnk=sametab,0,0,2026-02-23T16:45:57.790652,Mixed,199592133491,,5,Mixed | straw / bag | Budget,Straw Mushroom Bag Charm - A New Day™,https://www.target.com/p/straw-mushroom-bag-charm-a-new-day-8482/-/A-94849083#lnk=sametab
In Stock,4.6,Wild Fable,Spot or Wipe Clean,"Target > Clothing, Shoes & Accessories > Accessories > Handbags & Purses > Bag Charms & Straps",Blue | Dark Blue | Dark Gold | Dark Orange | Dark Red | Gold | Green | Light Blue | Light Gold | Maroon | Navy Blue | Orange | Purple | Red | Yellow,Game Day bear handbag charm; Cute bear in sports jersey; Made from polyester fabric; Clip-on style,"5 Inches (L), 3.88 Inches (W)",Game Day Bear Bag Charm - Wild Fable™ Blue Wild Fable Game Day bear handbag charm; Cute bear in sports jersey; Made from polyester fabric; Clip-on style Polyester,9,https://target.scene7.com/is/image/Target/GUEST_c7a463b9-7fa7-4619-911d-bc0b9e2bfa11?wid=1200&hei=1200&qlt=85,https://target.scene7.com/is/image/Target/GUEST_c7a463b9-7fa7-4619-911d-bc0b9e2bfa11?wid=1200&hei=1200&qlt=85 | https://target.scene7.com/is/image/Target/GUEST_00a0fe99-f66b-4caf-88cf-67fe6aef032b?wid=1200&hei=1200&qlt=85 | https://target.scene7.com/is/image/Target/GUEST_9af88d44-9909-41c4-bf4e-675d43ac7cfe?wid=1200&hei=1200&qlt=85 | https://target.scene7.com/is/image/Target/GUEST_3f1699c0-7381-4de8-b461-7e6344c2b843?wid=1200&hei=1200&qlt=85 | https://target.scene7.com/is/image/Target/GUEST_3780,True,False,Polyester,gifting_ready|micro_mini_impulse|value_mass,Game Day Bear Bag Charm - Wild Fable™ Blue,USD,10.0,,94304619,https://www.target.com/p/game-day-bear-handbag-charm-wild-fable/-/A-94425754?preselect=94304619#lnk=sametab,21,21,2026-02-23T16:45:57.790652,Mixed,198850781887,,6,Mixed | bag / charm | Budget,Game Day Bear Bag Charm - Wild Fable™ Blue,https://www.target.com/p/game-day-bear-handbag-charm-wild-fable/-/A-94425754?preselect=94304619#lnk=sametab
In Stock,4.5,Universal Thread,Spot or Wipe Clean,"Target > Clothing, Shoes & Accessories > Accessories > Handbags & Purses > Bag Charms & Straps",Black | Black/Zebra Striped | Silver | Teal Blue,Universal Thread belt bag; Semi-circle shape; Interior and exterior pockets; Zipper closure; Attached D-ring,"5.12 Inches (L), 5.12 Inches (W)",Belt Bag Clip On Pouch - Universal Thread™ Silver: Solid Vinyl Wallet Accessory Universal Thread Universal Thread belt bag; Semi-circle shape; Interior and exterior pockets; Zipper closure; Attached D-ring Polyurethane,8,https://target.scene7.com/is/image/Target/GUEST_d99b78f7-0f43-4ce1-8dc0-bb567dec143f?wid=1200&hei=1200&qlt=85,https://target.scene7.com/is/image/Target/GUEST_d99b78f7-0f43-4ce1-8dc0-bb567dec143f?wid=1200&hei=1200&qlt=85 | https://target.scene7.com/is/image/Target/GUEST_fab29f46-702f-4c5d-96ff-36c805b92d6a?wid=1200&hei=1200&qlt=85 | https://target.scene7.com/is/image/Target/GUEST_609d3cbd-78cf-401b-bfec-8894ab6200d8?wid=1200&hei=1200&qlt=85 | https://target.scene7.com/is/image/Target/GUEST_65490404-17aa-478d-87c3-55c30e933474?wid=1200&hei=1200&qlt=85 | https://target.scene7.com/is/image/Target/GUEST_bc32,True,False,Polyurethane,gifting_ready|micro_mini_impulse|value_mass,Belt Bag Clip On Pouch - Universal Thread™ Silver: Solid Vinyl Wallet Accessory,USD,8.0,,90779615,https://www.target.com/p/belt-bag-pouch-wristlet-universal-thread/-/A-93128475?preselect=90779615#lnk=sametab,65,65,2026-02-23T16:45:57.790652,Mixed,198101566911,,25,Mixed | bag / crossbody | Mid,Belt Bag Clip On Pouch - Universal Thread™ Silver: Solid Vinyl Wallet Accessory,https://www.target.com/p/belt-bag-pouch-wristlet-universal-thread/-/A-93128475?preselect=90779615#lnk=sametab
In Stock,0.0,A New Day,Do Not Wash,"Target > Clothing, Shoes & Accessories > Accessories > Handbags & Purses > Bag Charms & Straps",,,"9.5 Inches (L), 1.5 Inches (W)",Straw Grape Bag Charm - A New Day™ A New Day Paper,3,https://target.scene7.com/is/image/Target/GUEST_e892a1ef-9d72-4a10-ad47-6211e3f7b554?wid=1200&hei=1200&qlt=85,https://target.scene7.com/is/image/Target/GUEST_e892a1ef-9d72-4a10-ad47-6211e3f7b554?wid=1200&hei=1200&qlt=85 | https://target.scene7.com/is/image/Target/GUEST_920ad21e-41d7-4825-8515-0923b56607a8?wid=1200&hei=1200&qlt=85 | https://target.scene7.com/is/image/Target/GUEST_3a5a31a0-b1d9-4eb6-bc29-4244a40b808b?wid=1200&hei=1200&qlt=85,True,False,Paper,micro_mini_impulse|gifting_ready|value_mass,Straw Grape Bag Charm - A New Day™,USD,10.0,,94844332,https://www.target.com/p/straw-grape-bag-charm-a-new-day-8482/-/A-94844332#lnk=sametab,0,0,2026-02-23T16:45:57.790652,Mixed,199592133446,,5,Mixed | straw / bag | Budget,Straw Grape Bag Charm - A New Day™,https://www.target.com/p/straw-grape-bag-charm-a-new-day-8482/-/A-94844332#lnk=sametab
In Stock,0.0,Universal Thread,Spot or Wipe Clean,"Target > Clothing, Shoes & Accessories > Accessories > Handbags & Purses > Fashion Backpacks",,"Universal Thread adaptable backpack; Made of 100% recycled polyester; Zippered exterior pocket, main compartment and back compartment; Inner mesh pocket; 2 bottle holders; Adjustable straps and removable backpack straps; Top handle",15.75 Inches (H) x 11.5 Inches (W) x 6.25 Inches (D),"Adaptable Backpack - Universal Thread™ Black Universal Thread Universal Thread adaptable backpack; Made of 100% recycled polyester; Zippered exterior pocket, main compartment and back compartment; Inner mesh pocket; 2 bottle holders; Adjustable straps and removable backpack straps; Top handle 100% Recycled Polyester",6,https://target.scene7.com/is/image/Target/GUEST_40075974-d78a-4081-bca6-046ef64c883d?wid=1200&hei=1200&qlt=85,https://target.scene7.com/is/image/Target/GUEST_40075974-d78a-4081-bca6-046ef64c883d?wid=1200&hei=1200&qlt=85 | https://target.scene7.com/is/image/Target/GUEST_ce23119e-6acd-4bc2-ac3d-15c6df6d8c88?wid=1200&hei=1200&qlt=85 | https://target.scene7.com/is/image/Target/GUEST_fe769a4b-267b-4aa5-a830-57c3d682ba86?wid=1200&hei=1200&qlt=85 | https://target.scene7.com/is/image/Target/GUEST_39eb077b-22d9-40f1-8865-1bdea1a8173f?wid=1200&hei=1200&qlt=85 | https://target.scene7.com/is/image/Target/GUEST_80fb,True,False,100% Recycled Polyester,campus_student|eco_conscious|convertible_multiway,Adaptable Backpack - Universal Thread™ Black,USD,35.0,,94270016,https://www.target.com/p/adaptable-backpack-universal-thread-8482-black/-/A-94270016#lnk=sametab,0,0,2026-02-23T16:45:57.790652,Mixed,198850821415,,19,Mixed | universal / bag | Mid,Adaptable Backpack - Universal Thread™ Black,https://www.target.com/p/adaptable-backpack-universal-thread-8482-black/-/A-94270016#lnk=sametab
In Stock,0.0,A New Day,Spot or Wipe Clean,"Target > Clothing, Shoes & Accessories > Accessories > Handbags & Purses > Bag Charms & Straps",,,"3 Inches (L), 2.5 Inches (W)",Miami Bag Charm - A New Day™ A New Day Acrylic,2,https://target.scene7.com/is/image/Target/GUEST_7401d94f-e28b-4a5c-8f40-e59f64893434?wid=1200&hei=1200&qlt=85,https://target.scene7.com/is/image/Target/GUEST_7401d94f-e28b-4a5c-8f40-e59f64893434?wid=1200&hei=1200&qlt=85 | https://target.scene7.com/is/image/Target/GUEST_cb8009a3-8253-4cdd-93e8-03d365edc25b?wid=1200&hei=1200&qlt=85,True,False,Acrylic,micro_mini_impulse|gifting_ready|value_mass,Miami Bag Charm - A New Day™,USD,10.0,,94821522,https://www.target.com/p/miami-bag-charm-a-new-day-8482/-/A-94821522#lnk=sametab,0,0,2026-02-23T16:45:57.790652,Mixed,199592133361,,6,Mixed | bag / charm | Budget,Miami Bag Charm - A New Day™,https://www.target.com/p/miami-bag-charm-a-new-day-8482/-/A-94821522#lnk=sametab
In Stock,0.0,A New Day,Spot or Wipe Clean,"Target > Clothing, Shoes & Accessories > Accessories > Handbags & Purses > Bag Charms & Straps",,,"3 Inches (L), 2 Inches (W)",LA Bag Charm - A New Day™ A New Day Acrylic,2,https://target.scene7.com/is/image/Target/GUEST_485f63d9-5d48-4255-8ea1-efc443b92de2?wid=1200&hei=1200&qlt=85,https://target.scene7.com/is/image/Target/GUEST_485f63d9-5d48-4255-8ea1-efc443b92de2?wid=1200&hei=1200&qlt=85 | https://target.scene7.com/is/image/Target/GUEST_7db53f99-8f1a-4e09-931a-a0bb09696a24?wid=1200&hei=1200&qlt=85,True,False,Acrylic,micro_mini_impulse|gifting_ready|value_mass,LA Bag Charm - A New Day™,USD,10.0,,94821521,https://www.target.com/p/la-bag-charm-a-new-day-8482/-/A-94821521#lnk=sametab,0,0,2026-02-23T16:45:57.790652,Mixed,199592133460,,6,Mixed | bag / charm | Budget,LA Bag Charm - A New Day™,https://www.target.com/p/la-bag-charm-a-new-day-8482/-/A-94821521#lnk=sametab
In Stock,0.0,A New Day,Spot or Wipe Clean,"Target > Clothing, Shoes & Accessories > Accessories > Handbags & Purses > Bag Charms & Straps",,,"3.38 Inches (L), 2 Inches (W)",Waikiki Bag Charm - A New Day™ A New Day Acrylic,2,https://target.scene7.com/is/image/Target/GUEST_63708aff-b8cd-41b6-9088-ec5a3487eac0?wid=1200&hei=1200&qlt=85,https://target.scene7.com/is/image/Target/GUEST_63708aff-b8cd-41b6-9088-ec5a3487eac0?wid=1200&hei=1200&qlt=85 | https://target.scene7.com/is/image/Target/GUEST_1d8771c5-c1bd-4f55-bf86-5e3376322b15?wid=1200&hei=1200&qlt=85,True,False,Acrylic,micro_mini_impulse|gifting_ready|value_mass,Waikiki Bag Charm - A New Day™,USD,10.0,,94821520,https://www.target.com/p/waikiki-bag-charm-a-new-day-8482/-/A-94821520#lnk=sametab,0,0,2026-02-23T16:45:57.790652,Mixed,199592133378,,6,Mixed | bag / charm | Budget,Waikiki Bag Charm - A New Day™,https://www.target.com/p/waikiki-bag-charm-a-new-day-8482/-/A-94821520#lnk=sametab
,4.827814569536423,J.Crew,"Our customer-favorite bag comes in a slightly larger size, with just enough room for everything you need. It's finished with a refreshed, streamlined design, an adjustable shoulder strap, an interior card pocket and a magnetic closure—so it's as practical as it is polished. Please note: The color in this suede fabric may transfer and should be handled with care.",Home > women > bags,Blonde Espresso,"Our customer-favorite bag comes in a slightly larger size, with just enough room for everything you need. It's finished with a refreshed, streamlined design, an adjustable shoulder strap, an interior card pocket and a magnetic closure—so it's as practical as it is polished. Please note: The color in this suede fabric may transfer and should be handled with care.100% leather.Leather trim.Cotton lining.Adjustable strap.Hidden magnetic closure.Imported.Select stores.Item CM933.Leather Working Group","10""H x 15""W x 3 1/4""D; 9""-11"" strap drop.","Berkeley shoulder bag in suede J.Crew Our customer-favorite bag comes in a slightly larger size, with just enough room for everything you need. It's finished with a refreshed, streamlined design, an adjustable shoulder strap, an interior card pocket and a magnetic closure—so it's as practical as it is polished. Please note: The color in this suede fabric may transfer and should be handled with care.100% leather.Leather trim.Cotton lining.Adjustable strap.Hidden magnetic closure.Imported.Select",11,"https://www.jcrew.com/s7-img-facade/CM933_EE7690?hei=1950&crop=0,0,1560,0","https://www.jcrew.com/s7-img-facade/CM933_EE7690?hei=1950&crop=0,0,1560,0 | https://www.jcrew.com/s7-img-facade/CM933_EE7690_v?hei=1700&crop=0,0,1360,0 | https://www.jcrew.com/s7-img-facade/CM933_EE7690_d2?hei=1080&crop=0,0,864,0 | https://www.jcrew.com/s7-img-facade/CM933_EE7690_d3?hei=1080&crop=0,0,864,0 | https://www.jcrew.com/s7-img-facade/CM933_EE7690_d4?hei=1080&crop=0,0,864,0 | https://www.jcrew.com/s7-img-facade/CM933_EE7690_d5?hei=1080&crop=0,0,864,0 | https://www.jcrew.com/s7-img-facad",,True,100% leather. Leather trim. Cotton lining. Adjustable strap. Hidden magnetic closure. Imported. Select stores. Item CM933.,everyday_crossbody|minimal_modern|luxury_signal,Berkeley shoulder bag in suede,USD,274.19,178,CM933,https://www.jcrew.com/p/womens/categories/accessories/bags/berkeley/CM933?display=all&fit=Classic&colorProductCode=CM933&colorCode=EE7690,151,151,2026-02-23T12:56:40Z,Mixed,CM933_EE7690,J.Crew,21,Mixed | shoulder / bag | Premium,Berkeley shoulder bag in suede,https://www.jcrew.com/p/womens/categories/accessories/bags/berkeley/CM933?display=all&fit=Classic&colorProductCode=CM933&colorCode=EE7690
,4.0,J.Crew,"We took our signature Berkeley bucket bag and softened things up with a new all-suede exterior and a more casual, slouchy shape you'll want to tote around every day. Please note: The color in this fabric may transfer and should be handled with care.",Home > women > bags,Darkest Indigo | Berkeley bucket bag in suede DARKEST INDIGO,"We took our signature Berkeley bucket bag and softened things up with a new all-suede exterior and a more casual, slouchy shape you'll want to tote around every day. Please note: The color in this fabric may transfer and should be handled with care.100% leather.Tie closure.Imported.Select stores.Item CM930.Leather Working Group™This purchase supportsLWG-certified tanneriesLearn more about our Re-imagined fibersShop all Re-imagined styles","12 1/2""H x 9""W x 5 7/8""D (bottom); 12 1/2""H x 13 1/4""W x 5 7/8""D (top). 9"" strap drop. Fits 14"" laptop.","Berkeley bucket bag in suede J.Crew We took our signature Berkeley bucket bag and softened things up with a new all-suede exterior and a more casual, slouchy shape you'll want to tote around every day. Please note: The color in this fabric may transfer and should be handled with care.100% leather.Tie closure.Imported.Select stores.Item CM930.Leather Working Group™This purchase supportsLWG-certified tanneriesLearn more about our Re-imagined fibersShop all Re-imagined styles 100% leather. Tie",8,"https://www.jcrew.com/s7-img-facade/CM930_BL7171_m?hei=1950&crop=0,0,1560,0","https://www.jcrew.com/s7-img-facade/CM930_BL7171_m?hei=1950&crop=0,0,1560,0 | https://www.jcrew.com/s7-img-facade/CM930_BL7171_d1?hei=1080&crop=0,0,864,0 | https://www.jcrew.com/s7-img-facade/CM930_BL7171_d2?hei=1080&crop=0,0,864,0 | https://www.jcrew.com/s7-img-facade/CM930_BL7171?hei=1080&crop=0,0,864,0 | https://www.jcrew.com/s7-img-facade/CM930_BL7171_m | https://www.jcrew.com/s7-img-facade/CM930_BL7171_d1 | https://www.jcrew.com/s7-img-facade/CM930_BL7171_d2 | https://www.jcrew.com/s7-img-f",,False,100% leather. Tie closure. Imported. Select stores. Item CM930.,weekend_bucket|minimal_modern|luxury_signal,Berkeley bucket bag in suede,USD,198,,CM930,https://www.jcrew.com/m/womens/categories/accessories/bags/berkeley/ME606?display=all&fit=Classic&colorProductCode=CM930&colorCode=BL7171,73,73,2026-02-23T12:56:54Z,Mixed,CM930_BL7171,J.Crew,18,Mixed | berkeley / bag | Premium,Berkeley bucket bag in suede,https://www.jcrew.com/m/womens/categories/accessories/bags/berkeley/ME606?display=all&fit=Classic&colorProductCode=CM930&colorCode=BL7171
,4.703883495145631,J.Crew,,Home > women > bags,Black | Delphine shoulder bag in leather BLACK,"Our design team considered every detail to give this chic carryall a custom feel, from the double-zipper closure to the feet along the bottom that protect against wear and tear. But our favorite innovation has to be the contrast suede lining, which we bonded to the outside for a slouchy-yet-structured finish. Everyday, elevated—indeed.100% leather.Custom hardware.Lined in suede.Imported.Select stores.Item CM951.Leather Working Group™This purchase supportsLWG-certified tanneriesLearn more about o","5""H x 10""W x 4 1/4""D; 9 1/2"" strap drop.","Delphine shoulder bag in leather J.Crew Our design team considered every detail to give this chic carryall a custom feel, from the double-zipper closure to the feet along the bottom that protect against wear and tear. But our favorite innovation has to be the contrast suede lining, which we bonded to the outside for a slouchy-yet-structured finish. Everyday, elevated—indeed.100% leather.Custom hardware.Lined in suede.Imported.Select stores.Item CM951.Leather Working Group™This purchase",6,"https://www.jcrew.com/s7-img-facade/CM951_BK0001?hei=1950&crop=0,0,1560,0","https://www.jcrew.com/s7-img-facade/CM951_BK0001?hei=1950&crop=0,0,1560,0 | https://www.jcrew.com/s7-img-facade/CM951_BK0001_d3?hei=1080&crop=0,0,864,0 | https://www.jcrew.com/s7-img-facade/CM951_BK0001_d4?hei=1080&crop=0,0,864,0 | https://www.jcrew.com/s7-img-facade/CM951_BK0001 | https://www.jcrew.com/s7-img-facade/CM951_BK0001_d3 | https://www.jcrew.com/s7-img-facade/CM951_BK0001_d4",,False,100% leather. Custom hardware. Lined in suede. Imported. Select stores. Item CM951.,everyday_crossbody|minimal_modern|luxury_signal,Delphine shoulder bag in leather,USD,178,,CM951,https://www.jcrew.com/m/womens/categories/accessories/bags/delphine/ME974?display=all&fit=Classic&colorProductCode=CM951&colorCode=BK0001,206,206,2026-02-23T12:57:12Z,Mixed,CM951_BK0001,J.Crew,20,Mixed | bag / shoulder | Premium,Delphine shoulder bag in leather,https://www.jcrew.com/m/womens/categories/accessories/bags/delphine/ME974?display=all&fit=Classic&colorProductCode=CM951&colorCode=BK0001
,4.81858407079646,J.Crew,,Home > women > bags,Radiant Ruby | Berkeley small shoulder bag in suede RADIANT RUBY,"Part of our best-selling Berkeley family, this soft suede style can be worn as a shoulder bag or crossbody, thanks to the adjustable strap. It's finished with signature gold-tone hardware and is just roomy enough for your essentials—plus your current book-club read.100% leather.Leather trim.Cotton lining.Removable adjustable crossbody strap.Hidden magnetic closure.Imported.Select stores.Item CM935.Leather Working Group™This purchase supportsLWG-certified tanneriesLearn more about our Re-imagined","5 3/4""H x 9 7/8""W x 4"" D; 5 1/2""-7 1/2"" strap drop.","Berkeley small shoulder bag in suede J.Crew Part of our best-selling Berkeley family, this soft suede style can be worn as a shoulder bag or crossbody, thanks to the adjustable strap. It's finished with signature gold-tone hardware and is just roomy enough for your essentials—plus your current book-club read.100% leather.Leather trim.Cotton lining.Removable adjustable crossbody strap.Hidden magnetic closure.Imported.Select stores.Item CM935.Leather Working Group™This purchase",10,"https://www.jcrew.com/s7-img-facade/CM935_RD0136?hei=1950&crop=0,0,1560,0","https://www.jcrew.com/s7-img-facade/CM935_RD0136?hei=1950&crop=0,0,1560,0 | https://www.jcrew.com/s7-img-facade/CM935_RD0136_d6?hei=1080&crop=0,0,864,0 | https://www.jcrew.com/s7-img-facade/CM935_RD0136_d8?hei=1080&crop=0,0,864,0 | https://www.jcrew.com/s7-img-facade/CM935_RD0136_d9?hei=1080&crop=0,0,864,0 | https://www.jcrew.com/s7-img-facade/CM935_RD0136_ed?hei=1080&crop=0,0,864,0 | https://www.jcrew.com/s7-img-facade/CM935_RD0136 | https://www.jcrew.com/s7-img-facade/CM935_RD0136_d6 | https:/",,False,100% leather. Leather trim. Cotton lining. Removable adjustable crossbody strap. Hidden magnetic closure. Imported. Select stores. Item CM935.,everyday_crossbody|luxury_signal|convertible_multiway,Berkeley small shoulder bag in suede,USD,148,,CM935,https://www.jcrew.com/m/womens/categories/accessories/bags/berkeley/ME975?display=all&fit=Classic&colorProductCode=CM935&colorCode=RD0136,226,226,2026-02-23T12:57:26Z,Mixed,CM935_RD0136,J.Crew,21,Mixed | shoulder / bag | Premium,Berkeley small shoulder bag in suede,https://www.jcrew.com/m/womens/categories/accessories/bags/berkeley/ME975?display=all&fit=Classic&colorProductCode=CM935&colorCode=RD0136
,4.6521739130434785,J.Crew,"Part of our best-selling Berkeley family, this suede shoulder bag comes in a slightly larger size, with just enough room for everything you need. It's finished with a sleek chainlink strap, a refreshed streamlined design, an interior card pocket and a magnetic closure—so it's as practical as it is polished. Please note: The color in this fabric may transfer and should be handled with care.",Home > women > bags,Warmed Walnut,"Part of our best-selling Berkeley family, this suede shoulder bag comes in a slightly larger size, with just enough room for everything you need. It's finished with a sleek chainlink strap, a refreshed streamlined design, an interior card pocket and a magnetic closure—so it's as practical as it is polished. Please note: The color in this fabric may transfer and should be handled with care.100% leather.Leather trim.Cotton lining.Hidden magnetic closure.Imported.Select stores.Item CM934.Leather Wo","10""H x 15""W x 3 1/4""D. 11"" strap drop.","Berkeley chainlink shoulder bag in suede J.Crew Part of our best-selling Berkeley family, this suede shoulder bag comes in a slightly larger size, with just enough room for everything you need. It's finished with a sleek chainlink strap, a refreshed streamlined design, an interior card pocket and a magnetic closure—so it's as practical as it is polished. Please note: The color in this fabric may transfer and should be handled with care.100% leather.Leather trim.Cotton lining.Hidden magnetic",12,"https://www.jcrew.com/s7-img-facade/CM934_BR8760_m?hei=1950&crop=0,0,1560,0","https://www.jcrew.com/s7-img-facade/CM934_BR8760_m?hei=1950&crop=0,0,1560,0 | https://www.jcrew.com/s7-img-facade/CM934_BR8760_d1?hei=1080&crop=0,0,864,0 | https://www.jcrew.com/s7-img-facade/CM934_BR8760_d3?hei=1080&crop=0,0,864,0 | https://www.jcrew.com/s7-img-facade/CM934_BR8760_d4?hei=1080&crop=0,0,864,0 | https://www.jcrew.com/s7-img-facade/CM934_BR8760_d5?hei=1080&crop=0,0,864,0 | https://www.jcrew.com/s7-img-facade/CM934_BR8760?hei=1080&crop=0,0,864,0 | https://www.jcrew.com/s7-img-facade",,True,100% leather. Leather trim. Cotton lining. Hidden magnetic closure. Imported. Select stores. Item CM934.,luxury_signal|everyday_crossbody,Berkeley chainlink shoulder bag in suede,USD,366.6,238,CM934,https://www.jcrew.com/p/womens/categories/accessories/bags/berkeley/CM934?display=all&fit=Classic&colorProductCode=CM934&colorCode=BR8760,92,92,2026-02-23T12:57:37Z,Mixed,CM934_BR8760,J.Crew,21,Mixed | shoulder / bag | Premium,Berkeley chainlink shoulder bag in suede,https://www.jcrew.com/p/womens/categories/accessories/bags/berkeley/CM934?display=all&fit=Classic&colorProductCode=CM934&colorCode=BR8760
,4.568627450980392,J.Crew,,Home > women > bags,Black | Drawstring pouch bag in leather BLACK,"Bring this sleek, statement-making drawstring bag to your next party for all the compliments. Because we love options, it comes with a removable top handle, so you can wear it on your arm or hold it as a clutch.Leather.Imported.Select stores.Item CP050.","6 1/4""H x 7 3/4""W x 2 5/8""D; 7"" handle drop.","Drawstring pouch bag in leather J.Crew Bring this sleek, statement-making drawstring bag to your next party for all the compliments. Because we love options, it comes with a removable top handle, so you can wear it on your arm or hold it as a clutch.Leather.Imported.Select stores.Item CP050. Leather. Imported. Select stores. Item CP050.",9,"https://www.jcrew.com/s7-img-facade/CP050_BK0001?hei=1950&crop=0,0,1560,0","https://www.jcrew.com/s7-img-facade/CP050_BK0001?hei=1950&crop=0,0,1560,0 | https://www.jcrew.com/s7-img-facade/CP050_BK0001_v?hei=1700&crop=0,0,1360,0 | https://www.jcrew.com/s7-img-facade/CP050_BK0001_d3?hei=1080&crop=0,0,864,0 | https://www.jcrew.com/s7-img-facade/CP050_BK0001_d4?hei=1080&crop=0,0,864,0 | https://www.jcrew.com/s7-img-facade/CP050_BK0001_d6?hei=1080&crop=0,0,864,0 | https://www.jcrew.com/s7-img-facade/CP050_BK0001 | https://www.jcrew.com/s7-img-facade/CP050_BK0001_d3 | https:/",,False,Leather. Imported. Select stores. Item CP050.,occasion_glam|statement_fashion,Drawstring pouch bag in leather,USD,148,,CP050,https://www.jcrew.com/m/womens/categories/accessories/bags/clutches-and-pouches/ME782?display=all&fit=Classic&colorProductCode=CP050&colorCode=BK0001,51,51,2026-02-23T12:57:58Z,Mixed,CP050_BK0001,J.Crew,12,Mixed | drawstring / pouch | Premium,Drawstring pouch bag in leather,https://www.jcrew.com/m/womens/categories/accessories/bags/clutches-and-pouches/ME782?display=all&fit=Classic&colorProductCode=CP050&colorCode=BK0001
,4.857142857142857,J.Crew,"Part of our best-selling Berkeley family, this structured shoulder bag comes in a slightly smaller size with just enough room for your essentials—plus your current book-club read. It's finished with a zipper closure, inner pockets and croc-embossed leather handles, aka the easiest way to add extra polish. Please note: The color in this fabric may transfer and should be handled with care.",Home > women > bags,Chocolate Berry,"Part of our best-selling Berkeley family, this structured shoulder bag comes in a slightly smaller size with just enough room for your essentials—plus your current book-club read. It's finished with a zipper closure, inner pockets and croc-embossed leather handles, aka the easiest way to add extra polish. Please note: The color in this fabric may transfer and should be handled with care.Suede body.Leather handles.Imported.Select stores.Item CR297.Leather Working Group™This purchase supportsLWG-c","6""H x 12 3/4""W. 8 1/2"" strap drop.","Berkeley structured shoulder bag in suede and croc-embossed leather J.Crew Part of our best-selling Berkeley family, this structured shoulder bag comes in a slightly smaller size with just enough room for your essentials—plus your current book-club read. It's finished with a zipper closure, inner pockets and croc-embossed leather handles, aka the easiest way to add extra polish. Please note: The color in this fabric may transfer and should be handled with care.Suede body.Leather",11,"https://www.jcrew.com/s7-img-facade/CR297_BR8801_m?hei=1950&crop=0,0,1560,0","https://www.jcrew.com/s7-img-facade/CR297_BR8801_m?hei=1950&crop=0,0,1560,0 | https://www.jcrew.com/s7-img-facade/CR297_BR8801_v?hei=1700&crop=0,0,1360,0 | https://www.jcrew.com/s7-img-facade/CR297_BR8801_d1?hei=1080&crop=0,0,864,0 | https://www.jcrew.com/s7-img-facade/CR297_BR8801_d3?hei=1080&crop=0,0,864,0 | https://www.jcrew.com/s7-img-facade/CR297_BR8801_d4?hei=1080&crop=0,0,864,0 | https://www.jcrew.com/s7-img-facade/CR297_BR8801?hei=1080&crop=0,0,864,0 | https://www.jcrew.com/s7-img-facade",,True,Suede body. Leather handles. Imported. Select stores. Item CR297.,work_tote|luxury_signal,Berkeley structured shoulder bag in suede and croc-embossed leather,USD,289.58,188,CR297,https://www.jcrew.com/p/womens/categories/accessories/bags/berkeley/CR297?display=all&fit=Classic&colorProductCode=CR297&colorCode=BR8801,7,7,2026-02-23T12:58:31Z,Mixed,CR297_BR8801,J.Crew,21,Mixed | shoulder / bag | Premium,Berkeley structured shoulder bag in suede and croc-embossed leather,https://www.jcrew.com/p/womens/categories/accessories/bags/berkeley/CR297?display=all&fit=Classic&colorProductCode=CR297&colorCode=BR8801
,4.556451612903226,J.Crew,,Home > women > bags,Natural,"Our latest style makes lugging everything around so cute and easy (including itself, since you can fold it neatly to store in your trunk or luggage). Inside, you'll also find an interior pocket so that essentials like your keys, sunglasses and SPF won't get lost.Paper.Leather lining.Imported.Select stores.Item BZ445.","12 1/2""H x 12 1/2""W x 12 1/2""D; 9"" handle drop.","Large handknotted packable tote bag J.Crew Our latest style makes lugging everything around so cute and easy (including itself, since you can fold it neatly to store in your trunk or luggage). Inside, you'll also find an interior pocket so that essentials like your keys, sunglasses and SPF won't get lost.Paper.Leather lining.Imported.Select stores.Item BZ445. Paper. Leather lining. Imported. Select stores. Item BZ445.",8,"https://www.jcrew.com/s7-img-facade/BZ445_NA6445?hei=1950&crop=0,0,1560,0","https://www.jcrew.com/s7-img-facade/BZ445_NA6445?hei=1950&crop=0,0,1560,0 | https://www.jcrew.com/s7-img-facade/BZ445_NA6445_d4?hei=1080&crop=0,0,864,0 | https://www.jcrew.com/s7-img-facade/BZ445_NA6445_d5?hei=1080&crop=0,0,864,0 | https://www.jcrew.com/s7-img-facade/BZ445_NA6445_d6?hei=1080&crop=0,0,864,0 | https://www.jcrew.com/s7-img-facade/BZ445_NA6445 | https://www.jcrew.com/s7-img-facade/BZ445_NA6445_d4 | https://www.jcrew.com/s7-img-facade/BZ445_NA6445_d5 | https://www.jcrew.com/s7-img-fa",,False,Paper. Leather lining. Imported. Select stores. Item BZ445.,oversized_carryall|eco_conscious,Large handknotted packable tote bag,USD,274.19,178,BZ445,https://www.jcrew.com/p/womens/categories/accessories/bags/straw/BZ445?display=all&fit=Classic&colorProductCode=BZ445&colorCode=NA6445,124,124,2026-02-23T12:59:03Z,Mixed,BZ445_NA6445,J.Crew,18,Mixed | berkeley / bag | Premium,Large handknotted packable tote bag,https://www.jcrew.com/p/womens/categories/accessories/bags/straw/BZ445?display=all&fit=Classic&colorProductCode=BZ445&colorCode=NA6445
,4.8493150684931505,J.Crew,,Home > women > bags,Sea Salt Crimson Cinder,this eye-catching tote is along for every spring adventure.Cotton.Import.Item BM842.,"15 1/2""H x 17""W x 2 5/8""D; 10"" handle drop.",Printed reusable everyday tote J.Crew this eye-catching tote is along for every spring adventure.Cotton.Import.Item BM842. Cotton. Import. Item BM842.,2,"https://www.jcrew.com/s7-img-facade/BM842_PT8750?hei=1950&crop=0,0,1560,0","https://www.jcrew.com/s7-img-facade/BM842_PT8750?hei=1950&crop=0,0,1560,0 | https://www.jcrew.com/s7-img-facade/BM842_PT8750",,False,Cotton. Import. Item BM842.,value_mass|everyday_crossbody,Printed reusable everyday tote,USD,30.04,,BM842,https://www.jcrew.com/p/womens/categories/accessories/bags/shoulder-bags/BM842?display=all&fit=Classic&colorProductCode=BM842&colorCode=PT8750,73,73,2026-02-23T12:59:35Z,Mixed,BM842_PT8750,J.Crew,13,Mixed | tote / bag | Premium,Printed reusable everyday tote,https://www.jcrew.com/p/womens/categories/accessories/bags/shoulder-bags/BM842?display=all&fit=Classic&colorProductCode=BM842&colorCode=PT8750
,5.0,J.Crew,,Home > women > bags,Washed Brown,"We took our signature tote and sized it up—making room for everything you need (and then some). With a slightly more structured silhouette, sleek flap closure and an extra-spacious interior, it's the all-day, everyday bag you've been waiting for. Plus, you'll love the expertly treated leather with a soft, lived-in patina (aka natural marks that add heritage-inspired character).100% leather.Cotton lining.Imported.Select stores.Item CR874.Leather Working Group™This purchase supportsLWG-certified t","10 1/2""H x 15 7/8""W x 7 1/4""D. 8 1/2"" strap drop.","Berkeley large tote in leather J.Crew We took our signature tote and sized it up—making room for everything you need (and then some). With a slightly more structured silhouette, sleek flap closure and an extra-spacious interior, it's the all-day, everyday bag you've been waiting for. Plus, you'll love the expertly treated leather with a soft, lived-in patina (aka natural marks that add heritage-inspired character).100% leather.Cotton lining.Imported.Select stores.Item CR874.Leather Working",12,"https://www.jcrew.com/s7-img-facade/CR874_EE9608?hei=1950&crop=0,0,1560,0","https://www.jcrew.com/s7-img-facade/CR874_EE9608?hei=1950&crop=0,0,1560,0 | https://www.jcrew.com/s7-img-facade/CR874_EE9608_d2?hei=1080&crop=0,0,864,0 | https://www.jcrew.com/s7-img-facade/CR874_EE9608_d3?hei=1080&crop=0,0,864,0 | https://www.jcrew.com/s7-img-facade/CR874_EE9608_d4?hei=1080&crop=0,0,864,0 | https://www.jcrew.com/s7-img-facade/CR874_EE9608_d5?hei=1080&crop=0,0,864,0 | https://www.jcrew.com/s7-img-facade/CR874_EE9608_d6?hei=1080&crop=0,0,864,0 | https://www.jcrew.com/s7-img-facad",,False,100% leather. Cotton lining. Imported. Select stores. Item CR874.,work_tote|luxury_signal,Berkeley large tote in leather,USD,505.22,328,CR874,https://www.jcrew.com/p/womens/categories/accessories/bags/berkeley/CR874?display=all&fit=Classic&colorProductCode=CR874&colorCode=EE9608,1,1,2026-02-23T13:00:07Z,Mixed,CR874_EE9608,J.Crew,18,Mixed | berkeley / bag | Premium,Berkeley large tote in leather,https://www.jcrew.com/p/womens/categories/accessories/bags/berkeley/CR874?display=all&fit=Classic&colorProductCode=CR874&colorCode=EE9608
,5.0,J.Crew,,Home > women > bags,Washed Brown | Evie shoulder bag in leather WASHED BROWN,"Meet Evie, a slightly larger, more relaxed take on our classic shoulder bags. This one has a soft slouch and two interior compartments for easy organization, plus a lock clasp and clochette detail to hang charms and keys. Plus, you'll love the expertly treated leather with a soft, lived-in patina (aka natural marks that add heritage-inspired character.)100% leather.Imported.Select stores.Item CR873.Leather Working Group™This purchase supportsLWG-certified tanneriesLearn more about our Re-imagine","7 1/2""H x 12 3/8""W x 4""D. 8 1/2"" strap drop.","Evie shoulder bag in leather J.Crew Meet Evie, a slightly larger, more relaxed take on our classic shoulder bags. This one has a soft slouch and two interior compartments for easy organization, plus a lock clasp and clochette detail to hang charms and keys. Plus, you'll love the expertly treated leather with a soft, lived-in patina (aka natural marks that add heritage-inspired character.)100% leather.Imported.Select stores.Item CR873.Leather Working Group™This purchase supportsLWG-certified",15,"https://www.jcrew.com/s7-img-facade/CR873_EE9608_m?hei=1950&crop=0,0,1560,0","https://www.jcrew.com/s7-img-facade/CR873_EE9608_m?hei=1950&crop=0,0,1560,0 | https://www.jcrew.com/s7-img-facade/CR873_EE9608_v?hei=1700&crop=0,0,1360,0 | https://www.jcrew.com/s7-img-facade/CR873_EE9608_d2?hei=1080&crop=0,0,864,0 | https://www.jcrew.com/s7-img-facade/CR873_EE9608_d3?hei=1080&crop=0,0,864,0 | https://www.jcrew.com/s7-img-facade/CR873_EE9608_d4?hei=1080&crop=0,0,864,0 | https://www.jcrew.com/s7-img-facade/CR873_EE9608_d5?hei=1080&crop=0,0,864,0 | https://www.jcrew.com/s7-img-fac",,False,100% leather. Imported. Select stores. Item CR873.,,Evie shoulder bag in leather,USD,228,,CR873,https://www.jcrew.com/m/womens/categories/accessories/bags/shoulder-bags/ME893?display=all&fit=Classic&colorProductCode=CR873&colorCode=EE9608,2,2,2026-02-23T13:00:39Z,Mixed,CR873_EE9608,J.Crew,20,Mixed | bag / shoulder | Premium,Evie shoulder bag in leather,https://www.jcrew.com/m/womens/categories/accessories/bags/shoulder-bags/ME893?display=all&fit=Classic&colorProductCode=CR873&colorCode=EE9608
,,J.Crew,"We took the slouchy suede bucket bag you love and added a removable belt with a custom buckle (which matches back to our belt collection for peak coordination). To keep things secure, it also comes with an easy self-tie closure on the inside. Please note: Color may transfer onto this style when worn with denim. Please handle with care.",Home > women > bags,Hot Desert,"We took the slouchy suede bucket bag you love and added a removable belt with a custom buckle (which matches back to our belt collection for peak coordination). To keep things secure, it also comes with an easy self-tie closure on the inside. Please note: Color may transfer onto this style when worn with denim. Please handle with care.100% leather.Imported.Select stores.Item CR875.Leather Working Group™This purchase supportsLWG-certified tanneriesLearn more about our Re-imagined fibersShop all R","12 1/2""H x 13 1/4""W x 5 7/8""D. 9"" strap drop.","Berkeley belted bucket bag in suede J.Crew We took the slouchy suede bucket bag you love and added a removable belt with a custom buckle (which matches back to our belt collection for peak coordination). To keep things secure, it also comes with an easy self-tie closure on the inside. Please note: Color may transfer onto this style when worn with denim. Please handle with care.100% leather.Imported.Select stores.Item CR875.Leather Working Group™This purchase supportsLWG-certified tanneriesLearn",10,"https://www.jcrew.com/s7-img-facade/CR875_NA6524?hei=1950&crop=0,0,1560,0","https://www.jcrew.com/s7-img-facade/CR875_NA6524?hei=1950&crop=0,0,1560,0 | https://www.jcrew.com/s7-img-facade/CR875_NA6524_d2?hei=1080&crop=0,0,864,0 | https://www.jcrew.com/s7-img-facade/CR875_NA6524_d3?hei=1080&crop=0,0,864,0 | https://www.jcrew.com/s7-img-facade/CR875_NA6524_d4?hei=1080&crop=0,0,864,0 | https://www.jcrew.com/s7-img-facade/CR875_NA6524_d5?hei=1080&crop=0,0,864,0 | https://www.jcrew.com/s7-img-facade/CR875_NA6524 | https://www.jcrew.com/s7-img-facade/CR875_NA6524_d2 | https:/",,True,100% leather. Imported. Select stores. Item CR875.,,Berkeley belted bucket bag in suede,USD,351.2,228,CR875,https://www.jcrew.com/p/womens/categories/accessories/bags/berkeley/CR875?display=all&fit=Classic&colorProductCode=CR875&colorCode=NA6524,,,2026-02-23T13:01:11Z,Mixed,CR875_NA6524,J.Crew,18,Mixed | berkeley / bag | Premium,Berkeley belted bucket bag in suede,https://www.jcrew.com/p/womens/categories/accessories/bags/berkeley/CR875?display=all&fit=Classic&colorProductCode=CR875&colorCode=NA6524
,5.0,J.Crew,"Meet Evie, a slightly larger, more relaxed take on our classic shoulder bags. This one has a soft slouch and two interior compartments for easy organization, plus a lock clasp and clochette detail to hang charms and keys. Please note: Color may transfer onto this style when worn with denim. Please handle with care.",Home > women > bags,Rosette Pink | Evie shoulder bag in suede ROSETTE PINK,"Meet Evie, a slightly larger, more relaxed take on our classic shoulder bags. This one has a soft slouch and two interior compartments for easy organization, plus a lock clasp and clochette detail to hang charms and keys. Please note: Color may transfer onto this style when worn with denim. Please handle with care.100% leather.Imported.Online only.Item CR872.Leather Working Group™This purchase supportsLWG-certified tanneriesLearn more about our Re-imagined fibersShop all Re-imagined styles","7 1/2""H x 12 3/8""W x 4""D. 8 1/2"" strap drop.","Evie shoulder bag in suede J.Crew Meet Evie, a slightly larger, more relaxed take on our classic shoulder bags. This one has a soft slouch and two interior compartments for easy organization, plus a lock clasp and clochette detail to hang charms and keys. Please note: Color may transfer onto this style when worn with denim. Please handle with care.100% leather.Imported.Online only.Item CR872.Leather Working Group™This purchase supportsLWG-certified tanneriesLearn more about our Re-imagined",6,"https://www.jcrew.com/s7-img-facade/CR872_EE9641?hei=1950&crop=0,0,1560,0","https://www.jcrew.com/s7-img-facade/CR872_EE9641?hei=1950&crop=0,0,1560,0 | https://www.jcrew.com/s7-img-facade/CR872_EE9641_d6?hei=1080&crop=0,0,864,0 | https://www.jcrew.com/s7-img-facade/CR872_EE9641_d7?hei=1080&crop=0,0,864,0 | https://www.jcrew.com/s7-img-facade/CR872_EE9641 | https://www.jcrew.com/s7-img-facade/CR872_EE9641_d6 | https://www.jcrew.com/s7-img-facade/CR872_EE9641_d7",,False,100% leather. Imported. Online only. Item CR872.,,Evie shoulder bag in suede,USD,228,,CR872,https://www.jcrew.com/m/womens/categories/accessories/bags/shoulder-bags/ME893?display=all&fit=Classic&colorProductCode=CR872&colorCode=EE9641,2,2,2026-02-23T13:01:43Z,Mixed,CR872_EE9641,J.Crew,21,Mixed | shoulder / bag | Premium,Evie shoulder bag in suede,https://www.jcrew.com/m/womens/categories/accessories/bags/shoulder-bags/ME893?display=all&fit=Classic&colorProductCode=CR872&colorCode=EE9641
,4.512820512820513,J.Crew,,Home > women > bags,Warmed Walnut,"Part of our Berkeley family, we took our signature bucket bag and sized it up—making room for more of what you need, from workday essentials to weekend extras. Crafted in leather that holds its shape—and its own—it's the polished carryall you've been asking for.100% leather.Tie closure.Imported.Select stores.Item CM931.Leather Working Group™This purchase supportsLWG-certified tanneriesLearn more about our Re-imagined fibersShop all Re-imagined styles","13 1/2""H x 10 5/8""W x 6 1/2""D (bottom). 13 1/2""H x 15""W x 6 1/2""D (top). 10"" strap drop. Fits 16"" laptop.","Berkeley big bucket bag in leather J.Crew Part of our Berkeley family, we took our signature bucket bag and sized it up—making room for more of what you need, from workday essentials to weekend extras. Crafted in leather that holds its shape—and its own—it's the polished carryall you've been asking for.100% leather.Tie closure.Imported.Select stores.Item CM931.Leather Working Group™This purchase supportsLWG-certified tanneriesLearn more about our Re-imagined fibersShop all Re-imagined styles",12,"https://www.jcrew.com/s7-img-facade/CM931_BR8760?hei=1950&crop=0,0,1560,0","https://www.jcrew.com/s7-img-facade/CM931_BR8760?hei=1950&crop=0,0,1560,0 | https://www.jcrew.com/s7-img-facade/CM931_BR8760_v?hei=1700&crop=0,0,1360,0 | https://www.jcrew.com/s7-img-facade/CM931_BK0001_v?hei=1700&crop=0,0,1360,0 | https://www.jcrew.com/s7-img-facade/CM931_BR8760_d4?hei=1080&crop=0,0,864,0 | https://www.jcrew.com/s7-img-facade/CM931_BK0001_d1?hei=1080&crop=0,0,864,0 | https://www.jcrew.com/s7-img-facade/CM931_BK0001_d3?hei=1080&crop=0,0,864,0 | https://www.jcrew.com/s7-img-facad",,True,100% leather. Tie closure. Imported. Select stores. Item CM931.,,Berkeley big bucket bag in leather,USD,351.2,228,CM931,https://www.jcrew.com/p/womens/categories/accessories/bags/berkeley/CM931?display=all&fit=Classic&colorProductCode=CM931&colorCode=BR8760,39,39,2026-02-23T13:02:15Z,Mixed,CM931_BR8760,J.Crew,18,Mixed | berkeley / bag | Premium,Berkeley big bucket bag in leather,https://www.jcrew.com/p/womens/categories/accessories/bags/berkeley/CM931?display=all&fit=Classic&colorProductCode=CM931&colorCode=BR8760
,4.703883495145631,J.Crew,,Home > women > bags,Perfect Chocolate | Delphine shoulder bag in suede PERFECT CHOCOLATE,"Our design team considered every detail to give this chic carryall a custom feel, from the double-zipper closure to the feet along the bottom that protect against wear and tear. But our favorite innovation has to be the contrast suede lining, which we bonded to the outside for a slouchy-yet-structured finish. Everyday, elevated—indeed.100% leather.Imported.Select stores.Item CP048.Leather Working Group™This purchase supportsLWG-certified tanneriesLearn more about our Re-imagined fibersShop all R","5""H x 10""W x 4 1/4""D; 9 1/2"" strap drop.","Delphine shoulder bag in suede J.Crew Our design team considered every detail to give this chic carryall a custom feel, from the double-zipper closure to the feet along the bottom that protect against wear and tear. But our favorite innovation has to be the contrast suede lining, which we bonded to the outside for a slouchy-yet-structured finish. Everyday, elevated—indeed.100% leather.Imported.Select stores.Item CP048.Leather Working Group™This purchase supportsLWG-certified tanneriesLearn more",9,"https://www.jcrew.com/s7-img-facade/CP048_EE8669?hei=1950&crop=0,0,1560,0","https://www.jcrew.com/s7-img-facade/CP048_EE8669?hei=1950&crop=0,0,1560,0 | https://www.jcrew.com/s7-img-facade/CP048_EE8669_v?hei=1700&crop=0,0,1360,0 | https://www.jcrew.com/s7-img-facade/CP048_EE8669_d2?hei=1080&crop=0,0,864,0 | https://www.jcrew.com/s7-img-facade/CP048_EE8669_d3?hei=1080&crop=0,0,864,0 | https://www.jcrew.com/s7-img-facade/CP048_EE8669_d4?hei=1080&crop=0,0,864,0 | https://www.jcrew.com/s7-img-facade/CP048_EE8669 | https://www.jcrew.com/s7-img-facade/CP048_EE8669_d2 | https:/",,True,100% leather. Imported. Select stores. Item CP048.,,Delphine shoulder bag in suede,USD,198,178,CP048,https://www.jcrew.com/m/womens/categories/accessories/bags/delphine/ME974?display=all&fit=Classic&colorProductCode=CP048&colorCode=EE8669,206,206,2026-02-23T13:02:47Z,Mixed,CP048_EE8669,J.Crew,20,Mixed | bag / shoulder | Premium,Delphine shoulder bag in suede,https://www.jcrew.com/m/womens/categories/accessories/bags/delphine/ME974?display=all&fit=Classic&colorProductCode=CP048&colorCode=EE8669
,4.2,J.Crew,,Home > women > bags,Black,"We took the sleek leather bucket bag you love and added a removable grommet-accented belt (which matches back to our belt collection for peak coordination). Bonus: To keep things secure, it also comes with an easy self-tie closure on the inside.Leather.Self-tie closure.Select stores.Item CR299.Leather Working Group™This purchase supportsLWG-certified tanneriesLearn more about our Re-imagined fibersShop all Re-imagined styles","12 1/2""H x 13 1/4""W. 1 1/8"" strap width. 9"" handle drop.","Berkeley belted bucket bag in studded leather J.Crew We took the sleek leather bucket bag you love and added a removable grommet-accented belt (which matches back to our belt collection for peak coordination). Bonus: To keep things secure, it also comes with an easy self-tie closure on the inside.Leather.Self-tie closure.Select stores.Item CR299.Leather Working Group™This purchase supportsLWG-certified tanneriesLearn more about our Re-imagined fibersShop all Re-imagined styles Leather. Self-tie",12,"https://www.jcrew.com/s7-img-facade/CR299_BK0001_m?hei=1950&crop=0,0,1560,0","https://www.jcrew.com/s7-img-facade/CR299_BK0001_m?hei=1950&crop=0,0,1560,0 | https://www.jcrew.com/s7-img-facade/CR299_BK0001_d2?hei=1080&crop=0,0,864,0 | https://www.jcrew.com/s7-img-facade/CR299_BK0001_d3?hei=1080&crop=0,0,864,0 | https://www.jcrew.com/s7-img-facade/CR299_BK0001_d4?hei=1080&crop=0,0,864,0 | https://www.jcrew.com/s7-img-facade/CR299_BK0001_d5?hei=1080&crop=0,0,864,0 | https://www.jcrew.com/s7-img-facade/CR299_BK0001?hei=1080&crop=0,0,864,0 | https://www.jcrew.com/s7-img-facade",,True,Leather. Self-tie closure. Select stores. Item CR299.,,Berkeley belted bucket bag in studded leather,USD,382.01,248,CR299,https://www.jcrew.com/p/womens/categories/accessories/bags/berkeley/CR299?display=all&fit=Classic&colorProductCode=CR299&colorCode=BK0001,5,5,2026-02-23T13:03:19Z,Mixed,CR299_BK0001,J.Crew,18,Mixed | berkeley / bag | Premium,Berkeley belted bucket bag in studded leather,https://www.jcrew.com/p/womens/categories/accessories/bags/berkeley/CR299?display=all&fit=Classic&colorProductCode=CR299&colorCode=BK0001
,4.81858407079646,J.Crew,"Part of our best-selling Berkeley family, this suede shoulder bag comes in our slightly smaller size, with just enough room for your essentials. It's finished with a sleek chainlink strap, a refreshed, streamlined design, an interior card pocket and a magnetic closure—so it's as practical as it is polished. Please note: The color in this fabric may transfer and should be handled with care.",Home > women > bags,Black,"Part of our best-selling Berkeley family, this suede shoulder bag comes in our slightly smaller size, with just enough room for your essentials. It's finished with a sleek chainlink strap, a refreshed, streamlined design, an interior card pocket and a magnetic closure—so it's as practical as it is polished. Please note: The color in this fabric may transfer and should be handled with care.100% leather.Imported.Select stores.Item CP938.Leather Working Group™This purchase supportsLWG-certified tan","5 3/4""H x 9 7/8""W x 3 1/2""D; 7 1/2"" handle drop.","Berkeley small chainlink shoulder bag in suede J.Crew Part of our best-selling Berkeley family, this suede shoulder bag comes in our slightly smaller size, with just enough room for your essentials. It's finished with a sleek chainlink strap, a refreshed, streamlined design, an interior card pocket and a magnetic closure—so it's as practical as it is polished. Please note: The color in this fabric may transfer and should be handled with care.100% leather.Imported.Select stores.Item",11,"https://www.jcrew.com/s7-img-facade/CP938_BK0001_m?hei=1950&crop=0,0,1560,0","https://www.jcrew.com/s7-img-facade/CP938_BK0001_m?hei=1950&crop=0,0,1560,0 | https://www.jcrew.com/s7-img-facade/CP938_BK0001_v?hei=1700&crop=0,0,1360,0 | https://www.jcrew.com/s7-img-facade/CP938_BK0001_d3?hei=1080&crop=0,0,864,0 | https://www.jcrew.com/s7-img-facade/CP938_BK0001_d4?hei=1080&crop=0,0,864,0 | https://www.jcrew.com/s7-img-facade/CP938_BK0001_d5?hei=1080&crop=0,0,864,0 | https://www.jcrew.com/s7-img-facade/CP938_BK0001?hei=1080&crop=0,0,864,0 | https://www.jcrew.com/s7-img-facade",,True,100% leather. Imported. Select stores. Item CP938.,,Berkeley small chainlink shoulder bag in suede,USD,304.98,198,CP938,https://www.jcrew.com/p/womens/categories/accessories/bags/berkeley/CP938?display=all&fit=Classic&colorProductCode=CP938&colorCode=BK0001,226,226,2026-02-23T13:03:51Z,Mixed,CP938_BK0001,J.Crew,21,Mixed | shoulder / bag | Premium,Berkeley small chainlink shoulder bag in suede,https://www.jcrew.com/p/womens/categories/accessories/bags/berkeley/CP938?display=all&fit=Classic&colorProductCode=CP938&colorCode=BK0001
,,J.Crew,,→Back| > Home > men > Bags & Wallets,Natural Patriot Blue,"Our medium tote bag is built in tough, durable cotton canvas, ideal for hauling all of your stuff. With exterior pockets for a pair of sneakers or a bunch of carrots, this size takes you to and from the farmer's market, the gym or an overnight. You'll find interior pockets, plus a key clip and a name tag so you can personalize the bag.Cotton canvas.Small flag label at front.Interior name label.Spot clean.Imported.Select stores.Item CQ923.","14""H x 20""W.","Medium seaport tote bag in washed canvas J.Crew Our medium tote bag is built in tough, durable cotton canvas, ideal for hauling all of your stuff. With exterior pockets for a pair of sneakers or a bunch of carrots, this size takes you to and from the farmer's market, the gym or an overnight. You'll find interior pockets, plus a key clip and a name tag so you can personalize the bag.Cotton canvas.Small flag label at front.Interior name label.Spot clean.Imported.Select stores.Item CQ923. Cotton",14,"https://www.jcrew.com/s7-img-facade/CQ923_PP7944_m?hei=1950&crop=0,0,1560,0","https://www.jcrew.com/s7-img-facade/CQ923_PP7944_m?hei=1950&crop=0,0,1560,0 | https://www.jcrew.com/s7-img-facade/CQ923_PP7944_d1?hei=1080&crop=0,0,864,0 | https://www.jcrew.com/s7-img-facade/CQ923_PP7944_d2?hei=1080&crop=0,0,864,0 | https://www.jcrew.com/s7-img-facade/CQ923_PP7944_d3?hei=1080&crop=0,0,864,0 | https://www.jcrew.com/s7-img-facade/CQ923_PP7944_d4?hei=1080&crop=0,0,864,0 | https://www.jcrew.com/s7-img-facade/CQ923_PP7944_d5?hei=1080&crop=0,0,864,0 | https://www.jcrew.com/s7-img-fac",,False,Cotton canvas. Small flag label at front. Interior name label. Spot clean. Imported. Select stores. Item CQ923.,,Medium seaport tote bag in washed canvas,USD,150.96,98,CQ923,https://www.jcrew.com/p/mens/categories/accessories/bags/messengers-and-totes/CQ923?display=all&fit=Classic&colorProductCode=CQ923&colorCode=PP7944,,,2026-02-23T13:04:24Z,Mixed,CQ923_PP7944,J.Crew,13,Mixed | tote / bag | Premium,Medium seaport tote bag in washed canvas,https://www.jcrew.com/p/mens/categories/accessories/bags/messengers-and-totes/CQ923?display=all&fit=Classic&colorProductCode=CQ923&colorCode=PP7944
,4.747292418772563,J.Crew,,Home > women,Windy Blossom | Berkeley small shoulder bag in leather WINDY BLOSSOM,"This latest addition to our best-selling Berkeley family can be worn as a shoulder bag or crossbody, thanks to the adjustable strap. It's finished with signature gold-tone hardware, colorful leather and a scaled-down proportion that's just roomy enough for your essentials—plus your current book-club read.100% leather.Adjustable strap.Imported.Select stores.Item CR880.Leather Working Group™This purchase supportsLWG-certified tanneriesLearn more about our Re-imagined fibersShop all Re-imagined sty","5 3/4""H x 10""W x 4""D. 7 1/2"" strap drop.","Berkeley small shoulder bag in leather J.Crew This latest addition to our best-selling Berkeley family can be worn as a shoulder bag or crossbody, thanks to the adjustable strap. It's finished with signature gold-tone hardware, colorful leather and a scaled-down proportion that's just roomy enough for your essentials—plus your current book-club read.100% leather.Adjustable strap.Imported.Select stores.Item CR880.Leather Working Group™This purchase supportsLWG-certified tanneriesLearn more about",10,"https://www.jcrew.com/s7-img-facade/CR880_PK0312?hei=1950&crop=0,0,1560,0","https://www.jcrew.com/s7-img-facade/CR880_PK0312?hei=1950&crop=0,0,1560,0 | https://www.jcrew.com/s7-img-facade/CR880_PK0312_d3?hei=1080&crop=0,0,864,0 | https://www.jcrew.com/s7-img-facade/CR880_PK0312_d4?hei=1080&crop=0,0,864,0 | https://www.jcrew.com/s7-img-facade/CR880_PK0312_d5?hei=1080&crop=0,0,864,0 | https://www.jcrew.com/s7-img-facade/CR880_PK0312_d6?hei=1080&crop=0,0,864,0 | https://www.jcrew.com/s7-img-facade/CR880_PK0312 | https://www.jcrew.com/s7-img-facade/CR880_PK0312_d3 | https:/",,False,100% leather. Adjustable strap. Imported. Select stores. Item CR880.,,Berkeley small shoulder bag in leather,USD,148,,CR880,https://www.jcrew.com/m/womens/categories/accessories/bags/ME975?display=all&fit=Classic&colorProductCode=CR880&colorCode=PK0312,277,277,2026-02-23T13:04:56Z,Mixed,CR880_PK0312,J.Crew,21,Mixed | shoulder / bag | Premium,Berkeley small shoulder bag in leather,https://www.jcrew.com/m/womens/categories/accessories/bags/ME975?display=all&fit=Classic&colorProductCode=CR880&colorCode=PK0312
,,J.Crew,,Home > women,English Saddle Natural,"We gave your favorite slouchy bucket bag a warm-weather makeover with handknotted raffia and polished leather details. For added security and structure, it also comes with an easy self-tie closure on the inside.Raffia.Handknotted.Imported.Select stores.Item CT839.","12 1/2""H x 13 1/4""W x 5 7/8""D. 9"" strap drop.","Berkeley handknotted bucket bag in raffia J.Crew We gave your favorite slouchy bucket bag a warm-weather makeover with handknotted raffia and polished leather details. For added security and structure, it also comes with an easy self-tie closure on the inside.Raffia.Handknotted.Imported.Select stores.Item CT839. Raffia. Handknotted. Imported. Select stores. Item CT839.",6,"https://www.jcrew.com/s7-img-facade/CT839_EE7109?hei=1950&crop=0,0,1560,0","https://www.jcrew.com/s7-img-facade/CT839_EE7109?hei=1950&crop=0,0,1560,0 | https://www.jcrew.com/s7-img-facade/CT839_EE7109_d3?hei=1080&crop=0,0,864,0 | https://www.jcrew.com/s7-img-facade/CT839_EE7109_d4?hei=1080&crop=0,0,864,0 | https://www.jcrew.com/s7-img-facade/CT839_EE7109 | https://www.jcrew.com/s7-img-facade/CT839_EE7109_d3 | https://www.jcrew.com/s7-img-facade/CT839_EE7109_d4",,False,Raffia. Handknotted. Imported. Select stores. Item CT839.,weekend_bucket|minimal_modern,Berkeley handknotted bucket bag in raffia,USD,304.98,198,CT839,https://www.jcrew.com/p/womens/categories/accessories/bags/CT839?display=all&fit=Classic&colorProductCode=CT839&colorCode=EE7109,,,2026-02-23T13:05:28Z,Mixed,CT839_EE7109,J.Crew,18,Mixed | berkeley / bag | Premium,Berkeley handknotted bucket bag in raffia,https://www.jcrew.com/p/womens/categories/accessories/bags/CT839?display=all&fit=Classic&colorProductCode=CT839&colorCode=EE7109
,,J.Crew,,Home > women,English Saddle Natural,"This latest addition to our best-selling Berkeley family can be worn as a shoulder bag or crossbody, thanks to the adjustable strap. It's finished with signature gold-tone hardware, spring-friendly raffia and a scaled-down proportion that's just roomy enough for your essentials—plus your current book-club read.Raffia.Leather trim.Handknotted.Imported.Select stores.Item CR882.","6""H x 9 1/2""W x 4 1/4""D. Crossbody strap length: 45 1/2"".","Berkeley small handknotted shoulder bag in raffia J.Crew This latest addition to our best-selling Berkeley family can be worn as a shoulder bag or crossbody, thanks to the adjustable strap. It's finished with signature gold-tone hardware, spring-friendly raffia and a scaled-down proportion that's just roomy enough for your essentials—plus your current book-club read.Raffia.Leather trim.Handknotted.Imported.Select stores.Item CR882. Raffia. Leather trim. Handknotted. Imported. Select stores.",12,"https://www.jcrew.com/s7-img-facade/CR882_EE7109_m?hei=1950&crop=0,0,1560,0","https://www.jcrew.com/s7-img-facade/CR882_EE7109_m?hei=1950&crop=0,0,1560,0 | https://www.jcrew.com/s7-img-facade/CR882_EE7109_d3?hei=1080&crop=0,0,864,0 | https://www.jcrew.com/s7-img-facade/CR882_EE7109_d4?hei=1080&crop=0,0,864,0 | https://www.jcrew.com/s7-img-facade/CR882_EE7109_d5?hei=1080&crop=0,0,864,0 | https://www.jcrew.com/s7-img-facade/CR882_EE7109_d6?hei=1080&crop=0,0,864,0 | https://www.jcrew.com/s7-img-facade/CR882_EE7109?hei=1080&crop=0,0,864,0 | https://www.jcrew.com/s7-img-facade",,False,Raffia. Leather trim. Handknotted. Imported. Select stores. Item CR882.,everyday_crossbody|minimal_modern,Berkeley small handknotted shoulder bag in raffia,USD,227.97,148,CR882,https://www.jcrew.com/p/womens/categories/accessories/bags/CR882?display=all&fit=Classic&colorProductCode=CR882&colorCode=EE7109,,,2026-02-23T13:06:00Z,Mixed,CR882_EE7109,J.Crew,21,Mixed | shoulder / bag | Premium,Berkeley small handknotted shoulder bag in raffia,https://www.jcrew.com/p/womens/categories/accessories/bags/CR882?display=all&fit=Classic&colorProductCode=CR882&colorCode=EE7109
,4.747292418772563,J.Crew,,Home > women,Hot Desert | Berkeley small shoulder bag in studded leather and suede HOT DESERT,"This latest addition to our best-selling Berkeley family can be worn as a shoulder bag or crossbody, thanks to the adjustable strap. It's finished with western-inspired studded leather accents, soft suede and a scaled-down proportion that's just roomy enough for your essentials.100% suede.Adjustable strap.Leather studs.Linen lining.Imported.Select stores.Item CR878.Leather Working Group™This purchase supportsLWG-certified tanneriesLearn more about our Re-imagined fibersShop all Re-imagined style","5 3/4""H x 10""W x 4""D. 7 1/2"" strap drop.","Berkeley small shoulder bag in studded leather and suede J.Crew This latest addition to our best-selling Berkeley family can be worn as a shoulder bag or crossbody, thanks to the adjustable strap. It's finished with western-inspired studded leather accents, soft suede and a scaled-down proportion that's just roomy enough for your essentials.100% suede.Adjustable strap.Leather studs.Linen lining.Imported.Select stores.Item CR878.Leather Working Group™This purchase supportsLWG-certified",12,"https://www.jcrew.com/s7-img-facade/CR878_NA6524_m?hei=1950&crop=0,0,1560,0","https://www.jcrew.com/s7-img-facade/CR878_NA6524_m?hei=1950&crop=0,0,1560,0 | https://www.jcrew.com/s7-img-facade/CR878_NA6524_d3?hei=1080&crop=0,0,864,0 | https://www.jcrew.com/s7-img-facade/CR878_NA6524_d4?hei=1080&crop=0,0,864,0 | https://www.jcrew.com/s7-img-facade/CR878_NA6524_d5?hei=1080&crop=0,0,864,0 | https://www.jcrew.com/s7-img-facade/CR878_NA6524_d6?hei=1080&crop=0,0,864,0 | https://www.jcrew.com/s7-img-facade/CR878_NA6524?hei=1080&crop=0,0,864,0 | https://www.jcrew.com/s7-img-facade",,False,100% suede. Adjustable strap. Leather studs. Linen lining. Imported. Select stores. Item CR878.,everyday_crossbody|statement_fashion,Berkeley small shoulder bag in studded leather and suede,USD,178,148,CR878,https://www.jcrew.com/m/womens/categories/accessories/bags/ME975?display=all&fit=Classic&colorProductCode=CR878&colorCode=NA6524,277,277,2026-02-23T13:06:32Z,Mixed,CR878_NA6524,J.Crew,20,Mixed | bag / shoulder | Premium,Berkeley small shoulder bag in studded leather and suede,https://www.jcrew.com/m/womens/categories/accessories/bags/ME975?display=all&fit=Classic&colorProductCode=CR878&colorCode=NA6524
,4.85792349726776,J.Crew,,Home > women > bags,Natural Straw | Como woven straw tote NATURAL STRAW como woven straw tote for women,"Our woven straw style is perfect for taking everywhere—from the farmer's market to your next beach vacation. Roomy and refined, it features slim leather straps and an updated shape that's flared at the opening for a modern look.Straw.Leather lining.Imported.Select stores.Item BZ003.","11 1/2""H x 23""W x 8""D; 11"" handle drop.","Como woven straw tote J.Crew Our woven straw style is perfect for taking everywhere—from the farmer's market to your next beach vacation. Roomy and refined, it features slim leather straps and an updated shape that's flared at the opening for a modern look.Straw.Leather lining.Imported.Select stores.Item BZ003. Straw. Leather lining. Imported. Select stores. Item BZ003.",6,"https://www.jcrew.com/s7-img-facade/BZ003_EB9318?hei=1950&crop=0,0,1560,0","https://www.jcrew.com/s7-img-facade/BZ003_EB9318?hei=1950&crop=0,0,1560,0 | https://www.jcrew.com/s7-img-facade/BZ003_EB9318_d3?hei=1080&crop=0,0,864,0 | https://www.jcrew.com/s7-img-facade/BZ003_EB9318_d4?hei=1080&crop=0,0,864,0 | https://www.jcrew.com/s7-img-facade/BZ003_EB9318 | https://www.jcrew.com/s7-img-facade/BZ003_EB9318_d3 | https://www.jcrew.com/s7-img-facade/BZ003_EB9318_d4",,False,Straw. Leather lining. Imported. Select stores. Item BZ003.,oversized_carryall|minimal_modern,Como woven straw tote,USD,227.97,148,BZ003,https://www.jcrew.com/p/womens/categories/accessories/bags/shoulder-bags/BZ003?display=all&fit=Classic&colorProductCode=BZ003&colorCode=EB9318,183,183,2026-02-23T13:07:04Z,Mixed,BZ003_EB9318,J.Crew,16,Mixed | tote / kayu | Premium,Como woven straw tote,https://www.jcrew.com/p/womens/categories/accessories/bags/shoulder-bags/BZ003?display=all&fit=Classic&colorProductCode=BZ003&colorCode=EB9318
,4.5625,J.Crew,,Home > women > bags,Natural English Saddle,"Our newest day-to-night take pairs handknotted paper straw and a magnetic leather closure with dramatic gold-tone hardware. Plus, we added a special shout-out to our heritage with oar-shaped details at the base of the handles, which were inspired by our classic labels from the '80s and '90s.Handknotted natural straw body.Leather trim.Imported.Select stores.Item CH254.","6""H x 9 1/2""W x 2""D. 9"" handle drop.","Berkeley buckle shoulder bag in handknotted straw J.Crew Our newest day-to-night take pairs handknotted paper straw and a magnetic leather closure with dramatic gold-tone hardware. Plus, we added a special shout-out to our heritage with oar-shaped details at the base of the handles, which were inspired by our classic labels from the '80s and '90s.Handknotted natural straw body.Leather trim.Imported.Select stores.Item CH254. Handknotted natural straw body. Leather trim. Imported. Select stores.",12,"https://www.jcrew.com/s7-img-facade/CH254_EE7217_m?hei=1950&crop=0,0,1560,0","https://www.jcrew.com/s7-img-facade/CH254_EE7217_m?hei=1950&crop=0,0,1560,0 | https://www.jcrew.com/s7-img-facade/CH254_EE7217_d1?hei=1080&crop=0,0,864,0 | https://www.jcrew.com/s7-img-facade/CH254_EE7217_d3?hei=1080&crop=0,0,864,0 | https://www.jcrew.com/s7-img-facade/CH254_EE7217_d4?hei=1080&crop=0,0,864,0 | https://www.jcrew.com/s7-img-facade/CH254_EE7217_d5?hei=1080&crop=0,0,864,0 | https://www.jcrew.com/s7-img-facade/CH254_EE7217?hei=1080&crop=0,0,864,0 | https://www.jcrew.com/s7-img-facade",,False,Handknotted natural straw body. Leather trim. Imported. Select stores. Item CH254.,oversized_carryall|minimal_modern,Berkeley buckle shoulder bag in handknotted straw,USD,227.97,148,CH254,https://www.jcrew.com/p/womens/categories/accessories/bags/berkeley/CH254?display=all&fit=Classic&colorProductCode=CH254&colorCode=EE7217,16,16,2026-02-23T13:07:15Z,Mixed,CH254_EE7217,J.Crew,21,Mixed | shoulder / bag | Premium,Berkeley buckle shoulder bag in handknotted straw,https://www.jcrew.com/p/womens/categories/accessories/bags/berkeley/CH254?display=all&fit=Classic&colorProductCode=CH254&colorCode=EE7217
,4.4,J.Crew,"Part of our best-selling Berkeley family, this soft suede shoulder bag comes in a slightly smaller size with just enough room for your essentials—plus your current book-club read. It's finished with a zipper closure, inner pockets and a structured silhouette that always looks pulled-together. Please note: The color in this fabric may transfer and should be handled with care.",Home > women > bags,Seagull,"Part of our best-selling Berkeley family, this soft suede shoulder bag comes in a slightly smaller size with just enough room for your essentials—plus your current book-club read. It's finished with a zipper closure, inner pockets and a structured silhouette that always looks pulled-together. Please note: The color in this fabric may transfer and should be handled with care.Suede.Imported.Select stores.Item CR296.Leather Working Group™This purchase supportsLWG-certified tanneriesLearn more about","6""H x 12 3/4""W. 8 1/2"" strap drop.","Berkeley structured shoulder bag in suede J.Crew Part of our best-selling Berkeley family, this soft suede shoulder bag comes in a slightly smaller size with just enough room for your essentials—plus your current book-club read. It's finished with a zipper closure, inner pockets and a structured silhouette that always looks pulled-together. Please note: The color in this fabric may transfer and should be handled with care.Suede.Imported.Select stores.Item CR296.Leather Working Group™This",10,"https://www.jcrew.com/s7-img-facade/CR296_EE9628_m?hei=1950&crop=0,0,1560,0","https://www.jcrew.com/s7-img-facade/CR296_EE9628_m?hei=1950&crop=0,0,1560,0 | https://www.jcrew.com/s7-img-facade/CR296_EE9628_d2?hei=1080&crop=0,0,864,0 | https://www.jcrew.com/s7-img-facade/CR296_EE9628_d3?hei=1080&crop=0,0,864,0 | https://www.jcrew.com/s7-img-facade/CR296_EE9628_d4?hei=1080&crop=0,0,864,0 | https://www.jcrew.com/s7-img-facade/CR296_EE9628?hei=1080&crop=0,0,864,0 | https://www.jcrew.com/s7-img-facade/CR296_EE9628_m | https://www.jcrew.com/s7-img-facade/CR296_EE9628_d2 | https:",,True,Suede. Imported. Select stores. Item CR296.,everyday_crossbody|statement_fashion,Berkeley structured shoulder bag in suede,USD,289.58,188,CR296,https://www.jcrew.com/p/womens/categories/accessories/bags/berkeley/CR296?display=all&fit=Classic&colorProductCode=CR296&colorCode=EE9628,5,5,2026-02-23T13:07:36Z,Mixed,CR296_EE9628,J.Crew,21,Mixed | shoulder / bag | Premium,Berkeley structured shoulder bag in suede,https://www.jcrew.com/p/womens/categories/accessories/bags/berkeley/CR296?display=all&fit=Classic&colorProductCode=CR296&colorCode=EE9628
,4.909090909090909,J.Crew,,Home > women > bags,Cold Steel | Beaded bucket bag COLD STEEL beaded bucket bag for women,"Add a little fun to your look with this small bucket bag, featuring all kinds of shimmery beads in a just-right size that goes from day to night.Glass beads.Imported.Select stores.Item CP053.","7""H x 6 3/4""W x 4 1/2""D; 10"" handle drop.","Beaded bucket bag J.Crew Add a little fun to your look with this small bucket bag, featuring all kinds of shimmery beads in a just-right size that goes from day to night.Glass beads.Imported.Select stores.Item CP053. Glass beads. Imported. Select stores. Item CP053.",7,"https://www.jcrew.com/s7-img-facade/CP053_EE9339?hei=1950&crop=0,0,1560,0","https://www.jcrew.com/s7-img-facade/CP053_EE9339?hei=1950&crop=0,0,1560,0 | https://www.jcrew.com/s7-img-facade/CP053_EE9339_v?hei=1700&crop=0,0,1360,0 | https://www.jcrew.com/s7-img-facade/CP053_EE9339_d3?hei=1080&crop=0,0,864,0 | https://www.jcrew.com/s7-img-facade/CP053_EE9339_d4?hei=1080&crop=0,0,864,0 | https://www.jcrew.com/s7-img-facade/CP053_EE9339 | https://www.jcrew.com/s7-img-facade/CP053_EE9339_d3 | https://www.jcrew.com/s7-img-facade/CP053_EE9339_d4",,True,Glass beads. Imported. Select stores. Item CP053.,occasion_glam|statement_fashion,Beaded bucket bag,USD,366.6,238,CP053,https://www.jcrew.com/p/womens/categories/accessories/bags/bucket-bags/CP053?display=all&fit=Classic&colorProductCode=CP053&colorCode=EE9339,11,11,2026-02-23T13:07:49Z,Mixed,CP053_EE9339,J.Crew,18,Mixed | berkeley / bag | Premium,Beaded bucket bag,https://www.jcrew.com/p/womens/categories/accessories/bags/bucket-bags/CP053?display=all&fit=Classic&colorProductCode=CP053&colorCode=EE9339
,4.864406779661017,J.Crew,,Home > women > bags,Natural | Portofino handknotted clutch NATURAL portofino handknotted clutch for women,this structured clutch features a sleek magnetic closure that works for every dress code.Raffia.Cotton lining.Imported.Select stores.Item BX994.,"6 1/2""H x 9 1/2""W x 3 1/2""D.",Portofino handknotted clutch J.Crew this structured clutch features a sleek magnetic closure that works for every dress code.Raffia.Cotton lining.Imported.Select stores.Item BX994. Raffia. Cotton lining. Imported. Select stores. Item BX994.,6,"https://www.jcrew.com/s7-img-facade/BX994_NA6445?hei=1950&crop=0,0,1560,0","https://www.jcrew.com/s7-img-facade/BX994_NA6445?hei=1950&crop=0,0,1560,0 | https://www.jcrew.com/s7-img-facade/BX994_NA6445_d3?hei=1080&crop=0,0,864,0 | https://www.jcrew.com/s7-img-facade/BX994_NA6445_d4?hei=1080&crop=0,0,864,0 | https://www.jcrew.com/s7-img-facade/BX994_NA6445 | https://www.jcrew.com/s7-img-facade/BX994_NA6445_d3 | https://www.jcrew.com/s7-img-facade/BX994_NA6445_d4",,False,Raffia. Cotton lining. Imported. Select stores. Item BX994.,occasion_glam|statement_fashion,Portofino handknotted clutch,USD,197.16,128,BX994,https://www.jcrew.com/p/womens/categories/accessories/bags/clutches-and-pouches/BX994?display=all&fit=Classic&colorProductCode=BX994&colorCode=NA6445,118,118,2026-02-23T13:08:08Z,Mixed,BX994_NA6445,J.Crew,15,Mixed | clutch / kayu | Premium,Portofino handknotted clutch,https://www.jcrew.com/p/womens/categories/accessories/bags/clutches-and-pouches/BX994?display=all&fit=Classic&colorProductCode=BX994&colorCode=NA6445
,4.703883495145631,J.Crew,,Home > women > bags,Washed Brown | Delphine shoulder bag in novelty leather WASHED BROWN,"Our design team considered every detail to give this double-zipper carryall a custom feel, from the contrast suede lining to the feet along the bottom that protect against wear and tear. Plus, you'll love the expertly treated leather with a soft, lived-in patina (aka natural marks that add heritage-inspired character).100% leather.Imported.Select stores.Item CR893.Leather Working Group™This purchase supportsLWG-certified tanneriesLearn more about our Re-imagined fibersShop all Re-imagined styles","5""H x 10""W x 4 1/2""D. 9 1/2"" strap drop.","Delphine shoulder bag in novelty leather J.Crew Our design team considered every detail to give this double-zipper carryall a custom feel, from the contrast suede lining to the feet along the bottom that protect against wear and tear. Plus, you'll love the expertly treated leather with a soft, lived-in patina (aka natural marks that add heritage-inspired character).100% leather.Imported.Select stores.Item CR893.Leather Working Group™This purchase supportsLWG-certified tanneriesLearn more about",8,"https://www.jcrew.com/s7-img-facade/CR893_EE9608_m?hei=1950&crop=0,0,1560,0","https://www.jcrew.com/s7-img-facade/CR893_EE9608_m?hei=1950&crop=0,0,1560,0 | https://www.jcrew.com/s7-img-facade/CR893_EE9608_d3?hei=1080&crop=0,0,864,0 | https://www.jcrew.com/s7-img-facade/CR893_EE9608_d4?hei=1080&crop=0,0,864,0 | https://www.jcrew.com/s7-img-facade/CR893_EE9608?hei=1080&crop=0,0,864,0 | https://www.jcrew.com/s7-img-facade/CR893_EE9608_m | https://www.jcrew.com/s7-img-facade/CR893_EE9608_d3 | https://www.jcrew.com/s7-img-facade/CR893_EE9608_d4 | https://www.jcrew.com/s7-img-f",,True,100% leather. Imported. Select stores. Item CR893.,,Delphine shoulder bag in novelty leather,USD,198,178,CR893,https://www.jcrew.com/m/womens/categories/accessories/bags/delphine/ME974?display=all&fit=Classic&colorProductCode=CR893&colorCode=EE9608,206,206,2026-02-23T13:08:21Z,Mixed,CR893_EE9608,J.Crew,20,Mixed | bag / shoulder | Premium,Delphine shoulder bag in novelty leather,https://www.jcrew.com/m/womens/categories/accessories/bags/delphine/ME974?display=all&fit=Classic&colorProductCode=CR893&colorCode=EE9608
,4.829268292682927,J.Crew,,Home > women > bags,English Saddle Natural,"This elegant rectangular silhouette (complete with a top-handle detail) is our latest iteration of the rattan bag that we design—by popular demand—each season. From special occasions to everyday, the adaptable style is the perfect plus-one. Bonus: We added a removable crossbody chain for extra versatility.Rattan body.Leather trim.Removable crossbody chain.Imported.Select stores.Item CH247.","5 1/4""H x 7 3/4""W x 3""D. 4 1/2"" handle drop.","Small rattan top-handle bag J.Crew This elegant rectangular silhouette (complete with a top-handle detail) is our latest iteration of the rattan bag that we design—by popular demand—each season. From special occasions to everyday, the adaptable style is the perfect plus-one. Bonus: We added a removable crossbody chain for extra versatility.Rattan body.Leather trim.Removable crossbody chain.Imported.Select stores.Item CH247. Rattan body. Leather trim. Removable crossbody chain. Imported. Select",14,"https://www.jcrew.com/s7-img-facade/CH247_EE7109_m?hei=1950&crop=0,0,1560,0","https://www.jcrew.com/s7-img-facade/CH247_EE7109_m?hei=1950&crop=0,0,1560,0 | https://www.jcrew.com/s7-img-facade/CH247_EE7109_d1?hei=1080&crop=0,0,864,0 | https://www.jcrew.com/s7-img-facade/CH247_EE7109_d3?hei=1080&crop=0,0,864,0 | https://www.jcrew.com/s7-img-facade/CH247_EE7109_d4?hei=1080&crop=0,0,864,0 | https://www.jcrew.com/s7-img-facade/CH247_EE7109_d5?hei=1080&crop=0,0,864,0 | https://www.jcrew.com/s7-img-facade/CH247_EE7109_d6?hei=1080&crop=0,0,864,0 | https://www.jcrew.com/s7-img-fac",,False,Rattan body. Leather trim. Removable crossbody chain. Imported. Select stores. Item CH247.,minimal_modern|convertible_multiway,Small rattan top-handle bag,USD,274.19,178,CH247,https://www.jcrew.com/p/womens/categories/accessories/bags/crossbody/CH247?display=all&fit=Classic&colorProductCode=CH247&colorCode=EE7109,41,41,2026-02-23T13:08:40Z,Mixed,CH247_EE7109,J.Crew,20,Mixed | bag / shoulder | Premium,Small rattan top-handle bag,https://www.jcrew.com/p/womens/categories/accessories/bags/crossbody/CH247?display=all&fit=Classic&colorProductCode=CH247&colorCode=EE7109
,4.490566037735849,J.Crew,,Home > women > bags,Natural | Handknotted raffia rectangular clutch NATURAL,"This handknotted raffia clutch fits all of your event essentials (keys, lipstick, phone, credit cards and more). P.S. Each bag is woven by hand, so no two are exactly alike.Natural raffia body.Handknotted.Imported.Select stores.Item CH248.","7 1/2""H x 12""W x 3""D.","Handknotted raffia rectangular clutch J.Crew This handknotted raffia clutch fits all of your event essentials (keys, lipstick, phone, credit cards and more). P.S. Each bag is woven by hand, so no two are exactly alike.Natural raffia body.Handknotted.Imported.Select stores.Item CH248. Natural raffia body. Handknotted. Imported. Select stores. Item CH248.",8,"https://www.jcrew.com/s7-img-facade/CH248_NA6445_m?hei=1950&crop=0,0,1560,0","https://www.jcrew.com/s7-img-facade/CH248_NA6445_m?hei=1950&crop=0,0,1560,0 | https://www.jcrew.com/s7-img-facade/CH248_NA6445_d3?hei=1080&crop=0,0,864,0 | https://www.jcrew.com/s7-img-facade/CH248_NA6445_d4?hei=1080&crop=0,0,864,0 | https://www.jcrew.com/s7-img-facade/CH248_NA6445?hei=1080&crop=0,0,864,0 | https://www.jcrew.com/s7-img-facade/CH248_NA6445_m | https://www.jcrew.com/s7-img-facade/CH248_NA6445_d3 | https://www.jcrew.com/s7-img-facade/CH248_NA6445_d4 | https://www.jcrew.com/s7-img-f",,False,Natural raffia body. Handknotted. Imported. Select stores. Item CH248.,occasion_glam,Handknotted raffia rectangular clutch,USD,128,,CH248,https://www.jcrew.com/m/womens/categories/accessories/bags/clutches-and-pouches/ME347?display=all&fit=Classic&colorProductCode=CH248&colorCode=NA6445,53,53,2026-02-23T13:08:51Z,Mixed,CH248_NA6445,J.Crew,15,Mixed | clutch / kayu | Premium,Handknotted raffia rectangular clutch,https://www.jcrew.com/m/womens/categories/accessories/bags/clutches-and-pouches/ME347?display=all&fit=Classic&colorProductCode=CH248&colorCode=NA6445
,4.833333333333333,J.Crew,"We took the slouchy suede bucket bag you love and added a removable crocodile-embossed leather belt (which matches back to our belt collection for peak coordination). To keep things secure, it also comes with an easy self-tie closure on the inside. Please note: The color in this fabric may transfer and should be handled with care.",Home > women > bags,Chocolate Berry,"We took the slouchy suede bucket bag you love and added a removable crocodile-embossed leather belt (which matches back to our belt collection for peak coordination). To keep things secure, it also comes with an easy self-tie closure on the inside. Please note: The color in this fabric may transfer and should be handled with care.Suede body.Removable leather belt.Self-tie closure.Imported.Select stores.Item CR298.Leather Working Group™This purchase supportsLWG-certified tanneriesLearn more about","12 1/2""H x 13 1/4""W. 1 1/8"" strap width. 9"" handle drop.","Berkeley belted bucket bag in suede and croc-embossed leather J.Crew We took the slouchy suede bucket bag you love and added a removable crocodile-embossed leather belt (which matches back to our belt collection for peak coordination). To keep things secure, it also comes with an easy self-tie closure on the inside. Please note: The color in this fabric may transfer and should be handled with care.Suede body.Removable leather belt.Self-tie closure.Imported.Select stores.Item CR298.Leather",12,"https://www.jcrew.com/s7-img-facade/CR298_BR8801_m?hei=1950&crop=0,0,1560,0","https://www.jcrew.com/s7-img-facade/CR298_BR8801_m?hei=1950&crop=0,0,1560,0 | https://www.jcrew.com/s7-img-facade/CR298_BR8801_d1?hei=1080&crop=0,0,864,0 | https://www.jcrew.com/s7-img-facade/CR298_BR8801_d3?hei=1080&crop=0,0,864,0 | https://www.jcrew.com/s7-img-facade/CR298_BR8801_d4?hei=1080&crop=0,0,864,0 | https://www.jcrew.com/s7-img-facade/CR298_BR8801_d5?hei=1080&crop=0,0,864,0 | https://www.jcrew.com/s7-img-facade/CR298_BR8801?hei=1080&crop=0,0,864,0 | https://www.jcrew.com/s7-img-facade",,True,Suede body. Removable leather belt. Self-tie closure. Imported. Select stores. Item CR298.,weekend_bucket,Berkeley belted bucket bag in suede and croc-embossed leather,USD,382.01,248,CR298,https://www.jcrew.com/p/womens/categories/accessories/bags/berkeley/CR298?display=all&fit=Classic&colorProductCode=CR298&colorCode=BR8801,6,6,2026-02-23T13:09:03Z,Mixed,CR298_BR8801,J.Crew,18,Mixed | berkeley / bag | Premium,Berkeley belted bucket bag in suede and croc-embossed leather,https://www.jcrew.com/p/womens/categories/accessories/bags/berkeley/CR298?display=all&fit=Classic&colorProductCode=CR298&colorCode=BR8801
,5.0,J.Crew,,Home > women > bags,Radiant Ruby,"Bring this colorful, statement-making drawstring bag to your next party for all the compliments. Because we love options, it comes with a removable top handle, so you can wear it on your arm or hold it as a clutch.Polyester shell.Polyester lining.Imported.Select stores.Item CP052.","6 1/4""H x 8""W x 1 5/8""D. 10"" handle drop.","Drawstring pouch bag in satin J.Crew Bring this colorful, statement-making drawstring bag to your next party for all the compliments. Because we love options, it comes with a removable top handle, so you can wear it on your arm or hold it as a clutch.Polyester shell.Polyester lining.Imported.Select stores.Item CP052. Polyester shell. Polyester lining. Imported. Select stores. Item CP052.",11,"https://www.jcrew.com/s7-img-facade/CP052_RD0136?hei=1950&crop=0,0,1560,0","https://www.jcrew.com/s7-img-facade/CP052_RD0136?hei=1950&crop=0,0,1560,0 | https://www.jcrew.com/s7-img-facade/CP052_RD0136_v?hei=1700&crop=0,0,1360,0 | https://www.jcrew.com/s7-img-facade/CP052_RD0136_d2?hei=1080&crop=0,0,864,0 | https://www.jcrew.com/s7-img-facade/CP052_RD0136_d3?hei=1080&crop=0,0,864,0 | https://www.jcrew.com/s7-img-facade/CP052_RD0136_d4?hei=1080&crop=0,0,864,0 | https://www.jcrew.com/s7-img-facade/CP052_RD0136_d6?hei=1080&crop=0,0,864,0 | https://www.jcrew.com/s7-img-facad",,True,Polyester shell. Polyester lining. Imported. Select stores. Item CP052.,occasion_glam|statement_fashion,Drawstring pouch bag in satin,USD,181.76,118,CP052,https://www.jcrew.com/p/womens/categories/accessories/bags/clutches-and-pouches/CP052?display=all&fit=Classic&colorProductCode=CP052&colorCode=RD0136,16,16,2026-02-23T13:09:24Z,Mixed,CP052_RD0136,J.Crew,12,Mixed | drawstring / pouch | Premium,Drawstring pouch bag in satin,https://www.jcrew.com/p/womens/categories/accessories/bags/clutches-and-pouches/CP052?display=all&fit=Classic&colorProductCode=CP052&colorCode=RD0136
,4.909090909090909,J.Crew,,Home > women > bags,Black,"Bring this sparkly, statement-making drawstring bag to your next party for all the compliments. Because we love options, it comes with a removable top handle, so you can wear it on your arm or hold it as a clutch.Polyester shell.Polyester lining.Imported.Select stores.Item CP051.","6 1/4""H x 8""W x 1 5/8""D; 10"" handle drop.","Drawstring pouch bag in crystal-embellished satin J.Crew Bring this sparkly, statement-making drawstring bag to your next party for all the compliments. Because we love options, it comes with a removable top handle, so you can wear it on your arm or hold it as a clutch.Polyester shell.Polyester lining.Imported.Select stores.Item CP051. Polyester shell. Polyester lining. Imported. Select stores. Item CP051.",12,"https://www.jcrew.com/s7-img-facade/CP051_BK0001_m?hei=1950&crop=0,0,1560,0","https://www.jcrew.com/s7-img-facade/CP051_BK0001_m?hei=1950&crop=0,0,1560,0 | https://www.jcrew.com/s7-img-facade/CP051_BK0001_d1?hei=1080&crop=0,0,864,0 | https://www.jcrew.com/s7-img-facade/CP051_BK0001_d3?hei=1080&crop=0,0,864,0 | https://www.jcrew.com/s7-img-facade/CP051_BK0001_d4?hei=1080&crop=0,0,864,0 | https://www.jcrew.com/s7-img-facade/CP051_BK0001_d6?hei=1080&crop=0,0,864,0 | https://www.jcrew.com/s7-img-facade/CP051_BK0001?hei=1080&crop=0,0,864,0 | https://www.jcrew.com/s7-img-facade",,True,Polyester shell. Polyester lining. Imported. Select stores. Item CP051.,occasion_glam|statement_fashion,Drawstring pouch bag in crystal-embellished satin,USD,181.76,118,CP051,https://www.jcrew.com/p/womens/categories/accessories/bags/clutches-and-pouches/CP051?display=all&fit=Classic&colorProductCode=CP051&colorCode=BK0001,11,11,2026-02-23T13:09:37Z,Mixed,CP051_BK0001,J.Crew,12,Mixed | drawstring / pouch | Premium,Drawstring pouch bag in crystal-embellished satin,https://www.jcrew.com/p/womens/categories/accessories/bags/clutches-and-pouches/CP051?display=all&fit=Classic&colorProductCode=CP051&colorCode=BK0001
,,J.Crew,,Home > women,Blonde Espresso,"We took the suede bucket bag you love and added grommet details and a removable belt (which matches back to our belt collection for peak coordination). Bonus: To keep things secure, it also comes with an easy self-tie closure on the inside.100% leather.Imported.Select stores.Item CR879.Leather Working Group™This purchase supportsLWG-certified tanneriesLearn more about our Re-imagined fibersShop all Re-imagined styles","12 1/2""H x 13 1/4""W x 5 7/8""D. 9"" strap drop.","Berkeley belted bucket bag in studded suede J.Crew We took the suede bucket bag you love and added grommet details and a removable belt (which matches back to our belt collection for peak coordination). Bonus: To keep things secure, it also comes with an easy self-tie closure on the inside.100% leather.Imported.Select stores.Item CR879.Leather Working Group™This purchase supportsLWG-certified tanneriesLearn more about our Re-imagined fibersShop all Re-imagined styles 100% leather. Imported.",14,"https://www.jcrew.com/s7-img-facade/CR879_EE7690_ed?hei=1950&crop=0,0,1560,0","https://www.jcrew.com/s7-img-facade/CR879_EE7690_ed?hei=1950&crop=0,0,1560,0 | https://www.jcrew.com/s7-img-facade/CR879_EE7690_m?hei=1080&crop=0,0,864,0 | https://www.jcrew.com/s7-img-facade/CR879_EE7690?hei=1080&crop=0,0,864,0 | https://www.jcrew.com/s7-img-facade/CR879_EE7690_d2?hei=1080&crop=0,0,864,0 | https://www.jcrew.com/s7-img-facade/CR879_EE7690_d3?hei=1080&crop=0,0,864,0 | https://www.jcrew.com/s7-img-facade/CR879_EE7690_d4?hei=1080&crop=0,0,864,0 | https://www.jcrew.com/s7-img-facade",,False,100% leather. Imported. Select stores. Item CR879.,,Berkeley belted bucket bag in studded suede,USD,459.02,298,CR879,https://www.jcrew.com/p/womens/categories/accessories/bags/CR879?display=all&fit=Classic&colorProductCode=CR879&colorCode=EE7690,,,2026-02-23T13:09:57Z,Mixed,CR879_EE7690,J.Crew,18,Mixed | berkeley / bag | Premium,Berkeley belted bucket bag in studded suede,https://www.jcrew.com/p/womens/categories/accessories/bags/CR879?display=all&fit=Classic&colorProductCode=CR879&colorCode=EE7690
,,J.Crew,,Home > women,English Saddle Natural,"Our design team considered every detail to give this chic carryall a custom feel, from the double-zipper closure to the feet along the bottom that protect against wear and tear. For all your warm-weather days, our latest take comes in handknotted straw with smooth leather accents.Paper straw.Handknotted.Imported.Select stores.Item CR886.","5""H x 10""W x 4 1/2""D. 9 1/2"" strap drop.","Delphine handknotted shoulder bag in straw J.Crew Our design team considered every detail to give this chic carryall a custom feel, from the double-zipper closure to the feet along the bottom that protect against wear and tear. For all your warm-weather days, our latest take comes in handknotted straw with smooth leather accents.Paper straw.Handknotted.Imported.Select stores.Item CR886. Paper straw. Handknotted. Imported. Select stores. Item CR886.",8,"https://www.jcrew.com/s7-img-facade/CR886_EE7109_m?hei=1950&crop=0,0,1560,0","https://www.jcrew.com/s7-img-facade/CR886_EE7109_m?hei=1950&crop=0,0,1560,0 | https://www.jcrew.com/s7-img-facade/CR886_EE7109_d3?hei=1080&crop=0,0,864,0 | https://www.jcrew.com/s7-img-facade/CR886_EE7109_d4?hei=1080&crop=0,0,864,0 | https://www.jcrew.com/s7-img-facade/CR886_EE7109?hei=1080&crop=0,0,864,0 | https://www.jcrew.com/s7-img-facade/CR886_EE7109_m | https://www.jcrew.com/s7-img-facade/CR886_EE7109_d3 | https://www.jcrew.com/s7-img-facade/CR886_EE7109_d4 | https://www.jcrew.com/s7-img-f",,False,Paper straw. Handknotted. Imported. Select stores. Item CR886.,,Delphine handknotted shoulder bag in straw,USD,274.19,178,CR886,https://www.jcrew.com/p/womens/categories/accessories/bags/CR886?display=all&fit=Classic&colorProductCode=CR886&colorCode=EE7109,,,2026-02-23T13:10:32Z,Mixed,CR886_EE7109,J.Crew,20,Mixed | bag / shoulder | Premium,Delphine handknotted shoulder bag in straw,https://www.jcrew.com/p/womens/categories/accessories/bags/CR886?display=all&fit=Classic&colorProductCode=CR886&colorCode=EE7109
,4.490566037735849,J.Crew,,Home > women > bags,English Saddle Natural,"This woven raffia clutch fits all of your event essentials (keys, lipstick, phone, credit cards and more). We extra-love the sleek leather handles on this version for an elevated contrast.Natural raffia body.Leather trim.Handknotted.Imported.Select stores.Item CH249.","7 1/2""H x 12""W x 3""D.","Handknotted raffia rectangular clutch with leather handles J.Crew This woven raffia clutch fits all of your event essentials (keys, lipstick, phone, credit cards and more). We extra-love the sleek leather handles on this version for an elevated contrast.Natural raffia body.Leather trim.Handknotted.Imported.Select stores.Item CH249. Natural raffia body. Leather trim. Handknotted. Imported. Select stores. Item CH249.",12,"https://www.jcrew.com/s7-img-facade/CH249_EE7109_m?hei=1950&crop=0,0,1560,0","https://www.jcrew.com/s7-img-facade/CH249_EE7109_m?hei=1950&crop=0,0,1560,0 | https://www.jcrew.com/s7-img-facade/CH249_EE7109_d1?hei=1080&crop=0,0,864,0 | https://www.jcrew.com/s7-img-facade/CH249_EE7109_d2?hei=1080&crop=0,0,864,0 | https://www.jcrew.com/s7-img-facade/CH249_EE7109_d3?hei=1080&crop=0,0,864,0 | https://www.jcrew.com/s7-img-facade/CH249_EE7109_d4?hei=1080&crop=0,0,864,0 | https://www.jcrew.com/s7-img-facade/CH249_EE7109?hei=1080&crop=0,0,864,0 | https://www.jcrew.com/s7-img-facade",,False,Natural raffia body. Leather trim. Handknotted. Imported. Select stores. Item CH249.,occasion_glam,Handknotted raffia rectangular clutch with leather handles,USD,138,128,CH249,https://www.jcrew.com/m/womens/categories/accessories/bags/clutches-and-pouches/ME347?display=all&fit=Classic&colorProductCode=CH249&colorCode=EE7109,53,53,2026-02-23T13:10:44Z,Mixed,CH249_EE7109,J.Crew,15,Mixed | clutch / kayu | Premium,Handknotted raffia rectangular clutch with leather handles,https://www.jcrew.com/m/womens/categories/accessories/bags/clutches-and-pouches/ME347?display=all&fit=Classic&colorProductCode=CH249&colorCode=EE7109
,,J.Crew,"This item must be returned directly to the seller and will not be accepted at J.Crew stores or the distribution center. To return your items, please follow the instructions that are enclosed in your package. You will receive a confirmation email once the Marketplace seller has received your package and a refund has been processed.",Home > women > bags,Bembien&reg; mini sling bag Brown | Bembien&reg; mini sling bag Natural | Bembien&reg; mini sling bag Red,"from around the world. Ten percent of all Bembien proceeds goes to Nest, a nonprofit dedicated to the social and economic advancement of artisan communities all around the globe. The easy way to do a fashion-forward piece. Our mini sling is an outfit-maker that looks chic on everyone. With an adjustable strap, so you can wear it multiple ways. It elevates the simplest of outfits into something intentional and styled.Leather.Imported.Online only.Item P3192.","9""H x 5""W x 1""D.","Bembien® mini sling bag J.Crew from around the world. Ten percent of all Bembien proceeds goes to Nest, a nonprofit dedicated to the social and economic advancement of artisan communities all around the globe. The easy way to do a fashion-forward piece. Our mini sling is an outfit-maker that looks chic on everyone. With an adjustable strap, so you can wear it multiple ways. It elevates the simplest of outfits into something intentional and styled.Leather.Imported.Online only.Item P3192.",2,"https://www.jcrew.com/s7-img-facade/P3192_BR0984?hei=1950&crop=0,0,1560,0","https://www.jcrew.com/s7-img-facade/P3192_BR0984?hei=1950&crop=0,0,1560,0 | https://www.jcrew.com/s7-img-facade/P3192_BR0984",,False,Leather. Imported. Online only. Item P3192.,micro_mini_impulse|luxury_signal,Bembien® mini sling bag,USD,385.09,250,P3192,https://www.jcrew.com/p/womens/categories/accessories/bags/crossbody/P3192?display=all&fit=Classic&colorProductCode=P3192&colorCode=BR0984,,,2026-02-23T13:11:05Z,Mixed,P3192_BR0984,J.Crew,17,Mixed | bag / bembien | Premium,Bembien® mini sling bag,https://www.jcrew.com/p/womens/categories/accessories/bags/crossbody/P3192?display=all&fit=Classic&colorProductCode=P3192&colorCode=BR0984
,5.0,J.Crew,"This item must be returned directly to the seller and will not be accepted at J.Crew stores or the distribution center. To return your items, please follow the instructions that are enclosed in your package. You will receive a confirmation email once the Marketplace seller has received your package and a refund has been processed.",Home > women > bags,Bembien® Camilla bag Brown | Bembien® Camilla bag Black,"from around the world. Ten percent of all Bembien proceeds goes to Nest, a nonprofit dedicated to the social and economic advancement of artisan communities all around the globe. For sipping cappuccinos and reading Proust, the Camilla is a day bag with a twist. A touch smaller than your typical work bag with a notched ""V"" that makes this functional tote an outfit maker.Cow leather.Import.Online only.Item M7271.","13"" x 12"".","Bembien® Camilla bag J.Crew from around the world. Ten percent of all Bembien proceeds goes to Nest, a nonprofit dedicated to the social and economic advancement of artisan communities all around the globe. For sipping cappuccinos and reading Proust, the Camilla is a day bag with a twist. A touch smaller than your typical work bag with a notched ""V"" that makes this functional tote an outfit maker.Cow leather.Import.Online only.Item M7271. Cow leather. Import. Online only. Item M7271.",2,"https://www.jcrew.com/s7-img-facade/M7271_BR1123?hei=1950&crop=0,0,1560,0","https://www.jcrew.com/s7-img-facade/M7271_BR1123?hei=1950&crop=0,0,1560,0 | https://www.jcrew.com/s7-img-facade/M7271_BR1123",,False,Cow leather. Import. Online only. Item M7271.,work_tote|luxury_signal,Bembien® Camilla bag,USD,539.11,350,M7271,https://www.jcrew.com/p/womens/categories/accessories/bags/totes/M7271?display=all&fit=Classic&colorProductCode=M7271&colorCode=BR1123,2,2,2026-02-23T13:11:39Z,Mixed,M7271_BR1123,J.Crew,17,Mixed | bag / bembien | Premium,Bembien® Camilla bag,https://www.jcrew.com/p/womens/categories/accessories/bags/totes/M7271?display=all&fit=Classic&colorProductCode=M7271&colorCode=BR1123
,,J.Crew,,Home > men > Bags & Wallets,Natural Jcrew Green,"Our medium tote bag is built in tough, durable cotton canvas, ideal for hauling all of your stuff. With exterior pockets for a pair of sneakers or a bunch of carrots, this size takes you to and from the farmer's market, the gym or an overnight. You'll find interior pockets, plus a key clip and a name tag so you can personalize the bag.Cotton canvas.Small flag label at front.Interior name label.Spot clean.Imported.Item CT152.","14""H x 20""W.","Medium seaport tote bag in canvas J.Crew Our medium tote bag is built in tough, durable cotton canvas, ideal for hauling all of your stuff. With exterior pockets for a pair of sneakers or a bunch of carrots, this size takes you to and from the farmer's market, the gym or an overnight. You'll find interior pockets, plus a key clip and a name tag so you can personalize the bag.Cotton canvas.Small flag label at front.Interior name label.Spot clean.Imported.Item CT152. Cotton canvas. Small flag",4,"https://www.jcrew.com/s7-img-facade/CT152_PP7792?hei=1950&crop=0,0,1560,0","https://www.jcrew.com/s7-img-facade/CT152_PP7792?hei=1950&crop=0,0,1560,0 | https://www.jcrew.com/s7-img-facade/CT152_PP7792_d3?hei=1080&crop=0,0,864,0 | https://www.jcrew.com/s7-img-facade/CT152_PP7792 | https://www.jcrew.com/s7-img-facade/CT152_PP7792_d3",,False,Cotton canvas. Small flag label at front. Interior name label. Spot clean. Imported. Item CT152.,oversized_carryall|value_mass,Medium seaport tote bag in canvas,USD,137.87,,CT152,https://www.jcrew.com/p/mens/categories/accessories/bags/messengers-and-totes/CT152?display=all&fit=Classic&colorProductCode=CT152&colorCode=PP7792,,,2026-02-23T13:12:13Z,Mixed,CT152_PP7792,J.Crew,13,Mixed | tote / bag | Premium,Medium seaport tote bag in canvas,https://www.jcrew.com/p/mens/categories/accessories/bags/messengers-and-totes/CT152?display=all&fit=Classic&colorProductCode=CT152&colorCode=PP7792
,,J.Crew,"This item must be returned directly to the seller and will not be accepted at J.Crew stores or the distribution center. To return your items, please follow the instructions that are enclosed in your package. You will receive a confirmation email once the Marketplace seller has received your package and a refund has been processed.",Home > women > bags,,"female-run company that partners with women artisans in Southeast Asia to handmake their products using natural, sustainable materials and indigenous techniques passed down through generations.Woven raffia straw.Optional leather strap.Crossbody or over-the-shoulder styling.Import.Online only.Item N7262.","6 1/2""H x 9""W x 6 3/4""D; 25"" handle drop.","KAYU® Harley bag J.Crew female-run company that partners with women artisans in Southeast Asia to handmake their products using natural, sustainable materials and indigenous techniques passed down through generations.Woven raffia straw.Optional leather strap.Crossbody or over-the-shoulder styling.Import.Online only.Item N7262. Woven raffia straw. Optional leather strap. Crossbody or over-the-shoulder styling. Import. Online only. Item N7262.",6,"https://www.jcrew.com/s7-img-facade/N7262_BR0968?hei=1950&crop=0,0,1560,0","https://www.jcrew.com/s7-img-facade/N7262_BR0968?hei=1950&crop=0,0,1560,0 | https://www.jcrew.com/s7-img-facade/N7262_BR0968_d1?hei=1080&crop=0,0,864,0 | https://www.jcrew.com/s7-img-facade/N7262_BR0968_d2?hei=1080&crop=0,0,864,0 | https://www.jcrew.com/s7-img-facade/N7262_BR0968 | https://www.jcrew.com/s7-img-facade/N7262_BR0968_d1 | https://www.jcrew.com/s7-img-facade/N7262_BR0968_d2",,False,Woven raffia straw. Optional leather strap. Crossbody or over-the-shoulder styling. Import. Online only. Item N7262.,everyday_crossbody|eco_conscious,KAYU® Harley bag,USD,374.3,243,N7262,https://www.jcrew.com/p/womens/categories/accessories/bags/clutches-and-pouches/N7262?display=all&fit=Classic&colorProductCode=N7262&colorCode=BR0968,,,2026-02-23T13:12:47Z,Mixed,N7262_BR0968,J.Crew,15,Mixed | clutch / kayu | Premium,KAYU® Harley bag,https://www.jcrew.com/p/womens/categories/accessories/bags/clutches-and-pouches/N7262?display=all&fit=Classic&colorProductCode=N7262&colorCode=BR0968
,,J.Crew,"This item must be returned directly to the seller and will not be accepted at J.Crew stores or the distribution center. To return your items, please follow the instructions that are enclosed in your package. You will receive a confirmation email once the Marketplace seller has received your package and a refund has been processed.",Home > women > bags,Bembien&reg; mini sling bag Black | Bembien&reg; mini sling bag Brown,"from around the world. Ten percent of all Bembien proceeds goes to Nest, a nonprofit dedicated to the social and economic advancement of artisan communities all around the globe. Meet your new outfit-maker. Mini bag in handwoven leather with an adjustable shoulder strap to wear it short or long. Features a narrow, paneled leather bottom and a top zipper.Leather.Imported.Online only.Item N8955.","9""H x 1""W x 5""D.","Bembien® mini sling bag J.Crew from around the world. Ten percent of all Bembien proceeds goes to Nest, a nonprofit dedicated to the social and economic advancement of artisan communities all around the globe. Meet your new outfit-maker. Mini bag in handwoven leather with an adjustable shoulder strap to wear it short or long. Features a narrow, paneled leather bottom and a top zipper.Leather.Imported.Online only.Item N8955. Leather. Imported. Online only. Item N8955.",2,"https://www.jcrew.com/s7-img-facade/N8955_BK0001?hei=1950&crop=0,0,1560,0","https://www.jcrew.com/s7-img-facade/N8955_BK0001?hei=1950&crop=0,0,1560,0 | https://www.jcrew.com/s7-img-facade/N8955_BK0001",,True,Leather. Imported. Online only. Item N8955.,micro_mini_impulse|luxury_signal,Bembien® mini sling bag,USD,385.09,250,N8955,https://www.jcrew.com/p/womens/categories/accessories/bags/crossbody/N8955?display=all&fit=Classic&colorProductCode=N8955&colorCode=BK0001,,,2026-02-23T13:13:19Z,Mixed,N8955_BK0001,J.Crew,17,Mixed | bag / bembien | Premium,Bembien® mini sling bag,https://www.jcrew.com/p/womens/categories/accessories/bags/crossbody/N8955?display=all&fit=Classic&colorProductCode=N8955&colorCode=BK0001
,4.409090909090909,J.Crew,,Home > women > bags,Pearl | Baroque pearl phone chain PEARL baroque pearl phone chain for women,"Add a personal touch to your tech with this baroque-inspired pearl chain that matches back to our jewelry collection. Pro tip: Wear it around your wrist to hold your phone hands-free (while looking superpolished at the same time).Gold-plated zinc, acrylic pearls, polyester thread, cubic zirconia.Imported.Select stores.Item CK155.","Length: 12 1/2"".","Baroque pearl phone chain J.Crew Add a personal touch to your tech with this baroque-inspired pearl chain that matches back to our jewelry collection. Pro tip: Wear it around your wrist to hold your phone hands-free (while looking superpolished at the same time).Gold-plated zinc, acrylic pearls, polyester thread, cubic zirconia.Imported.Select stores.Item CK155. Gold-plated zinc, acrylic pearls, polyester thread, cubic zirconia. Imported. Select stores. Item CK155.",4,"https://www.jcrew.com/s7-img-facade/CK155_EC7253?hei=1950&crop=0,0,1560,0","https://www.jcrew.com/s7-img-facade/CK155_EC7253?hei=1950&crop=0,0,1560,0 | https://www.jcrew.com/s7-img-facade/CK155_EC7253_d1?hei=1080&crop=0,0,864,0 | https://www.jcrew.com/s7-img-facade/CK155_EC7253 | https://www.jcrew.com/s7-img-facade/CK155_EC7253_d1",,False,"Gold-plated zinc, acrylic pearls, polyester thread, cubic zirconia. Imported. Select stores. Item CK155.",slg_small_leathers,Baroque pearl phone chain,USD,76.25,,CK155,https://www.jcrew.com/p/womens/categories/accessories/bags/phone-chains/CK155?display=all&fit=Classic&colorProductCode=CK155&colorCode=EC7253,22,22,2026-02-23T13:13:32Z,Mixed,CK155_EC7253,J.Crew,1,Mixed | phone / chain | Upper Mid,Baroque pearl phone chain,https://www.jcrew.com/p/womens/categories/accessories/bags/phone-chains/CK155?display=all&fit=Classic&colorProductCode=CK155&colorCode=EC7253
,4.805555555555555,J.Crew,,Home > women > bags,Oxblood,"Our design team considered every detail to give this chic carryall a custom feel, from the double-zipper closure to the feet along the bottom that protect against wear and tear. But our favorite innovation has to be the contrast suede lining, which we bonded to the outside for a slouchy-yet-structured finish. Everyday, elevated—indeed.100% leather.Allover stud design.Custom hardware.Lined.Imported.Select stores.Item CM952.Leather Working Group™This purchase supportsLWG-certified tanneriesLearn m","5""H x 10""W x 4 1/4""D; 9 1/2"" strap drop.","Delphine shoulder bag in studded leather J.Crew Our design team considered every detail to give this chic carryall a custom feel, from the double-zipper closure to the feet along the bottom that protect against wear and tear. But our favorite innovation has to be the contrast suede lining, which we bonded to the outside for a slouchy-yet-structured finish. Everyday, elevated—indeed.100% leather.Allover stud design.Custom hardware.Lined.Imported.Select stores.Item CM952.Leather Working",7,"https://www.jcrew.com/s7-img-facade/CM952_EE7085_m?hei=1950&crop=0,0,1560,0","https://www.jcrew.com/s7-img-facade/CM952_EE7085_m?hei=1950&crop=0,0,1560,0 | https://www.jcrew.com/s7-img-facade/CM952_EE7085_v?hei=1700&crop=0,0,1360,0 | https://www.jcrew.com/s7-img-facade/CM952_EE7085_d1?hei=1080&crop=0,0,864,0 | https://www.jcrew.com/s7-img-facade/CM952_EE7085?hei=1080&crop=0,0,864,0 | https://www.jcrew.com/s7-img-facade/CM952_EE7085_m | https://www.jcrew.com/s7-img-facade/CM952_EE7085_d1 | https://www.jcrew.com/s7-img-facade/CM952_EE7085",,True,100% leather. Allover stud design. Custom hardware. Lined. Imported. Select stores. Item CM952.,statement_fashion|luxury_signal,Delphine shoulder bag in studded leather,USD,366.6,238,CM952,https://www.jcrew.com/p/womens/categories/accessories/bags/delphine/CM952?display=all&fit=Classic&colorProductCode=CM952&colorCode=EE7085,36,36,2026-02-23T13:13:53Z,Mixed,CM952_EE7085,J.Crew,20,Mixed | bag / shoulder | Premium,Delphine shoulder bag in studded leather,https://www.jcrew.com/p/womens/categories/accessories/bags/delphine/CM952?display=all&fit=Classic&colorProductCode=CM952&colorCode=EE7085
,3.6666666666666665,J.Crew,"This item must be returned directly to the seller and will not be accepted at J.Crew stores or the distribution center. To return your items, please follow the instructions that are enclosed in your package. You will receive a confirmation email once the Marketplace seller has received your package and a refund has been processed.",Home > women > bags,Bembien® Ella bag Brown,"from around the world. Ten percent of all Bembien proceeds goes to Nest, a nonprofit dedicated to the social and economic advancement of artisan communities all around the globe. The dreamiest of day bags. Light and easy, take Ella along for park walks with a good book for when the occasion strikes. Tucks neatly under your arm. Longer straps make for a comfortable fit over the shoulder and the ultimate in ease.Cow leather.Import.Online only.Item M4435.","12""H x 8""W.","Bembien® Ella bag J.Crew from around the world. Ten percent of all Bembien proceeds goes to Nest, a nonprofit dedicated to the social and economic advancement of artisan communities all around the globe. The dreamiest of day bags. Light and easy, take Ella along for park walks with a good book for when the occasion strikes. Tucks neatly under your arm. Longer straps make for a comfortable fit over the shoulder and the ultimate in ease.Cow leather.Import.Online only.Item M4435. Cow leather.",2,"https://www.jcrew.com/s7-img-facade/M4435_BR1123?hei=1950&crop=0,0,1560,0","https://www.jcrew.com/s7-img-facade/M4435_BR1123?hei=1950&crop=0,0,1560,0 | https://www.jcrew.com/s7-img-facade/M4435_BR1123",,False,Cow leather. Import. Online only. Item M4435.,,Bembien® Ella bag,USD,431.29,280,M4435,https://www.jcrew.com/p/womens/categories/accessories/bags/totes/M4435?display=all&fit=Classic&colorProductCode=M4435&colorCode=BR1123,3,3,2026-02-23T13:14:08Z,Mixed,M4435_BR1123,J.Crew,17,Mixed | bag / bembien | Premium,Bembien® Ella bag,https://www.jcrew.com/p/womens/categories/accessories/bags/totes/M4435?display=all&fit=Classic&colorProductCode=M4435&colorCode=BR1123
,5.0,J.Crew,"This item must be returned directly to the seller and will not be accepted at J.Crew stores or the distribution center. To return your items, please follow the instructions that are enclosed in your package. You will receive a confirmation email once the Marketplace seller has received your package and a refund has been processed.",Home > women > bags,,"Established in 2003 in Brookline, Massachusetts, Ame & Lulu designs and manufactures stylish-yet-functional accessories for tennis, golf and everyday life. Show up to the pickleball court in style in the Hamptons Pickleball Bag. With an exterior paddle pocket and multiple interior pockets, you can't go wrong.Canvas.Spot clean.Imported.Online only.Item N5189.","17 1/2""H x 12""W x 5""D.","Ame & Lulu women's Hamptons pickleball bag J.Crew Established in 2003 in Brookline, Massachusetts, Ame & Lulu designs and manufactures stylish-yet-functional accessories for tennis, golf and everyday life. Show up to the pickleball court in style in the Hamptons Pickleball Bag. With an exterior paddle pocket and multiple interior pockets, you can't go wrong.Canvas.Spot clean.Imported.Online only.Item N5189. Canvas. Spot clean. Imported. Online only. Item N5189.",8,"https://www.jcrew.com/s7-img-facade/N5189_EF0047?hei=1950&crop=0,0,1560,0","https://www.jcrew.com/s7-img-facade/N5189_EF0047?hei=1950&crop=0,0,1560,0 | https://www.jcrew.com/s7-img-facade/N5189_EF0047_d1?hei=1080&crop=0,0,864,0 | https://www.jcrew.com/s7-img-facade/N5189_EF0047_d2?hei=1080&crop=0,0,864,0 | https://www.jcrew.com/s7-img-facade/N5189_EF0047_d3?hei=1080&crop=0,0,864,0 | https://www.jcrew.com/s7-img-facade/N5189_EF0047 | https://www.jcrew.com/s7-img-facade/N5189_EF0047_d1 | https://www.jcrew.com/s7-img-facade/N5189_EF0047_d2 | https://www.jcrew.com/s7-img-fa",,True,Canvas. Spot clean. Imported. Online only. Item N5189.,,Ame & Lulu women's Hamptons pickleball bag,USD,227.97,148,N5189,https://www.jcrew.com/p/womens/categories/accessories/bags/totes/N5189?display=all&fit=Classic&colorProductCode=N5189&colorCode=EF0047,4,4,2026-02-23T13:14:25Z,Mixed,N5189_EF0047,J.Crew,10,Mixed | ame / lulu | Premium,Ame & Lulu women's Hamptons pickleball bag,https://www.jcrew.com/p/womens/categories/accessories/bags/totes/N5189?display=all&fit=Classic&colorProductCode=N5189&colorCode=EF0047
,4.81858407079646,J.Crew,,Home > women > bags,Inky Burgundy,"Part of our best-selling Berkeley family, this textured leather shoulder bag comes in our slightly smaller size, with just enough room for all of your essentials. It's finished with signature gold-tone hardware, an adjustable shoulder strap and a magnetic closure—so it's as practical as it is polished.100% leather.Select stores.Item CP047.Leather Working Group™This purchase supportsLWG-certified tanneriesLearn more about our Re-imagined fibersShop all Re-imagined styles","5 3/4""H x 9 7/8""W x 3 1/2""D. 5 1/2""–7 1/2"" adjustable handle drop. 46"" crossbody strap.","Berkeley small shoulder bag in patent leather J.Crew Part of our best-selling Berkeley family, this textured leather shoulder bag comes in our slightly smaller size, with just enough room for all of your essentials. It's finished with signature gold-tone hardware, an adjustable shoulder strap and a magnetic closure—so it's as practical as it is polished.100% leather.Select stores.Item CP047.Leather Working Group™This purchase supportsLWG-certified tanneriesLearn more about our Re-imagined",2,"https://www.jcrew.com/s7-img-facade/CP047_RD0204?hei=1950&crop=0,0,1560,0","https://www.jcrew.com/s7-img-facade/CP047_RD0204?hei=1950&crop=0,0,1560,0 | https://www.jcrew.com/s7-img-facade/CP047_RD0204",,False,100% leather. Select stores. Item CP047.,,Berkeley small shoulder bag in patent leather,USD,178,,CP047,https://www.jcrew.com/p/womens/categories/accessories/bags/berkeley/CP047?display=all&fit=Classic&colorProductCode=CP047&colorCode=RD0204,226,226,2026-02-23T13:14:48Z,Mixed,CP047_RD0204,J.Crew,21,Mixed | shoulder / bag | Premium,Berkeley small shoulder bag in patent leather,https://www.jcrew.com/p/womens/categories/accessories/bags/berkeley/CP047?display=all&fit=Classic&colorProductCode=CP047&colorCode=RD0204
,5.0,J.Crew,,Home > men > Bags & Wallets,Otter Green,"some of the toughest outerwear on the market—and they've been doing it since the late 1800s. A best seller since 1990 and made in the U.S., this duffel bag is designed with industrial-strength rugged twill and bridled leather with an adjustable (and removable) shoulder strap, plus handles that wrap around to securely cradle heavy loads. It's sized to fit in an overhead and built to survive even the most extreme long weekends and multiday trips.Rugged cotton twill.Leather bridle.Spot clean.Made i","20""L x 12""W X 13""H. 43-liter capacity.","Filson® rugged twill duffel bag J.Crew some of the toughest outerwear on the market—and they've been doing it since the late 1800s. A best seller since 1990 and made in the U.S., this duffel bag is designed with industrial-strength rugged twill and bridled leather with an adjustable (and removable) shoulder strap, plus handles that wrap around to securely cradle heavy loads. It's sized to fit in an overhead and built to survive even the most extreme long weekends and multiday trips.Rugged",6,"https://www.jcrew.com/s7-img-facade/CP090_EE9149?hei=1950&crop=0,0,1560,0","https://www.jcrew.com/s7-img-facade/CP090_EE9149?hei=1950&crop=0,0,1560,0 | https://www.jcrew.com/s7-img-facade/CP090_EE9149_d1?hei=1080&crop=0,0,864,0 | https://www.jcrew.com/s7-img-facade/CP090_EE9149_d2?hei=1080&crop=0,0,864,0 | https://www.jcrew.com/s7-img-facade/CP090_EE9149 | https://www.jcrew.com/s7-img-facade/CP090_EE9149_d1 | https://www.jcrew.com/s7-img-facade/CP090_EE9149_d2",,False,Rugged cotton twill. Leather bridle. Spot clean. Made in the USA of imported fabric. Select stores. Item CP090.,,Filson® rugged twill duffel bag,USD,916.49,595,CP090,https://www.jcrew.com/p/mens/categories/accessories/bags/travel-bags/CP090?display=all&fit=Classic&colorProductCode=CP090&colorCode=EE9149,1,1,2026-02-23T13:15:26Z,Mixed,CP090_EE9149,J.Crew,9,Mixed | filson / rugged | Premium,Filson® rugged twill duffel bag,https://www.jcrew.com/p/mens/categories/accessories/bags/travel-bags/CP090?display=all&fit=Classic&colorProductCode=CP090&colorCode=EE9149
,4.142857142857143,J.Crew,,Home > women > bags,Tortoise | Tortoiseshell phone chain TORTOISE tortoiseshell phone chain for women,"Add a personal touch to your tech with this luxe tortoiseshell chain. Pro tip: Wear it around your wrist to hold your phone hands-free (while looking superpolished at the same time).Gold-plated zinc, gold-plated aluminum, cubic zirconia.Imported.Select stores.Item CQ855.","Length: 12 1/2"".","Tortoiseshell phone chain J.Crew Add a personal touch to your tech with this luxe tortoiseshell chain. Pro tip: Wear it around your wrist to hold your phone hands-free (while looking superpolished at the same time).Gold-plated zinc, gold-plated aluminum, cubic zirconia.Imported.Select stores.Item CQ855. Gold-plated zinc, gold-plated aluminum, cubic zirconia. Imported. Select stores. Item CQ855.",2,"https://www.jcrew.com/s7-img-facade/CQ855_BR6803?hei=1950&crop=0,0,1560,0","https://www.jcrew.com/s7-img-facade/CQ855_BR6803?hei=1950&crop=0,0,1560,0 | https://www.jcrew.com/s7-img-facade/CQ855_BR6803",,False,"Gold-plated zinc, gold-plated aluminum, cubic zirconia. Imported. Select stores. Item CQ855.",,Tortoiseshell phone chain,USD,76.25,,CQ855,https://www.jcrew.com/p/womens/categories/accessories/bags/phone-chains/CQ855?display=all&fit=Classic&colorProductCode=CQ855&colorCode=BR6803,7,7,2026-02-23T13:15:59Z,Mixed,CQ855_BR6803,J.Crew,1,Mixed | phone / chain | Upper Mid,Tortoiseshell phone chain,https://www.jcrew.com/p/womens/categories/accessories/bags/phone-chains/CQ855?display=all&fit=Classic&colorProductCode=CQ855&colorCode=BR6803
,2.0,J.Crew,"This item must be returned directly to the seller and will not be accepted at J.Crew stores or the distribution center. To return your items, please follow the instructions that are enclosed in your package. You will receive a confirmation email once the Marketplace seller has received your package and a refund has been processed.",Home > women > bags,Bembien&reg; le sac bag Brown | Bembien&reg; le sac bag Black | Bembien&reg; le sac bag Natural,"from around the world. Ten percent of all Bembien proceeds goes to Nest, a nonprofit dedicated to the social and economic advancement of artisan communities all around the globe. A chic shoulder bag with a slouchy silhouette for a touch of seventies nostalgia. Roomy enough to carry your daytime essentials, in a timeless design that's perfect for wine-filled dinners and wherever summer takes you. The shoulder strap slips over woolly sweaters and coats for year-round versatility.Cow leather.Spot c","12"" x 7"" x 2"".","Bembien® le sac bag J.Crew from around the world. Ten percent of all Bembien proceeds goes to Nest, a nonprofit dedicated to the social and economic advancement of artisan communities all around the globe. A chic shoulder bag with a slouchy silhouette for a touch of seventies nostalgia. Roomy enough to carry your daytime essentials, in a timeless design that's perfect for wine-filled dinners and wherever summer takes you. The shoulder strap slips over woolly sweaters and coats for year-round",2,"https://www.jcrew.com/s7-img-facade/N7757_BR1123?hei=1950&crop=0,0,1560,0","https://www.jcrew.com/s7-img-facade/N7757_BR1123?hei=1950&crop=0,0,1560,0 | https://www.jcrew.com/s7-img-facade/N7757_BR1123",,False,Cow leather. Spot clean. Import. Online only. Item N7757.,,Bembien® le sac bag,USD,446.7,290,N7757,https://www.jcrew.com/p/womens/categories/accessories/bags/shoulder-bags/N7757?display=all&fit=Classic&colorProductCode=N7757&colorCode=BR1123,1,1,2026-02-23T13:16:33Z,Mixed,N7757_BR1123,J.Crew,17,Mixed | bag / bembien | Premium,Bembien® le sac bag,https://www.jcrew.com/p/womens/categories/accessories/bags/shoulder-bags/N7757?display=all&fit=Classic&colorProductCode=N7757&colorCode=BR1123
,5.0,J.Crew,"This item must be returned directly to the seller and will not be accepted at J.Crew stores or the distribution center. To return your items, please follow the instructions that are enclosed in your package. You will receive a confirmation email once the Marketplace seller has received your package and a refund has been processed.",Home > girls,Just Dutch handmade Miffy doll in pink dress and tulip bag Green | Just Dutch handmade Miffy doll in pink dress and tulip bag Pink,"Miffy, to life with handmade crochet dolls crafted from soft organic cotton and eco-friendly materials, inviting children to create endless adventures. Featuring colorful changeable outfits, each doll is thoughtfully made by differently abled artisans in Vietnam, blending Dutch design, imaginative storytelling and meaningful social impact. Miffy is wearing her favorite pink dress and has picked up her tulip bag, ready to greet the sunny day with curiosity. She is planning a sweet surprise for a ","10""H x 4""W x 2""D. Suitable for children aged three and older.","Just Dutch handmade Miffy doll in pink dress and tulip bag J.Crew Miffy, to life with handmade crochet dolls crafted from soft organic cotton and eco-friendly materials, inviting children to create endless adventures. Featuring colorful changeable outfits, each doll is thoughtfully made by differently abled artisans in Vietnam, blending Dutch design, imaginative storytelling and meaningful social impact. Miffy is wearing her favorite pink dress and has picked up her tulip bag, ready to greet",2,"https://www.jcrew.com/s7-img-facade/P3336_EF0363?hei=1950&crop=0,0,1560,0","https://www.jcrew.com/s7-img-facade/P3336_EF0363?hei=1950&crop=0,0,1560,0 | https://www.jcrew.com/s7-img-facade/P3336_EF0363",,False,Cotton. Embroidered eyes. Handmade. Hand wash. Imported. Online only. Item P3336.,,Just Dutch handmade Miffy doll in pink dress and tulip bag,USD,61.61,38,P3336,https://www.jcrew.com/p/girls/categories/accessories/fun-finds/P3336?display=all&fit=Classic&colorProductCode=P3336&colorCode=EF0363,1,1,2026-02-23T13:17:08Z,Mixed,P3336_EF0363,J.Crew,16,Mixed | tote / kayu | Premium,Just Dutch handmade Miffy doll in pink dress and tulip bag,https://www.jcrew.com/p/girls/categories/accessories/fun-finds/P3336?display=all&fit=Classic&colorProductCode=P3336&colorCode=EF0363
,3.909090909090909,J.Crew,"Very cute but large. There is no chance of sneaking up on anyone as you sound like Jacob Marley. Also, be careful as you could take someone out.",Home > women > bags,Shiny Matte Gold | Metallic link phone chain SHINY MATTE GOLD metallic link phone chain for women,"Add a personal touch to your tech with this metallic chain that matches back to our jewelry collection. Pro tip: Wear it around your wrist to hold your phone hands-free (while looking superpolished at the same time).Gold-plated zinc, gold-plated aluminum, cubic zirconia.Imported.Select stores.Item CK154.","Length: 12 1/2"".","Metallic link phone chain J.Crew Add a personal touch to your tech with this metallic chain that matches back to our jewelry collection. Pro tip: Wear it around your wrist to hold your phone hands-free (while looking superpolished at the same time).Gold-plated zinc, gold-plated aluminum, cubic zirconia.Imported.Select stores.Item CK154. Gold-plated zinc, gold-plated aluminum, cubic zirconia. Imported. Select stores. Item CK154.",6,"https://www.jcrew.com/s7-img-facade/CK154_YL5433_m?hei=1950&crop=0,0,1560,0","https://www.jcrew.com/s7-img-facade/CK154_YL5433_m?hei=1950&crop=0,0,1560,0 | https://www.jcrew.com/s7-img-facade/CK154_YL5433_d1?hei=1080&crop=0,0,864,0 | https://www.jcrew.com/s7-img-facade/CK154_YL5433?hei=1080&crop=0,0,864,0 | https://www.jcrew.com/s7-img-facade/CK154_YL5433_m | https://www.jcrew.com/s7-img-facade/CK154_YL5433_d1 | https://www.jcrew.com/s7-img-facade/CK154_YL5433",,False,"Gold-plated zinc, gold-plated aluminum, cubic zirconia. Imported. Select stores. Item CK154.",,Metallic link phone chain,USD,76.25,,CK154,https://www.jcrew.com/p/womens/categories/accessories/bags/phone-chains/CK154?display=all&fit=Classic&colorProductCode=CK154&colorCode=YL5433,11,11,2026-02-23T13:17:21Z,Mixed,CK154_YL5433,J.Crew,1,Mixed | phone / chain | Upper Mid,Metallic link phone chain,https://www.jcrew.com/p/womens/categories/accessories/bags/phone-chains/CK154?display=all&fit=Classic&colorProductCode=CK154&colorCode=YL5433
,1.0,J.Crew,"This item must be returned directly to the seller and will not be accepted at J.Crew stores or the distribution center. To return your items, please follow the instructions that are enclosed in your package. You will receive a confirmation email once the Marketplace seller has received your package and a refund has been processed.",Home > women > bags,Bembien&reg; Gabrielle bag White | Bembien&reg; Gabrielle bag Black | Bembien&reg; Gabrielle bag Brown,"from around the world. Ten percent of all Bembien proceeds goes to Nest, a nonprofit dedicated to the social and economic advancement of artisan communities all around the globe. Our largest tote bag. A carryall tote handcrafted in woven leather with two braided shoulder straps and a magnetic closure. Fits your 16"" laptop, water bottle and change of shoes.Leather.Imported.Online only.Item M7121.","18""H x 13""W x 4""D.","Bembien® Gabrielle bag J.Crew from around the world. Ten percent of all Bembien proceeds goes to Nest, a nonprofit dedicated to the social and economic advancement of artisan communities all around the globe. Our largest tote bag. A carryall tote handcrafted in woven leather with two braided shoulder straps and a magnetic closure. Fits your 16"" laptop, water bottle and change of shoes.Leather.Imported.Online only.Item M7121. Leather. Imported. Online only. Item M7121.",2,"https://www.jcrew.com/s7-img-facade/M7121_WC6066?hei=1950&crop=0,0,1560,0","https://www.jcrew.com/s7-img-facade/M7121_WC6066?hei=1950&crop=0,0,1560,0 | https://www.jcrew.com/s7-img-facade/M7121_WC6066",,True,Leather. Imported. Online only. Item M7121.,work_tote|luxury_signal,Bembien® Gabrielle bag,USD,693.15,450,M7121,https://www.jcrew.com/p/womens/categories/accessories/bags/totes/M7121?display=all&fit=Classic&colorProductCode=M7121&colorCode=WC6066,1,1,2026-02-23T13:17:42Z,Mixed,M7121_WC6066,J.Crew,17,Mixed | bag / bembien | Premium,Bembien® Gabrielle bag,https://www.jcrew.com/p/womens/categories/accessories/bags/totes/M7121?display=all&fit=Classic&colorProductCode=M7121&colorCode=WC6066
,4.842105263157895,J.Crew,,Home > women > bags,Rich Tort | Tortoise shell clutch RICH TORT tortoise shell clutch for women,This ultracool tortoise shell clutch features an open geometric design that holds all of your essentials with ease. (Bonus: It's a total conversation starter.)Acetate.Imported.Select stores.Item CJ926.,"6 7/8""H x 8""W x 2 1/2""D.",Tortoise shell clutch J.Crew This ultracool tortoise shell clutch features an open geometric design that holds all of your essentials with ease. (Bonus: It's a total conversation starter.)Acetate.Imported.Select stores.Item CJ926. Acetate. Imported. Select stores. Item CJ926.,10,"https://www.jcrew.com/s7-img-facade/CJ926_EE4347_m?hei=1950&crop=0,0,1560,0","https://www.jcrew.com/s7-img-facade/CJ926_EE4347_m?hei=1950&crop=0,0,1560,0 | https://www.jcrew.com/s7-img-facade/CJ926_EE4347_d1?hei=1080&crop=0,0,864,0 | https://www.jcrew.com/s7-img-facade/CJ926_EE4347_d3?hei=1080&crop=0,0,864,0 | https://www.jcrew.com/s7-img-facade/CJ926_EE4347_d4?hei=1080&crop=0,0,864,0 | https://www.jcrew.com/s7-img-facade/CJ926_EE4347?hei=1080&crop=0,0,864,0 | https://www.jcrew.com/s7-img-facade/CJ926_EE4347_m | https://www.jcrew.com/s7-img-facade/CJ926_EE4347_d1 | https:",,False,Acetate. Imported. Select stores. Item CJ926.,occasion_glam|statement_fashion,Tortoise shell clutch,USD,227.97,148,CJ926,https://www.jcrew.com/p/womens/categories/accessories/bags/clutches-and-pouches/CJ926?display=all&fit=Classic&colorProductCode=CJ926&colorCode=EE4347,19,19,2026-02-23T13:18:22Z,Mixed,CJ926_EE4347,J.Crew,3,Mixed | leather / cardholder | Upper Mid,Tortoise shell clutch,https://www.jcrew.com/p/womens/categories/accessories/bags/clutches-and-pouches/CJ926?display=all&fit=Classic&colorProductCode=CJ926&colorCode=EE4347
,,J.Crew,,Home > women,Windy Blossom,"This timeless bucket bag is roomy enough to fit your laptop and polished enough to take anywhere, with an easy tie closure. Crafted in colorful leather that holds its shape—and its own—it's the polished carryall you've been asking for.100% leather.Imported.Online only.Item CR877.Leather Working Group™This purchase supportsLWG-certified tanneriesLearn more about our Re-imagined fibersShop all Re-imagined styles","12 1/2""H x 13 1/4""W x 5 7/8""D. 9"" strap drop.","Berkeley bucket bag in leather J.Crew This timeless bucket bag is roomy enough to fit your laptop and polished enough to take anywhere, with an easy tie closure. Crafted in colorful leather that holds its shape—and its own—it's the polished carryall you've been asking for.100% leather.Imported.Online only.Item CR877.Leather Working Group™This purchase supportsLWG-certified tanneriesLearn more about our Re-imagined fibersShop all Re-imagined styles 100% leather. Imported. Online only. Item CR877.",8,"https://www.jcrew.com/s7-img-facade/CR877_PK0312?hei=1950&crop=0,0,1560,0","https://www.jcrew.com/s7-img-facade/CR877_PK0312?hei=1950&crop=0,0,1560,0 | https://www.jcrew.com/s7-img-facade/CR877_PK0312_d2?hei=1080&crop=0,0,864,0 | https://www.jcrew.com/s7-img-facade/CR877_PK0312_d3?hei=1080&crop=0,0,864,0 | https://www.jcrew.com/s7-img-facade/CR877_PK0312_d4?hei=1080&crop=0,0,864,0 | https://www.jcrew.com/s7-img-facade/CR877_PK0312 | https://www.jcrew.com/s7-img-facade/CR877_PK0312_d2 | https://www.jcrew.com/s7-img-facade/CR877_PK0312_d3 | https://www.jcrew.com/s7-img-fa",,False,100% leather. Imported. Online only. Item CR877.,weekend_bucket|minimal_modern,Berkeley bucket bag in leather,USD,351.2,228,CR877,https://www.jcrew.com/p/womens/categories/accessories/bags/CR877?display=all&fit=Classic&colorProductCode=CR877&colorCode=PK0312,,,2026-02-23T13:18:55Z,Mixed,CR877_PK0312,J.Crew,18,Mixed | berkeley / bag | Premium,Berkeley bucket bag in leather,https://www.jcrew.com/p/womens/categories/accessories/bags/CR877?display=all&fit=Classic&colorProductCode=CR877&colorCode=PK0312
,,J.Crew,,Home > girls,Pink Lilac Blue Multi,"Nothing says spring like this one of a kind purse, covered in sequin-embellished blooms. Detail we love: the beaded crossbody strap.Polyester, acrylic.This item has small parts and is not intended for use by children under three years of age.Spot clean.Imported.Item CR658.",,"Girls' floral crossbody bag with sequins J.Crew Nothing says spring like this one of a kind purse, covered in sequin-embellished blooms. Detail we love: the beaded crossbody strap.Polyester, acrylic.This item has small parts and is not intended for use by children under three years of age.Spot clean.Imported.Item CR658. Polyester, acrylic. This item has small parts and is not intended for use by children under three years of age. Spot clean. Imported. Item CR658.",6,"https://www.jcrew.com/s7-img-facade/CR658_EX0372?hei=1950&crop=0,0,1560,0","https://www.jcrew.com/s7-img-facade/CR658_EX0372?hei=1950&crop=0,0,1560,0 | https://www.jcrew.com/s7-img-facade/CR658_EX0372_d1?hei=1080&crop=0,0,864,0 | https://www.jcrew.com/s7-img-facade/CR658_EX0372_d2?hei=1080&crop=0,0,864,0 | https://www.jcrew.com/s7-img-facade/CR658_EX0372 | https://www.jcrew.com/s7-img-facade/CR658_EX0372_d1 | https://www.jcrew.com/s7-img-facade/CR658_EX0372_d2",,False,"Polyester, acrylic. This item has small parts and is not intended for use by children under three years of age. Spot clean. Imported. Item CR658.",micro_mini_impulse|gifting_ready,Girls' floral crossbody bag with sequins,USD,100.12,65,CR658,https://www.jcrew.com/p/girls/categories/accessories/bags/CR658?display=all&fit=Classic&colorProductCode=CR658&colorCode=EX0372,,,2026-02-23T13:19:28Z,Mixed,CR658_EX0372,J.Crew,4,Mixed | girls / crossbody | Upper Mid,Girls' floral crossbody bag with sequins,https://www.jcrew.com/p/girls/categories/accessories/bags/CR658?display=all&fit=Classic&colorProductCode=CR658&colorCode=EX0372
,,J.Crew,"This item must be returned directly to the seller and will not be accepted at J.Crew stores or the distribution center. To return your items, please follow the instructions that are enclosed in your package. You will receive a confirmation email once the Marketplace seller has received your package and a refund has been processed.","Home > men > Candles, Grooming & Home",,"the Gathering Bag offers versatility in use, wearing, emptying and care. Its convertible straps allow for comfortable chest or back carrying, while its drop-out bottom makes quick work of emptying the harvest. Constructed of weather- and water-resistant paraffin-waxed canvas and complete with a watertight, removable liner, the Gathering Bag is the essential foraging and harvesting partner.Paraffin-waxed canvas.Waxed canvas should never be dry cleaned or machine washed but can be carefully cleane","18"" x 16 1/2"" x 5""; 2.1 lbs.","Barebones gathering bag J.Crew the Gathering Bag offers versatility in use, wearing, emptying and care. Its convertible straps allow for comfortable chest or back carrying, while its drop-out bottom makes quick work of emptying the harvest. Constructed of weather- and water-resistant paraffin-waxed canvas and complete with a watertight, removable liner, the Gathering Bag is the essential foraging and harvesting partner.Paraffin-waxed canvas.Waxed canvas should never be dry cleaned or machine",16,"https://www.jcrew.com/s7-img-facade/N1054_BR0614?hei=1950&crop=0,0,1560,0","https://www.jcrew.com/s7-img-facade/N1054_BR0614?hei=1950&crop=0,0,1560,0 | https://www.jcrew.com/s7-img-facade/N1054_BR0614_d1?hei=1080&crop=0,0,864,0 | https://www.jcrew.com/s7-img-facade/N1054_BR0614_d2?hei=1080&crop=0,0,864,0 | https://www.jcrew.com/s7-img-facade/N1054_BR0614_d3?hei=1080&crop=0,0,864,0 | https://www.jcrew.com/s7-img-facade/N1054_BR0614_d4?hei=1080&crop=0,0,864,0 | https://www.jcrew.com/s7-img-facade/N1054_BR0614_d5?hei=1080&crop=0,0,864,0 | https://www.jcrew.com/s7-img-facad",,False,"Paraffin-waxed canvas. Waxed canvas should never be dry cleaned or machine washed but can be carefully cleaned if you so choose. Brush off the loose dirt, rinse the surface with plain water, gently scrub with a brush, then let air dry. If your stains persist, use a mild bar or saddle soap. Over time or after cleaning, your waxed canvas may need to be re-waxed. To do so, use a wax conditioner and apply in accordance with manufacturer's instructions. Metal hardware. Import. Online only. Item N1054",travel_utility|eco_conscious,Barebones gathering bag,USD,123.23,80,N1054,https://www.jcrew.com/p/mens/categories/accessories/home/table-top/N1054?display=all&fit=Classic&colorProductCode=N1054&colorCode=BR0614,,,2026-02-23T13:19:40Z,Mixed,N1054_BR0614,J.Crew,17,Mixed | bag / bembien | Premium,Barebones gathering bag,https://www.jcrew.com/p/mens/categories/accessories/home/table-top/N1054?display=all&fit=Classic&colorProductCode=N1054&colorCode=BR0614
,5.0,J.Crew,"This item must be returned directly to the seller and will not be accepted at J.Crew stores or the distribution center. To return your items, please follow the instructions that are enclosed in your package. You will receive a confirmation email once the Marketplace seller has received your package and a refund has been processed.",Home > women > bags,Bembien® Carmen bag Black | Bembien® Carmen bag Brown,"from around the world. Ten percent of all Bembien proceeds goes to Nest, a nonprofit dedicated to the social and economic advancement of artisan communities all around the globe. Our chic take on a classic day bag, for when you don't need to carry absolutely everything. In our buttery-soft, yet sturdy, oversized knotted weave with a sweet arched top to add a little something special. Don't be fooled by the size; Carmen is surprisingly roomy. Wear it crossbody, regular or tie the long strap into ","11"" x 3 1/2"" x 8 1/2"".","Bembien® Carmen bag J.Crew from around the world. Ten percent of all Bembien proceeds goes to Nest, a nonprofit dedicated to the social and economic advancement of artisan communities all around the globe. Our chic take on a classic day bag, for when you don't need to carry absolutely everything. In our buttery-soft, yet sturdy, oversized knotted weave with a sweet arched top to add a little something special. Don't be fooled by the size; Carmen is surprisingly roomy. Wear it crossbody, regular",2,"https://www.jcrew.com/s7-img-facade/N6469_BK0001?hei=1950&crop=0,0,1560,0","https://www.jcrew.com/s7-img-facade/N6469_BK0001?hei=1950&crop=0,0,1560,0 | https://www.jcrew.com/s7-img-facade/N6469_BK0001",,False,Cow leather. Import. Online only. Item N6469.,luxury_signal|minimal_modern,Bembien® Carmen bag,USD,477.51,310,N6469,https://www.jcrew.com/p/womens/categories/accessories/bags/crossbody/N6469?display=all&fit=Classic&colorProductCode=N6469&colorCode=BK0001,1,1,2026-02-23T13:20:01Z,Mixed,N6469_BK0001,J.Crew,17,Mixed | bag / bembien | Premium,Bembien® Carmen bag,https://www.jcrew.com/p/womens/categories/accessories/bags/crossbody/N6469?display=all&fit=Classic&colorProductCode=N6469&colorCode=BK0001
,,J.Crew,,Home > men > Bags & Wallets,Otter Green,"some of the toughest outerwear on the market—and they've been doing it since the late 1800s. Made in the U.S., this tote bag has handles long enough for over-shoulder carrying and large stow pockets on all four sides to keep your things organized. It's made with industrial-strength rugged twill and bridled leather that's water-resistant and built to survive daily use.Rugged cotton twill.Leather bridle.Spot clean.Made in the USA of imported fabric.Select stores.Item CP089.","15""L x 7""W x 14""H. 25-liter capacity.","Filson® rugged twill zipper tote bag J.Crew some of the toughest outerwear on the market—and they've been doing it since the late 1800s. Made in the U.S., this tote bag has handles long enough for over-shoulder carrying and large stow pockets on all four sides to keep your things organized. It's made with industrial-strength rugged twill and bridled leather that's water-resistant and built to survive daily use.Rugged cotton twill.Leather bridle.Spot clean.Made in the USA of imported",6,"https://www.jcrew.com/s7-img-facade/CP089_EE9149?hei=1950&crop=0,0,1560,0","https://www.jcrew.com/s7-img-facade/CP089_EE9149?hei=1950&crop=0,0,1560,0 | https://www.jcrew.com/s7-img-facade/CP089_EE9149_d1?hei=1080&crop=0,0,864,0 | https://www.jcrew.com/s7-img-facade/CP089_EE9149_d2?hei=1080&crop=0,0,864,0 | https://www.jcrew.com/s7-img-facade/CP089_EE9149 | https://www.jcrew.com/s7-img-facade/CP089_EE9149_d1 | https://www.jcrew.com/s7-img-facade/CP089_EE9149_d2",,False,Rugged cotton twill. Leather bridle. Spot clean. Made in the USA of imported fabric. Select stores. Item CP089.,work_tote|travel_utility,Filson® rugged twill zipper tote bag,USD,454.4,295,CP089,https://www.jcrew.com/p/mens/categories/accessories/bags/laptop-bags/CP089?display=all&fit=Classic&colorProductCode=CP089&colorCode=EE9149,,,2026-02-23T13:20:35Z,Mixed,CP089_EE9149,J.Crew,9,Mixed | filson / rugged | Premium,Filson® rugged twill zipper tote bag,https://www.jcrew.com/p/mens/categories/accessories/bags/laptop-bags/CP089?display=all&fit=Classic&colorProductCode=CP089&colorCode=EE9149
,4.864864864864865,J.Crew,,Home > women > bags,Black | Berkeley overnight tote in leather BLACK,"the perfect take-it-everywhere leather style inspired by our best-selling bag collection. New this season, our overnight edition is just the right size for all your overnight necessities. Bonus: This size features a travel-ready zippered top, an inner pocket to hold your laptop and a detachable woven strap for easy over-the-shoulder carrying. Detail we love: the suede accents throughout for a luxe finishing touch.Leather.Interior pocket fits laptop.Cotton lining.Imported.Online only.Item CF925.L","13 3/4""H x18""W x 8""D; 9"" handle drop. 11""-26"" removable crossbody strap.","Berkeley overnight tote in leather J.Crew the perfect take-it-everywhere leather style inspired by our best-selling bag collection. New this season, our overnight edition is just the right size for all your overnight necessities. Bonus: This size features a travel-ready zippered top, an inner pocket to hold your laptop and a detachable woven strap for easy over-the-shoulder carrying. Detail we love: the suede accents throughout for a luxe finishing touch.Leather.Interior pocket fits",11,"https://www.jcrew.com/s7-img-facade/CF925_BK0001_m?hei=1950&crop=0,0,1560,0","https://www.jcrew.com/s7-img-facade/CF925_BK0001_m?hei=1950&crop=0,0,1560,0 | https://www.jcrew.com/s7-img-facade/CF925_BK0001_v?hei=1700&crop=0,0,1360,0 | https://www.jcrew.com/s7-img-facade/CF925_BK0001_d1?hei=1080&crop=0,0,864,0 | https://www.jcrew.com/s7-img-facade/CF925_BK0001_d4?hei=1080&crop=0,0,864,0 | https://www.jcrew.com/s7-img-facade/CF925_BK0001_d5?hei=1080&crop=0,0,864,0 | https://www.jcrew.com/s7-img-facade/CF925_BK0001?hei=1080&crop=0,0,864,0 | https://www.jcrew.com/s7-img-facade",,False,Leather. Interior pocket fits laptop. Cotton lining. Imported. Online only. Item CF925.,work_tote|travel_utility|oversized_carryall,Berkeley overnight tote in leather,USD,348,,CF925,https://www.jcrew.com/m/womens/categories/accessories/bags/berkeley/ME294?display=all&fit=Classic&colorProductCode=CF925&colorCode=BK0001,37,37,2026-02-23T13:21:09Z,Mixed,CF925_BK0001,J.Crew,18,Mixed | berkeley / bag | Premium,Berkeley overnight tote in leather,https://www.jcrew.com/m/womens/categories/accessories/bags/berkeley/ME294?display=all&fit=Classic&colorProductCode=CF925&colorCode=BK0001
,5.0,J.Crew,,Home > men > Bags & Wallets,Navy,"a coastal community in England known for its dramatic cliffs, golden beaches and world-class surf—Atlantic Coastal Supplies specializes in gear and apparel for any aquatic adventure. The large ACS beach tote is crafted at a sailmaker's studio from durable nylon canvas with waterproof backing, strong webbing handles and a secure aluminum G-hook closure.Nylon/canvas.Spot clean.Imported.Select stores.Item CF796.","17.7""L x 15""H x 12""D.","Atlantic Coastal Supplies large beach bag J.Crew a coastal community in England known for its dramatic cliffs, golden beaches and world-class surf—Atlantic Coastal Supplies specializes in gear and apparel for any aquatic adventure. The large ACS beach tote is crafted at a sailmaker's studio from durable nylon canvas with waterproof backing, strong webbing handles and a secure aluminum G-hook closure.Nylon/canvas.Spot clean.Imported.Select stores.Item CF796. Nylon/canvas. Spot clean. Imported.",6,"https://www.jcrew.com/s7-img-facade/CF796_BL0014?hei=1950&crop=0,0,1560,0","https://www.jcrew.com/s7-img-facade/CF796_BL0014?hei=1950&crop=0,0,1560,0 | https://www.jcrew.com/s7-img-facade/CF796_BL0014_d1?hei=1080&crop=0,0,864,0 | https://www.jcrew.com/s7-img-facade/CF796_BL0014_d2?hei=1080&crop=0,0,864,0 | https://www.jcrew.com/s7-img-facade/CF796_BL0014 | https://www.jcrew.com/s7-img-facade/CF796_BL0014_d1 | https://www.jcrew.com/s7-img-facade/CF796_BL0014_d2",,False,Nylon/canvas. Spot clean. Imported. Select stores. Item CF796.,travel_utility|oversized_carryall,Atlantic Coastal Supplies large beach bag,USD,237.21,154,CF796,https://www.jcrew.com/p/mens/categories/accessories/bags/messengers-and-totes/CF796?display=all&fit=Classic&colorProductCode=CF796&colorCode=BL0014,1,1,2026-02-23T13:21:42Z,Mixed,CF796_BL0014,J.Crew,13,Mixed | tote / bag | Premium,Atlantic Coastal Supplies large beach bag,https://www.jcrew.com/p/mens/categories/accessories/bags/messengers-and-totes/CF796?display=all&fit=Classic&colorProductCode=CF796&colorCode=BL0014
,4.065573770491803,J.Crew,,Home > women > bags,Rich Hickory,"This tiny tote in handwoven straw fits the short list: phone, keys, wallet, lip gloss. Easy as ever, we added a removable leather crossbody strap for hands-free days.Handwoven paper straw.Removable crossbody strap.Imported.Select stores.Item CJ880.","6""H x 9""Wx 5""D. 3 1/2"" handle drop. 22"" strap.","Small Malta handwoven straw bag J.Crew This tiny tote in handwoven straw fits the short list: phone, keys, wallet, lip gloss. Easy as ever, we added a removable leather crossbody strap for hands-free days.Handwoven paper straw.Removable crossbody strap.Imported.Select stores.Item CJ880. Handwoven paper straw. Removable crossbody strap. Imported. Select stores. Item CJ880.",2,"https://www.jcrew.com/s7-img-facade/CJ880_EE3039?hei=1950&crop=0,0,1560,0","https://www.jcrew.com/s7-img-facade/CJ880_EE3039?hei=1950&crop=0,0,1560,0 | https://www.jcrew.com/s7-img-facade/CJ880_EE3039",,True,Handwoven paper straw. Removable crossbody strap. Imported. Select stores. Item CJ880.,micro_mini_impulse|everyday_crossbody,Small Malta handwoven straw bag,USD,,89,CJ880,https://www.jcrew.com/p/womens/categories/accessories/bags/crossbody/CJ880?display=all&fit=Classic&colorProductCode=CJ880&colorCode=EE7216,61,61,2026-02-23T13:22:16Z,Mixed,CJ880_EE7216,J.Crew,15,Mixed | clutch / kayu | Premium,Small Malta handwoven straw bag,https://www.jcrew.com/p/womens/categories/accessories/bags/crossbody/CJ880?display=all&fit=Classic&colorProductCode=CJ880&colorCode=EE7216
,,J.Crew,"This item must be returned directly to the seller and will not be accepted at J.Crew stores or the distribution center. To return your items, please follow the instructions that are enclosed in your package. You will receive a confirmation email once the Marketplace seller has received your package and a refund has been processed.","Home > men > Candles, Grooming & Home",,"the Gathering Bag offers versatility in use, wearing, emptying and care. Its convertible straps allow for comfortable chest or back carrying, while its drop-out bottom makes quick work of emptying the harvest. Constructed of weather- and water-resistant paraffin-waxed canvas and complete with a watertight, removable liner, the Gathering Bag is the essential foraging and harvesting partner.Paraffin-waxed canvas.Waxed canvas should never be dry cleaned or machine washed but can be carefully cleane","18"" x 16 1/2"" x 5""; 2.1 lbs.","Barebones gathering bag J.Crew the Gathering Bag offers versatility in use, wearing, emptying and care. Its convertible straps allow for comfortable chest or back carrying, while its drop-out bottom makes quick work of emptying the harvest. Constructed of weather- and water-resistant paraffin-waxed canvas and complete with a watertight, removable liner, the Gathering Bag is the essential foraging and harvesting partner.Paraffin-waxed canvas.Waxed canvas should never be dry cleaned or machine",18,"https://www.jcrew.com/s7-img-facade/N1053_EC0793?hei=1950&crop=0,0,1560,0","https://www.jcrew.com/s7-img-facade/N1053_EC0793?hei=1950&crop=0,0,1560,0 | https://www.jcrew.com/s7-img-facade/N1053_EC0793_d1?hei=1080&crop=0,0,864,0 | https://www.jcrew.com/s7-img-facade/N1053_EC0793_d2?hei=1080&crop=0,0,864,0 | https://www.jcrew.com/s7-img-facade/N1053_EC0793_d3?hei=1080&crop=0,0,864,0 | https://www.jcrew.com/s7-img-facade/N1053_EC0793_d4?hei=1080&crop=0,0,864,0 | https://www.jcrew.com/s7-img-facade/N1053_EC0793_d5?hei=1080&crop=0,0,864,0 | https://www.jcrew.com/s7-img-facad",,False,"Paraffin-waxed canvas. Waxed canvas should never be dry cleaned or machine washed but can be carefully cleaned if you so choose. Brush off the loose dirt, rinse the surface with plain water, gently scrub with a brush, then let air dry. If your stains persist, use a mild bar or saddle soap. Over time or after cleaning, your waxed canvas may need to be re-waxed. To do so, use a wax conditioner and apply in accordance with manufacturer's instructions. Metal hardware. Import. Online only. Item N1053",travel_utility|convertible_multiway,Barebones gathering bag,USD,123.23,80,N1053,https://www.jcrew.com/p/mens/categories/accessories/home/table-top/N1053?display=all&fit=Classic&colorProductCode=N1053&colorCode=EC0793,,,2026-02-23T13:22:49Z,Mixed,N1053_EC0793,J.Crew,17,Mixed | bag / bembien | Premium,Barebones gathering bag,https://www.jcrew.com/p/mens/categories/accessories/home/table-top/N1053?display=all&fit=Classic&colorProductCode=N1053&colorCode=EC0793
,5.0,J.Crew,,Home > men > Bags & Wallets,Black | Leather bifold cardholder BLACK,"this classic bifold wallet with a debossed J.Crew logo makes the perfect gift (for yourself, included).100% leather.Spot clean.Imported.Select stores.Item CO573.",One size.,"Leather bifold cardholder J.Crew this classic bifold wallet with a debossed J.Crew logo makes the perfect gift (for yourself, included).100% leather.Spot clean.Imported.Select stores.Item CO573. 100% leather. Spot clean. Imported. Select stores. Item CO573.",4,"https://www.jcrew.com/s7-img-facade/CO573_BK0001?hei=1950&crop=0,0,1560,0","https://www.jcrew.com/s7-img-facade/CO573_BK0001?hei=1950&crop=0,0,1560,0 | https://www.jcrew.com/s7-img-facade/CO573_BK0001_d1?hei=1080&crop=0,0,864,0 | https://www.jcrew.com/s7-img-facade/CO573_BK0001 | https://www.jcrew.com/s7-img-facade/CO573_BK0001_d1",,False,100% leather. Spot clean. Imported. Select stores. Item CO573.,slg_small_leathers|luxury_signal,Leather bifold cardholder,USD,85,,CO573,https://www.jcrew.com/m/mens/categories/accessories/bags/wallets/ME809?display=all&fit=Classic&colorProductCode=CO573&colorCode=BK0001,3,3,2026-02-23T13:23:22Z,Mixed,CO573_BK0001,J.Crew,3,Mixed | leather / cardholder | Upper Mid,Leather bifold cardholder,https://www.jcrew.com/m/mens/categories/accessories/bags/wallets/ME809?display=all&fit=Classic&colorProductCode=CO573&colorCode=BK0001
,5.0,J.Crew,"This item must be returned directly to the seller and will not be accepted at J.Crew stores or the distribution center. To return your items, please follow the instructions that are enclosed in your package. You will receive a confirmation email once the Marketplace seller has received your package and a refund has been processed.",Home > women > bags,KAYU&reg; Jen clutch Natural | KAYU&reg; Jen clutch Gold | KAYU&reg; Jen clutch Black | KAYU&reg; Jen clutch Blue | KAYU&reg; Jen clutch Red | KAYU&reg; Jen clutch Grey,"female-run company that partners with women artisans in Southeast Asia to handmake their products using natural, sustainable materials and indigenous techniques passed down through generations.Woven straw.White stone clasp.Optional drop-in chain strap.Import.Online only.Item M1764.","4 1/2""H x 7 1/2""W x 2""D.","KAYU® Jen clutch J.Crew female-run company that partners with women artisans in Southeast Asia to handmake their products using natural, sustainable materials and indigenous techniques passed down through generations.Woven straw.White stone clasp.Optional drop-in chain strap.Import.Online only.Item M1764. Woven straw. White stone clasp. Optional drop-in chain strap. Import. Online only. Item M1764.",4,"https://www.jcrew.com/s7-img-facade/M1764_BR0968?hei=1950&crop=0,0,1560,0","https://www.jcrew.com/s7-img-facade/M1764_BR0968?hei=1950&crop=0,0,1560,0 | https://www.jcrew.com/s7-img-facade/M1764_BR0968_d1?hei=1080&crop=0,0,864,0 | https://www.jcrew.com/s7-img-facade/M1764_BR0968 | https://www.jcrew.com/s7-img-facade/M1764_BR0968_d1",,False,Woven straw. White stone clasp. Optional drop-in chain strap. Import. Online only. Item M1764.,occasion_glam|eco_conscious,KAYU® Jen clutch,USD,585.33,380,M1764,https://www.jcrew.com/p/womens/categories/accessories/bags/clutches-and-pouches/M1764?display=all&fit=Classic&colorProductCode=M1764&colorCode=BR0968,1,1,2026-02-23T13:23:55Z,Mixed,M1764_BR0968,J.Crew,15,Mixed | clutch / kayu | Premium,KAYU® Jen clutch,https://www.jcrew.com/p/womens/categories/accessories/bags/clutches-and-pouches/M1764?display=all&fit=Classic&colorProductCode=M1764&colorCode=BR0968
,4.9,J.Crew,,Home > men > Bags & Wallets,Natural Brilliant Cove,"we made this durable 100 percent cotton canvas tote with a custom East Coast-inspired graphic, a removable shoulder strap and an internal zip pocket to secure your essentials. Bring it to the farmer's market, to work, on a trip—and when you shop J.Crew.Cotton.Adjustable strap.Spot clean.Imported.Select stores.16""H x 20 1/2""W x 7""D (top); 16""H x 15 1/4""W x 7""D (bottom).Item BO197.","5 1/2"" handle drop. 13""-25"" crossbody adjustable strap. One size.","Bond Street graphic tote bag J.Crew we made this durable 100 percent cotton canvas tote with a custom East Coast-inspired graphic, a removable shoulder strap and an internal zip pocket to secure your essentials. Bring it to the farmer's market, to work, on a trip—and when you shop J.Crew.Cotton.Adjustable strap.Spot clean.Imported.Select stores.16""H x 20 1/2""W x 7""D (top); 16""H x 15 1/4""W x 7""D (bottom).Item BO197. Cotton. Adjustable strap. Spot clean. Imported. Select stores. 16""H x 20 1/2""W x",2,"https://www.jcrew.com/s7-img-facade/BO197_PP5980?hei=1950&crop=0,0,1560,0","https://www.jcrew.com/s7-img-facade/BO197_PP5980?hei=1950&crop=0,0,1560,0 | https://www.jcrew.com/s7-img-facade/BO197_PP5980",,False,"Cotton. Adjustable strap. Spot clean. Imported. Select stores. 16""H x 20 1/2""W x 7""D (top); 16""H x 15 1/4""W x 7""D (bottom). Item BO197.",work_tote|gifting_ready,Bond Street graphic tote bag,USD,88,,BO197,https://www.jcrew.com/p/mens/categories/accessories/bags/messengers-and-totes/BO197?display=all&fit=Classic&colorProductCode=BO197&colorCode=PP5980,10,10,2026-02-23T13:24:30Z,Mixed,BO197_PP5980,J.Crew,13,Mixed | tote / bag | Premium,Bond Street graphic tote bag,https://www.jcrew.com/p/mens/categories/accessories/bags/messengers-and-totes/BO197?display=all&fit=Classic&colorProductCode=BO197&colorCode=PP5980
,5.0,J.Crew,,Home > men > Bags & Wallets,Dark Carob | Leather billfold cardholder DARK CAROB,"this classic billfold wallet with a debossed J.Crew logo makes the perfect gift (for yourself, included).100% leather.Spot clean.Imported.Select stores.Item CP611.",One size.,"Leather billfold cardholder J.Crew this classic billfold wallet with a debossed J.Crew logo makes the perfect gift (for yourself, included).100% leather.Spot clean.Imported.Select stores.Item CP611. 100% leather. Spot clean. Imported. Select stores. Item CP611.",4,"https://www.jcrew.com/s7-img-facade/CP611_PP7847?hei=1950&crop=0,0,1560,0","https://www.jcrew.com/s7-img-facade/CP611_PP7847?hei=1950&crop=0,0,1560,0 | https://www.jcrew.com/s7-img-facade/CP611_PP7847_d1?hei=1080&crop=0,0,864,0 | https://www.jcrew.com/s7-img-facade/CP611_PP7847 | https://www.jcrew.com/s7-img-facade/CP611_PP7847_d1",,False,100% leather. Spot clean. Imported. Select stores. Item CP611.,slg_small_leathers|luxury_signal,Leather billfold cardholder,USD,85,,CP611,https://www.jcrew.com/m/mens/categories/accessories/bags/wallets/ME809?display=all&fit=Classic&colorProductCode=CP611&colorCode=PP7847,3,3,2026-02-23T13:25:02Z,Mixed,CP611_PP7847,J.Crew,3,Mixed | leather / cardholder | Upper Mid,Leather billfold cardholder,https://www.jcrew.com/m/mens/categories/accessories/bags/wallets/ME809?display=all&fit=Classic&colorProductCode=CP611&colorCode=PP7847
,5.0,J.Crew,,Home > women > bags,Natural Gold Crochet,"Add a little fun to your look with this small top-handle bag, featuring handknotted cotton rope and allover metallic beading. Designed to fit your phone and wallet, it's just the right size for day or night.Cotton.Handknotted.Handwoven.Imported.Select stores.Item CJ895.","6""H x 7""W x 2 7/8""D; 4"" handle drop.","Small handknotted crochet bag with beads J.Crew Add a little fun to your look with this small top-handle bag, featuring handknotted cotton rope and allover metallic beading. Designed to fit your phone and wallet, it's just the right size for day or night.Cotton.Handknotted.Handwoven.Imported.Select stores.Item CJ895. Cotton. Handknotted. Handwoven. Imported. Select stores. Item CJ895.",2,"https://www.jcrew.com/s7-img-facade/CJ895_EE7728?hei=1950&crop=0,0,1560,0","https://www.jcrew.com/s7-img-facade/CJ895_EE7728?hei=1950&crop=0,0,1560,0 | https://www.jcrew.com/s7-img-facade/CJ895_EE7728",,False,Cotton. Handknotted. Handwoven. Imported. Select stores. Item CJ895.,statement_fashion|micro_mini_impulse,Small handknotted crochet bag with beads,USD,118,,CJ895,https://www.jcrew.com/p/womens/categories/accessories/bags/straw/CJ895?display=all&fit=Classic&colorProductCode=CJ895&colorCode=EE7728,6,6,2026-02-23T13:25:35Z,Mixed,CJ895_EE7728,J.Crew,17,Mixed | bag / bembien | Premium,Small handknotted crochet bag with beads,https://www.jcrew.com/p/womens/categories/accessories/bags/straw/CJ895?display=all&fit=Classic&colorProductCode=CJ895&colorCode=EE7728
,5.0,J.Crew,"This item must be returned directly to the seller and will not be accepted at J.Crew stores or the distribution center. To return your items, please follow the instructions that are enclosed in your package. You will receive a confirmation email once the Marketplace seller has received your package and a refund has been processed.",Home > women > bags,Ame &amp; Lulu women's game on tennis backpack White | Ame &amp; Lulu women's game on tennis backpack Silver | Ame &amp; Lulu women's game on tennis backpack Blue,"Established in 2003 in Brookline, Massachusetts, Ame & Lulu designs and manufactures stylish-yet-functional accessories for tennis, golf and everyday life. It's game time with the new-and-improved Game On Tennis Backpack. Made out of a lightweight-yet-sturdy nylon, this backpack now has extra padding for structure and comfort.Nylon.Spot clean.Imported.Online only.Item N4292.","One size. 13 1/2""L x 5""W x 16 1/2""H.","Ame & Lulu women's game on tennis backpack J.Crew Established in 2003 in Brookline, Massachusetts, Ame & Lulu designs and manufactures stylish-yet-functional accessories for tennis, golf and everyday life. It's game time with the new-and-improved Game On Tennis Backpack. Made out of a lightweight-yet-sturdy nylon, this backpack now has extra padding for structure and comfort.Nylon.Spot clean.Imported.Online only.Item N4292. Nylon. Spot clean. Imported. Online only. Item N4292.",8,"https://www.jcrew.com/s7-img-facade/N4292_WC6066?hei=1950&crop=0,0,1560,0","https://www.jcrew.com/s7-img-facade/N4292_WC6066?hei=1950&crop=0,0,1560,0 | https://www.jcrew.com/s7-img-facade/N4292_WC6066_d1?hei=1080&crop=0,0,864,0 | https://www.jcrew.com/s7-img-facade/N4292_WC6066_d2?hei=1080&crop=0,0,864,0 | https://www.jcrew.com/s7-img-facade/N4292_WC6066_d3?hei=1080&crop=0,0,864,0 | https://www.jcrew.com/s7-img-facade/N4292_WC6066 | https://www.jcrew.com/s7-img-facade/N4292_WC6066_d1 | https://www.jcrew.com/s7-img-facade/N4292_WC6066_d2 | https://www.jcrew.com/s7-img-fa",,True,Nylon. Spot clean. Imported. Online only. Item N4292.,campus_student|eco_conscious,Ame & Lulu women's game on tennis backpack,USD,181.76,118,N4292,https://www.jcrew.com/p/womens/categories/accessories/bags/backpack/N4292?display=all&fit=Classic&colorProductCode=N4292&colorCode=WC6066,1,1,2026-02-23T13:25:48Z,Mixed,N4292_WC6066,J.Crew,10,Mixed | ame / lulu | Premium,Ame & Lulu women's game on tennis backpack,https://www.jcrew.com/p/womens/categories/accessories/bags/backpack/N4292?display=all&fit=Classic&colorProductCode=N4292&colorCode=WC6066
,,J.Crew,,Home > men > Bags & Wallets,Dark Carob | Leather passport holder DARK CAROB,crafted in textured leather with a debossed J.Crew logo to keep your passport handy.100% leather.Machine wash.Imported.Select stores.Item CO577.,One size.,Leather passport holder J.Crew crafted in textured leather with a debossed J.Crew logo to keep your passport handy.100% leather.Machine wash.Imported.Select stores.Item CO577. 100% leather. Machine wash. Imported. Select stores. Item CO577.,4,"https://www.jcrew.com/s7-img-facade/CO577_PP7847?hei=1950&crop=0,0,1560,0","https://www.jcrew.com/s7-img-facade/CO577_PP7847?hei=1950&crop=0,0,1560,0 | https://www.jcrew.com/s7-img-facade/CO577_PP7847_d1?hei=1080&crop=0,0,864,0 | https://www.jcrew.com/s7-img-facade/CO577_PP7847 | https://www.jcrew.com/s7-img-facade/CO577_PP7847_d1",,False,100% leather. Machine wash. Imported. Select stores. Item CO577.,slg_small_leathers|luxury_signal,Leather passport holder,USD,110,,CO577,https://www.jcrew.com/m/mens/categories/accessories/bags/wallets/ME810?display=all&fit=Classic&colorProductCode=CO577&colorCode=PP7847,,,2026-02-23T13:26:09Z,Mixed,CO577_PP7847,J.Crew,3,Mixed | leather / cardholder | Upper Mid,Leather passport holder,https://www.jcrew.com/m/mens/categories/accessories/bags/wallets/ME810?display=all&fit=Classic&colorProductCode=CO577&colorCode=PP7847
,4.25,J.Crew,"This item must be returned directly to the seller and will not be accepted at J.Crew stores or the distribution center. To return your items, please follow the instructions that are enclosed in your package. You will receive a confirmation email once the Marketplace seller has received your package and a refund has been processed.",Home > women > bags,KAYU&reg; mini St. Tropez tote Natural | KAYU&reg; mini St. Tropez tote Black,"female-run company that partners with women artisans in Southeast Asia to handmake their products using natural, sustainable materials and indigenous techniques passed down through generations.Woven seagrass straw.Yarn-wrapped handles.Coordinating pom-poms.Import.Online only.Item M1762.","6 1/2""H x 9""W x 10""D; 4 1/4"" handle drop.","KAYU® mini St. Tropez tote J.Crew female-run company that partners with women artisans in Southeast Asia to handmake their products using natural, sustainable materials and indigenous techniques passed down through generations.Woven seagrass straw.Yarn-wrapped handles.Coordinating pom-poms.Import.Online only.Item M1762. Woven seagrass straw. Yarn-wrapped handles. Coordinating pom-poms. Import. Online only. Item M1762.",4,"https://www.jcrew.com/s7-img-facade/M1762_BR0968?hei=1950&crop=0,0,1560,0","https://www.jcrew.com/s7-img-facade/M1762_BR0968?hei=1950&crop=0,0,1560,0 | https://www.jcrew.com/s7-img-facade/M1762_BR0968_d1?hei=1080&crop=0,0,864,0 | https://www.jcrew.com/s7-img-facade/M1762_BR0968 | https://www.jcrew.com/s7-img-facade/M1762_BR0968_d1",,False,Woven seagrass straw. Yarn-wrapped handles. Coordinating pom-poms. Import. Online only. Item M1762.,micro_mini_impulse|eco_conscious,KAYU® mini St. Tropez tote,USD,146.34,95,M1762,https://www.jcrew.com/p/womens/categories/accessories/bags/straw/M1762?display=all&fit=Classic&colorProductCode=M1762&colorCode=BR0968,4,4,2026-02-23T13:26:21Z,Mixed,M1762_BR0968,J.Crew,16,Mixed | tote / kayu | Premium,KAYU® mini St. Tropez tote,https://www.jcrew.com/p/womens/categories/accessories/bags/straw/M1762?display=all&fit=Classic&colorProductCode=M1762&colorCode=BR0968
,3.0,J.Crew,,Home > women > bags,Natural,"We partnered with Masseria San Domenico—the magical hotel in Puglia where we hosted a few of our friends this summer—on a limited-edition capsule inspired by the sights, style and spirit of the Italian coast. The perfect beach bag, this handknotted straw tote comes with a custom embroidered Masseria San Domenico crest and a foldable silhouette that easily fits in your suitcase.Paper.Leather lining.Imported.Select stores.Item CR052.","12 1/2""H x 12 1/2""W x 12 1/2""D; 9"" handle drop.","Masseria San Domenico X J.Crew embroidered packable tote bag J.Crew We partnered with Masseria San Domenico—the magical hotel in Puglia where we hosted a few of our friends this summer—on a limited-edition capsule inspired by the sights, style and spirit of the Italian coast. The perfect beach bag, this handknotted straw tote comes with a custom embroidered Masseria San Domenico crest and a foldable silhouette that easily fits in your suitcase.Paper.Leather lining.Imported.Select stores.Item",2,"https://www.jcrew.com/s7-img-facade/CR052_NA6445?hei=1950&crop=0,0,1560,0","https://www.jcrew.com/s7-img-facade/CR052_NA6445?hei=1950&crop=0,0,1560,0 | https://www.jcrew.com/s7-img-facade/CR052_NA6445",,False,Paper. Leather lining. Imported. Select stores. Item CR052.,travel_utility|eco_conscious,Masseria San Domenico X J.Crew embroidered packable tote bag,USD,198,,CR052,https://www.jcrew.com/p/womens/categories/accessories/bags/top-handle/CR052?display=all&fit=Classic&colorProductCode=CR052&colorCode=NA6445,1,1,2026-02-23T13:26:41Z,Mixed,CR052_NA6445,J.Crew,13,Mixed | tote / bag | Premium,Masseria San Domenico X J.Crew embroidered packable tote bag,https://www.jcrew.com/p/womens/categories/accessories/bags/top-handle/CR052?display=all&fit=Classic&colorProductCode=CR052&colorCode=NA6445
,1.0,J.Crew,"This item must be returned directly to the seller and will not be accepted at J.Crew stores or the distribution center. To return your items, please follow the instructions that are enclosed in your package. You will receive a confirmation email once the Marketplace seller has received your package and a refund has been processed.",Home > women > bags,KAYU&reg; mini Rosie tote Black | KAYU&reg; mini Rosie tote White,"female-run company that partners with women artisans in Southeast Asia to handmake their products using natural, sustainable materials and indigenous techniques passed down through generations. Woven mini seagrass tote with ribbon-wrapped handles and a gold charm.Straw.Import.Online only.Item N9159.",,"KAYU® mini Rosie tote J.Crew female-run company that partners with women artisans in Southeast Asia to handmake their products using natural, sustainable materials and indigenous techniques passed down through generations. Woven mini seagrass tote with ribbon-wrapped handles and a gold charm.Straw.Import.Online only.Item N9159. Straw. Import. Online only. Item N9159.",6,"https://www.jcrew.com/s7-img-facade/N9159_BK0001?hei=1950&crop=0,0,1560,0","https://www.jcrew.com/s7-img-facade/N9159_BK0001?hei=1950&crop=0,0,1560,0 | https://www.jcrew.com/s7-img-facade/N9159_BK0001_d1?hei=1080&crop=0,0,864,0 | https://www.jcrew.com/s7-img-facade/N9159_BK0001_d2?hei=1080&crop=0,0,864,0 | https://www.jcrew.com/s7-img-facade/N9159_BK0001 | https://www.jcrew.com/s7-img-facade/N9159_BK0001_d1 | https://www.jcrew.com/s7-img-facade/N9159_BK0001_d2",,False,Straw. Import. Online only. Item N9159.,micro_mini_impulse|eco_conscious,KAYU® mini Rosie tote,USD,197.16,128,N9159,https://www.jcrew.com/p/womens/categories/accessories/bags/straw/N9159?display=all&fit=Classic&colorProductCode=N9159&colorCode=BK0001,1,1,2026-02-23T13:26:55Z,Mixed,N9159_BK0001,J.Crew,16,Mixed | tote / kayu | Premium,KAYU® mini Rosie tote,https://www.jcrew.com/p/womens/categories/accessories/bags/straw/N9159?display=all&fit=Classic&colorProductCode=N9159&colorCode=BK0001
,5.0,J.Crew,,Home > men > Bags & Wallets,Otter Green,"some of the toughest outerwear on the market—and they've been doing it since the late 1800s. A best seller since 1994 and made in the U.S., this briefcase is crafted with industrial-strength rugged twill and bridled leather with an adjustable (and removable) shoulder strap. It's sized to fit up to a 15"" laptop and built to survive any workplace, whether on land, at sea or in the air.Rugged cotton twill.Leather bridle.Spot clean.Made in the USA of imported materials.Select stores.Item CP088.","16""L x 4""W x 12 1/2""H. 13-liter capacity.","Filson® original rugged twill briefcase J.Crew some of the toughest outerwear on the market—and they've been doing it since the late 1800s. A best seller since 1994 and made in the U.S., this briefcase is crafted with industrial-strength rugged twill and bridled leather with an adjustable (and removable) shoulder strap. It's sized to fit up to a 15"" laptop and built to survive any workplace, whether on land, at sea or in the air.Rugged cotton twill.Leather bridle.Spot clean.Made in the USA of",6,"https://www.jcrew.com/s7-img-facade/CP088_EE9149?hei=1950&crop=0,0,1560,0","https://www.jcrew.com/s7-img-facade/CP088_EE9149?hei=1950&crop=0,0,1560,0 | https://www.jcrew.com/s7-img-facade/CP088_EE9149_d1?hei=1080&crop=0,0,864,0 | https://www.jcrew.com/s7-img-facade/CP088_EE9149_d2?hei=1080&crop=0,0,864,0 | https://www.jcrew.com/s7-img-facade/CP088_EE9149 | https://www.jcrew.com/s7-img-facade/CP088_EE9149_d1 | https://www.jcrew.com/s7-img-facade/CP088_EE9149_d2",,False,Rugged cotton twill. Leather bridle. Spot clean. Made in the USA of imported materials. Select stores. Item CP088.,work_tote|luxury_signal,Filson® original rugged twill briefcase,USD,762.46,495,CP088,https://www.jcrew.com/p/mens/categories/accessories/bags/laptop-bags/CP088?display=all&fit=Classic&colorProductCode=CP088&colorCode=EE9149,1,1,2026-02-23T13:27:14Z,Mixed,CP088_EE9149,J.Crew,9,Mixed | filson / rugged | Premium,Filson® original rugged twill briefcase,https://www.jcrew.com/p/mens/categories/accessories/bags/laptop-bags/CP088?display=all&fit=Classic&colorProductCode=CP088&colorCode=EE9149
,4.0,J.Crew,,Home > women,Poppy Stripe,"SZ Blockprints founder and designer, Sarah Zellweger, works with a team of local artisans in Jaipur, India, to create her signature vibrant block prints. This beach-ready tote features reversible motifs and multiple pockets for safe keeping.Cotton.Imported.Online only.Item CK700.","21 1/4""L x 12 3/4"" W; 10 1/4"" handle drop.","SZ Blockprints™ X J.Crew tote bag J.Crew SZ Blockprints founder and designer, Sarah Zellweger, works with a team of local artisans in Jaipur, India, to create her signature vibrant block prints. This beach-ready tote features reversible motifs and multiple pockets for safe keeping.Cotton.Imported.Online only.Item CK700. Cotton. Imported. Online only. Item CK700.",2,"https://www.jcrew.com/s7-img-facade/CK700_EE8367?hei=1950&crop=0,0,1560,0","https://www.jcrew.com/s7-img-facade/CK700_EE8367?hei=1950&crop=0,0,1560,0 | https://www.jcrew.com/s7-img-facade/CK700_EE8367",,False,Cotton. Imported. Online only. Item CK700.,statement_fashion|luxury_signal,SZ Blockprints™ X J.Crew tote bag,USD,178,,CK700,https://www.jcrew.com/p/womens/categories/accessories/bags/CK700?display=all&fit=Classic&colorProductCode=CK700&colorCode=EE8367,1,1,2026-02-23T13:27:28Z,Mixed,CK700_EE8367,J.Crew,13,Mixed | tote / bag | Premium,SZ Blockprints™ X J.Crew tote bag,https://www.jcrew.com/p/womens/categories/accessories/bags/CK700?display=all&fit=Classic&colorProductCode=CK700&colorCode=EE8367
,,J.Crew,,Home > women > bags,Multi,"Our highly anticipated collaboration is back for a new exclusive drop. We partnered with the brand known for turning classic book covers into covetable, artful accessories on an exclusive collection of clutches celebrating archival J.Crew catalogs. This one of a kind style features a hand-embroidered recreation of our Christmas 1997 cover.Cotton/wool with stainless steel hardware and silk thread.Imported.Online only.Item CF367.","7.9""H x 5.5""W x 1.2""D.","Olympia Le-Tan© X J.Crew 1997 catalog clutch J.Crew Our highly anticipated collaboration is back for a new exclusive drop. We partnered with the brand known for turning classic book covers into covetable, artful accessories on an exclusive collection of clutches celebrating archival J.Crew catalogs. This one of a kind style features a hand-embroidered recreation of our Christmas 1997 cover.Cotton/wool with stainless steel hardware and silk thread.Imported.Online only.Item CF367. Cotton/wool",10,"https://www.jcrew.com/s7-img-facade/CF367_EE5619?hei=1950&crop=0,0,1560,0","https://www.jcrew.com/s7-img-facade/CF367_EE5619?hei=1950&crop=0,0,1560,0 | https://www.jcrew.com/s7-img-facade/CF367_EE5619_d1?hei=1080&crop=0,0,864,0 | https://www.jcrew.com/s7-img-facade/CF367_EE5619_d2?hei=1080&crop=0,0,864,0 | https://www.jcrew.com/s7-img-facade/CF367_EE5619_d3?hei=1080&crop=0,0,864,0 | https://www.jcrew.com/s7-img-facade/CF367_EE5619_d4?hei=1080&crop=0,0,864,0 | https://www.jcrew.com/s7-img-facade/CF367_EE5619 | https://www.jcrew.com/s7-img-facade/CF367_EE5619_d1 | https:/",,False,Cotton/wool with stainless steel hardware and silk thread. Imported. Online only. Item CF367.,occasion_glam|statement_fashion|luxury_signal,Olympia Le-Tan© X J.Crew 1997 catalog clutch,USD,2772.57,1800,CF367,https://www.jcrew.com/p/womens/categories/accessories/bags/clutches-and-pouches/CF367?display=all&fit=Classic&colorProductCode=CF367&colorCode=EE5619,,,2026-02-23T13:27:47Z,Mixed,CF367_EE5619,J.Crew,17,Mixed | bag / bembien | Premium,Olympia Le-Tan© X J.Crew 1997 catalog clutch,https://www.jcrew.com/p/womens/categories/accessories/bags/clutches-and-pouches/CF367?display=all&fit=Classic&colorProductCode=CF367&colorCode=EE5619
,5.0,J.Crew,,Home > men > Bags & Wallets,Dark Carob | Leather double-sided cardholder DARK CAROB,"this classic cardholder wallet makes the perfect gift (for yourself, included).100% leather.Spot clean.Imported.Select stores.Item CP610.",One size.,"Leather double-sided cardholder J.Crew this classic cardholder wallet makes the perfect gift (for yourself, included).100% leather.Spot clean.Imported.Select stores.Item CP610. 100% leather. Spot clean. Imported. Select stores. Item CP610.",4,"https://www.jcrew.com/s7-img-facade/CP610_PP7847?hei=1950&crop=0,0,1560,0","https://www.jcrew.com/s7-img-facade/CP610_PP7847?hei=1950&crop=0,0,1560,0 | https://www.jcrew.com/s7-img-facade/CP610_PP7847_d1?hei=1080&crop=0,0,864,0 | https://www.jcrew.com/s7-img-facade/CP610_PP7847 | https://www.jcrew.com/s7-img-facade/CP610_PP7847_d1",,False,100% leather. Spot clean. Imported. Select stores. Item CP610.,slg_small_leathers|gifting_ready,Leather double-sided cardholder,USD,75,,CP610,https://www.jcrew.com/m/mens/categories/accessories/bags/wallets/ME808?display=all&fit=Classic&colorProductCode=CP610&colorCode=PP7847,3,3,2026-02-23T13:28:01Z,Mixed,CP610_PP7847,J.Crew,3,Mixed | leather / cardholder | Upper Mid,Leather double-sided cardholder,https://www.jcrew.com/m/mens/categories/accessories/bags/wallets/ME808?display=all&fit=Classic&colorProductCode=CP610&colorCode=PP7847
,4.714285714285714,J.Crew,,Home > girls,Vintage Red | Girls' bow satin purse VINTAGE RED girls' bow satin purse for girls,"Meet the bag she'll want to take everywhere this season, thanks to a pretty bow embellishment, ribbon strap and sleek satin fabric.Polyester.Spot clean.Imported.Item CP031.",Size & Fit-Fitstrue to sizebased on7 customer reviews,"Girls' bow satin purse J.Crew Meet the bag she'll want to take everywhere this season, thanks to a pretty bow embellishment, ribbon strap and sleek satin fabric.Polyester.Spot clean.Imported.Item CP031. Polyester. Spot clean. Imported. Item CP031.",4,"https://www.jcrew.com/s7-img-facade/CP031_RD5812?hei=1950&crop=0,0,1560,0","https://www.jcrew.com/s7-img-facade/CP031_RD5812?hei=1950&crop=0,0,1560,0 | https://www.jcrew.com/s7-img-facade/CP031_RD5812_d1?hei=1080&crop=0,0,864,0 | https://www.jcrew.com/s7-img-facade/CP031_RD5812 | https://www.jcrew.com/s7-img-facade/CP031_RD5812_d1",,True,Polyester. Spot clean. Imported. Item CP031.,micro_mini_impulse|gifting_ready,Girls' bow satin purse,USD,91.65,59,CP031,https://www.jcrew.com/p/girls/categories/accessories/bags/CP031?display=all&fit=Classic&colorProductCode=CP031&colorCode=RD5812,7,7,2026-02-23T13:28:21Z,Mixed,CP031_RD5812,J.Crew,4,Mixed | girls / crossbody | Upper Mid,Girls' bow satin purse,https://www.jcrew.com/p/girls/categories/accessories/bags/CP031?display=all&fit=Classic&colorProductCode=CP031&colorCode=RD5812
,5.0,J.Crew,,Home > girls,Washed Out Pink,"This hand-embellished bag is decked out with lots of festive, mixed-shape bows and a crossbody strap made from colorful beads. Hello, great gift idea. . .Polyester.Spot clean.Imported.Item CP029.",Size & Fit-Fitstrue to sizebased on8 customer reviews,"Girls' bow hand-beaded crossbody pouch J.Crew This hand-embellished bag is decked out with lots of festive, mixed-shape bows and a crossbody strap made from colorful beads. Hello, great gift idea. . .Polyester.Spot clean.Imported.Item CP029. Polyester. Spot clean. Imported. Item CP029.",4,"https://www.jcrew.com/s7-img-facade/CP029_PK0134?hei=1950&crop=0,0,1560,0","https://www.jcrew.com/s7-img-facade/CP029_PK0134?hei=1950&crop=0,0,1560,0 | https://www.jcrew.com/s7-img-facade/CP029_PK0134_d3?hei=1080&crop=0,0,864,0 | https://www.jcrew.com/s7-img-facade/CP029_PK0134 | https://www.jcrew.com/s7-img-facade/CP029_PK0134_d3",,True,Polyester. Spot clean. Imported. Item CP029.,micro_mini_impulse|gifting_ready,Girls' bow hand-beaded crossbody pouch,USD,84.72,55,CP029,https://www.jcrew.com/p/girls/categories/accessories/bags/CP029?display=all&fit=Classic&colorProductCode=CP029&colorCode=PK0134,8,8,2026-02-23T13:28:35Z,Mixed,CP029_PK0134,J.Crew,4,Mixed | girls / crossbody | Upper Mid,Girls' bow hand-beaded crossbody pouch,https://www.jcrew.com/p/girls/categories/accessories/bags/CP029?display=all&fit=Classic&colorProductCode=CP029&colorCode=PK0134
,,J.Crew,"This item must be returned directly to the seller and will not be accepted at J.Crew stores or the distribution center. To return your items, please follow the instructions that are enclosed in your package. You will receive a confirmation email once the Marketplace seller has received your package and a refund has been processed.",Home > women > bags,KAYU&reg; Lou clutch Natural | KAYU&reg; Lou clutch White,"female-run company that partners with women artisans in Southeast Asia to handmake their products using natural, sustainable materials and indigenous techniques passed down through generations. Woven wicker clutch with gold-tone turn-lock closure and optional drop-in chain strap.Straw.Imported.Online only.Item N8164.","5""H x 8 1/2""W x 1 3/4""D.","KAYU® Lou clutch J.Crew female-run company that partners with women artisans in Southeast Asia to handmake their products using natural, sustainable materials and indigenous techniques passed down through generations. Woven wicker clutch with gold-tone turn-lock closure and optional drop-in chain strap.Straw.Imported.Online only.Item N8164. Straw. Imported. Online only. Item N8164.",6,"https://www.jcrew.com/s7-img-facade/N8164_BR0968?hei=1950&crop=0,0,1560,0","https://www.jcrew.com/s7-img-facade/N8164_BR0968?hei=1950&crop=0,0,1560,0 | https://www.jcrew.com/s7-img-facade/N8164_BR0968_d1?hei=1080&crop=0,0,864,0 | https://www.jcrew.com/s7-img-facade/N8164_BR0968_d2?hei=1080&crop=0,0,864,0 | https://www.jcrew.com/s7-img-facade/N8164_BR0968 | https://www.jcrew.com/s7-img-facade/N8164_BR0968_d1 | https://www.jcrew.com/s7-img-facade/N8164_BR0968_d2",,True,Straw. Imported. Online only. Item N8164.,occasion_glam|eco_conscious,KAYU® Lou clutch,USD,431.29,280,N8164,https://www.jcrew.com/p/womens/categories/accessories/bags/clutches-and-pouches/N8164?display=all&fit=Classic&colorProductCode=N8164&colorCode=BR0968,,,2026-02-23T13:28:55Z,Mixed,N8164_BR0968,J.Crew,15,Mixed | clutch / kayu | Premium,KAYU® Lou clutch,https://www.jcrew.com/p/womens/categories/accessories/bags/clutches-and-pouches/N8164?display=all&fit=Classic&colorProductCode=N8164&colorCode=BR0968
,4.568627450980392,J.Crew,,Home > shop all > women,,,,Olympia Le-Tan&reg; X J.Crew 1994 catalog clutch J.Crew,0,,,,False,,occasion_glam|luxury_signal,Olympia Le-Tan&reg; X J.Crew 1994 catalog clutch,USD,1700,,CF257,https://www.jcrew.com/m/womens/categories/accessories/bags/clutches-and-pouches/ME101?display=all&fit=Classic&colorProductCode=CF257&colorCode=EE5619,51,51,2026-02-23T13:29:27Z,Mixed,CF257_EE5619,J.Crew,17,Mixed | bag / bembien | Premium,Olympia Le-Tan&reg; X J.Crew 1994 catalog clutch,https://www.jcrew.com/m/womens/categories/accessories/bags/clutches-and-pouches/ME101?display=all&fit=Classic&colorProductCode=CF257&colorCode=EE5619
,5.0,J.Crew,,Home > women > bags,Multi,"Our highly anticipated collaboration is back for another exclusive drop. We partnered with the brand known for turning classic book covers into covetable, artful accessories on an exclusive collection of clutches celebrating archival J.Crew catalogs. This one of a kind style features a hand-embroidered recreation of our Christmas 1994 cover.Cotton/wool with stainless steel hardware and silk thread.Imported.Online only.Item CF368.","7.9""H x 5.5""W x 1.2""D.","Olympia Le-Tan© X J.Crew 1994 catalog clutch J.Crew Our highly anticipated collaboration is back for another exclusive drop. We partnered with the brand known for turning classic book covers into covetable, artful accessories on an exclusive collection of clutches celebrating archival J.Crew catalogs. This one of a kind style features a hand-embroidered recreation of our Christmas 1994 cover.Cotton/wool with stainless steel hardware and silk thread.Imported.Online only.Item CF368. Cotton/wool",10,"https://www.jcrew.com/s7-img-facade/CF368_EE5619?hei=1950&crop=0,0,1560,0","https://www.jcrew.com/s7-img-facade/CF368_EE5619?hei=1950&crop=0,0,1560,0 | https://www.jcrew.com/s7-img-facade/CF368_EE5619_d1?hei=1080&crop=0,0,864,0 | https://www.jcrew.com/s7-img-facade/CF368_EE5619_d2?hei=1080&crop=0,0,864,0 | https://www.jcrew.com/s7-img-facade/CF368_EE5619_d3?hei=1080&crop=0,0,864,0 | https://www.jcrew.com/s7-img-facade/CF368_EE5619_d4?hei=1080&crop=0,0,864,0 | https://www.jcrew.com/s7-img-facade/CF368_EE5619 | https://www.jcrew.com/s7-img-facade/CF368_EE5619_d1 | https:/",,False,Cotton/wool with stainless steel hardware and silk thread. Imported. Online only. Item CF368.,occasion_glam|luxury_signal,Olympia Le-Tan© X J.Crew 1994 catalog clutch,USD,2464.51,1600,CF368,https://www.jcrew.com/p/womens/categories/accessories/bags/clutches-and-pouches/CF368?display=all&fit=Classic&colorProductCode=CF368&colorCode=EE5619,1,1,2026-02-23T13:30:00Z,Mixed,CF368_EE5619,J.Crew,17,Mixed | bag / bembien | Premium,Olympia Le-Tan© X J.Crew 1994 catalog clutch,https://www.jcrew.com/p/womens/categories/accessories/bags/clutches-and-pouches/CF368?display=all&fit=Classic&colorProductCode=CF368&colorCode=EE5619
,,J.Crew,"This item must be returned directly to the seller and will not be accepted at J.Crew stores or the distribution center. To return your items, please follow the instructions that are enclosed in your package. You will receive a confirmation email once the Marketplace seller has received your package and a refund has been processed.",Home > women > bags,,"Established in 2003 in Brookline, Massachusetts, Ame & Lulu designs and manufactures stylish-yet-functional accessories for tennis, golf and everyday life. Store all of your pickleball gear in our newest Pickleball Tote Bag. This bag is built for function and fashion with the paddle-shaped pocket and extra interior pockets.Nylon.Spot clean.Imported.Online only.Item N4305.","One size. 17 1/2""L x 5""W x 12 1/2""H.","Ame & Lulu women's pickleball tote bag J.Crew Established in 2003 in Brookline, Massachusetts, Ame & Lulu designs and manufactures stylish-yet-functional accessories for tennis, golf and everyday life. Store all of your pickleball gear in our newest Pickleball Tote Bag. This bag is built for function and fashion with the paddle-shaped pocket and extra interior pockets.Nylon.Spot clean.Imported.Online only.Item N4305. Nylon. Spot clean. Imported. Online only. Item N4305.",6,"https://www.jcrew.com/s7-img-facade/N4305_EC4109?hei=1950&crop=0,0,1560,0","https://www.jcrew.com/s7-img-facade/N4305_EC4109?hei=1950&crop=0,0,1560,0 | https://www.jcrew.com/s7-img-facade/N4305_EC4109_d1?hei=1080&crop=0,0,864,0 | https://www.jcrew.com/s7-img-facade/N4305_EC4109_d2?hei=1080&crop=0,0,864,0 | https://www.jcrew.com/s7-img-facade/N4305_EC4109 | https://www.jcrew.com/s7-img-facade/N4305_EC4109_d1 | https://www.jcrew.com/s7-img-facade/N4305_EC4109_d2",,True,Nylon. Spot clean. Imported. Online only. Item N4305.,work_tote|statement_fashion,Ame & Lulu women's pickleball tote bag,USD,166.36,108,N4305,https://www.jcrew.com/p/womens/categories/accessories/bags/totes/N4305?display=all&fit=Classic&colorProductCode=N4305&colorCode=EC4109,,,2026-02-23T13:30:13Z,Mixed,N4305_EC4109,J.Crew,10,Mixed | ame / lulu | Premium,Ame & Lulu women's pickleball tote bag,https://www.jcrew.com/p/womens/categories/accessories/bags/totes/N4305?display=all&fit=Classic&colorProductCode=N4305&colorCode=EC4109
,3.25,J.Crew,"This item must be returned directly to the seller and will not be accepted at J.Crew stores or the distribution center. To return your items, please follow the instructions that are enclosed in your package. You will receive a confirmation email once the Marketplace seller has received your package and a refund has been processed.",Home > women > bags,KAYU&reg; St. Tropez tote Natural | KAYU&reg; St. Tropez tote White | KAYU&reg; St. Tropez tote Black,"female-run company that partners with women artisans in Southeast Asia to handmake their products using natural, sustainable materials and indigenous techniques passed down through generations.Woven seagrass straw.Yarn-wrapped handles.Coordinating pom-poms.Import.Online only.Item M1761.","9 1/2""H x 17 1/2""W x 5 1/2""D; 4 1/2"" handle drop.","KAYU® St. Tropez tote J.Crew female-run company that partners with women artisans in Southeast Asia to handmake their products using natural, sustainable materials and indigenous techniques passed down through generations.Woven seagrass straw.Yarn-wrapped handles.Coordinating pom-poms.Import.Online only.Item M1761. Woven seagrass straw. Yarn-wrapped handles. Coordinating pom-poms. Import. Online only. Item M1761.",4,"https://www.jcrew.com/s7-img-facade/M1761_BR0968?hei=1950&crop=0,0,1560,0","https://www.jcrew.com/s7-img-facade/M1761_BR0968?hei=1950&crop=0,0,1560,0 | https://www.jcrew.com/s7-img-facade/M1761_BR0968_d1?hei=1080&crop=0,0,864,0 | https://www.jcrew.com/s7-img-facade/M1761_BR0968 | https://www.jcrew.com/s7-img-facade/M1761_BR0968_d1",,True,Woven seagrass straw. Yarn-wrapped handles. Coordinating pom-poms. Import. Online only. Item M1761.,work_tote|eco_conscious|statement_fashion,KAYU® St. Tropez tote,USD,254.16,165,M1761,https://www.jcrew.com/p/womens/categories/accessories/bags/shoulder-bags/M1761?display=all&fit=Classic&colorProductCode=M1761&colorCode=BR0968,4,4,2026-02-23T13:30:34Z,Mixed,M1761_BR0968,J.Crew,16,Mixed | tote / kayu | Premium,KAYU® St. Tropez tote,https://www.jcrew.com/p/womens/categories/accessories/bags/shoulder-bags/M1761?display=all&fit=Classic&colorProductCode=M1761&colorCode=BR0968
,4.5,J.Crew,,Home > girls,Coral Reef | Girls' rosette satin purse CORAL REEF girls' rosette satin purse for girls,"Meet the bag she'll want to take everywhere this season, thanks to a pretty rosette embellishment and sleek satin fabric.Polyester.Lined.Spot clean.Imported.Item CF386.","5 1/4""H x 6 1/2""W; 16"" handle drop.","Girls' rosette satin purse J.Crew Meet the bag she'll want to take everywhere this season, thanks to a pretty rosette embellishment and sleek satin fabric.Polyester.Lined.Spot clean.Imported.Item CF386. Polyester. Lined. Spot clean. Imported. Item CF386.",6,"https://www.jcrew.com/s7-img-facade/CF386_PK5396_m?hei=1950&crop=0,0,1560,0","https://www.jcrew.com/s7-img-facade/CF386_PK5396_m?hei=1950&crop=0,0,1560,0 | https://www.jcrew.com/s7-img-facade/CF386_PK5396_d1?hei=1080&crop=0,0,864,0 | https://www.jcrew.com/s7-img-facade/CF386_PK5396?hei=1080&crop=0,0,864,0 | https://www.jcrew.com/s7-img-facade/CF386_PK5396_m | https://www.jcrew.com/s7-img-facade/CF386_PK5396_d1 | https://www.jcrew.com/s7-img-facade/CF386_PK5396",,True,Polyester. Lined. Spot clean. Imported. Item CF386.,micro_mini_impulse|gifting_ready|occasion_glam,Girls' rosette satin purse,USD,76.25,49,CF386,https://www.jcrew.com/p/girls/categories/accessories/bags/CF386?display=all&fit=Classic&colorProductCode=CF386&colorCode=PK5396,14,14,2026-02-23T13:31:09Z,Mixed,CF386_PK5396,J.Crew,4,Mixed | girls / crossbody | Upper Mid,Girls' rosette satin purse,https://www.jcrew.com/p/girls/categories/accessories/bags/CF386?display=all&fit=Classic&colorProductCode=CF386&colorCode=PK5396
,,J.Crew,"This item must be returned directly to the seller and will not be accepted at J.Crew stores or the distribution center. To return your items, please follow the instructions that are enclosed in your package. You will receive a confirmation email once the Marketplace seller has received your package and a refund has been processed.",Home > women > bags,KAYU&reg; Sisal clutch Natural | KAYU&reg; Sisal clutch Blue | KAYU&reg; Sisal clutch White,"female-run company that partners with women artisans in Southeast Asia to handmake their products using natural, sustainable materials and indigenous techniques passed down through generations. Woven wicker clutch with hidden magnetic closure and optional drop-in chain strap.Straw.Imported.Online only.Item P3158.",,"KAYU® Sisal clutch J.Crew female-run company that partners with women artisans in Southeast Asia to handmake their products using natural, sustainable materials and indigenous techniques passed down through generations. Woven wicker clutch with hidden magnetic closure and optional drop-in chain strap.Straw.Imported.Online only.Item P3158. Straw. Imported. Online only. Item P3158.",8,"https://www.jcrew.com/s7-img-facade/P3158_BR0968?hei=1950&crop=0,0,1560,0","https://www.jcrew.com/s7-img-facade/P3158_BR0968?hei=1950&crop=0,0,1560,0 | https://www.jcrew.com/s7-img-facade/P3158_BR0968_d1?hei=1080&crop=0,0,864,0 | https://www.jcrew.com/s7-img-facade/P3158_BR0968_d2?hei=1080&crop=0,0,864,0 | https://www.jcrew.com/s7-img-facade/P3158_BR0968_d3?hei=1080&crop=0,0,864,0 | https://www.jcrew.com/s7-img-facade/P3158_BR0968 | https://www.jcrew.com/s7-img-facade/P3158_BR0968_d1 | https://www.jcrew.com/s7-img-facade/P3158_BR0968_d2 | https://www.jcrew.com/s7-img-fa",,True,Straw. Imported. Online only. Item P3158.,occasion_glam|eco_conscious|luxury_signal,KAYU® Sisal clutch,USD,485.21,315,P3158,https://www.jcrew.com/p/womens/categories/accessories/bags/clutches-and-pouches/P3158?display=all&fit=Classic&colorProductCode=P3158&colorCode=BR0968,,,2026-02-23T13:31:41Z,Mixed,P3158_BR0968,J.Crew,15,Mixed | clutch / kayu | Premium,KAYU® Sisal clutch,https://www.jcrew.com/p/womens/categories/accessories/bags/clutches-and-pouches/P3158?display=all&fit=Classic&colorProductCode=P3158&colorCode=BR0968
,,J.Crew,"This item must be returned directly to the seller and will not be accepted at J.Crew stores or the distribution center. To return your items, please follow the instructions that are enclosed in your package. You will receive a confirmation email once the Marketplace seller has received your package and a refund has been processed.",Home > women > bags,,"female-run company that partners with women artisans in Southeast Asia to handmake their products using natural, sustainable materials and indigenous techniques passed down through generations. Woven straw clutch with natural stone clasp and optional drop-in chain strap.Straw.Imported.Online only.Item P3156.",,"KAYU® Uxmal clutch J.Crew female-run company that partners with women artisans in Southeast Asia to handmake their products using natural, sustainable materials and indigenous techniques passed down through generations. Woven straw clutch with natural stone clasp and optional drop-in chain strap.Straw.Imported.Online only.Item P3156. Straw. Imported. Online only. Item P3156.",8,"https://www.jcrew.com/s7-img-facade/P3156_EC5461?hei=1950&crop=0,0,1560,0","https://www.jcrew.com/s7-img-facade/P3156_EC5461?hei=1950&crop=0,0,1560,0 | https://www.jcrew.com/s7-img-facade/P3156_EC5461_d1?hei=1080&crop=0,0,864,0 | https://www.jcrew.com/s7-img-facade/P3156_EC5461_d2?hei=1080&crop=0,0,864,0 | https://www.jcrew.com/s7-img-facade/P3156_EC5461_d3?hei=1080&crop=0,0,864,0 | https://www.jcrew.com/s7-img-facade/P3156_EC5461 | https://www.jcrew.com/s7-img-facade/P3156_EC5461_d1 | https://www.jcrew.com/s7-img-facade/P3156_EC5461_d2 | https://www.jcrew.com/s7-img-fa",,True,Straw. Imported. Online only. Item P3156.,occasion_glam|eco_conscious|luxury_signal,KAYU® Uxmal clutch,USD,531.41,345,P3156,https://www.jcrew.com/p/womens/categories/accessories/bags/clutches-and-pouches/P3156?display=all&fit=Classic&colorProductCode=P3156&colorCode=EC5461,,,2026-02-23T13:32:14Z,Mixed,P3156_EC5461,J.Crew,15,Mixed | clutch / kayu | Premium,KAYU® Uxmal clutch,https://www.jcrew.com/p/womens/categories/accessories/bags/clutches-and-pouches/P3156?display=all&fit=Classic&colorProductCode=P3156&colorCode=EC5461
,,J.Crew,"This item must be returned directly to the seller and will not be accepted at J.Crew stores or the distribution center. To return your items, please follow the instructions that are enclosed in your package. You will receive a confirmation email once the Marketplace seller has received your package and a refund has been processed.",Home > women > bags,KAYU&reg; Carmen clutch Natural | KAYU&reg; Carmen clutch Black,"female-run company that partners with women artisans in Southeast Asia to handmake their products using natural, sustainable materials and indigenous techniques passed down through generations. Woven straw clutch with gold-tone clasp and optional drop-in chain strap.Straw.Optional drop-in chain strap.Imported.Online only.Item P2945.",,"KAYU® Carmen clutch J.Crew female-run company that partners with women artisans in Southeast Asia to handmake their products using natural, sustainable materials and indigenous techniques passed down through generations. Woven straw clutch with gold-tone clasp and optional drop-in chain strap.Straw.Optional drop-in chain strap.Imported.Online only.Item P2945. Straw. Optional drop-in chain strap. Imported. Online only. Item P2945.",6,"https://www.jcrew.com/s7-img-facade/P2945_BR0968?hei=1950&crop=0,0,1560,0","https://www.jcrew.com/s7-img-facade/P2945_BR0968?hei=1950&crop=0,0,1560,0 | https://www.jcrew.com/s7-img-facade/P2945_BR0968_d1?hei=1080&crop=0,0,864,0 | https://www.jcrew.com/s7-img-facade/P2945_BR0968_d2?hei=1080&crop=0,0,864,0 | https://www.jcrew.com/s7-img-facade/P2945_BR0968 | https://www.jcrew.com/s7-img-facade/P2945_BR0968_d1 | https://www.jcrew.com/s7-img-facade/P2945_BR0968_d2",,True,Straw. Optional drop-in chain strap. Imported. Online only. Item P2945.,occasion_glam|eco_conscious|luxury_signal,KAYU® Carmen clutch,USD,531.41,345,P2945,https://www.jcrew.com/p/womens/categories/accessories/bags/clutches-and-pouches/P2945?display=all&fit=Classic&colorProductCode=P2945&colorCode=BR0968,,,2026-02-23T13:32:47Z,Mixed,P2945_BR0968,J.Crew,15,Mixed | clutch / kayu | Premium,KAYU® Carmen clutch,https://www.jcrew.com/p/womens/categories/accessories/bags/clutches-and-pouches/P2945?display=all&fit=Classic&colorProductCode=P2945&colorCode=BR0968
,5.0,J.Crew,,Home > women > bags,Red And White Stripe | 1989 striped tote RED AND WHITE STRIPE 1989 striped tote for women,"This cotton canvas tote combines bold vertical stripes and a structured silhouette, making it perfect for beach days, travel days or just every day.Cotton.Imported.Online only.Item CL319.","15""H x 12""W x 7""D; 8 1/2"" handle drop.","1989 striped tote J.Crew This cotton canvas tote combines bold vertical stripes and a structured silhouette, making it perfect for beach days, travel days or just every day.Cotton.Imported.Online only.Item CL319. Cotton. Imported. Online only. Item CL319.",2,"https://www.jcrew.com/s7-img-facade/CL319_EE7761?hei=1950&crop=0,0,1560,0","https://www.jcrew.com/s7-img-facade/CL319_EE7761?hei=1950&crop=0,0,1560,0 | https://www.jcrew.com/s7-img-facade/CL319_EE7761",,False,Cotton. Imported. Online only. Item CL319.,occasion_glam|eco_conscious|luxury_signal,1989 striped tote,USD,137.87,,CL319,https://www.jcrew.com/p/womens/categories/accessories/bags/totes/CL319?display=all&fit=Classic&colorProductCode=CL319&colorCode=EE7761,13,13,2026-02-23T13:33:20Z,Mixed,CL319_EE7761,J.Crew,13,Mixed | tote / bag | Premium,1989 striped tote,https://www.jcrew.com/p/womens/categories/accessories/bags/totes/CL319?display=all&fit=Classic&colorProductCode=CL319&colorCode=EE7761
,5.0,J.Crew,,Home > men > Bags & Wallets,Black | Leather double-sided cardholder BLACK,"smooth leather, this classic cardholder wallet with a debossed J.Crew logo makes the perfect gift (for yourself, included).100% leather.Spot clean.Imported.Select stores.Item CO572.",One size.,"Leather double-sided cardholder J.Crew smooth leather, this classic cardholder wallet with a debossed J.Crew logo makes the perfect gift (for yourself, included).100% leather.Spot clean.Imported.Select stores.Item CO572. 100% leather. Spot clean. Imported. Select stores. Item CO572.",4,"https://www.jcrew.com/s7-img-facade/CO572_BK0001?hei=1950&crop=0,0,1560,0","https://www.jcrew.com/s7-img-facade/CO572_BK0001?hei=1950&crop=0,0,1560,0 | https://www.jcrew.com/s7-img-facade/CO572_BK0001_d1?hei=1080&crop=0,0,864,0 | https://www.jcrew.com/s7-img-facade/CO572_BK0001 | https://www.jcrew.com/s7-img-facade/CO572_BK0001_d1",,False,100% leather. Spot clean. Imported. Select stores. Item CO572.,work_tote|minimal_modern,Leather double-sided cardholder,USD,75,,CO572,https://www.jcrew.com/m/mens/categories/accessories/bags/wallets/ME808?display=all&fit=Classic&colorProductCode=CO572&colorCode=BK0001,3,3,2026-02-23T13:33:53Z,Mixed,CO572_BK0001,J.Crew,3,Mixed | leather / cardholder | Upper Mid,Leather double-sided cardholder,https://www.jcrew.com/m/mens/categories/accessories/bags/wallets/ME808?display=all&fit=Classic&colorProductCode=CO572&colorCode=BK0001
,,J.Crew,,Home > men > Bags & Wallets,Black | Leather passport holder BLACK,crafted in textured leather with a debossed J.Crew logo to keep your passport handy.100% leather.Spot clean.Imported.Select stores.Item CP612.,One size.,Leather passport holder J.Crew crafted in textured leather with a debossed J.Crew logo to keep your passport handy.100% leather.Spot clean.Imported.Select stores.Item CP612. 100% leather. Spot clean. Imported. Select stores. Item CP612.,4,"https://www.jcrew.com/s7-img-facade/CP612_BK0001?hei=1950&crop=0,0,1560,0","https://www.jcrew.com/s7-img-facade/CP612_BK0001?hei=1950&crop=0,0,1560,0 | https://www.jcrew.com/s7-img-facade/CP612_BK0001_d1?hei=1080&crop=0,0,864,0 | https://www.jcrew.com/s7-img-facade/CP612_BK0001 | https://www.jcrew.com/s7-img-facade/CP612_BK0001_d1",,False,100% leather. Spot clean. Imported. Select stores. Item CP612.,slg_small_leathers|luxury_signal,Leather passport holder,USD,110,,CP612,https://www.jcrew.com/m/mens/categories/accessories/bags/wallets/ME810?display=all&fit=Classic&colorProductCode=CP612&colorCode=BK0001,,,2026-02-23T13:34:26Z,Mixed,CP612_BK0001,J.Crew,3,Mixed | leather / cardholder | Upper Mid,Leather passport holder,https://www.jcrew.com/m/mens/categories/accessories/bags/wallets/ME810?display=all&fit=Classic&colorProductCode=CP612&colorCode=BK0001
,,J.Crew,"This item must be returned directly to the seller and will not be accepted at J.Crew stores or the distribution center. To return your items, please follow the instructions that are enclosed in your package. You will receive a confirmation email once the Marketplace seller has received your package and a refund has been processed.",Home > women > bags,,"female-run company that partners with women artisans in Southeast Asia to handmake their products using natural, sustainable materials and indigenous techniques passed down through generations. Woven straw clutch with shell clasp and optional drop-in chain strap.Straw.Imported.Online only.Item P3154.",,"KAYU® Mani clutch J.Crew female-run company that partners with women artisans in Southeast Asia to handmake their products using natural, sustainable materials and indigenous techniques passed down through generations. Woven straw clutch with shell clasp and optional drop-in chain strap.Straw.Imported.Online only.Item P3154. Straw. Imported. Online only. Item P3154.",8,"https://www.jcrew.com/s7-img-facade/P3154_BR0984?hei=1950&crop=0,0,1560,0","https://www.jcrew.com/s7-img-facade/P3154_BR0984?hei=1950&crop=0,0,1560,0 | https://www.jcrew.com/s7-img-facade/P3154_BR0984_d1?hei=1080&crop=0,0,864,0 | https://www.jcrew.com/s7-img-facade/P3154_BR0984_d2?hei=1080&crop=0,0,864,0 | https://www.jcrew.com/s7-img-facade/P3154_BR0984_d3?hei=1080&crop=0,0,864,0 | https://www.jcrew.com/s7-img-facade/P3154_BR0984 | https://www.jcrew.com/s7-img-facade/P3154_BR0984_d1 | https://www.jcrew.com/s7-img-facade/P3154_BR0984_d2 | https://www.jcrew.com/s7-img-fa",,True,Straw. Imported. Online only. Item P3154.,slg_small_leathers|travel_utility|luxury_signal,KAYU® Mani clutch,USD,531.41,345,P3154,https://www.jcrew.com/p/womens/categories/accessories/bags/clutches-and-pouches/P3154?display=all&fit=Classic&colorProductCode=P3154&colorCode=BR0984,,,2026-02-23T13:34:59Z,Mixed,P3154_BR0984,J.Crew,15,Mixed | clutch / kayu | Premium,KAYU® Mani clutch,https://www.jcrew.com/p/womens/categories/accessories/bags/clutches-and-pouches/P3154?display=all&fit=Classic&colorProductCode=P3154&colorCode=BR0984
,4.568627450980392,J.Crew,,Home > shop all > women,,,,Olympia Le-Tan&reg; X J.Crew 1989 catalog clutch J.Crew,0,,,,False,,occasion_glam|luxury_signal,Olympia Le-Tan&reg; X J.Crew 1989 catalog clutch,USD,2100,,CF256,https://www.jcrew.com/m/womens/categories/accessories/bags/clutches-and-pouches/ME101?display=all&fit=Classic&colorProductCode=CF256&colorCode=EE5619,51,51,2026-02-23T13:35:50Z,Mixed,CF256_EE5619,J.Crew,17,Mixed | bag / bembien | Premium,Olympia Le-Tan&reg; X J.Crew 1989 catalog clutch,https://www.jcrew.com/m/womens/categories/accessories/bags/clutches-and-pouches/ME101?display=all&fit=Classic&colorProductCode=CF256&colorCode=EE5619
,5.0,J.Crew,,Home > girls > Bottoms,Spring Whisper | Girls' paper-bag short in chino SPRING WHISPER,"This pull-on style features a ruffle paper-bag waist that's super-easy, crafted from our famously soft and colorful chino.100% cotton.Elastic waistband.Machine wash.Imported.Select stores.Item CR540.",Hits above knee.,"Girls' paper-bag short in chino J.Crew This pull-on style features a ruffle paper-bag waist that's super-easy, crafted from our famously soft and colorful chino.100% cotton.Elastic waistband.Machine wash.Imported.Select stores.Item CR540. 100% cotton. Elastic waistband. Machine wash. Imported. Select stores. Item CR540.",4,"https://www.jcrew.com/s7-img-facade/CR540_GR0280?hei=1950&crop=0,0,1560,0","https://www.jcrew.com/s7-img-facade/CR540_GR0280?hei=1950&crop=0,0,1560,0 | https://www.jcrew.com/s7-img-facade/CR540_GR0280_d3?hei=1080&crop=0,0,864,0 | https://www.jcrew.com/s7-img-facade/CR540_GR0280 | https://www.jcrew.com/s7-img-facade/CR540_GR0280_d3",,False,100% cotton. Elastic waistband. Machine wash. Imported. Select stores. Item CR540.,,Girls' paper-bag short in chino,USD,,59,CR540,https://www.jcrew.com/m/girls/categories/clothing/bottoms/shorts/ME871?display=all&fit=Classic&colorProductCode=CR540&colorCode=GR0280,2,2,2026-02-23T13:36:23Z,Mixed,CR540_GR0280,J.Crew,2,Mixed | girls / short | Budget,Girls' paper-bag short in chino,https://www.jcrew.com/m/girls/categories/clothing/bottoms/shorts/ME871?display=all&fit=Classic&colorProductCode=CR540&colorCode=GR0280
,5.0,J.Crew,,Home > girls > Bottoms,June Medium Wash | Girls' paper-bag short in chambray JUNE MEDIUM WASH,"This pull-on style features a ruffle paper-bag waist that's super-easy, crafted from our lightweight chambray for a drapey finish.100% cotton.Elastic waistband.Machine wash.Imported.Select stores.Item CH065.",Hits above knee.,"Girls' paper-bag short in chambray J.Crew This pull-on style features a ruffle paper-bag waist that's super-easy, crafted from our lightweight chambray for a drapey finish.100% cotton.Elastic waistband.Machine wash.Imported.Select stores.Item CH065. 100% cotton. Elastic waistband. Machine wash. Imported. Select stores. Item CH065.",4,"https://www.jcrew.com/s7-img-facade/CH065_DM9499?hei=1950&crop=0,0,1560,0","https://www.jcrew.com/s7-img-facade/CH065_DM9499?hei=1950&crop=0,0,1560,0 | https://www.jcrew.com/s7-img-facade/CH065_DM9499_d3?hei=1080&crop=0,0,864,0 | https://www.jcrew.com/s7-img-facade/CH065_DM9499 | https://www.jcrew.com/s7-img-facade/CH065_DM9499_d3",,False,100% cotton. Elastic waistband. Machine wash. Imported. Select stores. Item CH065.,,Girls' paper-bag short in chambray,USD,,59,CH065,https://www.jcrew.com/m/girls/categories/clothing/bottoms/denim/ME871?display=all&fit=Classic&colorProductCode=CH065&colorCode=DM9499,2,2,2026-02-23T13:36:57Z,Mixed,CH065_DM9499,J.Crew,2,Mixed | girls / short | Budget,Girls' paper-bag short in chambray,https://www.jcrew.com/m/girls/categories/clothing/bottoms/denim/ME871?display=all&fit=Classic&colorProductCode=CH065&colorCode=DM9499
,,J.Crew,,Home > girls,Mint Butterfly Multi,"Nothing says spring like this one of a kind purse in the shape of a butterfly. Detail we love: the beaded crossbody strap.Polyester, acrylic.This item has small parts and is not intended for use by children under three years of age.Spot clean.Imported.Item CR644.",,"Girls' butterfly handbeaded crossbody pouch J.Crew Nothing says spring like this one of a kind purse in the shape of a butterfly. Detail we love: the beaded crossbody strap.Polyester, acrylic.This item has small parts and is not intended for use by children under three years of age.Spot clean.Imported.Item CR644. Polyester, acrylic. This item has small parts and is not intended for use by children under three years of age. Spot clean. Imported. Item CR644.",4,"https://www.jcrew.com/s7-img-facade/CR644_EE9620?hei=1950&crop=0,0,1560,0","https://www.jcrew.com/s7-img-facade/CR644_EE9620?hei=1950&crop=0,0,1560,0 | https://www.jcrew.com/s7-img-facade/CR644_EE9620_d1?hei=1080&crop=0,0,864,0 | https://www.jcrew.com/s7-img-facade/CR644_EE9620 | https://www.jcrew.com/s7-img-facade/CR644_EE9620_d1",,False,"Polyester, acrylic. This item has small parts and is not intended for use by children under three years of age. Spot clean. Imported. Item CR644.",micro_mini_impulse|statement_fashion,Girls' butterfly handbeaded crossbody pouch,USD,91.65,,CR644,https://www.jcrew.com/p/girls/categories/accessories/bags/CR644?display=all&fit=Classic&colorProductCode=CR644&colorCode=EE9620,,,2026-02-23T13:37:30Z,Mixed,CR644_EE9620,J.Crew,4,Mixed | girls / crossbody | Upper Mid,Girls' butterfly handbeaded crossbody pouch,https://www.jcrew.com/p/girls/categories/accessories/bags/CR644?display=all&fit=Classic&colorProductCode=CR644&colorCode=EE9620
,,J.Crew,,Home > boys,Stripes | State&trade; kids' Kane backpack in stripe STRIPES,"This design is made by Brooklyn-based STATE bags, the brand that's synonymous with style, quality and giving back. (For every bag they sell, they donate another to a local child in need.) The best part: You'll love the premium materials, organizational pockets and pouches just as much as they'll love that colorful stripe finish. Note: This style is recommended for kids aged kindergarten through third grade.Polyester.Imported.Online only.Item CO067.","15.1"" H x 11.6""W x 5.1""D.","State™ kids' Kane backpack in stripe J.Crew This design is made by Brooklyn-based STATE bags, the brand that's synonymous with style, quality and giving back. (For every bag they sell, they donate another to a local child in need.) The best part: You'll love the premium materials, organizational pockets and pouches just as much as they'll love that colorful stripe finish. Note: This style is recommended for kids aged kindergarten through third grade.Polyester.Imported.Online only.Item CO067.",6,"https://www.jcrew.com/s7-img-facade/CO067_EF0110?hei=1950&crop=0,0,1560,0","https://www.jcrew.com/s7-img-facade/CO067_EF0110?hei=1950&crop=0,0,1560,0 | https://www.jcrew.com/s7-img-facade/CO067_EF0110_d2?hei=1080&crop=0,0,864,0 | https://www.jcrew.com/s7-img-facade/CO067_EF0110_d3?hei=1080&crop=0,0,864,0 | https://www.jcrew.com/s7-img-facade/CO067_EF0110 | https://www.jcrew.com/s7-img-facade/CO067_EF0110_d2 | https://www.jcrew.com/s7-img-facade/CO067_EF0110_d3",,False,Polyester. Imported. Online only. Item CO067.,campus_student,State™ kids' Kane backpack in stripe,USD,98,,CO067,https://www.jcrew.com/m/boys/categories/accessories/back-to-school-gear/ME580?display=all&fit=Classic&colorProductCode=CO067&colorCode=EF0110,,,2026-02-23T13:38:02Z,Mixed,CO067_EF0110,J.Crew,10,Mixed | ame / lulu | Premium,State™ kids' Kane backpack in stripe,https://www.jcrew.com/m/boys/categories/accessories/back-to-school-gear/ME580?display=all&fit=Classic&colorProductCode=CO067&colorCode=EF0110
,,J.Crew,"This item must be returned directly to the seller and will not be accepted at J.Crew stores or the distribution center. To return your items, please follow the instructions that are enclosed in your package. You will receive a confirmation email once the Marketplace seller has received your package and a refund has been processed.",Home > girls,,"Established in 2003 in Brookline, Massachusetts, Ame & Lulu designs and manufactures stylish-yet-functional accessories for tennis, golf and everyday life. For the tennis stars ages 8-12, the Jr. Love Tennis Backpack is a must-have. With multiple interior pockets and an exterior racquet-shaped pocket, it is easy to stay organized and stylish on the court.Nylon.Spot clean.Imported.Online only.Item N5362.","8-12 years old. 6""H x 12 1/2""W x 4""D.","Ame & Lulu girls' jr. love tennis backpack J.Crew Established in 2003 in Brookline, Massachusetts, Ame & Lulu designs and manufactures stylish-yet-functional accessories for tennis, golf and everyday life. For the tennis stars ages 8-12, the Jr. Love Tennis Backpack is a must-have. With multiple interior pockets and an exterior racquet-shaped pocket, it is easy to stay organized and stylish on the court.Nylon.Spot clean.Imported.Online only.Item N5362. Nylon. Spot clean. Imported. Online only.",6,"https://www.jcrew.com/s7-img-facade/N5362_GR1132?hei=1950&crop=0,0,1560,0","https://www.jcrew.com/s7-img-facade/N5362_GR1132?hei=1950&crop=0,0,1560,0 | https://www.jcrew.com/s7-img-facade/N5362_GR1132_d2?hei=1080&crop=0,0,864,0 | https://www.jcrew.com/s7-img-facade/N5362_GR1132_d3?hei=1080&crop=0,0,864,0 | https://www.jcrew.com/s7-img-facade/N5362_GR1132 | https://www.jcrew.com/s7-img-facade/N5362_GR1132_d2 | https://www.jcrew.com/s7-img-facade/N5362_GR1132_d3",,True,Nylon. Spot clean. Imported. Online only. Item N5362.,campus_student,Ame & Lulu girls' jr. love tennis backpack,USD,150.96,98,N5362,https://www.jcrew.com/p/girls/categories/accessories/bags/N5362?display=all&fit=Classic&colorProductCode=N5362&colorCode=GR1132,,,2026-02-23T13:38:35Z,Mixed,N5362_GR1132,J.Crew,10,Mixed | ame / lulu | Premium,Ame & Lulu girls' jr. love tennis backpack,https://www.jcrew.com/p/girls/categories/accessories/bags/N5362?display=all&fit=Classic&colorProductCode=N5362&colorCode=GR1132
,,J.Crew,,Home > boys,Fuzzy Soccer Balls | State&trade; kids' Kane backpack in soccer print FUZZY SOCCER BALLS,"This design is made by Brooklyn-based STATE bags, the brand that's synonymous with style, quality and giving back. (For every bag they sell, they donate another to a local child in need.) The best part: You'll love the premium materials, organizational pockets and pouches just as much as they'll love that sporty finish. Note: This style is recommended for kids aged kindergarten through third grade.Polyester.Imported.Select stores.Item CO066.","15.1""H x 11.6""W x 5.1""D.","State™ kids' Kane backpack in soccer print J.Crew This design is made by Brooklyn-based STATE bags, the brand that's synonymous with style, quality and giving back. (For every bag they sell, they donate another to a local child in need.) The best part: You'll love the premium materials, organizational pockets and pouches just as much as they'll love that sporty finish. Note: This style is recommended for kids aged kindergarten through third grade.Polyester.Imported.Select stores.Item CO066.",6,"https://www.jcrew.com/s7-img-facade/CO066_EE9140?hei=1950&crop=0,0,1560,0","https://www.jcrew.com/s7-img-facade/CO066_EE9140?hei=1950&crop=0,0,1560,0 | https://www.jcrew.com/s7-img-facade/CO066_EE9140_d1?hei=1080&crop=0,0,864,0 | https://www.jcrew.com/s7-img-facade/CO066_EE9140_d2?hei=1080&crop=0,0,864,0 | https://www.jcrew.com/s7-img-facade/CO066_EE9140 | https://www.jcrew.com/s7-img-facade/CO066_EE9140_d1 | https://www.jcrew.com/s7-img-facade/CO066_EE9140_d2",,False,Polyester. Imported. Select stores. Item CO066.,campus_student,State™ kids' Kane backpack in soccer print,USD,125,98,CO066,https://www.jcrew.com/m/boys/categories/accessories/back-to-school-gear/ME580?display=all&fit=Classic&colorProductCode=CO066&colorCode=EE9140,,,2026-02-23T13:39:08Z,Mixed,CO066_EE9140,J.Crew,10,Mixed | ame / lulu | Premium,State™ kids' Kane backpack in soccer print,https://www.jcrew.com/m/boys/categories/accessories/back-to-school-gear/ME580?display=all&fit=Classic&colorProductCode=CO066&colorCode=EE9140
,1.0,J.Crew,"This item must be returned directly to the seller and will not be accepted at J.Crew stores or the distribution center. To return your items, please follow the instructions that are enclosed in your package. You will receive a confirmation email once the Marketplace seller has received your package and a refund has been processed.",Home > women > bags,KAYU&reg; Rosie tote Black | KAYU&reg; Rosie tote White,"female-run company that partners with women artisans in Southeast Asia to handmake their products using natural, sustainable materials and indigenous techniques passed down through generations. Woven seagrass tote with ribbon-wrapped handles and gold charm.Straw.Ribbon-wrapped handles.Gold charm.Imported.Online only.Item M3872.",,"KAYU® Rosie tote J.Crew female-run company that partners with women artisans in Southeast Asia to handmake their products using natural, sustainable materials and indigenous techniques passed down through generations. Woven seagrass tote with ribbon-wrapped handles and gold charm.Straw.Ribbon-wrapped handles.Gold charm.Imported.Online only.Item M3872. Straw. Ribbon-wrapped handles. Gold charm. Imported. Online only. Item M3872.",10,"https://www.jcrew.com/s7-img-facade/M3872_BK0001?hei=1950&crop=0,0,1560,0","https://www.jcrew.com/s7-img-facade/M3872_BK0001?hei=1950&crop=0,0,1560,0 | https://www.jcrew.com/s7-img-facade/M3872_BK0001_d1?hei=1080&crop=0,0,864,0 | https://www.jcrew.com/s7-img-facade/M3872_BK0001_d2?hei=1080&crop=0,0,864,0 | https://www.jcrew.com/s7-img-facade/M3872_BK0001_d3?hei=1080&crop=0,0,864,0 | https://www.jcrew.com/s7-img-facade/M3872_BK0001_d4?hei=1080&crop=0,0,864,0 | https://www.jcrew.com/s7-img-facade/M3872_BK0001 | https://www.jcrew.com/s7-img-facade/M3872_BK0001_d1 | https:/",,True,Straw. Ribbon-wrapped handles. Gold charm. Imported. Online only. Item M3872.,eco_conscious|minimal_modern,KAYU® Rosie tote,USD,269.56,175,M3872,https://www.jcrew.com/p/womens/categories/accessories/bags/straw/M3872?display=all&fit=Classic&colorProductCode=M3872&colorCode=BK0001,1,1,2026-02-23T13:39:41Z,Mixed,M3872_BK0001,J.Crew,16,Mixed | tote / kayu | Premium,KAYU® Rosie tote,https://www.jcrew.com/p/womens/categories/accessories/bags/straw/M3872?display=all&fit=Classic&colorProductCode=M3872&colorCode=BK0001
,,J.Crew,,,,,,Layered tie-waist midi skirt in stripe J.Crew,0,,,,False,,,Layered tie-waist midi skirt in stripe,USD,168,,CI646,https://www.jcrew.com/p/womens/categories/clothing/shorts-and-skirts/midi-skirts/CI646?display=all&fit=Classic&colorProductCode=CI646&colorCode=YD7565,,,2026-02-23T13:40:23Z,Mixed,CI646_YD7565,J.Crew,0,Mixed | skirt / girls | Upper Mid,Layered tie-waist midi skirt in stripe,https://www.jcrew.com/p/womens/categories/clothing/shorts-and-skirts/midi-skirts/CI646?display=all&fit=Classic&colorProductCode=CI646&colorCode=YD7565
,,J.Crew,,,Girls' piqu&eacute; pleated skirt Green | Girls' piqu&eacute; pleated skirt White,,,Girls' piqu&eacute; pleated skirt J.Crew,0,,,,False,,,Girls' piqu&eacute; pleated skirt,USD,,,CR532,https://www.jcrew.com/p/girls/categories/clothing/bottoms/active/CR532?display=all&fit=Classic&colorProductCode=CR532&colorCode=GR6923,,,2026-02-23T13:40:52Z,Mixed,CR532_GR6923,J.Crew,0,Mixed | skirt / girls | Upper Mid,Girls' piqu&eacute; pleated skirt,https://www.jcrew.com/p/girls/categories/clothing/bottoms/active/CR532?display=all&fit=Classic&colorProductCode=CR532&colorCode=GR6923
,5.0,J.Crew,,,Boxer short in distressed faux leather Other | Boxer short in distressed faux leather Black,,,Boxer short in distressed faux leather J.Crew,0,,,,False,,,Boxer short in distressed faux leather,USD,178,,CN808,https://www.jcrew.com/p/womens/categories/clothing/shorts/3-inch-inseam/CN808?display=all&fit=Classic&colorProductCode=CN808&colorCode=BR8756,6,6,2026-02-23T13:41:20Z,Mixed,CN808_BR8756,J.Crew,0,Mixed | skirt / girls | Upper Mid,Boxer short in distressed faux leather,https://www.jcrew.com/p/womens/categories/clothing/shorts/3-inch-inseam/CN808?display=all&fit=Classic&colorProductCode=CN808&colorCode=BR8756
,,J.Crew,,Home > girls > Bottoms,Midday Skies | Girls' pull-on embroidered short MIDDAY SKIES,This fresh pair comes with an elastic waistband and floral embroidery that matches back to Mom. Style tip: Pair it with a coordinating top for the prettiest—and easiest—spring outfit ever.100% cotton.Elastic waistband.Unlined.Machine wash.Imported.Item CR534.,Falls above knee.,Girls' pull-on embroidered short J.Crew This fresh pair comes with an elastic waistband and floral embroidery that matches back to Mom. Style tip: Pair it with a coordinating top for the prettiest—and easiest—spring outfit ever.100% cotton.Elastic waistband.Unlined.Machine wash.Imported.Item CR534. 100% cotton. Elastic waistband. Unlined. Machine wash. Imported. Item CR534.,2,"https://www.jcrew.com/s7-img-facade/CR534_BL0495?hei=1950&crop=0,0,1560,0","https://www.jcrew.com/s7-img-facade/CR534_BL0495?hei=1950&crop=0,0,1560,0 | https://www.jcrew.com/s7-img-facade/CR534_BL0495",,False,100% cotton. Elastic waistband. Unlined. Machine wash. Imported. Item CR534.,,Girls' pull-on embroidered short,USD,,69,CR534,https://www.jcrew.com/m/girls/categories/clothing/bottoms/shorts/ME964?display=all&fit=Classic&colorProductCode=CR534&colorCode=BL0495,,,2026-02-23T13:41:54Z,Mixed,CR534_BL0495,J.Crew,2,Mixed | girls / short | Budget,Girls' pull-on embroidered short,https://www.jcrew.com/m/girls/categories/clothing/bottoms/shorts/ME964?display=all&fit=Classic&colorProductCode=CR534&colorCode=BL0495
,,J.Crew,,,Girls' smocked short in towel terry White | Girls' smocked short in towel terry Purple,,,Girls' smocked short in towel terry J.Crew,0,,,,False,,,Girls' smocked short in towel terry,USD,,,CR548,https://www.jcrew.com/p/girls/categories/clothing/bottoms/knit/CR548?display=all&fit=Classic&colorProductCode=CR548&colorCode=WT0002,,,2026-02-23T13:42:22Z,Mixed,CR548_WT0002,J.Crew,0,Mixed | skirt / girls | Upper Mid,Girls' smocked short in towel terry,https://www.jcrew.com/p/girls/categories/clothing/bottoms/knit/CR548?display=all&fit=Classic&colorProductCode=CR548&colorCode=WT0002
,,J.Crew,,Home > girls > Bottoms,White On Oxbow Blue Eye | Girls' pull-on eyelet short WHITE ON OXBOW BLUE EYE,This dressy-ish style comes with an elastic waistband and a breezy eyelet pattern that matches back to Mom. Style tip: Pair it with a coordinating top for the prettiest—and easiest—spring outfit ever.100% cotton.Elastic waistband.Lined.Machine wash.Imported.Select stores.Item CR536.,Hits above knee.,Girls' pull-on eyelet short J.Crew This dressy-ish style comes with an elastic waistband and a breezy eyelet pattern that matches back to Mom. Style tip: Pair it with a coordinating top for the prettiest—and easiest—spring outfit ever.100% cotton.Elastic waistband.Lined.Machine wash.Imported.Select stores.Item CR536. 100% cotton. Elastic waistband. Lined. Machine wash. Imported. Select stores. Item CR536.,4,"https://www.jcrew.com/s7-img-facade/CR536_WZ7591?hei=1950&crop=0,0,1560,0","https://www.jcrew.com/s7-img-facade/CR536_WZ7591?hei=1950&crop=0,0,1560,0 | https://www.jcrew.com/s7-img-facade/CR536_WZ7591_d3?hei=1080&crop=0,0,864,0 | https://www.jcrew.com/s7-img-facade/CR536_WZ7591 | https://www.jcrew.com/s7-img-facade/CR536_WZ7591_d3",,False,100% cotton. Elastic waistband. Lined. Machine wash. Imported. Select stores. Item CR536.,,Girls' pull-on eyelet short,USD,,69,CR536,https://www.jcrew.com/m/girls/categories/clothing/bottoms/shorts/ME964?display=all&fit=Classic&colorProductCode=CR536&colorCode=WZ7591,,,2026-02-23T13:42:56Z,Mixed,CR536_WZ7591,J.Crew,2,Mixed | girls / short | Budget,Girls' pull-on eyelet short,https://www.jcrew.com/m/girls/categories/clothing/bottoms/shorts/ME964?display=all&fit=Classic&colorProductCode=CR536&colorCode=WZ7591
