product_id,source,brand,product_name,leaf_category,price,original_price,discount_percent,is_on_sale,rating,review_count,description,material_text,dimensions,image_url,color_count,timestamp,product_url
1169519002,gap,Gap,Kibou Mini Vegan Leather Wallet Belt Bag,,46.0,79.95,,True,0,0,"A bag designed for your essentials, the Mini is made with you in mind, your style, your stuff, your peace of mind. Get creative with what you can carry along with these functional, simplified, perfectly sized mini fanny pack. Compliant with the highest safety standards (California Prop 65). Durable, easily cleanable vegan leather and nylon exterior. Wipeable and stain-resistant recycled nylon lining.","Vegan Leather, Recycled Nylon, Nylon",One Size,https://www.gap.com/webcontent/0056/007/513/cn56007513.jpg,1,2026-02-22,https://www.gap.com/browse/product.do?pid=1169519002&vid=1&pcid=3046544&cid=3046544
1169516002,gap,Gap,Kibou Mini Vegan Leather Wallet Belt Bag,,46.0,,,False,0,0,"A bag designed for your essentials, the Mini is made with you in mind, your style, your stuff, your peace of mind. Get creative with what you can carry along with these functional, simplified, perfectly sized mini fanny pack. Compliant with the highest safety standards (California Prop 65). Durable, easily cleanable vegan leather and nylon exterior. Wipeable and stain-resistant recycled nylon lining.","Vegan Leather, Recycled Nylon, Nylon",One Size,https://www.gap.com/webcontent/0056/004/074/cn56004074.jpg,1,2026-02-22,https://www.gap.com/browse/product.do?pid=1169516002&vid=1&pcid=3046544&cid=3046544
1169515002,gap,Gap,Kibou Mini Nylon Wallet Belt Bag,,46.0,79.95,,True,0,,"A bag designed for your essentials, the Mini is made with you in mind, your style, your stuff, your peace of mind. Get creative with what you can carry along with these functional, simplified, perfectly sized mini fanny pack. Compliant with the highest safety standards (California Prop 65). Durable, easily cleanable nylon exterior. Wipeable and stain-resistant recycled nylon lining.","Recycled Nylon, Nylon",One Size,https://www.gap.com/webcontent/0056/003/302/cn56003302.jpg,1,2026-02-22,https://www.gap.com/browse/product.do?pid=1169515002&vid=1&pcid=3046544&cid=3046544
1169518002,gap,Gap,Kibou Mini Vegan Leather Wallet Belt Bag,,46.0,,,False,0,95,"A bag designed for your essentials, the Mini is made with you in mind, your style, your stuff, your peace of mind. Get creative with what you can carry along with these functional, simplified, perfectly sized mini fanny pack. Compliant with the highest safety standards (California Prop 65). Durable, easily cleanable vegan leather and nylon exterior. Wipeable and stain-resistant recycled nylon lining.","Vegan Leather, Recycled Nylon, Nylon",One Size,https://www.gap.com/webcontent/0056/007/473/cn56007473.jpg,1,2026-02-22,https://www.gap.com/browse/product.do?pid=1169518002&vid=1&pcid=3046544&cid=3046544
1173109002,gap,Gap,STATE Rockaway Duffle,,24.95,145.0,,True,0,,"Perfect for after-school activities, sleepovers, and weekend getaways. Designed with two handles and an adjustable crossbody strap for easy carrying. Detachable pouches for shoes and dirty clothes and interior pockets to keep everything organized. Made from recycled materials. For every bag sold, STATE donates a percentage of the proceeds to American families in need.",Recycled Materials,One Size,https://www.gap.com/webcontent/0059/975/498/cn59975498.jpg,2,2026-02-22,https://www.gap.com/browse/product.do?pid=1173109002&vid=1&pcid=3046567&cid=3046567
1172319002,gap,Gap,STATE Kane Mini Backpack,,39.95,88.0,,True,0,0,"Recommended for little adventurers ages 2-4. The Kane Mini Backpack has a compact design with just enough space for the essentials. Perfect for preschool or their very first big trip! Let their personalities shine with designs just as unique as they are. 45% of this bag is made from recycled materials. For every bag sold, STATE donates a percentage of the proceeds to American families in need. STATE is the family bag company that’s carrying everyone, everywhere, through the journey of life with open hands.",Recycled Materials,One Size,https://www.gap.com/webcontent/0059/912/755/cn59912755.jpg,1,2026-02-22,https://www.gap.com/browse/product.do?pid=1172319002&vid=1&pcid=3046567&cid=3046567
1173111002,gap,Gap,STATE Rockaway Duffle,,24.95,145.0,,True,0,0,"Perfect for after-school activities, sleepovers, and weekend getaways. Designed with two handles and an adjustable crossbody strap for easy carrying. Detachable pouches for shoes and dirty clothes and interior pockets to keep everything organized. Made from recycled materials. For every bag sold, STATE donates a percentage of the proceeds to American families in need.",Recycled Materials,One Size,https://www.gap.com/webcontent/0059/975/526/cn59975526.jpg,2,2026-02-22,https://www.gap.com/browse/product.do?pid=1173111002&vid=1&pcid=3046590&cid=3046590
1169520002,gap,Gap,Kibou Mini Vegan Leather Wallet Belt Bag,,46.0,79.95,,True,0,0,"A bag designed for your essentials, the Mini is made with you in mind, your style, your stuff, your peace of mind. Get creative with what you can carry along with these functional, simplified, perfectly sized mini fanny pack. Compliant with the highest safety standards (California Prop 65). Durable, easily cleanable vegan leather and nylon exterior. Wipeable and stain-resistant recycled nylon lining.","Vegan Leather, Recycled Nylon, Nylon",One Size,https://www.gap.com/webcontent/0056/007/547/cn56007547.jpg,1,2026-02-22,https://www.gap.com/browse/product.do?pid=1169520002&vid=1&pcid=3046544&cid=3046544
1170746002,gap,Gap,Kibou Kids Belt Bag,,32.0,39.95,,True,0,,"Perfect for your little adventurer. Our very first kid-sized bags, designed for independence and hands-free fun. One spacious pocket designed to hold essentials. Hook to hold house keys, hair ties, Air Tag, or other small necessities. Kid, pet, and baby-friendly, compliant with the highest safety standards (California Prop 65). Easy to wipe clean, durable exterior and interior.",,One Size,https://www.gap.com/webcontent/0057/843/058/cn57843058.jpg,1,2026-02-22,https://www.gap.com/browse/product.do?pid=1170746002&vid=1&pcid=3046567&cid=3046567
1170747002,gap,Gap,Kibou Kids Belt Bag,,32.0,34.95,,True,0,,"Perfect for your little adventurer. Our very first kid-sized bags, designed for independence and hands-free fun. One spacious pocket designed to hold essentials. Separate wallet zipper pocket with slots for cards and cash, and plenty of room for coins or other small keepsakes. Brightly colored nylon lining to make it easy to spot items inside. Hook to hold house keys, hair ties, Air Tags, or other small necessities. Kid, pet, and baby-friendly, compliant with the highest safety standards (California Prop 65). Easy to wipe clean, durable exterior and interior.",Nylon,One Size,https://www.gap.com/webcontent/0057/843/029/cn57843029.jpg,1,2026-02-22,https://www.gap.com/browse/product.do?pid=1170747002&vid=1&pcid=3046567&cid=3046567
1174308002,gap,Gap,Little Words Project Bag Charm,,24.0,26.0,,True,0,95,So spicy you can't look away! Attach this Hot Sauce Bag Charm to your bag in honor of your favorite hot condiment.,,One Size,https://www.gap.com/webcontent/0060/498/468/cn60498468.jpg,1,2026-02-22,https://www.gap.com/browse/product.do?pid=1174308002&vid=1&pcid=3046544&cid=3046544
1173114002,gap,Gap,STATE Kane Backpack,,39.95,98.0,,True,0,,"STATE's signature backpack recommended for kindergarten to third grade. The Kane Backpack fits folders and up to one 2” binder or textbook. Perfect for school, travel, and every adventure in between, this best-selling kids' backpack is as fun as it is functional. 45% of this bag is made from recycled materials. For every bag sold, STATE donates a percentage of the proceeds to American families in need.",Recycled Materials,One Size,https://www.gap.com/webcontent/0059/975/575/cn59975575.jpg,2,2026-02-22,https://www.gap.com/browse/product.do?pid=1173114002&vid=1&pcid=3046590&cid=3046590
1173113002,gap,Gap,STATE Kane Backpack,,39.95,98.0,,True,0,0,"STATE's signature backpack recommended for kindergarten to third grade. The Kane Backpack fits folders and up to one 2” binder or textbook. Perfect for school, travel, and every adventure in between, this best-selling kids' backpack is as fun as it is functional. 45% of this bag is made from recycled materials. For every bag sold, STATE donates a percentage of the proceeds to American families in need.",Recycled Materials,One Size,https://www.gap.com/webcontent/0059/974/695/cn59974695.jpg,2,2026-02-22,https://www.gap.com/browse/product.do?pid=1173113002&vid=1&pcid=3046567&cid=3046567
1173122002,gap,Gap,STATE Bensen Toiletry Kit,,16.95,68.0,,True,0,0,"STATE's award winning, collapsible hanging toiletry kit. Thoughtfully designed with a place for every item you need. Made from recycled materials.",Recycled Materials,One Size,https://www.gap.com/webcontent/0059/974/883/cn59974883.jpg,1,2026-02-22,https://www.gap.com/browse/product.do?pid=1173122002&vid=1&pcid=3046567&cid=3046567
1175311002,gap,Gap,Shiraleah Leo Tote,,92.0,118.0,,True,0,0,"Add a fierce finishing touch to your everyday look. This structured tote features a bold leopard print and chic double handles for easy grab-and-go style. A magnetic snap closure keeps your essentials secure. The inner zip pocket and two slip pockets help you stay organized. Gold-tone handle D-rings add an elevated detail and make it easy to customize with your favorite charms. Does not come with Bag Charm, sold separately.",,One Size,https://www.gap.com/webcontent/0060/830/097/cn60830097.jpg,1,2026-02-22,https://www.gap.com/browse/product.do?pid=1175311002&vid=1&pcid=3046544&cid=3051538
1175312002,gap,Gap,Shiraleah Helmet Bag Charm,,22.0,42.0,,True,0,0,"Cheer on your team in style with the Helmet Bag Charm and Key Ring. This fun, helmet-shaped pouch features a top zip closure to stash small essentials, and comes with a key ring and clasp hook so you can attach it to any bag or set of keys. The bold “Game Day” lettering and matching tassel cord give it extra spirit and flair. Whether you're tailgating or just running errands, this charm brings major game day energy. Shiraleah is a trend-driven lifestyle brand focusing on the little things that make life special.",,One Size,https://www.gap.com/webcontent/0060/758/262/cn60758262.jpg,8,2026-02-22,https://www.gap.com/browse/product.do?pid=1175312002&vid=1&pcid=3046544&cid=3046544
1175310012,gap,Gap,Shiraleah Taylor Mini Wristlet,,40.0,40.0,,False,0,0,"Keep essentials close when you need a compact bag. It’s perfect for stadium regulations and statement looks. This compact cutie features two interchangeable pouches—one sleek and solid, the other clear—attached to a wide printed wrist strap that brings all the Game Day vibes. Just clip it on, load it up, and let your hands stay free while you cheer, snack, or snap pics. Shiraleah is a trend-driven lifestyle brand focusing on the little things that make life special.",,One Size,https://www.gap.com/webcontent/0060/739/113/cn60739113.jpg,2,2026-02-22,https://www.gap.com/browse/product.do?pid=1175310012&vid=1&pcid=3046544&cid=3046544
1175310002,gap,Gap,Shiraleah Taylor Mini Wristlet,,40.0,40.0,,False,0,0,"Keep essentials close when you need a compact bag. It’s perfect for stadium regulations and statement looks. This compact cutie features two interchangeable pouches—one sleek and solid, the other clear—attached to a wide printed wrist strap that brings all the Game Day vibes. Just clip it on, load it up, and let your hands stay free while you cheer, snack, or snap pics. Shiraleah is a trend-driven lifestyle brand focusing on the little things that make life special.",,One Size,https://www.gap.com/webcontent/0060/739/553/cn60739553.jpg,2,2026-02-22,https://www.gap.com/browse/product.do?pid=1175310002&vid=1&pcid=3046544&cid=3051539
1175312042,gap,Gap,Shiraleah Helmet Bag Charm,,22.0,112.0,,True,0,0,"Cheer on your team in style with the Helmet Bag Charm and Key Ring. This fun, helmet-shaped pouch features a top zip closure to stash small essentials, and comes with a key ring and clasp hook so you can attach it to any bag or set of keys. The bold “Game Day” lettering and matching tassel cord give it extra spirit and flair. Whether you're tailgating or just running errands, this charm brings major game day energy. Shiraleah is a trend-driven lifestyle brand focusing on the little things that make life special.",,One Size,https://www.gap.com/webcontent/0060/758/282/cn60758282.jpg,8,2026-02-22,https://www.gap.com/browse/product.do?pid=1175312042&vid=1&pcid=3046544&cid=3046544
1175312012,gap,Gap,Shiraleah Helmet Bag Charm,,22.0,32.0,,True,0,0,"Cheer on your team in style with the Helmet Bag Charm and Key Ring. This fun, helmet-shaped pouch features a top zip closure to stash small essentials, and comes with a key ring and clasp hook so you can attach it to any bag or set of keys. The bold “Game Day” lettering and matching tassel cord give it extra spirit and flair. Whether you're tailgating or just running errands, this charm brings major game day energy. Shiraleah is a trend-driven lifestyle brand focusing on the little things that make life special.",,One Size,https://www.gap.com/webcontent/0060/758/275/cn60758275.jpg,8,2026-02-22,https://www.gap.com/browse/product.do?pid=1175312012&vid=1&pcid=3046544&cid=3046544
1175312022,gap,Gap,Shiraleah Helmet Bag Charm,,22.0,32.0,,True,0,0,"Cheer on your team in style with the Helmet Bag Charm and Key Ring. This fun, helmet-shaped pouch features a top zip closure to stash small essentials, and comes with a key ring and clasp hook so you can attach it to any bag or set of keys. The bold “Game Day” lettering and matching tassel cord give it extra spirit and flair. Whether you're tailgating or just running errands, this charm brings major game day energy. Shiraleah is a trend-driven lifestyle brand focusing on the little things that make life special.",,One Size,https://www.gap.com/webcontent/0060/758/201/cn60758201.jpg,8,2026-02-22,https://www.gap.com/browse/product.do?pid=1175312022&vid=1&pcid=3046544&cid=3046544
1175312032,gap,Gap,Shiraleah Helmet Bag Charm,,22.0,32.0,,True,0,0,"Cheer on your team in style with the Helmet Bag Charm and Key Ring. This fun, helmet-shaped pouch features a top zip closure to stash small essentials, and comes with a key ring and clasp hook so you can attach it to any bag or set of keys. The bold “Game Day” lettering and matching tassel cord give it extra spirit and flair. Whether you're tailgating or just running errands, this charm brings major game day energy. Shiraleah is a trend-driven lifestyle brand focusing on the little things that make life special.",,One Size,https://www.gap.com/webcontent/0060/758/382/cn60758382.jpg,8,2026-02-22,https://www.gap.com/browse/product.do?pid=1175312032&vid=1&pcid=3046544&cid=3051539
1175312052,gap,Gap,Shiraleah Helmet Bag Charm,,22.0,32.0,,True,0,0,"Cheer on your team in style with the Helmet Bag Charm and Key Ring. This fun, helmet-shaped pouch features a top zip closure to stash small essentials, and comes with a key ring and clasp hook so you can attach it to any bag or set of keys. The bold “Game Day” lettering and matching tassel cord give it extra spirit and flair. Whether you're tailgating or just running errands, this charm brings major game day energy. Shiraleah is a trend-driven lifestyle brand focusing on the little things that make life special.",,One Size,https://www.gap.com/webcontent/0060/758/214/cn60758214.jpg,8,2026-02-22,https://www.gap.com/browse/product.do?pid=1175312052&vid=1&pcid=3046544&cid=3046544
1175312072,gap,Gap,Shiraleah Helmet Bag Charm,,22.0,32.0,,True,0,0,"Cheer on your team in style with the Helmet Bag Charm and Key Ring. This fun, helmet-shaped pouch features a top zip closure to stash small essentials, and comes with a key ring and clasp hook so you can attach it to any bag or set of keys. The bold “Game Day” lettering and matching tassel cord give it extra spirit and flair. Whether you're tailgating or just running errands, this charm brings major game day energy. Shiraleah is a trend-driven lifestyle brand focusing on the little things that make life special.",,One Size,https://www.gap.com/webcontent/0060/739/203/cn60739203.jpg,8,2026-02-22,https://www.gap.com/browse/product.do?pid=1175312072&vid=1&pcid=3046544&cid=3046544
1175312062,gap,Gap,Shiraleah Helmet Bag Charm,,22.0,32.0,,True,0,0,"Cheer on your team in style with the Helmet Bag Charm and Key Ring. This fun, helmet-shaped pouch features a top zip closure to stash small essentials, and comes with a key ring and clasp hook so you can attach it to any bag or set of keys. The bold “Game Day” lettering and matching tassel cord give it extra spirit and flair. Whether you're tailgating or just running errands, this charm brings major game day energy. Shiraleah is a trend-driven lifestyle brand focusing on the little things that make life special.",,One Size,https://www.gap.com/webcontent/0060/758/393/cn60758393.jpg,8,2026-02-22,https://www.gap.com/browse/product.do?pid=1175312062&vid=1&pcid=3046544&cid=3046544
1175313002,gap,Gap,Shiraleah Starlet Bag Charm,,32.0,103.0,,True,0,0,"Add a pop of personality to your keys or bag with the Starlet Bag Charm/Key Ring. Featuring a woven paracord knot in bold colors and a trio of gold-tone star charms, this playful accessory brings instant flair wherever it hangs. It’s finished with both a key ring and a clasp hook, so you can clip it onto totes, backpacks, or wherever you need a little sparkle. Durable, lightweight, and totally eye-catching—it’s your everyday essential turned statement piece. Shiraleah is a trend-driven lifestyle brand focusing on the little things that make life special.",,One Size,https://www.gap.com/webcontent/0060/739/259/cn60739259.jpg,2,2026-02-22,https://www.gap.com/browse/product.do?pid=1175313002&vid=1&pcid=3046544&cid=3046544
1175317002,gap,Gap,Shiraleah Vallerie Bag Charm,,42.0,112.0,,True,0,0,"Say hello to the mini accessory that’s making a major statement. Styled like a tiny handbag, this charm adds instant personality to your tote, keys, or weekender. Made from pebbled vegan leather or luxe printed fabric, it’s finished with gold hardware and a functional zippered pocket for tiny must-haves. Clip it on and let your bag have its own bag (because why not?). Shiraleah is a trend-driven lifestyle brand focusing on the little things that make life special.",", it’s finished with gold hardware and a functional zippered pocket for tiny must-haves. Clip it on and let your bag have its own bag (because why not?). Shiraleah is a trend-driven lifestyle brand focusing on the little things that make life special.",One Size,https://www.gap.com/webcontent/0060/758/342/cn60758342.jpg,3,2026-02-22,https://www.gap.com/browse/product.do?pid=1175317002&vid=1&pcid=3046544&cid=3046544
1175314012,gap,Gap,Shiraleah Lipstick Holder Bag Charm,,26.0,32.0,,True,0,0,"Add a little glam to your everyday routine with the Lipstick Holder Bag Charm. This sleek cylindrical pouch is just the right size to stash your favorite lip product, with a zip closure that keeps it safe and secure. Featuring a chic faux leather finish and gold hardware, it clips easily onto your keys, tote, or backpack for stylish convenience. Shiraleah is a trend-driven lifestyle brand focusing on the little things that make life special.",Faux Leather,One Size,https://www.gap.com/webcontent/0060/742/153/cn60742153.jpg,1,2026-02-22,https://www.gap.com/browse/product.do?pid=1175314012&vid=1&pcid=3046544&cid=3051539
1175313012,gap,Gap,Shiraleah Starlet Bag Charm,,32.0,32.0,,False,0,0,"Add a pop of personality to your keys or bag with the Starlet Bag Charm/Key Ring. Featuring a woven paracord knot in bold colors and a trio of gold-tone star charms, this playful accessory brings instant flair wherever it hangs. It’s finished with both a key ring and a clasp hook, so you can clip it onto totes, backpacks, or wherever you need a little sparkle. Durable, lightweight, and totally eye-catching—it’s your everyday essential turned statement piece. Shiraleah is a trend-driven lifestyle brand focusing on the little things that make life special.",,One Size,https://www.gap.com/webcontent/0060/739/173/cn60739173.jpg,2,2026-02-22,https://www.gap.com/browse/product.do?pid=1175313012&vid=1&pcid=3046544&cid=3051539
1175317022,gap,Gap,Shiraleah Vallerie Bag Charm,,42.0,42.0,,False,0,0,"Say hello to the mini accessory that’s making a major statement. Styled like a tiny handbag, this charm adds instant personality to your tote, keys, or weekender. Made from pebbled vegan leather or luxe printed fabric, it’s finished with gold hardware and a functional zippered pocket for tiny must-haves. Clip it on and let your bag have its own bag (because why not?). Shiraleah is a trend-driven lifestyle brand focusing on the little things that make life special.",", it’s finished with gold hardware and a functional zippered pocket for tiny must-haves. Clip it on and let your bag have its own bag (because why not?). Shiraleah is a trend-driven lifestyle brand focusing on the little things that make life special.",One Size,https://www.gap.com/webcontent/0060/742/171/cn60742171.jpg,3,2026-02-22,https://www.gap.com/browse/product.do?pid=1175317022&vid=1&pcid=3046544&cid=3046544
1175317032,gap,Gap,Shiraleah Vallerie Bag Charm,,42.0,42.0,,False,0,0,"Say hello to the mini accessory that’s making a major statement. Styled like a tiny handbag, this charm adds instant personality to your tote, keys, or weekender. Made from pebbled vegan leather or luxe printed fabric, it’s finished with gold hardware and a functional zippered pocket for tiny must-haves. Clip it on and let your bag have its own bag (because why not?). Shiraleah is a trend-driven lifestyle brand focusing on the little things that make life special.",", it’s finished with gold hardware and a functional zippered pocket for tiny must-haves. Clip it on and let your bag have its own bag (because why not?). Shiraleah is a trend-driven lifestyle brand focusing on the little things that make life special.",One Size,https://www.gap.com/webcontent/0060/740/211/cn60740211.jpg,3,2026-02-22,https://www.gap.com/browse/product.do?pid=1175317032&vid=1&pcid=3046544&cid=3046544
1175318012,gap,Gap,Shiraleah Football Bag Charm,,26.0,32.0,,True,0,0,"Show your team spirit with the ultimate sporty-chic accessory for game day and beyond. Shaped like a mini football, this faux-leather charm features a top zip closure to hold small essentials like coins or earbuds. It comes complete with a key ring and clasp hook, making it easy to attach to your favorite bag, belt loop, or keys. Finished with a braided tassel in your team’s colors, it's a playful nod to your football fandom. Shiraleah is a trend-driven lifestyle brand focusing on the little things that make life special.",,One Size,https://www.gap.com/webcontent/0060/741/557/cn60741557.jpg,8,2026-02-22,https://www.gap.com/browse/product.do?pid=1175318012&vid=1&pcid=3046544&cid=3051539
1175318022,gap,Gap,Shiraleah Football Bag Charm,,26.0,42.0,,True,0,0,"Show your team spirit with the ultimate sporty-chic accessory for game day and beyond. Shaped like a mini football, this faux-leather charm features a top zip closure to hold small essentials like coins or earbuds. It comes complete with a key ring and clasp hook, making it easy to attach to your favorite bag, belt loop, or keys. Finished with a braided tassel in your team’s colors, it's a playful nod to your football fandom. Shiraleah is a trend-driven lifestyle brand focusing on the little things that make life special.",,One Size,https://www.gap.com/webcontent/0060/741/441/cn60741441.jpg,8,2026-02-22,https://www.gap.com/browse/product.do?pid=1175318022&vid=1&pcid=3046544&cid=3046544
1175318032,gap,Gap,Shiraleah Football Bag Charm,,26.0,26.0,,False,0,0,"Show your team spirit with the ultimate sporty-chic accessory for game day and beyond. Shaped like a mini football, this faux-leather charm features a top zip closure to hold small essentials like coins or earbuds. It comes complete with a key ring and clasp hook, making it easy to attach to your favorite bag, belt loop, or keys. Finished with a braided tassel in your team’s colors, it's a playful nod to your football fandom. Shiraleah is a trend-driven lifestyle brand focusing on the little things that make life special.",,One Size,https://www.gap.com/webcontent/0060/741/499/cn60741499.jpg,8,2026-02-22,https://www.gap.com/browse/product.do?pid=1175318032&vid=1&pcid=3046544&cid=3046544
1175318002,gap,Gap,Shiraleah Football Bag Charm,,26.0,112.0,,True,0,0,"Show your team spirit with the ultimate sporty-chic accessory for game day and beyond. Shaped like a mini football, this faux-leather charm features a top zip closure to hold small essentials like coins or earbuds. It comes complete with a key ring and clasp hook, making it easy to attach to your favorite bag, belt loop, or keys. Finished with a braided tassel in your team’s colors, it's a playful nod to your football fandom. Shiraleah is a trend-driven lifestyle brand focusing on the little things that make life special.",,One Size,https://www.gap.com/webcontent/0060/758/364/cn60758364.jpg,8,2026-02-22,https://www.gap.com/browse/product.do?pid=1175318002&vid=1&pcid=3046544&cid=3046544
1175318042,gap,Gap,Shiraleah Football Bag Charm,,26.0,42.0,,True,0,0,"Show your team spirit with the ultimate sporty-chic accessory for game day and beyond. Shaped like a mini football, this faux-leather charm features a top zip closure to hold small essentials like coins or earbuds. It comes complete with a key ring and clasp hook, making it easy to attach to your favorite bag, belt loop, or keys. Finished with a braided tassel in your team’s colors, it's a playful nod to your football fandom. Shiraleah is a trend-driven lifestyle brand focusing on the little things that make life special.",,One Size,https://www.gap.com/webcontent/0060/741/406/cn60741406.jpg,8,2026-02-22,https://www.gap.com/browse/product.do?pid=1175318042&vid=1&pcid=3046544&cid=3046544
1175318052,gap,Gap,Shiraleah Football Bag Charm,,26.0,26.0,,False,0,0,"Show your team spirit with the ultimate sporty-chic accessory for game day and beyond. Shaped like a mini football, this faux-leather charm features a top zip closure to hold small essentials like coins or earbuds. It comes complete with a key ring and clasp hook, making it easy to attach to your favorite bag, belt loop, or keys. Finished with a braided tassel in your team’s colors, it's a playful nod to your football fandom. Shiraleah is a trend-driven lifestyle brand focusing on the little things that make life special.",,One Size,https://www.gap.com/webcontent/0060/741/473/cn60741473.jpg,8,2026-02-22,https://www.gap.com/browse/product.do?pid=1175318052&vid=1&pcid=3046544&cid=3046544
1175992002,gap,Gap,STATE Wellington Weekender,,195.0,230.0,,True,0,,"Perfect for overnight stays, long weekends, and everything in between, we've thought of everything with this duffle style weekender including a padded laptop pocket, interior organization, detachable pouches, and a hidden travel sleeve—it holds everything you need and keeps you feeling and looking put together wherever you go. 45% of this bag is made from recycled materials. For every bag sold, STATE donates a percentage of the proceeds to American families in need. STATE is the family bag company that’s carrying everyone, everywhere, through the journey of life with open hands.",Recycled Materials,One Size,https://www.gap.com/webcontent/0061/017/157/cn61017157.jpg,2,2026-02-22,https://www.gap.com/browse/product.do?pid=1175992002&vid=1&pcid=3046544&cid=3051538
1175318062,gap,Gap,Shiraleah Football Bag Charm,,26.0,40.0,,True,0,0,"Show your team spirit with the ultimate sporty-chic accessory for game day and beyond. Shaped like a mini football, this faux-leather charm features a top zip closure to hold small essentials like coins or earbuds. It comes complete with a key ring and clasp hook, making it easy to attach to your favorite bag, belt loop, or keys. Finished with a braided tassel in your team’s colors, it's a playful nod to your football fandom. Shiraleah is a trend-driven lifestyle brand focusing on the little things that make life special.",,One Size,https://www.gap.com/webcontent/0060/741/427/cn60741427.jpg,8,2026-02-22,https://www.gap.com/browse/product.do?pid=1175318062&vid=1&pcid=3046544&cid=3051539
1175318072,gap,Gap,Shiraleah Football Bag Charm,,26.0,42.0,,True,0,0,"Show your team spirit with the ultimate sporty-chic accessory for game day and beyond. Shaped like a mini football, this faux-leather charm features a top zip closure to hold small essentials like coins or earbuds. It comes complete with a key ring and clasp hook, making it easy to attach to your favorite bag, belt loop, or keys. Finished with a braided tassel in your team’s colors, it's a playful nod to your football fandom. Shiraleah is a trend-driven lifestyle brand focusing on the little things that make life special.",,One Size,https://www.gap.com/webcontent/0060/741/455/cn60741455.jpg,8,2026-02-22,https://www.gap.com/browse/product.do?pid=1175318072&vid=1&pcid=3046544&cid=3051539
1175994002,gap,Gap,STATE Sunny Fanny Pack,,34.95,60.0,,True,0,,"The little adventurer's perfect sidekick for their big adventures. For every bag sold, we donate a percentage of the proceeds to American families in need. STATE is the family bag company that’s carrying everyone, everywhere, through the journey of life with open hands.",,One Size,https://www.gap.com/webcontent/0061/017/585/cn61017585.jpg,1,2026-02-22,https://www.gap.com/browse/product.do?pid=1175994002&vid=1&pcid=3046590&cid=3046590
1175993002,gap,Gap,STATE Sunny Fanny Pack,,34.95,60.0,,True,0,,"The little adventurer's perfect sidekick for their big adventures. For every bag sold, we donate a percentage of the proceeds to American families in need. STATE is the family bag company that’s carrying everyone, everywhere, through the journey of life with open hands.",,One Size,https://www.gap.com/webcontent/0061/017/150/cn61017150.jpg,1,2026-02-22,https://www.gap.com/browse/product.do?pid=1175993002&vid=1&pcid=3046567&cid=3046567
1176253002,gap,Gap,STATE Logan Carry-On Suitcase,,230.0,230.0,,False,0,0,"Keep travel fun for your kid and functional for you. The Logan Carry-On features smooth, 360° spinner wheels, a kid-friendly adjustable handle, and thoughtful functionality designed to keep everything in place—plus a bold, stand-out design that is just as unique as your kid. 45% of this bag is made from recycled materials. For every bag sold, State donates a percentage of the proceeds to American families in need. STATE is the family bag company that’s carrying everyone, everywhere, through the journey of life with open hands.",Recycled Materials,One Size,https://www.gap.com/webcontent/0061/036/151/cn61036151.jpg,2,2026-02-22,https://www.gap.com/browse/product.do?pid=1176253002&vid=1&pcid=3046567&cid=3046567
1176008002,gap,Gap,STATE Bensen Toiletry Kit,,34.95,65.0,,True,0,,"STATE's award winning, collapsible hanging toiletry kit. Thoughtfully designed with a place for every item you need. Made from recycled materials. STATE is the family bag company that’s carrying everyone, everywhere, through the journey of life with open hands.",". STATE is the family bag company that’s carrying everyone, everywhere, through the journey of life with open hands.",One Size,https://www.gap.com/webcontent/0061/019/479/cn61019479.jpg,1,2026-02-22,https://www.gap.com/browse/product.do?pid=1176008002&vid=1&pcid=3046590&cid=3046590
1176009002,gap,Gap,STATE Clinton Kids Case,,28.0,34.95,,True,0,,"A pencil case with backpack-like design. Fits writing essentials or handy school items. 45% of this bag is made from recycled materials. STATE is the family bag company that’s carrying everyone, everywhere, through the journey of life with open hands.",". STATE is the family bag company that’s carrying everyone, everywhere, through the journey of life with open hands.",One Size,https://www.gap.com/webcontent/0061/019/504/cn61019504.jpg,1,2026-02-22,https://www.gap.com/browse/product.do?pid=1176009002&vid=1&pcid=3046567&cid=3046567
1176123002,gap,Gap,STATE Rockaway Duffle,,79.95,145.0,,True,0,,"Perfect for after-school activities, sleepovers, and weekend getaways. Designed with two handles and an adjustable crossbody strap for easy carrying. Detachable pouches for shoes and dirty clothes and interior pockets to keep everything organized. Made from recycled materials. For every bag sold, STATE donates a percentage of the proceeds to American families in need.",Recycled Materials,One Size,https://www.gap.com/webcontent/0061/037/143/cn61037143.jpg,1,2026-02-22,https://www.gap.com/browse/product.do?pid=1176123002&vid=1&pcid=3046590&cid=3046590
1176252002,gap,Gap,STATE Logan Carry-On Suitcase,,225.0,230.0,,True,0,0,"Keep travel fun for your kid and functional for you. The Logan Carry-On features smooth, 360° spinner wheels, a kid-friendly adjustable handle, and thoughtful functionality designed to keep everything in place—plus a bold, stand-out design that is just as unique as your kid. 45% of this bag is made from recycled materials. For every bag sold, State donates a percentage of the proceeds to American families in need. STATE is the family bag company that’s carrying everyone, everywhere, through the journey of life with open hands.",Recycled Materials,One Size,https://www.gap.com/webcontent/0061/037/168/cn61037168.jpg,3,2026-02-22,https://www.gap.com/browse/product.do?pid=1176252002&vid=1&pcid=3046590&cid=3046590
1176124002,gap,Gap,STATE Rockaway Duffle,,24.95,145.0,,True,0,0,"Perfect for after-school activities, sleepovers, and weekend getaways. Designed with two handles and an adjustable crossbody strap for easy carrying. Detachable pouches for shoes and dirty clothes and interior pockets to keep everything organized. Made from recycled materials. For every bag sold, STATE donates a percentage of the proceeds to American families in need.",Recycled Materials,One Size,https://www.gap.com/webcontent/0061/035/621/cn61035621.jpg,1,2026-02-22,https://www.gap.com/browse/product.do?pid=1176124002&vid=1&pcid=3046567&cid=3046567
1175997002,gap,Gap,STATE Wellington Weekender,,195.0,230.0,,True,0,0,"Perfect for overnight stays, long weekends, and everything in between, we've thought of everything with this duffle style weekender including a padded laptop pocket, interior organization, detachable pouches, and a hidden travel sleeve—it holds everything you need and keeps you feeling and looking put together wherever you go. 45% of this bag is made from recycled materials. For every bag sold, STATE donates a percentage of the proceeds to American families in need. STATE is the family bag company that’s carrying everyone, everywhere, through the journey of life with open hands.",Recycled Materials,One Size,https://www.gap.com/webcontent/0061/017/327/cn61017327.jpg,2,2026-02-22,https://www.gap.com/browse/product.do?pid=1175997002&vid=1&pcid=3046544&cid=3051538
1176254002,gap,Gap,STATE Logan Carry-On Suitcase,,98.0,225.0,,True,0,,"Keep travel fun for your kid and functional for you. The Logan Carry-On features smooth, 360° spinner wheels, a kid-friendly adjustable handle, and thoughtful functionality designed to keep everything in place—plus a bold, stand-out design that is just as unique as your kid. 45% of this bag is made from recycled materials. For every bag sold, State donates a percentage of the proceeds to American families in need. STATE is the family bag company that’s carrying everyone, everywhere, through the journey of life with open hands.",Recycled Materials,One Size,https://www.gap.com/webcontent/0061/035/951/cn61035951.jpg,3,2026-02-22,https://www.gap.com/browse/product.do?pid=1176254002&vid=1&pcid=3046590&cid=3046590
1176258002,gap,Gap,STATE Kane Backpack,,34.95,135.0,,True,0,,"STATE's signature backpack recommended for kindergarten to third grade. The Kane Backpack fits folders and up to one 2” binder or textbook. Perfect for school, travel, and every adventure in between, this best-selling kids' backpack is as fun as it is functional. 45% of this bag is made from recycled materials. For every bag sold, STATE donates a percentage of the proceeds to American families in need.",Recycled Materials,One Size,https://www.gap.com/webcontent/0061/036/285/cn61036285.jpg,1,2026-02-22,https://www.gap.com/browse/product.do?pid=1176258002&vid=1&pcid=3046567&cid=3046567
1176256002,gap,Gap,STATE Logan Carry-On Suitcase,,230.0,230.0,,False,0,0,"Keep travel fun for your kid and functional for you. The Logan Carry-On features smooth, 360° spinner wheels, a kid-friendly adjustable handle, and thoughtful functionality designed to keep everything in place—plus a bold, stand-out design that is just as unique as your kid. 45% of this bag is made from recycled materials. For every bag sold, State donates a percentage of the proceeds to American families in need. STATE is the family bag company that’s carrying everyone, everywhere, through the journey of life with open hands.",Recycled Materials,One Size,https://www.gap.com/webcontent/0061/035/948/cn61035948.jpg,3,2026-02-22,https://www.gap.com/browse/product.do?pid=1176256002&vid=1&pcid=3046590&cid=3046590
1176259002,gap,Gap,STATE Kane Backpack,,49.95,115.0,,True,0,0,"STATE's signature backpack recommended for kindergarten to third grade. The Kane Backpack fits folders and up to one 2” binder or textbook. Perfect for school, travel, and every adventure in between, this best-selling kids' backpack is as fun as it is functional. 45% of this bag is made from recycled materials. For every bag sold, STATE donates a percentage of the proceeds to American families in need.",Recycled Materials,One Size,https://www.gap.com/webcontent/0061/037/250/cn61037250.jpg,2,2026-02-22,https://www.gap.com/browse/product.do?pid=1176259002&vid=1&pcid=3046590&cid=3046590
1179480002,gap,Gap,Shiraleah Heart Pouch Bag Charm/Key Ring,,26.0,32.0,,True,0,0,"The Heart Pouch Bag Charm/Key Ring adds the sweetest touch of charm to any bag or keychain. Designed in a heart shape with a chic pearl charm and gold-tone hardware, it’s equal parts stylish and functional. With a zip closure, this little pouch is perfect for stashing small essentials like earbuds, coins, or lip balm on the go. Available in multiple colors, it’s a cute companion you’ll want to show off daily. Shiraleah is a trend-driven lifestyle brand focused on the little gifts that make life special!",,Size Guide,https://www.gap.com/webcontent/0061/542/730/cn61542730.jpg,3,2026-02-22,https://www.gap.com/browse/product.do?pid=1179480002&vid=1&pcid=3046544&cid=3046544
1179480012,gap,Gap,Shiraleah Heart Pouch Bag Charm/Key Ring,,26.0,32.0,,True,0,95,"The Heart Pouch Bag Charm/Key Ring adds the sweetest touch of charm to any bag or keychain. Designed in a heart shape with a chic pearl charm and gold-tone hardware, it’s equal parts stylish and functional. With a zip closure, this little pouch is perfect for stashing small essentials like earbuds, coins, or lip balm on the go. Available in multiple colors, it’s a cute companion you’ll want to show off daily. Shiraleah is a trend-driven lifestyle brand focused on the little gifts that make life special!",,Size Guide,https://www.gap.com/webcontent/0061/542/295/cn61542295.jpg,3,2026-02-22,https://www.gap.com/browse/product.do?pid=1179480012&vid=1&pcid=3046544&cid=3046544
503844042,gap,Gap,Vegan Suede Slouchy Tote Bag,,27.0,69.95,,True,4.6,930,"Soft vegan suede slouchy tote bag. Handle at top. This product was made in a factory that runs the Gap Inc. P.A.C.E. (Personal Advancement & Career Enhancement) program. P.A.C.E. is our educational program that helps the women who make our clothes build the skills, knowledge, confidence & resilience needed to advance in work & life. Learn more <a href=""https://www.gapinc.com/en-us/values/sustainability/empowering-women/p-a-c-e-and-rise"" target=""_blank""><u>here</u></a>. #503844; Soft vegan suede slouchy tote bag. Handle at top. This product was made in a factory that runs the Gap Inc. P.A.C.E. (Personal Advancement & Career Enhancement) program. P.A.C.E. is our educational program that helps the women who make our clothes build the skills, knowledge, confidence & resilience needed to advance in work & life. Learn more here. #503844",& care Polyester 100% Wipe clean. Imported. Shipping & returns Customers also viewed Vegan Suede Bucket Bag $74.95 $44.00 40% off + extra 10% in the app Vegan Suede Barrel Bag $49.95 $19.00 60% off + extra 10% in the app Vegan Suede Bucket Bag $74.95 $59.00 20% off + extra 10% in the app Vegan Leather Riding Boots $110.00 $44.00 60% off + extra 10% in the app Vegan Suede Bucket Bag $74.95 $37.00 50% off + extra 10% in the app You may also like Vegan Leather Bucket Tote Bag $69.95 $62.00 Extra 10% off in the app Vegan Suede Barrel Bag $49.95 $24.00 50% off + extra 10% in the app Vegan Leather Bucket Tote Bag $69.95 $55.00 20% off + extra 10% in the app Vegan Suede Bucket Bag $74.95 $67.00 Extra 10% off in the app Vegan Suede Barrel Bag $49.95 $39.00 20% off + extra 10% in the app UltraSoft Denim Horseshoe Overalls $119.95 Extra 10% off in the app Denim Stripe Tote Bag $54.95 Extra 10% off in the app Denim Tote Bag $59.95 $47.00 20% off + extra 10% in the app CloseKnit Jersey T-Shirt $29.95 $23.00 20% off + extra 10% in the app Logo Tote Keychain Charm $19.95 $15.00 20% off + extra 10% in the app,Size Guide,https://www.gap.com/webcontent/0060/362/381/cn60362381.jpg,3,2026-02-22,https://www.gap.com/browse/product.do?pid=503844042&vid=1&pcid=3046544&cid=3051538
1179480022,gap,Gap,Shiraleah Heart Pouch Bag Charm/Key Ring,,26.0,32.0,,True,0,0,"The Heart Pouch Bag Charm/Key Ring adds the sweetest touch of charm to any bag or keychain. Designed in a heart shape with a chic pearl charm and gold-tone hardware, it’s equal parts stylish and functional. With a zip closure, this little pouch is perfect for stashing small essentials like earbuds, coins, or lip balm on the go. Available in multiple colors, it’s a cute companion you’ll want to show off daily. Shiraleah is a trend-driven lifestyle brand focused on the little gifts that make life special!",,Size Guide,https://www.gap.com/webcontent/0061/542/308/cn61542308.jpg,3,2026-02-22,https://www.gap.com/browse/product.do?pid=1179480022&vid=1&pcid=3046544&cid=3046544
503844052,gap,Gap,Vegan Suede Slouchy Tote Bag,,27.0,69.95,,True,4.6,930,"Soft vegan suede slouchy tote bag. Handle at top. This product was made in a factory that runs the Gap Inc. P.A.C.E. (Personal Advancement & Career Enhancement) program. P.A.C.E. is our educational program that helps the women who make our clothes build the skills, knowledge, confidence & resilience needed to advance in work & life. Learn more <a href=""https://www.gapinc.com/en-us/values/sustainability/empowering-women/p-a-c-e-and-rise"" target=""_blank""><u>here</u></a>. #503844; Soft vegan suede slouchy tote bag. Handle at top. This product was made in a factory that runs the Gap Inc. P.A.C.E. (Personal Advancement & Career Enhancement) program. P.A.C.E. is our educational program that helps the women who make our clothes build the skills, knowledge, confidence & resilience needed to advance in work & life. Learn more here. #503844",& care Polyester 100% Wipe clean. Imported. Shipping & returns Customers also viewed Vegan Suede Bucket Bag $74.95 $37.00 50% off + extra 10% in the app Vegan Leather Bucket Tote Bag $69.95 $62.00 Extra 10% off in the app Vegan Suede Bucket Bag $74.95 $44.00 40% off + extra 10% in the app Denim Stripe Tote Bag $54.95 Extra 10% off in the app Vegan Suede Bucket Bag $74.95 $59.00 20% off + extra 10% in the app You may also like Vegan Suede Bucket Bag $74.95 $59.00 20% off + extra 10% in the app Vegan Leather Bucket Tote Bag $69.95 $55.00 20% off + extra 10% in the app Vegan Suede Barrel Bag $49.95 $19.00 60% off + extra 10% in the app UltraSoft Denim Horseshoe Overalls $119.95 Extra 10% off in the app Vegan Suede Barrel Bag $49.95 $24.00 50% off + extra 10% in the app Brannan Bear Sleep Keychain Charm $19.95 $11.00 40% off + extra 10% in the app Vegan Suede Barrel Bag $49.95 $39.00 20% off + extra 10% in the app Gap Logo Tote Bag $54.95 $32.00 40% off + extra 10% in the app Gap Denim Logo Tote Bag $54.95 $27.00 50% off + extra 10% in the app Gap Logo Tote Bag $54.95 $32.00 40% off + extra 10% in the app,Size Guide,https://www.gap.com/webcontent/0060/417/412/cn60417412.jpg,3,2026-02-22,https://www.gap.com/browse/product.do?pid=503844052&vid=1&pcid=3046544&cid=3046544
503844002,gap,Gap,Vegan Suede Slouchy Tote Bag,,34.0,69.95,,True,4.6,930,"Soft vegan suede slouchy tote bag. Handle at top. This product was made in a factory that runs the Gap Inc. P.A.C.E. (Personal Advancement & Career Enhancement) program. P.A.C.E. is our educational program that helps the women who make our clothes build the skills, knowledge, confidence & resilience needed to advance in work & life. Learn more <a href=""https://www.gapinc.com/en-us/values/sustainability/empowering-women/p-a-c-e-and-rise"" target=""_blank""><u>here</u></a>. #503844; Soft vegan suede slouchy tote bag. Handle at top. This product was made in a factory that runs the Gap Inc. P.A.C.E. (Personal Advancement & Career Enhancement) program. P.A.C.E. is our educational program that helps the women who make our clothes build the skills, knowledge, confidence & resilience needed to advance in work & life. Learn more here. #503844",& care Polyester 100% Wipe clean. Imported. Shipping & returns Customers also viewed Vegan Suede Bucket Bag $74.95 $37.00 50% off + extra 10% in the app Vegan Leather Riding Boots $110.00 $44.00 60% off + extra 10% in the app Vegan Suede Bucket Bag $74.95 $44.00 40% off + extra 10% in the app Vegan Leather Bucket Tote Bag $69.95 $55.00 20% off + extra 10% in the app Vegan Suede Bucket Bag $74.95 $67.00 Extra 10% off in the app You may also like Vegan Suede Barrel Bag $49.95 $39.00 20% off + extra 10% in the app Vegan Leather Bucket Tote Bag $69.95 $62.00 Extra 10% off in the app Vegan Suede Barrel Bag $49.95 $19.00 60% off + extra 10% in the app Denim Stripe Tote Bag $54.95 Extra 10% off in the app Vegan Suede Barrel Bag $49.95 $24.00 50% off + extra 10% in the app Brannan Bear Logo Denim Tote Bag $59.95 $47.00 20% off + extra 10% in the app CloseKnit Jersey T-Shirt $29.95 $23.00 20% off + extra 10% in the app Gap Logo Tote Bag $59.95 Extra 10% off in the app Crochet Tote Bag $69.95 $55.00 20% off + extra 10% in the app Gap Logo Tote Bag $59.95 $35.00 40% off + extra 10% in the app,Size Guide,https://www.gap.com/webcontent/0056/166/849/cn56166849.jpg,3,2026-02-22,https://www.gap.com/browse/product.do?pid=503844002&vid=1&pcid=3046544&cid=3046544
681974002,gap,Gap,Gap Denim Logo Tote Bag,,27.0,54.95,,True,4.8,537,"Soft cotton denim tote bag. Shoulder straps. Snap button closure. Outer and inner patch pockets. Embroidered mini Gap arch logo at front. White wash. <b>Responsibly Made:</b> This tote bag is part of our Washwell program, which uses at least 20% less water as compared with conventional wash methods. We’ve saved over a billion liters of water through Washwell since 2016. This product was made in a factory that invests in gender equality and women’s empowerment. Through RISE (Reimagining Industry to Support Equality) and Gap Inc.’s program P.A.C.E. (Personal Advancement & Career Enhancement), we support people who make our clothes to build the skills, knowledge, confidence, and resilience needed to advance in work and life. Learn more <a href=""https://www.gapinc.com/en-us/values/sustainability/empowering-women/p-a-c-e-and-rise"" target=""_blank""><u>here</u></a>. #681974; Soft cotton denim tote bag. Shoulder straps. Snap button closure. Outer and inner patch pockets. Embroidered mini Gap arch logo at front. White wash. Responsibly Made: This tote bag is part of our Washwell program, which uses at least 20% less water as compared with conventional wash methods. We’ve saved over a billion liters of water through Washwell since 2016. This product was made in a factory that invests in gender equality and women’s empowerment. Through RISE (Reimagining Industry to Support Equality) and Gap Inc.’s program P.A.C.E. (Personal Advancement & Career Enhancement), we support people who make our clothes to build the skills, knowledge, confidence, and resilience needed to advance in work and life. Learn more here. #681974","& care 100% Cotton. Machine wash cold, gentle cycle. Lay flat to dry. Imported. Shipping & returns Customers also viewed Brannan Bear Sweater Keychain Charm $19.95 $11.00 40% off + extra 10% in the app Denim Tote Bag $59.95 $41.00 30% off + extra 10% in the app Logo Tote Keychain Charm $19.95 $15.00 20% off + extra 10% in the app Crochet Tote Bag $69.95 $55.00 20% off + extra 10% in the app Brannan Bear T-Shirt Keychain Charm $19.95 $9.00 50% off + extra 10% in the app You may also like Gap Logo Tote Bag $59.95 Extra 10% off in the app Toy Logo Hoodie $14.95 $7.00 50% off + extra 10% in the app Gap Logo Tote Bag $54.95 $32.00 40% off + extra 10% in the app Brannan Bear Scarf Keychain Charm $19.95 $9.00 50% off + extra 10% in the app Logo Tote Keychain Charm $19.95 $11.00 40% off + extra 10% in the app Vegan Suede Barrel Bag $49.95 $19.00 60% off + extra 10% in the app Logo Tote Keychain Charm $19.95 $11.00 40% off + extra 10% in the app Denim Tote Bag $59.95 $47.00 20% off + extra 10% in the app Brannan Bear Sleep Keychain Charm $19.95 $11.00 40% off + extra 10% in the app Logo Tote Keychain Charm $19.95 $11.00 40% off + extra 10% in the app",Size Guide,https://www.gap.com/webcontent/0057/525/117/cn57525117.jpg,3,2026-02-22,https://www.gap.com/browse/product.do?pid=681974002&vid=1&pcid=3046544&cid=3046544
681968002,gap,Gap,Denim Stripe Tote Bag,,19.95,54.95,,True,4.8,537,"Soft cotton denim tote bag. Shoulder straps at top. Snap button closure. Inner and outer pocket. Allover stripes. <b>Responsibly Made:</b> This tote bag is part of our Washwell program, which uses at least 20% less water as compared with conventional wash methods. We’ve saved over a billion liters of water through Washwell since 2016. This product was made in a factory that invests in gender equality and women’s empowerment. Through RISE (Reimagining Industry to Support Equality) and Gap Inc.’s program P.A.C.E. (Personal Advancement & Career Enhancement), we support people who make our clothes to build the skills, knowledge, confidence, and resilience needed to advance in work and life. Learn more <a href=""https://www.gapinc.com/en-us/values/sustainability/empowering-women/p-a-c-e-and-rise"" target=""_blank""><u>here</u></a>. #681968; Soft cotton denim tote bag. Shoulder straps at top. Snap button closure. Inner and outer pocket. Allover stripes. Responsibly Made: This tote bag is part of our Washwell program, which uses at least 20% less water as compared with conventional wash methods. We’ve saved over a billion liters of water through Washwell since 2016. This product was made in a factory that invests in gender equality and women’s empowerment. Through RISE (Reimagining Industry to Support Equality) and Gap Inc.’s program P.A.C.E. (Personal Advancement & Career Enhancement), we support people who make our clothes to build the skills, knowledge, confidence, and resilience needed to advance in work and life. Learn more here. #681968","& care 100% Cotton. Machine wash cold, gentle cycle. Lay flat to dry. Imported. Shipping & returns Customers also viewed Brannan Bear Sweater Keychain Charm $19.95 $11.00 40% off + extra 10% in the app Brannan Bear Hoodie Keychain Charm $19.95 $11.00 40% off + extra 10% in the app Vegan Leather Bucket Tote Bag $69.95 $62.00 Extra 10% off in the app Brannan Bear Hoodie Keychain Charm $19.95 $11.00 40% off + extra 10% in the app Gap Logo Tote Bag $54.95 $43.00 20% off + extra 10% in the app You may also like Gap Logo Tote Bag $54.95 $43.00 20% off + extra 10% in the app Denim Tote Bag $59.95 $41.00 30% off + extra 10% in the app Gap Logo Tote Bag $54.95 $32.00 40% off + extra 10% in the app Brannan Bear Hoodie Keychain Charm $19.95 $17.00 Extra 10% off in the app Gap Logo Tote Bag $54.95 $32.00 40% off + extra 10% in the app Logo Tote Keychain Charm $19.95 $11.00 40% off + extra 10% in the app Gap Logo Tote Bag $59.95 Extra 10% off in the app Logo Tote Keychain Charm $19.95 $11.00 40% off + extra 10% in the app Gap Logo Tote Bag $54.95 $43.00 20% off + extra 10% in the app Logo Tote Keychain Charm $19.95 $11.00 40% off + extra 10% in the app",Size Guide,https://www.gap.com/webcontent/0057/498/615/cn57498615.jpg,3,2026-02-22,https://www.gap.com/browse/product.do?pid=681968002&vid=1&pcid=3046544&cid=3046544
523130002,gap,Gap,Kids Quilted Weekender Bag,,34.0,69.95,,True,4.8,61,"Soft, quilted cotton-nylon blend weekender bag. Handle at top. Adjustable shoulder strap. Zipper closure at main compartment and front pocket. Side water bottle pockets. This product was made in a factory that invests in gender equality and women’s empowerment. Through RISE (Reimagining Industry to Support Equality) and Gap Inc.’s program P.A.C.E. (Personal Advancement & Career Enhancement), we support people who make our clothes to build the skills, knowledge, confidence, and resilience needed to advance in work and life. Learn more <a href=""https://www.gapinc.com/en-us/values/sustainability/empowering-women/p-a-c-e-and-rise"" target=""_blank""><u>here</u></a>. #523130; Soft, quilted cotton-nylon blend weekender bag. Handle at top. Adjustable shoulder strap. Zipper closure at main compartment and front pocket. Side water bottle pockets. This product was made in a factory that invests in gender equality and women’s empowerment. Through RISE (Reimagining Industry to Support Equality) and Gap Inc.’s program P.A.C.E. (Personal Advancement & Career Enhancement), we support people who make our clothes to build the skills, knowledge, confidence, and resilience needed to advance in work and life. Learn more here. #523130","& care 70% Cotton, 30% Nylon. Wipe clean. Imported. Shipping & returns Customers also viewed Kids Quilted Colorblock Duffel Bag $69.95 $34.00 50% off + extra 10% in the app Kids Hello Kitty Duffle Bag $89.95 $53.00 40% off + extra 10% in the app Kids Cable-Knit Cozy Set $49.95 $19.00 60% off + extra 10% in the app Kids Bow Logo Crossbody Bag $34.95 $13.00 60% off + extra 10% in the app Kids Quilted Weekender Bag $69.95 $41.00 40% off + extra 10% in the app You may also like Kids Quilted Weekender Bag $69.95 $27.00 60% off + extra 10% in the app Kids Recycled Lightweight Quilted Puffer Jacket $79.95 $39.00 50% off + extra 10% in the app Kids Quilted Brannan Bear Weekender Bag $69.95 $27.00 60% off + extra 10% in the app Kids Recycled Lightweight Quilted Puffer Jacket $79.95 $39.00 50% off + extra 10% in the app Kids VintageSoft Logo Hoodie $49.95 $29.00 40% off + extra 10% in the app Kids Recycled Lightweight Quilted Puffer Jacket $79.95 $39.00 50% off + extra 10% in the app Kids VintageSoft Logo Joggers $39.95 $23.00 40% off + extra 10% in the app Kids VintageSoft Bubble Bomber Jacket $54.95 $32.00 40% off + extra 10% in the app Kids VintageSoft Oversized Bubble Hoodie $49.95 $29.00 40% off + extra 10% in the app Kids Oversized Quilted Zip Jacket $64.95 $38.00 40% off + extra 10% in the app",Size Guide,https://www.gap.com/webcontent/0056/071/943/cn56071943.jpg,1,2026-02-22,https://www.gap.com/browse/product.do?pid=523130002&vid=1&pcid=3046567&cid=3046567
681976202,gap,Gap,Gap Logo Tote Bag,,19.95,49.95,,True,4.8,537,"Soft, overdyed cotton tote bag. Shoulder straps. Outer and inner patch pockets. Embroidered mini Gap arch logo at front. Assorted colors. This product was made in a factory that invests in gender equality and women’s empowerment. Through RISE (Reimagining Industry to Support Equality) and Gap Inc.’s program P.A.C.E. (Personal Advancement & Career Enhancement), we support people who make our clothes to build the skills, knowledge, confidence, and resilience needed to advance in work and life. Learn more <a href=""https://www.gapinc.com/en-us/values/sustainability/empowering-women/p-a-c-e-and-rise"" target=""_blank""><u>here</u></a>. #681976; Soft, overdyed cotton tote bag. Shoulder straps. Outer and inner patch pockets. Embroidered mini Gap arch logo at front. Assorted colors. This product was made in a factory that invests in gender equality and women’s empowerment. Through RISE (Reimagining Industry to Support Equality) and Gap Inc.’s program P.A.C.E. (Personal Advancement & Career Enhancement), we support people who make our clothes to build the skills, knowledge, confidence, and resilience needed to advance in work and life. Learn more here. #681976","& care 100% Cotton. Machine wash cold, gentle cycle. Lay flat to dry. Imported. Shipping & returns Customers also viewed Brannan Bear Sweater Keychain Charm $19.95 $11.00 40% off + extra 10% in the app Denim Tote Bag $59.95 $41.00 30% off + extra 10% in the app Brannan Bear Scarf Keychain Charm $19.95 $9.00 50% off + extra 10% in the app Logo Hoodie Keychain Charm $14.95 $7.00 50% off + extra 10% in the app Gap Logo Tote Bag $54.95 $43.00 20% off + extra 10% in the app You may also like Logo Tote Keychain Charm $19.95 $11.00 40% off + extra 10% in the app Gap Logo Tote Bag $54.95 $43.00 20% off + extra 10% in the app Brannan Bear Hoodie Keychain Charm $19.95 $17.00 Extra 10% off in the app Brannan Bear Sleep Keychain Charm $19.95 $11.00 40% off + extra 10% in the app Logo Tote Keychain Charm $19.95 $11.00 40% off + extra 10% in the app Toy Logo Hoodie $14.95 $7.00 50% off + extra 10% in the app Logo Tote Keychain Charm $19.95 $11.00 40% off + extra 10% in the app Brannan Bear Nap Hoodie Keychain Charm $19.95 $11.00 40% off + extra 10% in the app Gap Logo Tote Bag $54.95 $43.00 20% off + extra 10% in the app Logo Tote Keychain Charm $19.95 $11.00 40% off + extra 10% in the app",Size Guide,https://www.gap.com/webcontent/0061/121/188/cn61121188.jpg,3,2026-02-22,https://www.gap.com/browse/product.do?pid=681976202&vid=1&pcid=3046544&cid=3046544
681976142,gap,Gap,Gap Logo Tote Bag,,19.95,49.95,,True,4.8,537,"Soft, overdyed cotton tote bag. Shoulder straps. Outer and inner patch pockets. Embroidered mini Gap arch logo at front. Assorted colors. This product was made in a factory that invests in gender equality and women’s empowerment. Through RISE (Reimagining Industry to Support Equality) and Gap Inc.’s program P.A.C.E. (Personal Advancement & Career Enhancement), we support people who make our clothes to build the skills, knowledge, confidence, and resilience needed to advance in work and life. Learn more <a href=""https://www.gapinc.com/en-us/values/sustainability/empowering-women/p-a-c-e-and-rise"" target=""_blank""><u>here</u></a>. #681976; Soft, overdyed cotton tote bag. Shoulder straps. Outer and inner patch pockets. Embroidered mini Gap arch logo at front. Assorted colors. This product was made in a factory that invests in gender equality and women’s empowerment. Through RISE (Reimagining Industry to Support Equality) and Gap Inc.’s program P.A.C.E. (Personal Advancement & Career Enhancement), we support people who make our clothes to build the skills, knowledge, confidence, and resilience needed to advance in work and life. Learn more here. #681976","& care 100% Cotton. Machine wash cold, gentle cycle. Lay flat to dry. Imported. Shipping & returns Customers also viewed Brannan Bear Sweater Keychain Charm $19.95 $11.00 40% off + extra 10% in the app Logo Tote Keychain Charm $19.95 $15.00 20% off + extra 10% in the app Denim Tote Bag $59.95 $47.00 20% off + extra 10% in the app Gap Logo Tote Bag $54.95 $43.00 20% off + extra 10% in the app Denim Tote Bag $59.95 $41.00 30% off + extra 10% in the app You may also like Logo Tote Keychain Charm $19.95 $11.00 40% off + extra 10% in the app Gap Logo Tote Bag $59.95 $35.00 40% off + extra 10% in the app Crochet Tote Bag $69.95 $55.00 20% off + extra 10% in the app Gap Logo Tote Bag $54.95 $32.00 40% off + extra 10% in the app Brannan Bear Logo Denim Tote Bag $59.95 $47.00 20% off + extra 10% in the app Gap Logo Tote Bag $59.95 Extra 10% off in the app Vegan Suede Barrel Bag $49.95 $39.00 20% off + extra 10% in the app Brannan Bear Denim Jacket Keychain Charm $19.95 $13.00 30% off + extra 10% in the app Vegan Suede Barrel Bag $49.95 $24.00 50% off + extra 10% in the app Crochet Tote Bag $69.95 $55.00 20% off + extra 10% in the app",Size Guide,https://www.gap.com/webcontent/0059/775/749/cn59775749.jpg,4,2026-02-22,https://www.gap.com/browse/product.do?pid=681976142&vid=1&pcid=3046544&cid=3051538
761387002,gap,Gap,Vegan Suede Bucket Bag,,37.0,74.95,,True,4.4,94,Soft vegan suede bucket bag. Shoulder strap. Inner pockets. Zippered mini bag inside. #761387,& care Polyester 100% Spot clean. Imported. Shipping & returns Customers also viewed Vegan Suede Slouchy Tote Bag $69.95 $27.00 60% off + extra 10% in the app Vegan Suede Barrel Bag $49.95 $24.00 50% off + extra 10% in the app Vegan Suede Slouchy Tote Bag $69.95 $34.00 50% off + extra 10% in the app Vegan Suede Barrel Bag $49.95 $19.00 60% off + extra 10% in the app Vegan Suede Slouchy Tote Bag $69.95 $27.00 60% off + extra 10% in the app You may also like Vegan Suede Barrel Bag $49.95 $39.00 20% off + extra 10% in the app Denim Stripe Tote Bag $54.95 Extra 10% off in the app Gap Logo Tote Bag $54.95 $32.00 40% off + extra 10% in the app Brannan Bear Sleep Keychain Charm $19.95 $11.00 40% off + extra 10% in the app Gap Logo Tote Bag $49.95 Extra 10% off in the app Gap Logo Tote Bag $54.95 $43.00 20% off + extra 10% in the app Gap Denim Logo Tote Bag $54.95 $27.00 50% off + extra 10% in the app Brannan Bear Hoodie Keychain Charm $19.95 $11.00 40% off + extra 10% in the app Vegan Leather Bucket Tote Bag $69.95 $55.00 20% off + extra 10% in the app Gap Logo Tote Bag $59.95 Extra 10% off in the app,Size Guide,https://www.gap.com/webcontent/0059/698/588/cn59698588.jpg,5,2026-02-22,https://www.gap.com/browse/product.do?pid=761387002&vid=1&pcid=3046544&cid=3046544
761387032,gap,Gap,Vegan Suede Bucket Bag,,59.0,74.95,,True,4.4,94,Soft vegan suede bucket bag. Shoulder strap. Inner pockets. Zippered mini bag inside. #761387,& care Polyester 100% Spot clean. Imported. Shipping & returns Customers also viewed Vegan Suede Barrel Bag $49.95 $39.00 20% off + extra 10% in the app Vegan Suede Slouchy Tote Bag $69.95 $27.00 60% off + extra 10% in the app Vegan Suede Barrel Bag $49.95 $19.00 60% off + extra 10% in the app Vegan Leather Bucket Tote Bag $69.95 $55.00 20% off + extra 10% in the app Vegan Suede Barrel Bag $49.95 $24.00 50% off + extra 10% in the app You may also like Vegan Suede Slouchy Tote Bag $69.95 $34.00 50% off + extra 10% in the app Denim Tote Bag $59.95 $47.00 20% off + extra 10% in the app Vegan Suede Slouchy Tote Bag $69.95 $27.00 60% off + extra 10% in the app Gap Logo Tote Bag $49.95 Extra 10% off in the app Gap Logo Tote Bag $54.95 $32.00 40% off + extra 10% in the app Vegan Leather Bucket Tote Bag $69.95 $62.00 Extra 10% off in the app Gap Logo Tote Bag $54.95 $43.00 20% off + extra 10% in the app Logo Tote Keychain Charm $19.95 $11.00 40% off + extra 10% in the app Brannan Bear Sleep Keychain Charm $19.95 $11.00 40% off + extra 10% in the app Vegan Leather Riding Boots $110.00 $44.00 60% off + extra 10% in the app,Size Guide,https://www.gap.com/webcontent/0059/698/589/cn59698589.jpg,5,2026-02-22,https://www.gap.com/browse/product.do?pid=761387032&vid=1&pcid=3046544&cid=3046544
761387012,gap,Gap,Vegan Suede Bucket Bag,,67.0,74.95,,True,4.4,94,Soft vegan suede bucket bag. Shoulder strap. Inner pockets. Zippered mini bag inside. #761387,& care Polyester 100% Spot clean. Imported. Shipping & returns Customers also viewed Vegan Suede Barrel Bag $49.95 $19.00 60% off + extra 10% in the app Vegan Suede Slouchy Tote Bag $69.95 $34.00 50% off + extra 10% in the app Vegan Suede Barrel Bag $49.95 $39.00 20% off + extra 10% in the app Vegan Suede Slouchy Tote Bag $69.95 $27.00 60% off + extra 10% in the app Vegan Suede Barrel Bag $49.95 $24.00 50% off + extra 10% in the app You may also like Gap Logo Tote Bag $49.95 Extra 10% off in the app Vegan Suede Slouchy Tote Bag $69.95 $27.00 60% off + extra 10% in the app Gap Denim Logo Tote Bag $54.95 $27.00 50% off + extra 10% in the app Gap Logo Tote Bag $54.95 $32.00 40% off + extra 10% in the app Brannan Bear Sleep Keychain Charm $19.95 $11.00 40% off + extra 10% in the app Gap Logo Tote Bag $59.95 $35.00 40% off + extra 10% in the app CloseKnit Jersey Mockneck T-Shirt $34.95 $13.00 60% off + extra 10% in the app Denim Stripe Tote Bag $54.95 Extra 10% off in the app Gap Logo Tote Bag $54.95 $43.00 20% off + extra 10% in the app Logo Tote Keychain Charm $19.95 $15.00 20% off + extra 10% in the app,Size Guide,https://www.gap.com/webcontent/0060/652/889/cn60652889.jpg,5,2026-02-22,https://www.gap.com/browse/product.do?pid=761387012&vid=1&pcid=3046544&cid=3046544
736935002,gap,Gap,Kids Cherry Straw Bag,,12.97,34.95,,True,4.1,23,"This bag is made with a paper straw outer. Long shoulder strap. Attached knit cherry detail at front. Fully lined. This product was made in a factory that invests in gender equality and women’s empowerment. Through RISE (Reimagining Industry to Support Equality) and Gap Inc.’s program P.A.C.E. (Personal Advancement & Career Enhancement), we support people who make our clothes to build the skills, knowledge, confidence, and resilience needed to advance in work and life. Learn more <a href=""https://www.gapinc.com/en-us/values/sustainability/empowering-women/p-a-c-e-and-rise"" target=""_blank""><u>here</u></a>. #736935; This bag is made with a paper straw outer. Long shoulder strap. Attached knit cherry detail at front. Fully lined. This product was made in a factory that invests in gender equality and women’s empowerment. Through RISE (Reimagining Industry to Support Equality) and Gap Inc.’s program P.A.C.E. (Personal Advancement & Career Enhancement), we support people who make our clothes to build the skills, knowledge, confidence, and resilience needed to advance in work and life. Learn more here. #736935",& care 100% Paper Straw. Wipe clean. Imported. Shipping & returns Customers also viewed Kids Hello Kitty Duffle Bag $89.95 $53.00 40% off + extra 10% in the app Kids Quilted Colorblock Duffel Bag $69.95 $34.00 50% off + extra 10% in the app Kids Quilted Brannan Bear Weekender Bag $69.95 $27.00 60% off + extra 10% in the app Kids Quilted Weekender Bag $69.95 $34.00 50% off + extra 10% in the app Kids Faux Fur Backpack $39.95 $15.00 60% off + extra 10% in the app You may also like Kids Bow Logo Crossbody Bag $34.95 $13.00 60% off + extra 10% in the app Kids Faux Fur Backpack $39.95 $15.00 60% off + extra 10% in the app Kids Quilted Weekender Bag $69.95 $27.00 60% off + extra 10% in the app Kids Quilted Weekender Bag $69.95 $41.00 40% off + extra 10% in the app Kids Quilted Pouch $34.95 $20.00 40% off + extra 10% in the app Kids Poplin Peplum Top $39.95 $15.00 60% off + extra 10% in the app Kids Shimmer Straw Backpack $39.95 $23.00 40% off + extra 10% in the app Kids Cow Print Sneakers $44.95 $17.00 60% off + extra 10% in the app Kids Denim Terry Heart Baseball Hat $19.95 $11.00 40% off + extra 10% in the app Kids Mesh Ruffle Cap-Sleeve Dress $59.95 $23.00 60% off + extra 10% in the app,Size Guide,https://www.gap.com/webcontent/0057/525/496/cn57525496.jpg,1,2026-02-22,https://www.gap.com/browse/product.do?pid=736935002&vid=1&pcid=3046567&cid=3046567
761387052,gap,Gap,Vegan Suede Bucket Bag,,44.0,74.95,,True,4.4,94,Soft vegan suede bucket bag. Shoulder strap. Inner pockets. Zippered mini bag inside. #761387,& care Polyester 100% Spot clean. Imported. Shipping & returns Customers also viewed Vegan Suede Slouchy Tote Bag $69.95 $27.00 60% off + extra 10% in the app Vegan Suede Barrel Bag $49.95 $19.00 60% off + extra 10% in the app Vegan Suede Slouchy Tote Bag $69.95 $34.00 50% off + extra 10% in the app Vegan Suede Barrel Bag $49.95 $39.00 20% off + extra 10% in the app Vegan Suede Slouchy Tote Bag $69.95 $27.00 60% off + extra 10% in the app You may also like Vegan Suede Barrel Bag $49.95 $24.00 50% off + extra 10% in the app Vegan Leather Bucket Tote Bag $69.95 $62.00 Extra 10% off in the app Gap Logo Tote Bag $54.95 $32.00 40% off + extra 10% in the app Gap Denim Logo Tote Bag $54.95 $27.00 50% off + extra 10% in the app Brannan Bear Logo Denim Tote Bag $59.95 $47.00 20% off + extra 10% in the app Gap Logo Tote Bag $54.95 $43.00 20% off + extra 10% in the app Vegan Leather Bucket Tote Bag $69.95 $55.00 20% off + extra 10% in the app Denim Tote Bag $59.95 $41.00 30% off + extra 10% in the app Brannan Bear Hoodie Keychain Charm $19.95 $11.00 40% off + extra 10% in the app UltraSoft Denim Horseshoe Overalls $119.95 Extra 10% off in the app,Size Guide,https://www.gap.com/webcontent/0061/184/787/cn61184787.jpg,5,2026-02-22,https://www.gap.com/browse/product.do?pid=761387052&vid=1&pcid=3046544&cid=3046544
761396032,gap,Gap,Vegan Leather Bucket Tote Bag,,55.0,69.95,,True,4.5,48,Smooth vegan leather bucket tote bag. Adjustable shoulder strap. Snap button closure. Inner pocket. Fully lined. #761396,& care 100% Synthetic Leather. Wipe clean. Imported. Shipping & returns Customers also viewed Crochet Tote Bag $69.95 $55.00 20% off + extra 10% in the app Vegan Suede Slouchy Tote Bag $69.95 $27.00 60% off + extra 10% in the app Vegan Suede Bucket Bag $74.95 $59.00 20% off + extra 10% in the app Crochet Tote Bag $69.95 $55.00 20% off + extra 10% in the app Vegan Leather Lug Sole Tall Boots $118.00 $47.00 60% off + extra 10% in the app You may also like Crochet Tote Bag $69.95 $55.00 20% off + extra 10% in the app Kitten Heel Pointy Knee High Boots $118.00 $47.00 60% off + extra 10% in the app Straw Tote Bag $79.95 $63.00 20% off + extra 10% in the app Logo Tote Keychain Charm $19.95 $11.00 40% off + extra 10% in the app Crochet Tote Bag $69.95 $55.00 20% off + extra 10% in the app Logo Tote Keychain Charm $19.95 $11.00 40% off + extra 10% in the app Vegan Suede Slouchy Tote Bag $69.95 $27.00 60% off + extra 10% in the app Logo Tote Keychain Charm $19.95 $11.00 40% off + extra 10% in the app Gap Denim Logo Tote Bag $54.95 $27.00 50% off + extra 10% in the app Denim Tote Bag $59.95 $47.00 20% off + extra 10% in the app,Size Guide,https://www.gap.com/webcontent/0060/809/402/cn60809402.jpg,2,2026-02-22,https://www.gap.com/browse/product.do?pid=761396032&vid=1&pcid=3046544&cid=3046544
761387042,gap,Gap,Vegan Suede Bucket Bag,,59.0,74.95,,True,4.4,94,Soft vegan suede bucket bag. Shoulder strap. Inner pockets. Zippered mini bag inside. #761387,& care Polyester 100% Spot clean. Imported. Shipping & returns Customers also viewed Vegan Suede Barrel Bag $49.95 $19.00 60% off + extra 10% in the app Vegan Suede Slouchy Tote Bag $69.95 $27.00 60% off + extra 10% in the app Vegan Suede Barrel Bag $49.95 $24.00 50% off + extra 10% in the app Vegan Suede Slouchy Tote Bag $69.95 $27.00 60% off + extra 10% in the app Brannan Bear Logo Denim Tote Bag $59.95 $47.00 20% off + extra 10% in the app You may also like Vegan Suede Barrel Bag $49.95 $39.00 20% off + extra 10% in the app Vegan Suede Slouchy Tote Bag $69.95 $34.00 50% off + extra 10% in the app Gap Logo Tote Bag $49.95 Extra 10% off in the app Vegan Leather Bucket Tote Bag $69.95 $62.00 Extra 10% off in the app Logo Tote Keychain Charm $19.95 $15.00 20% off + extra 10% in the app Gap Logo Tote Bag $54.95 $32.00 40% off + extra 10% in the app Logo Tote Keychain Charm $19.95 $11.00 40% off + extra 10% in the app Gap Logo Tote Bag $54.95 $32.00 40% off + extra 10% in the app Denim Tote Bag $59.95 $41.00 30% off + extra 10% in the app Gap Logo Tote Bag $54.95 $32.00 40% off + extra 10% in the app,Size Guide,https://www.gap.com/webcontent/0059/698/590/cn59698590.jpg,5,2026-02-22,https://www.gap.com/browse/product.do?pid=761387042&vid=1&pcid=3046544&cid=3051538
773833002,gap,Gap,NBA Chicago Bulls Logo Tote Bag,,19.97,58.0,,True,4.7,22,"Soft cotton canvas tote bag. Shoulder straps. Chicago Bulls graphics. This product was made in a factory that invests in gender equality and women’s empowerment. Through RISE (Reimagining Industry to Support Equality) and Gap Inc.’s program P.A.C.E. (Personal Advancement & Career Enhancement), we support people who make our clothes to build the skills, knowledge, confidence, and resilience needed to advance in work and life. Learn more <a href=""https://www.gapinc.com/en-us/values/sustainability/empowering-women/p-a-c-e-and-rise"" target=""_blank""><u>here</u></a>. #773833; We teamed up with the NBA to celebrate the league’s 75+ year history. Pairing iconic team logos with Gap classics. Made to celebrate the game, for the people who love it most. Soft cotton canvas tote bag. Shoulder straps. Chicago Bulls graphics. This product was made in a factory that invests in gender equality and women’s empowerment. Through RISE (Reimagining Industry to Support Equality) and Gap Inc.’s program P.A.C.E. (Personal Advancement & Career Enhancement), we support people who make our clothes to build the skills, knowledge, confidence, and resilience needed to advance in work and life. Learn more here. #773833 Fabric & care 100% Cotton. Machine wash. Imported. Shipping & returns Customers also viewed High Rise VintageSoft Relaxed Joggers $59.95 $47.00 20% off + extra 10% in the app VintageSoft Crop Logo Hoodie $79.95 Extra 10% off in the app High Rise VintageSoft Relaxed Joggers $59.95 $29.00 50% off + extra 10% in the app Organic Cotton VintageSoft T-Shirt $24.95 $20.00 $13 each when you buy 3+ Modern Crewneck T-Shirt $39.95 $23.00 40% off + extra 10% in the app You may also like Waxed Canvas Tote Bag $74.95 $44.00 40% off + extra 10% in the app Leather Belt $44.95 $35.00 20% off + extra 10% in the app Heart Crew Socks $15.95 $14.00 Extra 10% off in the app Waxed Canvas Tote Bag $74.95 $44.00 40% off + extra 10% in the app Drawcord Hood $39.95 $15.00 60% off + extra 10% in the app Denim Brannan Bear Baseball Hat $29.95 Extra 10% off in the app CashSoft Beanie $34.95 $13.00 60% off + extra 10% in the app Leather Belt $44.95 $35.00 20% off + extra 10% in the app AC/DC Relaxed Graphic T-Shirt $39.95 $19.00 50% off + extra 10% in the app Leather Belt $69.95 $41.00 40% off + extra 10% in the app",& care 100% Cotton. Machine wash. Imported. Shipping & returns Customers also viewed High Rise VintageSoft Relaxed Joggers $59.95 $47.00 20% off + extra 10% in the app VintageSoft Crop Logo Hoodie $79.95 Extra 10% off in the app High Rise VintageSoft Relaxed Joggers $59.95 $29.00 50% off + extra 10% in the app Organic Cotton VintageSoft T-Shirt $24.95 $20.00 $13 each when you buy 3+ Modern Crewneck T-Shirt $39.95 $23.00 40% off + extra 10% in the app You may also like Waxed Canvas Tote Bag $74.95 $44.00 40% off + extra 10% in the app Leather Belt $44.95 $35.00 20% off + extra 10% in the app Heart Crew Socks $15.95 $14.00 Extra 10% off in the app Waxed Canvas Tote Bag $74.95 $44.00 40% off + extra 10% in the app Drawcord Hood $39.95 $15.00 60% off + extra 10% in the app Denim Brannan Bear Baseball Hat $29.95 Extra 10% off in the app CashSoft Beanie $34.95 $13.00 60% off + extra 10% in the app Leather Belt $44.95 $35.00 20% off + extra 10% in the app AC/DC Relaxed Graphic T-Shirt $39.95 $19.00 50% off + extra 10% in the app Leather Belt $69.95 $41.00 40% off + extra 10% in the app,Size Guide,https://www.gap.com/webcontent/0059/239/670/cn59239670.jpg,4,2026-02-22,https://www.gap.com/browse/product.do?pid=773833002&vid=1&pcid=3046544&cid=3046544
761396022,gap,Gap,Vegan Leather Bucket Tote Bag,,62.0,69.95,,True,4.5,48,Smooth vegan leather bucket tote bag. Adjustable shoulder strap. Snap button closure. Inner pocket. Fully lined. #761396,& care 100% Synthetic Leather. Wipe clean. Imported. Shipping & returns Customers also viewed Vegan Suede Slouchy Tote Bag $69.95 $27.00 60% off + extra 10% in the app Crochet Tote Bag $69.95 $55.00 20% off + extra 10% in the app Vegan Suede Slouchy Tote Bag $69.95 $27.00 60% off + extra 10% in the app Vegan Suede Bucket Bag $74.95 $44.00 40% off + extra 10% in the app Gap Denim Logo Tote Bag $54.95 $27.00 50% off + extra 10% in the app You may also like Vegan Suede Barrel Bag $49.95 $24.00 50% off + extra 10% in the app Gap Logo Tote Bag $49.95 Extra 10% off in the app Crochet Tote Bag $69.95 $55.00 20% off + extra 10% in the app Vegan Suede Bucket Bag $74.95 $37.00 50% off + extra 10% in the app Straw Tote Bag $79.95 $63.00 20% off + extra 10% in the app Vegan Suede Barrel Bag $49.95 $19.00 60% off + extra 10% in the app Logo Tote Keychain Charm $19.95 $11.00 40% off + extra 10% in the app Crochet Tote Bag $69.95 $55.00 20% off + extra 10% in the app Logo Tote Keychain Charm $19.95 $11.00 40% off + extra 10% in the app Vegan Leather Wedge Sandals $69.95 $55.00 20% off + extra 10% in the app,Size Guide,https://www.gap.com/webcontent/0059/496/331/cn59496331.jpg,2,2026-02-22,https://www.gap.com/browse/product.do?pid=761396022&vid=1&pcid=3046544&cid=3051538
773842002,gap,Gap,NBA Golden State Warriors Logo Tote Bag,,24.97,58.0,,True,4.7,22,"Soft cotton canvas tote bag. Shoulder straps. Golden State Warriors graphics. This product was made in a factory that invests in gender equality and women’s empowerment. Through RISE (Reimagining Industry to Support Equality) and Gap Inc.’s program P.A.C.E. (Personal Advancement & Career Enhancement), we support people who make our clothes to build the skills, knowledge, confidence, and resilience needed to advance in work and life. Learn more <a href=""https://www.gapinc.com/en-us/values/sustainability/empowering-women/p-a-c-e-and-rise"" target=""_blank""><u>here</u></a>. #773842; We teamed up with the NBA to celebrate the league’s 75+ year history. Pairing iconic team logos with Gap classics. Made to celebrate the game, for the people who love it most. Soft cotton canvas tote bag. Shoulder straps. Golden State Warriors graphics. This product was made in a factory that invests in gender equality and women’s empowerment. Through RISE (Reimagining Industry to Support Equality) and Gap Inc.’s program P.A.C.E. (Personal Advancement & Career Enhancement), we support people who make our clothes to build the skills, knowledge, confidence, and resilience needed to advance in work and life. Learn more here. #773842 Fabric & care 100% Cotton. Machine wash. Imported. Shipping & returns Customers also viewed High Rise VintageSoft Relaxed Joggers $59.95 $47.00 20% off + extra 10% in the app VintageSoft Crop Logo Hoodie $79.95 Extra 10% off in the app High Rise VintageSoft Relaxed Joggers $59.95 $29.00 50% off + extra 10% in the app Organic Cotton VintageSoft T-Shirt $24.95 $20.00 $13 each when you buy 3+ Modern Crewneck T-Shirt $39.95 $23.00 40% off + extra 10% in the app You may also like Leather Belt $44.95 $35.00 20% off + extra 10% in the app Waxed Canvas Tote Bag $74.95 $44.00 40% off + extra 10% in the app Heart Crew Socks $15.95 $14.00 Extra 10% off in the app Drawcord Hood $39.95 $15.00 60% off + extra 10% in the app Waxed Canvas Tote Bag $74.95 $44.00 40% off + extra 10% in the app Drawcord Hood $39.95 $15.00 60% off + extra 10% in the app Leather Belt $44.95 $35.00 20% off + extra 10% in the app CashSoft Beanie $34.95 $13.00 60% off + extra 10% in the app Leather Belt $69.95 $41.00 40% off + extra 10% in the app CashSoft Beanie $34.95 $13.00 60% off + extra 10% in the app",& care 100% Cotton. Machine wash. Imported. Shipping & returns Customers also viewed High Rise VintageSoft Relaxed Joggers $59.95 $47.00 20% off + extra 10% in the app VintageSoft Crop Logo Hoodie $79.95 Extra 10% off in the app High Rise VintageSoft Relaxed Joggers $59.95 $29.00 50% off + extra 10% in the app Organic Cotton VintageSoft T-Shirt $24.95 $20.00 $13 each when you buy 3+ Modern Crewneck T-Shirt $39.95 $23.00 40% off + extra 10% in the app You may also like Leather Belt $44.95 $35.00 20% off + extra 10% in the app Waxed Canvas Tote Bag $74.95 $44.00 40% off + extra 10% in the app Heart Crew Socks $15.95 $14.00 Extra 10% off in the app Drawcord Hood $39.95 $15.00 60% off + extra 10% in the app Waxed Canvas Tote Bag $74.95 $44.00 40% off + extra 10% in the app Drawcord Hood $39.95 $15.00 60% off + extra 10% in the app Leather Belt $44.95 $35.00 20% off + extra 10% in the app CashSoft Beanie $34.95 $13.00 60% off + extra 10% in the app Leather Belt $69.95 $41.00 40% off + extra 10% in the app CashSoft Beanie $34.95 $13.00 60% off + extra 10% in the app,Size Guide,https://www.gap.com/webcontent/0059/239/691/cn59239691.jpg,4,2026-02-22,https://www.gap.com/browse/product.do?pid=773842002&vid=1&pcid=3046544&cid=3046544
773872002,gap,Gap,NBA Los Angeles Lakers Logo Tote Bag,,19.97,58.0,,True,5,6,"Soft cotton canvas tote bag. Shoulder straps. Los Angeles Lakers graphics. This product was made in a factory that invests in gender equality and women’s empowerment. Through RISE (Reimagining Industry to Support Equality) and Gap Inc.’s program P.A.C.E. (Personal Advancement & Career Enhancement), we support people who make our clothes to build the skills, knowledge, confidence, and resilience needed to advance in work and life. Learn more <a href=""https://www.gapinc.com/en-us/values/sustainability/empowering-women/p-a-c-e-and-rise"" target=""_blank""><u>here</u></a>. #773872; We teamed up with the NBA to celebrate the league’s 75+ year history. Pairing iconic team logos with Gap classics. Made to celebrate the game, for the people who love it most. Soft cotton canvas tote bag. Shoulder straps. Los Angeles Lakers graphics. This product was made in a factory that invests in gender equality and women’s empowerment. Through RISE (Reimagining Industry to Support Equality) and Gap Inc.’s program P.A.C.E. (Personal Advancement & Career Enhancement), we support people who make our clothes to build the skills, knowledge, confidence, and resilience needed to advance in work and life. Learn more here. #773872 Fabric & care 100% Cotton. Machine wash. Imported. Shipping & returns Customers also viewed High Rise VintageSoft Relaxed Joggers $59.95 $47.00 20% off + extra 10% in the app VintageSoft Crop Logo Hoodie $79.95 Extra 10% off in the app High Rise VintageSoft Relaxed Joggers $59.95 $29.00 50% off + extra 10% in the app Organic Cotton VintageSoft T-Shirt $24.95 $20.00 $13 each when you buy 3+ Modern Crewneck T-Shirt $39.95 $23.00 40% off + extra 10% in the app You may also like Heart Crew Socks $15.95 $14.00 Extra 10% off in the app Waxed Canvas Tote Bag $74.95 $44.00 40% off + extra 10% in the app Leather Belt $44.95 $35.00 20% off + extra 10% in the app Waxed Canvas Tote Bag $74.95 $44.00 40% off + extra 10% in the app CashSoft Beanie $34.95 $13.00 60% off + extra 10% in the app Leather Belt $44.95 $35.00 20% off + extra 10% in the app Denim Brannan Bear Baseball Hat $29.95 Extra 10% off in the app Leather Belt $69.95 $41.00 40% off + extra 10% in the app CashSoft Beanie $34.95 $13.00 60% off + extra 10% in the app Drawcord Hood $39.95 $15.00 60% off + extra 10% in the app",& care 100% Cotton. Machine wash. Imported. Shipping & returns Customers also viewed High Rise VintageSoft Relaxed Joggers $59.95 $47.00 20% off + extra 10% in the app VintageSoft Crop Logo Hoodie $79.95 Extra 10% off in the app High Rise VintageSoft Relaxed Joggers $59.95 $29.00 50% off + extra 10% in the app Organic Cotton VintageSoft T-Shirt $24.95 $20.00 $13 each when you buy 3+ Modern Crewneck T-Shirt $39.95 $23.00 40% off + extra 10% in the app You may also like Heart Crew Socks $15.95 $14.00 Extra 10% off in the app Waxed Canvas Tote Bag $74.95 $44.00 40% off + extra 10% in the app Leather Belt $44.95 $35.00 20% off + extra 10% in the app Waxed Canvas Tote Bag $74.95 $44.00 40% off + extra 10% in the app CashSoft Beanie $34.95 $13.00 60% off + extra 10% in the app Leather Belt $44.95 $35.00 20% off + extra 10% in the app Denim Brannan Bear Baseball Hat $29.95 Extra 10% off in the app Leather Belt $69.95 $41.00 40% off + extra 10% in the app CashSoft Beanie $34.95 $13.00 60% off + extra 10% in the app Drawcord Hood $39.95 $15.00 60% off + extra 10% in the app,Size Guide,https://www.gap.com/webcontent/0059/239/756/cn59239756.jpg,1,2026-02-22,https://www.gap.com/browse/product.do?pid=773872002&vid=1&pcid=3046544&cid=3046544
773847002,gap,Gap,NBA Boston Celtics Logo Tote Bag,,19.97,58.0,,True,4.7,22,"Soft cotton canvas tote bag. Shoulder straps. Boston Celtics graphics. This product was made in a factory that invests in gender equality and women’s empowerment. Through RISE (Reimagining Industry to Support Equality) and Gap Inc.’s program P.A.C.E. (Personal Advancement & Career Enhancement), we support people who make our clothes to build the skills, knowledge, confidence, and resilience needed to advance in work and life. Learn more <a href=""https://www.gapinc.com/en-us/values/sustainability/empowering-women/p-a-c-e-and-rise"" target=""_blank""><u>here</u></a>. #773847; We teamed up with the NBA to celebrate the league’s 75+ year history. Pairing iconic team logos with Gap classics. Made to celebrate the game, for the people who love it most. Soft cotton canvas tote bag. Shoulder straps. Boston Celtics graphics. This product was made in a factory that invests in gender equality and women’s empowerment. Through RISE (Reimagining Industry to Support Equality) and Gap Inc.’s program P.A.C.E. (Personal Advancement & Career Enhancement), we support people who make our clothes to build the skills, knowledge, confidence, and resilience needed to advance in work and life. Learn more here. #773847 Fabric & care 100% Cotton. Machine wash. Imported. Shipping & returns Customers also viewed High Rise VintageSoft Relaxed Joggers $59.95 $47.00 20% off + extra 10% in the app VintageSoft Crop Logo Hoodie $79.95 Extra 10% off in the app High Rise VintageSoft Relaxed Joggers $59.95 $29.00 50% off + extra 10% in the app Organic Cotton VintageSoft T-Shirt $24.95 $20.00 $13 each when you buy 3+ Modern Crewneck T-Shirt $39.95 $23.00 40% off + extra 10% in the app You may also like Leather Belt $44.95 $35.00 20% off + extra 10% in the app Waxed Canvas Tote Bag $74.95 $44.00 40% off + extra 10% in the app Heart Crew Socks $15.95 $14.00 Extra 10% off in the app Drawcord Hood $39.95 $15.00 60% off + extra 10% in the app NAP Logo Crew Socks $15.95 Extra 10% off in the app Leather Belt $44.95 $35.00 20% off + extra 10% in the app Leather Belt $69.95 $41.00 40% off + extra 10% in the app Drawcord Hood $39.95 $15.00 60% off + extra 10% in the app CashSoft Beanie $34.95 $13.00 60% off + extra 10% in the app Leather Belt $44.95 $40.00 Extra 10% off in the app",& care 100% Cotton. Machine wash. Imported. Shipping & returns Customers also viewed High Rise VintageSoft Relaxed Joggers $59.95 $47.00 20% off + extra 10% in the app VintageSoft Crop Logo Hoodie $79.95 Extra 10% off in the app High Rise VintageSoft Relaxed Joggers $59.95 $29.00 50% off + extra 10% in the app Organic Cotton VintageSoft T-Shirt $24.95 $20.00 $13 each when you buy 3+ Modern Crewneck T-Shirt $39.95 $23.00 40% off + extra 10% in the app You may also like Leather Belt $44.95 $35.00 20% off + extra 10% in the app Waxed Canvas Tote Bag $74.95 $44.00 40% off + extra 10% in the app Heart Crew Socks $15.95 $14.00 Extra 10% off in the app Drawcord Hood $39.95 $15.00 60% off + extra 10% in the app NAP Logo Crew Socks $15.95 Extra 10% off in the app Leather Belt $44.95 $35.00 20% off + extra 10% in the app Leather Belt $69.95 $41.00 40% off + extra 10% in the app Drawcord Hood $39.95 $15.00 60% off + extra 10% in the app CashSoft Beanie $34.95 $13.00 60% off + extra 10% in the app Leather Belt $44.95 $40.00 Extra 10% off in the app,Size Guide,https://www.gap.com/webcontent/0059/239/699/cn59239699.jpg,4,2026-02-22,https://www.gap.com/browse/product.do?pid=773847002&vid=1&pcid=3046544&cid=3046544
773841002,gap,Gap,NBA Miami Heat Logo Tote Bag,,16.97,58.0,,True,4.7,22,"Soft cotton canvas tote bag. Shoulder straps. Miami Heat graphics. This product was made in a factory that invests in gender equality and women’s empowerment. Through RISE (Reimagining Industry to Support Equality) and Gap Inc.’s program P.A.C.E. (Personal Advancement & Career Enhancement), we support people who make our clothes to build the skills, knowledge, confidence, and resilience needed to advance in work and life. Learn more <a href=""https://www.gapinc.com/en-us/values/sustainability/empowering-women/p-a-c-e-and-rise"" target=""_blank""><u>here</u></a>. #773841; We teamed up with the NBA to celebrate the league’s 75+ year history. Pairing iconic team logos with Gap classics. Made to celebrate the game, for the people who love it most. Soft cotton canvas tote bag. Shoulder straps. Miami Heat graphics. This product was made in a factory that invests in gender equality and women’s empowerment. Through RISE (Reimagining Industry to Support Equality) and Gap Inc.’s program P.A.C.E. (Personal Advancement & Career Enhancement), we support people who make our clothes to build the skills, knowledge, confidence, and resilience needed to advance in work and life. Learn more here. #773841 Fabric & care 100% Cotton. Machine wash. Imported. Shipping & returns Customers also viewed High Rise VintageSoft Relaxed Joggers $59.95 $47.00 20% off + extra 10% in the app VintageSoft Crop Logo Hoodie $79.95 Extra 10% off in the app High Rise VintageSoft Relaxed Joggers $59.95 $29.00 50% off + extra 10% in the app Organic Cotton VintageSoft T-Shirt $24.95 $20.00 $13 each when you buy 3+ Modern Crewneck T-Shirt $39.95 $23.00 40% off + extra 10% in the app You may also like Heart Crew Socks $15.95 $14.00 Extra 10% off in the app Leather Belt $44.95 $35.00 20% off + extra 10% in the app Sherpa Oversized Half-Zip Pullover $89.95 $44.00 50% off + extra 10% in the app Waxed Canvas Tote Bag $74.95 $44.00 40% off + extra 10% in the app Brannan Bear Beanie $39.95 $15.00 60% off + extra 10% in the app Leather Belt $44.95 $35.00 20% off + extra 10% in the app Drawcord Hood $39.95 $15.00 60% off + extra 10% in the app CashSoft Beanie $34.95 $13.00 60% off + extra 10% in the app Leather Belt $69.95 $41.00 40% off + extra 10% in the app De La Soul Relaxed Graphic T-Shirt $39.95 $23.00 40% off + extra 10% in the app",& care 100% Cotton. Machine wash. Imported. Shipping & returns Customers also viewed High Rise VintageSoft Relaxed Joggers $59.95 $47.00 20% off + extra 10% in the app VintageSoft Crop Logo Hoodie $79.95 Extra 10% off in the app High Rise VintageSoft Relaxed Joggers $59.95 $29.00 50% off + extra 10% in the app Organic Cotton VintageSoft T-Shirt $24.95 $20.00 $13 each when you buy 3+ Modern Crewneck T-Shirt $39.95 $23.00 40% off + extra 10% in the app You may also like Heart Crew Socks $15.95 $14.00 Extra 10% off in the app Leather Belt $44.95 $35.00 20% off + extra 10% in the app Sherpa Oversized Half-Zip Pullover $89.95 $44.00 50% off + extra 10% in the app Waxed Canvas Tote Bag $74.95 $44.00 40% off + extra 10% in the app Brannan Bear Beanie $39.95 $15.00 60% off + extra 10% in the app Leather Belt $44.95 $35.00 20% off + extra 10% in the app Drawcord Hood $39.95 $15.00 60% off + extra 10% in the app CashSoft Beanie $34.95 $13.00 60% off + extra 10% in the app Leather Belt $69.95 $41.00 40% off + extra 10% in the app De La Soul Relaxed Graphic T-Shirt $39.95 $23.00 40% off + extra 10% in the app,Size Guide,https://www.gap.com/webcontent/0059/239/682/cn59239682.jpg,4,2026-02-22,https://www.gap.com/browse/product.do?pid=773841002&vid=1&pcid=3046544&cid=3046544
774993032,gap,Gap,Kids Sherpa Bear Bag,,24.97,34.95,,True,4.5,88,Soft sherpa bear bag with shoulder strap. Zipper at top. #774993,& care 100% Polyester. Wipe clean. Imported. Shipping & returns Customers also viewed High Rise VintageSoft Relaxed Joggers $59.95 $47.00 20% off + extra 10% in the app VintageSoft Crop Logo Hoodie $79.95 Extra 10% off in the app High Rise VintageSoft Relaxed Joggers $59.95 $29.00 50% off + extra 10% in the app Organic Cotton VintageSoft T-Shirt $24.95 $20.00 $13 each when you buy 3+ Modern Crewneck T-Shirt $39.95 $23.00 40% off + extra 10% in the app You may also like Classic T-Shirt $19.95 $15.00 20% off + extra 10% in the app Modern Crewneck T-Shirt $24.95 $9.00 60% off + extra 10% in the app Adult VintageSoft Relaxed Hoodie $59.95 $41.00 30% off + extra 10% in the app VintageSoft Raglan Sweatshirt $59.95 $29.00 50% off + extra 10% in the app CashSoft Boot Sweater Pants $69.95 $41.00 40% off + extra 10% in the app CashSoft Boot Sweater Pants $69.95 $41.00 40% off + extra 10% in the app Modern Tank Top $19.95 $11.00 40% off + extra 10% in the app Organic Cotton VintageSoft T-Shirt $24.95 $20.00 $13 each when you buy 3+ Modern Crewneck T-Shirt $39.95 $23.00 40% off + extra 10% in the app Easy Wide-Leg Pants $89.95 Extra 10% off in the app,Size Guide,https://www.gap.com/webcontent/0054/085/051/cn54085051.jpg,4,2026-02-22,https://www.gap.com/browse/product.do?pid=774993032&vid=1&pcid=3046567&cid=3046567
789158002,gap,Gap,Vegan Suede Barrel Bag,,19.0,49.95,,True,4.2,18,Soft vegan suede barrel bag. Zipper at top. Shoulder strap. #789158,& care Polyester 100% Spot clean. Imported. Shipping & returns Customers also viewed Vegan Suede Bucket Bag $74.95 $59.00 20% off + extra 10% in the app Vegan Suede Slouchy Tote Bag $69.95 $27.00 60% off + extra 10% in the app Vegan Suede Bucket Bag $74.95 $67.00 Extra 10% off in the app Vegan Leather Bucket Tote Bag $69.95 $62.00 Extra 10% off in the app Vegan Suede Bucket Bag $74.95 $44.00 40% off + extra 10% in the app You may also like Vegan Suede Bucket Bag $74.95 $37.00 50% off + extra 10% in the app Gap Denim Logo Tote Bag $54.95 $27.00 50% off + extra 10% in the app Logo Tote Keychain Charm $19.95 $15.00 20% off + extra 10% in the app Gap Logo Tote Bag $49.95 Extra 10% off in the app CloseKnit Jersey Mockneck T-Shirt $34.95 $13.00 60% off + extra 10% in the app Vegan Leather Riding Boots $110.00 $44.00 60% off + extra 10% in the app Denim Tote Bag $59.95 $47.00 20% off + extra 10% in the app Vegan Leather Lug Sole Tall Boots $118.00 $47.00 60% off + extra 10% in the app Vegan Leather Bucket Tote Bag $69.95 $55.00 20% off + extra 10% in the app Brannan Bear Hoodie Keychain Charm $19.95 $17.00 Extra 10% off in the app,Size Guide,https://www.gap.com/webcontent/0059/698/746/cn59698746.jpg,3,2026-02-22,https://www.gap.com/browse/product.do?pid=789158002&vid=1&pcid=3046544&cid=3046544
774993002,gap,Gap,Kids Sherpa Bear Bag,,24.97,34.95,,True,4.5,88,Soft sherpa bear bag with shoulder strap. Zipper at top. #774993,& care 100% Polyester. Wipe clean. Imported. Shipping & returns Customers also viewed High Rise VintageSoft Relaxed Joggers $59.95 $47.00 20% off + extra 10% in the app VintageSoft Crop Logo Hoodie $79.95 Extra 10% off in the app High Rise VintageSoft Relaxed Joggers $59.95 $29.00 50% off + extra 10% in the app Organic Cotton VintageSoft T-Shirt $24.95 $20.00 $13 each when you buy 3+ Modern Crewneck T-Shirt $39.95 $23.00 40% off + extra 10% in the app You may also like Classic T-Shirt $19.95 $15.00 20% off + extra 10% in the app Modern Crewneck T-Shirt $24.95 $9.00 60% off + extra 10% in the app Adult VintageSoft Relaxed Hoodie $59.95 $41.00 30% off + extra 10% in the app VintageSoft Raglan Sweatshirt $59.95 $29.00 50% off + extra 10% in the app CashSoft Boot Sweater Pants $69.95 $41.00 40% off + extra 10% in the app CashSoft Boot Sweater Pants $69.95 $41.00 40% off + extra 10% in the app Modern Tank Top $19.95 $11.00 40% off + extra 10% in the app Organic Cotton VintageSoft T-Shirt $24.95 $20.00 $13 each when you buy 3+ Modern Crewneck T-Shirt $39.95 $23.00 40% off + extra 10% in the app Easy Wide-Leg Pants $89.95 Extra 10% off in the app,Size Guide,https://www.gap.com/webcontent/0053/752/022/cn53752022.jpg,4,2026-02-22,https://www.gap.com/browse/product.do?pid=774993002&vid=1&pcid=3046567&cid=3046567
774993012,gap,Gap,Kids Sherpa Bear Bag,,24.97,34.95,,True,4.5,88,Soft sherpa bear bag with shoulder strap. Zipper at top. #774993,& care 100% Polyester. Wipe clean. Imported. Shipping & returns Customers also viewed High Rise VintageSoft Relaxed Joggers $59.95 $47.00 20% off + extra 10% in the app VintageSoft Crop Logo Hoodie $79.95 Extra 10% off in the app High Rise VintageSoft Relaxed Joggers $59.95 $29.00 50% off + extra 10% in the app Organic Cotton VintageSoft T-Shirt $24.95 $20.00 $13 each when you buy 3+ Modern Crewneck T-Shirt $39.95 $23.00 40% off + extra 10% in the app You may also like Classic T-Shirt $19.95 $15.00 20% off + extra 10% in the app Modern Crewneck T-Shirt $24.95 $9.00 60% off + extra 10% in the app Adult VintageSoft Relaxed Hoodie $59.95 $41.00 30% off + extra 10% in the app VintageSoft Raglan Sweatshirt $59.95 $29.00 50% off + extra 10% in the app CashSoft Boot Sweater Pants $69.95 $41.00 40% off + extra 10% in the app CashSoft Boot Sweater Pants $69.95 $41.00 40% off + extra 10% in the app Modern Tank Top $19.95 $11.00 40% off + extra 10% in the app Organic Cotton VintageSoft T-Shirt $24.95 $20.00 $13 each when you buy 3+ Modern Crewneck T-Shirt $39.95 $23.00 40% off + extra 10% in the app Easy Wide-Leg Pants $89.95 Extra 10% off in the app,Size Guide,https://www.gap.com/webcontent/0054/083/719/cn54083719.jpg,4,2026-02-22,https://www.gap.com/browse/product.do?pid=774993012&vid=1&pcid=3046567&cid=3046567
789158022,gap,Gap,Vegan Suede Barrel Bag,,39.0,49.95,,True,4.2,18,Soft vegan suede barrel bag. Zipper at top. Shoulder strap. #789158,& care Polyester 100% Spot clean. Imported. Shipping & returns Customers also viewed Vegan Suede Bucket Bag $74.95 $59.00 20% off + extra 10% in the app Vegan Suede Slouchy Tote Bag $69.95 $27.00 60% off + extra 10% in the app Vegan Suede Bucket Bag $74.95 $67.00 Extra 10% off in the app Vegan Leather Bucket Tote Bag $69.95 $55.00 20% off + extra 10% in the app Vegan Suede Bucket Bag $74.95 $44.00 40% off + extra 10% in the app You may also like Vegan Suede Slouchy Tote Bag $69.95 $34.00 50% off + extra 10% in the app Denim Tote Bag $59.95 $47.00 20% off + extra 10% in the app Vegan Suede Slouchy Tote Bag $69.95 $27.00 60% off + extra 10% in the app Gap Logo Tote Bag $49.95 Extra 10% off in the app Gap Logo Tote Bag $59.95 $35.00 40% off + extra 10% in the app Logo Tote Keychain Charm $19.95 $11.00 40% off + extra 10% in the app Gap Logo Tote Bag $54.95 $32.00 40% off + extra 10% in the app Gap Denim Logo Tote Bag $54.95 $27.00 50% off + extra 10% in the app Brannan Bear Sleep Keychain Charm $19.95 $11.00 40% off + extra 10% in the app CloseKnit Jersey Mockneck T-Shirt $34.95 $13.00 60% off + extra 10% in the app,Size Guide,https://www.gap.com/webcontent/0059/985/804/cn59985804.jpg,3,2026-02-22,https://www.gap.com/browse/product.do?pid=789158022&vid=1&pcid=3046544&cid=3051538
774993022,gap,Gap,Kids Sherpa Bear Bag,,24.97,34.95,,True,4.5,88,Soft sherpa bear bag with shoulder strap. Zipper at top. #774993,& care 100% Polyester. Wipe clean. Imported. Shipping & returns Customers also viewed High Rise VintageSoft Relaxed Joggers $59.95 $47.00 20% off + extra 10% in the app VintageSoft Crop Logo Hoodie $79.95 Extra 10% off in the app High Rise VintageSoft Relaxed Joggers $59.95 $29.00 50% off + extra 10% in the app Organic Cotton VintageSoft T-Shirt $24.95 $20.00 $13 each when you buy 3+ Modern Crewneck T-Shirt $39.95 $23.00 40% off + extra 10% in the app You may also like Classic T-Shirt $19.95 $15.00 20% off + extra 10% in the app Modern Crewneck T-Shirt $24.95 $9.00 60% off + extra 10% in the app Adult VintageSoft Relaxed Hoodie $59.95 $41.00 30% off + extra 10% in the app VintageSoft Raglan Sweatshirt $59.95 $29.00 50% off + extra 10% in the app CashSoft Boot Sweater Pants $69.95 $41.00 40% off + extra 10% in the app CashSoft Boot Sweater Pants $69.95 $41.00 40% off + extra 10% in the app Modern Tank Top $19.95 $11.00 40% off + extra 10% in the app Organic Cotton VintageSoft T-Shirt $24.95 $20.00 $13 each when you buy 3+ Modern Crewneck T-Shirt $39.95 $23.00 40% off + extra 10% in the app Easy Wide-Leg Pants $89.95 Extra 10% off in the app,Size Guide,https://www.gap.com/webcontent/0054/084/503/cn54084503.jpg,4,2026-02-22,https://www.gap.com/browse/product.do?pid=774993022&vid=1&pcid=3046567&cid=3046567
820443012,gap,Gap,Kids Quilted Weekender Bag,,27.0,69.95,,True,3.4,15,Soft quilted weekender bag. Shoulder strap and handles at top. Zipper closure. Pockets at front. Allover leopard or floral prints. #820443,& care 100% Polyester. Spot clean. Imported. Shipping & returns Customers also viewed Kids Quilted Weekender Bag $69.95 $41.00 40% off + extra 10% in the app Kids Quilted Brannan Bear Weekender Bag $69.95 $27.00 60% off + extra 10% in the app Kids Faux Fur Backpack $39.95 $15.00 60% off + extra 10% in the app Kids Hello Kitty Duffle Bag $89.95 $53.00 40% off + extra 10% in the app Kids Shimmer Straw Backpack $39.95 $23.00 40% off + extra 10% in the app You may also like Kids Quilted Pouch $34.95 $20.00 40% off + extra 10% in the app Kids Quilted Weekender Bag $69.95 $34.00 50% off + extra 10% in the app Kids Quilted Colorblock Duffel Bag $69.95 $34.00 50% off + extra 10% in the app Kids CashSoft Convertible Mittens $24.95 $9.00 60% off + extra 10% in the app Kids CashSoft Leopard Beanie $29.95 $11.00 60% off + extra 10% in the app Kids VintageSoft Baggy Sweatpants $39.95 $23.00 40% off + extra 10% in the app Kids Puffer Jacket $108.00 $54.00 50% off + extra 10% in the app Kids Faux Fur Backpack $39.95 $15.00 60% off + extra 10% in the app Kids Puffer Jacket $108.00 $54.00 50% off + extra 10% in the app Kids Oversized Quilted Zip Jacket $64.95 $38.00 40% off + extra 10% in the app,Size Guide,https://www.gap.com/webcontent/0060/366/819/cn60366819.jpg,1,2026-02-22,https://www.gap.com/browse/product.do?pid=820443012&vid=1&pcid=3046567&cid=3046567
789158012,gap,Gap,Vegan Suede Barrel Bag,,24.0,49.95,,True,4.2,18,Soft vegan suede barrel bag. Zipper at top. Shoulder strap. #789158,& care Polyester 100% Spot clean. Imported. Shipping & returns Customers also viewed Vegan Suede Bucket Bag $74.95 $59.00 20% off + extra 10% in the app Denim Stripe Tote Bag $54.95 Extra 10% off in the app Vegan Suede Bucket Bag $74.95 $37.00 50% off + extra 10% in the app Vegan Suede Bucket Bag $74.95 $44.00 40% off + extra 10% in the app Gap Logo Tote Bag $59.95 $35.00 40% off + extra 10% in the app You may also like Vegan Leather Bucket Tote Bag $69.95 $62.00 Extra 10% off in the app Vegan Suede Slouchy Tote Bag $69.95 $27.00 60% off + extra 10% in the app Vegan Leather Bucket Tote Bag $69.95 $55.00 20% off + extra 10% in the app Vegan Suede Slouchy Tote Bag $69.95 $27.00 60% off + extra 10% in the app Gap Denim Logo Tote Bag $54.95 $27.00 50% off + extra 10% in the app Gap Logo Tote Bag $54.95 $43.00 20% off + extra 10% in the app Gap Logo Tote Bag $49.95 Extra 10% off in the app Denim Tote Bag $59.95 $47.00 20% off + extra 10% in the app Gap Logo Tote Bag $54.95 $32.00 40% off + extra 10% in the app Brannan Bear Hoodie Keychain Charm $19.95 $17.00 Extra 10% off in the app,Size Guide,https://www.gap.com/webcontent/0059/702/480/cn59702480.jpg,3,2026-02-22,https://www.gap.com/browse/product.do?pid=789158012&vid=1&pcid=3046544&cid=3051538
820257002,gap,Gap,Kids Athletic Logo Duffel Bag,,27.0,69.95,,True,5,1,"Smooth woven twill kids duffel bag. Adjustable, removable shoulder strap. Handles at top, zip top closure. Exterior and interior patch pockets. Gap Athletic logo with Varsity-style ""G"" and stripe detail at handles. #820257",& care 100% Polyester. Wipe clean. Imported. Shipping & returns Customers also viewed Kids Camo Duffel Bag $69.95 $34.00 50% off + extra 10% in the app Kids Corduroy Sneakers $49.95 $19.00 60% off + extra 10% in the app Kids Camo Webbed Belt $24.95 $9.00 60% off + extra 10% in the app Kids Nylon Sneakers $49.95 $19.00 60% off + extra 10% in the app Kids Sports Sunglasses $19.95 $7.00 60% off + extra 10% in the app You may also like Kids Recycled Round Sunglasses $19.95 $7.00 60% off + extra 10% in the app Kids Classic Sneakers $44.95 $26.00 40% off + extra 10% in the app Kids French Terry Beanie $19.95 $11.00 40% off + extra 10% in the app Kids Minecraft Beanie $34.95 $13.00 60% off + extra 10% in the app Kids Camo Trucker Hat $19.95 $7.00 60% off + extra 10% in the app Kids Vintage Soft Logo Zip Hoodie $54.95 $32.00 40% off + extra 10% in the app Kids VintageSoft Logo Hoodie $49.95 $29.00 40% off + extra 10% in the app Kids Organic Cotton Gap Arch Logo Baseball Hat $19.95 $7.00 60% off + extra 10% in the app Kids VintageSoft Logo Hoodie $49.95 $29.00 40% off + extra 10% in the app Kids Organic Cotton Baseball Hat $19.95 $7.00 60% off + extra 10% in the app,Size Guide,https://www.gap.com/webcontent/0059/961/236/cn59961236.jpg,1,2026-02-22,https://www.gap.com/browse/product.do?pid=820257002&vid=1&pcid=3046590&cid=3046590
820258002,gap,Gap,Kids Camo Duffel Bag,,34.0,69.95,,True,4.7,6,"Smooth woven kids duffel bag. Adjustable, removable shoulder strap. Handles at top, zip top closure. Exterior and interior patch pockets. Allover camouflage print. #820258",& care 100% Polyester. Wipe clean. Imported. Shipping & returns Customers also viewed Kids Athletic Logo Duffel Bag $69.95 $27.00 60% off + extra 10% in the app Kids Camo Webbed Belt $24.95 $9.00 60% off + extra 10% in the app Kids Corduroy Sneakers $49.95 $19.00 60% off + extra 10% in the app Kids Minecraft Beanie $34.95 $13.00 60% off + extra 10% in the app Kids Nylon Sneakers $49.95 $19.00 60% off + extra 10% in the app You may also like Kids High-Top Sneakers $49.95 $19.00 60% off + extra 10% in the app Kids French Terry Beanie $19.95 $11.00 40% off + extra 10% in the app Kids Classic Sneakers $44.95 $26.00 40% off + extra 10% in the app Kids Camo Trucker Hat $19.95 $7.00 60% off + extra 10% in the app Kids Boat Shoes $54.95 $27.00 50% off + extra 10% in the app Kids Recycled Lightweight PrimaLoft® Puffer Jacket $79.95 $59.99 Kids Quick-Dry Utility Easy Pants $49.95 $24.00 50% off + extra 10% in the app Kids VintageSoft Logo Hoodie $49.95 $29.00 40% off + extra 10% in the app Kids Relaxed Performance Pants $44.95 $26.00 40% off + extra 10% in the app Kids VintageSoft Logo Hoodie $49.95 $29.00 40% off + extra 10% in the app,Size Guide,https://www.gap.com/webcontent/0059/960/977/cn59960977.jpg,1,2026-02-22,https://www.gap.com/browse/product.do?pid=820258002&vid=1&pcid=3046590&cid=3046590
823339012,gap,Gap,Vegan Pebble Leather Slouchy Crossbody Bag,,54.99,64.95,,True,4.6,,This slouchy crossbody bag is made with a vegan pebble leather upper. Adjustable shoulder strap. Zipper closure. Inner patch pocket. #823339,"& care Vegan Leather 100% Wipe clean. Imported. Shipping & returns Customers also viewed Team USA Oversized Crop Sweatshirt $78.00 $54.00 30% off + extra 10% in the app GapStudio Poplin Belted Maxi Shirtdress $178.00 $54.97 Final sale + extra 50% off at checkout Robert Indiana LOVE Poplin PJ Shirt $58.00 $46.00 20% off + extra 10% in the app Robert Indiana LOVE Crew Socks $14.00 $11.00 20% off + extra 10% in the app GapStudio Low Rise Boot Trousers $128.00 $74.97 Final sale + extra 50% off at checkout Robert Indiana Love Denim Bag $34.00 $27.00 20% off + extra 10% in the app Robert Indiana VintageSoft LOVE Sweatshirt $78.00 $62.00 20% off + extra 10% in the app GapStudio Rib T-Shirt $88.00 $44.97 Final sale + extra 50% off at checkout GapStudio Low Rise Corduroy Wide-Leg Pants $128.00 $104.97 Final sale + extra 50% off at checkout GapStudio Tailored Blazer Dress $248.00 $119.97 Final sale + extra 50% off at checkout GapStudio Sheer Bow Shirt $118.00 $74.97 Final sale + extra 50% off at checkout GapStudio Satin Midi Dress $118.00 $84.97 Final sale + extra 50% off at checkout GapStudio Vegan Patent Leather Mini Dress $148.00 $69.97 Final sale + extra 50% off at checkout Adult Team USA Oversized Anorak $118.00 $82.00 30% off + extra 10% in the app GapStudio Low Rise Denim Tweed Loose Jeans $128.00 $89.97 Final sale + extra 50% off at checkout The Biggest Little Sale: 40% off all kids’ & baby styles + more See It First Enter your email address Join Privacy Policy Customer Support Customer Service Buy Online. Pick Up In-Store. Store Locator GapCash GiftCards Gap Good Rewards Join Gap Good Rewards Apply for a Credit Card My Rewards & Benefits Pay Credit Card Bill Learn More About Us Our Values Careers Get the App Sign up for Text Messages Join Our Creator Community © 2026 The Gap, Inc. | Privacy Policy | Your Privacy Choices | Your California Privacy Rights | California Transparency in Supply Chains Act | Terms of Use | Careers | Sustainability | About Gap Inc. Americans with Disabilities Act | Gap Inc. Policies Feedback",Size Guide,https://www.gap.com/webcontent/0061/292/150/cn61292150.jpg,2,2026-02-22,https://www.gap.com/browse/product.do?pid=823339012&vid=1&pcid=3046544&cid=3046544
820468002,gap,Gap,Kids Quilted Colorblock Duffel Bag,,34.0,69.95,,True,5,10,"Soft, quilted cotton-blend duffel bag. Adjustable, removable shoulder strap. Handles at top, zip top closure. Exterior and interior patch pockets. Colorblock design. Fully lined. #820468","& care Outer: 70% Cotton, 30% Nylon. Lining: 100% Polyester. Wipe clean. Imported. Shipping & returns Customers also viewed Kids Quilted Weekender Bag $69.95 $34.00 50% off + extra 10% in the app Kids Hello Kitty Duffle Bag $89.95 $53.00 40% off + extra 10% in the app Kids Quilted Weekender Bag $69.95 $41.00 40% off + extra 10% in the app Kids Bow Logo Crossbody Bag $34.95 $13.00 60% off + extra 10% in the app Kids Slouchy Varsity Quarter Crew Socks (7-Pack) $24.95 $14.00 40% off + extra 10% in the app You may also like Kids Quilted Brannan Bear Weekender Bag $69.95 $27.00 60% off + extra 10% in the app Kids Quilted Weekender Bag $69.95 $27.00 60% off + extra 10% in the app Kids Quilted Pouch $34.95 $20.00 40% off + extra 10% in the app Kids Faux Fur Backpack $39.95 $15.00 60% off + extra 10% in the app Kids Shimmer Straw Backpack $39.95 $23.00 40% off + extra 10% in the app Kids Recycled Lightweight Quilted Puffer Jacket $79.95 $39.00 50% off + extra 10% in the app Kids Oversized Quilted Zip Jacket $64.95 $38.00 40% off + extra 10% in the app Kids Recycled Lightweight Quilted Puffer Jacket $79.95 $39.00 50% off + extra 10% in the app Kids Puffer Jacket $108.00 $54.00 50% off + extra 10% in the app Kids Recycled Lightweight Quilted Puffer Jacket $79.95 $39.00 50% off + extra 10% in the app",Size Guide,https://www.gap.com/webcontent/0059/961/248/cn59961248.jpg,1,2026-02-22,https://www.gap.com/browse/product.do?pid=820468002&vid=1&pcid=3046567&cid=3046567
830127022,gap,Gap,Brannan Bear Hoodie Keychain Charm,,11.0,19.95,,True,4.9,32,"This keychain charm is made of soft knit and faux fur with a metal key ring. Embroidered bear detail and Gap logo at front. This product was made in a factory that invests in gender equity and women’s empowerment through RISE. Learn more at <a href="" https://www.gapinc.com/en-us/impact/bridging-the-equity-gap/p-a-c-e-and-rise""><u>gapinc.com/equity </u></a>. Product #830127; This keychain charm is made of soft knit and faux fur with a metal key ring. Embroidered bear detail and Gap logo at front. This product was made in a factory that invests in gender equity and women’s empowerment through RISE. Learn more at gapinc.com/equity . Product #830127 Fabric & care Bear: 100% Polyester. Wipe clean. Imported. Shipping & returns Customers also viewed Gap Logo Tote Bag $54.95 $32.00 40% off + extra 10% in the app Logo Tote Keychain Charm $19.95 $11.00 40% off + extra 10% in the app Gap Logo Tote Bag $54.95 $43.00 20% off + extra 10% in the app Logo Tote Keychain Charm $19.95 $11.00 40% off + extra 10% in the app Gap Logo Tote Bag $54.95 $32.00 40% off + extra 10% in the app You may also like Brannan Bear Sleep Keychain Charm $19.95 $11.00 40% off + extra 10% in the app Gap Logo Tote Bag $54.95 $43.00 20% off + extra 10% in the app Logo Tote Keychain Charm $19.95 $15.00 20% off + extra 10% in the app Brannan Bear Nap Hoodie Keychain Charm $19.95 $11.00 40% off + extra 10% in the app Logo Hoodie Keychain Charm $14.95 $7.00 50% off + extra 10% in the app Logo Tote Keychain Charm $19.95 $11.00 40% off + extra 10% in the app Brannan Bear Sweater Keychain Charm $19.95 $11.00 40% off + extra 10% in the app Logo Tote Keychain Charm $19.95 $11.00 40% off + extra 10% in the app Gap Logo Tote Bag $59.95 Extra 10% off in the app Logo Hoodie Keychain Charm $14.95 $7.00 50% off + extra 10% in the app",& care Bear: 100% Polyester. Wipe clean. Imported. Shipping & returns Customers also viewed Gap Logo Tote Bag $54.95 $32.00 40% off + extra 10% in the app Logo Tote Keychain Charm $19.95 $11.00 40% off + extra 10% in the app Gap Logo Tote Bag $54.95 $43.00 20% off + extra 10% in the app Logo Tote Keychain Charm $19.95 $11.00 40% off + extra 10% in the app Gap Logo Tote Bag $54.95 $32.00 40% off + extra 10% in the app You may also like Brannan Bear Sleep Keychain Charm $19.95 $11.00 40% off + extra 10% in the app Gap Logo Tote Bag $54.95 $43.00 20% off + extra 10% in the app Logo Tote Keychain Charm $19.95 $15.00 20% off + extra 10% in the app Brannan Bear Nap Hoodie Keychain Charm $19.95 $11.00 40% off + extra 10% in the app Logo Hoodie Keychain Charm $14.95 $7.00 50% off + extra 10% in the app Logo Tote Keychain Charm $19.95 $11.00 40% off + extra 10% in the app Brannan Bear Sweater Keychain Charm $19.95 $11.00 40% off + extra 10% in the app Logo Tote Keychain Charm $19.95 $11.00 40% off + extra 10% in the app Gap Logo Tote Bag $59.95 Extra 10% off in the app Logo Hoodie Keychain Charm $14.95 $7.00 50% off + extra 10% in the app,Size Guide,https://www.gap.com/webcontent/0060/416/055/cn60416055.jpg,3,2026-02-22,https://www.gap.com/browse/product.do?pid=830127022&vid=1&pcid=3046544&cid=3046544
830127002,gap,Gap,Brannan Bear Hoodie Keychain Charm,,17.0,19.95,,True,4.9,32,"This keychain charm is made of soft knit and faux fur with a metal key ring. Embroidered bear detail and Gap logo at front. This product was made in a factory that invests in gender equity and women’s empowerment through RISE. Learn more at <a href="" https://www.gapinc.com/en-us/impact/bridging-the-equity-gap/p-a-c-e-and-rise""><u>gapinc.com/equity </u></a>. Product #830127; This keychain charm is made of soft knit and faux fur with a metal key ring. Embroidered bear detail and Gap logo at front. This product was made in a factory that invests in gender equity and women’s empowerment through RISE. Learn more at gapinc.com/equity . Product #830127 Fabric & care Bear: 100% Polyester. Wipe clean. Imported. Shipping & returns Customers also viewed Logo Tote Keychain Charm $19.95 $15.00 20% off + extra 10% in the app Brannan Bear Scarf Keychain Charm $19.95 $9.00 50% off + extra 10% in the app Logo Hoodie Keychain Charm $14.95 $7.00 50% off + extra 10% in the app Gap Logo Tote Bag $54.95 $43.00 20% off + extra 10% in the app Logo Tote Keychain Charm $19.95 $11.00 40% off + extra 10% in the app You may also like Brannan Bear Sleep Keychain Charm $19.95 $11.00 40% off + extra 10% in the app Brannan Bear Sweater Keychain Charm $19.95 $11.00 40% off + extra 10% in the app Logo Tote Keychain Charm $19.95 $11.00 40% off + extra 10% in the app Gap Logo Tote Bag $54.95 $43.00 20% off + extra 10% in the app Brannan Bear Denim Jacket Keychain Charm $19.95 $13.00 30% off + extra 10% in the app Gap Logo Tote Bag $54.95 $43.00 20% off + extra 10% in the app Brannan Bear Nap Hoodie Keychain Charm $19.95 $11.00 40% off + extra 10% in the app Gap Logo Tote Bag $54.95 $32.00 40% off + extra 10% in the app Gap Jeans Keychain Charm $19.95 $11.00 40% off + extra 10% in the app Gap Logo Tote Bag $54.95 $32.00 40% off + extra 10% in the app",& care Bear: 100% Polyester. Wipe clean. Imported. Shipping & returns Customers also viewed Logo Tote Keychain Charm $19.95 $15.00 20% off + extra 10% in the app Brannan Bear Scarf Keychain Charm $19.95 $9.00 50% off + extra 10% in the app Logo Hoodie Keychain Charm $14.95 $7.00 50% off + extra 10% in the app Gap Logo Tote Bag $54.95 $43.00 20% off + extra 10% in the app Logo Tote Keychain Charm $19.95 $11.00 40% off + extra 10% in the app You may also like Brannan Bear Sleep Keychain Charm $19.95 $11.00 40% off + extra 10% in the app Brannan Bear Sweater Keychain Charm $19.95 $11.00 40% off + extra 10% in the app Logo Tote Keychain Charm $19.95 $11.00 40% off + extra 10% in the app Gap Logo Tote Bag $54.95 $43.00 20% off + extra 10% in the app Brannan Bear Denim Jacket Keychain Charm $19.95 $13.00 30% off + extra 10% in the app Gap Logo Tote Bag $54.95 $43.00 20% off + extra 10% in the app Brannan Bear Nap Hoodie Keychain Charm $19.95 $11.00 40% off + extra 10% in the app Gap Logo Tote Bag $54.95 $32.00 40% off + extra 10% in the app Gap Jeans Keychain Charm $19.95 $11.00 40% off + extra 10% in the app Gap Logo Tote Bag $54.95 $32.00 40% off + extra 10% in the app,Size Guide,https://www.gap.com/webcontent/0060/625/996/cn60625996.jpg,3,2026-02-22,https://www.gap.com/browse/product.do?pid=830127002&vid=1&pcid=3046544&cid=3046544
830127012,gap,Gap,Brannan Bear Hoodie Keychain Charm,,11.0,19.95,,True,4.9,32,"This keychain charm is made of soft knit and faux fur with a metal key ring. Embroidered bear detail and Gap logo at front. This product was made in a factory that invests in gender equity and women’s empowerment through RISE. Learn more at <a href="" https://www.gapinc.com/en-us/impact/bridging-the-equity-gap/p-a-c-e-and-rise""><u>gapinc.com/equity </u></a>. Product #830127; This keychain charm is made of soft knit and faux fur with a metal key ring. Embroidered bear detail and Gap logo at front. This product was made in a factory that invests in gender equity and women’s empowerment through RISE. Learn more at gapinc.com/equity . Product #830127 Fabric & care Bear: 100% Polyester. Wipe clean. Imported. Shipping & returns Customers also viewed Logo Tote Keychain Charm $19.95 $11.00 40% off + extra 10% in the app Gap Logo Tote Bag $54.95 $43.00 20% off + extra 10% in the app Logo Tote Keychain Charm $19.95 $15.00 20% off + extra 10% in the app Gap Logo Tote Bag $54.95 $32.00 40% off + extra 10% in the app Logo Hoodie Keychain Charm $14.95 $7.00 50% off + extra 10% in the app You may also like Brannan Bear Sleep Keychain Charm $19.95 $11.00 40% off + extra 10% in the app Gap Logo Tote Bag $54.95 $43.00 20% off + extra 10% in the app Logo Tote Keychain Charm $19.95 $11.00 40% off + extra 10% in the app Gap Logo Tote Bag $54.95 $32.00 40% off + extra 10% in the app Brannan Bear Nap Hoodie Keychain Charm $19.95 $11.00 40% off + extra 10% in the app Gap Logo Tote Bag $54.95 $43.00 20% off + extra 10% in the app Brannan Bear Sweater Keychain Charm $19.95 $11.00 40% off + extra 10% in the app Logo Tote Keychain Charm $19.95 $11.00 40% off + extra 10% in the app Brannan Bear T-Shirt Keychain Charm $19.95 $9.00 50% off + extra 10% in the app Logo Tote Keychain Charm $19.95 $11.00 40% off + extra 10% in the app",& care Bear: 100% Polyester. Wipe clean. Imported. Shipping & returns Customers also viewed Logo Tote Keychain Charm $19.95 $11.00 40% off + extra 10% in the app Gap Logo Tote Bag $54.95 $43.00 20% off + extra 10% in the app Logo Tote Keychain Charm $19.95 $15.00 20% off + extra 10% in the app Gap Logo Tote Bag $54.95 $32.00 40% off + extra 10% in the app Logo Hoodie Keychain Charm $14.95 $7.00 50% off + extra 10% in the app You may also like Brannan Bear Sleep Keychain Charm $19.95 $11.00 40% off + extra 10% in the app Gap Logo Tote Bag $54.95 $43.00 20% off + extra 10% in the app Logo Tote Keychain Charm $19.95 $11.00 40% off + extra 10% in the app Gap Logo Tote Bag $54.95 $32.00 40% off + extra 10% in the app Brannan Bear Nap Hoodie Keychain Charm $19.95 $11.00 40% off + extra 10% in the app Gap Logo Tote Bag $54.95 $43.00 20% off + extra 10% in the app Brannan Bear Sweater Keychain Charm $19.95 $11.00 40% off + extra 10% in the app Logo Tote Keychain Charm $19.95 $11.00 40% off + extra 10% in the app Brannan Bear T-Shirt Keychain Charm $19.95 $9.00 50% off + extra 10% in the app Logo Tote Keychain Charm $19.95 $11.00 40% off + extra 10% in the app,Size Guide,https://www.gap.com/webcontent/0060/519/081/cn60519081.jpg,3,2026-02-22,https://www.gap.com/browse/product.do?pid=830127012&vid=1&pcid=3046544&cid=3046544
830132002,gap,Gap,Logo Hoodie Keychain Charm,,7.0,14.95,,True,4.7,5,This keychain charm is made of plastic with a metal key ring. Hoodie design with Gap arch logo and kanga pocket. This product was made in a factory that invests in gender equity and women’s empowerment through RISE. Learn more at gapinc.com/equity. #830132; This keychain charm is made of plastic with a metal key ring. Hoodie design with Gap arch logo and kanga pocket. This product was made in a factory that invests in gender equity and women’s empowerment through RISE. Learn more at gapinc.com/equity. #830132 Fabric & care Polyurethane 100% Wipe clean. Imported. Shipping & returns Customers also viewed Brannan Bear Hoodie Keychain Charm $19.95 $17.00 Extra 10% off in the app Brannan Bear Scarf Keychain Charm $19.95 $9.00 50% off + extra 10% in the app Brannan Bear Hoodie Keychain Charm $19.95 $11.00 40% off + extra 10% in the app Gap Logo Tote Bag $59.95 $35.00 40% off + extra 10% in the app Logo Tote Keychain Charm $19.95 $11.00 40% off + extra 10% in the app You may also like Brannan Bear Hoodie Keychain Charm $19.95 $11.00 40% off + extra 10% in the app Logo Tote Keychain Charm $19.95 $11.00 40% off + extra 10% in the app Brannan Bear Nap Hoodie Keychain Charm $19.95 $11.00 40% off + extra 10% in the app Logo Tote Keychain Charm $19.95 $11.00 40% off + extra 10% in the app Gap Logo Tote Bag $54.95 $43.00 20% off + extra 10% in the app Logo Tote Keychain Charm $19.95 $11.00 40% off + extra 10% in the app Brannan Bear Sleep Keychain Charm $19.95 $11.00 40% off + extra 10% in the app Gap Logo Tote Bag $54.95 $32.00 40% off + extra 10% in the app Logo Tote Keychain Charm $19.95 $15.00 20% off + extra 10% in the app Toy Logo Hoodie $14.95 $7.00 50% off + extra 10% in the app,& care Polyurethane 100% Wipe clean. Imported. Shipping & returns Customers also viewed Brannan Bear Hoodie Keychain Charm $19.95 $17.00 Extra 10% off in the app Brannan Bear Scarf Keychain Charm $19.95 $9.00 50% off + extra 10% in the app Brannan Bear Hoodie Keychain Charm $19.95 $11.00 40% off + extra 10% in the app Gap Logo Tote Bag $59.95 $35.00 40% off + extra 10% in the app Logo Tote Keychain Charm $19.95 $11.00 40% off + extra 10% in the app You may also like Brannan Bear Hoodie Keychain Charm $19.95 $11.00 40% off + extra 10% in the app Logo Tote Keychain Charm $19.95 $11.00 40% off + extra 10% in the app Brannan Bear Nap Hoodie Keychain Charm $19.95 $11.00 40% off + extra 10% in the app Logo Tote Keychain Charm $19.95 $11.00 40% off + extra 10% in the app Gap Logo Tote Bag $54.95 $43.00 20% off + extra 10% in the app Logo Tote Keychain Charm $19.95 $11.00 40% off + extra 10% in the app Brannan Bear Sleep Keychain Charm $19.95 $11.00 40% off + extra 10% in the app Gap Logo Tote Bag $54.95 $32.00 40% off + extra 10% in the app Logo Tote Keychain Charm $19.95 $15.00 20% off + extra 10% in the app Toy Logo Hoodie $14.95 $7.00 50% off + extra 10% in the app,Size Guide,https://www.gap.com/webcontent/0059/961/288/cn59961288.jpg,3,2026-02-22,https://www.gap.com/browse/product.do?pid=830132002&vid=1&pcid=3046544&cid=3046544
830132022,gap,Gap,Logo Hoodie Keychain Charm,,7.0,14.95,,True,4.7,5,This keychain charm is made of plastic with a metal key ring. Hoodie design with Gap arch logo and kanga pocket. This product was made in a factory that invests in gender equity and women’s empowerment through RISE. Learn more at gapinc.com/equity. #830132; This keychain charm is made of plastic with a metal key ring. Hoodie design with Gap arch logo and kanga pocket. This product was made in a factory that invests in gender equity and women’s empowerment through RISE. Learn more at gapinc.com/equity. #830132 Fabric & care Polyurethane 100% Wipe clean. Imported. Shipping & returns Customers also viewed Logo Tote Keychain Charm $19.95 $11.00 40% off + extra 10% in the app Toy Logo Hoodie $14.95 $7.00 50% off + extra 10% in the app Brannan Bear Denim Jacket Keychain Charm $19.95 $13.00 30% off + extra 10% in the app Toy Logo Hoodie $14.95 $7.00 50% off + extra 10% in the app Logo Tote Keychain Charm $19.95 $11.00 40% off + extra 10% in the app You may also like Brannan Bear Hoodie Keychain Charm $19.95 $17.00 Extra 10% off in the app Logo Tote Keychain Charm $19.95 $11.00 40% off + extra 10% in the app Gap Jeans Keychain Charm $19.95 $11.00 40% off + extra 10% in the app Logo Tote Keychain Charm $19.95 $11.00 40% off + extra 10% in the app Brannan Bear Sleep Keychain Charm $19.95 $11.00 40% off + extra 10% in the app Logo Tote Keychain Charm $19.95 $11.00 40% off + extra 10% in the app Brannan Bear Hoodie Keychain Charm $19.95 $11.00 40% off + extra 10% in the app Logo Tote Keychain Charm $19.95 $11.00 40% off + extra 10% in the app Toy Logo Hoodie $14.95 $7.00 50% off + extra 10% in the app Gap Logo Tote Bag $54.95 $43.00 20% off + extra 10% in the app,& care Polyurethane 100% Wipe clean. Imported. Shipping & returns Customers also viewed Logo Tote Keychain Charm $19.95 $11.00 40% off + extra 10% in the app Toy Logo Hoodie $14.95 $7.00 50% off + extra 10% in the app Brannan Bear Denim Jacket Keychain Charm $19.95 $13.00 30% off + extra 10% in the app Toy Logo Hoodie $14.95 $7.00 50% off + extra 10% in the app Logo Tote Keychain Charm $19.95 $11.00 40% off + extra 10% in the app You may also like Brannan Bear Hoodie Keychain Charm $19.95 $17.00 Extra 10% off in the app Logo Tote Keychain Charm $19.95 $11.00 40% off + extra 10% in the app Gap Jeans Keychain Charm $19.95 $11.00 40% off + extra 10% in the app Logo Tote Keychain Charm $19.95 $11.00 40% off + extra 10% in the app Brannan Bear Sleep Keychain Charm $19.95 $11.00 40% off + extra 10% in the app Logo Tote Keychain Charm $19.95 $11.00 40% off + extra 10% in the app Brannan Bear Hoodie Keychain Charm $19.95 $11.00 40% off + extra 10% in the app Logo Tote Keychain Charm $19.95 $11.00 40% off + extra 10% in the app Toy Logo Hoodie $14.95 $7.00 50% off + extra 10% in the app Gap Logo Tote Bag $54.95 $43.00 20% off + extra 10% in the app,Size Guide,https://www.gap.com/webcontent/0060/518/995/cn60518995.jpg,3,2026-02-22,https://www.gap.com/browse/product.do?pid=830132022&vid=1&pcid=3046544&cid=3046544
830138002,gap,Gap,Logo Tote Keychain Charm,,11.0,19.95,,True,5,22,Soft canvas cotton logo tote bag keychain charm. #830138; Soft canvas cotton logo tote bag keychain charm. #830138 Fabric & care 100% Cotton Spot clean. Imported. Shipping & returns Customers also viewed Toy Logo Hoodie $14.95 $7.00 50% off + extra 10% in the app Brannan Bear Sweater Keychain Charm $19.95 $11.00 40% off + extra 10% in the app Toy Logo Hoodie $14.95 $7.00 50% off + extra 10% in the app Brannan Bear Hoodie Keychain Charm $19.95 $17.00 Extra 10% off in the app Toy Logo Hoodie $14.95 $7.00 50% off + extra 10% in the app You may also like Brannan Bear Scarf Keychain Charm $19.95 $9.00 50% off + extra 10% in the app Logo Hoodie Keychain Charm $14.95 $7.00 50% off + extra 10% in the app Brannan Bear Nap Hoodie Keychain Charm $19.95 $11.00 40% off + extra 10% in the app Brannan Bear Denim Jacket Keychain Charm $19.95 $13.00 30% off + extra 10% in the app Gap Jeans Keychain Charm $19.95 $11.00 40% off + extra 10% in the app Logo Hoodie Keychain Charm $14.95 $7.00 50% off + extra 10% in the app Gap Logo Tote Bag $54.95 $43.00 20% off + extra 10% in the app Brannan Bear Logo Denim Tote Bag $59.95 $47.00 20% off + extra 10% in the app Gap Logo Tote Bag $54.95 $43.00 20% off + extra 10% in the app Denim Tote Bag $59.95 $41.00 30% off + extra 10% in the app,& care 100% Cotton Spot clean. Imported. Shipping & returns Customers also viewed Toy Logo Hoodie $14.95 $7.00 50% off + extra 10% in the app Brannan Bear Sweater Keychain Charm $19.95 $11.00 40% off + extra 10% in the app Toy Logo Hoodie $14.95 $7.00 50% off + extra 10% in the app Brannan Bear Hoodie Keychain Charm $19.95 $17.00 Extra 10% off in the app Toy Logo Hoodie $14.95 $7.00 50% off + extra 10% in the app You may also like Brannan Bear Scarf Keychain Charm $19.95 $9.00 50% off + extra 10% in the app Logo Hoodie Keychain Charm $14.95 $7.00 50% off + extra 10% in the app Brannan Bear Nap Hoodie Keychain Charm $19.95 $11.00 40% off + extra 10% in the app Brannan Bear Denim Jacket Keychain Charm $19.95 $13.00 30% off + extra 10% in the app Gap Jeans Keychain Charm $19.95 $11.00 40% off + extra 10% in the app Logo Hoodie Keychain Charm $14.95 $7.00 50% off + extra 10% in the app Gap Logo Tote Bag $54.95 $43.00 20% off + extra 10% in the app Brannan Bear Logo Denim Tote Bag $59.95 $47.00 20% off + extra 10% in the app Gap Logo Tote Bag $54.95 $43.00 20% off + extra 10% in the app Denim Tote Bag $59.95 $41.00 30% off + extra 10% in the app,Size Guide,https://www.gap.com/webcontent/0059/961/319/cn59961319.jpg,15,2026-02-22,https://www.gap.com/browse/product.do?pid=830138002&vid=1&pcid=3046544&cid=3046544
830132012,gap,Gap,Logo Hoodie Keychain Charm,,7.0,14.95,,True,4.7,5,This keychain charm is made of plastic with a metal key ring. Hoodie design with Gap arch logo and kanga pocket. This product was made in a factory that invests in gender equity and women’s empowerment through RISE. Learn more at gapinc.com/equity. #830132; This keychain charm is made of plastic with a metal key ring. Hoodie design with Gap arch logo and kanga pocket. This product was made in a factory that invests in gender equity and women’s empowerment through RISE. Learn more at gapinc.com/equity. #830132 Fabric & care Polyurethane 100% Wipe clean. Imported. Shipping & returns Customers also viewed Brannan Bear Scarf Keychain Charm $19.95 $9.00 50% off + extra 10% in the app Logo Tote Keychain Charm $19.95 $15.00 20% off + extra 10% in the app Logo Tote Keychain Charm $19.95 $11.00 40% off + extra 10% in the app Brannan Bear Hoodie Keychain Charm $19.95 $17.00 Extra 10% off in the app Logo Tote Keychain Charm $19.95 $11.00 40% off + extra 10% in the app You may also like Brannan Bear Sleep Keychain Charm $19.95 $11.00 40% off + extra 10% in the app Brannan Bear Sweater Keychain Charm $19.95 $11.00 40% off + extra 10% in the app Gap Logo Tote Bag $54.95 $43.00 20% off + extra 10% in the app Logo Tote Keychain Charm $19.95 $11.00 40% off + extra 10% in the app Brannan Bear Nap Hoodie Keychain Charm $19.95 $11.00 40% off + extra 10% in the app Logo Tote Keychain Charm $19.95 $11.00 40% off + extra 10% in the app Brannan Bear Hoodie Keychain Charm $19.95 $11.00 40% off + extra 10% in the app Brannan Bear Denim Jacket Keychain Charm $19.95 $13.00 30% off + extra 10% in the app Toy Logo Hoodie $14.95 $7.00 50% off + extra 10% in the app Logo Tote Keychain Charm $19.95 $11.00 40% off + extra 10% in the app,& care Polyurethane 100% Wipe clean. Imported. Shipping & returns Customers also viewed Brannan Bear Scarf Keychain Charm $19.95 $9.00 50% off + extra 10% in the app Logo Tote Keychain Charm $19.95 $15.00 20% off + extra 10% in the app Logo Tote Keychain Charm $19.95 $11.00 40% off + extra 10% in the app Brannan Bear Hoodie Keychain Charm $19.95 $17.00 Extra 10% off in the app Logo Tote Keychain Charm $19.95 $11.00 40% off + extra 10% in the app You may also like Brannan Bear Sleep Keychain Charm $19.95 $11.00 40% off + extra 10% in the app Brannan Bear Sweater Keychain Charm $19.95 $11.00 40% off + extra 10% in the app Gap Logo Tote Bag $54.95 $43.00 20% off + extra 10% in the app Logo Tote Keychain Charm $19.95 $11.00 40% off + extra 10% in the app Brannan Bear Nap Hoodie Keychain Charm $19.95 $11.00 40% off + extra 10% in the app Logo Tote Keychain Charm $19.95 $11.00 40% off + extra 10% in the app Brannan Bear Hoodie Keychain Charm $19.95 $11.00 40% off + extra 10% in the app Brannan Bear Denim Jacket Keychain Charm $19.95 $13.00 30% off + extra 10% in the app Toy Logo Hoodie $14.95 $7.00 50% off + extra 10% in the app Logo Tote Keychain Charm $19.95 $11.00 40% off + extra 10% in the app,Size Guide,https://www.gap.com/webcontent/0059/961/305/cn59961305.jpg,3,2026-02-22,https://www.gap.com/browse/product.do?pid=830132012&vid=1&pcid=3046544&cid=3046544
830138012,gap,Gap,Logo Tote Keychain Charm,,11.0,19.95,,True,5,22,Soft canvas cotton logo tote bag keychain charm. #830138; Soft canvas cotton logo tote bag keychain charm. #830138 Fabric & care 100% Cotton Spot clean. Imported. Shipping & returns Customers also viewed Logo Hoodie Keychain Charm $14.95 $7.00 50% off + extra 10% in the app Brannan Bear Scarf Keychain Charm $19.95 $9.00 50% off + extra 10% in the app Brannan Bear Sleep Keychain Charm $19.95 $11.00 40% off + extra 10% in the app Brannan Bear Nap Hoodie Keychain Charm $19.95 $11.00 40% off + extra 10% in the app Gap Jeans Keychain Charm $19.95 $11.00 40% off + extra 10% in the app You may also like Brannan Bear Denim Jacket Keychain Charm $19.95 $13.00 30% off + extra 10% in the app Brannan Bear Sweater Keychain Charm $19.95 $11.00 40% off + extra 10% in the app Gap Logo Tote Bag $54.95 $43.00 20% off + extra 10% in the app Toy Logo Hoodie $14.95 $7.00 50% off + extra 10% in the app Gap Logo Tote Bag $54.95 $43.00 20% off + extra 10% in the app Brannan Bear Hoodie Keychain Charm $19.95 $11.00 40% off + extra 10% in the app Gap Logo Tote Bag $54.95 $32.00 40% off + extra 10% in the app Toy Logo Hoodie $14.95 $7.00 50% off + extra 10% in the app Gap Logo Tote Bag $59.95 $35.00 40% off + extra 10% in the app Logo Hoodie Keychain Charm $14.95 $7.00 50% off + extra 10% in the app,& care 100% Cotton Spot clean. Imported. Shipping & returns Customers also viewed Logo Hoodie Keychain Charm $14.95 $7.00 50% off + extra 10% in the app Brannan Bear Scarf Keychain Charm $19.95 $9.00 50% off + extra 10% in the app Brannan Bear Sleep Keychain Charm $19.95 $11.00 40% off + extra 10% in the app Brannan Bear Nap Hoodie Keychain Charm $19.95 $11.00 40% off + extra 10% in the app Gap Jeans Keychain Charm $19.95 $11.00 40% off + extra 10% in the app You may also like Brannan Bear Denim Jacket Keychain Charm $19.95 $13.00 30% off + extra 10% in the app Brannan Bear Sweater Keychain Charm $19.95 $11.00 40% off + extra 10% in the app Gap Logo Tote Bag $54.95 $43.00 20% off + extra 10% in the app Toy Logo Hoodie $14.95 $7.00 50% off + extra 10% in the app Gap Logo Tote Bag $54.95 $43.00 20% off + extra 10% in the app Brannan Bear Hoodie Keychain Charm $19.95 $11.00 40% off + extra 10% in the app Gap Logo Tote Bag $54.95 $32.00 40% off + extra 10% in the app Toy Logo Hoodie $14.95 $7.00 50% off + extra 10% in the app Gap Logo Tote Bag $59.95 $35.00 40% off + extra 10% in the app Logo Hoodie Keychain Charm $14.95 $7.00 50% off + extra 10% in the app,Size Guide,https://www.gap.com/webcontent/0059/961/346/cn59961346.jpg,15,2026-02-22,https://www.gap.com/browse/product.do?pid=830138012&vid=1&pcid=3046544&cid=3051539
830138022,gap,Gap,Logo Tote Keychain Charm,,11.0,19.95,,True,5,22,Soft canvas cotton logo tote bag keychain charm. #830138; Soft canvas cotton logo tote bag keychain charm. #830138 Fabric & care 100% Cotton Spot clean. Imported. Shipping & returns Customers also viewed Brannan Bear Hoodie Keychain Charm $19.95 $11.00 40% off + extra 10% in the app Brannan Bear Sleep Keychain Charm $19.95 $11.00 40% off + extra 10% in the app Gap Jeans Keychain Charm $19.95 $11.00 40% off + extra 10% in the app Logo Hoodie Keychain Charm $14.95 $7.00 50% off + extra 10% in the app Brannan Bear Scarf Keychain Charm $19.95 $9.00 50% off + extra 10% in the app You may also like Gap Logo Tote Bag $54.95 $43.00 20% off + extra 10% in the app Brannan Bear Nap Hoodie Keychain Charm $19.95 $11.00 40% off + extra 10% in the app Brannan Bear Denim Jacket Keychain Charm $19.95 $13.00 30% off + extra 10% in the app Toy Logo Hoodie $14.95 $7.00 50% off + extra 10% in the app Gap Logo Tote Bag $54.95 $43.00 20% off + extra 10% in the app Toy Logo Hoodie $14.95 $7.00 50% off + extra 10% in the app Gap Logo Tote Bag $54.95 $32.00 40% off + extra 10% in the app Toy Logo Hoodie $14.95 $7.00 50% off + extra 10% in the app Gap Logo Tote Bag $54.95 $43.00 20% off + extra 10% in the app Denim Tote Bag $59.95 $41.00 30% off + extra 10% in the app,& care 100% Cotton Spot clean. Imported. Shipping & returns Customers also viewed Brannan Bear Hoodie Keychain Charm $19.95 $11.00 40% off + extra 10% in the app Brannan Bear Sleep Keychain Charm $19.95 $11.00 40% off + extra 10% in the app Gap Jeans Keychain Charm $19.95 $11.00 40% off + extra 10% in the app Logo Hoodie Keychain Charm $14.95 $7.00 50% off + extra 10% in the app Brannan Bear Scarf Keychain Charm $19.95 $9.00 50% off + extra 10% in the app You may also like Gap Logo Tote Bag $54.95 $43.00 20% off + extra 10% in the app Brannan Bear Nap Hoodie Keychain Charm $19.95 $11.00 40% off + extra 10% in the app Brannan Bear Denim Jacket Keychain Charm $19.95 $13.00 30% off + extra 10% in the app Toy Logo Hoodie $14.95 $7.00 50% off + extra 10% in the app Gap Logo Tote Bag $54.95 $43.00 20% off + extra 10% in the app Toy Logo Hoodie $14.95 $7.00 50% off + extra 10% in the app Gap Logo Tote Bag $54.95 $32.00 40% off + extra 10% in the app Toy Logo Hoodie $14.95 $7.00 50% off + extra 10% in the app Gap Logo Tote Bag $54.95 $43.00 20% off + extra 10% in the app Denim Tote Bag $59.95 $41.00 30% off + extra 10% in the app,Size Guide,https://www.gap.com/webcontent/0059/961/318/cn59961318.jpg,15,2026-02-22,https://www.gap.com/browse/product.do?pid=830138022&vid=1&pcid=3046544&cid=3051539
830138052,gap,Gap,Logo Tote Keychain Charm,,15.0,19.95,,True,5,22,Soft canvas cotton logo tote bag keychain charm. #830138; Soft canvas cotton logo tote bag keychain charm. #830138 Fabric & care 100% Cotton Spot clean. Imported. Shipping & returns Customers also viewed Toy Logo Hoodie $14.95 $7.00 50% off + extra 10% in the app Logo Hoodie Keychain Charm $14.95 $7.00 50% off + extra 10% in the app Toy Logo Hoodie $14.95 $7.00 50% off + extra 10% in the app Brannan Bear Scarf Keychain Charm $19.95 $9.00 50% off + extra 10% in the app Toy Logo Hoodie $14.95 $7.00 50% off + extra 10% in the app You may also like Toy Logo Hoodie $14.95 $7.00 50% off + extra 10% in the app Gap Jeans Keychain Charm $19.95 $11.00 40% off + extra 10% in the app Denim Tote Bag $59.95 $41.00 30% off + extra 10% in the app Brannan Bear Sweater Keychain Charm $19.95 $11.00 40% off + extra 10% in the app Brannan Bear Sleep Keychain Charm $19.95 $11.00 40% off + extra 10% in the app Brannan Bear Hoodie Keychain Charm $19.95 $17.00 Extra 10% off in the app Gap Logo Tote Bag $49.95 Extra 10% off in the app Logo Hoodie Keychain Charm $14.95 $7.00 50% off + extra 10% in the app Gap Logo Tote Bag $54.95 $32.00 40% off + extra 10% in the app Brannan Bear T-Shirt Keychain Charm $19.95 $9.00 50% off + extra 10% in the app,& care 100% Cotton Spot clean. Imported. Shipping & returns Customers also viewed Toy Logo Hoodie $14.95 $7.00 50% off + extra 10% in the app Logo Hoodie Keychain Charm $14.95 $7.00 50% off + extra 10% in the app Toy Logo Hoodie $14.95 $7.00 50% off + extra 10% in the app Brannan Bear Scarf Keychain Charm $19.95 $9.00 50% off + extra 10% in the app Toy Logo Hoodie $14.95 $7.00 50% off + extra 10% in the app You may also like Toy Logo Hoodie $14.95 $7.00 50% off + extra 10% in the app Gap Jeans Keychain Charm $19.95 $11.00 40% off + extra 10% in the app Denim Tote Bag $59.95 $41.00 30% off + extra 10% in the app Brannan Bear Sweater Keychain Charm $19.95 $11.00 40% off + extra 10% in the app Brannan Bear Sleep Keychain Charm $19.95 $11.00 40% off + extra 10% in the app Brannan Bear Hoodie Keychain Charm $19.95 $17.00 Extra 10% off in the app Gap Logo Tote Bag $49.95 Extra 10% off in the app Logo Hoodie Keychain Charm $14.95 $7.00 50% off + extra 10% in the app Gap Logo Tote Bag $54.95 $32.00 40% off + extra 10% in the app Brannan Bear T-Shirt Keychain Charm $19.95 $9.00 50% off + extra 10% in the app,Size Guide,https://www.gap.com/webcontent/0061/518/444/cn61518444.jpg,15,2026-02-22,https://www.gap.com/browse/product.do?pid=830138052&vid=1&pcid=3046544&cid=3046544
830138032,gap,Gap,Logo Tote Keychain Charm,,11.0,19.95,,True,5,22,Soft canvas cotton logo tote bag keychain charm. #830138; Soft canvas cotton logo tote bag keychain charm. #830138 Fabric & care 100% Cotton Spot clean. Imported. Shipping & returns Customers also viewed Toy Logo Hoodie $14.95 $7.00 50% off + extra 10% in the app Gap Jeans Keychain Charm $19.95 $11.00 40% off + extra 10% in the app Toy Logo Hoodie $14.95 $7.00 50% off + extra 10% in the app Brannan Bear Logo Denim Tote Bag $59.95 $47.00 20% off + extra 10% in the app Toy Logo Hoodie $14.95 $7.00 50% off + extra 10% in the app You may also like Toy Logo Hoodie $14.95 $7.00 50% off + extra 10% in the app Brannan Bear Scarf Keychain Charm $19.95 $9.00 50% off + extra 10% in the app Logo Hoodie Keychain Charm $14.95 $7.00 50% off + extra 10% in the app Brannan Bear Denim Jacket Keychain Charm $19.95 $13.00 30% off + extra 10% in the app Brannan Bear Sweater Keychain Charm $19.95 $11.00 40% off + extra 10% in the app Gap Logo Tote Bag $49.95 Extra 10% off in the app Logo Hoodie Keychain Charm $14.95 $7.00 50% off + extra 10% in the app Gap Logo Tote Bag $54.95 $43.00 20% off + extra 10% in the app Denim Tote Bag $59.95 $41.00 30% off + extra 10% in the app Gap Logo Tote Bag $54.95 $43.00 20% off + extra 10% in the app,& care 100% Cotton Spot clean. Imported. Shipping & returns Customers also viewed Toy Logo Hoodie $14.95 $7.00 50% off + extra 10% in the app Gap Jeans Keychain Charm $19.95 $11.00 40% off + extra 10% in the app Toy Logo Hoodie $14.95 $7.00 50% off + extra 10% in the app Brannan Bear Logo Denim Tote Bag $59.95 $47.00 20% off + extra 10% in the app Toy Logo Hoodie $14.95 $7.00 50% off + extra 10% in the app You may also like Toy Logo Hoodie $14.95 $7.00 50% off + extra 10% in the app Brannan Bear Scarf Keychain Charm $19.95 $9.00 50% off + extra 10% in the app Logo Hoodie Keychain Charm $14.95 $7.00 50% off + extra 10% in the app Brannan Bear Denim Jacket Keychain Charm $19.95 $13.00 30% off + extra 10% in the app Brannan Bear Sweater Keychain Charm $19.95 $11.00 40% off + extra 10% in the app Gap Logo Tote Bag $49.95 Extra 10% off in the app Logo Hoodie Keychain Charm $14.95 $7.00 50% off + extra 10% in the app Gap Logo Tote Bag $54.95 $43.00 20% off + extra 10% in the app Denim Tote Bag $59.95 $41.00 30% off + extra 10% in the app Gap Logo Tote Bag $54.95 $43.00 20% off + extra 10% in the app,Size Guide,https://www.gap.com/webcontent/0060/260/943/cn60260943.jpg,15,2026-02-22,https://www.gap.com/browse/product.do?pid=830138032&vid=1&pcid=3046544&cid=3046544
830138072,gap,Gap,Logo Tote Keychain Charm,,11.0,19.95,,True,5,22,Soft canvas cotton logo tote bag keychain charm. #830138; Soft canvas cotton logo tote bag keychain charm. #830138 Fabric & care 100% Cotton Spot clean. Imported. Shipping & returns Customers also viewed Brannan Bear Scarf Keychain Charm $19.95 $9.00 50% off + extra 10% in the app Brannan Bear Denim Jacket Keychain Charm $19.95 $13.00 30% off + extra 10% in the app Brannan Bear Sleep Keychain Charm $19.95 $11.00 40% off + extra 10% in the app Brannan Bear Hoodie Keychain Charm $19.95 $17.00 Extra 10% off in the app Denim Tote Bag $59.95 $47.00 20% off + extra 10% in the app You may also like Brannan Bear Sweater Keychain Charm $19.95 $11.00 40% off + extra 10% in the app Gap Logo Tote Bag $54.95 $43.00 20% off + extra 10% in the app Logo Hoodie Keychain Charm $14.95 $7.00 50% off + extra 10% in the app Gap Logo Tote Bag $54.95 $32.00 40% off + extra 10% in the app Toy Logo Hoodie $14.95 $7.00 50% off + extra 10% in the app Gap Logo Tote Bag $54.95 $43.00 20% off + extra 10% in the app Toy Logo Hoodie $14.95 $7.00 50% off + extra 10% in the app Brannan Bear Nap Hoodie Keychain Charm $19.95 $11.00 40% off + extra 10% in the app Gap Logo Tote Bag $59.95 Extra 10% off in the app Brannan Bear Hoodie Keychain Charm $19.95 $11.00 40% off + extra 10% in the app,& care 100% Cotton Spot clean. Imported. Shipping & returns Customers also viewed Brannan Bear Scarf Keychain Charm $19.95 $9.00 50% off + extra 10% in the app Brannan Bear Denim Jacket Keychain Charm $19.95 $13.00 30% off + extra 10% in the app Brannan Bear Sleep Keychain Charm $19.95 $11.00 40% off + extra 10% in the app Brannan Bear Hoodie Keychain Charm $19.95 $17.00 Extra 10% off in the app Denim Tote Bag $59.95 $47.00 20% off + extra 10% in the app You may also like Brannan Bear Sweater Keychain Charm $19.95 $11.00 40% off + extra 10% in the app Gap Logo Tote Bag $54.95 $43.00 20% off + extra 10% in the app Logo Hoodie Keychain Charm $14.95 $7.00 50% off + extra 10% in the app Gap Logo Tote Bag $54.95 $32.00 40% off + extra 10% in the app Toy Logo Hoodie $14.95 $7.00 50% off + extra 10% in the app Gap Logo Tote Bag $54.95 $43.00 20% off + extra 10% in the app Toy Logo Hoodie $14.95 $7.00 50% off + extra 10% in the app Brannan Bear Nap Hoodie Keychain Charm $19.95 $11.00 40% off + extra 10% in the app Gap Logo Tote Bag $59.95 Extra 10% off in the app Brannan Bear Hoodie Keychain Charm $19.95 $11.00 40% off + extra 10% in the app,Size Guide,https://www.gap.com/webcontent/0061/518/445/cn61518445.jpg,15,2026-02-22,https://www.gap.com/browse/product.do?pid=830138072&vid=1&pcid=3046544&cid=3051539
830138042,gap,Gap,Logo Tote Keychain Charm,,11.0,19.95,,True,5,22,Soft canvas cotton logo tote bag keychain charm. #830138; Soft canvas cotton logo tote bag keychain charm. #830138 Fabric & care 100% Cotton Spot clean. Imported. Shipping & returns Customers also viewed Brannan Bear Sleep Keychain Charm $19.95 $11.00 40% off + extra 10% in the app Logo Hoodie Keychain Charm $14.95 $7.00 50% off + extra 10% in the app Gap Logo Tote Bag $54.95 $43.00 20% off + extra 10% in the app Brannan Bear Hoodie Keychain Charm $19.95 $17.00 Extra 10% off in the app Brannan Bear Nap Hoodie Keychain Charm $19.95 $11.00 40% off + extra 10% in the app You may also like Brannan Bear Denim Jacket Keychain Charm $19.95 $13.00 30% off + extra 10% in the app Brannan Bear Scarf Keychain Charm $19.95 $9.00 50% off + extra 10% in the app Brannan Bear Sweater Keychain Charm $19.95 $11.00 40% off + extra 10% in the app Gap Logo Tote Bag $54.95 $32.00 40% off + extra 10% in the app Gap Jeans Keychain Charm $19.95 $11.00 40% off + extra 10% in the app Toy Logo Hoodie $14.95 $7.00 50% off + extra 10% in the app Brannan Bear T-Shirt Keychain Charm $19.95 $9.00 50% off + extra 10% in the app Brannan Bear Hoodie Keychain Charm $19.95 $11.00 40% off + extra 10% in the app Toy Logo Hoodie $14.95 $7.00 50% off + extra 10% in the app Brannan Bear Hoodie Keychain Charm $19.95 $11.00 40% off + extra 10% in the app,& care 100% Cotton Spot clean. Imported. Shipping & returns Customers also viewed Brannan Bear Sleep Keychain Charm $19.95 $11.00 40% off + extra 10% in the app Logo Hoodie Keychain Charm $14.95 $7.00 50% off + extra 10% in the app Gap Logo Tote Bag $54.95 $43.00 20% off + extra 10% in the app Brannan Bear Hoodie Keychain Charm $19.95 $17.00 Extra 10% off in the app Brannan Bear Nap Hoodie Keychain Charm $19.95 $11.00 40% off + extra 10% in the app You may also like Brannan Bear Denim Jacket Keychain Charm $19.95 $13.00 30% off + extra 10% in the app Brannan Bear Scarf Keychain Charm $19.95 $9.00 50% off + extra 10% in the app Brannan Bear Sweater Keychain Charm $19.95 $11.00 40% off + extra 10% in the app Gap Logo Tote Bag $54.95 $32.00 40% off + extra 10% in the app Gap Jeans Keychain Charm $19.95 $11.00 40% off + extra 10% in the app Toy Logo Hoodie $14.95 $7.00 50% off + extra 10% in the app Brannan Bear T-Shirt Keychain Charm $19.95 $9.00 50% off + extra 10% in the app Brannan Bear Hoodie Keychain Charm $19.95 $11.00 40% off + extra 10% in the app Toy Logo Hoodie $14.95 $7.00 50% off + extra 10% in the app Brannan Bear Hoodie Keychain Charm $19.95 $11.00 40% off + extra 10% in the app,Size Guide,https://www.gap.com/webcontent/0061/502/344/cn61502344.jpg,15,2026-02-22,https://www.gap.com/browse/product.do?pid=830138042&vid=1&pcid=3046544&cid=3046544
830138142,gap,Gap,Logo Tote Keychain Charm,,11.0,19.95,,True,5,22,Soft canvas cotton logo tote bag keychain charm. #830138; Soft canvas cotton logo tote bag keychain charm. #830138 Fabric & care 100% Cotton Spot clean. Imported. Shipping & returns Customers also viewed Brannan Bear Denim Jacket Keychain Charm $19.95 $13.00 30% off + extra 10% in the app Brannan Bear Nap Hoodie Keychain Charm $19.95 $11.00 40% off + extra 10% in the app Brannan Bear Scarf Keychain Charm $19.95 $9.00 50% off + extra 10% in the app Gap Jeans Keychain Charm $19.95 $11.00 40% off + extra 10% in the app Brannan Bear Sleep Keychain Charm $19.95 $11.00 40% off + extra 10% in the app You may also like Logo Hoodie Keychain Charm $14.95 $7.00 50% off + extra 10% in the app Brannan Bear Sweater Keychain Charm $19.95 $11.00 40% off + extra 10% in the app Toy Logo Hoodie $14.95 $7.00 50% off + extra 10% in the app Brannan Bear Logo Denim Tote Bag $59.95 $47.00 20% off + extra 10% in the app Toy Logo Hoodie $14.95 $7.00 50% off + extra 10% in the app Gap Logo Tote Bag $59.95 $35.00 40% off + extra 10% in the app Toy Logo Hoodie $14.95 $7.00 50% off + extra 10% in the app Gap Logo Tote Bag $54.95 $43.00 20% off + extra 10% in the app Gap Logo Tote Bag $49.95 Extra 10% off in the app Gap Logo Tote Bag $54.95 $32.00 40% off + extra 10% in the app,& care 100% Cotton Spot clean. Imported. Shipping & returns Customers also viewed Brannan Bear Denim Jacket Keychain Charm $19.95 $13.00 30% off + extra 10% in the app Brannan Bear Nap Hoodie Keychain Charm $19.95 $11.00 40% off + extra 10% in the app Brannan Bear Scarf Keychain Charm $19.95 $9.00 50% off + extra 10% in the app Gap Jeans Keychain Charm $19.95 $11.00 40% off + extra 10% in the app Brannan Bear Sleep Keychain Charm $19.95 $11.00 40% off + extra 10% in the app You may also like Logo Hoodie Keychain Charm $14.95 $7.00 50% off + extra 10% in the app Brannan Bear Sweater Keychain Charm $19.95 $11.00 40% off + extra 10% in the app Toy Logo Hoodie $14.95 $7.00 50% off + extra 10% in the app Brannan Bear Logo Denim Tote Bag $59.95 $47.00 20% off + extra 10% in the app Toy Logo Hoodie $14.95 $7.00 50% off + extra 10% in the app Gap Logo Tote Bag $59.95 $35.00 40% off + extra 10% in the app Toy Logo Hoodie $14.95 $7.00 50% off + extra 10% in the app Gap Logo Tote Bag $54.95 $43.00 20% off + extra 10% in the app Gap Logo Tote Bag $49.95 Extra 10% off in the app Gap Logo Tote Bag $54.95 $32.00 40% off + extra 10% in the app,Size Guide,https://www.gap.com/webcontent/0061/518/508/cn61518508.jpg,15,2026-02-22,https://www.gap.com/browse/product.do?pid=830138142&vid=1&pcid=3046544&cid=3046544
830138102,gap,Gap,Logo Tote Keychain Charm,,11.0,19.95,,True,5,22,Soft canvas cotton logo tote bag keychain charm. #830138; Soft canvas cotton logo tote bag keychain charm. #830138 Fabric & care 100% Cotton Spot clean. Imported. Shipping & returns Customers also viewed Brannan Bear Scarf Keychain Charm $19.95 $9.00 50% off + extra 10% in the app Logo Hoodie Keychain Charm $14.95 $7.00 50% off + extra 10% in the app Brannan Bear Nap Hoodie Keychain Charm $19.95 $11.00 40% off + extra 10% in the app Toy Logo Hoodie $14.95 $7.00 50% off + extra 10% in the app Brannan Bear Hoodie Keychain Charm $19.95 $17.00 Extra 10% off in the app You may also like Brannan Bear Denim Jacket Keychain Charm $19.95 $13.00 30% off + extra 10% in the app Toy Logo Hoodie $14.95 $7.00 50% off + extra 10% in the app Brannan Bear Sweater Keychain Charm $19.95 $11.00 40% off + extra 10% in the app Toy Logo Hoodie $14.95 $7.00 50% off + extra 10% in the app Brannan Bear Sleep Keychain Charm $19.95 $11.00 40% off + extra 10% in the app Logo Hoodie Keychain Charm $14.95 $7.00 50% off + extra 10% in the app Gap Logo Tote Bag $54.95 $43.00 20% off + extra 10% in the app Brannan Bear T-Shirt Keychain Charm $19.95 $9.00 50% off + extra 10% in the app Gap Logo Tote Bag $54.95 $32.00 40% off + extra 10% in the app Brannan Bear Hoodie Keychain Charm $19.95 $11.00 40% off + extra 10% in the app,& care 100% Cotton Spot clean. Imported. Shipping & returns Customers also viewed Brannan Bear Scarf Keychain Charm $19.95 $9.00 50% off + extra 10% in the app Logo Hoodie Keychain Charm $14.95 $7.00 50% off + extra 10% in the app Brannan Bear Nap Hoodie Keychain Charm $19.95 $11.00 40% off + extra 10% in the app Toy Logo Hoodie $14.95 $7.00 50% off + extra 10% in the app Brannan Bear Hoodie Keychain Charm $19.95 $17.00 Extra 10% off in the app You may also like Brannan Bear Denim Jacket Keychain Charm $19.95 $13.00 30% off + extra 10% in the app Toy Logo Hoodie $14.95 $7.00 50% off + extra 10% in the app Brannan Bear Sweater Keychain Charm $19.95 $11.00 40% off + extra 10% in the app Toy Logo Hoodie $14.95 $7.00 50% off + extra 10% in the app Brannan Bear Sleep Keychain Charm $19.95 $11.00 40% off + extra 10% in the app Logo Hoodie Keychain Charm $14.95 $7.00 50% off + extra 10% in the app Gap Logo Tote Bag $54.95 $43.00 20% off + extra 10% in the app Brannan Bear T-Shirt Keychain Charm $19.95 $9.00 50% off + extra 10% in the app Gap Logo Tote Bag $54.95 $32.00 40% off + extra 10% in the app Brannan Bear Hoodie Keychain Charm $19.95 $11.00 40% off + extra 10% in the app,Size Guide,https://www.gap.com/webcontent/0061/502/349/cn61502349.jpg,15,2026-02-22,https://www.gap.com/browse/product.do?pid=830138102&vid=1&pcid=3046544&cid=3051539
830138112,gap,Gap,Logo Tote Keychain Charm,,11.0,19.95,,True,5,22,Soft canvas cotton logo tote bag keychain charm. #830138; Soft canvas cotton logo tote bag keychain charm. #830138 Fabric & care 100% Cotton Spot clean. Imported. Shipping & returns Customers also viewed Brannan Bear Scarf Keychain Charm $19.95 $9.00 50% off + extra 10% in the app Brannan Bear T-Shirt Keychain Charm $19.95 $9.00 50% off + extra 10% in the app Logo Hoodie Keychain Charm $14.95 $7.00 50% off + extra 10% in the app Gap Jeans Keychain Charm $19.95 $11.00 40% off + extra 10% in the app Brannan Bear Hoodie Keychain Charm $19.95 $11.00 40% off + extra 10% in the app You may also like Brannan Bear Hoodie Keychain Charm $19.95 $17.00 Extra 10% off in the app Brannan Bear Sweater Keychain Charm $19.95 $11.00 40% off + extra 10% in the app Brannan Bear Denim Jacket Keychain Charm $19.95 $13.00 30% off + extra 10% in the app Brannan Bear Sleep Keychain Charm $19.95 $11.00 40% off + extra 10% in the app Gap Logo Tote Bag $54.95 $43.00 20% off + extra 10% in the app Brannan Bear Hoodie Keychain Charm $19.95 $11.00 40% off + extra 10% in the app Gap Logo Tote Bag $54.95 $32.00 40% off + extra 10% in the app Toy Logo Hoodie $14.95 $7.00 50% off + extra 10% in the app Gap Logo Tote Bag $54.95 $32.00 40% off + extra 10% in the app Toy Logo Hoodie $14.95 $7.00 50% off + extra 10% in the app,& care 100% Cotton Spot clean. Imported. Shipping & returns Customers also viewed Brannan Bear Scarf Keychain Charm $19.95 $9.00 50% off + extra 10% in the app Brannan Bear T-Shirt Keychain Charm $19.95 $9.00 50% off + extra 10% in the app Logo Hoodie Keychain Charm $14.95 $7.00 50% off + extra 10% in the app Gap Jeans Keychain Charm $19.95 $11.00 40% off + extra 10% in the app Brannan Bear Hoodie Keychain Charm $19.95 $11.00 40% off + extra 10% in the app You may also like Brannan Bear Hoodie Keychain Charm $19.95 $17.00 Extra 10% off in the app Brannan Bear Sweater Keychain Charm $19.95 $11.00 40% off + extra 10% in the app Brannan Bear Denim Jacket Keychain Charm $19.95 $13.00 30% off + extra 10% in the app Brannan Bear Sleep Keychain Charm $19.95 $11.00 40% off + extra 10% in the app Gap Logo Tote Bag $54.95 $43.00 20% off + extra 10% in the app Brannan Bear Hoodie Keychain Charm $19.95 $11.00 40% off + extra 10% in the app Gap Logo Tote Bag $54.95 $32.00 40% off + extra 10% in the app Toy Logo Hoodie $14.95 $7.00 50% off + extra 10% in the app Gap Logo Tote Bag $54.95 $32.00 40% off + extra 10% in the app Toy Logo Hoodie $14.95 $7.00 50% off + extra 10% in the app,Size Guide,https://www.gap.com/webcontent/0061/518/509/cn61518509.jpg,15,2026-02-22,https://www.gap.com/browse/product.do?pid=830138112&vid=1&pcid=3046544&cid=3046544
830138172,gap,Gap,Logo Tote Keychain Charm,,11.0,19.95,,True,5,22,Soft canvas cotton logo tote bag keychain charm. #830138; Soft canvas cotton logo tote bag keychain charm. #830138 Fabric & care 100% Cotton Spot clean. Imported. Shipping & returns Customers also viewed Brannan Bear Sleep Keychain Charm $19.95 $11.00 40% off + extra 10% in the app Gap Logo Tote Bag $54.95 $32.00 40% off + extra 10% in the app Brannan Bear Hoodie Keychain Charm $19.95 $11.00 40% off + extra 10% in the app Brannan Bear Hoodie Keychain Charm $19.95 $11.00 40% off + extra 10% in the app Brannan Bear Scarf Keychain Charm $19.95 $9.00 50% off + extra 10% in the app You may also like Gap Logo Tote Bag $54.95 $43.00 20% off + extra 10% in the app Brannan Bear Nap Hoodie Keychain Charm $19.95 $11.00 40% off + extra 10% in the app Gap Logo Tote Bag $54.95 $32.00 40% off + extra 10% in the app Logo Hoodie Keychain Charm $14.95 $7.00 50% off + extra 10% in the app Gap Logo Tote Bag $54.95 $43.00 20% off + extra 10% in the app Brannan Bear T-Shirt Keychain Charm $19.95 $9.00 50% off + extra 10% in the app Gap Logo Tote Bag $54.95 $43.00 20% off + extra 10% in the app Brannan Bear Denim Jacket Keychain Charm $19.95 $13.00 30% off + extra 10% in the app Gap Jeans Keychain Charm $19.95 $11.00 40% off + extra 10% in the app Toy Logo Hoodie $14.95 $7.00 50% off + extra 10% in the app,& care 100% Cotton Spot clean. Imported. Shipping & returns Customers also viewed Brannan Bear Sleep Keychain Charm $19.95 $11.00 40% off + extra 10% in the app Gap Logo Tote Bag $54.95 $32.00 40% off + extra 10% in the app Brannan Bear Hoodie Keychain Charm $19.95 $11.00 40% off + extra 10% in the app Brannan Bear Hoodie Keychain Charm $19.95 $11.00 40% off + extra 10% in the app Brannan Bear Scarf Keychain Charm $19.95 $9.00 50% off + extra 10% in the app You may also like Gap Logo Tote Bag $54.95 $43.00 20% off + extra 10% in the app Brannan Bear Nap Hoodie Keychain Charm $19.95 $11.00 40% off + extra 10% in the app Gap Logo Tote Bag $54.95 $32.00 40% off + extra 10% in the app Logo Hoodie Keychain Charm $14.95 $7.00 50% off + extra 10% in the app Gap Logo Tote Bag $54.95 $43.00 20% off + extra 10% in the app Brannan Bear T-Shirt Keychain Charm $19.95 $9.00 50% off + extra 10% in the app Gap Logo Tote Bag $54.95 $43.00 20% off + extra 10% in the app Brannan Bear Denim Jacket Keychain Charm $19.95 $13.00 30% off + extra 10% in the app Gap Jeans Keychain Charm $19.95 $11.00 40% off + extra 10% in the app Toy Logo Hoodie $14.95 $7.00 50% off + extra 10% in the app,Size Guide,https://www.gap.com/webcontent/0061/518/535/cn61518535.jpg,15,2026-02-22,https://www.gap.com/browse/product.do?pid=830138172&vid=1&pcid=3046544&cid=3046544
830138192,gap,Gap,Logo Tote Keychain Charm,,11.0,19.95,,True,5,22,Soft canvas cotton logo tote bag keychain charm. #830138; Soft canvas cotton logo tote bag keychain charm. #830138 Fabric & care 100% Cotton Spot clean. Imported. Shipping & returns Customers also viewed Brannan Bear Sleep Keychain Charm $19.95 $11.00 40% off + extra 10% in the app Brannan Bear Nap Hoodie Keychain Charm $19.95 $11.00 40% off + extra 10% in the app Brannan Bear Denim Jacket Keychain Charm $19.95 $13.00 30% off + extra 10% in the app Gap Logo Tote Bag $54.95 $43.00 20% off + extra 10% in the app Brannan Bear Sweater Keychain Charm $19.95 $11.00 40% off + extra 10% in the app You may also like Logo Hoodie Keychain Charm $14.95 $7.00 50% off + extra 10% in the app Brannan Bear Scarf Keychain Charm $19.95 $9.00 50% off + extra 10% in the app Gap Logo Tote Bag $54.95 $32.00 40% off + extra 10% in the app Gap Jeans Keychain Charm $19.95 $11.00 40% off + extra 10% in the app Gap Logo Tote Bag $54.95 $43.00 20% off + extra 10% in the app Toy Logo Hoodie $14.95 $7.00 50% off + extra 10% in the app Gap Logo Tote Bag $54.95 $32.00 40% off + extra 10% in the app Brannan Bear T-Shirt Keychain Charm $19.95 $9.00 50% off + extra 10% in the app Gap Logo Tote Bag $59.95 $35.00 40% off + extra 10% in the app Logo Hoodie Keychain Charm $14.95 $7.00 50% off + extra 10% in the app,& care 100% Cotton Spot clean. Imported. Shipping & returns Customers also viewed Brannan Bear Sleep Keychain Charm $19.95 $11.00 40% off + extra 10% in the app Brannan Bear Nap Hoodie Keychain Charm $19.95 $11.00 40% off + extra 10% in the app Brannan Bear Denim Jacket Keychain Charm $19.95 $13.00 30% off + extra 10% in the app Gap Logo Tote Bag $54.95 $43.00 20% off + extra 10% in the app Brannan Bear Sweater Keychain Charm $19.95 $11.00 40% off + extra 10% in the app You may also like Logo Hoodie Keychain Charm $14.95 $7.00 50% off + extra 10% in the app Brannan Bear Scarf Keychain Charm $19.95 $9.00 50% off + extra 10% in the app Gap Logo Tote Bag $54.95 $32.00 40% off + extra 10% in the app Gap Jeans Keychain Charm $19.95 $11.00 40% off + extra 10% in the app Gap Logo Tote Bag $54.95 $43.00 20% off + extra 10% in the app Toy Logo Hoodie $14.95 $7.00 50% off + extra 10% in the app Gap Logo Tote Bag $54.95 $32.00 40% off + extra 10% in the app Brannan Bear T-Shirt Keychain Charm $19.95 $9.00 50% off + extra 10% in the app Gap Logo Tote Bag $59.95 $35.00 40% off + extra 10% in the app Logo Hoodie Keychain Charm $14.95 $7.00 50% off + extra 10% in the app,Size Guide,https://www.gap.com/webcontent/0061/502/320/cn61502320.jpg,15,2026-02-22,https://www.gap.com/browse/product.do?pid=830138192&vid=1&pcid=3046544&cid=3046544
830138212,gap,Gap,Logo Tote Keychain Charm,,15.0,19.95,,True,5,22,Soft canvas cotton logo tote bag keychain charm. #830138; Soft canvas cotton logo tote bag keychain charm. #830138 Fabric & care 100% Cotton Spot clean. Imported. Shipping & returns Customers also viewed Toy Logo Hoodie $14.95 $7.00 50% off + extra 10% in the app Brannan Bear Scarf Keychain Charm $19.95 $9.00 50% off + extra 10% in the app Toy Logo Hoodie $14.95 $7.00 50% off + extra 10% in the app Trench Coat Keychain Charm $19.95 $15.00 20% off + extra 10% in the app Toy Logo Hoodie $14.95 $7.00 50% off + extra 10% in the app You may also like Brannan Bear Denim Jacket Keychain Charm $19.95 $13.00 30% off + extra 10% in the app Brannan Bear Sleep Keychain Charm $19.95 $11.00 40% off + extra 10% in the app Brannan Bear T-Shirt Keychain Charm $19.95 $9.00 50% off + extra 10% in the app Logo Hoodie Keychain Charm $14.95 $7.00 50% off + extra 10% in the app Gap Logo Tote Bag $59.95 $35.00 40% off + extra 10% in the app Logo Hoodie Keychain Charm $14.95 $7.00 50% off + extra 10% in the app Gap Logo Tote Bag $54.95 $32.00 40% off + extra 10% in the app Brannan Bear Hoodie Keychain Charm $19.95 $11.00 40% off + extra 10% in the app Gap Logo Tote Bag $54.95 $43.00 20% off + extra 10% in the app Brannan Bear Hoodie Keychain Charm $19.95 $11.00 40% off + extra 10% in the app,& care 100% Cotton Spot clean. Imported. Shipping & returns Customers also viewed Toy Logo Hoodie $14.95 $7.00 50% off + extra 10% in the app Brannan Bear Scarf Keychain Charm $19.95 $9.00 50% off + extra 10% in the app Toy Logo Hoodie $14.95 $7.00 50% off + extra 10% in the app Trench Coat Keychain Charm $19.95 $15.00 20% off + extra 10% in the app Toy Logo Hoodie $14.95 $7.00 50% off + extra 10% in the app You may also like Brannan Bear Denim Jacket Keychain Charm $19.95 $13.00 30% off + extra 10% in the app Brannan Bear Sleep Keychain Charm $19.95 $11.00 40% off + extra 10% in the app Brannan Bear T-Shirt Keychain Charm $19.95 $9.00 50% off + extra 10% in the app Logo Hoodie Keychain Charm $14.95 $7.00 50% off + extra 10% in the app Gap Logo Tote Bag $59.95 $35.00 40% off + extra 10% in the app Logo Hoodie Keychain Charm $14.95 $7.00 50% off + extra 10% in the app Gap Logo Tote Bag $54.95 $32.00 40% off + extra 10% in the app Brannan Bear Hoodie Keychain Charm $19.95 $11.00 40% off + extra 10% in the app Gap Logo Tote Bag $54.95 $43.00 20% off + extra 10% in the app Brannan Bear Hoodie Keychain Charm $19.95 $11.00 40% off + extra 10% in the app,Size Guide,https://www.gap.com/webcontent/0061/728/271/cn61728271.jpg,15,2026-02-22,https://www.gap.com/browse/product.do?pid=830138212&vid=1&pcid=3046544&cid=3046544
830138202,gap,Gap,Logo Tote Keychain Charm,,11.0,19.95,,True,5,22,Soft canvas cotton logo tote bag keychain charm. #830138; Soft canvas cotton logo tote bag keychain charm. #830138 Fabric & care 100% Cotton Spot clean. Imported. Shipping & returns Customers also viewed Logo Hoodie Keychain Charm $14.95 $7.00 50% off + extra 10% in the app Brannan Bear Sweater Keychain Charm $19.95 $11.00 40% off + extra 10% in the app Brannan Bear Denim Jacket Keychain Charm $19.95 $13.00 30% off + extra 10% in the app Gap Jeans Keychain Charm $19.95 $11.00 40% off + extra 10% in the app Brannan Bear Hoodie Keychain Charm $19.95 $17.00 Extra 10% off in the app You may also like Brannan Bear Sleep Keychain Charm $19.95 $11.00 40% off + extra 10% in the app Toy Logo Hoodie $14.95 $7.00 50% off + extra 10% in the app Brannan Bear Scarf Keychain Charm $19.95 $9.00 50% off + extra 10% in the app Toy Logo Hoodie $14.95 $7.00 50% off + extra 10% in the app Gap Logo Tote Bag $59.95 $35.00 40% off + extra 10% in the app Toy Logo Hoodie $14.95 $7.00 50% off + extra 10% in the app Gap Logo Tote Bag $54.95 $32.00 40% off + extra 10% in the app Denim Tote Bag $59.95 $41.00 30% off + extra 10% in the app Gap Logo Tote Bag $54.95 $43.00 20% off + extra 10% in the app Gap Logo Tote Bag $49.95 Extra 10% off in the app,& care 100% Cotton Spot clean. Imported. Shipping & returns Customers also viewed Logo Hoodie Keychain Charm $14.95 $7.00 50% off + extra 10% in the app Brannan Bear Sweater Keychain Charm $19.95 $11.00 40% off + extra 10% in the app Brannan Bear Denim Jacket Keychain Charm $19.95 $13.00 30% off + extra 10% in the app Gap Jeans Keychain Charm $19.95 $11.00 40% off + extra 10% in the app Brannan Bear Hoodie Keychain Charm $19.95 $17.00 Extra 10% off in the app You may also like Brannan Bear Sleep Keychain Charm $19.95 $11.00 40% off + extra 10% in the app Toy Logo Hoodie $14.95 $7.00 50% off + extra 10% in the app Brannan Bear Scarf Keychain Charm $19.95 $9.00 50% off + extra 10% in the app Toy Logo Hoodie $14.95 $7.00 50% off + extra 10% in the app Gap Logo Tote Bag $59.95 $35.00 40% off + extra 10% in the app Toy Logo Hoodie $14.95 $7.00 50% off + extra 10% in the app Gap Logo Tote Bag $54.95 $32.00 40% off + extra 10% in the app Denim Tote Bag $59.95 $41.00 30% off + extra 10% in the app Gap Logo Tote Bag $54.95 $43.00 20% off + extra 10% in the app Gap Logo Tote Bag $49.95 Extra 10% off in the app,Size Guide,https://www.gap.com/webcontent/0061/520/424/cn61520424.jpg,15,2026-02-22,https://www.gap.com/browse/product.do?pid=830138202&vid=1&pcid=3046544&cid=3046544
830138182,gap,Gap,Logo Tote Keychain Charm,,11.0,19.95,,True,5,22,Soft canvas cotton logo tote bag keychain charm. #830138; Soft canvas cotton logo tote bag keychain charm. #830138 Fabric & care 100% Cotton Spot clean. Imported. Shipping & returns Customers also viewed Toy Logo Hoodie $14.95 $7.00 50% off + extra 10% in the app Logo Hoodie Keychain Charm $14.95 $7.00 50% off + extra 10% in the app Toy Logo Hoodie $14.95 $7.00 50% off + extra 10% in the app Brannan Bear Scarf Keychain Charm $19.95 $9.00 50% off + extra 10% in the app Toy Logo Hoodie $14.95 $7.00 50% off + extra 10% in the app You may also like Brannan Bear Denim Jacket Keychain Charm $19.95 $13.00 30% off + extra 10% in the app Brannan Bear Sleep Keychain Charm $19.95 $11.00 40% off + extra 10% in the app Brannan Bear Nap Hoodie Keychain Charm $19.95 $11.00 40% off + extra 10% in the app Toy Logo Hoodie $14.95 $7.00 50% off + extra 10% in the app Logo Hoodie Keychain Charm $14.95 $7.00 50% off + extra 10% in the app Gap Logo Tote Bag $59.95 $35.00 40% off + extra 10% in the app Denim Tote Bag $59.95 $41.00 30% off + extra 10% in the app Gap Logo Tote Bag $54.95 $43.00 20% off + extra 10% in the app Logo Hoodie Keychain Charm $14.95 $7.00 50% off + extra 10% in the app Gap Logo Tote Bag $54.95 $32.00 40% off + extra 10% in the app,& care 100% Cotton Spot clean. Imported. Shipping & returns Customers also viewed Toy Logo Hoodie $14.95 $7.00 50% off + extra 10% in the app Logo Hoodie Keychain Charm $14.95 $7.00 50% off + extra 10% in the app Toy Logo Hoodie $14.95 $7.00 50% off + extra 10% in the app Brannan Bear Scarf Keychain Charm $19.95 $9.00 50% off + extra 10% in the app Toy Logo Hoodie $14.95 $7.00 50% off + extra 10% in the app You may also like Brannan Bear Denim Jacket Keychain Charm $19.95 $13.00 30% off + extra 10% in the app Brannan Bear Sleep Keychain Charm $19.95 $11.00 40% off + extra 10% in the app Brannan Bear Nap Hoodie Keychain Charm $19.95 $11.00 40% off + extra 10% in the app Toy Logo Hoodie $14.95 $7.00 50% off + extra 10% in the app Logo Hoodie Keychain Charm $14.95 $7.00 50% off + extra 10% in the app Gap Logo Tote Bag $59.95 $35.00 40% off + extra 10% in the app Denim Tote Bag $59.95 $41.00 30% off + extra 10% in the app Gap Logo Tote Bag $54.95 $43.00 20% off + extra 10% in the app Logo Hoodie Keychain Charm $14.95 $7.00 50% off + extra 10% in the app Gap Logo Tote Bag $54.95 $32.00 40% off + extra 10% in the app,Size Guide,https://www.gap.com/webcontent/0061/502/325/cn61502325.jpg,15,2026-02-22,https://www.gap.com/browse/product.do?pid=830138182&vid=1&pcid=3046544&cid=3051539
846627002,gap,Gap,Vegan Leather Rhinestone Barrel Bag,,34.99,54.95,,True,4.3,12,Vegan suede and vegan leather barrel bag. Zipper at top. Adjustable shoulder strap. Rhinestone detail at sides. #846627,& care 100% Polyester. Spot clean. Imported. Shipping & returns Customers also viewed Vegan Suede Barrel Bag $49.95 $19.00 60% off + extra 10% in the app Vegan Suede Bucket Bag $74.95 $67.00 Extra 10% off in the app Vegan Suede Barrel Bag $49.95 $39.00 20% off + extra 10% in the app Vegan Suede Bucket Bag $74.95 $59.00 20% off + extra 10% in the app Vegan Suede Barrel Bag $49.95 $24.00 50% off + extra 10% in the app You may also like Gap Logo Tote Bag $49.95 Extra 10% off in the app Vegan Suede Bucket Bag $74.95 $59.00 20% off + extra 10% in the app Vegan Leather Bucket Tote Bag $69.95 $62.00 Extra 10% off in the app Vegan Suede Slouchy Tote Bag $69.95 $27.00 60% off + extra 10% in the app Leather Square-Buckle Belt $79.95 Extra 10% off in the app Vegan Suede Ballet Flats $59.95 $35.00 40% off + extra 10% in the app Logo Tote Keychain Charm $19.95 $11.00 40% off + extra 10% in the app Vegan Suede Bucket Bag $74.95 $37.00 50% off + extra 10% in the app Slingback Kitten Heels $69.95 $41.00 40% off + extra 10% in the app Gap Logo Tote Bag $54.95 $32.00 40% off + extra 10% in the app,Size Guide,https://www.gap.com/webcontent/0060/271/534/cn60271534.jpg,1,2026-02-22,https://www.gap.com/browse/product.do?pid=846627002&vid=1&pcid=3046544&cid=3051538
830139002,gap,Gap,Brannan Bear Denim Jacket Keychain Charm,,13.0,19.95,,True,4.7,16,This keychain charm is made of soft denim and faux fur with a metal key ring. Embroidered bear detail and icon denim jacket stitching at front. #830139,& care Wipe clean. Imported. Shipping & returns Customers also viewed Logo Tote Keychain Charm $19.95 $15.00 20% off + extra 10% in the app Gap Jeans Keychain Charm $19.95 $11.00 40% off + extra 10% in the app Logo Tote Keychain Charm $19.95 $11.00 40% off + extra 10% in the app Logo Hoodie Keychain Charm $14.95 $7.00 50% off + extra 10% in the app Logo Tote Keychain Charm $19.95 $11.00 40% off + extra 10% in the app You may also like Logo Tote Keychain Charm $19.95 $11.00 40% off + extra 10% in the app Brannan Bear Scarf Keychain Charm $19.95 $9.00 50% off + extra 10% in the app Logo Tote Keychain Charm $19.95 $11.00 40% off + extra 10% in the app Brannan Bear Hoodie Keychain Charm $19.95 $17.00 Extra 10% off in the app Toy Logo Hoodie $14.95 $7.00 50% off + extra 10% in the app Brannan Bear T-Shirt Keychain Charm $19.95 $9.00 50% off + extra 10% in the app Logo Tote Keychain Charm $19.95 $11.00 40% off + extra 10% in the app Logo Tote Keychain Charm $19.95 $11.00 40% off + extra 10% in the app Gap Logo Tote Bag $54.95 $32.00 40% off + extra 10% in the app Logo Tote Keychain Charm $19.95 $11.00 40% off + extra 10% in the app,Size Guide,https://www.gap.com/webcontent/0061/438/695/cn61438695.jpg,1,2026-02-22,https://www.gap.com/browse/product.do?pid=830139002&vid=1&pcid=3046544&cid=3046544
847836012,gap,Gap,Kids Faux Fur Backpack,,15.0,39.95,,True,4.9,30,Soft faux fur backpack. Handle at top. Adjustable shoulder straps. Vegan leather drawstring closures. #847836,& care 100% Polyester. Wipe clean. Imported. Shipping & returns Customers also viewed Kids Cow Print Sneakers $44.95 $17.00 60% off + extra 10% in the app Kids Crochet Mary Jane Flats $49.95 $29.00 40% off + extra 10% in the app Kids Quilted Weekender Bag $69.95 $41.00 40% off + extra 10% in the app Kids Quilted Weekender Bag $69.95 $27.00 60% off + extra 10% in the app Kids Jelly Ballet Flats $39.95 $23.00 40% off + extra 10% in the app You may also like Kids Faux Fur Clogs $39.95 $15.00 60% off + extra 10% in the app Kids Quilted Pouch $34.95 $20.00 40% off + extra 10% in the app Kids T-Strap Loafers $49.95 $19.00 60% off + extra 10% in the app Kids Crochet Mary Jane Flats $49.95 $29.00 40% off + extra 10% in the app Kids Quarter Crew Socks (3-Pack) $14.95 $8.00 40% off + extra 10% in the app Kids Sheer Dot Crew Socks (2-Pack) $12.95 $7.00 40% off + extra 10% in the app Kids Mary Jane Sneakers $49.95 $29.00 40% off + extra 10% in the app Kids Hello Kitty Duffle Bag $89.95 $53.00 40% off + extra 10% in the app Kids Puffer Jacket $108.00 $54.00 50% off + extra 10% in the app Kids Slouchy Varsity Quarter Crew Socks (7-Pack) $24.95 $14.00 40% off + extra 10% in the app,Size Guide,https://www.gap.com/webcontent/0061/120/754/cn61120754.jpg,2,2026-02-22,https://www.gap.com/browse/product.do?pid=847836012&vid=1&pcid=3046567&cid=3046567
847805002,gap,Gap,Kids Bow Logo Crossbody Bag,,13.0,34.95,,True,4.7,4,This bag is made with an PU upper. Adjustable shoulder strap. Zipper closures at top and front pocket. Gap logo at front. Allover bow print. #847805,& care 100% Polyurethane. Lining: 100% Polyester. Wipe clean. Imported. Shipping & returns Customers also viewed Kids Quilted Colorblock Duffel Bag $69.95 $34.00 50% off + extra 10% in the app Kids Hello Kitty Duffle Bag $89.95 $53.00 40% off + extra 10% in the app Kids Quilted Weekender Bag $69.95 $34.00 50% off + extra 10% in the app Kids Quilted Weekender Bag $69.95 $41.00 40% off + extra 10% in the app Kids Denim Terry Heart Baseball Hat $19.95 $11.00 40% off + extra 10% in the app You may also like Kids Quilted Pouch $34.95 $20.00 40% off + extra 10% in the app Kids Cow Print Sneakers $44.95 $17.00 60% off + extra 10% in the app Kids Quilted Brannan Bear Weekender Bag $69.95 $27.00 60% off + extra 10% in the app Kids Faux Fur Backpack $39.95 $15.00 60% off + extra 10% in the app Kids Sanrio Oversized Graphic T-Shirt $29.95 $17.00 40% off + extra 10% in the app Kids Faux Fur Backpack $39.95 $15.00 60% off + extra 10% in the app Kids Oversized T-Shirt $24.95 $14.00 40% off + extra 10% in the app Kids Sanrio Oversized Graphic T-Shirt $29.95 $17.00 40% off + extra 10% in the app Kids Oversized T-Shirt $19.95 $11.00 40% off + extra 10% in the app Kids Graphic T-Shirt $19.95 $11.00 40% off + extra 10% in the app,Size Guide,https://www.gap.com/webcontent/0060/367/792/cn60367792.jpg,1,2026-02-22,https://www.gap.com/browse/product.do?pid=847805002&vid=1&pcid=3046567&cid=3046567
872177002,gap,Gap,Brannan Bear Logo Denim Tote Bag,,47.0,59.95,,True,5,6,"Authentic non-stretch denim tote bag. Shoulder straps. Snap button closure. Outer and inner patch pockets. Embroidered Brannan Bear with Gap arch logo. White wash. This pair of denim tote is part of our water-saving Washwell program. Compared with conventional wash methods, Washwell uses at least 20% less water. #872177","& care Cotton 100% Machine wash cold, gentle cycle. Lay flat to dry. Imported. Shipping & returns Customers also viewed Logo Tote Keychain Charm $19.95 $11.00 40% off + extra 10% in the app Brannan Bear Scarf Keychain Charm $19.95 $9.00 50% off + extra 10% in the app Logo Tote Keychain Charm $19.95 $11.00 40% off + extra 10% in the app Gap Logo Tote Bag $59.95 Extra 10% off in the app Logo Tote Keychain Charm $19.95 $15.00 20% off + extra 10% in the app You may also like Logo Hoodie Keychain Charm $14.95 $7.00 50% off + extra 10% in the app Logo Tote Keychain Charm $19.95 $11.00 40% off + extra 10% in the app Gap Logo Tote Bag $54.95 $43.00 20% off + extra 10% in the app Logo Tote Keychain Charm $19.95 $11.00 40% off + extra 10% in the app Brannan Bear Sweater Keychain Charm $19.95 $11.00 40% off + extra 10% in the app Straw Tote Bag $79.95 $63.00 20% off + extra 10% in the app Brannan Bear Sleep Keychain Charm $19.95 $11.00 40% off + extra 10% in the app Logo Tote Keychain Charm $19.95 $11.00 40% off + extra 10% in the app Gap Logo Tote Bag $49.95 Extra 10% off in the app Toy Logo Hoodie $14.95 $7.00 50% off + extra 10% in the app",Size Guide,https://www.gap.com/webcontent/0060/681/835/cn60681835.jpg,1,2026-02-22,https://www.gap.com/browse/product.do?pid=872177002&vid=1&pcid=3046544&cid=3046544
847836002,gap,Gap,Kids Faux Fur Backpack,,15.0,39.95,,True,4.9,30,Soft faux fur backpack. Handle at top. Adjustable shoulder straps. Vegan leather drawstring closures. #847836,& care 100% Polyester. Wipe clean. Imported. Shipping & returns Customers also viewed Kids Cow Print Sneakers $44.95 $17.00 60% off + extra 10% in the app Kids Crochet Mary Jane Flats $49.95 $29.00 40% off + extra 10% in the app Kids T-Strap Loafers $49.95 $19.00 60% off + extra 10% in the app Kids Jelly Ballet Flats $39.95 $23.00 40% off + extra 10% in the app Kids Quilted Weekender Bag $69.95 $41.00 40% off + extra 10% in the app You may also like Kids Quilted Pouch $34.95 $20.00 40% off + extra 10% in the app Kids Crochet Mary Jane Flats $49.95 $29.00 40% off + extra 10% in the app Kids Bucket Hat $24.95 $14.00 40% off + extra 10% in the app Kids Faux Fur Earmuffs $29.95 $11.00 60% off + extra 10% in the app Kids Bow Logo Crossbody Bag $34.95 $13.00 60% off + extra 10% in the app Kids Shimmer Straw Backpack $39.95 $23.00 40% off + extra 10% in the app Kids Hello Kitty Duffle Bag $89.95 $53.00 40% off + extra 10% in the app Kids Quilted Colorblock Duffel Bag $69.95 $34.00 50% off + extra 10% in the app Kids Oversized Ruffle Collar Logo Sweatshirt Dress $49.95 $24.00 50% off + extra 10% in the app Kids Oversized Quilted Zip Jacket $64.95 $38.00 40% off + extra 10% in the app,Size Guide,https://www.gap.com/webcontent/0061/221/407/cn61221407.jpg,2,2026-02-22,https://www.gap.com/browse/product.do?pid=847836002&vid=1&pcid=3046567&cid=3046567
850454002,gap,Gap,Hill City Tote Bag,,59.95,74.95,,True,0,,"Soft cotton tote bag. Shoulder straps at top. Hill City logo at front. #850454; A collection of our favorite accessories from Hill City, a performance brand known for technical fabrics and modern fits. Soft cotton tote bag. Shoulder straps at top. Hill City logo at front. #850454 Fabric & care 100% Cotton. Spot clean. Imported. Shipping & returns Customers also viewed Hill City Crew Socks $15.95 Excluded from promotions Waxed Canvas Tote Bag $74.95 $44.00 40% off + extra 10% in the app Gap × Sushi Club Logo Trucker Hat $95.00 Excluded from promotions Waxed Canvas Tote Bag $74.95 $44.00 40% off + extra 10% in the app Hill City Ankle Socks $12.95 Excluded from promotions You may also like Sherpa Oversized Half-Zip Pullover $89.95 $44.00 50% off + extra 10% in the app CashSoft Beanie $34.95 $13.00 60% off + extra 10% in the app Sherpa Oversized Half-Zip Pullover $89.95 $44.00 50% off + extra 10% in the app CashSoft Beanie $34.95 $13.00 60% off + extra 10% in the app Denim Brannan Bear Baseball Hat $29.95 Extra 10% off in the app CashSoft Beanie $34.95 $13.00 60% off + extra 10% in the app Drawcord Hood $39.95 $15.00 60% off + extra 10% in the app Hybrid Slim Khakis $79.95 $39.00 50% off + extra 10% in the app Drawcord Hood $39.95 $15.00 60% off + extra 10% in the app Classic T-Shirt $19.95 $15.00 20% off + extra 10% in the app",s and modern fits. Soft cotton tote bag. Shoulder straps at top. Hill City logo at front. #850454 Fabric & care 100% Cotton. Spot clean. Imported. Shipping & returns Customers also viewed Hill City Crew Socks $15.95 Excluded from promotions Waxed Canvas Tote Bag $74.95 $44.00 40% off + extra 10% in the app Gap × Sushi Club Logo Trucker Hat $95.00 Excluded from promotions Waxed Canvas Tote Bag $74.95 $44.00 40% off + extra 10% in the app Hill City Ankle Socks $12.95 Excluded from promotions You may also like Sherpa Oversized Half-Zip Pullover $89.95 $44.00 50% off + extra 10% in the app CashSoft Beanie $34.95 $13.00 60% off + extra 10% in the app Sherpa Oversized Half-Zip Pullover $89.95 $44.00 50% off + extra 10% in the app CashSoft Beanie $34.95 $13.00 60% off + extra 10% in the app Denim Brannan Bear Baseball Hat $29.95 Extra 10% off in the app CashSoft Beanie $34.95 $13.00 60% off + extra 10% in the app Drawcord Hood $39.95 $15.00 60% off + extra 10% in the app Hybrid Slim Khakis $79.95 $39.00 50% off + extra 10% in the app Drawcord Hood $39.95 $15.00 60% off + extra 10% in the app Classic T-Shirt $19.95 $15.00 20% off + extra 10% in the app,Size Guide,https://www.gap.com/webcontent/0060/784/373/cn60784373.jpg,1,2026-02-22,https://www.gap.com/browse/product.do?pid=850454002&vid=1&pcid=3046544&cid=3046544
865135002,gap,Gap,Kids Quilted Brannan Bear Weekender Bag,,27.0,69.95,,True,3.8,5,Soft quilted weekender bag. Shoulder strap and handles at top. Zipper closure. Pockets at front. Allover Brannan Bear print. #865135,& care 100% Polyester. Spot clean. Imported. Shipping & returns Customers also viewed Kids Quilted Weekender Bag $69.95 $41.00 40% off + extra 10% in the app Kids Quilted Pouch $34.95 $20.00 40% off + extra 10% in the app Kids Quilted Weekender Bag $69.95 $27.00 60% off + extra 10% in the app Kids Hello Kitty Duffle Bag $89.95 $53.00 40% off + extra 10% in the app Kids Crochet Mary Jane Flats $49.95 $29.00 40% off + extra 10% in the app You may also like Kids Quilted Colorblock Duffel Bag $69.95 $34.00 50% off + extra 10% in the app Kids Quilted Weekender Bag $69.95 $34.00 50% off + extra 10% in the app Kids Cross-Back One-Piece Swimsuit $39.95 $23.00 40% off + extra 10% in the app Kids Bow Logo Crossbody Bag $34.95 $13.00 60% off + extra 10% in the app Kids Cross-Back One-Piece Swimsuit $39.95 $23.00 40% off + extra 10% in the app Kids Tankini & Skort Swim Set $49.95 $29.00 40% off + extra 10% in the app Kids Cap-Sleeve Athletic Dress $49.95 $29.00 40% off + extra 10% in the app Kids Pointelle Rib Fitted T-Shirt $24.95 $14.00 40% off + extra 10% in the app Kids Gingham Denim Dress $59.95 $35.00 40% off + extra 10% in the app Kids Graphic T-Shirt $19.95 $11.00 40% off + extra 10% in the app,Size Guide,https://www.gap.com/webcontent/0061/136/135/cn61136135.jpg,1,2026-02-22,https://www.gap.com/browse/product.do?pid=865135002&vid=1&pcid=3046567&cid=3046567
876391002,gap,Gap,Canvas Slouchy Tote Bag,,47.0,59.95,,True,0,,Smooth cotton canvas slouchy tote bag. Vegan leather shoulder straps at top. Snap tab button closure. Gap logo at front. #876391,& care 100% Cotton. Straps: 100% Vegan Leather. Spot clean. Imported. Shipping & returns Customers also viewed Crochet Tote Bag $69.95 $55.00 20% off + extra 10% in the app Straw Tote Bag $79.95 $63.00 20% off + extra 10% in the app Crochet Tote Bag $69.95 $55.00 20% off + extra 10% in the app Gap Logo Tote Bag $59.95 Extra 10% off in the app Crochet Tote Bag $69.95 $55.00 20% off + extra 10% in the app You may also like Crochet Tote Bag $69.95 $55.00 20% off + extra 10% in the app Brannan Bear Logo Denim Tote Bag $59.95 $47.00 20% off + extra 10% in the app Logo Tote Keychain Charm $19.95 $15.00 20% off + extra 10% in the app Gap Logo Tote Bag $59.95 Extra 10% off in the app Logo Tote Keychain Charm $19.95 $11.00 40% off + extra 10% in the app Logo Hoodie Keychain Charm $14.95 $7.00 50% off + extra 10% in the app Lace Tights $19.95 $17.00 Extra 10% off in the app Gap Logo Tote Bag $54.95 $32.00 40% off + extra 10% in the app Denim Tote Bag $59.95 $47.00 20% off + extra 10% in the app Gap Logo Tote Bag $54.95 $43.00 20% off + extra 10% in the app,Size Guide,https://www.gap.com/webcontent/0061/456/152/cn61456152.jpg,4,2026-02-22,https://www.gap.com/browse/product.do?pid=876391002&vid=1&pcid=3046544&cid=3051538
876262002,gap,Gap,Brannan Bear T-Shirt Keychain Charm,,9.0,19.95,,True,0,,"This keychain charm is made of soft knit and faux fur with a metal key ring. Embroidered bear detail and Gap logo at front. This product was made in a factory that invests in gender equity and women’s empowerment through RISE. Learn more at <a href="" https://www.gapinc.com/en-us/impact/bridging-the-equity-gap/p-a-c-e-and-rise""><u>gapinc.com/equity </u></a>. #876262; This keychain charm is made of soft knit and faux fur with a metal key ring. Embroidered bear detail and Gap logo at front. This product was made in a factory that invests in gender equity and women’s empowerment through RISE. Learn more at gapinc.com/equity . #876262 Fabric & care 100% Polyester Cozy Sherpa. Spot clean. Imported. Shipping & returns Customers also viewed Logo Tote Keychain Charm $19.95 $15.00 20% off + extra 10% in the app Brannan Bear Denim Jacket Keychain Charm $19.95 $13.00 30% off + extra 10% in the app Logo Tote Keychain Charm $19.95 $11.00 40% off + extra 10% in the app Gap Logo Tote Bag $54.95 $32.00 40% off + extra 10% in the app Brannan Bear Sweater Keychain Charm $19.95 $11.00 40% off + extra 10% in the app You may also like Gap Jeans Keychain Charm $19.95 $11.00 40% off + extra 10% in the app Logo Tote Keychain Charm $19.95 $11.00 40% off + extra 10% in the app Brannan Bear Sleep Keychain Charm $19.95 $11.00 40% off + extra 10% in the app Logo Tote Keychain Charm $19.95 $11.00 40% off + extra 10% in the app Gap Logo Tote Bag $54.95 $43.00 20% off + extra 10% in the app Brannan Bear Hoodie Keychain Charm $19.95 $17.00 Extra 10% off in the app Gap Logo Tote Bag $54.95 $32.00 40% off + extra 10% in the app Brannan Bear Hoodie Keychain Charm $19.95 $11.00 40% off + extra 10% in the app Gap Logo Tote Bag $54.95 $43.00 20% off + extra 10% in the app Logo Tote Keychain Charm $19.95 $11.00 40% off + extra 10% in the app",& care 100% Polyester Cozy Sherpa. Spot clean. Imported. Shipping & returns Customers also viewed Logo Tote Keychain Charm $19.95 $15.00 20% off + extra 10% in the app Brannan Bear Denim Jacket Keychain Charm $19.95 $13.00 30% off + extra 10% in the app Logo Tote Keychain Charm $19.95 $11.00 40% off + extra 10% in the app Gap Logo Tote Bag $54.95 $32.00 40% off + extra 10% in the app Brannan Bear Sweater Keychain Charm $19.95 $11.00 40% off + extra 10% in the app You may also like Gap Jeans Keychain Charm $19.95 $11.00 40% off + extra 10% in the app Logo Tote Keychain Charm $19.95 $11.00 40% off + extra 10% in the app Brannan Bear Sleep Keychain Charm $19.95 $11.00 40% off + extra 10% in the app Logo Tote Keychain Charm $19.95 $11.00 40% off + extra 10% in the app Gap Logo Tote Bag $54.95 $43.00 20% off + extra 10% in the app Brannan Bear Hoodie Keychain Charm $19.95 $17.00 Extra 10% off in the app Gap Logo Tote Bag $54.95 $32.00 40% off + extra 10% in the app Brannan Bear Hoodie Keychain Charm $19.95 $11.00 40% off + extra 10% in the app Gap Logo Tote Bag $54.95 $43.00 20% off + extra 10% in the app Logo Tote Keychain Charm $19.95 $11.00 40% off + extra 10% in the app,Size Guide,https://www.gap.com/webcontent/0061/645/812/cn61645812.jpg,1,2026-02-22,https://www.gap.com/browse/product.do?pid=876262002&vid=1&pcid=3046544&cid=3051539
876392002,gap,Gap,Crochet Tote Bag,,55.0,69.95,,True,0,,This tote bag is made with a crochet knit cotton outer. Vegan leather shoulder straps. Snap button closure. Inner patch pocket. Certain styles have allover stripes. #876392,"& care Chocolate Brown: 67% Polyester, 21% Cotton, 10% Rayon. Black White Stripe: 74% Polyester, 14% Cotton, 9% Rayon. Black: 68% Polyester, 18% Cotton, 10% Rayon. Natural: 85% Polyester, 7% Cotton, 5% Rayon. Spot clean. Imported. Shipping & returns Customers also viewed Lace Tights $19.95 $17.00 Extra 10% off in the app Flip Flop Sandals $44.95 $35.00 20% off + extra 10% in the app Straw Bucket Hat $49.95 $39.00 20% off + extra 10% in the app Mesh Flats $64.95 $51.00 20% off + extra 10% in the app Vegan Leather Bucket Tote Bag $69.95 $62.00 Extra 10% off in the app You may also like Eyelet Bandana Scarf $39.95 $31.00 20% off + extra 10% in the app Flip Flop Sandals $44.95 $35.00 20% off + extra 10% in the app Eyelet Bandana Scarf $39.95 $31.00 20% off + extra 10% in the app Mesh Flats $64.95 $51.00 20% off + extra 10% in the app Brannan Bear Logo Denim Tote Bag $59.95 $47.00 20% off + extra 10% in the app Mesh Flats $64.95 $51.00 20% off + extra 10% in the app Pointelle Beanie $39.95 $15.00 60% off + extra 10% in the app Gap Logo Tote Bag $59.95 Extra 10% off in the app Sheer Button-Front Peplum Top $69.95 $55.00 20% off + extra 10% in the app Gap Logo Tote Bag $59.95 Extra 10% off in the app",Size Guide,https://www.gap.com/webcontent/0061/406/122/cn61406122.jpg,5,2026-02-22,https://www.gap.com/browse/product.do?pid=876392002&vid=1&pcid=3046544&cid=3051538
876391012,gap,Gap,Canvas Slouchy Tote Bag,,47.0,59.95,,True,0,,Smooth cotton canvas slouchy tote bag. Vegan leather shoulder straps at top. Snap tab button closure. Gap logo at front. #876391,& care 100% Cotton. Straps: 100% Vegan Leather. Spot clean. Imported. Shipping & returns Customers also viewed Logo Tote Keychain Charm $19.95 $11.00 40% off + extra 10% in the app Gap Logo Tote Bag $59.95 $35.00 40% off + extra 10% in the app Logo Tote Keychain Charm $19.95 $11.00 40% off + extra 10% in the app Gap Logo Tote Bag $59.95 Extra 10% off in the app Logo Tote Keychain Charm $19.95 $15.00 20% off + extra 10% in the app You may also like Toy Logo Hoodie $14.95 $7.00 50% off + extra 10% in the app Gap Logo Tote Bag $54.95 $43.00 20% off + extra 10% in the app Brannan Bear Hoodie Keychain Charm $19.95 $11.00 40% off + extra 10% in the app Brannan Bear Logo Denim Tote Bag $59.95 $47.00 20% off + extra 10% in the app Gap Logo Tote Bag $54.95 $43.00 20% off + extra 10% in the app Crochet Tote Bag $69.95 $55.00 20% off + extra 10% in the app Gap Logo Tote Bag $59.95 Extra 10% off in the app Denim Tote Bag $59.95 $41.00 30% off + extra 10% in the app Gap Logo Tote Bag $54.95 $43.00 20% off + extra 10% in the app Crochet Tote Bag $69.95 $55.00 20% off + extra 10% in the app,Size Guide,https://www.gap.com/webcontent/0061/456/169/cn61456169.jpg,4,2026-02-22,https://www.gap.com/browse/product.do?pid=876391012&vid=1&pcid=3046544&cid=3051538
876257002,gap,Gap,Trench Coat Keychain Charm,,15.0,19.95,,True,0,,"This keychain charm is made of plastic with a metal key ring. Trench coat design. This product was made in a factory that invests in gender equity and women’s empowerment through RISE. Learn more at <a href="" https://www.gapinc.com/en-us/impact/bridging-the-equity-gap/p-a-c-e-and-rise""><u>gapinc.com/equity </u></a>. #876257; This keychain charm is made of plastic with a metal key ring. Trench coat design. This product was made in a factory that invests in gender equity and women’s empowerment through RISE. Learn more at gapinc.com/equity . #876257 Fabric & care 100% Plastic. Wipe clean. Imported. Shipping & returns Customers also viewed Logo Tote Keychain Charm $19.95 $11.00 40% off + extra 10% in the app Toy Logo Hoodie $14.95 $7.00 50% off + extra 10% in the app Logo Tote Keychain Charm $19.95 $15.00 20% off + extra 10% in the app Crochet Tote Bag $69.95 $55.00 20% off + extra 10% in the app Logo Tote Keychain Charm $19.95 $11.00 40% off + extra 10% in the app You may also like Logo Hoodie Keychain Charm $14.95 $7.00 50% off + extra 10% in the app Brannan Bear Logo Crew Socks $17.95 $8.00 50% off + extra 10% in the app Logo Tote Keychain Charm $19.95 $11.00 40% off + extra 10% in the app Brannan Bear Denim Jacket Keychain Charm $19.95 $13.00 30% off + extra 10% in the app Toy Logo Hoodie $14.95 $7.00 50% off + extra 10% in the app Lace Tights $19.95 $17.00 Extra 10% off in the app Gap Jeans Keychain Charm $19.95 $11.00 40% off + extra 10% in the app Logo Tote Keychain Charm $19.95 $11.00 40% off + extra 10% in the app Gap Logo Tote Bag $54.95 $43.00 20% off + extra 10% in the app Brannan Bear Hoodie Keychain Charm $19.95 $17.00 Extra 10% off in the app",& care 100% Plastic. Wipe clean. Imported. Shipping & returns Customers also viewed Logo Tote Keychain Charm $19.95 $11.00 40% off + extra 10% in the app Toy Logo Hoodie $14.95 $7.00 50% off + extra 10% in the app Logo Tote Keychain Charm $19.95 $15.00 20% off + extra 10% in the app Crochet Tote Bag $69.95 $55.00 20% off + extra 10% in the app Logo Tote Keychain Charm $19.95 $11.00 40% off + extra 10% in the app You may also like Logo Hoodie Keychain Charm $14.95 $7.00 50% off + extra 10% in the app Brannan Bear Logo Crew Socks $17.95 $8.00 50% off + extra 10% in the app Logo Tote Keychain Charm $19.95 $11.00 40% off + extra 10% in the app Brannan Bear Denim Jacket Keychain Charm $19.95 $13.00 30% off + extra 10% in the app Toy Logo Hoodie $14.95 $7.00 50% off + extra 10% in the app Lace Tights $19.95 $17.00 Extra 10% off in the app Gap Jeans Keychain Charm $19.95 $11.00 40% off + extra 10% in the app Logo Tote Keychain Charm $19.95 $11.00 40% off + extra 10% in the app Gap Logo Tote Bag $54.95 $43.00 20% off + extra 10% in the app Brannan Bear Hoodie Keychain Charm $19.95 $17.00 Extra 10% off in the app,Size Guide,https://www.gap.com/webcontent/0061/518/846/cn61518846.jpg,1,2026-02-22,https://www.gap.com/browse/product.do?pid=876257002&vid=1&pcid=3046544&cid=3051539
876392022,gap,Gap,Crochet Tote Bag,,55.0,69.95,,True,0,,This tote bag is made with a crochet knit cotton outer. Vegan leather shoulder straps. Snap button closure. Inner patch pocket. Certain styles have allover stripes. #876392,"& care Chocolate Brown: 67% Polyester, 21% Cotton, 10% Rayon. Black White Stripe: 74% Polyester, 14% Cotton, 9% Rayon. Black: 68% Polyester, 18% Cotton, 10% Rayon. Natural: 85% Polyester, 7% Cotton, 5% Rayon. Spot clean. Imported. Shipping & returns Customers also viewed Logo Tote Keychain Charm $19.95 $11.00 40% off + extra 10% in the app Gap Logo Tote Bag $54.95 $32.00 40% off + extra 10% in the app Logo Tote Keychain Charm $19.95 $11.00 40% off + extra 10% in the app Mesh Flats $64.95 $51.00 20% off + extra 10% in the app Logo Tote Keychain Charm $19.95 $11.00 40% off + extra 10% in the app You may also like Logo Tote Keychain Charm $19.95 $11.00 40% off + extra 10% in the app Gap Logo Tote Bag $59.95 $35.00 40% off + extra 10% in the app Logo Tote Keychain Charm $19.95 $11.00 40% off + extra 10% in the app Gap Logo Tote Bag $54.95 $32.00 40% off + extra 10% in the app Logo Tote Keychain Charm $19.95 $11.00 40% off + extra 10% in the app Gap Logo Tote Bag $54.95 $43.00 20% off + extra 10% in the app Logo Tote Keychain Charm $19.95 $11.00 40% off + extra 10% in the app Mesh Flats $64.95 $51.00 20% off + extra 10% in the app Gap Denim Logo Tote Bag $54.95 $27.00 50% off + extra 10% in the app Lace Tights $19.95 $17.00 Extra 10% off in the app",Size Guide,https://www.gap.com/webcontent/0061/456/250/cn61456250.jpg,5,2026-02-22,https://www.gap.com/browse/product.do?pid=876392022&vid=1&pcid=3046544&cid=3051538
876392032,gap,Gap,Crochet Tote Bag,,55.0,69.95,,True,0,,This tote bag is made with a crochet knit cotton outer. Vegan leather shoulder straps. Snap button closure. Inner patch pocket. Certain styles have allover stripes. #876392,"& care Chocolate Brown: 67% Polyester, 21% Cotton, 10% Rayon. Black White Stripe: 74% Polyester, 14% Cotton, 9% Rayon. Black: 68% Polyester, 18% Cotton, 10% Rayon. Natural: 85% Polyester, 7% Cotton, 5% Rayon. Spot clean. Imported. Shipping & returns Customers also viewed Vegan Suede Ballet Flats $59.95 $35.00 40% off + extra 10% in the app Flip Flop Sandals $44.95 $35.00 20% off + extra 10% in the app Lace Tights $19.95 $17.00 Extra 10% off in the app Mesh Flats $64.95 $51.00 20% off + extra 10% in the app Vegan Leather Bucket Tote Bag $69.95 $55.00 20% off + extra 10% in the app You may also like Gap Denim Logo Tote Bag $54.95 $27.00 50% off + extra 10% in the app Logo Tote Keychain Charm $19.95 $11.00 40% off + extra 10% in the app Flip Flop Sandals $44.95 $35.00 20% off + extra 10% in the app Logo Tote Keychain Charm $19.95 $11.00 40% off + extra 10% in the app Linen-Blend Easy Wide-Leg Pants $79.95 Extra 10% off in the app Sheer Button-Front Peplum Top $69.95 $55.00 20% off + extra 10% in the app Mesh Flats $64.95 $51.00 20% off + extra 10% in the app Gap Logo Tote Bag $59.95 Extra 10% off in the app Eyelet Bandana Scarf $39.95 $31.00 20% off + extra 10% in the app Logo Tote Keychain Charm $19.95 $15.00 20% off + extra 10% in the app",Size Guide,https://www.gap.com/webcontent/0061/339/287/cn61339287.jpg,5,2026-02-22,https://www.gap.com/browse/product.do?pid=876392032&vid=1&pcid=3046544&cid=3046544
876392012,gap,Gap,Crochet Tote Bag,,55.0,69.95,,True,0,,This tote bag is made with a crochet knit cotton outer. Vegan leather shoulder straps. Snap button closure. Inner patch pocket. Certain styles have allover stripes. #876392,"& care Chocolate Brown: 67% Polyester, 21% Cotton, 10% Rayon. Black White Stripe: 74% Polyester, 14% Cotton, 9% Rayon. Black: 68% Polyester, 18% Cotton, 10% Rayon. Natural: 85% Polyester, 7% Cotton, 5% Rayon. Spot clean. Imported. Shipping & returns Customers also viewed Mesh Flats $64.95 $51.00 20% off + extra 10% in the app Flip Flop Sandals $44.95 $35.00 20% off + extra 10% in the app Lace Tights $19.95 $17.00 Extra 10% off in the app Mesh Flats $64.95 $51.00 20% off + extra 10% in the app Flip Flop Sandals $44.95 $35.00 20% off + extra 10% in the app You may also like Straw Tote Bag $79.95 $63.00 20% off + extra 10% in the app Logo Tote Keychain Charm $19.95 $15.00 20% off + extra 10% in the app Straw Bucket Hat $49.95 $39.00 20% off + extra 10% in the app Gap Logo Tote Bag $54.95 $43.00 20% off + extra 10% in the app Eyelet Bandana Scarf $39.95 $31.00 20% off + extra 10% in the app Gap Denim Logo Tote Bag $54.95 $27.00 50% off + extra 10% in the app Gap Logo Tote Bag $54.95 $32.00 40% off + extra 10% in the app Gap Logo Tote Bag $49.95 Extra 10% off in the app Sheer Button-Front Peplum Top $69.95 $55.00 20% off + extra 10% in the app Gap Logo Tote Bag $54.95 $43.00 20% off + extra 10% in the app",Size Guide,https://www.gap.com/webcontent/0061/815/552/cn61815552.jpg,5,2026-02-22,https://www.gap.com/browse/product.do?pid=876392012&vid=1&pcid=3046544&cid=3051538
876406002,gap,Gap,Gap Logo Tote Bag,,43.0,54.95,,True,4.5,15,"Soft, overdyed cotton tote bag. Shoulder straps. Snap button closure. Outer and inner patch pocket. Embroidered mini Gap arch logo at front. Assorted colors & prints. #876406","& care 100% Cotton. Machine wash cold, gentle cycle. Lay flat to dry. Imported. Shipping & returns Customers also viewed Brannan Bear Sleep Keychain Charm $19.95 $11.00 40% off + extra 10% in the app Brannan Bear Hoodie Keychain Charm $19.95 $11.00 40% off + extra 10% in the app Logo Tote Keychain Charm $19.95 $11.00 40% off + extra 10% in the app Brannan Bear Sweater Keychain Charm $19.95 $11.00 40% off + extra 10% in the app Logo Hoodie Keychain Charm $14.95 $7.00 50% off + extra 10% in the app You may also like Logo Tote Keychain Charm $19.95 $11.00 40% off + extra 10% in the app Brannan Bear Hoodie Keychain Charm $19.95 $11.00 40% off + extra 10% in the app Logo Tote Keychain Charm $19.95 $11.00 40% off + extra 10% in the app Brannan Bear Scarf Keychain Charm $19.95 $9.00 50% off + extra 10% in the app Brannan Bear Nap Hoodie Keychain Charm $19.95 $11.00 40% off + extra 10% in the app Brannan Bear Denim Jacket Keychain Charm $19.95 $13.00 30% off + extra 10% in the app Denim Tote Bag $59.95 $41.00 30% off + extra 10% in the app Logo Tote Keychain Charm $19.95 $11.00 40% off + extra 10% in the app Gap Jeans Keychain Charm $19.95 $11.00 40% off + extra 10% in the app Logo Tote Keychain Charm $19.95 $11.00 40% off + extra 10% in the app",Size Guide,https://www.gap.com/webcontent/0061/603/953/cn61603953.jpg,10,2026-02-22,https://www.gap.com/browse/product.do?pid=876406002&vid=1&pcid=3046544&cid=3051538
876392042,gap,Gap,Crochet Tote Bag,,55.0,69.95,,True,0,,This tote bag is made with a crochet knit cotton outer. Vegan leather shoulder straps. Snap button closure. Inner patch pocket. Certain styles have allover stripes. #876392,"& care Chocolate Brown: 67% Polyester, 21% Cotton, 10% Rayon. Black White Stripe: 74% Polyester, 14% Cotton, 9% Rayon. Black: 68% Polyester, 18% Cotton, 10% Rayon. Natural: 85% Polyester, 7% Cotton, 5% Rayon. Spot clean. Imported. Shipping & returns Customers also viewed Vegan Suede Ballet Flats $59.95 $35.00 40% off + extra 10% in the app Straw Tote Bag $79.95 $63.00 20% off + extra 10% in the app Logo Tote Keychain Charm $19.95 $11.00 40% off + extra 10% in the app Logo Tote Keychain Charm $19.95 $15.00 20% off + extra 10% in the app Gap Logo Tote Bag $59.95 $35.00 40% off + extra 10% in the app You may also like Lace Tights $19.95 $17.00 Extra 10% off in the app Mesh Flats $64.95 $51.00 20% off + extra 10% in the app Gap Logo Tote Bag $54.95 $43.00 20% off + extra 10% in the app Eyelet Bandana Scarf $39.95 $31.00 20% off + extra 10% in the app Gap Logo Tote Bag $54.95 $32.00 40% off + extra 10% in the app Gap Logo Tote Bag $49.95 Extra 10% off in the app Denim Tote Bag $59.95 $47.00 20% off + extra 10% in the app Gap Denim Logo Tote Bag $54.95 $27.00 50% off + extra 10% in the app Gap Logo Tote Bag $54.95 $32.00 40% off + extra 10% in the app Brannan Bear Hoodie Keychain Charm $19.95 $11.00 40% off + extra 10% in the app",Size Guide,https://www.gap.com/webcontent/0061/406/098/cn61406098.jpg,5,2026-02-22,https://www.gap.com/browse/product.do?pid=876392042&vid=1&pcid=3046544&cid=3051538
876406082,gap,Gap,Gap Logo Tote Bag,,19.95,59.95,,True,4.5,15,"Soft, overdyed cotton tote bag. Shoulder straps. Snap button closure. Outer and inner patch pocket. Embroidered mini Gap arch logo at front. Assorted colors & prints. #876406","& care 100% Cotton. Machine wash cold, gentle cycle. Lay flat to dry. Imported. Shipping & returns Customers also viewed Logo Tote Keychain Charm $19.95 $11.00 40% off + extra 10% in the app Gap Jeans Keychain Charm $19.95 $11.00 40% off + extra 10% in the app Logo Tote Keychain Charm $19.95 $11.00 40% off + extra 10% in the app Brannan Bear Hoodie Keychain Charm $19.95 $11.00 40% off + extra 10% in the app Logo Tote Keychain Charm $19.95 $11.00 40% off + extra 10% in the app You may also like Logo Tote Keychain Charm $19.95 $11.00 40% off + extra 10% in the app Toy Logo Hoodie $14.95 $7.00 50% off + extra 10% in the app Logo Tote Keychain Charm $19.95 $11.00 40% off + extra 10% in the app Logo Hoodie Keychain Charm $14.95 $7.00 50% off + extra 10% in the app Crochet Tote Bag $69.95 $55.00 20% off + extra 10% in the app Brannan Bear Logo Denim Tote Bag $59.95 $47.00 20% off + extra 10% in the app Brannan Bear Nap Hoodie Keychain Charm $19.95 $11.00 40% off + extra 10% in the app Brannan Bear Sleep Keychain Charm $19.95 $11.00 40% off + extra 10% in the app Logo Tote Keychain Charm $19.95 $11.00 40% off + extra 10% in the app Jelly Thong Sandals $39.95 $31.00 20% off + extra 10% in the app",Size Guide,https://www.gap.com/webcontent/0061/879/033/cn61879033.jpg,10,2026-02-22,https://www.gap.com/browse/product.do?pid=876406082&vid=1&pcid=3046544&cid=3046544
876406102,gap,Gap,Gap Logo Tote Bag,,43.0,54.95,,True,4.5,15,"Soft, overdyed cotton tote bag. Shoulder straps. Snap button closure. Outer and inner patch pocket. Embroidered mini Gap arch logo at front. Assorted colors & prints. #876406","& care 100% Cotton. Machine wash cold, gentle cycle. Lay flat to dry. Imported. Shipping & returns Customers also viewed Brannan Bear Hoodie Keychain Charm $19.95 $11.00 40% off + extra 10% in the app Brannan Bear Scarf Keychain Charm $19.95 $9.00 50% off + extra 10% in the app Brannan Bear Hoodie Keychain Charm $19.95 $17.00 Extra 10% off in the app Brannan Bear Denim Jacket Keychain Charm $19.95 $13.00 30% off + extra 10% in the app Brannan Bear Hoodie Keychain Charm $19.95 $11.00 40% off + extra 10% in the app You may also like Logo Hoodie Keychain Charm $14.95 $7.00 50% off + extra 10% in the app Brannan Bear Sweater Keychain Charm $19.95 $11.00 40% off + extra 10% in the app Logo Tote Keychain Charm $19.95 $11.00 40% off + extra 10% in the app Brannan Bear Nap Hoodie Keychain Charm $19.95 $11.00 40% off + extra 10% in the app Brannan Bear Sleep Keychain Charm $19.95 $11.00 40% off + extra 10% in the app Logo Tote Keychain Charm $19.95 $11.00 40% off + extra 10% in the app Toy Logo Hoodie $14.95 $7.00 50% off + extra 10% in the app Gap Jeans Keychain Charm $19.95 $11.00 40% off + extra 10% in the app Logo Tote Keychain Charm $19.95 $11.00 40% off + extra 10% in the app Toy Logo Hoodie $14.95 $7.00 50% off + extra 10% in the app",Size Guide,https://www.gap.com/webcontent/0061/518/912/cn61518912.jpg,10,2026-02-22,https://www.gap.com/browse/product.do?pid=876406102&vid=1&pcid=3046544&cid=3046544
876406062,gap,Gap,Gap Logo Tote Bag,,32.0,54.95,,True,4.5,15,"Soft, overdyed cotton tote bag. Shoulder straps. Snap button closure. Outer and inner patch pocket. Embroidered mini Gap arch logo at front. Assorted colors & prints. #876406","& care 100% Cotton. Machine wash cold, gentle cycle. Lay flat to dry. Imported. Shipping & returns Customers also viewed Brannan Bear Sleep Keychain Charm $19.95 $11.00 40% off + extra 10% in the app Brannan Bear Hoodie Keychain Charm $19.95 $11.00 40% off + extra 10% in the app Logo Tote Keychain Charm $19.95 $11.00 40% off + extra 10% in the app Brannan Bear Hoodie Keychain Charm $19.95 $11.00 40% off + extra 10% in the app Logo Tote Keychain Charm $19.95 $11.00 40% off + extra 10% in the app You may also like Logo Hoodie Keychain Charm $14.95 $7.00 50% off + extra 10% in the app Brannan Bear Nap Hoodie Keychain Charm $19.95 $11.00 40% off + extra 10% in the app Brannan Bear Sweater Keychain Charm $19.95 $11.00 40% off + extra 10% in the app Brannan Bear Scarf Keychain Charm $19.95 $9.00 50% off + extra 10% in the app Brannan Bear Hoodie Keychain Charm $19.95 $17.00 Extra 10% off in the app Logo Tote Keychain Charm $19.95 $11.00 40% off + extra 10% in the app Denim Tote Bag $59.95 $41.00 30% off + extra 10% in the app Logo Tote Keychain Charm $19.95 $11.00 40% off + extra 10% in the app Gap Jeans Keychain Charm $19.95 $11.00 40% off + extra 10% in the app Logo Tote Keychain Charm $19.95 $11.00 40% off + extra 10% in the app",Size Guide,https://www.gap.com/webcontent/0061/708/096/cn61708096.jpg,10,2026-02-22,https://www.gap.com/browse/product.do?pid=876406062&vid=1&pcid=3046544&cid=3051538
876406032,gap,Gap,Gap Logo Tote Bag,,19.95,59.95,,True,4.5,15,"Soft, overdyed cotton tote bag. Shoulder straps. Snap button closure. Outer and inner patch pocket. Embroidered mini Gap arch logo at front. Assorted colors & prints. #876406","& care 100% Cotton. Machine wash cold, gentle cycle. Lay flat to dry. Imported. Shipping & returns Customers also viewed Brannan Bear Hoodie Keychain Charm $19.95 $11.00 40% off + extra 10% in the app Brannan Bear T-Shirt Keychain Charm $19.95 $9.00 50% off + extra 10% in the app Logo Tote Keychain Charm $19.95 $11.00 40% off + extra 10% in the app Gap Jeans Keychain Charm $19.95 $11.00 40% off + extra 10% in the app Logo Tote Keychain Charm $19.95 $11.00 40% off + extra 10% in the app You may also like Logo Tote Keychain Charm $19.95 $11.00 40% off + extra 10% in the app Brannan Bear Sleep Keychain Charm $19.95 $11.00 40% off + extra 10% in the app Toy Logo Hoodie $14.95 $7.00 50% off + extra 10% in the app Brannan Bear Sweater Keychain Charm $19.95 $11.00 40% off + extra 10% in the app Logo Hoodie Keychain Charm $14.95 $7.00 50% off + extra 10% in the app Logo Tote Keychain Charm $19.95 $11.00 40% off + extra 10% in the app Gap Logo Tote Bag $49.95 Extra 10% off in the app Logo Tote Keychain Charm $19.95 $11.00 40% off + extra 10% in the app Denim Stripe Tote Bag $54.95 Extra 10% off in the app Logo Tote Keychain Charm $19.95 $11.00 40% off + extra 10% in the app",Size Guide,https://www.gap.com/webcontent/0061/518/883/cn61518883.jpg,10,2026-02-22,https://www.gap.com/browse/product.do?pid=876406032&vid=1&pcid=3046544&cid=3046544
876406112,gap,Gap,Gap Logo Tote Bag,,19.95,59.95,,True,4.5,15,"Soft, overdyed cotton tote bag. Shoulder straps. Snap button closure. Outer and inner patch pocket. Embroidered mini Gap arch logo at front. Assorted colors & prints. #876406","& care 100% Cotton. Machine wash cold, gentle cycle. Lay flat to dry. Imported. Shipping & returns Customers also viewed Brannan Bear Hoodie Keychain Charm $19.95 $11.00 40% off + extra 10% in the app Brannan Bear Sleep Keychain Charm $19.95 $11.00 40% off + extra 10% in the app Brannan Bear Hoodie Keychain Charm $19.95 $11.00 40% off + extra 10% in the app Brannan Bear Scarf Keychain Charm $19.95 $9.00 50% off + extra 10% in the app Logo Tote Keychain Charm $19.95 $11.00 40% off + extra 10% in the app You may also like Brannan Bear Sweater Keychain Charm $19.95 $11.00 40% off + extra 10% in the app Logo Tote Keychain Charm $19.95 $11.00 40% off + extra 10% in the app Logo Hoodie Keychain Charm $14.95 $7.00 50% off + extra 10% in the app Brannan Bear Nap Hoodie Keychain Charm $19.95 $11.00 40% off + extra 10% in the app Logo Tote Keychain Charm $19.95 $11.00 40% off + extra 10% in the app Brannan Bear T-Shirt Keychain Charm $19.95 $9.00 50% off + extra 10% in the app Logo Tote Keychain Charm $19.95 $11.00 40% off + extra 10% in the app Gap Jeans Keychain Charm $19.95 $11.00 40% off + extra 10% in the app Brannan Bear Logo Denim Tote Bag $59.95 $47.00 20% off + extra 10% in the app Logo Tote Keychain Charm $19.95 $11.00 40% off + extra 10% in the app",Size Guide,https://www.gap.com/webcontent/0061/603/956/cn61603956.jpg,10,2026-02-22,https://www.gap.com/browse/product.do?pid=876406112&vid=1&pcid=3046544&cid=3046544
876406152,gap,Gap,Gap Logo Tote Bag,,32.0,54.95,,True,4.5,15,"Soft, overdyed cotton tote bag. Shoulder straps. Snap button closure. Outer and inner patch pocket. Embroidered mini Gap arch logo at front. Assorted colors & prints. #876406","& care 100% Cotton. Machine wash cold, gentle cycle. Lay flat to dry. Imported. Shipping & returns Customers also viewed Brannan Bear Sleep Keychain Charm $19.95 $11.00 40% off + extra 10% in the app Logo Tote Keychain Charm $19.95 $11.00 40% off + extra 10% in the app Brannan Bear Sweater Keychain Charm $19.95 $11.00 40% off + extra 10% in the app Brannan Bear Hoodie Keychain Charm $19.95 $11.00 40% off + extra 10% in the app Logo Tote Keychain Charm $19.95 $11.00 40% off + extra 10% in the app You may also like Brannan Bear Hoodie Keychain Charm $19.95 $11.00 40% off + extra 10% in the app Logo Tote Keychain Charm $19.95 $11.00 40% off + extra 10% in the app Logo Hoodie Keychain Charm $14.95 $7.00 50% off + extra 10% in the app Brannan Bear Scarf Keychain Charm $19.95 $9.00 50% off + extra 10% in the app Logo Tote Keychain Charm $19.95 $11.00 40% off + extra 10% in the app Brannan Bear Nap Hoodie Keychain Charm $19.95 $11.00 40% off + extra 10% in the app Gap Jeans Keychain Charm $19.95 $11.00 40% off + extra 10% in the app Toy Logo Hoodie $14.95 $7.00 50% off + extra 10% in the app Logo Tote Keychain Charm $19.95 $11.00 40% off + extra 10% in the app Toy Logo Hoodie $14.95 $7.00 50% off + extra 10% in the app",Size Guide,https://www.gap.com/webcontent/0061/502/377/cn61502377.jpg,10,2026-02-22,https://www.gap.com/browse/product.do?pid=876406152&vid=1&pcid=3046544&cid=3051538
876406162,gap,Gap,Gap Logo Tote Bag,,43.0,54.95,,True,4.5,15,"Soft, overdyed cotton tote bag. Shoulder straps. Snap button closure. Outer and inner patch pocket. Embroidered mini Gap arch logo at front. Assorted colors & prints. #876406","& care 100% Cotton. Machine wash cold, gentle cycle. Lay flat to dry. Imported. Shipping & returns Customers also viewed Brannan Bear Sleep Keychain Charm $19.95 $11.00 40% off + extra 10% in the app Brannan Bear Scarf Keychain Charm $19.95 $9.00 50% off + extra 10% in the app Logo Tote Keychain Charm $19.95 $11.00 40% off + extra 10% in the app Brannan Bear Hoodie Keychain Charm $19.95 $17.00 Extra 10% off in the app Brannan Bear Sweater Keychain Charm $19.95 $11.00 40% off + extra 10% in the app You may also like Brannan Bear Hoodie Keychain Charm $19.95 $11.00 40% off + extra 10% in the app Logo Tote Keychain Charm $19.95 $11.00 40% off + extra 10% in the app Brannan Bear Hoodie Keychain Charm $19.95 $11.00 40% off + extra 10% in the app Logo Hoodie Keychain Charm $14.95 $7.00 50% off + extra 10% in the app Logo Tote Keychain Charm $19.95 $11.00 40% off + extra 10% in the app Brannan Bear T-Shirt Keychain Charm $19.95 $9.00 50% off + extra 10% in the app Logo Tote Keychain Charm $19.95 $11.00 40% off + extra 10% in the app Toy Logo Hoodie $14.95 $7.00 50% off + extra 10% in the app Logo Tote Keychain Charm $19.95 $11.00 40% off + extra 10% in the app Gap Jeans Keychain Charm $19.95 $11.00 40% off + extra 10% in the app",Size Guide,https://www.gap.com/webcontent/0061/502/386/cn61502386.jpg,10,2026-02-22,https://www.gap.com/browse/product.do?pid=876406162&vid=1&pcid=3046544&cid=3046544
876409002,gap,Gap,Straw Tote Bag,,63.0,79.95,,True,0,,This tote bag is made with a straw upper. Vegan leather shoulder straps. #876409,& care 100% Straw. Spot clean. Imported. Shipping & returns Customers also viewed Logo Tote Keychain Charm $19.95 $11.00 40% off + extra 10% in the app Vegan Leather Wedge Sandals $69.95 $55.00 20% off + extra 10% in the app Logo Tote Keychain Charm $19.95 $15.00 20% off + extra 10% in the app Lace Tights $19.95 $17.00 Extra 10% off in the app Logo Tote Keychain Charm $19.95 $11.00 40% off + extra 10% in the app You may also like Mesh Flats $64.95 $51.00 20% off + extra 10% in the app Crochet Tote Bag $69.95 $55.00 20% off + extra 10% in the app Vegan Leather Wedge Sandals $69.95 $55.00 20% off + extra 10% in the app Mesh Flats $64.95 $51.00 20% off + extra 10% in the app Denim Tote Bag $59.95 $47.00 20% off + extra 10% in the app Mesh Flats $64.95 $51.00 20% off + extra 10% in the app Brannan Bear Cozy Slippers $49.95 Extra 10% off in the app Crochet Tote Bag $69.95 $55.00 20% off + extra 10% in the app Gap Logo Tote Bag $59.95 Extra 10% off in the app Flip Flop Sandals $44.95 $35.00 20% off + extra 10% in the app,Size Guide,https://www.gap.com/webcontent/0061/199/149/cn61199149.jpg,1,2026-02-22,https://www.gap.com/browse/product.do?pid=876409002&vid=1&pcid=3046544&cid=3051538
876406132,gap,Gap,Gap Logo Tote Bag,,32.0,54.95,,True,4.5,15,"Soft, overdyed cotton tote bag. Shoulder straps. Snap button closure. Outer and inner patch pocket. Embroidered mini Gap arch logo at front. Assorted colors & prints. #876406","& care 100% Cotton. Machine wash cold, gentle cycle. Lay flat to dry. Imported. Shipping & returns Customers also viewed Brannan Bear Hoodie Keychain Charm $19.95 $11.00 40% off + extra 10% in the app Brannan Bear Sleep Keychain Charm $19.95 $11.00 40% off + extra 10% in the app Logo Tote Keychain Charm $19.95 $11.00 40% off + extra 10% in the app Brannan Bear Hoodie Keychain Charm $19.95 $11.00 40% off + extra 10% in the app Brannan Bear Nap Hoodie Keychain Charm $19.95 $11.00 40% off + extra 10% in the app You may also like Logo Tote Keychain Charm $19.95 $11.00 40% off + extra 10% in the app Logo Hoodie Keychain Charm $14.95 $7.00 50% off + extra 10% in the app Logo Tote Keychain Charm $19.95 $11.00 40% off + extra 10% in the app Brannan Bear Scarf Keychain Charm $19.95 $9.00 50% off + extra 10% in the app Brannan Bear Sweater Keychain Charm $19.95 $11.00 40% off + extra 10% in the app Logo Tote Keychain Charm $19.95 $11.00 40% off + extra 10% in the app Gap Jeans Keychain Charm $19.95 $11.00 40% off + extra 10% in the app Logo Tote Keychain Charm $19.95 $11.00 40% off + extra 10% in the app Gap Logo Tote Bag $49.95 Extra 10% off in the app Logo Tote Keychain Charm $19.95 $11.00 40% off + extra 10% in the app",Size Guide,https://www.gap.com/webcontent/0061/519/158/cn61519158.jpg,10,2026-02-22,https://www.gap.com/browse/product.do?pid=876406132&vid=1&pcid=3046544&cid=3051538
876406142,gap,Gap,Gap Logo Tote Bag,,35.0,59.95,,True,4.5,15,"Soft, overdyed cotton tote bag. Shoulder straps. Snap button closure. Outer and inner patch pocket. Embroidered mini Gap arch logo at front. Assorted colors & prints. #876406","& care 100% Cotton. Machine wash cold, gentle cycle. Lay flat to dry. Imported. Shipping & returns Customers also viewed Brannan Bear Scarf Keychain Charm $19.95 $9.00 50% off + extra 10% in the app Logo Hoodie Keychain Charm $14.95 $7.00 50% off + extra 10% in the app Brannan Bear Sleep Keychain Charm $19.95 $11.00 40% off + extra 10% in the app Brannan Bear Nap Hoodie Keychain Charm $19.95 $11.00 40% off + extra 10% in the app Brannan Bear Hoodie Keychain Charm $19.95 $17.00 Extra 10% off in the app You may also like Logo Tote Keychain Charm $19.95 $11.00 40% off + extra 10% in the app Brannan Bear Hoodie Keychain Charm $19.95 $11.00 40% off + extra 10% in the app Logo Tote Keychain Charm $19.95 $11.00 40% off + extra 10% in the app Toy Logo Hoodie $14.95 $7.00 50% off + extra 10% in the app Brannan Bear Sweater Keychain Charm $19.95 $11.00 40% off + extra 10% in the app Logo Hoodie Keychain Charm $14.95 $7.00 50% off + extra 10% in the app Logo Tote Keychain Charm $19.95 $11.00 40% off + extra 10% in the app Brannan Bear Logo Denim Tote Bag $59.95 $47.00 20% off + extra 10% in the app Logo Tote Keychain Charm $19.95 $11.00 40% off + extra 10% in the app Gap Jeans Keychain Charm $19.95 $11.00 40% off + extra 10% in the app",Size Guide,https://www.gap.com/webcontent/0061/624/045/cn61624045.jpg,10,2026-02-22,https://www.gap.com/browse/product.do?pid=876406142&vid=1&pcid=3046544&cid=3051538
876513002,gap,Gap,Waxed Canvas Tote Bag,,44.0,74.95,,True,3,2,Waxed cotton canvas tote bag. Shoulder and hand straps at top. Snap button closure. Gap label at front. #876513,& care 100% Cotton. Spot clean. Imported. Shipping & returns Customers also viewed Denim Brannan Bear Baseball Hat $29.95 Extra 10% off in the app Hill City Tote Bag $59.95 Excluded from promotions Waxed Canvas Baseball Hat $29.95 $23.00 20% off + extra 10% in the app Brannan Bear Beanie $39.95 $15.00 60% off + extra 10% in the app Waxed Canvas Baseball Hat $29.95 $23.00 20% off + extra 10% in the app You may also like Sherpa Oversized Half-Zip Pullover $89.95 $44.00 50% off + extra 10% in the app Gap × Sushi Club Logo Trucker Hat $95.00 Excluded from promotions Dress Socks $15.95 $9.00 40% off + extra 10% in the app Leather Gloves $98.00 $39.00 60% off + extra 10% in the app Adult Heavyweight Oversized Zip Jacket $89.95 $71.00 20% off + extra 10% in the app Drawcord Hood $39.95 $15.00 60% off + extra 10% in the app Dress Socks $17.95 $10.00 40% off + extra 10% in the app CashSoft Beanie $34.95 $13.00 60% off + extra 10% in the app City Crew Socks $12.95 $10.00 20% off + extra 10% in the app CashSoft Beanie $34.95 $13.00 60% off + extra 10% in the app,Size Guide,https://www.gap.com/webcontent/0061/456/218/cn61456218.jpg,2,2026-02-22,https://www.gap.com/browse/product.do?pid=876513002&vid=1&pcid=3046394&cid=3046394
876513032,gap,Gap,Waxed Canvas Tote Bag,,44.0,74.95,,True,3,2,Waxed cotton canvas tote bag. Shoulder and hand straps at top. Snap button closure. Gap label at front. #876513,& care 100% Cotton. Spot clean. Imported. Shipping & returns Customers also viewed Hill City Tote Bag $59.95 Excluded from promotions Gap × Sushi Club Logo Trucker Hat $95.00 Excluded from promotions Waxed Canvas Baseball Hat $29.95 $23.00 20% off + extra 10% in the app Brannan Bear Beanie $39.95 $15.00 60% off + extra 10% in the app Denim Brannan Bear Baseball Hat $29.95 Extra 10% off in the app You may also like Leather Gloves $98.00 $39.00 60% off + extra 10% in the app Heart Crew Socks $15.95 $14.00 Extra 10% off in the app Drawcord Hood $39.95 $15.00 60% off + extra 10% in the app CashSoft Crew Socks $15.95 $6.00 60% off + extra 10% in the app CashSoft Beanie $34.95 $13.00 60% off + extra 10% in the app CashSoft Crew Socks $15.95 $6.00 60% off + extra 10% in the app City Crew Socks $12.95 $10.00 20% off + extra 10% in the app CashSoft Beanie $34.95 $13.00 60% off + extra 10% in the app Organic Cotton Poplin Classic Shirt $59.95 $41.00 30% off + extra 10% in the app CashSoft Beanie $34.95 $13.00 60% off + extra 10% in the app,Size Guide,https://www.gap.com/webcontent/0061/456/205/cn61456205.jpg,2,2026-02-22,https://www.gap.com/browse/product.do?pid=876513032&vid=1&pcid=3046394&cid=3046394
883719002,gap,Gap,Kids Shimmer Straw Backpack,,23.0,39.95,,True,0,,This backpack is made with a metallic sparkle paper straw outer with a twill lining. Handle at top. Adjustable shoulder straps. Snap button and drawstring closures with bead and fringe detail. Fully lined. Product #883719,& care 100% Paper Straw. Lining: 100% Polyester. Wipe clean. Imported. Shipping & returns Customers also viewed Kids Quilted Pouch $34.95 $20.00 40% off + extra 10% in the app Kids Quilted Weekender Bag $69.95 $41.00 40% off + extra 10% in the app Kids Denim Terry Heart Baseball Hat $19.95 $11.00 40% off + extra 10% in the app Kids Slouchy Varsity Quarter Crew Socks (7-Pack) $24.95 $14.00 40% off + extra 10% in the app Kids Reversible Denim Bucket Hat $24.95 $14.00 40% off + extra 10% in the app You may also like Kids Bucket Hat $24.95 $14.00 40% off + extra 10% in the app Kids Jelly Ballet Flats $39.95 $23.00 40% off + extra 10% in the app Kids Quarter Crew Socks (3-Pack) $14.95 $8.00 40% off + extra 10% in the app Kids Jelly Ballet Flats $39.95 $23.00 40% off + extra 10% in the app Kids Sheer Dot Crew Socks (2-Pack) $12.95 $7.00 40% off + extra 10% in the app Kids Low Rise Stride Wide-Leg Jeans $54.95 $32.00 40% off + extra 10% in the app Kids Knit Basic Tights (2-Pack) $26.95 $16.00 40% off + extra 10% in the app Kids Tankini & Skort Swim Set $49.95 $29.00 40% off + extra 10% in the app Kids Varsity Crew Socks (7-Pack) $24.95 $14.00 40% off + extra 10% in the app Kids Icon Denim Jacket $69.95 $41.00 40% off + extra 10% in the app,Size Guide,https://www.gap.com/webcontent/0061/695/341/cn61695341.jpg,1,2026-02-22,https://www.gap.com/browse/product.do?pid=883719002&vid=1&pcid=3046567&cid=3046567
883723002,gap,Gap,Kids Hello Kitty Duffle Bag,,53.0,89.95,,True,1,1,"This duffle bag is made with a nylon upper. Adjustable, removable shoulder strap. Handles at top, zip top closure. Luggage sleeve at back. Allover embroidered Hello Kitty bow graphics. #883723",& care 100% Nylon. Hand wash. Lay flat to dry. Imported. Shipping & returns Customers also viewed Kids Quilted Weekender Bag $69.95 $41.00 40% off + extra 10% in the app Kids Quilted Colorblock Duffel Bag $69.95 $34.00 50% off + extra 10% in the app Kids Quilted Weekender Bag $69.95 $34.00 50% off + extra 10% in the app Kids Quilted Brannan Bear Weekender Bag $69.95 $27.00 60% off + extra 10% in the app Kids Jelly Ballet Flats $39.95 $23.00 40% off + extra 10% in the app You may also like Kids Quilted Pouch $34.95 $20.00 40% off + extra 10% in the app Kids Bow Logo Crossbody Bag $34.95 $13.00 60% off + extra 10% in the app Kids Quilted Weekender Bag $69.95 $27.00 60% off + extra 10% in the app Kids Jelly Ballet Flats $39.95 $23.00 40% off + extra 10% in the app Kids Relaxed Graphic Crewneck Sweater $49.95 $24.00 50% off + extra 10% in the app Kids Jelly Ballet Flats $39.95 $23.00 40% off + extra 10% in the app Kids Sanrio Oversized Graphic T-Shirt $29.95 $17.00 40% off + extra 10% in the app Kids VintageSoft Logo Hoodie $49.95 $29.00 40% off + extra 10% in the app Kids Sanrio Oversized Graphic T-Shirt $29.95 $17.00 40% off + extra 10% in the app Kids KPop Demon Hunters Graphic Tunic T-Shirt $34.95 $20.00 40% off + extra 10% in the app,Size Guide,https://www.gap.com/webcontent/0061/692/725/cn61692725.jpg,1,2026-02-22,https://www.gap.com/browse/product.do?pid=883723002&vid=1&pcid=3046567&cid=3046567
883721012,gap,Gap,Kids Quilted Pouch,,20.0,34.95,,True,0,,Soft quilted woven accessories pouch. Zipper at top. Fully lined. Assorted allover prints. Certain styles have a pom chain detail at zipper. Product #883721,& care 100% Polyester. Imported. Shipping & returns Customers also viewed Kids Quilted Weekender Bag $69.95 $41.00 40% off + extra 10% in the app Kids Shimmer Straw Backpack $39.95 $23.00 40% off + extra 10% in the app Kids Denim Terry Heart Baseball Hat $19.95 $11.00 40% off + extra 10% in the app Kids Quilted Brannan Bear Weekender Bag $69.95 $27.00 60% off + extra 10% in the app Kids Jelly Ballet Flats $39.95 $23.00 40% off + extra 10% in the app You may also like Kids Jelly Ballet Flats $39.95 $23.00 40% off + extra 10% in the app Kids Hello Kitty Duffle Bag $89.95 $53.00 40% off + extra 10% in the app Kids Crochet Mary Jane Flats $49.95 $29.00 40% off + extra 10% in the app Kids Quilted Weekender Bag $69.95 $27.00 60% off + extra 10% in the app Kids Bucket Hat $24.95 $14.00 40% off + extra 10% in the app Kids Crochet Mary Jane Flats $49.95 $29.00 40% off + extra 10% in the app Kids Jelly Ballet Flats $39.95 $23.00 40% off + extra 10% in the app Kids Sheer Dot Crew Socks (2-Pack) $12.95 $7.00 40% off + extra 10% in the app Kids Quarter Crew Socks (3-Pack) $14.95 $8.00 40% off + extra 10% in the app Kids Barrel Overalls $64.95 $38.00 40% off + extra 10% in the app,One Size 1 Add to Bag PayPal Pay in 4 Afterpay and Klarna available for orders $35+ Free fast shipping on $50+ for Rewards Members. Sign in or Join In stock In-store pickup Select a Store,https://www.gap.com/webcontent/0061/716/343/cn61716343.jpg,1,2026-02-22,https://www.gap.com/browse/product.do?pid=883721012&vid=1&pcid=3046567&cid=3046567
890431002,gap,Gap,Toy Logo Hoodie,,7.0,14.95,,True,4.7,11,"Suitable for all ages. Soft fleece hoodie made for plushies, toys, and dolls. Hooded neckline with drawcords and ear holes. Short sleeves. Gap arch logo at front. Note: Brannan Bear toy not included. #890431",& care 100% Polyester. Spot clean. Imported. Shipping & returns Customers also viewed Logo Tote Keychain Charm $19.95 $11.00 40% off + extra 10% in the app Brannan Bear Scarf Keychain Charm $19.95 $9.00 50% off + extra 10% in the app Logo Tote Keychain Charm $19.95 $11.00 40% off + extra 10% in the app Logo Hoodie Keychain Charm $14.95 $7.00 50% off + extra 10% in the app Logo Tote Keychain Charm $19.95 $11.00 40% off + extra 10% in the app You may also like Logo Tote Keychain Charm $19.95 $11.00 40% off + extra 10% in the app Brannan Bear Nap Hoodie Keychain Charm $19.95 $11.00 40% off + extra 10% in the app Logo Tote Keychain Charm $19.95 $11.00 40% off + extra 10% in the app Gap Logo Tote Bag $59.95 $35.00 40% off + extra 10% in the app Logo Tote Keychain Charm $19.95 $11.00 40% off + extra 10% in the app Brannan Bear Sweater Keychain Charm $19.95 $11.00 40% off + extra 10% in the app Logo Tote Keychain Charm $19.95 $11.00 40% off + extra 10% in the app Brannan Bear Sleep Keychain Charm $19.95 $11.00 40% off + extra 10% in the app Logo Tote Keychain Charm $19.95 $11.00 40% off + extra 10% in the app Gap Logo Tote Bag $54.95 $43.00 20% off + extra 10% in the app,Size Guide,https://www.gap.com/webcontent/0061/283/078/cn61283078.jpg,4,2026-02-22,https://www.gap.com/browse/product.do?pid=890431002&vid=1&pcid=3046544&cid=3051539
890384002,gap,Gap,Gap Jeans Keychain Charm,,11.0,19.95,,True,0,,"Authentic cotton denim keychain charm. Metal key ring. Gap arch logo at back pocket. This product was made in a factory that invests in gender equity and women’s empowerment through RISE. Learn more at <a href="" https://www.gapinc.com/en-us/impact/bridging-the-equity-gap/p-a-c-e-and-rise""><u>gapinc.com/equity </u></a>. #890384; Authentic cotton denim keychain charm. Metal key ring. Gap arch logo at back pocket. This product was made in a factory that invests in gender equity and women’s empowerment through RISE. Learn more at gapinc.com/equity . #890384 Fabric & care 100% Denim. Spot clean. Imported. Shipping & returns Customers also viewed Logo Tote Keychain Charm $19.95 $15.00 20% off + extra 10% in the app Brannan Bear Denim Jacket Keychain Charm $19.95 $13.00 30% off + extra 10% in the app Logo Tote Keychain Charm $19.95 $11.00 40% off + extra 10% in the app Logo Hoodie Keychain Charm $14.95 $7.00 50% off + extra 10% in the app Logo Tote Keychain Charm $19.95 $11.00 40% off + extra 10% in the app You may also like Logo Tote Keychain Charm $19.95 $11.00 40% off + extra 10% in the app Brannan Bear Sleep Keychain Charm $19.95 $11.00 40% off + extra 10% in the app Logo Tote Keychain Charm $19.95 $11.00 40% off + extra 10% in the app Toy Logo Hoodie $14.95 $7.00 50% off + extra 10% in the app Logo Tote Keychain Charm $19.95 $11.00 40% off + extra 10% in the app Toy Logo Hoodie $14.95 $7.00 50% off + extra 10% in the app Logo Tote Keychain Charm $19.95 $11.00 40% off + extra 10% in the app Brannan Bear Hoodie Keychain Charm $19.95 $11.00 40% off + extra 10% in the app Logo Tote Keychain Charm $19.95 $11.00 40% off + extra 10% in the app Gap Logo Tote Bag $54.95 $43.00 20% off + extra 10% in the app",& care 100% Denim. Spot clean. Imported. Shipping & returns Customers also viewed Logo Tote Keychain Charm $19.95 $15.00 20% off + extra 10% in the app Brannan Bear Denim Jacket Keychain Charm $19.95 $13.00 30% off + extra 10% in the app Logo Tote Keychain Charm $19.95 $11.00 40% off + extra 10% in the app Logo Hoodie Keychain Charm $14.95 $7.00 50% off + extra 10% in the app Logo Tote Keychain Charm $19.95 $11.00 40% off + extra 10% in the app You may also like Logo Tote Keychain Charm $19.95 $11.00 40% off + extra 10% in the app Brannan Bear Sleep Keychain Charm $19.95 $11.00 40% off + extra 10% in the app Logo Tote Keychain Charm $19.95 $11.00 40% off + extra 10% in the app Toy Logo Hoodie $14.95 $7.00 50% off + extra 10% in the app Logo Tote Keychain Charm $19.95 $11.00 40% off + extra 10% in the app Toy Logo Hoodie $14.95 $7.00 50% off + extra 10% in the app Logo Tote Keychain Charm $19.95 $11.00 40% off + extra 10% in the app Brannan Bear Hoodie Keychain Charm $19.95 $11.00 40% off + extra 10% in the app Logo Tote Keychain Charm $19.95 $11.00 40% off + extra 10% in the app Gap Logo Tote Bag $54.95 $43.00 20% off + extra 10% in the app,Size Guide,https://www.gap.com/webcontent/0061/645/883/cn61645883.jpg,1,2026-02-22,https://www.gap.com/browse/product.do?pid=890384002&vid=1&pcid=3046544&cid=3046544
890379002,gap,Gap,Robert Indiana LOVE Tote Bag,,62.0,78.0,,True,0,,"Sturdy cotton tote bag. Shoulder strap at top. LOVE graphic at front pocket. #890379; A self-proclaimed “painter of signs,” Indiana explored the power of abstraction and language in a highly original body of work. Inspiring a new take on the essentials we all know — and love. Sturdy cotton tote bag. Shoulder strap at top. LOVE graphic at front pocket. #890379",& care 100% Cotton. Spot clean. Imported. Shipping & returns Robert Indiana Love Denim Bag $34.00 $27.00 20% off + extra 10% in the app Robert Indiana VintageSoft LOVE Sweatshirt $78.00 $62.00 20% off + extra 10% in the app Kids Robert Indiana LOVE Hoodie $58.00 $46.00 20% off + extra 10% in the app Robert Indiana LOVE Crew Socks $14.00 $11.00 20% off + extra 10% in the app Robert Indiana LOVE Baseball Hat $34.00 $27.00 20% off + extra 10% in the app You may also like Waxed Canvas Tote Bag $74.95 $44.00 40% off + extra 10% in the app Hill City Tote Bag $59.95 Excluded from promotions Gap × Sushi Club Logo Trucker Hat $95.00 Excluded from promotions Waxed Canvas Tote Bag $74.95 $44.00 40% off + extra 10% in the app Heart Crew Socks $15.95 $14.00 Extra 10% off in the app Gap Logo Baseball Hat $29.95 $17.00 40% off + extra 10% in the app Gap × Sushi Club Heavyweight Logo Hoodie $175.00 Excluded from promotions Brannan Bear Beanie $39.95 $15.00 60% off + extra 10% in the app Denim Brannan Bear Baseball Hat $29.95 Extra 10% off in the app Varsity Crew Socks $15.95 $9.00 40% off + extra 10% in the app,Size Guide,https://www.gap.com/webcontent/0061/329/316/cn61329316.jpg,1,2026-02-22,https://www.gap.com/browse/product.do?pid=890379002&vid=1&pcid=3046544&cid=3051538
883722002,gap,Gap,Kids Quilted Weekender Bag,,41.0,69.95,,True,0,,This weekender bag is made with a quilted upper. Top handles. Adjustable shoulder strap. Certain styles have a pom detail at hook closure. Zipper closure. Pockets at front. Assorted allover prints. Product #883722,& care 100% Polyester. Spot clean. Imported. Shipping & returns Customers also viewed Kids Quilted Pouch $34.95 $20.00 40% off + extra 10% in the app Kids Shimmer Straw Backpack $39.95 $23.00 40% off + extra 10% in the app Kids Quilted Brannan Bear Weekender Bag $69.95 $27.00 60% off + extra 10% in the app Kids Jelly Ballet Flats $39.95 $23.00 40% off + extra 10% in the app Kids Crochet Mary Jane Flats $49.95 $29.00 40% off + extra 10% in the app You may also like Kids Denim Terry Heart Baseball Hat $19.95 $11.00 40% off + extra 10% in the app Kids Hello Kitty Duffle Bag $89.95 $53.00 40% off + extra 10% in the app Kids Crochet Mary Jane Flats $49.95 $29.00 40% off + extra 10% in the app Gap × Disney Kids Cross-Back One-Piece Swimsuit $44.95 $26.00 40% off + extra 10% in the app Kids Quilted Weekender Bag $69.95 $27.00 60% off + extra 10% in the app Kids Rash Guard Swim Two-Piece $49.95 $29.00 40% off + extra 10% in the app Kids Cross-Back One-Piece Swimsuit $39.95 $23.00 40% off + extra 10% in the app Kids Rash Guard Swim Two-Piece $49.95 $29.00 40% off + extra 10% in the app Kids Bow Logo Crossbody Bag $34.95 $13.00 60% off + extra 10% in the app Kids Slouchy Varsity Quarter Crew Socks (7-Pack) $24.95 $14.00 40% off + extra 10% in the app,Size Guide,https://www.gap.com/webcontent/0061/830/819/cn61830819.jpg,1,2026-02-22,https://www.gap.com/browse/product.do?pid=883722002&vid=1&pcid=3046567&cid=3046567
890431012,gap,Gap,Toy Logo Hoodie,,7.0,14.95,,True,4.7,11,"Suitable for all ages. Soft fleece hoodie made for plushies, toys, and dolls. Hooded neckline with drawcords and ear holes. Short sleeves. Gap arch logo at front. Note: Brannan Bear toy not included. #890431",& care 100% Polyester. Spot clean. Imported. Shipping & returns Customers also viewed Logo Tote Keychain Charm $19.95 $11.00 40% off + extra 10% in the app Brannan Bear Denim Jacket Keychain Charm $19.95 $13.00 30% off + extra 10% in the app Logo Tote Keychain Charm $19.95 $11.00 40% off + extra 10% in the app Gap Logo Tote Bag $54.95 $43.00 20% off + extra 10% in the app Logo Tote Keychain Charm $19.95 $11.00 40% off + extra 10% in the app You may also like Brannan Bear Nap Hoodie Keychain Charm $19.95 $11.00 40% off + extra 10% in the app Logo Tote Keychain Charm $19.95 $11.00 40% off + extra 10% in the app Brannan Bear Scarf Keychain Charm $19.95 $9.00 50% off + extra 10% in the app Logo Hoodie Keychain Charm $14.95 $7.00 50% off + extra 10% in the app Logo Tote Keychain Charm $19.95 $11.00 40% off + extra 10% in the app Brannan Bear Sweater Keychain Charm $19.95 $11.00 40% off + extra 10% in the app Logo Tote Keychain Charm $19.95 $11.00 40% off + extra 10% in the app Brannan Bear Hoodie Keychain Charm $19.95 $17.00 Extra 10% off in the app Logo Tote Keychain Charm $19.95 $11.00 40% off + extra 10% in the app Gap Logo Tote Bag $54.95 $43.00 20% off + extra 10% in the app,Size Guide,https://www.gap.com/webcontent/0061/283/119/cn61283119.jpg,4,2026-02-22,https://www.gap.com/browse/product.do?pid=890431012&vid=1&pcid=3046544&cid=3046544
890431022,gap,Gap,Toy Logo Hoodie,,7.0,14.95,,True,4.7,11,"Suitable for all ages. Soft fleece hoodie made for plushies, toys, and dolls. Hooded neckline with drawcords and ear holes. Short sleeves. Gap arch logo at front. Note: Brannan Bear toy not included. #890431",& care 100% Polyester. Spot clean. Imported. Shipping & returns Customers also viewed Logo Tote Keychain Charm $19.95 $11.00 40% off + extra 10% in the app Brannan Bear Scarf Keychain Charm $19.95 $9.00 50% off + extra 10% in the app Logo Tote Keychain Charm $19.95 $11.00 40% off + extra 10% in the app Brannan Bear Hoodie Keychain Charm $19.95 $17.00 Extra 10% off in the app Logo Tote Keychain Charm $19.95 $11.00 40% off + extra 10% in the app You may also like Logo Tote Keychain Charm $19.95 $11.00 40% off + extra 10% in the app Logo Hoodie Keychain Charm $14.95 $7.00 50% off + extra 10% in the app Logo Tote Keychain Charm $19.95 $11.00 40% off + extra 10% in the app Gap Jeans Keychain Charm $19.95 $11.00 40% off + extra 10% in the app Logo Tote Keychain Charm $19.95 $15.00 20% off + extra 10% in the app Gap Logo Tote Bag $54.95 $43.00 20% off + extra 10% in the app Logo Tote Keychain Charm $19.95 $11.00 40% off + extra 10% in the app Gap Logo Tote Bag $54.95 $43.00 20% off + extra 10% in the app Logo Tote Keychain Charm $19.95 $11.00 40% off + extra 10% in the app Brannan Bear Sleep Keychain Charm $19.95 $11.00 40% off + extra 10% in the app,Size Guide,https://www.gap.com/webcontent/0061/283/017/cn61283017.jpg,4,2026-02-22,https://www.gap.com/browse/product.do?pid=890431022&vid=1&pcid=3046544&cid=3051539
890431032,gap,Gap,Toy Logo Hoodie,,7.0,14.95,,True,4.7,11,"Suitable for all ages. Soft fleece hoodie made for plushies, toys, and dolls. Hooded neckline with drawcords and ear holes. Short sleeves. Gap arch logo at front. Note: Brannan Bear toy not included. #890431",& care 100% Polyester. Spot clean. Imported. Shipping & returns Customers also viewed Logo Tote Keychain Charm $19.95 $11.00 40% off + extra 10% in the app Logo Tote Keychain Charm $19.95 $11.00 40% off + extra 10% in the app Brannan Bear Sweater Keychain Charm $19.95 $11.00 40% off + extra 10% in the app Logo Tote Keychain Charm $19.95 $11.00 40% off + extra 10% in the app Brannan Bear Hoodie Keychain Charm $19.95 $17.00 Extra 10% off in the app You may also like Brannan Bear Denim Jacket Keychain Charm $19.95 $13.00 30% off + extra 10% in the app Brannan Bear Scarf Keychain Charm $19.95 $9.00 50% off + extra 10% in the app Logo Hoodie Keychain Charm $14.95 $7.00 50% off + extra 10% in the app Brannan Bear Nap Hoodie Keychain Charm $19.95 $11.00 40% off + extra 10% in the app Logo Tote Keychain Charm $19.95 $11.00 40% off + extra 10% in the app Gap Jeans Keychain Charm $19.95 $11.00 40% off + extra 10% in the app Logo Tote Keychain Charm $19.95 $11.00 40% off + extra 10% in the app Logo Hoodie Keychain Charm $14.95 $7.00 50% off + extra 10% in the app Logo Tote Keychain Charm $19.95 $15.00 20% off + extra 10% in the app Gap Logo Tote Bag $59.95 $35.00 40% off + extra 10% in the app,Size Guide,https://www.gap.com/webcontent/0061/283/129/cn61283129.jpg,4,2026-02-22,https://www.gap.com/browse/product.do?pid=890431032&vid=1&pcid=3046544&cid=3046544
890432012,gap,Gap,Denim Tote Bag,,47.0,59.95,,True,4.3,13,"Authentic denim tote bag. Shoulder and hand straps at top. Oversized patch pocket at front. Responsibly Made: This bag is part of our water-saving Washwell program. Compared with conventional wash methods, Washwell uses at least 20% less water. #890432; Authentic denim tote bag. Shoulder and hand straps at top. Oversized patch pocket at front. Responsibly Made: This bag is part of our water-saving Washwell program. Compared with conventional wash methods, Washwell uses at least 20% less water. #890432 Fabric & care Cotton 100% Machine wash. Imported. Shipping & returns Customers also viewed Logo Tote Keychain Charm $19.95 $11.00 40% off + extra 10% in the app Brannan Bear Hoodie Keychain Charm $19.95 $17.00 Extra 10% off in the app Brannan Bear Sweater Keychain Charm $19.95 $11.00 40% off + extra 10% in the app Logo Tote Keychain Charm $19.95 $11.00 40% off + extra 10% in the app Gap Logo Tote Bag $54.95 $43.00 20% off + extra 10% in the app You may also like Gap Logo Tote Bag $49.95 Extra 10% off in the app Gap Jeans Keychain Charm $19.95 $11.00 40% off + extra 10% in the app Gap Logo Tote Bag $59.95 Extra 10% off in the app Logo Tote Keychain Charm $19.95 $11.00 40% off + extra 10% in the app Gap Logo Tote Bag $59.95 $35.00 40% off + extra 10% in the app Brannan Bear Scarf Keychain Charm $19.95 $9.00 50% off + extra 10% in the app Gap Logo Tote Bag $54.95 $43.00 20% off + extra 10% in the app Logo Tote Keychain Charm $19.95 $11.00 40% off + extra 10% in the app Crochet Tote Bag $69.95 $55.00 20% off + extra 10% in the app Brannan Bear Hoodie Keychain Charm $19.95 $11.00 40% off + extra 10% in the app",& care Cotton 100% Machine wash. Imported. Shipping & returns Customers also viewed Logo Tote Keychain Charm $19.95 $11.00 40% off + extra 10% in the app Brannan Bear Hoodie Keychain Charm $19.95 $17.00 Extra 10% off in the app Brannan Bear Sweater Keychain Charm $19.95 $11.00 40% off + extra 10% in the app Logo Tote Keychain Charm $19.95 $11.00 40% off + extra 10% in the app Gap Logo Tote Bag $54.95 $43.00 20% off + extra 10% in the app You may also like Gap Logo Tote Bag $49.95 Extra 10% off in the app Gap Jeans Keychain Charm $19.95 $11.00 40% off + extra 10% in the app Gap Logo Tote Bag $59.95 Extra 10% off in the app Logo Tote Keychain Charm $19.95 $11.00 40% off + extra 10% in the app Gap Logo Tote Bag $59.95 $35.00 40% off + extra 10% in the app Brannan Bear Scarf Keychain Charm $19.95 $9.00 50% off + extra 10% in the app Gap Logo Tote Bag $54.95 $43.00 20% off + extra 10% in the app Logo Tote Keychain Charm $19.95 $11.00 40% off + extra 10% in the app Crochet Tote Bag $69.95 $55.00 20% off + extra 10% in the app Brannan Bear Hoodie Keychain Charm $19.95 $11.00 40% off + extra 10% in the app,Size Guide,https://www.gap.com/webcontent/0060/784/370/cn60784370.jpg,2,2026-02-22,https://www.gap.com/browse/product.do?pid=890432012&vid=1&pcid=3046544&cid=3046544
890432002,gap,Gap,Denim Tote Bag,,41.0,59.95,,True,4.3,13,"Authentic denim tote bag. Shoulder and hand straps at top. Oversized patch pocket at front. Responsibly Made: This bag is part of our water-saving Washwell program. Compared with conventional wash methods, Washwell uses at least 20% less water. #890432; Authentic denim tote bag. Shoulder and hand straps at top. Oversized patch pocket at front. Responsibly Made: This bag is part of our water-saving Washwell program. Compared with conventional wash methods, Washwell uses at least 20% less water. #890432 Fabric & care Cotton 100% Machine wash. Imported. Shipping & returns Customers also viewed Gap Logo Tote Bag $49.95 Extra 10% off in the app Brannan Bear Sweater Keychain Charm $19.95 $11.00 40% off + extra 10% in the app Logo Hoodie Keychain Charm $14.95 $7.00 50% off + extra 10% in the app Logo Tote Keychain Charm $19.95 $11.00 40% off + extra 10% in the app Brannan Bear Sleep Keychain Charm $19.95 $11.00 40% off + extra 10% in the app You may also like Gap Logo Tote Bag $54.95 $43.00 20% off + extra 10% in the app Brannan Bear Scarf Keychain Charm $19.95 $9.00 50% off + extra 10% in the app Logo Tote Keychain Charm $19.95 $15.00 20% off + extra 10% in the app Gap Logo Tote Bag $54.95 $43.00 20% off + extra 10% in the app Logo Tote Keychain Charm $19.95 $11.00 40% off + extra 10% in the app Gap Logo Tote Bag $54.95 $32.00 40% off + extra 10% in the app Brannan Bear Hoodie Keychain Charm $19.95 $11.00 40% off + extra 10% in the app Logo Tote Keychain Charm $19.95 $11.00 40% off + extra 10% in the app Logo Hoodie Keychain Charm $14.95 $7.00 50% off + extra 10% in the app Gap Jeans Keychain Charm $19.95 $11.00 40% off + extra 10% in the app",& care Cotton 100% Machine wash. Imported. Shipping & returns Customers also viewed Gap Logo Tote Bag $49.95 Extra 10% off in the app Brannan Bear Sweater Keychain Charm $19.95 $11.00 40% off + extra 10% in the app Logo Hoodie Keychain Charm $14.95 $7.00 50% off + extra 10% in the app Logo Tote Keychain Charm $19.95 $11.00 40% off + extra 10% in the app Brannan Bear Sleep Keychain Charm $19.95 $11.00 40% off + extra 10% in the app You may also like Gap Logo Tote Bag $54.95 $43.00 20% off + extra 10% in the app Brannan Bear Scarf Keychain Charm $19.95 $9.00 50% off + extra 10% in the app Logo Tote Keychain Charm $19.95 $15.00 20% off + extra 10% in the app Gap Logo Tote Bag $54.95 $43.00 20% off + extra 10% in the app Logo Tote Keychain Charm $19.95 $11.00 40% off + extra 10% in the app Gap Logo Tote Bag $54.95 $32.00 40% off + extra 10% in the app Brannan Bear Hoodie Keychain Charm $19.95 $11.00 40% off + extra 10% in the app Logo Tote Keychain Charm $19.95 $11.00 40% off + extra 10% in the app Logo Hoodie Keychain Charm $14.95 $7.00 50% off + extra 10% in the app Gap Jeans Keychain Charm $19.95 $11.00 40% off + extra 10% in the app,Size Guide,https://www.gap.com/webcontent/0060/784/392/cn60784392.jpg,2,2026-02-22,https://www.gap.com/browse/product.do?pid=890432002&vid=1&pcid=3046544&cid=3051538
893200002,gap,Gap,Kids Brannan Bear Backpack,,38.0,64.95,,True,0,,"Soft faux fur bear backpack. Shoulder straps at back. Inner compartment at back. Embroidered bear face. This product was made in a factory that invests in gender equity and women’s empowerment through RISE. Learn more at <a href="" https://www.gapinc.com/en-us/impact/bridging-the-equity-gap/p-a-c-e-and-rise""><u>gapinc.com/equity </u></a>. #893200; Soft faux fur bear backpack. Shoulder straps at back. Inner compartment at back. Embroidered bear face. This product was made in a factory that invests in gender equity and women’s empowerment through RISE. Learn more at gapinc.com/equity . #893200",& care 100% Polyester. Spot clean. Imported. Shipping & returns Customers also viewed Kids Bunny Backpack $64.95 $38.00 40% off + extra 10% in the app Kids Brannan Bear Cozy Slippers $39.95 $23.00 40% off + extra 10% in the app Kids Bunny Slippers $39.95 $23.00 40% off + extra 10% in the app Kids Corduroy Sneakers $49.95 $19.00 60% off + extra 10% in the app Kids Classic Sneakers $44.95 $26.00 40% off + extra 10% in the app You may also like Kids Varsity Heart Crew Socks (2-Pack) $9.95 $5.00 40% off + extra 10% in the app Kids Varsity Crew Socks (4-Pack) $19.95 $11.00 40% off + extra 10% in the app Kids Vegan Suede Loafers $54.95 $27.00 50% off + extra 10% in the app Kids City Crew Socks (7-Pack) $24.95 $14.00 40% off + extra 10% in the app Kids French Terry Beanie $19.95 $11.00 40% off + extra 10% in the app Kids Organic Cotton Gap Arch Logo Baseball Hat $19.95 $7.00 60% off + extra 10% in the app Kids Crew Socks ( 3-Pack) $14.95 $8.00 40% off + extra 10% in the app Kids VintageSoft Relaxed Hoodie $44.95 $26.00 40% off + extra 10% in the app Kids Camo Trucker Hat $19.95 $7.00 60% off + extra 10% in the app Kids VintageSoft Relaxed Zip Hoodie $49.95 $29.00 40% off + extra 10% in the app,Size Guide,https://www.gap.com/webcontent/0061/900/341/cn61900341.jpg,1,2026-02-22,https://www.gap.com/browse/product.do?pid=893200002&vid=1&pcid=3046590&cid=3046590
894580002,gap,Gap,Brannan Bear Scarf Keychain Charm,,9.0,19.95,,True,5,1,This keychain charm is made of soft knit and faux fur with a metal key ring. Embroidered bear detail at front with allover stripes at scarf. #894580; This keychain charm is made of soft knit and faux fur with a metal key ring. Embroidered bear detail at front with allover stripes at scarf. #894580 Fabric & care Bear: 100% Polyester Cozy Sherpa. Spot clean. Imported. Shipping & returns Customers also viewed Logo Hoodie Keychain Charm $14.95 $7.00 50% off + extra 10% in the app Logo Tote Keychain Charm $19.95 $11.00 40% off + extra 10% in the app Brannan Bear Hoodie Keychain Charm $19.95 $17.00 Extra 10% off in the app Brannan Bear Sweater Keychain Charm $19.95 $11.00 40% off + extra 10% in the app Logo Tote Keychain Charm $19.95 $11.00 40% off + extra 10% in the app You may also like Gap Logo Tote Bag $54.95 $43.00 20% off + extra 10% in the app Brannan Bear Sleep Keychain Charm $19.95 $11.00 40% off + extra 10% in the app Brannan Bear Nap Hoodie Keychain Charm $19.95 $11.00 40% off + extra 10% in the app Gap Logo Tote Bag $54.95 $43.00 20% off + extra 10% in the app Logo Tote Keychain Charm $19.95 $11.00 40% off + extra 10% in the app Gap Logo Tote Bag $59.95 $35.00 40% off + extra 10% in the app Toy Logo Hoodie $14.95 $7.00 50% off + extra 10% in the app Gap Logo Tote Bag $54.95 $43.00 20% off + extra 10% in the app Logo Tote Keychain Charm $19.95 $11.00 40% off + extra 10% in the app Toy Logo Hoodie $14.95 $7.00 50% off + extra 10% in the app,& care Bear: 100% Polyester Cozy Sherpa. Spot clean. Imported. Shipping & returns Customers also viewed Logo Hoodie Keychain Charm $14.95 $7.00 50% off + extra 10% in the app Logo Tote Keychain Charm $19.95 $11.00 40% off + extra 10% in the app Brannan Bear Hoodie Keychain Charm $19.95 $17.00 Extra 10% off in the app Brannan Bear Sweater Keychain Charm $19.95 $11.00 40% off + extra 10% in the app Logo Tote Keychain Charm $19.95 $11.00 40% off + extra 10% in the app You may also like Gap Logo Tote Bag $54.95 $43.00 20% off + extra 10% in the app Brannan Bear Sleep Keychain Charm $19.95 $11.00 40% off + extra 10% in the app Brannan Bear Nap Hoodie Keychain Charm $19.95 $11.00 40% off + extra 10% in the app Gap Logo Tote Bag $54.95 $43.00 20% off + extra 10% in the app Logo Tote Keychain Charm $19.95 $11.00 40% off + extra 10% in the app Gap Logo Tote Bag $59.95 $35.00 40% off + extra 10% in the app Toy Logo Hoodie $14.95 $7.00 50% off + extra 10% in the app Gap Logo Tote Bag $54.95 $43.00 20% off + extra 10% in the app Logo Tote Keychain Charm $19.95 $11.00 40% off + extra 10% in the app Toy Logo Hoodie $14.95 $7.00 50% off + extra 10% in the app,Size Guide,https://www.gap.com/webcontent/0061/456/379/cn61456379.jpg,1,2026-02-22,https://www.gap.com/browse/product.do?pid=894580002&vid=1&pcid=3046544&cid=3046544
893201002,gap,Gap,Kids Bunny Backpack,,38.0,64.95,,True,0,,"Soft faux fur bunny backpack. Shoulder straps at back. Inner compartment at back. Embroidered bunny face. Bunny ear appliques. This product was made in a factory that invests in gender equity and women’s empowerment through RISE. Learn more at <a href="" https://www.gapinc.com/en-us/impact/bridging-the-equity-gap/p-a-c-e-and-rise""><u>gapinc.com/equity </u></a>. Product #893201; Soft faux fur bunny backpack. Shoulder straps at back. Inner compartment at back. Embroidered bunny face. Bunny ear appliques. This product was made in a factory that invests in gender equity and women’s empowerment through RISE. Learn more at gapinc.com/equity . Product #893201",& care 100% Polyester. Spot clean. Imported. Shipping & returns Customers also viewed Kids Brannan Bear Backpack $64.95 $38.00 40% off + extra 10% in the app Kids Brannan Bear Cozy Slippers $39.95 $23.00 40% off + extra 10% in the app Kids Bunny Slippers $39.95 $23.00 40% off + extra 10% in the app Kids Classic Sneakers $44.95 $26.00 40% off + extra 10% in the app Kids Corduroy Sneakers $49.95 $19.00 60% off + extra 10% in the app You may also like Kids Vegan Suede Loafers $49.95 $29.00 40% off + extra 10% in the app Kids Denim Baseball Hat $19.95 $11.00 40% off + extra 10% in the app Kids Nylon Sneakers $49.95 $19.00 60% off + extra 10% in the app Kids Corduroy Sneakers $49.95 $19.00 60% off + extra 10% in the app Kids French Terry Beanie $19.95 $11.00 40% off + extra 10% in the app Kids VintageSoft Relaxed Hoodie $44.95 $26.00 40% off + extra 10% in the app Kids VintageSoft Relaxed Zip Hoodie $49.95 $29.00 40% off + extra 10% in the app Kids Crew Socks ( 3-Pack) $14.95 $8.00 40% off + extra 10% in the app Kids Organic Cotton Gap Arch Logo Baseball Hat $19.95 $7.00 60% off + extra 10% in the app Kids Organic Cotton Logo Baseball Hat $19.95 $7.00 60% off + extra 10% in the app,Size Guide,https://www.gap.com/webcontent/0061/667/198/cn61667198.jpg,1,2026-02-22,https://www.gap.com/browse/product.do?pid=893201002&vid=1&pcid=3046567&cid=3046567
894576002,gap,Gap,Brannan Bear Sleep Keychain Charm,,11.0,19.95,,True,4.7,3,This keychain charm is made of soft knit and faux fur with a metal key ring. Embroidered bear detail at front with allover stripes at sleep mask and PJ shirt. #894576; This keychain charm is made of soft knit and faux fur with a metal key ring. Embroidered bear detail at front with allover stripes at sleep mask and PJ shirt. #894576 Fabric & care Bear: 100% Polyester Cozy Sherpa. Sleep mask & shirt: 100% Polyester. Spot clean. Imported. Shipping & returns Customers also viewed Gap Logo Tote Bag $54.95 $43.00 20% off + extra 10% in the app Logo Tote Keychain Charm $19.95 $11.00 40% off + extra 10% in the app Logo Tote Keychain Charm $19.95 $11.00 40% off + extra 10% in the app Gap Logo Tote Bag $54.95 $32.00 40% off + extra 10% in the app Brannan Bear Hoodie Keychain Charm $19.95 $11.00 40% off + extra 10% in the app You may also like Gap Logo Tote Bag $54.95 $32.00 40% off + extra 10% in the app Logo Tote Keychain Charm $19.95 $11.00 40% off + extra 10% in the app Gap Logo Tote Bag $54.95 $32.00 40% off + extra 10% in the app Logo Tote Keychain Charm $19.95 $11.00 40% off + extra 10% in the app Gap Logo Tote Bag $54.95 $43.00 20% off + extra 10% in the app Brannan Bear Hoodie Keychain Charm $19.95 $17.00 Extra 10% off in the app Brannan Bear Nap Hoodie Keychain Charm $19.95 $11.00 40% off + extra 10% in the app Gap Logo Tote Bag $59.95 $35.00 40% off + extra 10% in the app Logo Tote Keychain Charm $19.95 $11.00 40% off + extra 10% in the app Gap Jeans Keychain Charm $19.95 $11.00 40% off + extra 10% in the app,& care Bear: 100% Polyester Cozy Sherpa. Sleep mask & shirt: 100% Polyester. Spot clean. Imported. Shipping & returns Customers also viewed Gap Logo Tote Bag $54.95 $43.00 20% off + extra 10% in the app Logo Tote Keychain Charm $19.95 $11.00 40% off + extra 10% in the app Logo Tote Keychain Charm $19.95 $11.00 40% off + extra 10% in the app Gap Logo Tote Bag $54.95 $32.00 40% off + extra 10% in the app Brannan Bear Hoodie Keychain Charm $19.95 $11.00 40% off + extra 10% in the app You may also like Gap Logo Tote Bag $54.95 $32.00 40% off + extra 10% in the app Logo Tote Keychain Charm $19.95 $11.00 40% off + extra 10% in the app Gap Logo Tote Bag $54.95 $32.00 40% off + extra 10% in the app Logo Tote Keychain Charm $19.95 $11.00 40% off + extra 10% in the app Gap Logo Tote Bag $54.95 $43.00 20% off + extra 10% in the app Brannan Bear Hoodie Keychain Charm $19.95 $17.00 Extra 10% off in the app Brannan Bear Nap Hoodie Keychain Charm $19.95 $11.00 40% off + extra 10% in the app Gap Logo Tote Bag $59.95 $35.00 40% off + extra 10% in the app Logo Tote Keychain Charm $19.95 $11.00 40% off + extra 10% in the app Gap Jeans Keychain Charm $19.95 $11.00 40% off + extra 10% in the app,Size Guide,https://www.gap.com/webcontent/0061/456/364/cn61456364.jpg,1,2026-02-22,https://www.gap.com/browse/product.do?pid=894576002&vid=1&pcid=3046544&cid=3046544
894579002,gap,Gap,Brannan Bear Nap Hoodie Keychain Charm,,11.0,19.95,,True,4.3,4,"This keychain charm is made of soft knit and faux fur with a metal key ring. Embroidered bear detail and Gap NAP logo at front. #894579; This keychain charm is made of soft knit and faux fur with a metal key ring. Embroidered bear detail and Gap NAP logo at front. #894579 Fabric & care Bear: 100% Polyester Cozy Sherpa. Hoodie: 97% Polyester, 3% Spandex. Spot clean. Imported. Shipping & returns Customers also viewed Logo Tote Keychain Charm $19.95 $15.00 20% off + extra 10% in the app Logo Tote Keychain Charm $19.95 $11.00 40% off + extra 10% in the app Logo Hoodie Keychain Charm $14.95 $7.00 50% off + extra 10% in the app Logo Tote Keychain Charm $19.95 $11.00 40% off + extra 10% in the app Toy Logo Hoodie $14.95 $7.00 50% off + extra 10% in the app You may also like Brannan Bear Scarf Keychain Charm $19.95 $9.00 50% off + extra 10% in the app Brannan Bear Hoodie Keychain Charm $19.95 $11.00 40% off + extra 10% in the app Gap Logo Tote Bag $54.95 $43.00 20% off + extra 10% in the app Brannan Bear Sleep Keychain Charm $19.95 $11.00 40% off + extra 10% in the app Gap Logo Tote Bag $54.95 $32.00 40% off + extra 10% in the app Brannan Bear Denim Jacket Keychain Charm $19.95 $13.00 30% off + extra 10% in the app Brannan Bear Sweater Keychain Charm $19.95 $11.00 40% off + extra 10% in the app Gap Logo Tote Bag $54.95 $43.00 20% off + extra 10% in the app Toy Logo Hoodie $14.95 $7.00 50% off + extra 10% in the app Gap Logo Tote Bag $54.95 $32.00 40% off + extra 10% in the app","& care Bear: 100% Polyester Cozy Sherpa. Hoodie: 97% Polyester, 3% Spandex. Spot clean. Imported. Shipping & returns Customers also viewed Logo Tote Keychain Charm $19.95 $15.00 20% off + extra 10% in the app Logo Tote Keychain Charm $19.95 $11.00 40% off + extra 10% in the app Logo Hoodie Keychain Charm $14.95 $7.00 50% off + extra 10% in the app Logo Tote Keychain Charm $19.95 $11.00 40% off + extra 10% in the app Toy Logo Hoodie $14.95 $7.00 50% off + extra 10% in the app You may also like Brannan Bear Scarf Keychain Charm $19.95 $9.00 50% off + extra 10% in the app Brannan Bear Hoodie Keychain Charm $19.95 $11.00 40% off + extra 10% in the app Gap Logo Tote Bag $54.95 $43.00 20% off + extra 10% in the app Brannan Bear Sleep Keychain Charm $19.95 $11.00 40% off + extra 10% in the app Gap Logo Tote Bag $54.95 $32.00 40% off + extra 10% in the app Brannan Bear Denim Jacket Keychain Charm $19.95 $13.00 30% off + extra 10% in the app Brannan Bear Sweater Keychain Charm $19.95 $11.00 40% off + extra 10% in the app Gap Logo Tote Bag $54.95 $43.00 20% off + extra 10% in the app Toy Logo Hoodie $14.95 $7.00 50% off + extra 10% in the app Gap Logo Tote Bag $54.95 $32.00 40% off + extra 10% in the app",Size Guide,https://www.gap.com/webcontent/0061/456/373/cn61456373.jpg,1,2026-02-22,https://www.gap.com/browse/product.do?pid=894579002&vid=1&pcid=3046544&cid=3046544
894583002,gap,Gap,Brannan Bear Sweater Keychain Charm,,11.0,19.95,,True,5,,This keychain charm is made of soft knit and faux fur with a metal key ring. Embroidered bear detail at front with allover stripes at crewneck sweater. #894583; This keychain charm is made of soft knit and faux fur with a metal key ring. Embroidered bear detail at front with allover stripes at crewneck sweater. #894583 Fabric & care Bear: 100% Polyester Cozy Sherpa. Spot clean. Imported. Shipping & returns Customers also viewed Brannan Bear Scarf Keychain Charm $19.95 $9.00 50% off + extra 10% in the app Logo Tote Keychain Charm $19.95 $11.00 40% off + extra 10% in the app Logo Hoodie Keychain Charm $14.95 $7.00 50% off + extra 10% in the app Gap Logo Tote Bag $54.95 $43.00 20% off + extra 10% in the app Logo Tote Keychain Charm $19.95 $11.00 40% off + extra 10% in the app You may also like Gap Logo Tote Bag $54.95 $43.00 20% off + extra 10% in the app Brannan Bear Sleep Keychain Charm $19.95 $11.00 40% off + extra 10% in the app Logo Tote Keychain Charm $19.95 $11.00 40% off + extra 10% in the app Brannan Bear Hoodie Keychain Charm $19.95 $17.00 Extra 10% off in the app Gap Logo Tote Bag $49.95 Extra 10% off in the app Gap Logo Tote Bag $54.95 $43.00 20% off + extra 10% in the app Brannan Bear Nap Hoodie Keychain Charm $19.95 $11.00 40% off + extra 10% in the app Gap Logo Tote Bag $54.95 $32.00 40% off + extra 10% in the app Denim Tote Bag $59.95 $41.00 30% off + extra 10% in the app Gap Logo Tote Bag $59.95 $35.00 40% off + extra 10% in the app,& care Bear: 100% Polyester Cozy Sherpa. Spot clean. Imported. Shipping & returns Customers also viewed Brannan Bear Scarf Keychain Charm $19.95 $9.00 50% off + extra 10% in the app Logo Tote Keychain Charm $19.95 $11.00 40% off + extra 10% in the app Logo Hoodie Keychain Charm $14.95 $7.00 50% off + extra 10% in the app Gap Logo Tote Bag $54.95 $43.00 20% off + extra 10% in the app Logo Tote Keychain Charm $19.95 $11.00 40% off + extra 10% in the app You may also like Gap Logo Tote Bag $54.95 $43.00 20% off + extra 10% in the app Brannan Bear Sleep Keychain Charm $19.95 $11.00 40% off + extra 10% in the app Logo Tote Keychain Charm $19.95 $11.00 40% off + extra 10% in the app Brannan Bear Hoodie Keychain Charm $19.95 $17.00 Extra 10% off in the app Gap Logo Tote Bag $49.95 Extra 10% off in the app Gap Logo Tote Bag $54.95 $43.00 20% off + extra 10% in the app Brannan Bear Nap Hoodie Keychain Charm $19.95 $11.00 40% off + extra 10% in the app Gap Logo Tote Bag $54.95 $32.00 40% off + extra 10% in the app Denim Tote Bag $59.95 $41.00 30% off + extra 10% in the app Gap Logo Tote Bag $59.95 $35.00 40% off + extra 10% in the app,Size Guide,https://www.gap.com/webcontent/0061/519/686/cn61519686.jpg,1,2026-02-22,https://www.gap.com/browse/product.do?pid=894583002&vid=1&pcid=3046544&cid=3051539
61210335,abercrombie,Abercrombie,Knitted Sweater Bag Charm,Bags & Bag Charms,3265.81,,,False,,,Jewelry for your bag - a small sweater-shaped bag charm with a metal clasp.; Jewelry for your bag - a small sweater-shaped bag charm with a metal clasp. | Features: Jewelry for your bag - a small sweater-shaped bag charm with a metal clasp. | Body:100% Acrylic / Chain:100% Non-Precious Metal | Do not bleach | Do not dry clean | Do not iron | Do not tumble dry | Do not wash | Spot clean,Body:100% Acrylic / Chain:100% Non-Precious Metal,Body:100% Acrylic / Chain:100% Non-Precious Metal,https://img.abercrombie.com/is/image/anf/KIC_154-5127-00009-202_prod1,2,2026-02-23,https://www.abercrombie.com/shop/wd/p/bag-charm-61210335?categoryId=12281&faceout=prod&seq=04
61628819,abercrombie,Abercrombie,Beaded Shell Bag Charm,Bags & Bag Charms,2332.72,,,False,,,Jewelry for your bag - a small shell-shaped bag charm with a metal clasp.; Jewelry for your bag - a small shell-shaped bag charm with a metal clasp. | Features: Jewelry for your bag - a small shell-shaped bag charm with a metal clasp. | Bead 2:100% Glass / Bead:100% Plastic / Body:100% Polyester / Chain:100% Non-Precious Metal / Filling:100% Polyester Fibers | Do not bleach | Do not dry clean | Do not iron | Do not tumble dry | Do not wash | Spot clean,Bead 2:100% Glass / Bead:100% Plastic / Body:100% Polyester / Chain:100% Non-Precious Metal / Filling:100% Polyester Fibers,Bead 2:100% Glass / Bead:100% Plastic / Body:100% Polyester / Chain:100% Non-Precious Metal / Filling:100% Polyester Fibers,https://img.abercrombie.com/is/image/anf/KIC_154-5276-00003-200_prod1,4,2026-02-23,https://www.abercrombie.com/shop/wd/p/bag-charm-61628819?categoryId=12281&faceout=prod&seq=01
61449346,abercrombie,Abercrombie,Bolo Tie,Abercrombie x Kemo Sabe,4665.44,,,False,,,Introducing A&F x Kemo Sabe—a limited collection of timeless western pieces that brings together the rich heritage of both brands. This western-inspired bolo tie features a center stone detail and fringe details on the ends.; Introducing A&F x Kemo Sabe—a limited collection of timeless western pieces that brings together the rich heritage of both brands. This western-inspired bolo tie features a center stone detail and fringe details on the ends. | Features: Introducing A&F x Kemo Sabe—a limited collection of timeless western pieces that brings together the rich heritage of both brands. This western-inspired bolo tie features a center stone detail and fringe details on the ends. | 100% Non-Precious Metal100% Non-Precious Metal / Bead:100% Acrylic | Do not bleach | Do not dry clean | Do not iron | Do not tumble dry | Do not wash | Spot clean,100% Non-Precious Metal100% Non-Precious Metal / Bead:100% Acrylic,Introducing A&F x Kemo Sabe—a limited collection of timeless western pieces that brings together the rich heritage of both brands. This western-inspired bolo tie features a center stone detail and fringe details on the ends.,https://img.abercrombie.com/is/image/anf/KIC_154-5281-00011-100_life1,1,2026-02-23,https://www.abercrombie.com/shop/wd/p/bolo-tie-61449346?categoryId=12281&faceout=life&seq=01&pagefm=navigation-grid&prodvm=navigation-grid
61808366,abercrombie,Abercrombie,Cutwork Shoulder Bag,Bags & Bag Charms,8397.79,,,False,,,"Our small shoulder bag in a soft fabric with an elevated adjustable shoulder strap. Features embroidered cutwork details throughout, foldover detail, zipper closure and an interior pocket. To avoid color transfer, keep away from light color clothing and upholstery.; Our small shoulder bag in a soft fabric with an elevated adjustable shoulder strap. Features embroidered cutwork details throughout, foldover detail, zipper closure and an interior pocket. To avoid color transfer, keep away from light color clothing and upholstery. | Features: Our small shoulder bag in a soft fabric with an elevated adjustable shoulder strap. Features embroidered cutwork details throughout, foldover detail, zipper closure and an interior pocket. To avoid color transfer, keep away from light color clothing and upholstery. Imported. | Lining:100% Polyester / Shell:92% Polyester, 8% Elastane | Do not bleach | Do not dry clean | Do not iron | Do not tumble dry | Do not wash | Spot clean","Lining:100% Polyester / Shell:92% Polyester, 8% Elastane","Our small shoulder bag in a soft fabric with an elevated adjustable shoulder strap. Features embroidered cutwork details throughout, foldover detail, zipper closure and an interior pocket. To avoid color transfer, keep away from light color clothing and upholstery. Imported.",https://img.abercrombie.com/is/image/anf/KIC_154-6039-00058-415_prod1,2,2026-02-23,https://www.abercrombie.com/shop/wd/p/cutwork-shoulder-bag-61808366?categoryId=12281&faceout=prod&seq=01&afsource=social+proofing&pagefm=navigation-grid&prodvm=navigation-grid
60772826,abercrombie,Abercrombie,Modern Belted City Tote Bag,Bags & Bag Charms,9330.88,,,False,,,"Our new city tote in a soft vegan leather fabric, designed with a belted hardware detail that adds an elevated look and an expandable bag option for added room. Features one internal zip pocket, two internal non-zip pockets and a magnetic button clasp. A versatile carry-all that transitions easily from work to weekend.; Our new city tote in a soft vegan leather fabric, designed with a belted hardware detail that adds an elevated look and an expandable bag option for added room. Features one internal zip pocket, two internal non-zip pockets and a magnetic button clasp. A versatile carry-all that transitions easily from work to weekend. | Features: Our new city tote in a soft vegan leather fabric, designed with a belted hardware detail that adds an elevated look and an expandable bag option for added room. Features one internal zip pocket, two internal non-zip pockets and a magnetic button clasp. A versatile carry-all that transitions easily from work to weekend. Imported. | Coating:100% Polyurethane / Faux Leather:100% Viscose / Lining:100% Polyester | Do not bleach | Do not dry clean | Do not iron | Do not tumble dry | Do not wash | Spot clean",Coating:100% Polyurethane / Faux Leather:100% Viscose / Lining:100% Polyester,"Our new city tote in a soft vegan leather fabric, designed with a belted hardware detail that adds an elevated look and an expandable bag option for added room. Features one internal zip pocket, two internal non-zip pockets and a magnetic button clasp. A versatile carry-all that transitions easily from work to weekend. Imported.",https://img.abercrombie.com/is/image/anf/KIC_154-5095-00033-900_prod1,1,2026-02-23,https://www.abercrombie.com/shop/wd/p/modern-belted-city-tote-bag-60772826?categoryId=12281&faceout=prod&seq=01
61894825,abercrombie,Abercrombie,Resort Straw Tote Bag,Bags & Bag Charms,6531.62,,,False,,,"The perfect tote to add to your closet for your next vacation. Features a straw fabric, round handles, a striped pattern and a roomy silhouette.; The perfect tote to add to your closet for your next vacation. Features a straw fabric, round handles, a striped pattern and a roomy silhouette. | Features: The perfect tote to add to your closet for your next vacation. Features a straw fabric, round handles, a striped pattern and a roomy silhouette. | 100% Paper100% Paper | Do not bleach | Do not dry clean | Do not iron | Do not tumble dry | Do not wash | Spot clean",100% Paper100% Paper,,https://img.abercrombie.com/is/image/anf/KIC_154-6028-00055-480_prod1,1,2026-02-23,https://www.abercrombie.com/shop/wd/p/resort-straw-tote-bag-61894825?categoryId=12281&faceout=prod&seq=01
61894823,abercrombie,Abercrombie,Slouchy Vegan Suede Tote Bag,Bags & Bag Charms,8397.79,,,False,,,"Our slouchy tote bag in a drapey vegan suede fabric. Features button closure, whipstitch details on the seams, gold hardware details and tassels with interior space to hold your personal items and valuables. To avoid color transfer, keep away from light color clothing and upholstery.; Our slouchy tote bag in a drapey vegan suede fabric. Features button closure, whipstitch details on the seams, gold hardware details and tassels with interior space to hold your personal items and valuables. To avoid color transfer, keep away from light color clothing and upholstery. | Features: Our slouchy tote bag in a drapey vegan suede fabric. Features button closure, whipstitch details on the seams, gold hardware details and tassels with interior space to hold your personal items and valuables. To avoid color transfer, keep away from light color clothing and upholstery. Imported. | Faux Suede:92% Polyester, 8% Elastane / Lining:100% Polyester | Do not bleach | Do not dry clean | Do not iron | Do not tumble dry | Do not wash | Spot clean","Faux Suede:92% Polyester, 8% Elastane / Lining:100% Polyester","Our slouchy tote bag in a drapey vegan suede fabric. Features button closure, whipstitch details on the seams, gold hardware details and tassels with interior space to hold your personal items and valuables. To avoid color transfer, keep away from light color clothing and upholstery. Imported.",https://img.abercrombie.com/is/image/anf/KIC_154-6032-00056-402_prod1,2,2026-02-23,https://www.abercrombie.com/shop/wd/p/slouchy-vegan-suede-tote-bag-61894823?categoryId=12281&faceout=prod&seq=01
61115319,abercrombie,Abercrombie,Studded Vegan Suede Tote Bag,Bags & Bag Charms,8397.79,,,False,,,"Our new tote bag in a drapey vegan suede fabric with button closure, featuring studded details and an interior pocket to hold your personal items and valuables. To avoid color transfer, keep away from light color clothing and upholstery.; Our new tote bag in a drapey vegan suede fabric with button closure, featuring studded details and an interior pocket to hold your personal items and valuables. To avoid color transfer, keep away from light color clothing and upholstery. | Features: Our new tote bag in a drapey vegan suede fabric with button closure, featuring studded details and an interior pocket to hold your personal items and valuables. To avoid color transfer, keep away from light color clothing and upholstery. Imported. | Coating:100% Polyurethane / Faux Leather:100% Polyester / Faux Suede:92% Polyester, 8% Elastane | Do not bleach | Do not dry clean | Do not iron | Do not tumble dry | Do not wash | Spot clean","Coating:100% Polyurethane / Faux Leather:100% Polyester / Faux Suede:92% Polyester, 8% Elastane","Our new tote bag in a drapey vegan suede fabric with button closure, featuring studded details and an interior pocket to hold your personal items and valuables. To avoid color transfer, keep away from light color clothing and upholstery. Imported.",https://img.abercrombie.com/is/image/anf/KIC_154-5135-00041-405_prod1,1,2026-02-23,https://www.abercrombie.com/shop/wd/p/vegan-suede-tote-bag-61115319?categoryId=12281&faceout=prod&seq=02&pagefm=navigation-grid&prodvm=navigation-grid
61812334,abercrombie,Abercrombie,Whipstitch Shoulder Bag,Bags & Bag Charms,7464.7,,,False,,,"Our Boho-inspired bag in a soft vegan suede fabric and relaxed shoulder-bag silhouette, featuring whipstitch details throughout and zipper closure. Easy everyday wear makes it the perfect companion for festivals, weekend outings or effortlessly chic day-to-day styling.; Our Boho-inspired bag in a soft vegan suede fabric and relaxed shoulder-bag silhouette, featuring whipstitch details throughout and zipper closure. Easy everyday wear makes it the perfect companion for festivals, weekend outings or effortlessly chic day-to-day styling. | Features: Our Boho-inspired bag in a soft vegan suede fabric and relaxed shoulder-bag silhouette, featuring whipstitch details throughout and zipper closure. Easy everyday wear makes it the perfect companion for festivals, weekend outings or effortlessly chic day-to-day styling. Imported. | Faux Suede:92% Polyester, 8% Elastane / Lining:100% Polyester | Do not bleach | Do not dry clean | Do not iron | Do not tumble dry | Do not wash | Spot clean","Faux Suede:92% Polyester, 8% Elastane / Lining:100% Polyester","Our Boho-inspired bag in a soft vegan suede fabric and relaxed shoulder-bag silhouette, featuring whipstitch details throughout and zipper closure. Easy everyday wear makes it the perfect companion for festivals, weekend outings or effortlessly chic day-to-day styling. Imported.",https://img.abercrombie.com/is/image/anf/KIC_154-6077-00059-900_prod1,2,2026-02-23,https://www.abercrombie.com/shop/wd/p/whipstitch-shoulder-bag-61812334?categoryId=12281&faceout=prod&seq=01
61822338,abercrombie,Abercrombie,YPB Duffle Bag,Bags & Wallets,10263.97,,,False,,,"Our full-size duffle bag to carry all your essentials. Features a shoulder strap, a handle to carry your belongings, zipper closures and pockets throughout.; Our full-size duffle bag to carry all your essentials. Features a shoulder strap, a handle to carry your belongings, zipper closures and pockets throughout. | Features: Our full-size duffle bag to carry all your essentials. Features a shoulder strap, a handle to carry your belongings, zipper closures and pockets throughout. Imported. | Back:100% Polyethylene / Face:100% Polyester / Filling Foam:100% Polyethylene / Lining:100% Polyester | Do not bleach | Do not dry clean | Do not iron | Do not tumble dry | Do not wash | Spot clean",Back:100% Polyethylene / Face:100% Polyester / Filling Foam:100% Polyethylene / Lining:100% Polyester,"Our full-size duffle bag to carry all your essentials. Features a shoulder strap, a handle to carry your belongings, zipper closures and pockets throughout. Imported.",https://img.abercrombie.com/is/image/anf/KIC_105-6010-00036-900_prod1,1,2026-02-23,https://www.abercrombie.com/shop/wd/p/ypb-duffle-bag-61822338?categoryId=12281&faceout=prod&seq=01&pagefm=navigation-grid&prodvm=navigation-grid
55299823,abercrombie,Abercrombie,YPB Iconic Tote Bag,Bags & Wallets,8397.79,,,False,,,"Our active tote bag with interior and exterior pockets throughout to hold your personal items and valuables. Includes top zipper closure, as well as a back trolley pass flap for easy use when traveling. Height: 15 in. Width: 5.5 in. Length: 18 in.; Our active tote bag with interior and exterior pockets throughout to hold your personal items and valuables. Includes top zipper closure, as well as a back trolley pass flap for easy use when traveling. Height: 15 in. Width: 5.5 in. Length: 18 in. | Features: Our active tote bag with interior and exterior pockets throughout to hold your personal items and valuables. Includes top zipper closure, as well as a back trolley pass flap for easy use when traveling. Height: 15 in. Width: 5.5 in. Length: 18 in. Imported. | Lining:100% Polyester / Shell:100% Nylon | Do not bleach | Do not dry clean | Do not iron | Do not tumble dry | Do not wash | Spot clean",Lining:100% Polyester / Shell:100% Nylon,"Our active tote bag with interior and exterior pockets throughout to hold your personal items and valuables. Includes top zipper closure, as well as a back trolley pass flap for easy use when traveling. Height: 15 in. Width: 5.5 in. Length: 18 in. Imported.",https://img.abercrombie.com/is/image/anf/KIC_105-5002-00024-302_prod1,2,2026-02-23,https://www.abercrombie.com/shop/wd/p/ypb-iconic-tote-bag-55299823?categoryId=12281&faceout=prod&seq=08&pagefm=navigation-grid&prodvm=navigation-grid
61407845,abercrombie,Abercrombie,YPB Iconic Tote Bag,Bags & Wallets,8397.79,,,False,,,"Our active tote bag with interior and exterior pockets throughout to hold your personal items and valuables. Includes an interior laptop sleeve, top zipper closure, as well as a back trolley pass flap for easy use when traveling. Height: 15 in. Width: 5.5 in. Length: 18 in.; Our active tote bag with interior and exterior pockets throughout to hold your personal items and valuables. Includes an interior laptop sleeve, top zipper closure, as well as a back trolley pass flap for easy use when traveling. Height: 15 in. Width: 5.5 in. Length: 18 in. | Features: Our active tote bag with interior and exterior pockets throughout to hold your personal items and valuables. Includes an interior laptop sleeve, top zipper closure, as well as a back trolley pass flap for easy use when traveling. Height: 15 in. Width: 5.5 in. Length: 18 in. Imported. | Lining:100% Polyester / Shell:100% Nylon | Do not bleach | Do not dry clean | Do not iron | Do not tumble dry | Do not wash | Spot clean",Lining:100% Polyester / Shell:100% Nylon,"Our active tote bag with interior and exterior pockets throughout to hold your personal items and valuables. Includes an interior laptop sleeve, top zipper closure, as well as a back trolley pass flap for easy use when traveling. Height: 15 in. Width: 5.5 in. Length: 18 in. Imported.",https://img.abercrombie.com/is/image/anf/KIC_105-5008-00035-900_prod1,1,2026-02-23,https://www.abercrombie.com/shop/wd/p/ypb-iconic-tote-bag-61407845?categoryId=73468&faceout=prod&seq=01
61822345,abercrombie,Abercrombie,YPB On The Go Tote Bag,Bags & Wallets,6998.16,,,False,,,"YPB On The Go Collection: Made to move—easy layers for walks, weekend trips and everything in between. Our active tote bag with interior and exterior pockets throughout to hold your personal items and valuables. Includes top zipper closure, as well as a back trolley pass flap for easy use when traveling. Height: 15 in. Width: 5.5 in. Length: 18 in.; YPB On The Go Collection: Made to move—easy layers for walks, weekend trips and everything in between. Our active tote bag with interior and exterior pockets throughout to hold your personal items and valuables. Includes top zipper closure, as well as a back trolley pass flap for easy use when traveling. Height: 15 in. Width: 5.5 in. Length: 18 in. | Features: YPB On The Go Collection: Made to move—easy layers for walks, weekend trips and everything in between. Our active tote bag with interior and exterior pockets throughout to hold your personal items and valuables. Includes top zipper closure, as well as a back trolley pass flap for easy use when traveling. Height: 15 in. Width: 5.5 in. Length: 18 in. Imported. | Shell And Lining:100% Cotton | Do not bleach | Do not dry clean | Do not iron | Do not tumble dry | Do not wash | Spot clean",Shell And Lining:100% Cotton,"YPB On The Go Collection: Made to move—easy layers for walks, weekend trips and everything in between. Our active tote bag with interior and exterior pockets throughout to hold your personal items and valuables. Includes top zipper closure, as well as a back trolley pass flap for easy use when traveling. Height: 15 in. Width: 5.5 in. Length: 18 in. Imported.",https://img.abercrombie.com/is/image/anf/KIC_105-6005-00037-110_prod1,1,2026-02-23,https://www.abercrombie.com/shop/wd/p/ypb-on-the-go-tote-bag-61822345?categoryId=12281&faceout=prod&seq=01
123587,aritzia,Aritzia,Valet Garment Bag,Valet garment bag,3900,,,False,,,"100% cotton garment bag; Final boarding call This is a tie-closure garment bag designed to store our tailored coats. It comes with a wooden hanger. It’s made with naturally breathable midweight 100% cotton. This material is undyed, meaning the colour comes from the yarn’s natural fibres. Final boarding call Final boarding call This is a tie-closure garment bag designed to store our tailored coats. This is a tie-closure garment bag designed to store our tailored coats. | Features: Dimensions: 59h x 140d centimetres (23 1/4h x 55 1/8d inches) | Handle Drop: 22 centimetres (8 11/16 inches) | Designed to store our tailored coats | Comes with a wooden hanger",Content: 100% cotton,Dimensions: 59h x 140d centimetres (23 1/4h x 55 1/8d inches),https://assets.aritzia.com/image/upload/f24_n08_123587_31770_on_a,1,2026-02-22,https://www.aritzia.com/intl/en/product/valet-garment-bag/123587.html?color=31770
130743,aritzia,Aritzia,Awayday Tote,Awayday tote,12000,,,False,,,Handmade raffia-like tote bag; The Amalfi Coast is calling This is a tote bag with exclusive Aritzia branding. It’s made from lightweight raffia-like material and made by hand so that no two are exactly alike. The Amalfi Coast is calling The Amalfi Coast is calling This is a tote bag with exclusive Aritzia branding. This is a tote bag with exclusive Aritzia branding. | Features: Dimensions: 17w x 39h x 15d centimeters (6 11/16w x 15 3/8h x 5 7/8d inches) | Handle Drop: 18 centimetres (7 1/16 inches) | Handmade | Exclusive Aritzia branding,Content: 100% polypropylene,Dimensions: 17w x 39h x 15d centimeters (6 11/16w x 15 3/8h x 5 7/8d inches),https://assets.aritzia.com/image/upload/s26_n08_130743_34586_on_a,2,2026-02-22,https://www.aritzia.com/intl/en/product/awayday-tote/130743.html?color=34586
116025,aritzia,Aritzia,Awayday Tote,Awayday tote,12000,,,False,,,"Handmade straw tote bag; Pick up The Amalfi Coast is calling. This is a tote bag with exclusive Aritzia branding. It’s made from lightweight raffia-like material and made by hand so that no two are exactly alike. The Amalfi Coast is calling. | Features: Dimensions: 17w x 39h x 15d centimeters (6 11/16w x 15 3/8h x 5 7/8d inches) | Handle Drop: 18 centimetres (7 1/16 inches) | Model is 5'10""/177cm wearing a size 2XS | Handmade | Exclusive Aritzia branding",Content: 100% polypropylene,Dimensions: 17w x 39h x 15d centimeters (6 11/16w x 15 3/8h x 5 7/8d inches),https://assets.aritzia.com/image/upload/s25_n08_116025_34584_on_a,2,2026-02-22,https://www.aritzia.com/intl/en/product/awayday-tote/116025.html?color=34584
120491,aritzia,Tna,Berra Backpack,Berra backpack,4000,10000,,True,,,"Nylon twill water-repellent backpack; Your commute just got a little cooler This is a structured backpack with a main zip closure, outer zippered pocket and interior drop pocket for a little extra organization. It's crafted with soft, water-repellent nylon twill. Please note, this item is final sale Your commute just got a little cooler Your commute just got a little cooler This is a structured backpack with a main zip closure, outer zippered pocket and interior drop pocket for a little extra organization. This is a structured backpack with a main zip closure, outer zippered pocket and interior drop pocket for a little extra organization. Please note, this item is final sale Please note, this item is final sale Please note, this item is final sale. | Features: Dimensions: 27w x 43l x 15d centimetres (10 5/8w x 16 15/16l x 5 7/8d inches) | Model is 5' 8.5""/173.99cm wearing a size 2XS | Main zippered pocket | Front zippered pocket | Interior drop pocket | Adjustable shoulder straps",Content: 100% nylon; Lining: 100% polyester,Dimensions: 27w x 43l x 15d centimetres (10 5/8w x 16 15/16l x 5 7/8d inches),https://assets.aritzia.com/image/upload/f24_n08_120491_1274_on_a,2,2026-02-22,https://www.aritzia.com/intl/en/product/berra-backpack/120491.html?color=1274
122201,aritzia,The Super Puff™,The Super Puff™ Tote Bag - Hi-Gloss,The super puff%E2%84%A2 tote bag,9100,13000,,True,,,Hi-Gloss French satin puffer tote bag; Super haul-it-all. For when your groceries and things get a little chilly. The Super Puff™ Tote Bag is constructed with a lightweight synthetic fill and is made with Hi-Gloss — water-repellent and wind-resistant taffeta from France with a glossy finish and a soft feel. | Features: Handle Drop: 31.5 centimetres (12 3/8 inches) | Fabric from an innovative French mill | Water-repellent and wind-resistant fabric | Interior slip pocket | Downproof construction | Zip closure on main compartment | Interior pocket with zip closure for secure storage | Exclusive Super Puff branding,Origin: Fabric from France | Content: 100% polyamide,Handle Drop: 31.5 centimetres (12 3/8 inches),https://assets.aritzia.com/image/upload/f25_n08_122201_1274_on_a,1,2026-02-22,https://www.aritzia.com/intl/en/product/the-super-puff%E2%84%A2-tote-bag/122201.html?color=1274
124758,aritzia,Aritzia,Valet Multi Garment Bag,Valet multi garment bag,4900,,,False,,,"Gusseted 100% cotton garment bag; You deserve pristine This is a gusseted garment bag designed to store multiple garments. It’s made with naturally breathable midweight 100% cotton. This material is undyed, meaning the colour comes from the yarn’s natural fibres. You deserve pristine You deserve pristine This is a gusseted garment bag designed to store multiple garments. This is a gusseted garment bag designed to store multiple garments. | Features: Dimensions: 144h x 59w x 7.5d centimetres (56 11/16h x 23 1/4w x 2 15/16d inches) | Handle Drop: 18 centimetres (7 1/16 inches) | Tie closure | Comes with a wooden hanger | Specifically designed to store our tailored coats",Content: 100% cotton,Dimensions: 144h x 59w x 7.5d centimetres (56 11/16h x 23 1/4w x 2 15/16d inches),https://assets.aritzia.com/image/upload/f24_n08_124758_31770_on_a,1,2026-02-22,https://www.aritzia.com/intl/en/product/valet-multi-garment-bag/124758.html?color=31770
