availability_text,average_rating,best_seller_flag,brand,care_instructions,category_breadcrumb,color_options,description,dimensions,dimensions_section,image_count,image_url,images_list,is_sale,material_text,materials_section,name,new_arrival_flag,price_currency,price_current,price_original,product_details,product_id,product_url,promo_excluded,rating_count,review_count,scrape_date,size_options,sku,sold_shipped_by
,,,Abercrombie,Do not bleach | Do not dry clean | Do not iron | Do not tumble dry | Do not wash | Spot clean,Women's > Women's > Accessories > Accessories > Bags & Bag Charms > Bags & Bag Charms,blue | red,Jewelry for your bag - a small sweater-shaped bag charm with a metal clasp.,Body:100% Acrylic / Chain:100% Non-Precious Metal,Body:100% Acrylic / Chain:100% Non-Precious Metal,1,https://img.abercrombie.com/is/image/anf/KIC_154-5127-00009-202_prod1,https://img.abercrombie.com/is/image/anf/KIC_154-5127-00009-202_prod1,False,Body:100% Acrylic / Chain:100% Non-Precious Metal,Body:100% Acrylic / Chain:100% Non-Precious Metal,Knitted Sweater Bag Charm,False,USD,3265.81,,Jewelry for your bag - a small sweater-shaped bag charm with a metal clasp. | Features: Jewelry for your bag - a small sweater-shaped bag charm with a metal clasp. | Body:100% Acrylic / Chain:100% Non-Precious Metal | Do not bleach | Do not dry clean | Do not iron | Do not tumble dry | Do not wash | Spot clean,,https://www.abercrombie.com/shop/wd/p/bag-charm-61210335?categoryId=12281&faceout=prod&seq=04,,,,2026-02-23,ONE SIZE,61210335,
,,,Abercrombie,Do not bleach | Do not dry clean | Do not iron | Do not tumble dry | Do not wash | Spot clean,Women's > Women's > Accessories > Accessories > Bags & Bag Charms > Bags & Bag Charms,blue | red,Jewelry for your bag - a small sweater-shaped bag charm with a metal clasp.,Body:100% Acrylic / Chain:100% Non-Precious Metal,Body:100% Acrylic / Chain:100% Non-Precious Metal,1,https://img.abercrombie.com/is/image/anf/KIC_154-5127-00009-202_prod1,https://img.abercrombie.com/is/image/anf/KIC_154-5127-00009-202_prod1,False,Body:100% Acrylic / Chain:100% Non-Precious Metal,Body:100% Acrylic / Chain:100% Non-Precious Metal,Knitted Sweater Bag Charm,False,USD,3265.81,,Jewelry for your bag - a small sweater-shaped bag charm with a metal clasp. | Features: Jewelry for your bag - a small sweater-shaped bag charm with a metal clasp. | Body:100% Acrylic / Chain:100% Non-Precious Metal | Do not bleach | Do not dry clean | Do not iron | Do not tumble dry | Do not wash | Spot clean,,https://www.abercrombie.com/shop/wd/p/bag-charm-61210335?categoryId=12281&faceout=prod&seq=04&pagefm=navigation-grid&prodvm=navigation-grid,,,,2026-02-23,ONE SIZE,61210335,
,,,Abercrombie,Do not bleach | Do not dry clean | Do not iron | Do not tumble dry | Do not wash | Spot clean,Women's > Women's > Accessories > Accessories > Bags & Bag Charms > Bags & Bag Charms,blue | red,Jewelry for your bag - a small sweater-shaped bag charm with a metal clasp.,Body:100% Acrylic / Chain:100% Non-Precious Metal,Body:100% Acrylic / Chain:100% Non-Precious Metal,1,https://img.abercrombie.com/is/image/anf/KIC_154-5123-00010-501_prod1,https://img.abercrombie.com/is/image/anf/KIC_154-5123-00010-501_prod1,False,Body:100% Acrylic / Chain:100% Non-Precious Metal,Body:100% Acrylic / Chain:100% Non-Precious Metal,Knitted Sweater Bag Charm,False,USD,3265.81,,Jewelry for your bag - a small sweater-shaped bag charm with a metal clasp. | Features: Jewelry for your bag - a small sweater-shaped bag charm with a metal clasp. | Body:100% Acrylic / Chain:100% Non-Precious Metal | Do not bleach | Do not dry clean | Do not iron | Do not tumble dry | Do not wash | Spot clean,,https://www.abercrombie.com/shop/wd/p/bag-charm-61210335?categoryId=12281&faceout=prod&seq=05&pagefm=navigation-grid&prodvm=navigation-grid,,,,2026-02-23,ONE SIZE,61210335,
,,,Abercrombie,Do not bleach | Do not dry clean | Do not iron | Do not tumble dry | Do not wash | Spot clean,Women's > Women's > Accessories > Accessories > Bags & Bag Charms > Bags & Bag Charms,blue | red,Jewelry for your bag - a small sweater-shaped bag charm with a metal clasp.,Body:100% Acrylic / Chain:100% Non-Precious Metal,Body:100% Acrylic / Chain:100% Non-Precious Metal,1,https://img.abercrombie.com/is/image/anf/KIC_154-5123-00010-501_prod1,https://img.abercrombie.com/is/image/anf/KIC_154-5123-00010-501_prod1,False,Body:100% Acrylic / Chain:100% Non-Precious Metal,Body:100% Acrylic / Chain:100% Non-Precious Metal,Knitted Sweater Bag Charm,False,USD,3265.81,,Jewelry for your bag - a small sweater-shaped bag charm with a metal clasp. | Features: Jewelry for your bag - a small sweater-shaped bag charm with a metal clasp. | Body:100% Acrylic / Chain:100% Non-Precious Metal | Do not bleach | Do not dry clean | Do not iron | Do not tumble dry | Do not wash | Spot clean,,https://www.abercrombie.com/shop/wd/p/bag-charm-61210335?categoryId=12281&faceout=prod&seq=05,,,,2026-02-23,ONE SIZE,61210335,
,,,Abercrombie,Do not bleach | Do not dry clean | Do not iron | Do not tumble dry | Do not wash | Spot clean,Women's > Women's > Accessories > Accessories > Bags & Bag Charms > Bags & Bag Charms,light blue | navy blue | red | blue,Jewelry for your bag - a small shell-shaped bag charm with a metal clasp.,Bead 2:100% Glass / Bead:100% Plastic / Body:100% Polyester / Chain:100% Non-Precious Metal / Filling:100% Polyester Fibers,Bead 2:100% Glass / Bead:100% Plastic / Body:100% Polyester / Chain:100% Non-Precious Metal / Filling:100% Polyester Fibers,1,https://img.abercrombie.com/is/image/anf/KIC_154-5276-00003-200_prod1,https://img.abercrombie.com/is/image/anf/KIC_154-5276-00003-200_prod1,False,Bead 2:100% Glass / Bead:100% Plastic / Body:100% Polyester / Chain:100% Non-Precious Metal / Filling:100% Polyester Fibers,Bead 2:100% Glass / Bead:100% Plastic / Body:100% Polyester / Chain:100% Non-Precious Metal / Filling:100% Polyester Fibers,Beaded Shell Bag Charm,False,USD,2332.72,,Jewelry for your bag - a small shell-shaped bag charm with a metal clasp. | Features: Jewelry for your bag - a small shell-shaped bag charm with a metal clasp. | Bead 2:100% Glass / Bead:100% Plastic / Body:100% Polyester / Chain:100% Non-Precious Metal / Filling:100% Polyester Fibers | Do not bleach | Do not dry clean | Do not iron | Do not tumble dry | Do not wash | Spot clean,,https://www.abercrombie.com/shop/wd/p/bag-charm-61628819?categoryId=12281&faceout=prod&seq=01,,,,2026-02-23,ONE SIZE,61628819,
,,,Abercrombie,Do not bleach | Do not dry clean | Do not iron | Do not tumble dry | Do not wash | Spot clean,Women's > Women's > Accessories > Accessories > Bags & Bag Charms > Bags & Bag Charms,light blue | navy blue | red | blue,Jewelry for your bag - a small shell-shaped bag charm with a metal clasp.,Bead 2:100% Glass / Bead:100% Plastic / Body:100% Polyester / Chain:100% Non-Precious Metal / Filling:100% Polyester Fibers,Bead 2:100% Glass / Bead:100% Plastic / Body:100% Polyester / Chain:100% Non-Precious Metal / Filling:100% Polyester Fibers,1,https://img.abercrombie.com/is/image/anf/KIC_154-5276-00003-200_prod1,https://img.abercrombie.com/is/image/anf/KIC_154-5276-00003-200_prod1,False,Bead 2:100% Glass / Bead:100% Plastic / Body:100% Polyester / Chain:100% Non-Precious Metal / Filling:100% Polyester Fibers,Bead 2:100% Glass / Bead:100% Plastic / Body:100% Polyester / Chain:100% Non-Precious Metal / Filling:100% Polyester Fibers,Beaded Shell Bag Charm,False,USD,2332.72,,Jewelry for your bag - a small shell-shaped bag charm with a metal clasp. | Features: Jewelry for your bag - a small shell-shaped bag charm with a metal clasp. | Bead 2:100% Glass / Bead:100% Plastic / Body:100% Polyester / Chain:100% Non-Precious Metal / Filling:100% Polyester Fibers | Do not bleach | Do not dry clean | Do not iron | Do not tumble dry | Do not wash | Spot clean,,https://www.abercrombie.com/shop/wd/p/bag-charm-61628819?categoryId=12281&faceout=prod&seq=01&pagefm=navigation-grid&prodvm=navigation-grid,,,,2026-02-23,ONE SIZE,61628819,
,,,Abercrombie,Do not bleach | Do not dry clean | Do not iron | Do not tumble dry | Do not wash | Spot clean,Women's > Women's > Accessories > Accessories > Bags & Bag Charms > Bags & Bag Charms,light blue | navy blue | red | blue,Jewelry for your bag - a beaded bag charm with a metal clasp.,,,1,https://img.abercrombie.com/is/image/anf/KIC_154-5277-00005-201_prod1,https://img.abercrombie.com/is/image/anf/KIC_154-5277-00005-201_prod1,False,100% Non-Precious Metal100% Non-Precious Metal / Beads:100% Acrylic / Stone:100% Natural Stone,100% Non-Precious Metal100% Non-Precious Metal / Beads:100% Acrylic / Stone:100% Natural Stone,Beaded Bag Charm,False,USD,1866.18,,Jewelry for your bag - a beaded bag charm with a metal clasp. | Features: Jewelry for your bag - a beaded bag charm with a metal clasp. | 100% Non-Precious Metal100% Non-Precious Metal / Beads:100% Acrylic / Stone:100% Natural Stone | Do not bleach | Do not dry clean | Do not iron | Do not tumble dry | Do not wash | Spot clean,,https://www.abercrombie.com/shop/wd/p/bag-charm-61628819?categoryId=12281&faceout=prod&seq=02&pagefm=navigation-grid&prodvm=navigation-grid,,,,2026-02-23,ONE SIZE,61628819,
,,,Abercrombie,Do not bleach | Do not dry clean | Do not iron | Do not tumble dry | Do not wash | Spot clean,Women's > Women's > Accessories > Accessories > Bags & Bag Charms > Bags & Bag Charms,light blue | navy blue | red | blue,Jewelry for your bag - a beaded bag charm with a metal clasp.,,,1,https://img.abercrombie.com/is/image/anf/KIC_154-5277-00005-201_prod1,https://img.abercrombie.com/is/image/anf/KIC_154-5277-00005-201_prod1,False,100% Non-Precious Metal100% Non-Precious Metal / Beads:100% Acrylic / Stone:100% Natural Stone,100% Non-Precious Metal100% Non-Precious Metal / Beads:100% Acrylic / Stone:100% Natural Stone,Beaded Bag Charm,False,USD,1866.18,,Jewelry for your bag - a beaded bag charm with a metal clasp. | Features: Jewelry for your bag - a beaded bag charm with a metal clasp. | 100% Non-Precious Metal100% Non-Precious Metal / Beads:100% Acrylic / Stone:100% Natural Stone | Do not bleach | Do not dry clean | Do not iron | Do not tumble dry | Do not wash | Spot clean,,https://www.abercrombie.com/shop/wd/p/bag-charm-61628819?categoryId=12281&faceout=prod&seq=02,,,,2026-02-23,ONE SIZE,61628819,
,,,Abercrombie,Do not bleach | Do not dry clean | Do not iron | Do not tumble dry | Do not wash | Spot clean,Women's > Women's > Accessories > Accessories > Bags & Bag Charms > Bags & Bag Charms,light blue | navy blue | red | blue,Jewelry for your bag - a small shrimp-shaped bag charm with a metal clasp.,Body:100% Viscose / Chain:100% Non-Precious Metal / Filling:100% Polyester Fibers,Body:100% Viscose / Chain:100% Non-Precious Metal / Filling:100% Polyester Fibers,1,https://img.abercrombie.com/is/image/anf/KIC_154-5275-00008-500_prod1,https://img.abercrombie.com/is/image/anf/KIC_154-5275-00008-500_prod1,False,Body:100% Viscose / Chain:100% Non-Precious Metal / Filling:100% Polyester Fibers,Body:100% Viscose / Chain:100% Non-Precious Metal / Filling:100% Polyester Fibers,Knitted Shrimp Bag Charm,False,USD,2332.72,,Jewelry for your bag - a small shrimp-shaped bag charm with a metal clasp. | Features: Jewelry for your bag - a small shrimp-shaped bag charm with a metal clasp. | Body:100% Viscose / Chain:100% Non-Precious Metal / Filling:100% Polyester Fibers | Do not bleach | Do not dry clean | Do not iron | Do not tumble dry | Do not wash | Spot clean,,https://www.abercrombie.com/shop/wd/p/bag-charm-61628819?categoryId=12281&faceout=prod&seq=03,,,,2026-02-23,ONE SIZE,61628819,
,,,Abercrombie,Do not bleach | Do not dry clean | Do not iron | Do not tumble dry | Do not wash | Spot clean,Women's > Women's > Accessories > Accessories > Bags & Bag Charms > Bags & Bag Charms,light blue | navy blue | red | blue,Jewelry for your bag - a small shrimp-shaped bag charm with a metal clasp.,Body:100% Viscose / Chain:100% Non-Precious Metal / Filling:100% Polyester Fibers,Body:100% Viscose / Chain:100% Non-Precious Metal / Filling:100% Polyester Fibers,1,https://img.abercrombie.com/is/image/anf/KIC_154-5275-00008-500_prod1,https://img.abercrombie.com/is/image/anf/KIC_154-5275-00008-500_prod1,False,Body:100% Viscose / Chain:100% Non-Precious Metal / Filling:100% Polyester Fibers,Body:100% Viscose / Chain:100% Non-Precious Metal / Filling:100% Polyester Fibers,Knitted Shrimp Bag Charm,False,USD,2332.72,,Jewelry for your bag - a small shrimp-shaped bag charm with a metal clasp. | Features: Jewelry for your bag - a small shrimp-shaped bag charm with a metal clasp. | Body:100% Viscose / Chain:100% Non-Precious Metal / Filling:100% Polyester Fibers | Do not bleach | Do not dry clean | Do not iron | Do not tumble dry | Do not wash | Spot clean,,https://www.abercrombie.com/shop/wd/p/bag-charm-61628819?categoryId=12281&faceout=prod&seq=03&pagefm=navigation-grid&prodvm=navigation-grid,,,,2026-02-23,ONE SIZE,61628819,
,,,Abercrombie,Do not bleach | Do not dry clean | Do not iron | Do not tumble dry | Do not wash | Spot clean,Women's > Women's > Accessories > Accessories > Bags & Bag Charms > Bags & Bag Charms,light blue | navy blue | red | blue,Jewelry for your bag - a small fish-shaped bag charm with a metal clasp.,Bead:100% Glass / Body:100% Polyester / Chain:100% Non-Precious Metal,Bead:100% Glass / Body:100% Polyester / Chain:100% Non-Precious Metal,1,https://img.abercrombie.com/is/image/anf/KIC_154-5150-00006-204_prod1,https://img.abercrombie.com/is/image/anf/KIC_154-5150-00006-204_prod1,False,Bead:100% Glass / Body:100% Polyester / Chain:100% Non-Precious Metal,Bead:100% Glass / Body:100% Polyester / Chain:100% Non-Precious Metal,Bag Charm,False,USD,2332.72,,Jewelry for your bag - a small fish-shaped bag charm with a metal clasp. | Features: Jewelry for your bag - a small fish-shaped bag charm with a metal clasp. | Bead:100% Glass / Body:100% Polyester / Chain:100% Non-Precious Metal | Do not bleach | Do not dry clean | Do not iron | Do not tumble dry | Do not wash | Spot clean,,https://www.abercrombie.com/shop/wd/p/bag-charm-61628819?categoryId=12281&faceout=prod&seq=07,,,,2026-02-23,ONE SIZE,61628819,
,,,Abercrombie,Do not bleach | Do not dry clean | Do not iron | Do not tumble dry | Do not wash | Spot clean,Women's > Women's > Accessories > Accessories > Bags & Bag Charms > Bags & Bag Charms,light blue | navy blue | red | blue,Jewelry for your bag - a small fish-shaped bag charm with a metal clasp.,Bead:100% Glass / Body:100% Polyester / Chain:100% Non-Precious Metal,Bead:100% Glass / Body:100% Polyester / Chain:100% Non-Precious Metal,1,https://img.abercrombie.com/is/image/anf/KIC_154-5150-00006-204_prod1,https://img.abercrombie.com/is/image/anf/KIC_154-5150-00006-204_prod1,False,Bead:100% Glass / Body:100% Polyester / Chain:100% Non-Precious Metal,Bead:100% Glass / Body:100% Polyester / Chain:100% Non-Precious Metal,Bag Charm,False,USD,2332.72,,Jewelry for your bag - a small fish-shaped bag charm with a metal clasp. | Features: Jewelry for your bag - a small fish-shaped bag charm with a metal clasp. | Bead:100% Glass / Body:100% Polyester / Chain:100% Non-Precious Metal | Do not bleach | Do not dry clean | Do not iron | Do not tumble dry | Do not wash | Spot clean,,https://www.abercrombie.com/shop/wd/p/bag-charm-61628819?categoryId=12281&faceout=prod&seq=07&pagefm=navigation-grid&prodvm=navigation-grid,,,,2026-02-23,ONE SIZE,61628819,
,,,Abercrombie,Do not bleach | Do not dry clean | Do not iron | Do not tumble dry | Do not wash | Spot clean,Women's > Women's > Abercrombie x Kemo Sabe > Abercrombie x Kemo Sabe,silver,Introducing A&F x Kemo Sabe—a limited collection of timeless western pieces that brings together the rich heritage of both brands. This western-inspired bolo tie features a center stone detail and fringe details on the ends.,Introducing A&F x Kemo Sabe—a limited collection of timeless western pieces that brings together the rich heritage of both brands. This western-inspired bolo tie features a center stone detail and fringe details on the ends.,Introducing A&F x Kemo Sabe—a limited collection of timeless western pieces that brings together the rich heritage of both brands. This western-inspired bolo tie features a center stone detail and fringe details on the ends.,3,https://img.abercrombie.com/is/image/anf/KIC_154-5281-00011-100_life1,https://img.abercrombie.com/is/image/anf/KIC_154-5281-00011-100_life1 | https://img.abercrombie.com/is/image/anf/KIC_154-5281-00011-100_prod1 | https://img.abercrombie.com/is/image/anf/KIC_154-5281-00011-100_prod2,False,100% Non-Precious Metal100% Non-Precious Metal / Bead:100% Acrylic,100% Non-Precious Metal100% Non-Precious Metal / Bead:100% Acrylic,Bolo Tie,False,USD,4665.44,,Introducing A&F x Kemo Sabe—a limited collection of timeless western pieces that brings together the rich heritage of both brands. This western-inspired bolo tie features a center stone detail and fringe details on the ends. | Features: Introducing A&F x Kemo Sabe—a limited collection of timeless western pieces that brings together the rich heritage of both brands. This western-inspired bolo tie features a center stone detail and fringe details on the ends. | 100% Non-Precious Metal100% Non-Precious Metal / Bead:100% Acrylic | Do not bleach | Do not dry clean | Do not iron | Do not tumble dry | Do not wash | Spot clean,,https://www.abercrombie.com/shop/wd/p/bolo-tie-61449346?categoryId=12281&faceout=life&seq=01&pagefm=navigation-grid&prodvm=navigation-grid,,,,2026-02-23,ONE SIZE,61449346,
,,,Abercrombie,Do not bleach | Do not dry clean | Do not iron | Do not tumble dry | Do not wash | Spot clean,Women's > Women's > Abercrombie x Kemo Sabe > Abercrombie x Kemo Sabe,silver,Introducing A&F x Kemo Sabe—a limited collection of timeless western pieces that brings together the rich heritage of both brands. This western-inspired bolo tie features a center stone detail and fringe details on the ends.,Introducing A&F x Kemo Sabe—a limited collection of timeless western pieces that brings together the rich heritage of both brands. This western-inspired bolo tie features a center stone detail and fringe details on the ends.,Introducing A&F x Kemo Sabe—a limited collection of timeless western pieces that brings together the rich heritage of both brands. This western-inspired bolo tie features a center stone detail and fringe details on the ends.,3,https://img.abercrombie.com/is/image/anf/KIC_154-5281-00011-100_life1,https://img.abercrombie.com/is/image/anf/KIC_154-5281-00011-100_life1 | https://img.abercrombie.com/is/image/anf/KIC_154-5281-00011-100_prod1 | https://img.abercrombie.com/is/image/anf/KIC_154-5281-00011-100_prod2,False,100% Non-Precious Metal100% Non-Precious Metal / Bead:100% Acrylic,100% Non-Precious Metal100% Non-Precious Metal / Bead:100% Acrylic,Bolo Tie,False,USD,4665.44,,Introducing A&F x Kemo Sabe—a limited collection of timeless western pieces that brings together the rich heritage of both brands. This western-inspired bolo tie features a center stone detail and fringe details on the ends. | Features: Introducing A&F x Kemo Sabe—a limited collection of timeless western pieces that brings together the rich heritage of both brands. This western-inspired bolo tie features a center stone detail and fringe details on the ends. | 100% Non-Precious Metal100% Non-Precious Metal / Bead:100% Acrylic | Do not bleach | Do not dry clean | Do not iron | Do not tumble dry | Do not wash | Spot clean,,https://www.abercrombie.com/shop/wd/p/bolo-tie-61449346?categoryId=12281&faceout=life&seq=01,,,,2026-02-23,ONE SIZE,61449346,
,,,Abercrombie,Do not bleach | Do not dry clean | Do not iron | Do not tumble dry | Do not wash | Spot clean,Women's > Women's > Accessories > Accessories > Bags & Bag Charms > Bags & Bag Charms,creamy brown | ivy green,"Our small shoulder bag in a soft fabric with an elevated adjustable shoulder strap. Features embroidered cutwork details throughout, foldover detail, zipper closure and an interior pocket. To avoid color transfer, keep away from light color clothing and upholstery.","Our small shoulder bag in a soft fabric with an elevated adjustable shoulder strap. Features embroidered cutwork details throughout, foldover detail, zipper closure and an interior pocket. To avoid color transfer, keep away from light color clothing and upholstery. Imported.","Our small shoulder bag in a soft fabric with an elevated adjustable shoulder strap. Features embroidered cutwork details throughout, foldover detail, zipper closure and an interior pocket. To avoid color transfer, keep away from light color clothing and upholstery. Imported.",2,https://img.abercrombie.com/is/image/anf/KIC_154-6039-00058-415_prod1,https://img.abercrombie.com/is/image/anf/KIC_154-6039-00058-415_prod1 | https://img.abercrombie.com/is/image/anf/KIC_154-6039-00058-415_prod2,False,"Lining:100% Polyester / Shell:92% Polyester, 8% Elastane","Lining:100% Polyester / Shell:92% Polyester, 8% Elastane",Cutwork Shoulder Bag,False,USD,8397.79,,"Our small shoulder bag in a soft fabric with an elevated adjustable shoulder strap. Features embroidered cutwork details throughout, foldover detail, zipper closure and an interior pocket. To avoid color transfer, keep away from light color clothing and upholstery. | Features: Our small shoulder bag in a soft fabric with an elevated adjustable shoulder strap. Features embroidered cutwork details throughout, foldover detail, zipper closure and an interior pocket. To avoid color transfer, keep away from light color clothing and upholstery. Imported. | Lining:100% Polyester / Shell:92% Polyester, 8% Elastane | Do not bleach | Do not dry clean | Do not iron | Do not tumble dry | Do not wash | Spot clean",,https://www.abercrombie.com/shop/wd/p/cutwork-shoulder-bag-61808366?categoryId=12281&faceout=prod&seq=01&afsource=social+proofing&pagefm=navigation-grid&prodvm=navigation-grid,,,,2026-02-23,ONE SIZE,61808366,
,,,Abercrombie,Do not bleach | Do not dry clean | Do not iron | Do not tumble dry | Do not wash | Spot clean,Women's > Women's > Accessories > Accessories > Bags & Bag Charms > Bags & Bag Charms,creamy brown | ivy green,"Our small shoulder bag in a soft fabric with an elevated adjustable shoulder strap. Features embroidered cutwork details throughout, foldover detail, zipper closure and an interior pocket. To avoid color transfer, keep away from light color clothing and upholstery.","Our small shoulder bag in a soft fabric with an elevated adjustable shoulder strap. Features embroidered cutwork details throughout, foldover detail, zipper closure and an interior pocket. To avoid color transfer, keep away from light color clothing and upholstery. Imported.","Our small shoulder bag in a soft fabric with an elevated adjustable shoulder strap. Features embroidered cutwork details throughout, foldover detail, zipper closure and an interior pocket. To avoid color transfer, keep away from light color clothing and upholstery. Imported.",2,https://img.abercrombie.com/is/image/anf/KIC_154-6039-00058-415_prod1,https://img.abercrombie.com/is/image/anf/KIC_154-6039-00058-415_prod1 | https://img.abercrombie.com/is/image/anf/KIC_154-6039-00058-415_prod2,False,"Lining:100% Polyester / Shell:92% Polyester, 8% Elastane","Lining:100% Polyester / Shell:92% Polyester, 8% Elastane",Cutwork Shoulder Bag,False,USD,8397.79,,"Our small shoulder bag in a soft fabric with an elevated adjustable shoulder strap. Features embroidered cutwork details throughout, foldover detail, zipper closure and an interior pocket. To avoid color transfer, keep away from light color clothing and upholstery. | Features: Our small shoulder bag in a soft fabric with an elevated adjustable shoulder strap. Features embroidered cutwork details throughout, foldover detail, zipper closure and an interior pocket. To avoid color transfer, keep away from light color clothing and upholstery. Imported. | Lining:100% Polyester / Shell:92% Polyester, 8% Elastane | Do not bleach | Do not dry clean | Do not iron | Do not tumble dry | Do not wash | Spot clean",,https://www.abercrombie.com/shop/wd/p/cutwork-shoulder-bag-61808366?categoryId=12281&faceout=prod&seq=01&afsource=social+proofing,,,,2026-02-23,ONE SIZE,61808366,
,,,Abercrombie,Do not bleach | Do not dry clean | Do not iron | Do not tumble dry | Do not wash | Spot clean,Women's > Women's > Accessories > Accessories > Bags & Bag Charms > Bags & Bag Charms,creamy brown | ivy green,"Our small shoulder bag in a soft fabric with an elevated adjustable shoulder strap. Features embroidered cutwork details throughout, foldover detail, zipper closure and an interior pocket. To avoid color transfer, keep away from light color clothing and upholstery.","Our small shoulder bag in a soft fabric with an elevated adjustable shoulder strap. Features embroidered cutwork details throughout, foldover detail, zipper closure and an interior pocket. To avoid color transfer, keep away from light color clothing and upholstery. Imported.","Our small shoulder bag in a soft fabric with an elevated adjustable shoulder strap. Features embroidered cutwork details throughout, foldover detail, zipper closure and an interior pocket. To avoid color transfer, keep away from light color clothing and upholstery. Imported.",2,https://img.abercrombie.com/is/image/anf/KIC_154-6039-00058-300_prod1,https://img.abercrombie.com/is/image/anf/KIC_154-6039-00058-300_prod1 | https://img.abercrombie.com/is/image/anf/KIC_154-6039-00058-300_prod2,False,"Lining:100% Polyester / Shell:92% Polyester, 8% Elastane","Lining:100% Polyester / Shell:92% Polyester, 8% Elastane",Cutwork Shoulder Bag,False,USD,8397.79,,"Our small shoulder bag in a soft fabric with an elevated adjustable shoulder strap. Features embroidered cutwork details throughout, foldover detail, zipper closure and an interior pocket. To avoid color transfer, keep away from light color clothing and upholstery. | Features: Our small shoulder bag in a soft fabric with an elevated adjustable shoulder strap. Features embroidered cutwork details throughout, foldover detail, zipper closure and an interior pocket. To avoid color transfer, keep away from light color clothing and upholstery. Imported. | Lining:100% Polyester / Shell:92% Polyester, 8% Elastane | Do not bleach | Do not dry clean | Do not iron | Do not tumble dry | Do not wash | Spot clean",,https://www.abercrombie.com/shop/wd/p/cutwork-shoulder-bag-61808366?categoryId=12281&faceout=prod&seq=02,,,,2026-02-23,ONE SIZE,61808366,
,,,Abercrombie,Do not bleach | Do not dry clean | Do not iron | Do not tumble dry | Do not wash | Spot clean,Women's > Women's > Accessories > Accessories > Bags & Bag Charms > Bags & Bag Charms,creamy brown | ivy green,"Our small shoulder bag in a soft fabric with an elevated adjustable shoulder strap. Features embroidered cutwork details throughout, foldover detail, zipper closure and an interior pocket. To avoid color transfer, keep away from light color clothing and upholstery.","Our small shoulder bag in a soft fabric with an elevated adjustable shoulder strap. Features embroidered cutwork details throughout, foldover detail, zipper closure and an interior pocket. To avoid color transfer, keep away from light color clothing and upholstery. Imported.","Our small shoulder bag in a soft fabric with an elevated adjustable shoulder strap. Features embroidered cutwork details throughout, foldover detail, zipper closure and an interior pocket. To avoid color transfer, keep away from light color clothing and upholstery. Imported.",2,https://img.abercrombie.com/is/image/anf/KIC_154-6039-00058-300_prod1,https://img.abercrombie.com/is/image/anf/KIC_154-6039-00058-300_prod1 | https://img.abercrombie.com/is/image/anf/KIC_154-6039-00058-300_prod2,False,"Lining:100% Polyester / Shell:92% Polyester, 8% Elastane","Lining:100% Polyester / Shell:92% Polyester, 8% Elastane",Cutwork Shoulder Bag,False,USD,8397.79,,"Our small shoulder bag in a soft fabric with an elevated adjustable shoulder strap. Features embroidered cutwork details throughout, foldover detail, zipper closure and an interior pocket. To avoid color transfer, keep away from light color clothing and upholstery. | Features: Our small shoulder bag in a soft fabric with an elevated adjustable shoulder strap. Features embroidered cutwork details throughout, foldover detail, zipper closure and an interior pocket. To avoid color transfer, keep away from light color clothing and upholstery. Imported. | Lining:100% Polyester / Shell:92% Polyester, 8% Elastane | Do not bleach | Do not dry clean | Do not iron | Do not tumble dry | Do not wash | Spot clean",,https://www.abercrombie.com/shop/wd/p/cutwork-shoulder-bag-61808366?categoryId=12281&faceout=prod&seq=02&pagefm=navigation-grid&prodvm=navigation-grid,,,,2026-02-23,ONE SIZE,61808366,
,,,Abercrombie,Do not bleach | Do not dry clean | Do not iron | Do not tumble dry | Do not wash | Spot clean,Women's > Women's > Accessories > Accessories > Bags & Bag Charms > Bags & Bag Charms,black,"Our new city tote in a soft vegan leather fabric, designed with a belted hardware detail that adds an elevated look and an expandable bag option for added room. Features one internal zip pocket, two internal non-zip pockets and a magnetic button clasp. A versatile carry-all that transitions easily from work to weekend.","Our new city tote in a soft vegan leather fabric, designed with a belted hardware detail that adds an elevated look and an expandable bag option for added room. Features one internal zip pocket, two internal non-zip pockets and a magnetic button clasp. A versatile carry-all that transitions easily from work to weekend. Imported.","Our new city tote in a soft vegan leather fabric, designed with a belted hardware detail that adds an elevated look and an expandable bag option for added room. Features one internal zip pocket, two internal non-zip pockets and a magnetic button clasp. A versatile carry-all that transitions easily from work to weekend. Imported.",1,https://img.abercrombie.com/is/image/anf/KIC_154-5095-00033-900_prod1,https://img.abercrombie.com/is/image/anf/KIC_154-5095-00033-900_prod1,False,Coating:100% Polyurethane / Faux Leather:100% Viscose / Lining:100% Polyester,Coating:100% Polyurethane / Faux Leather:100% Viscose / Lining:100% Polyester,Modern Belted City Tote Bag,False,USD,9330.88,,"Our new city tote in a soft vegan leather fabric, designed with a belted hardware detail that adds an elevated look and an expandable bag option for added room. Features one internal zip pocket, two internal non-zip pockets and a magnetic button clasp. A versatile carry-all that transitions easily from work to weekend. | Features: Our new city tote in a soft vegan leather fabric, designed with a belted hardware detail that adds an elevated look and an expandable bag option for added room. Features one internal zip pocket, two internal non-zip pockets and a magnetic button clasp. A versatile carry-all that transitions easily from work to weekend. Imported. | Coating:100% Polyurethane / Faux Leather:100% Viscose / Lining:100% Polyester | Do not bleach | Do not dry clean | Do not iron | Do not tumble dry | Do not wash | Spot clean",,https://www.abercrombie.com/shop/wd/p/modern-belted-city-tote-bag-60772826?categoryId=12281&faceout=prod&seq=01,,,,2026-02-23,ONE SIZE,60772826,
,,,Abercrombie,Do not bleach | Do not dry clean | Do not iron | Do not tumble dry | Do not wash | Spot clean,Women's > Women's > Accessories > Accessories > Bags & Bag Charms > Bags & Bag Charms,black,"Our new city tote in a soft vegan leather fabric, designed with a belted hardware detail that adds an elevated look and an expandable bag option for added room. Features one internal zip pocket, two internal non-zip pockets and a magnetic button clasp. A versatile carry-all that transitions easily from work to weekend.","Our new city tote in a soft vegan leather fabric, designed with a belted hardware detail that adds an elevated look and an expandable bag option for added room. Features one internal zip pocket, two internal non-zip pockets and a magnetic button clasp. A versatile carry-all that transitions easily from work to weekend. Imported.","Our new city tote in a soft vegan leather fabric, designed with a belted hardware detail that adds an elevated look and an expandable bag option for added room. Features one internal zip pocket, two internal non-zip pockets and a magnetic button clasp. A versatile carry-all that transitions easily from work to weekend. Imported.",1,https://img.abercrombie.com/is/image/anf/KIC_154-5095-00033-900_prod1,https://img.abercrombie.com/is/image/anf/KIC_154-5095-00033-900_prod1,False,Coating:100% Polyurethane / Faux Leather:100% Viscose / Lining:100% Polyester,Coating:100% Polyurethane / Faux Leather:100% Viscose / Lining:100% Polyester,Modern Belted City Tote Bag,False,USD,9330.88,,"Our new city tote in a soft vegan leather fabric, designed with a belted hardware detail that adds an elevated look and an expandable bag option for added room. Features one internal zip pocket, two internal non-zip pockets and a magnetic button clasp. A versatile carry-all that transitions easily from work to weekend. | Features: Our new city tote in a soft vegan leather fabric, designed with a belted hardware detail that adds an elevated look and an expandable bag option for added room. Features one internal zip pocket, two internal non-zip pockets and a magnetic button clasp. A versatile carry-all that transitions easily from work to weekend. Imported. | Coating:100% Polyurethane / Faux Leather:100% Viscose / Lining:100% Polyester | Do not bleach | Do not dry clean | Do not iron | Do not tumble dry | Do not wash | Spot clean",,https://www.abercrombie.com/shop/wd/p/modern-belted-city-tote-bag-60772826?categoryId=12281&faceout=prod&seq=01&pagefm=navigation-grid&prodvm=navigation-grid,,,,2026-02-23,ONE SIZE,60772826,
,,,Abercrombie,Do not bleach | Do not dry clean | Do not iron | Do not tumble dry | Do not wash | Spot clean,Women's > Women's > Accessories > Accessories > Bags & Bag Charms > Bags & Bag Charms,brown,"The perfect tote to add to your closet for your next vacation. Features a straw fabric, round handles, a striped pattern and a roomy silhouette.",,,2,https://img.abercrombie.com/is/image/anf/KIC_154-6028-00055-480_prod1,https://img.abercrombie.com/is/image/anf/KIC_154-6028-00055-480_prod1 | https://img.abercrombie.com/is/image/anf/KIC_154-6028-00055-480_prod2,False,100% Paper100% Paper,100% Paper100% Paper,Resort Straw Tote Bag,True,USD,6531.62,,"The perfect tote to add to your closet for your next vacation. Features a straw fabric, round handles, a striped pattern and a roomy silhouette. | Features: The perfect tote to add to your closet for your next vacation. Features a straw fabric, round handles, a striped pattern and a roomy silhouette. | 100% Paper100% Paper | Do not bleach | Do not dry clean | Do not iron | Do not tumble dry | Do not wash | Spot clean",,https://www.abercrombie.com/shop/wd/p/resort-straw-tote-bag-61894825?categoryId=12281&faceout=prod&seq=01,,,,2026-02-23,ONE SIZE,61894825,
,,,Abercrombie,Do not bleach | Do not dry clean | Do not iron | Do not tumble dry | Do not wash | Spot clean,Women's > Women's > Accessories > Accessories > Bags & Bag Charms > Bags & Bag Charms,brown,"The perfect tote to add to your closet for your next vacation. Features a straw fabric, round handles, a striped pattern and a roomy silhouette.",,,2,https://img.abercrombie.com/is/image/anf/KIC_154-6028-00055-480_prod1,https://img.abercrombie.com/is/image/anf/KIC_154-6028-00055-480_prod1 | https://img.abercrombie.com/is/image/anf/KIC_154-6028-00055-480_prod2,False,100% Paper100% Paper,100% Paper100% Paper,Resort Straw Tote Bag,True,USD,6531.62,,"The perfect tote to add to your closet for your next vacation. Features a straw fabric, round handles, a striped pattern and a roomy silhouette. | Features: The perfect tote to add to your closet for your next vacation. Features a straw fabric, round handles, a striped pattern and a roomy silhouette. | 100% Paper100% Paper | Do not bleach | Do not dry clean | Do not iron | Do not tumble dry | Do not wash | Spot clean",,https://www.abercrombie.com/shop/wd/p/resort-straw-tote-bag-61894825?categoryId=12281&faceout=prod&seq=01&pagefm=navigation-grid&prodvm=navigation-grid,,,,2026-02-23,ONE SIZE,61894825,
,,,Abercrombie,Do not bleach | Do not dry clean | Do not iron | Do not tumble dry | Do not wash | Spot clean,Women's > Women's > Accessories > Accessories > Bags & Bag Charms > Bags & Bag Charms,creamy brown | black,"Our slouchy tote bag in a drapey vegan suede fabric. Features button closure, whipstitch details on the seams, gold hardware details and tassels with interior space to hold your personal items and valuables. To avoid color transfer, keep away from light color clothing and upholstery.","Our slouchy tote bag in a drapey vegan suede fabric. Features button closure, whipstitch details on the seams, gold hardware details and tassels with interior space to hold your personal items and valuables. To avoid color transfer, keep away from light color clothing and upholstery. Imported.","Our slouchy tote bag in a drapey vegan suede fabric. Features button closure, whipstitch details on the seams, gold hardware details and tassels with interior space to hold your personal items and valuables. To avoid color transfer, keep away from light color clothing and upholstery. Imported.",2,https://img.abercrombie.com/is/image/anf/KIC_154-6032-00056-402_prod1,https://img.abercrombie.com/is/image/anf/KIC_154-6032-00056-402_prod1 | https://img.abercrombie.com/is/image/anf/KIC_154-6032-00056-402_prod2,False,"Faux Suede:92% Polyester, 8% Elastane / Lining:100% Polyester","Faux Suede:92% Polyester, 8% Elastane / Lining:100% Polyester",Slouchy Vegan Suede Tote Bag,False,USD,8397.79,,"Our slouchy tote bag in a drapey vegan suede fabric. Features button closure, whipstitch details on the seams, gold hardware details and tassels with interior space to hold your personal items and valuables. To avoid color transfer, keep away from light color clothing and upholstery. | Features: Our slouchy tote bag in a drapey vegan suede fabric. Features button closure, whipstitch details on the seams, gold hardware details and tassels with interior space to hold your personal items and valuables. To avoid color transfer, keep away from light color clothing and upholstery. Imported. | Faux Suede:92% Polyester, 8% Elastane / Lining:100% Polyester | Do not bleach | Do not dry clean | Do not iron | Do not tumble dry | Do not wash | Spot clean",,https://www.abercrombie.com/shop/wd/p/slouchy-vegan-suede-tote-bag-61894823?categoryId=12281&faceout=prod&seq=01,,,,2026-02-23,ONE SIZE,61894823,
,,,Abercrombie,Do not bleach | Do not dry clean | Do not iron | Do not tumble dry | Do not wash | Spot clean,Women's > Women's > Accessories > Accessories > Bags & Bag Charms > Bags & Bag Charms,creamy brown | black,"Our slouchy tote bag in a drapey vegan suede fabric. Features button closure, whipstitch details on the seams, gold hardware details and tassels with interior space to hold your personal items and valuables. To avoid color transfer, keep away from light color clothing and upholstery.","Our slouchy tote bag in a drapey vegan suede fabric. Features button closure, whipstitch details on the seams, gold hardware details and tassels with interior space to hold your personal items and valuables. To avoid color transfer, keep away from light color clothing and upholstery. Imported.","Our slouchy tote bag in a drapey vegan suede fabric. Features button closure, whipstitch details on the seams, gold hardware details and tassels with interior space to hold your personal items and valuables. To avoid color transfer, keep away from light color clothing and upholstery. Imported.",2,https://img.abercrombie.com/is/image/anf/KIC_154-6032-00056-402_prod1,https://img.abercrombie.com/is/image/anf/KIC_154-6032-00056-402_prod1 | https://img.abercrombie.com/is/image/anf/KIC_154-6032-00056-402_prod2,False,"Faux Suede:92% Polyester, 8% Elastane / Lining:100% Polyester","Faux Suede:92% Polyester, 8% Elastane / Lining:100% Polyester",Slouchy Vegan Suede Tote Bag,False,USD,8397.79,,"Our slouchy tote bag in a drapey vegan suede fabric. Features button closure, whipstitch details on the seams, gold hardware details and tassels with interior space to hold your personal items and valuables. To avoid color transfer, keep away from light color clothing and upholstery. | Features: Our slouchy tote bag in a drapey vegan suede fabric. Features button closure, whipstitch details on the seams, gold hardware details and tassels with interior space to hold your personal items and valuables. To avoid color transfer, keep away from light color clothing and upholstery. Imported. | Faux Suede:92% Polyester, 8% Elastane / Lining:100% Polyester | Do not bleach | Do not dry clean | Do not iron | Do not tumble dry | Do not wash | Spot clean",,https://www.abercrombie.com/shop/wd/p/slouchy-vegan-suede-tote-bag-61894823?categoryId=12281&faceout=prod&seq=01&pagefm=navigation-grid&prodvm=navigation-grid,,,,2026-02-23,ONE SIZE,61894823,
,,,Abercrombie,Do not bleach | Do not dry clean | Do not iron | Do not tumble dry | Do not wash | Spot clean,Women's > Women's > Accessories > Accessories > Bags & Bag Charms > Bags & Bag Charms,creamy brown | black,"Our slouchy tote bag in a drapey vegan suede fabric. Features button closure, whipstitch details on the seams, gold hardware details and tassels with interior space to hold your personal items and valuables. To avoid color transfer, keep away from light color clothing and upholstery.","Our slouchy tote bag in a drapey vegan suede fabric. Features button closure, whipstitch details on the seams, gold hardware details and tassels with interior space to hold your personal items and valuables. To avoid color transfer, keep away from light color clothing and upholstery. Imported.","Our slouchy tote bag in a drapey vegan suede fabric. Features button closure, whipstitch details on the seams, gold hardware details and tassels with interior space to hold your personal items and valuables. To avoid color transfer, keep away from light color clothing and upholstery. Imported.",2,https://img.abercrombie.com/is/image/anf/KIC_154-6031-00057-900_prod1,https://img.abercrombie.com/is/image/anf/KIC_154-6031-00057-900_prod1 | https://img.abercrombie.com/is/image/anf/KIC_154-6031-00057-900_prod2,False,"Faux Suede:92% Polyester, 8% Elastane / Lining:100% Polyester","Faux Suede:92% Polyester, 8% Elastane / Lining:100% Polyester",Slouchy Vegan Suede Tote Bag,False,USD,8397.79,,"Our slouchy tote bag in a drapey vegan suede fabric. Features button closure, whipstitch details on the seams, gold hardware details and tassels with interior space to hold your personal items and valuables. To avoid color transfer, keep away from light color clothing and upholstery. | Features: Our slouchy tote bag in a drapey vegan suede fabric. Features button closure, whipstitch details on the seams, gold hardware details and tassels with interior space to hold your personal items and valuables. To avoid color transfer, keep away from light color clothing and upholstery. Imported. | Faux Suede:92% Polyester, 8% Elastane / Lining:100% Polyester | Do not bleach | Do not dry clean | Do not iron | Do not tumble dry | Do not wash | Spot clean",,https://www.abercrombie.com/shop/wd/p/slouchy-vegan-suede-tote-bag-61894823?categoryId=12281&faceout=prod&seq=02&pagefm=navigation-grid&prodvm=navigation-grid,,,,2026-02-23,ONE SIZE,61894823,
,,,Abercrombie,Do not bleach | Do not dry clean | Do not iron | Do not tumble dry | Do not wash | Spot clean,Women's > Women's > Accessories > Accessories > Bags & Bag Charms > Bags & Bag Charms,creamy brown | black,"Our slouchy tote bag in a drapey vegan suede fabric. Features button closure, whipstitch details on the seams, gold hardware details and tassels with interior space to hold your personal items and valuables. To avoid color transfer, keep away from light color clothing and upholstery.","Our slouchy tote bag in a drapey vegan suede fabric. Features button closure, whipstitch details on the seams, gold hardware details and tassels with interior space to hold your personal items and valuables. To avoid color transfer, keep away from light color clothing and upholstery. Imported.","Our slouchy tote bag in a drapey vegan suede fabric. Features button closure, whipstitch details on the seams, gold hardware details and tassels with interior space to hold your personal items and valuables. To avoid color transfer, keep away from light color clothing and upholstery. Imported.",2,https://img.abercrombie.com/is/image/anf/KIC_154-6031-00057-900_prod1,https://img.abercrombie.com/is/image/anf/KIC_154-6031-00057-900_prod1 | https://img.abercrombie.com/is/image/anf/KIC_154-6031-00057-900_prod2,False,"Faux Suede:92% Polyester, 8% Elastane / Lining:100% Polyester","Faux Suede:92% Polyester, 8% Elastane / Lining:100% Polyester",Slouchy Vegan Suede Tote Bag,False,USD,8397.79,,"Our slouchy tote bag in a drapey vegan suede fabric. Features button closure, whipstitch details on the seams, gold hardware details and tassels with interior space to hold your personal items and valuables. To avoid color transfer, keep away from light color clothing and upholstery. | Features: Our slouchy tote bag in a drapey vegan suede fabric. Features button closure, whipstitch details on the seams, gold hardware details and tassels with interior space to hold your personal items and valuables. To avoid color transfer, keep away from light color clothing and upholstery. Imported. | Faux Suede:92% Polyester, 8% Elastane / Lining:100% Polyester | Do not bleach | Do not dry clean | Do not iron | Do not tumble dry | Do not wash | Spot clean",,https://www.abercrombie.com/shop/wd/p/slouchy-vegan-suede-tote-bag-61894823?categoryId=12281&faceout=prod&seq=02,,,,2026-02-23,ONE SIZE,61894823,
,,,Abercrombie,Do not bleach | Do not dry clean | Do not iron | Do not tumble dry | Do not wash | Spot clean,Women's > Women's > Accessories > Accessories > Bags & Bag Charms > Bags & Bag Charms,dark coffee,"Our new tote bag in a drapey vegan suede fabric with button closure, featuring studded details and an interior pocket to hold your personal items and valuables. To avoid color transfer, keep away from light color clothing and upholstery.","Our new tote bag in a drapey vegan suede fabric with button closure, featuring studded details and an interior pocket to hold your personal items and valuables. To avoid color transfer, keep away from light color clothing and upholstery. Imported.","Our new tote bag in a drapey vegan suede fabric with button closure, featuring studded details and an interior pocket to hold your personal items and valuables. To avoid color transfer, keep away from light color clothing and upholstery. Imported.",1,https://img.abercrombie.com/is/image/anf/KIC_154-5135-00041-405_prod1,https://img.abercrombie.com/is/image/anf/KIC_154-5135-00041-405_prod1,False,"Coating:100% Polyurethane / Faux Leather:100% Polyester / Faux Suede:92% Polyester, 8% Elastane","Coating:100% Polyurethane / Faux Leather:100% Polyester / Faux Suede:92% Polyester, 8% Elastane",Studded Vegan Suede Tote Bag,False,USD,8397.79,,"Our new tote bag in a drapey vegan suede fabric with button closure, featuring studded details and an interior pocket to hold your personal items and valuables. To avoid color transfer, keep away from light color clothing and upholstery. | Features: Our new tote bag in a drapey vegan suede fabric with button closure, featuring studded details and an interior pocket to hold your personal items and valuables. To avoid color transfer, keep away from light color clothing and upholstery. Imported. | Coating:100% Polyurethane / Faux Leather:100% Polyester / Faux Suede:92% Polyester, 8% Elastane | Do not bleach | Do not dry clean | Do not iron | Do not tumble dry | Do not wash | Spot clean",,https://www.abercrombie.com/shop/wd/p/vegan-suede-tote-bag-61115319?categoryId=12281&faceout=prod&seq=02&pagefm=navigation-grid&prodvm=navigation-grid,,,,2026-02-23,ONE SIZE,61115319,
,,,Abercrombie,Do not bleach | Do not dry clean | Do not iron | Do not tumble dry | Do not wash | Spot clean,Women's > Women's > Accessories > Accessories > Bags & Bag Charms > Bags & Bag Charms,dark coffee,"Our new tote bag in a drapey vegan suede fabric with button closure, featuring studded details and an interior pocket to hold your personal items and valuables. To avoid color transfer, keep away from light color clothing and upholstery.","Our new tote bag in a drapey vegan suede fabric with button closure, featuring studded details and an interior pocket to hold your personal items and valuables. To avoid color transfer, keep away from light color clothing and upholstery. Imported.","Our new tote bag in a drapey vegan suede fabric with button closure, featuring studded details and an interior pocket to hold your personal items and valuables. To avoid color transfer, keep away from light color clothing and upholstery. Imported.",1,https://img.abercrombie.com/is/image/anf/KIC_154-5135-00041-405_prod1,https://img.abercrombie.com/is/image/anf/KIC_154-5135-00041-405_prod1,False,"Coating:100% Polyurethane / Faux Leather:100% Polyester / Faux Suede:92% Polyester, 8% Elastane","Coating:100% Polyurethane / Faux Leather:100% Polyester / Faux Suede:92% Polyester, 8% Elastane",Studded Vegan Suede Tote Bag,False,USD,8397.79,,"Our new tote bag in a drapey vegan suede fabric with button closure, featuring studded details and an interior pocket to hold your personal items and valuables. To avoid color transfer, keep away from light color clothing and upholstery. | Features: Our new tote bag in a drapey vegan suede fabric with button closure, featuring studded details and an interior pocket to hold your personal items and valuables. To avoid color transfer, keep away from light color clothing and upholstery. Imported. | Coating:100% Polyurethane / Faux Leather:100% Polyester / Faux Suede:92% Polyester, 8% Elastane | Do not bleach | Do not dry clean | Do not iron | Do not tumble dry | Do not wash | Spot clean",,https://www.abercrombie.com/shop/wd/p/vegan-suede-tote-bag-61115319?categoryId=12281&faceout=prod&seq=02,,,,2026-02-23,ONE SIZE,61115319,
,,,Abercrombie,Do not bleach | Do not dry clean | Do not iron | Do not tumble dry | Do not wash | Spot clean,Women's > Women's > Accessories > Accessories > Bags & Bag Charms > Bags & Bag Charms,black | dark coffee,"Our Boho-inspired bag in a soft vegan suede fabric and relaxed shoulder-bag silhouette, featuring whipstitch details throughout and zipper closure. Easy everyday wear makes it the perfect companion for festivals, weekend outings or effortlessly chic day-to-day styling.","Our Boho-inspired bag in a soft vegan suede fabric and relaxed shoulder-bag silhouette, featuring whipstitch details throughout and zipper closure. Easy everyday wear makes it the perfect companion for festivals, weekend outings or effortlessly chic day-to-day styling. Imported.","Our Boho-inspired bag in a soft vegan suede fabric and relaxed shoulder-bag silhouette, featuring whipstitch details throughout and zipper closure. Easy everyday wear makes it the perfect companion for festivals, weekend outings or effortlessly chic day-to-day styling. Imported.",2,https://img.abercrombie.com/is/image/anf/KIC_154-6077-00059-900_prod1,https://img.abercrombie.com/is/image/anf/KIC_154-6077-00059-900_prod1 | https://img.abercrombie.com/is/image/anf/KIC_154-6077-00059-900_prod2,False,"Faux Suede:92% Polyester, 8% Elastane / Lining:100% Polyester","Faux Suede:92% Polyester, 8% Elastane / Lining:100% Polyester",Whipstitch Shoulder Bag,False,USD,7464.7,,"Our Boho-inspired bag in a soft vegan suede fabric and relaxed shoulder-bag silhouette, featuring whipstitch details throughout and zipper closure. Easy everyday wear makes it the perfect companion for festivals, weekend outings or effortlessly chic day-to-day styling. | Features: Our Boho-inspired bag in a soft vegan suede fabric and relaxed shoulder-bag silhouette, featuring whipstitch details throughout and zipper closure. Easy everyday wear makes it the perfect companion for festivals, weekend outings or effortlessly chic day-to-day styling. Imported. | Faux Suede:92% Polyester, 8% Elastane / Lining:100% Polyester | Do not bleach | Do not dry clean | Do not iron | Do not tumble dry | Do not wash | Spot clean",,https://www.abercrombie.com/shop/wd/p/whipstitch-shoulder-bag-61812334?categoryId=12281&faceout=prod&seq=01,,,,2026-02-23,ONE SIZE,61812334,
,,,Abercrombie,Do not bleach | Do not dry clean | Do not iron | Do not tumble dry | Do not wash | Spot clean,Women's > Women's > Accessories > Accessories > Bags & Bag Charms > Bags & Bag Charms,black | dark coffee,"Our Boho-inspired bag in a soft vegan suede fabric and relaxed shoulder-bag silhouette, featuring whipstitch details throughout and zipper closure. Easy everyday wear makes it the perfect companion for festivals, weekend outings or effortlessly chic day-to-day styling.","Our Boho-inspired bag in a soft vegan suede fabric and relaxed shoulder-bag silhouette, featuring whipstitch details throughout and zipper closure. Easy everyday wear makes it the perfect companion for festivals, weekend outings or effortlessly chic day-to-day styling. Imported.","Our Boho-inspired bag in a soft vegan suede fabric and relaxed shoulder-bag silhouette, featuring whipstitch details throughout and zipper closure. Easy everyday wear makes it the perfect companion for festivals, weekend outings or effortlessly chic day-to-day styling. Imported.",2,https://img.abercrombie.com/is/image/anf/KIC_154-6077-00059-900_prod1,https://img.abercrombie.com/is/image/anf/KIC_154-6077-00059-900_prod1 | https://img.abercrombie.com/is/image/anf/KIC_154-6077-00059-900_prod2,False,"Faux Suede:92% Polyester, 8% Elastane / Lining:100% Polyester","Faux Suede:92% Polyester, 8% Elastane / Lining:100% Polyester",Whipstitch Shoulder Bag,False,USD,7464.7,,"Our Boho-inspired bag in a soft vegan suede fabric and relaxed shoulder-bag silhouette, featuring whipstitch details throughout and zipper closure. Easy everyday wear makes it the perfect companion for festivals, weekend outings or effortlessly chic day-to-day styling. | Features: Our Boho-inspired bag in a soft vegan suede fabric and relaxed shoulder-bag silhouette, featuring whipstitch details throughout and zipper closure. Easy everyday wear makes it the perfect companion for festivals, weekend outings or effortlessly chic day-to-day styling. Imported. | Faux Suede:92% Polyester, 8% Elastane / Lining:100% Polyester | Do not bleach | Do not dry clean | Do not iron | Do not tumble dry | Do not wash | Spot clean",,https://www.abercrombie.com/shop/wd/p/whipstitch-shoulder-bag-61812334?categoryId=12281&faceout=prod&seq=01&pagefm=navigation-grid&prodvm=navigation-grid,,,,2026-02-23,ONE SIZE,61812334,
,,,Abercrombie,Do not bleach | Do not dry clean | Do not iron | Do not tumble dry | Do not wash | Spot clean,Women's > Women's > Accessories > Accessories > Bags & Bag Charms > Bags & Bag Charms,black | dark coffee,"Our Boho-inspired bag in a soft vegan suede fabric and relaxed shoulder-bag silhouette, featuring whipstitch details throughout and zipper closure. Easy everyday wear makes it the perfect companion for festivals, weekend outings or effortlessly chic day-to-day styling.","Our Boho-inspired bag in a soft vegan suede fabric and relaxed shoulder-bag silhouette, featuring whipstitch details throughout and zipper closure. Easy everyday wear makes it the perfect companion for festivals, weekend outings or effortlessly chic day-to-day styling. Imported.","Our Boho-inspired bag in a soft vegan suede fabric and relaxed shoulder-bag silhouette, featuring whipstitch details throughout and zipper closure. Easy everyday wear makes it the perfect companion for festivals, weekend outings or effortlessly chic day-to-day styling. Imported.",2,https://img.abercrombie.com/is/image/anf/KIC_154-6077-00059-400_prod1,https://img.abercrombie.com/is/image/anf/KIC_154-6077-00059-400_prod1 | https://img.abercrombie.com/is/image/anf/KIC_154-6077-00059-400_prod2,False,"Faux Suede:92% Polyester, 8% Elastane / Lining:100% Polyester","Faux Suede:92% Polyester, 8% Elastane / Lining:100% Polyester",Whipstitch Shoulder Bag,False,USD,7464.7,,"Our Boho-inspired bag in a soft vegan suede fabric and relaxed shoulder-bag silhouette, featuring whipstitch details throughout and zipper closure. Easy everyday wear makes it the perfect companion for festivals, weekend outings or effortlessly chic day-to-day styling. | Features: Our Boho-inspired bag in a soft vegan suede fabric and relaxed shoulder-bag silhouette, featuring whipstitch details throughout and zipper closure. Easy everyday wear makes it the perfect companion for festivals, weekend outings or effortlessly chic day-to-day styling. Imported. | Faux Suede:92% Polyester, 8% Elastane / Lining:100% Polyester | Do not bleach | Do not dry clean | Do not iron | Do not tumble dry | Do not wash | Spot clean",,https://www.abercrombie.com/shop/wd/p/whipstitch-shoulder-bag-61812334?categoryId=12281&faceout=prod&seq=02&afsource=social+proofing,,,,2026-02-23,ONE SIZE,61812334,
,,,Abercrombie,Do not bleach | Do not dry clean | Do not iron | Do not tumble dry | Do not wash | Spot clean,Women's > Women's > Accessories > Accessories > Bags & Bag Charms > Bags & Bag Charms,black | dark coffee,"Our Boho-inspired bag in a soft vegan suede fabric and relaxed shoulder-bag silhouette, featuring whipstitch details throughout and zipper closure. Easy everyday wear makes it the perfect companion for festivals, weekend outings or effortlessly chic day-to-day styling.","Our Boho-inspired bag in a soft vegan suede fabric and relaxed shoulder-bag silhouette, featuring whipstitch details throughout and zipper closure. Easy everyday wear makes it the perfect companion for festivals, weekend outings or effortlessly chic day-to-day styling. Imported.","Our Boho-inspired bag in a soft vegan suede fabric and relaxed shoulder-bag silhouette, featuring whipstitch details throughout and zipper closure. Easy everyday wear makes it the perfect companion for festivals, weekend outings or effortlessly chic day-to-day styling. Imported.",2,https://img.abercrombie.com/is/image/anf/KIC_154-6077-00059-400_prod1,https://img.abercrombie.com/is/image/anf/KIC_154-6077-00059-400_prod1 | https://img.abercrombie.com/is/image/anf/KIC_154-6077-00059-400_prod2,False,"Faux Suede:92% Polyester, 8% Elastane / Lining:100% Polyester","Faux Suede:92% Polyester, 8% Elastane / Lining:100% Polyester",Whipstitch Shoulder Bag,False,USD,7464.7,,"Our Boho-inspired bag in a soft vegan suede fabric and relaxed shoulder-bag silhouette, featuring whipstitch details throughout and zipper closure. Easy everyday wear makes it the perfect companion for festivals, weekend outings or effortlessly chic day-to-day styling. | Features: Our Boho-inspired bag in a soft vegan suede fabric and relaxed shoulder-bag silhouette, featuring whipstitch details throughout and zipper closure. Easy everyday wear makes it the perfect companion for festivals, weekend outings or effortlessly chic day-to-day styling. Imported. | Faux Suede:92% Polyester, 8% Elastane / Lining:100% Polyester | Do not bleach | Do not dry clean | Do not iron | Do not tumble dry | Do not wash | Spot clean",,https://www.abercrombie.com/shop/wd/p/whipstitch-shoulder-bag-61812334?categoryId=12281&faceout=prod&seq=02&afsource=social+proofing&pagefm=navigation-grid&prodvm=navigation-grid,,,,2026-02-23,ONE SIZE,61812334,
,,,Abercrombie,Do not bleach | Do not dry clean | Do not iron | Do not tumble dry | Do not wash | Spot clean,Men's > Men's > Accessories > Accessories > Bags & Wallets > Bags & Wallets,black,"Our full-size duffle bag to carry all your essentials. Features a shoulder strap, a handle to carry your belongings, zipper closures and pockets throughout.","Our full-size duffle bag to carry all your essentials. Features a shoulder strap, a handle to carry your belongings, zipper closures and pockets throughout. Imported.","Our full-size duffle bag to carry all your essentials. Features a shoulder strap, a handle to carry your belongings, zipper closures and pockets throughout. Imported.",5,https://img.abercrombie.com/is/image/anf/KIC_105-6010-00036-900_prod1,https://img.abercrombie.com/is/image/anf/KIC_105-6010-00036-900_prod1 | https://img.abercrombie.com/is/image/anf/KIC_105-6010-00036-900_prod2 | https://img.abercrombie.com/is/image/anf/KIC_105-6010-00036-900_prod3 | https://img.abercrombie.com/is/image/anf/KIC_105-6010-00036-900_prod4 | https://img.abercrombie.com/is/image/anf/KIC_105-6010-00036-900_prod5,False,Back:100% Polyethylene / Face:100% Polyester / Filling Foam:100% Polyethylene / Lining:100% Polyester,Back:100% Polyethylene / Face:100% Polyester / Filling Foam:100% Polyethylene / Lining:100% Polyester,YPB Duffle Bag,True,USD,10263.97,,"Our full-size duffle bag to carry all your essentials. Features a shoulder strap, a handle to carry your belongings, zipper closures and pockets throughout. | Features: Our full-size duffle bag to carry all your essentials. Features a shoulder strap, a handle to carry your belongings, zipper closures and pockets throughout. Imported. | Back:100% Polyethylene / Face:100% Polyester / Filling Foam:100% Polyethylene / Lining:100% Polyester | Do not bleach | Do not dry clean | Do not iron | Do not tumble dry | Do not wash | Spot clean",,https://www.abercrombie.com/shop/wd/p/ypb-duffle-bag-61822338?categoryId=12281&faceout=prod&seq=01&pagefm=navigation-grid&prodvm=navigation-grid,,,,2026-02-23,ONE SIZE,61822338,
,,,Abercrombie,Do not bleach | Do not dry clean | Do not iron | Do not tumble dry | Do not wash | Spot clean,Men's > Men's > Accessories > Accessories > Bags & Wallets > Bags & Wallets,black,"Our full-size duffle bag to carry all your essentials. Features a shoulder strap, a handle to carry your belongings, zipper closures and pockets throughout.","Our full-size duffle bag to carry all your essentials. Features a shoulder strap, a handle to carry your belongings, zipper closures and pockets throughout. Imported.","Our full-size duffle bag to carry all your essentials. Features a shoulder strap, a handle to carry your belongings, zipper closures and pockets throughout. Imported.",5,https://img.abercrombie.com/is/image/anf/KIC_105-6010-00036-900_prod1,https://img.abercrombie.com/is/image/anf/KIC_105-6010-00036-900_prod1 | https://img.abercrombie.com/is/image/anf/KIC_105-6010-00036-900_prod2 | https://img.abercrombie.com/is/image/anf/KIC_105-6010-00036-900_prod3 | https://img.abercrombie.com/is/image/anf/KIC_105-6010-00036-900_prod4 | https://img.abercrombie.com/is/image/anf/KIC_105-6010-00036-900_prod5,False,Back:100% Polyethylene / Face:100% Polyester / Filling Foam:100% Polyethylene / Lining:100% Polyester,Back:100% Polyethylene / Face:100% Polyester / Filling Foam:100% Polyethylene / Lining:100% Polyester,YPB Duffle Bag,True,USD,10263.97,,"Our full-size duffle bag to carry all your essentials. Features a shoulder strap, a handle to carry your belongings, zipper closures and pockets throughout. | Features: Our full-size duffle bag to carry all your essentials. Features a shoulder strap, a handle to carry your belongings, zipper closures and pockets throughout. Imported. | Back:100% Polyethylene / Face:100% Polyester / Filling Foam:100% Polyethylene / Lining:100% Polyester | Do not bleach | Do not dry clean | Do not iron | Do not tumble dry | Do not wash | Spot clean",,https://www.abercrombie.com/shop/wd/p/ypb-duffle-bag-61822338?categoryId=12281&faceout=prod&seq=01,,,,2026-02-23,ONE SIZE,61822338,
,,,Abercrombie,Do not bleach | Do not dry clean | Do not iron | Do not tumble dry | Do not wash | Spot clean,Men's > Men's > Accessories > Accessories > Bags & Wallets > Bags & Wallets,black,"Our full-size duffle bag to carry all your essentials. Features a shoulder strap, a handle to carry your belongings, zipper closures and pockets throughout.","Our full-size duffle bag to carry all your essentials. Features a shoulder strap, a handle to carry your belongings, zipper closures and pockets throughout. Imported.","Our full-size duffle bag to carry all your essentials. Features a shoulder strap, a handle to carry your belongings, zipper closures and pockets throughout. Imported.",5,https://img.abercrombie.com/is/image/anf/KIC_105-6010-00036-900_prod1,https://img.abercrombie.com/is/image/anf/KIC_105-6010-00036-900_prod1 | https://img.abercrombie.com/is/image/anf/KIC_105-6010-00036-900_prod2 | https://img.abercrombie.com/is/image/anf/KIC_105-6010-00036-900_prod3 | https://img.abercrombie.com/is/image/anf/KIC_105-6010-00036-900_prod4 | https://img.abercrombie.com/is/image/anf/KIC_105-6010-00036-900_prod5,False,Back:100% Polyethylene / Face:100% Polyester / Filling Foam:100% Polyethylene / Lining:100% Polyester,Back:100% Polyethylene / Face:100% Polyester / Filling Foam:100% Polyethylene / Lining:100% Polyester,YPB Duffle Bag,True,USD,10263.97,,"Our full-size duffle bag to carry all your essentials. Features a shoulder strap, a handle to carry your belongings, zipper closures and pockets throughout. | Features: Our full-size duffle bag to carry all your essentials. Features a shoulder strap, a handle to carry your belongings, zipper closures and pockets throughout. Imported. | Back:100% Polyethylene / Face:100% Polyester / Filling Foam:100% Polyethylene / Lining:100% Polyester | Do not bleach | Do not dry clean | Do not iron | Do not tumble dry | Do not wash | Spot clean",,https://www.abercrombie.com/shop/wd/p/ypb-duffle-bag-61822338?categoryId=73468&faceout=prod&seq=01,,,,2026-02-23,ONE SIZE,61822338,
,,,Abercrombie,Do not bleach | Do not dry clean | Do not iron | Do not tumble dry | Do not wash | Spot clean,Men's > Men's > Accessories > Accessories > Bags & Wallets > Bags & Wallets,black,"Our full-size duffle bag to carry all your essentials. Features a shoulder strap, a handle to carry your belongings, zipper closures and pockets throughout.","Our full-size duffle bag to carry all your essentials. Features a shoulder strap, a handle to carry your belongings, zipper closures and pockets throughout. Imported.","Our full-size duffle bag to carry all your essentials. Features a shoulder strap, a handle to carry your belongings, zipper closures and pockets throughout. Imported.",5,https://img.abercrombie.com/is/image/anf/KIC_105-6010-00036-900_prod1,https://img.abercrombie.com/is/image/anf/KIC_105-6010-00036-900_prod1 | https://img.abercrombie.com/is/image/anf/KIC_105-6010-00036-900_prod2 | https://img.abercrombie.com/is/image/anf/KIC_105-6010-00036-900_prod3 | https://img.abercrombie.com/is/image/anf/KIC_105-6010-00036-900_prod4 | https://img.abercrombie.com/is/image/anf/KIC_105-6010-00036-900_prod5,False,Back:100% Polyethylene / Face:100% Polyester / Filling Foam:100% Polyethylene / Lining:100% Polyester,Back:100% Polyethylene / Face:100% Polyester / Filling Foam:100% Polyethylene / Lining:100% Polyester,YPB Duffle Bag,True,USD,10263.97,,"Our full-size duffle bag to carry all your essentials. Features a shoulder strap, a handle to carry your belongings, zipper closures and pockets throughout. | Features: Our full-size duffle bag to carry all your essentials. Features a shoulder strap, a handle to carry your belongings, zipper closures and pockets throughout. Imported. | Back:100% Polyethylene / Face:100% Polyester / Filling Foam:100% Polyethylene / Lining:100% Polyester | Do not bleach | Do not dry clean | Do not iron | Do not tumble dry | Do not wash | Spot clean",,https://www.abercrombie.com/shop/wd/p/ypb-duffle-bag-61822338?categoryId=73468&faceout=prod&seq=01&pagefm=navigation-grid&prodvm=navigation-grid,,,,2026-02-23,ONE SIZE,61822338,
,,,Abercrombie,Do not bleach | Do not dry clean | Do not iron | Do not tumble dry | Do not wash | Spot clean,Men's > Men's > Accessories > Accessories > Bags & Wallets > Bags & Wallets,green | white,"Our active tote bag with interior and exterior pockets throughout to hold your personal items and valuables. Includes top zipper closure, as well as a back trolley pass flap for easy use when traveling. Height: 15 in. Width: 5.5 in. Length: 18 in.","Our active tote bag with interior and exterior pockets throughout to hold your personal items and valuables. Includes top zipper closure, as well as a back trolley pass flap for easy use when traveling. Height: 15 in. Width: 5.5 in. Length: 18 in. Imported.","Our active tote bag with interior and exterior pockets throughout to hold your personal items and valuables. Includes top zipper closure, as well as a back trolley pass flap for easy use when traveling. Height: 15 in. Width: 5.5 in. Length: 18 in. Imported.",6,https://img.abercrombie.com/is/image/anf/KIC_105-5002-00024-302_prod1,https://img.abercrombie.com/is/image/anf/KIC_105-5002-00024-302_prod1 | https://img.abercrombie.com/is/image/anf/KIC_105-5002-00024-302_prod2 | https://img.abercrombie.com/is/image/anf/KIC_105-5002-00024-302_prod3 | https://img.abercrombie.com/is/image/anf/KIC_105-5002-00024-302_prod4 | https://img.abercrombie.com/is/image/anf/KIC_105-5002-00024-302_prod5 | https://img.abercrombie.com/is/image/anf/KIC_105-5002-00024-302_prod6,False,Lining:100% Polyester / Shell:100% Nylon,Lining:100% Polyester / Shell:100% Nylon,YPB Iconic Tote Bag,False,USD,8397.79,,"Our active tote bag with interior and exterior pockets throughout to hold your personal items and valuables. Includes top zipper closure, as well as a back trolley pass flap for easy use when traveling. Height: 15 in. Width: 5.5 in. Length: 18 in. | Features: Our active tote bag with interior and exterior pockets throughout to hold your personal items and valuables. Includes top zipper closure, as well as a back trolley pass flap for easy use when traveling. Height: 15 in. Width: 5.5 in. Length: 18 in. Imported. | Lining:100% Polyester / Shell:100% Nylon | Do not bleach | Do not dry clean | Do not iron | Do not tumble dry | Do not wash | Spot clean",,https://www.abercrombie.com/shop/wd/p/ypb-iconic-tote-bag-55299823?categoryId=12281&faceout=prod&seq=08&pagefm=navigation-grid&prodvm=navigation-grid,,,,2026-02-23,ONE SIZE,55299823,
,,,Abercrombie,Do not bleach | Do not dry clean | Do not iron | Do not tumble dry | Do not wash | Spot clean,Men's > Men's > Accessories > Accessories > Bags & Wallets > Bags & Wallets,green | white,"Our active tote bag with interior and exterior pockets throughout to hold your personal items and valuables. Includes top zipper closure, as well as a back trolley pass flap for easy use when traveling. Height: 15 in. Width: 5.5 in. Length: 18 in.","Our active tote bag with interior and exterior pockets throughout to hold your personal items and valuables. Includes top zipper closure, as well as a back trolley pass flap for easy use when traveling. Height: 15 in. Width: 5.5 in. Length: 18 in. Imported.","Our active tote bag with interior and exterior pockets throughout to hold your personal items and valuables. Includes top zipper closure, as well as a back trolley pass flap for easy use when traveling. Height: 15 in. Width: 5.5 in. Length: 18 in. Imported.",6,https://img.abercrombie.com/is/image/anf/KIC_105-5002-00024-302_prod1,https://img.abercrombie.com/is/image/anf/KIC_105-5002-00024-302_prod1 | https://img.abercrombie.com/is/image/anf/KIC_105-5002-00024-302_prod2 | https://img.abercrombie.com/is/image/anf/KIC_105-5002-00024-302_prod3 | https://img.abercrombie.com/is/image/anf/KIC_105-5002-00024-302_prod4 | https://img.abercrombie.com/is/image/anf/KIC_105-5002-00024-302_prod5 | https://img.abercrombie.com/is/image/anf/KIC_105-5002-00024-302_prod6,False,Lining:100% Polyester / Shell:100% Nylon,Lining:100% Polyester / Shell:100% Nylon,YPB Iconic Tote Bag,False,USD,8397.79,,"Our active tote bag with interior and exterior pockets throughout to hold your personal items and valuables. Includes top zipper closure, as well as a back trolley pass flap for easy use when traveling. Height: 15 in. Width: 5.5 in. Length: 18 in. | Features: Our active tote bag with interior and exterior pockets throughout to hold your personal items and valuables. Includes top zipper closure, as well as a back trolley pass flap for easy use when traveling. Height: 15 in. Width: 5.5 in. Length: 18 in. Imported. | Lining:100% Polyester / Shell:100% Nylon | Do not bleach | Do not dry clean | Do not iron | Do not tumble dry | Do not wash | Spot clean",,https://www.abercrombie.com/shop/wd/p/ypb-iconic-tote-bag-55299823?categoryId=12281&faceout=prod&seq=08,,,,2026-02-23,ONE SIZE,55299823,
,,,Abercrombie,Do not bleach | Do not dry clean | Do not iron | Do not tumble dry | Do not wash | Spot clean,Men's > Men's > Accessories > Accessories > Bags & Wallets > Bags & Wallets,green | white,"Our active tote bag with interior and exterior pockets throughout to hold your personal items and valuables. Includes top zipper closure, as well as a back trolley pass flap for easy use when traveling. Height: 15 in. Width: 5.5 in. Length: 18 in.","Our active tote bag with interior and exterior pockets throughout to hold your personal items and valuables. Includes top zipper closure, as well as a back trolley pass flap for easy use when traveling. Height: 15 in. Width: 5.5 in. Length: 18 in. Imported.","Our active tote bag with interior and exterior pockets throughout to hold your personal items and valuables. Includes top zipper closure, as well as a back trolley pass flap for easy use when traveling. Height: 15 in. Width: 5.5 in. Length: 18 in. Imported.",6,https://img.abercrombie.com/is/image/anf/KIC_105-5000-00028-101_prod1,https://img.abercrombie.com/is/image/anf/KIC_105-5000-00028-101_prod1 | https://img.abercrombie.com/is/image/anf/KIC_105-5000-00028-101_prod2 | https://img.abercrombie.com/is/image/anf/KIC_105-5000-00028-101_prod3 | https://img.abercrombie.com/is/image/anf/KIC_105-5000-00028-101_prod4 | https://img.abercrombie.com/is/image/anf/KIC_105-5000-00028-101_prod5 | https://img.abercrombie.com/is/image/anf/KIC_105-5000-00028-101_prod6,False,Lining:100% Polyester / Shell:100% Nylon,Lining:100% Polyester / Shell:100% Nylon,YPB Iconic Tote Bag,False,USD,8397.79,,"Our active tote bag with interior and exterior pockets throughout to hold your personal items and valuables. Includes top zipper closure, as well as a back trolley pass flap for easy use when traveling. Height: 15 in. Width: 5.5 in. Length: 18 in. | Features: Our active tote bag with interior and exterior pockets throughout to hold your personal items and valuables. Includes top zipper closure, as well as a back trolley pass flap for easy use when traveling. Height: 15 in. Width: 5.5 in. Length: 18 in. Imported. | Lining:100% Polyester / Shell:100% Nylon | Do not bleach | Do not dry clean | Do not iron | Do not tumble dry | Do not wash | Spot clean",,https://www.abercrombie.com/shop/wd/p/ypb-iconic-tote-bag-55299823?categoryId=12281&faceout=prod&seq=10,,,,2026-02-23,ONE SIZE,55299823,
,,,Abercrombie,Do not bleach | Do not dry clean | Do not iron | Do not tumble dry | Do not wash | Spot clean,Men's > Men's > Accessories > Accessories > Bags & Wallets > Bags & Wallets,green | white,"Our active tote bag with interior and exterior pockets throughout to hold your personal items and valuables. Includes top zipper closure, as well as a back trolley pass flap for easy use when traveling. Height: 15 in. Width: 5.5 in. Length: 18 in.","Our active tote bag with interior and exterior pockets throughout to hold your personal items and valuables. Includes top zipper closure, as well as a back trolley pass flap for easy use when traveling. Height: 15 in. Width: 5.5 in. Length: 18 in. Imported.","Our active tote bag with interior and exterior pockets throughout to hold your personal items and valuables. Includes top zipper closure, as well as a back trolley pass flap for easy use when traveling. Height: 15 in. Width: 5.5 in. Length: 18 in. Imported.",6,https://img.abercrombie.com/is/image/anf/KIC_105-5000-00028-101_prod1,https://img.abercrombie.com/is/image/anf/KIC_105-5000-00028-101_prod1 | https://img.abercrombie.com/is/image/anf/KIC_105-5000-00028-101_prod2 | https://img.abercrombie.com/is/image/anf/KIC_105-5000-00028-101_prod3 | https://img.abercrombie.com/is/image/anf/KIC_105-5000-00028-101_prod4 | https://img.abercrombie.com/is/image/anf/KIC_105-5000-00028-101_prod5 | https://img.abercrombie.com/is/image/anf/KIC_105-5000-00028-101_prod6,False,Lining:100% Polyester / Shell:100% Nylon,Lining:100% Polyester / Shell:100% Nylon,YPB Iconic Tote Bag,False,USD,8397.79,,"Our active tote bag with interior and exterior pockets throughout to hold your personal items and valuables. Includes top zipper closure, as well as a back trolley pass flap for easy use when traveling. Height: 15 in. Width: 5.5 in. Length: 18 in. | Features: Our active tote bag with interior and exterior pockets throughout to hold your personal items and valuables. Includes top zipper closure, as well as a back trolley pass flap for easy use when traveling. Height: 15 in. Width: 5.5 in. Length: 18 in. Imported. | Lining:100% Polyester / Shell:100% Nylon | Do not bleach | Do not dry clean | Do not iron | Do not tumble dry | Do not wash | Spot clean",,https://www.abercrombie.com/shop/wd/p/ypb-iconic-tote-bag-55299823?categoryId=12281&faceout=prod&seq=10&pagefm=navigation-grid&prodvm=navigation-grid,,,,2026-02-23,ONE SIZE,55299823,
,,,Abercrombie,Do not bleach | Do not dry clean | Do not iron | Do not tumble dry | Do not wash | Spot clean,Men's > Men's > Accessories > Accessories > Bags & Wallets > Bags & Wallets,green | white,"Our active tote bag with interior and exterior pockets throughout to hold your personal items and valuables. Includes top zipper closure, as well as a back trolley pass flap for easy use when traveling. Height: 15 in. Width: 5.5 in. Length: 18 in.","Our active tote bag with interior and exterior pockets throughout to hold your personal items and valuables. Includes top zipper closure, as well as a back trolley pass flap for easy use when traveling. Height: 15 in. Width: 5.5 in. Length: 18 in. Imported.","Our active tote bag with interior and exterior pockets throughout to hold your personal items and valuables. Includes top zipper closure, as well as a back trolley pass flap for easy use when traveling. Height: 15 in. Width: 5.5 in. Length: 18 in. Imported.",6,https://img.abercrombie.com/is/image/anf/KIC_105-5002-00024-302_prod1,https://img.abercrombie.com/is/image/anf/KIC_105-5002-00024-302_prod1 | https://img.abercrombie.com/is/image/anf/KIC_105-5002-00024-302_prod2 | https://img.abercrombie.com/is/image/anf/KIC_105-5002-00024-302_prod3 | https://img.abercrombie.com/is/image/anf/KIC_105-5002-00024-302_prod4 | https://img.abercrombie.com/is/image/anf/KIC_105-5002-00024-302_prod5 | https://img.abercrombie.com/is/image/anf/KIC_105-5002-00024-302_prod6,False,Lining:100% Polyester / Shell:100% Nylon,Lining:100% Polyester / Shell:100% Nylon,YPB Iconic Tote Bag,False,USD,8397.79,,"Our active tote bag with interior and exterior pockets throughout to hold your personal items and valuables. Includes top zipper closure, as well as a back trolley pass flap for easy use when traveling. Height: 15 in. Width: 5.5 in. Length: 18 in. | Features: Our active tote bag with interior and exterior pockets throughout to hold your personal items and valuables. Includes top zipper closure, as well as a back trolley pass flap for easy use when traveling. Height: 15 in. Width: 5.5 in. Length: 18 in. Imported. | Lining:100% Polyester / Shell:100% Nylon | Do not bleach | Do not dry clean | Do not iron | Do not tumble dry | Do not wash | Spot clean",,https://www.abercrombie.com/shop/wd/p/ypb-iconic-tote-bag-55299823?categoryId=73468&faceout=prod&seq=08,,,,2026-02-23,ONE SIZE,55299823,
,,,Abercrombie,Do not bleach | Do not dry clean | Do not iron | Do not tumble dry | Do not wash | Spot clean,Men's > Men's > Accessories > Accessories > Bags & Wallets > Bags & Wallets,green | white,"Our active tote bag with interior and exterior pockets throughout to hold your personal items and valuables. Includes top zipper closure, as well as a back trolley pass flap for easy use when traveling. Height: 15 in. Width: 5.5 in. Length: 18 in.","Our active tote bag with interior and exterior pockets throughout to hold your personal items and valuables. Includes top zipper closure, as well as a back trolley pass flap for easy use when traveling. Height: 15 in. Width: 5.5 in. Length: 18 in. Imported.","Our active tote bag with interior and exterior pockets throughout to hold your personal items and valuables. Includes top zipper closure, as well as a back trolley pass flap for easy use when traveling. Height: 15 in. Width: 5.5 in. Length: 18 in. Imported.",6,https://img.abercrombie.com/is/image/anf/KIC_105-5002-00024-302_prod1,https://img.abercrombie.com/is/image/anf/KIC_105-5002-00024-302_prod1 | https://img.abercrombie.com/is/image/anf/KIC_105-5002-00024-302_prod2 | https://img.abercrombie.com/is/image/anf/KIC_105-5002-00024-302_prod3 | https://img.abercrombie.com/is/image/anf/KIC_105-5002-00024-302_prod4 | https://img.abercrombie.com/is/image/anf/KIC_105-5002-00024-302_prod5 | https://img.abercrombie.com/is/image/anf/KIC_105-5002-00024-302_prod6,False,Lining:100% Polyester / Shell:100% Nylon,Lining:100% Polyester / Shell:100% Nylon,YPB Iconic Tote Bag,False,USD,8397.79,,"Our active tote bag with interior and exterior pockets throughout to hold your personal items and valuables. Includes top zipper closure, as well as a back trolley pass flap for easy use when traveling. Height: 15 in. Width: 5.5 in. Length: 18 in. | Features: Our active tote bag with interior and exterior pockets throughout to hold your personal items and valuables. Includes top zipper closure, as well as a back trolley pass flap for easy use when traveling. Height: 15 in. Width: 5.5 in. Length: 18 in. Imported. | Lining:100% Polyester / Shell:100% Nylon | Do not bleach | Do not dry clean | Do not iron | Do not tumble dry | Do not wash | Spot clean",,https://www.abercrombie.com/shop/wd/p/ypb-iconic-tote-bag-55299823?categoryId=73468&faceout=prod&seq=08&pagefm=navigation-grid&prodvm=navigation-grid,,,,2026-02-23,ONE SIZE,55299823,
,,,Abercrombie,Do not bleach | Do not dry clean | Do not iron | Do not tumble dry | Do not wash | Spot clean,Men's > Men's > Accessories > Accessories > Bags & Wallets > Bags & Wallets,green | white,"Our active tote bag with interior and exterior pockets throughout to hold your personal items and valuables. Includes top zipper closure, as well as a back trolley pass flap for easy use when traveling. Height: 15 in. Width: 5.5 in. Length: 18 in.","Our active tote bag with interior and exterior pockets throughout to hold your personal items and valuables. Includes top zipper closure, as well as a back trolley pass flap for easy use when traveling. Height: 15 in. Width: 5.5 in. Length: 18 in. Imported.","Our active tote bag with interior and exterior pockets throughout to hold your personal items and valuables. Includes top zipper closure, as well as a back trolley pass flap for easy use when traveling. Height: 15 in. Width: 5.5 in. Length: 18 in. Imported.",6,https://img.abercrombie.com/is/image/anf/KIC_105-5000-00028-101_prod1,https://img.abercrombie.com/is/image/anf/KIC_105-5000-00028-101_prod1 | https://img.abercrombie.com/is/image/anf/KIC_105-5000-00028-101_prod2 | https://img.abercrombie.com/is/image/anf/KIC_105-5000-00028-101_prod3 | https://img.abercrombie.com/is/image/anf/KIC_105-5000-00028-101_prod4 | https://img.abercrombie.com/is/image/anf/KIC_105-5000-00028-101_prod5 | https://img.abercrombie.com/is/image/anf/KIC_105-5000-00028-101_prod6,False,Lining:100% Polyester / Shell:100% Nylon,Lining:100% Polyester / Shell:100% Nylon,YPB Iconic Tote Bag,False,USD,8397.79,,"Our active tote bag with interior and exterior pockets throughout to hold your personal items and valuables. Includes top zipper closure, as well as a back trolley pass flap for easy use when traveling. Height: 15 in. Width: 5.5 in. Length: 18 in. | Features: Our active tote bag with interior and exterior pockets throughout to hold your personal items and valuables. Includes top zipper closure, as well as a back trolley pass flap for easy use when traveling. Height: 15 in. Width: 5.5 in. Length: 18 in. Imported. | Lining:100% Polyester / Shell:100% Nylon | Do not bleach | Do not dry clean | Do not iron | Do not tumble dry | Do not wash | Spot clean",,https://www.abercrombie.com/shop/wd/p/ypb-iconic-tote-bag-55299823?categoryId=73468&faceout=prod&seq=10,,,,2026-02-23,ONE SIZE,55299823,
,,,Abercrombie,Do not bleach | Do not dry clean | Do not iron | Do not tumble dry | Do not wash | Spot clean,Men's > Men's > Accessories > Accessories > Bags & Wallets > Bags & Wallets,green | white,"Our active tote bag with interior and exterior pockets throughout to hold your personal items and valuables. Includes top zipper closure, as well as a back trolley pass flap for easy use when traveling. Height: 15 in. Width: 5.5 in. Length: 18 in.","Our active tote bag with interior and exterior pockets throughout to hold your personal items and valuables. Includes top zipper closure, as well as a back trolley pass flap for easy use when traveling. Height: 15 in. Width: 5.5 in. Length: 18 in. Imported.","Our active tote bag with interior and exterior pockets throughout to hold your personal items and valuables. Includes top zipper closure, as well as a back trolley pass flap for easy use when traveling. Height: 15 in. Width: 5.5 in. Length: 18 in. Imported.",6,https://img.abercrombie.com/is/image/anf/KIC_105-5000-00028-101_prod1,https://img.abercrombie.com/is/image/anf/KIC_105-5000-00028-101_prod1 | https://img.abercrombie.com/is/image/anf/KIC_105-5000-00028-101_prod2 | https://img.abercrombie.com/is/image/anf/KIC_105-5000-00028-101_prod3 | https://img.abercrombie.com/is/image/anf/KIC_105-5000-00028-101_prod4 | https://img.abercrombie.com/is/image/anf/KIC_105-5000-00028-101_prod5 | https://img.abercrombie.com/is/image/anf/KIC_105-5000-00028-101_prod6,False,Lining:100% Polyester / Shell:100% Nylon,Lining:100% Polyester / Shell:100% Nylon,YPB Iconic Tote Bag,False,USD,8397.79,,"Our active tote bag with interior and exterior pockets throughout to hold your personal items and valuables. Includes top zipper closure, as well as a back trolley pass flap for easy use when traveling. Height: 15 in. Width: 5.5 in. Length: 18 in. | Features: Our active tote bag with interior and exterior pockets throughout to hold your personal items and valuables. Includes top zipper closure, as well as a back trolley pass flap for easy use when traveling. Height: 15 in. Width: 5.5 in. Length: 18 in. Imported. | Lining:100% Polyester / Shell:100% Nylon | Do not bleach | Do not dry clean | Do not iron | Do not tumble dry | Do not wash | Spot clean",,https://www.abercrombie.com/shop/wd/p/ypb-iconic-tote-bag-55299823?categoryId=73468&faceout=prod&seq=10&pagefm=navigation-grid&prodvm=navigation-grid,,,,2026-02-23,ONE SIZE,55299823,
,,,Abercrombie,Do not bleach | Do not dry clean | Do not iron | Do not tumble dry | Do not wash | Spot clean,Men's > Men's > Accessories > Accessories > Bags & Wallets > Bags & Wallets,black,"Our active tote bag with interior and exterior pockets throughout to hold your personal items and valuables. Includes an interior laptop sleeve, top zipper closure, as well as a back trolley pass flap for easy use when traveling. Height: 15 in. Width: 5.5 in. Length: 18 in.","Our active tote bag with interior and exterior pockets throughout to hold your personal items and valuables. Includes an interior laptop sleeve, top zipper closure, as well as a back trolley pass flap for easy use when traveling. Height: 15 in. Width: 5.5 in. Length: 18 in. Imported.","Our active tote bag with interior and exterior pockets throughout to hold your personal items and valuables. Includes an interior laptop sleeve, top zipper closure, as well as a back trolley pass flap for easy use when traveling. Height: 15 in. Width: 5.5 in. Length: 18 in. Imported.",5,https://img.abercrombie.com/is/image/anf/KIC_105-5008-00035-900_prod1,https://img.abercrombie.com/is/image/anf/KIC_105-5008-00035-900_prod1 | https://img.abercrombie.com/is/image/anf/KIC_105-5008-00035-900_prod2 | https://img.abercrombie.com/is/image/anf/KIC_105-5008-00035-900_prod3 | https://img.abercrombie.com/is/image/anf/KIC_105-5008-00035-900_prod4 | https://img.abercrombie.com/is/image/anf/KIC_105-5008-00035-900_prod5,False,Lining:100% Polyester / Shell:100% Nylon,Lining:100% Polyester / Shell:100% Nylon,YPB Iconic Tote Bag,False,USD,8397.79,,"Our active tote bag with interior and exterior pockets throughout to hold your personal items and valuables. Includes an interior laptop sleeve, top zipper closure, as well as a back trolley pass flap for easy use when traveling. Height: 15 in. Width: 5.5 in. Length: 18 in. | Features: Our active tote bag with interior and exterior pockets throughout to hold your personal items and valuables. Includes an interior laptop sleeve, top zipper closure, as well as a back trolley pass flap for easy use when traveling. Height: 15 in. Width: 5.5 in. Length: 18 in. Imported. | Lining:100% Polyester / Shell:100% Nylon | Do not bleach | Do not dry clean | Do not iron | Do not tumble dry | Do not wash | Spot clean",,https://www.abercrombie.com/shop/wd/p/ypb-iconic-tote-bag-61407845?categoryId=73468&faceout=prod&seq=01,,,,2026-02-23,ONE SIZE,61407845,
,,,Abercrombie,Do not bleach | Do not dry clean | Do not iron | Do not tumble dry | Do not wash | Spot clean,Men's > Men's > Accessories > Accessories > Bags & Wallets > Bags & Wallets,black,"Our active tote bag with interior and exterior pockets throughout to hold your personal items and valuables. Includes an interior laptop sleeve, top zipper closure, as well as a back trolley pass flap for easy use when traveling. Height: 15 in. Width: 5.5 in. Length: 18 in.","Our active tote bag with interior and exterior pockets throughout to hold your personal items and valuables. Includes an interior laptop sleeve, top zipper closure, as well as a back trolley pass flap for easy use when traveling. Height: 15 in. Width: 5.5 in. Length: 18 in. Imported.","Our active tote bag with interior and exterior pockets throughout to hold your personal items and valuables. Includes an interior laptop sleeve, top zipper closure, as well as a back trolley pass flap for easy use when traveling. Height: 15 in. Width: 5.5 in. Length: 18 in. Imported.",5,https://img.abercrombie.com/is/image/anf/KIC_105-5008-00035-900_prod1,https://img.abercrombie.com/is/image/anf/KIC_105-5008-00035-900_prod1 | https://img.abercrombie.com/is/image/anf/KIC_105-5008-00035-900_prod2 | https://img.abercrombie.com/is/image/anf/KIC_105-5008-00035-900_prod3 | https://img.abercrombie.com/is/image/anf/KIC_105-5008-00035-900_prod4 | https://img.abercrombie.com/is/image/anf/KIC_105-5008-00035-900_prod5,False,Lining:100% Polyester / Shell:100% Nylon,Lining:100% Polyester / Shell:100% Nylon,YPB Iconic Tote Bag,False,USD,8397.79,,"Our active tote bag with interior and exterior pockets throughout to hold your personal items and valuables. Includes an interior laptop sleeve, top zipper closure, as well as a back trolley pass flap for easy use when traveling. Height: 15 in. Width: 5.5 in. Length: 18 in. | Features: Our active tote bag with interior and exterior pockets throughout to hold your personal items and valuables. Includes an interior laptop sleeve, top zipper closure, as well as a back trolley pass flap for easy use when traveling. Height: 15 in. Width: 5.5 in. Length: 18 in. Imported. | Lining:100% Polyester / Shell:100% Nylon | Do not bleach | Do not dry clean | Do not iron | Do not tumble dry | Do not wash | Spot clean",,https://www.abercrombie.com/shop/wd/p/ypb-iconic-tote-bag-61407845?categoryId=73468&faceout=prod&seq=01&pagefm=navigation-grid&prodvm=navigation-grid,,,,2026-02-23,ONE SIZE,61407845,
,,,Abercrombie,Do not bleach | Do not dry clean | Do not iron | Do not tumble dry | Do not wash | Spot clean,Men's > Men's > Accessories > Accessories > Bags & Wallets > Bags & Wallets,cream,"YPB On The Go Collection: Made to move—easy layers for walks, weekend trips and everything in between. Our active tote bag with interior and exterior pockets throughout to hold your personal items and valuables. Includes top zipper closure, as well as a back trolley pass flap for easy use when traveling. Height: 15 in. Width: 5.5 in. Length: 18 in.","YPB On The Go Collection: Made to move—easy layers for walks, weekend trips and everything in between. Our active tote bag with interior and exterior pockets throughout to hold your personal items and valuables. Includes top zipper closure, as well as a back trolley pass flap for easy use when traveling. Height: 15 in. Width: 5.5 in. Length: 18 in. Imported.","YPB On The Go Collection: Made to move—easy layers for walks, weekend trips and everything in between. Our active tote bag with interior and exterior pockets throughout to hold your personal items and valuables. Includes top zipper closure, as well as a back trolley pass flap for easy use when traveling. Height: 15 in. Width: 5.5 in. Length: 18 in. Imported.",4,https://img.abercrombie.com/is/image/anf/KIC_105-6005-00037-110_prod1,https://img.abercrombie.com/is/image/anf/KIC_105-6005-00037-110_prod1 | https://img.abercrombie.com/is/image/anf/KIC_105-6005-00037-110_prod2 | https://img.abercrombie.com/is/image/anf/KIC_105-6005-00037-110_prod3 | https://img.abercrombie.com/is/image/anf/KIC_105-6005-00037-110_prod4,False,Shell And Lining:100% Cotton,Shell And Lining:100% Cotton,YPB On The Go Tote Bag,True,USD,6998.16,,"YPB On The Go Collection: Made to move—easy layers for walks, weekend trips and everything in between. Our active tote bag with interior and exterior pockets throughout to hold your personal items and valuables. Includes top zipper closure, as well as a back trolley pass flap for easy use when traveling. Height: 15 in. Width: 5.5 in. Length: 18 in. | Features: YPB On The Go Collection: Made to move—easy layers for walks, weekend trips and everything in between. Our active tote bag with interior and exterior pockets throughout to hold your personal items and valuables. Includes top zipper closure, as well as a back trolley pass flap for easy use when traveling. Height: 15 in. Width: 5.5 in. Length: 18 in. Imported. | Shell And Lining:100% Cotton | Do not bleach | Do not dry clean | Do not iron | Do not tumble dry | Do not wash | Spot clean",,https://www.abercrombie.com/shop/wd/p/ypb-on-the-go-tote-bag-61822345?categoryId=12281&faceout=prod&seq=01,,,,2026-02-23,ONE SIZE,61822345,
,,,Abercrombie,Do not bleach | Do not dry clean | Do not iron | Do not tumble dry | Do not wash | Spot clean,Men's > Men's > Accessories > Accessories > Bags & Wallets > Bags & Wallets,cream,"YPB On The Go Collection: Made to move—easy layers for walks, weekend trips and everything in between. Our active tote bag with interior and exterior pockets throughout to hold your personal items and valuables. Includes top zipper closure, as well as a back trolley pass flap for easy use when traveling. Height: 15 in. Width: 5.5 in. Length: 18 in.","YPB On The Go Collection: Made to move—easy layers for walks, weekend trips and everything in between. Our active tote bag with interior and exterior pockets throughout to hold your personal items and valuables. Includes top zipper closure, as well as a back trolley pass flap for easy use when traveling. Height: 15 in. Width: 5.5 in. Length: 18 in. Imported.","YPB On The Go Collection: Made to move—easy layers for walks, weekend trips and everything in between. Our active tote bag with interior and exterior pockets throughout to hold your personal items and valuables. Includes top zipper closure, as well as a back trolley pass flap for easy use when traveling. Height: 15 in. Width: 5.5 in. Length: 18 in. Imported.",4,https://img.abercrombie.com/is/image/anf/KIC_105-6005-00037-110_prod1,https://img.abercrombie.com/is/image/anf/KIC_105-6005-00037-110_prod1 | https://img.abercrombie.com/is/image/anf/KIC_105-6005-00037-110_prod2 | https://img.abercrombie.com/is/image/anf/KIC_105-6005-00037-110_prod3 | https://img.abercrombie.com/is/image/anf/KIC_105-6005-00037-110_prod4,False,Shell And Lining:100% Cotton,Shell And Lining:100% Cotton,YPB On The Go Tote Bag,True,USD,6998.16,,"YPB On The Go Collection: Made to move—easy layers for walks, weekend trips and everything in between. Our active tote bag with interior and exterior pockets throughout to hold your personal items and valuables. Includes top zipper closure, as well as a back trolley pass flap for easy use when traveling. Height: 15 in. Width: 5.5 in. Length: 18 in. | Features: YPB On The Go Collection: Made to move—easy layers for walks, weekend trips and everything in between. Our active tote bag with interior and exterior pockets throughout to hold your personal items and valuables. Includes top zipper closure, as well as a back trolley pass flap for easy use when traveling. Height: 15 in. Width: 5.5 in. Length: 18 in. Imported. | Shell And Lining:100% Cotton | Do not bleach | Do not dry clean | Do not iron | Do not tumble dry | Do not wash | Spot clean",,https://www.abercrombie.com/shop/wd/p/ypb-on-the-go-tote-bag-61822345?categoryId=12281&faceout=prod&seq=01&pagefm=navigation-grid&prodvm=navigation-grid,,,,2026-02-23,ONE SIZE,61822345,
,,,Abercrombie,Do not bleach | Do not dry clean | Do not iron | Do not tumble dry | Do not wash | Spot clean,Men's > Men's > Accessories > Accessories > Bags & Wallets > Bags & Wallets,cream,"YPB On The Go Collection: Made to move—easy layers for walks, weekend trips and everything in between. Our active tote bag with interior and exterior pockets throughout to hold your personal items and valuables. Includes top zipper closure, as well as a back trolley pass flap for easy use when traveling. Height: 15 in. Width: 5.5 in. Length: 18 in.","YPB On The Go Collection: Made to move—easy layers for walks, weekend trips and everything in between. Our active tote bag with interior and exterior pockets throughout to hold your personal items and valuables. Includes top zipper closure, as well as a back trolley pass flap for easy use when traveling. Height: 15 in. Width: 5.5 in. Length: 18 in. Imported.","YPB On The Go Collection: Made to move—easy layers for walks, weekend trips and everything in between. Our active tote bag with interior and exterior pockets throughout to hold your personal items and valuables. Includes top zipper closure, as well as a back trolley pass flap for easy use when traveling. Height: 15 in. Width: 5.5 in. Length: 18 in. Imported.",4,https://img.abercrombie.com/is/image/anf/KIC_105-6005-00037-110_prod1,https://img.abercrombie.com/is/image/anf/KIC_105-6005-00037-110_prod1 | https://img.abercrombie.com/is/image/anf/KIC_105-6005-00037-110_prod2 | https://img.abercrombie.com/is/image/anf/KIC_105-6005-00037-110_prod3 | https://img.abercrombie.com/is/image/anf/KIC_105-6005-00037-110_prod4,False,Shell And Lining:100% Cotton,Shell And Lining:100% Cotton,YPB On The Go Tote Bag,True,USD,6998.16,,"YPB On The Go Collection: Made to move—easy layers for walks, weekend trips and everything in between. Our active tote bag with interior and exterior pockets throughout to hold your personal items and valuables. Includes top zipper closure, as well as a back trolley pass flap for easy use when traveling. Height: 15 in. Width: 5.5 in. Length: 18 in. | Features: YPB On The Go Collection: Made to move—easy layers for walks, weekend trips and everything in between. Our active tote bag with interior and exterior pockets throughout to hold your personal items and valuables. Includes top zipper closure, as well as a back trolley pass flap for easy use when traveling. Height: 15 in. Width: 5.5 in. Length: 18 in. Imported. | Shell And Lining:100% Cotton | Do not bleach | Do not dry clean | Do not iron | Do not tumble dry | Do not wash | Spot clean",,https://www.abercrombie.com/shop/wd/p/ypb-on-the-go-tote-bag-61822345?categoryId=73468&faceout=prod&seq=01,,,,2026-02-23,ONE SIZE,61822345,
,,,Abercrombie,Do not bleach | Do not dry clean | Do not iron | Do not tumble dry | Do not wash | Spot clean,Men's > Men's > Accessories > Accessories > Bags & Wallets > Bags & Wallets,cream,"YPB On The Go Collection: Made to move—easy layers for walks, weekend trips and everything in between. Our active tote bag with interior and exterior pockets throughout to hold your personal items and valuables. Includes top zipper closure, as well as a back trolley pass flap for easy use when traveling. Height: 15 in. Width: 5.5 in. Length: 18 in.","YPB On The Go Collection: Made to move—easy layers for walks, weekend trips and everything in between. Our active tote bag with interior and exterior pockets throughout to hold your personal items and valuables. Includes top zipper closure, as well as a back trolley pass flap for easy use when traveling. Height: 15 in. Width: 5.5 in. Length: 18 in. Imported.","YPB On The Go Collection: Made to move—easy layers for walks, weekend trips and everything in between. Our active tote bag with interior and exterior pockets throughout to hold your personal items and valuables. Includes top zipper closure, as well as a back trolley pass flap for easy use when traveling. Height: 15 in. Width: 5.5 in. Length: 18 in. Imported.",4,https://img.abercrombie.com/is/image/anf/KIC_105-6005-00037-110_prod1,https://img.abercrombie.com/is/image/anf/KIC_105-6005-00037-110_prod1 | https://img.abercrombie.com/is/image/anf/KIC_105-6005-00037-110_prod2 | https://img.abercrombie.com/is/image/anf/KIC_105-6005-00037-110_prod3 | https://img.abercrombie.com/is/image/anf/KIC_105-6005-00037-110_prod4,False,Shell And Lining:100% Cotton,Shell And Lining:100% Cotton,YPB On The Go Tote Bag,True,USD,6998.16,,"YPB On The Go Collection: Made to move—easy layers for walks, weekend trips and everything in between. Our active tote bag with interior and exterior pockets throughout to hold your personal items and valuables. Includes top zipper closure, as well as a back trolley pass flap for easy use when traveling. Height: 15 in. Width: 5.5 in. Length: 18 in. | Features: YPB On The Go Collection: Made to move—easy layers for walks, weekend trips and everything in between. Our active tote bag with interior and exterior pockets throughout to hold your personal items and valuables. Includes top zipper closure, as well as a back trolley pass flap for easy use when traveling. Height: 15 in. Width: 5.5 in. Length: 18 in. Imported. | Shell And Lining:100% Cotton | Do not bleach | Do not dry clean | Do not iron | Do not tumble dry | Do not wash | Spot clean",,https://www.abercrombie.com/shop/wd/p/ypb-on-the-go-tote-bag-61822345?categoryId=73468&faceout=prod&seq=01&pagefm=navigation-grid&prodvm=navigation-grid,,,,2026-02-23,ONE SIZE,61822345,
