availability_text,average_rating,brand,care_instructions,category_breadcrumb,color_options,description,dimensions,image_count,image_url,images_list,is_sale,material_text,name,price_currency,price_current,price_original,product_id,product_url,promo_excluded,rating_count,review_count,scrape_date,sku,sold_shipped_by
In stock,4.5,Gap,"Machine wash cold, gentle cycle. Lay flat to dry. Imported.","Women > Bags, Scarves & More","[""Neon Pink Glow"", ""Off white stripe"", ""Black gingham"", ""Navy polka dot"", ""Primrose pink"", ""Black"", ""Gasoline green"", ""Tangerine"", ""Moonstone blue"", ""Neon pink glow"", ""Havana yellow""]","Soft, overdyed cotton tote bag. Shoulder straps. Snap button closure. Outer and inner patch pocket. Embroidered mini Gap arch logo at front. Assorted colors & prints. #876406","Dimensions: 14.6"" H x 6.7"" W x 20"" L",4,https://www.gap.com/webcontent/0061/519/158/cn61519158.jpg,"[""https://www.gap.com/webcontent/0061/519/158/cn61519158.jpg"", ""https://www.gap.com/webcontent/0061/864/633/cn61864633.jpg"", ""https://www.gap.com/webcontent/0061/518/963/cn61518963.jpg"", ""https://www.gap.com/webcontent/0061/518/987/cn61518987.jpg""]",True,100% Cotton.,Gap Logo Tote Bag,USD,32.0,54.95,876406132,https://www.gap.com/browse/product.do?pid=876406132&vid=REGULAR&searchText=bag,,16,16,2026-02-24T05:52:31Z,876406132,Gap
In stock,4.5,Gap,"Machine wash cold, gentle cycle. Lay flat to dry. Imported.","Women > Bags, Scarves & More","[""Moonstone Blue"", ""Off white stripe"", ""Black gingham"", ""Navy polka dot"", ""Primrose pink"", ""Black"", ""Gasoline green"", ""Tangerine"", ""Moonstone blue"", ""Neon pink glow"", ""Havana yellow""]","Soft, overdyed cotton tote bag. Shoulder straps. Snap button closure. Outer and inner patch pocket. Embroidered mini Gap arch logo at front. Assorted colors & prints. #876406","Dimensions: 14.6"" H x 6.7"" W x 20"" L",4,https://www.gap.com/webcontent/0061/708/096/cn61708096.jpg,"[""https://www.gap.com/webcontent/0061/708/096/cn61708096.jpg"", ""https://www.gap.com/webcontent/0061/708/117/cn61708117.jpg"", ""https://www.gap.com/webcontent/0061/708/099/cn61708099.jpg"", ""https://www.gap.com/webcontent/0061/708/100/cn61708100.jpg""]",True,100% Cotton.,Gap Logo Tote Bag,USD,32.0,54.95,876406062,https://www.gap.com/browse/product.do?pid=876406062&vid=REGULAR&searchText=bag,,16,16,2026-02-24T05:52:52Z,876406062,Gap
In stock,4.5,Gap,"Machine wash cold, gentle cycle. Lay flat to dry. Imported.","Women > Bags, Scarves & More","[""Off White Stripe"", ""Off white stripe"", ""Black gingham"", ""Navy polka dot"", ""Primrose pink"", ""Black"", ""Gasoline green"", ""Tangerine"", ""Moonstone blue"", ""Neon pink glow"", ""Havana yellow""]","Soft, overdyed cotton tote bag. Shoulder straps. Snap button closure. Outer and inner patch pocket. Embroidered mini Gap arch logo at front. Assorted colors & prints. #876406","Dimensions: 14.6"" H x 6.7"" W x 20"" L",4,https://www.gap.com/webcontent/0061/518/883/cn61518883.jpg,"[""https://www.gap.com/webcontent/0061/518/883/cn61518883.jpg"", ""https://www.gap.com/webcontent/0061/624/087/cn61624087.jpg"", ""https://www.gap.com/webcontent/0061/518/757/cn61518757.jpg"", ""https://www.gap.com/webcontent/0061/518/774/cn61518774.jpg""]",False,100% Cotton.,Gap Logo Tote Bag,USD,59.95,59.95,876406032,https://www.gap.com/browse/product.do?pid=876406032&vid=REGULAR&searchText=bag,,16,16,2026-02-24T05:53:12Z,876406032,Gap
In stock,4.5,Gap,"Machine wash cold, gentle cycle. Lay flat to dry. Imported.","Women > Bags, Scarves & More","[""Navy Polka Dot"", ""Off white stripe"", ""Black gingham"", ""Navy polka dot"", ""Primrose pink"", ""Black"", ""Gasoline green"", ""Tangerine"", ""Moonstone blue"", ""Neon pink glow"", ""Havana yellow""]","Soft, overdyed cotton tote bag. Shoulder straps. Snap button closure. Outer and inner patch pocket. Embroidered mini Gap arch logo at front. Assorted colors & prints. #876406","Dimensions: 14.6"" H x 6.7"" W x 20"" L",4,https://www.gap.com/webcontent/0061/603/956/cn61603956.jpg,"[""https://www.gap.com/webcontent/0061/603/956/cn61603956.jpg"", ""https://www.gap.com/webcontent/0061/604/014/cn61604014.jpg"", ""https://www.gap.com/webcontent/0061/603/983/cn61603983.jpg"", ""https://www.gap.com/webcontent/0061/604/009/cn61604009.jpg""]",False,100% Cotton.,Gap Logo Tote Bag,USD,59.95,59.95,876406112,https://www.gap.com/browse/product.do?pid=876406112&vid=REGULAR&searchText=bag,,16,16,2026-02-24T05:53:32Z,876406112,Gap
In stock,4.5,Gap,"Machine wash cold, gentle cycle. Lay flat to dry. Imported.","Women > Bags, Scarves & More","[""Black"", ""Off white stripe"", ""Black gingham"", ""Navy polka dot"", ""Primrose pink"", ""Gasoline green"", ""Tangerine"", ""Moonstone blue"", ""Neon pink glow"", ""Havana yellow""]","Soft, overdyed cotton tote bag. Shoulder straps. Snap button closure. Outer and inner patch pocket. Embroidered mini Gap arch logo at front. Assorted colors & prints. #876406","Dimensions: 14.6"" H x 6.7"" W x 20"" L",4,https://www.gap.com/webcontent/0061/518/912/cn61518912.jpg,"[""https://www.gap.com/webcontent/0061/518/912/cn61518912.jpg"", ""https://www.gap.com/webcontent/0061/874/798/cn61874798.jpg"", ""https://www.gap.com/webcontent/0061/518/929/cn61518929.jpg"", ""https://www.gap.com/webcontent/0061/518/979/cn61518979.jpg""]",True,100% Cotton.,Gap Logo Tote Bag,USD,43.0,54.95,876406102,https://www.gap.com/browse/product.do?pid=876406102&vid=REGULAR&searchText=bag,,16,16,2026-02-24T05:53:52Z,876406102,Gap
In stock,4.62,Gap,Wipe clean. Imported.,"Women > Bags, Scarves & More","[""Chocolate Cake Brown"", ""Chocolate cake brown"", ""Honey brown"", ""True black""]","Soft vegan suede slouchy tote bag. Handle at top. This product was made in a factory that runs the Gap Inc. P.A.C.E. (Personal Advancement & Career Enhancement) program. P.A.C.E. is our educational program that helps the women who make our clothes build the skills, knowledge, confidence & resilience needed to advance in work & life. Learn morehere. #503844","Dimensions: 15""H x 4"" W x 17"" L",5,https://www.gap.com/webcontent/0056/166/849/cn56166849.jpg,"[""https://www.gap.com/webcontent/0056/166/849/cn56166849.jpg"", ""https://www.gap.com/webcontent/0060/285/016/cn60285016.jpg"", ""https://www.gap.com/webcontent/0056/166/936/cn56166936.jpg"", ""https://www.gap.com/webcontent/0056/166/950/cn56166950.jpg"", ""https://www.gap.com/webcontent/0061/315/120/cn61315120.jpg""]",True,Polyester 100%,Vegan Suede Slouchy Tote Bag,USD,34.0,69.95,503844002,https://www.gap.com/browse/product.do?pid=503844002&vid=REGULAR&searchText=bag,,1055,1055,2026-02-24T05:54:13Z,503844002,Gap
In stock,4.5,Gap,"Machine wash cold, gentle cycle. Lay flat to dry. Imported.","Women > Bags, Scarves & More","[""Primrose Pink"", ""Off white stripe"", ""Black gingham"", ""Navy polka dot"", ""Primrose pink"", ""Black"", ""Gasoline green"", ""Tangerine"", ""Moonstone blue"", ""Neon pink glow"", ""Havana yellow""]","Soft, overdyed cotton tote bag. Shoulder straps. Snap button closure. Outer and inner patch pocket. Embroidered mini Gap arch logo at front. Assorted colors & prints. #876406","Dimensions: 14.6"" H x 6.7"" W x 20"" L",4,https://www.gap.com/webcontent/0061/603/953/cn61603953.jpg,"[""https://www.gap.com/webcontent/0061/603/953/cn61603953.jpg"", ""https://www.gap.com/webcontent/0061/604/004/cn61604004.jpg"", ""https://www.gap.com/webcontent/0061/603/957/cn61603957.jpg"", ""https://www.gap.com/webcontent/0061/603/996/cn61603996.jpg""]",True,100% Cotton.,Gap Logo Tote Bag,USD,43.0,54.95,876406002,https://www.gap.com/browse/product.do?pid=876406002&vid=REGULAR&searchText=bag,,16,16,2026-02-24T05:54:34Z,876406002,Gap
In stock,4.5,Gap,"Machine wash cold, gentle cycle. Lay flat to dry. Imported.","Women > Bags, Scarves & More","[""Gasoline Green"", ""Off white stripe"", ""Black gingham"", ""Navy polka dot"", ""Primrose pink"", ""Black"", ""Gasoline green"", ""Tangerine"", ""Moonstone blue"", ""Neon pink glow"", ""Havana yellow""]","Soft, overdyed cotton tote bag. Shoulder straps. Snap button closure. Outer and inner patch pocket. Embroidered mini Gap arch logo at front. Assorted colors & prints. #876406","Dimensions: 14.6"" H x 6.7"" W x 20"" L",4,https://www.gap.com/webcontent/0061/502/386/cn61502386.jpg,"[""https://www.gap.com/webcontent/0061/502/386/cn61502386.jpg"", ""https://www.gap.com/webcontent/0061/739/906/cn61739906.jpg"", ""https://www.gap.com/webcontent/0061/501/912/cn61501912.jpg"", ""https://www.gap.com/webcontent/0061/501/966/cn61501966.jpg""]",True,100% Cotton.,Gap Logo Tote Bag,USD,43.0,54.95,876406162,https://www.gap.com/browse/product.do?pid=876406162&vid=REGULAR&searchText=bag,,16,16,2026-02-24T05:54:56Z,876406162,Gap
In stock,4.5,Gap,"Machine wash cold, gentle cycle. Lay flat to dry. Imported.","Women > Bags, Scarves & More","[""Havana Yellow"", ""Off white stripe"", ""Black gingham"", ""Navy polka dot"", ""Primrose pink"", ""Black"", ""Gasoline green"", ""Tangerine"", ""Moonstone blue"", ""Neon pink glow"", ""Havana yellow""]","Soft, overdyed cotton tote bag. Shoulder straps. Snap button closure. Outer and inner patch pocket. Embroidered mini Gap arch logo at front. Assorted colors & prints. #876406","Dimensions: 14.6"" H x 6.7"" W x 20"" L",4,https://www.gap.com/webcontent/0061/502/377/cn61502377.jpg,"[""https://www.gap.com/webcontent/0061/502/377/cn61502377.jpg"", ""https://www.gap.com/webcontent/0061/578/294/cn61578294.jpg"", ""https://www.gap.com/webcontent/0061/501/908/cn61501908.jpg"", ""https://www.gap.com/webcontent/0061/501/945/cn61501945.jpg""]",True,100% Cotton.,Gap Logo Tote Bag,USD,32.0,54.95,876406152,https://www.gap.com/browse/product.do?pid=876406152&vid=REGULAR&searchText=bag,,16,16,2026-02-24T05:55:17Z,876406152,Gap
In stock,4.86,Gap,Wipe clean. Imported.,Women > Bags & Bag Charms,"[""Super Pink Neon"", ""Heather grey logo"", ""Modern red logo"", ""Super pink neon""]",This keychain charm is made of soft knit and faux fur with a metal key ring. Embroidered bear detail and Gap logo at front. This product was made in a factory that invests in gender equity and women’s empowerment through RISE. Learn more atgapinc.com/equity. Product #830127,,6,https://www.gap.com/webcontent/0060/416/055/cn60416055.jpg,"[""https://www.gap.com/webcontent/0060/416/055/cn60416055.jpg"", ""https://www.gap.com/webcontent/0060/414/183/cn60414183.jpg"", ""https://www.gap.com/webcontent/0060/414/454/cn60414454.jpg"", ""https://www.gap.com/webcontent/0060/416/018/cn60416018.jpg"", ""https://www.gap.com/webcontent/0060/414/155/cn60414155.jpg"", ""https://www.gap.com/webcontent/0060/414/428/cn60414428.jpg""]",True,Bear: 100% Polyester.,Brannan Bear Hoodie Keychain Charm,USD,11.0,19.95,830127022,https://www.gap.com/browse/product.do?pid=830127022&vid=REGULAR&searchText=bag,,35,35,2026-02-24T05:55:38Z,830127022,Gap
In stock,4.5,Gap,"Machine wash cold, gentle cycle. Lay flat to dry. Imported.","Women > Bags, Scarves & More","[""Tangerine"", ""Off white stripe"", ""Black gingham"", ""Navy polka dot"", ""Primrose pink"", ""Black"", ""Gasoline green"", ""Moonstone blue"", ""Neon pink glow"", ""Havana yellow""]","Soft, overdyed cotton tote bag. Shoulder straps. Snap button closure. Outer and inner patch pocket. Embroidered mini Gap arch logo at front. Assorted colors & prints. #876406","Dimensions: 14.6"" H x 6.7"" W x 20"" L",4,https://www.gap.com/webcontent/0061/624/045/cn61624045.jpg,"[""https://www.gap.com/webcontent/0061/624/045/cn61624045.jpg"", ""https://www.gap.com/webcontent/0061/624/088/cn61624088.jpg"", ""https://www.gap.com/webcontent/0061/624/075/cn61624075.jpg"", ""https://www.gap.com/webcontent/0061/624/079/cn61624079.jpg""]",True,100% Cotton.,Gap Logo Tote Bag,USD,35.0,59.95,876406142,https://www.gap.com/browse/product.do?pid=876406142&vid=REGULAR&searchText=bag,,16,16,2026-02-24T05:55:59Z,876406142,Gap
In stock,4.5,Gap,"Machine wash cold, gentle cycle. Lay flat to dry. Imported.","Women > Bags, Scarves & More","[""Black Gingham"", ""Off white stripe"", ""Black gingham"", ""Navy polka dot"", ""Primrose pink"", ""Black"", ""Gasoline green"", ""Tangerine"", ""Moonstone blue"", ""Neon pink glow"", ""Havana yellow""]","Soft, overdyed cotton tote bag. Shoulder straps. Snap button closure. Outer and inner patch pocket. Embroidered mini Gap arch logo at front. Assorted colors & prints. #876406","Dimensions: 14.6"" H x 6.7"" W x 20"" L",4,https://www.gap.com/webcontent/0061/879/033/cn61879033.jpg,"[""https://www.gap.com/webcontent/0061/879/033/cn61879033.jpg"", ""https://www.gap.com/webcontent/0061/644/654/cn61644654.jpg"", ""https://www.gap.com/webcontent/0061/864/495/cn61864495.jpg"", ""https://www.gap.com/webcontent/0061/518/781/cn61518781.jpg""]",False,100% Cotton.,Gap Logo Tote Bag,USD,59.95,59.95,876406082,https://www.gap.com/browse/product.do?pid=876406082&vid=REGULAR&searchText=bag,,16,16,2026-02-24T05:56:20Z,876406082,Gap
In stock,4.8,Gap,Wipe clean. Imported.,Girls > Shop All Accessories,"[""Pink""]","Soft, quilted cotton-nylon blend weekender bag. Handle at top. Adjustable shoulder strap. Zipper closure at main compartment and front pocket. Side water bottle pockets. This product was made in a factory that invests in gender equality and women’s empowerment. Through RISE (Reimagining Industry to Support Equality) and Gap Inc.’s program P.A.C.E. (Personal Advancement & Career Enhancement), we support people who make our clothes to build the skills, knowledge, confidence, and resilience needed to advance in work and life. Learn morehere. #523130","Dimensions: 12.5""H x 5.5"" W x 14"" L",4,https://www.gap.com/webcontent/0056/071/943/cn56071943.jpg,"[""https://www.gap.com/webcontent/0056/071/943/cn56071943.jpg"", ""https://www.gap.com/webcontent/0056/071/045/cn56071045.jpg"", ""https://www.gap.com/webcontent/0056/071/022/cn56071022.jpg"", ""https://www.gap.com/webcontent/0056/071/034/cn56071034.jpg""]",True,"70% Cotton, 30% Nylon.",Kids Quilted Weekender Bag,USD,34.0,69.95,523130002,https://www.gap.com/browse/product.do?pid=523130002&vid=REGULAR&searchText=bag,,71,71,2026-02-24T05:56:41Z,523130002,Gap
In stock,4.42,Gap,Spot clean. Imported.,"Women > Bags, Scarves & More","[""Chocolate Cake Brown"", ""Olive green"", ""Dark navy blue"", ""Sandy taupe beige"", ""True black"", ""Chocolate cake brown""]",Soft vegan suede bucket bag. Shoulder strap. Inner pockets. Zippered mini bag inside. #761387,,4,https://www.gap.com/webcontent/0059/698/588/cn59698588.jpg,"[""https://www.gap.com/webcontent/0059/698/588/cn59698588.jpg"", ""https://www.gap.com/webcontent/0060/430/738/cn60430738.jpg"", ""https://www.gap.com/webcontent/0059/697/252/cn59697252.jpg"", ""https://www.gap.com/webcontent/0059/697/248/cn59697248.jpg""]",True,Polyester 100%,Vegan Suede Bucket Bag,USD,37.0,74.95,761387002,https://www.gap.com/browse/product.do?pid=761387002&vid=REGULAR&searchText=bag,,100,100,2026-02-24T05:57:02Z,761387002,Gap
In stock,4.42,Gap,Spot clean. Imported.,"Women > Bags, Scarves & More","[""True Black"", ""Olive green"", ""Dark navy blue"", ""Sandy taupe beige"", ""True black"", ""Chocolate cake brown""]",Soft vegan suede bucket bag. Shoulder strap. Inner pockets. Zippered mini bag inside. #761387,,5,https://www.gap.com/webcontent/0061/184/787/cn61184787.jpg,"[""https://www.gap.com/webcontent/0061/184/787/cn61184787.jpg"", ""https://www.gap.com/webcontent/0061/374/222/cn61374222.jpg"", ""https://www.gap.com/webcontent/0061/182/878/cn61182878.jpg"", ""https://www.gap.com/webcontent/0061/182/881/cn61182881.jpg"", ""https://www.gap.com/webcontent/0061/182/894/cn61182894.jpg""]",True,Polyester 100%,Vegan Suede Bucket Bag,USD,44.0,74.95,761387052,https://www.gap.com/browse/product.do?pid=761387052&vid=REGULAR&searchText=bag,,100,100,2026-02-24T05:57:23Z,761387052,Gap
In stock,4.62,Gap,Wipe clean. Imported.,"Women > Bags, Scarves & More","[""True Black"", ""Chocolate cake brown"", ""Honey brown"", ""True black""]","Soft vegan suede slouchy tote bag. Handle at top. This product was made in a factory that runs the Gap Inc. P.A.C.E. (Personal Advancement & Career Enhancement) program. P.A.C.E. is our educational program that helps the women who make our clothes build the skills, knowledge, confidence & resilience needed to advance in work & life. Learn morehere. #503844","Dimensions: 15""H x 4"" W x 17"" L",2,https://www.gap.com/webcontent/0060/417/412/cn60417412.jpg,"[""https://www.gap.com/webcontent/0060/417/412/cn60417412.jpg"", ""https://www.gap.com/webcontent/0060/413/526/cn60413526.jpg""]",True,Polyester 100%,Vegan Suede Slouchy Tote Bag,USD,27.0,69.95,503844052,https://www.gap.com/browse/product.do?pid=503844052&vid=REGULAR&searchText=bag,,1055,1055,2026-02-24T05:57:44Z,503844052,Gap
In stock,4.77,Gap,"Machine wash cold, gentle cycle. Lay flat to dry. Imported.","Women > Bags, Scarves & More","[""Blue Denim Wash"", ""Blue denim wash"", ""Tomato red"", ""White denim""]","Soft cotton denim tote bag. Shoulder straps at top. Snap button closure. Inner and outer pocket. Allover stripes. Responsibly Made:This tote bag is part of our Washwell program, which uses at least 20% less water as compared with conventional wash methods. We’ve saved over a billion liters of water through Washwell since 2016. This product was made in a factory that invests in gender equality and women’s empowerment. Through RISE (Reimagining Industry to Support Equality) and Gap Inc.’s program P.A.C.E. (Personal Advancement & Career Enhancement), we support people who make our clothes to build the skills, knowledge, confidence, and resilience needed to advance in work and life. Learn morehere. #681968","Dimensions: 12"" H x 7"" W x 19"" L",3,https://www.gap.com/webcontent/0057/498/615/cn57498615.jpg,"[""https://www.gap.com/webcontent/0057/498/615/cn57498615.jpg"", ""https://www.gap.com/webcontent/0057/498/967/cn57498967.jpg"", ""https://www.gap.com/webcontent/0057/498/966/cn57498966.jpg""]",False,100% Cotton.,Denim Stripe Tote Bag,USD,54.95,54.95,681968002,https://www.gap.com/browse/product.do?pid=681968002&vid=REGULAR&searchText=bag,,594,594,2026-02-24T05:58:05Z,681968002,Gap
In stock,5.0,Gap,Spot clean. Imported.,"Women > Bags, Scarves & More","[""Multi Color Happy Stripe"", ""Multi color happy stripe""]",This keychain charm is made of soft knit and faux fur with a metal key ring. Embroidered bear detail at front with allover stripes at crewneck sweater. #894583,,2,https://www.gap.com/webcontent/0061/519/686/cn61519686.jpg,"[""https://www.gap.com/webcontent/0061/519/686/cn61519686.jpg"", ""https://www.gap.com/webcontent/0061/519/689/cn61519689.jpg""]",True,Bear: 100% Polyester Cozy Sherpa.,Brannan Bear Sweater Keychain Charm,USD,11.0,19.95,894583002,https://www.gap.com/browse/product.do?pid=894583002&vid=REGULAR&searchText=bag,,1,1,2026-02-24T05:58:26Z,894583002,Gap
In stock,4.77,Gap,"Machine wash cold, gentle cycle. Lay flat to dry. Imported.","Women > Bags, Scarves & More","[""White Denim"", ""Blue denim wash"", ""Tomato red"", ""White denim""]","Soft cotton denim tote bag. Shoulder straps. Snap button closure. Outer and inner patch pockets. Embroidered mini Gap arch logo at front. White wash. Responsibly Made:This tote bag is part of our Washwell program, which uses at least 20% less water as compared with conventional wash methods. We’ve saved over a billion liters of water through Washwell since 2016. This product was made in a factory that invests in gender equality and women’s empowerment. Through RISE (Reimagining Industry to Support Equality) and Gap Inc.’s program P.A.C.E. (Personal Advancement & Career Enhancement), we support people who make our clothes to build the skills, knowledge, confidence, and resilience needed to advance in work and life. Learn morehere. #681974","Dimensions: 13"" H x 7"" W x 22.5"" L",3,https://www.gap.com/webcontent/0057/525/117/cn57525117.jpg,"[""https://www.gap.com/webcontent/0057/525/117/cn57525117.jpg"", ""https://www.gap.com/webcontent/0057/524/418/cn57524418.jpg"", ""https://www.gap.com/webcontent/0057/524/422/cn57524422.jpg""]",True,100% Cotton.,Gap Denim Logo Tote Bag,USD,27.0,54.95,681974002,https://www.gap.com/browse/product.do?pid=681974002&vid=REGULAR&searchText=bag,,594,594,2026-02-24T05:58:47Z,681974002,Gap
In stock,5.0,Gap,Lining: 100% Polyester. Wipe clean. Imported.,Girls > Shop All Accessories,"[""Orchid""]","Soft, quilted cotton-blend duffel bag. Adjustable, removable shoulder strap. Handles at top, zip top closure. Exterior and interior patch pockets. Colorblock design. Fully lined. #820468","Dimensions: 9.4"" H x 7.5"" W x 16.5"" L",1,https://www.gap.com/webcontent/0059/961/248/cn59961248.jpg,"[""https://www.gap.com/webcontent/0059/961/248/cn59961248.jpg""]",True,"Outer: 70% Cotton, 30% Nylon.",Kids Quilted Colorblock Duffel Bag,USD,34.0,69.95,820468002,https://www.gap.com/browse/product.do?pid=820468002&vid=REGULAR&searchText=bag,,10,10,2026-02-24T05:59:09Z,820468002,Gap
In stock,4.67,Gap,Sleep mask & shirt: 100% Polyester. Spot clean. Imported.,"Women > Bags, Scarves & More","[""Blue & White Stripe"", ""Blue & white stripe""]",This keychain charm is made of soft knit and faux fur with a metal key ring. Embroidered bear detail at front with allover stripes at sleep mask and PJ shirt. #894576,,2,https://www.gap.com/webcontent/0061/456/364/cn61456364.jpg,"[""https://www.gap.com/webcontent/0061/456/364/cn61456364.jpg"", ""https://www.gap.com/webcontent/0061/455/813/cn61455813.jpg""]",True,Bear: 100% Polyester Cozy Sherpa.,Brannan Bear Sleep Keychain Charm,USD,11.0,19.95,894576002,https://www.gap.com/browse/product.do?pid=894576002&vid=REGULAR&searchText=bag,,3,3,2026-02-24T05:59:30Z,894576002,Gap
In stock,3.44,Gap,Spot clean. Imported.,Girls > Shop All Accessories,"[""Leopard""]",Soft quilted weekender bag. Shoulder strap and handles at top. Zipper closure. Pockets at front. Allover leopard or floral prints. #820443,"Dimensions: 9.45"" H x 9.45"" W x 18.11"" L",1,https://www.gap.com/webcontent/0060/366/819/cn60366819.jpg,"[""https://www.gap.com/webcontent/0060/366/819/cn60366819.jpg""]",True,100% Polyester.,Kids Quilted Weekender Bag,USD,27.0,69.95,820443012,https://www.gap.com/browse/product.do?pid=820443012&vid=REGULAR&searchText=bag,,16,16,2026-02-24T05:59:52Z,820443012,Gap
In stock,5.0,Gap,"Machine wash cold, gentle cycle. Lay flat to dry. Imported.","Women > Bags, Scarves & More","[""White Denim"", ""White denim""]","Authentic non-stretch denim tote bag. Shoulder straps. Snap button closure. Outer and inner patch pockets. Embroidered Brannan Bear with Gap arch logo. White wash. This pair of denim tote is part of our water-saving Washwell program. Compared with conventional wash methods, Washwell uses at least 20% less water. #872177","Dimensions: 13.5"" H x 7"" W x 21"" L",5,https://www.gap.com/webcontent/0060/681/835/cn60681835.jpg,"[""https://www.gap.com/webcontent/0060/681/835/cn60681835.jpg"", ""https://www.gap.com/webcontent/0060/939/679/cn60939679.jpg"", ""https://www.gap.com/webcontent/0060/679/090/cn60679090.jpg"", ""https://www.gap.com/webcontent/0060/679/096/cn60679096.jpg"", ""https://www.gap.com/webcontent/0060/679/100/cn60679100.jpg""]",True,Cotton 100%,Brannan Bear Logo Denim Tote Bag,USD,47.0,59.95,872177002,https://www.gap.com/browse/product.do?pid=872177002&vid=REGULAR&searchText=bag,,7,7,2026-02-24T06:00:14Z,872177002,Gap
In stock,3.0,Gap,Spot clean. Imported.,Men > Bags,"[""Brown"", ""olive"", ""BROWN""]",Waxed cotton canvas tote bag. Shoulder and hand straps at top. Snap button closure. Gap label at front. #876513,"Dimensions: 12.5"" H x 8"" W x 22.5"" L",4,https://www.gap.com/webcontent/0061/456/205/cn61456205.jpg,"[""https://www.gap.com/webcontent/0061/456/205/cn61456205.jpg"", ""https://www.gap.com/webcontent/0061/453/920/cn61453920.jpg"", ""https://www.gap.com/webcontent/0061/456/198/cn61456198.jpg"", ""https://www.gap.com/webcontent/0061/453/912/cn61453912.jpg""]",True,100% Cotton.,Waxed Canvas Tote Bag,USD,44.0,74.95,876513032,https://www.gap.com/browse/product.do?pid=876513032&vid=REGULAR&searchText=bag,True,2,2,2026-02-24T06:00:35Z,876513032,Gap
In stock,4.62,Gap,Wipe clean. Imported.,"Women > Bags, Scarves & More","[""Honey Brown"", ""Chocolate cake brown"", ""Honey brown"", ""True black""]","Soft vegan suede slouchy tote bag. Handle at top. This product was made in a factory that runs the Gap Inc. P.A.C.E. (Personal Advancement & Career Enhancement) program. P.A.C.E. is our educational program that helps the women who make our clothes build the skills, knowledge, confidence & resilience needed to advance in work & life. Learn morehere. #503844","Dimensions: 15""H x 4"" W x 17"" L",4,https://www.gap.com/webcontent/0060/362/381/cn60362381.jpg,"[""https://www.gap.com/webcontent/0060/362/381/cn60362381.jpg"", ""https://www.gap.com/webcontent/0060/351/225/cn60351225.jpg"", ""https://www.gap.com/webcontent/0060/362/406/cn60362406.jpg"", ""https://www.gap.com/webcontent/0059/495/619/cn59495619.jpg""]",True,Polyester 100%,Vegan Suede Slouchy Tote Bag,USD,27.0,69.95,503844042,https://www.gap.com/browse/product.do?pid=503844042&vid=REGULAR&searchText=bag,,1055,1055,2026-02-24T06:00:56Z,503844042,Gap
In stock,4.86,Gap,Wipe clean. Imported.,Women > Bags & Bag Charms,"[""Modern Red Logo"", ""Heather grey logo"", ""Modern red logo"", ""Super pink neon""]",This keychain charm is made of soft knit and faux fur with a metal key ring. Embroidered bear detail and Gap logo at front. This product was made in a factory that invests in gender equity and women’s empowerment through RISE. Learn more atgapinc.com/equity. Product #830127,,6,https://www.gap.com/webcontent/0060/519/081/cn60519081.jpg,"[""https://www.gap.com/webcontent/0060/519/081/cn60519081.jpg"", ""https://www.gap.com/webcontent/0060/518/480/cn60518480.jpg"", ""https://www.gap.com/webcontent/0061/315/011/cn61315011.jpg"", ""https://www.gap.com/webcontent/0060/519/057/cn60519057.jpg"", ""https://www.gap.com/webcontent/0060/518/469/cn60518469.jpg"", ""https://www.gap.com/webcontent/0061/315/005/cn61315005.jpg""]",True,Bear: 100% Polyester.,Brannan Bear Hoodie Keychain Charm,USD,11.0,19.95,830127012,https://www.gap.com/browse/product.do?pid=830127012&vid=REGULAR&searchText=bag,,35,35,2026-02-24T06:01:17Z,830127012,Gap
In stock,4.77,Gap,"Machine wash cold, gentle cycle. Lay flat to dry. Imported.","Women > Bags, Scarves & More","[""Tomato Red"", ""Blue denim wash"", ""Tomato red"", ""White denim""]","Soft, overdyed cotton tote bag. Shoulder straps. Outer and inner patch pockets. Embroidered mini Gap arch logo at front. Assorted colors. This product was made in a factory that invests in gender equality and women’s empowerment. Through RISE (Reimagining Industry to Support Equality) and Gap Inc.’s program P.A.C.E. (Personal Advancement & Career Enhancement), we support people who make our clothes to build the skills, knowledge, confidence, and resilience needed to advance in work and life. Learn morehere. #681976","Dimensions: 14.5"" H x 7"" W x 20"" L",5,https://www.gap.com/webcontent/0061/121/188/cn61121188.jpg,"[""https://www.gap.com/webcontent/0061/121/188/cn61121188.jpg"", ""https://www.gap.com/webcontent/0061/289/783/cn61289783.jpg"", ""https://www.gap.com/webcontent/0061/120/209/cn61120209.jpg"", ""https://www.gap.com/webcontent/0061/120/223/cn61120223.jpg"", ""https://www.gap.com/webcontent/0061/120/232/cn61120232.jpg""]",False,100% Cotton.,Gap Logo Tote Bag,USD,49.95,49.95,681976202,https://www.gap.com/browse/product.do?pid=681976202&vid=REGULAR&searchText=bag,,594,594,2026-02-24T06:01:39Z,681976202,Gap
In stock,0.0,Gap,Spot clean. Imported.,"Women > Bags, Scarves & More","[""White""]",This keychain charm is made of soft knit and faux fur with a metal key ring. Embroidered bear detail and Gap logo at front. This product was made in a factory that invests in gender equity and women’s empowerment through RISE. Learn more atgapinc.com/equity. #876262,,3,https://www.gap.com/webcontent/0061/645/812/cn61645812.jpg,"[""https://www.gap.com/webcontent/0061/645/812/cn61645812.jpg"", ""https://www.gap.com/webcontent/0061/644/615/cn61644615.jpg"", ""https://www.gap.com/webcontent/0061/657/452/cn61657452.jpg""]",True,100% Polyester Cozy Sherpa.,Brannan Bear T-Shirt Keychain Charm,USD,9.0,19.95,876262002,https://www.gap.com/browse/product.do?pid=876262002&vid=REGULAR&searchText=bag,,0,0,2026-02-24T06:02:00Z,876262002,Gap
In stock,4.25,Gap,Machine wash. Imported.,"Women > Bags, Scarves & More","[""Medium Wash"", ""Black"", ""Medium wash""]","Authentic denim tote bag. Shoulder and hand straps at top. Oversized patch pocket at front. Responsibly Made: This bag is part of our water-saving Washwell program. Compared with conventional wash methods, Washwell uses at least 20% less water. #890432",,2,https://www.gap.com/webcontent/0060/784/392/cn60784392.jpg,"[""https://www.gap.com/webcontent/0060/784/392/cn60784392.jpg"", ""https://www.gap.com/webcontent/0060/932/959/cn60932959.jpg""]",True,Cotton 100%,Denim Tote Bag,USD,41.0,59.95,890432002,https://www.gap.com/browse/product.do?pid=890432002&vid=REGULAR&searchText=bag,,16,16,2026-02-24T06:02:21Z,890432002,Gap
In stock,0.0,Gap,"Black White Stripe: 74% Polyester, 14% Cotton, 9% Rayon. Black: 68% Polyester, 18% Cotton, 10% Rayon. Natural: 85% Polyester, 7% Cotton, 5% Rayon. Spot clean. Imported.","Women > Bags, Scarves & More","[""Rainbow Stripe"", ""Terra brown"", ""Natural"", ""Rainbow stripe"", ""Black"", ""Black and white""]",This tote bag is made with a crochet knit cotton outer. Vegan leather shoulder straps. Snap button closure. Inner patch pocket. Certain styles have allover stripes. #876392,"Dimensions: 12"" L × 16” H.",4,https://www.gap.com/webcontent/0061/456/250/cn61456250.jpg,"[""https://www.gap.com/webcontent/0061/456/250/cn61456250.jpg"", ""https://www.gap.com/webcontent/0061/931/260/cn61931260.jpg"", ""https://www.gap.com/webcontent/0061/931/271/cn61931271.jpg"", ""https://www.gap.com/webcontent/0061/931/300/cn61931300.jpg""]",True,"Chocolate Brown: 67% Polyester, 21% Cotton, 10% Rayon.",Crochet Tote Bag,USD,55.0,69.95,876392022,https://www.gap.com/browse/product.do?pid=876392022&vid=REGULAR&searchText=bag,,0,0,2026-02-24T06:02:42Z,876392022,Gap
In stock,4.23,Gap,Spot clean. Imported.,"Women > Bags, Scarves & More","[""Black"", ""Chocolate cake brown"", ""Honey brown""]",Soft vegan suede barrel bag. Zipper at top. Shoulder strap. #789158,,2,https://www.gap.com/webcontent/0059/702/480/cn59702480.jpg,"[""https://www.gap.com/webcontent/0059/702/480/cn59702480.jpg"", ""https://www.gap.com/webcontent/0060/652/888/cn60652888.jpg""]",True,Polyester 100%,Vegan Suede Barrel Bag,USD,24.0,49.95,789158012,https://www.gap.com/browse/product.do?pid=789158012&vid=REGULAR&searchText=bag,,22,22,2026-02-24T06:03:04Z,789158012,Gap
In stock,5.0,Gap,Spot clean. Imported.,Women > Bags & Bag Charms,"[""Standout Pink"", ""Red polka dot"", ""Tangerine"", ""Dark navy blue"", ""Standout pink"", ""Light denim"", ""Modern red"", ""Moonstone blue"", ""Black gingham"", ""primrose pink"", ""Navy polka dot"", ""Moonless night"", ""Neon pink glow"", ""Havana yellow"", ""Gasoline green"", ""White denim""]",Soft canvas cotton logo tote bag keychain charm. #830138,,6,https://www.gap.com/webcontent/0059/961/346/cn59961346.jpg,"[""https://www.gap.com/webcontent/0059/961/346/cn59961346.jpg"", ""https://www.gap.com/webcontent/0059/959/805/cn59959805.jpg"", ""https://www.gap.com/webcontent/0060/414/489/cn60414489.jpg"", ""https://www.gap.com/webcontent/0059/961/326/cn59961326.jpg"", ""https://www.gap.com/webcontent/0059/959/792/cn59959792.jpg"", ""https://www.gap.com/webcontent/0060/414/457/cn60414457.jpg""]",True,100% Cotton,Logo Tote Keychain Charm,USD,11.0,19.95,830138012,https://www.gap.com/browse/product.do?pid=830138012&vid=REGULAR&searchText=bag,,22,22,2026-02-24T06:03:25Z,830138012,Gap
In stock,4.42,Gap,Spot clean. Imported.,"Women > Bags, Scarves & More","[""Dark Navy Blue"", ""Olive green"", ""Dark navy blue"", ""Sandy taupe beige"", ""True black"", ""Chocolate cake brown""]",Soft vegan suede bucket bag. Shoulder strap. Inner pockets. Zippered mini bag inside. #761387,,2,https://www.gap.com/webcontent/0059/698/589/cn59698589.jpg,"[""https://www.gap.com/webcontent/0059/698/589/cn59698589.jpg"", ""https://www.gap.com/webcontent/0060/553/704/cn60553704.jpg""]",True,Polyester 100%,Vegan Suede Bucket Bag,USD,59.0,74.95,761387032,https://www.gap.com/browse/product.do?pid=761387032&vid=REGULAR&searchText=bag,,100,100,2026-02-24T06:03:46Z,761387032,Gap
In stock,1.0,Gap,Hand wash. Lay flat to dry. Imported.,Girls > Shop All Accessories,"[""Pink Blush"", ""Pink blush""]","This duffle bag is made with a nylon upper. Adjustable, removable shoulder strap. Handles at top, zip top closure. Luggage sleeve at back. Allover embroidered Hello Kitty bow graphics. #883723","Dimensions: 10.5"" H x 18"" L x 9.75"" W",3,https://www.gap.com/webcontent/0061/692/725/cn61692725.jpg,"[""https://www.gap.com/webcontent/0061/692/725/cn61692725.jpg"", ""https://www.gap.com/webcontent/0061/697/462/cn61697462.jpg"", ""https://www.gap.com/webcontent/0061/697/469/cn61697469.jpg""]",True,100% Nylon.,Kids Hello Kitty Duffle Bag,USD,53.0,89.95,883723002,https://www.gap.com/browse/product.do?pid=883723002&vid=REGULAR&searchText=bag,,2,2,2026-02-24T06:04:07Z,883723002,Gap
In stock,3.8,Gap,Spot clean. Imported.,Girls > Shop All Accessories,"[""Black""]",Soft quilted weekender bag. Shoulder strap and handles at top. Zipper closure. Pockets at front. Allover Brannan Bear print. #865135,"Dimensions: 9.45"" H x 9.45"" W x 18.11"" L",2,https://www.gap.com/webcontent/0061/136/135/cn61136135.jpg,"[""https://www.gap.com/webcontent/0061/136/135/cn61136135.jpg"", ""https://www.gap.com/webcontent/0061/135/373/cn61135373.jpg""]",True,100% Polyester.,Kids Quilted Brannan Bear Weekender Bag,USD,27.0,69.95,865135002,https://www.gap.com/browse/product.do?pid=865135002&vid=REGULAR&searchText=bag,,5,5,2026-02-24T06:04:28Z,865135002,Gap
,4.69,Gap,Spot clean. Imported.,"Women > Bags, Scarves & More","[""New Navy Blue"", ""Chino beige"", ""New navy blue""]",Soft cotton canvas tote bag. Shoulder straps. Gap Classic arch logo at front. #789165,,4,https://www.gap.com/webcontent/0059/776/568/cn59776568.jpg,"[""https://www.gap.com/webcontent/0059/776/568/cn59776568.jpg"", ""https://www.gap.com/webcontent/0060/362/397/cn60362397.jpg"", ""https://www.gap.com/webcontent/0059/775/235/cn59775235.jpg"", ""https://www.gap.com/webcontent/0059/775/257/cn59775257.jpg""]",True,Cotton 100%,Varsity Logo Tote Bag,USD,24.99,54.95,789165012,https://www.gap.com/browse/product.do?pid=789165012&vid=REGULAR&searchText=bag,,26,26,2026-02-24T06:04:50Z,789165012,Gap
In stock,5.0,Gap,Spot clean. Imported.,Women > Bags & Bag Charms,"[""Red Polka Dot"", ""Red polka dot"", ""Tangerine"", ""Dark navy blue"", ""Standout pink"", ""Light denim"", ""Modern red"", ""Moonstone blue"", ""Black gingham"", ""primrose pink"", ""Navy polka dot"", ""Moonless night"", ""Neon pink glow"", ""Havana yellow"", ""Gasoline green"", ""White denim""]",Soft canvas cotton logo tote bag keychain charm. #830138,,6,https://www.gap.com/webcontent/0061/518/444/cn61518444.jpg,"[""https://www.gap.com/webcontent/0061/518/444/cn61518444.jpg"", ""https://www.gap.com/webcontent/0061/518/383/cn61518383.jpg"", ""https://www.gap.com/webcontent/0061/518/408/cn61518408.jpg"", ""https://www.gap.com/webcontent/0061/518/416/cn61518416.jpg"", ""https://www.gap.com/webcontent/0061/518/374/cn61518374.jpg"", ""https://www.gap.com/webcontent/0061/518/399/cn61518399.jpg""]",True,100% Cotton,Logo Tote Keychain Charm,USD,15.0,19.95,830138052,https://www.gap.com/browse/product.do?pid=830138052&vid=REGULAR&searchText=bag,,22,22,2026-02-24T06:05:11Z,830138052,Gap
In stock,4.42,Gap,Spot clean. Imported.,"Women > Bags, Scarves & More","[""Sandy Taupe Beige"", ""Olive green"", ""Dark navy blue"", ""Sandy taupe beige"", ""True black"", ""Chocolate cake brown""]",Soft vegan suede bucket bag. Shoulder strap. Inner pockets. Zippered mini bag inside. #761387,,2,https://www.gap.com/webcontent/0059/698/590/cn59698590.jpg,"[""https://www.gap.com/webcontent/0059/698/590/cn59698590.jpg"", ""https://www.gap.com/webcontent/0060/535/356/cn60535356.jpg""]",True,Polyester 100%,Vegan Suede Bucket Bag,USD,59.0,74.95,761387042,https://www.gap.com/browse/product.do?pid=761387042&vid=REGULAR&searchText=bag,,100,100,2026-02-24T06:05:33Z,761387042,Gap
In stock,4.42,Gap,Spot clean. Imported.,"Women > Bags, Scarves & More","[""Olive Green"", ""Olive green"", ""Dark navy blue"", ""Sandy taupe beige"", ""True black"", ""Chocolate cake brown""]",Soft vegan suede bucket bag. Shoulder strap. Inner pockets. Zippered mini bag inside. #761387,,1,https://www.gap.com/webcontent/0060/652/889/cn60652889.jpg,"[""https://www.gap.com/webcontent/0060/652/889/cn60652889.jpg""]",True,Polyester 100%,Vegan Suede Bucket Bag,USD,67.0,74.95,761387012,https://www.gap.com/browse/product.do?pid=761387012&vid=REGULAR&searchText=bag,,100,100,2026-02-24T06:05:54Z,761387012,Gap
In stock,4.86,Gap,Wipe clean. Imported.,Women > Bags & Bag Charms,"[""Heather Grey Logo"", ""Heather grey logo"", ""Modern red logo"", ""Super pink neon""]",This keychain charm is made of soft knit and faux fur with a metal key ring. Embroidered bear detail and Gap logo at front. This product was made in a factory that invests in gender equity and women’s empowerment through RISE. Learn more atgapinc.com/equity. Product #830127,,8,https://www.gap.com/webcontent/0060/625/996/cn60625996.jpg,"[""https://www.gap.com/webcontent/0060/625/996/cn60625996.jpg"", ""https://www.gap.com/webcontent/0060/557/833/cn60557833.jpg"", ""https://www.gap.com/webcontent/0060/584/201/cn60584201.jpg"", ""https://www.gap.com/webcontent/0061/314/890/cn61314890.jpg"", ""https://www.gap.com/webcontent/0060/625/989/cn60625989.jpg"", ""https://www.gap.com/webcontent/0060/557/821/cn60557821.jpg"", ""https://www.gap.com/webcontent/0060/584/194/cn60584194.jpg"", ""https://www.gap.com/webcontent/0061/314/886/cn61314886.jpg""]",True,Bear: 100% Polyester.,Brannan Bear Hoodie Keychain Charm,USD,17.0,19.95,830127002,https://www.gap.com/browse/product.do?pid=830127002&vid=REGULAR&searchText=bag,,35,35,2026-02-24T06:06:16Z,830127002,Gap
In stock,5.0,Gap,Spot clean. Imported.,Women > Bags & Bag Charms,"[""Neon Pink Glow"", ""Red polka dot"", ""Tangerine"", ""Dark navy blue"", ""Standout pink"", ""Light denim"", ""Modern red"", ""Moonstone blue"", ""Black gingham"", ""primrose pink"", ""Navy polka dot"", ""Moonless night"", ""Neon pink glow"", ""Havana yellow"", ""Gasoline green"", ""White denim""]",Soft canvas cotton logo tote bag keychain charm. #830138,,6,https://www.gap.com/webcontent/0061/518/535/cn61518535.jpg,"[""https://www.gap.com/webcontent/0061/518/535/cn61518535.jpg"", ""https://www.gap.com/webcontent/0061/518/470/cn61518470.jpg"", ""https://www.gap.com/webcontent/0061/518/495/cn61518495.jpg"", ""https://www.gap.com/webcontent/0061/518/506/cn61518506.jpg"", ""https://www.gap.com/webcontent/0061/518/460/cn61518460.jpg"", ""https://www.gap.com/webcontent/0061/518/484/cn61518484.jpg""]",True,100% Cotton,Logo Tote Keychain Charm,USD,11.0,19.95,830138172,https://www.gap.com/browse/product.do?pid=830138172&vid=REGULAR&searchText=bag,,22,22,2026-02-24T06:06:37Z,830138172,Gap
In stock,0.0,Gap,Straps: 100% Vegan Leather. Spot clean. Imported.,"Women > Bags, Scarves & More","[""Hot Red"", ""Hot red"", ""Neon pink glow"", ""Bright meadow"", ""Mosaic blue""]",Smooth cotton canvas slouchy tote bag. Vegan leather shoulder straps at top. Snap tab button closure. Gap logo at front. #876391,"Dimensions: 15""H x 9"" W x 22"" L",4,https://www.gap.com/webcontent/0061/456/152/cn61456152.jpg,"[""https://www.gap.com/webcontent/0061/456/152/cn61456152.jpg"", ""https://www.gap.com/webcontent/0061/896/350/cn61896350.jpg"", ""https://www.gap.com/webcontent/0061/454/135/cn61454135.jpg"", ""https://www.gap.com/webcontent/0061/454/185/cn61454185.jpg""]",True,100% Cotton.,Canvas Slouchy Tote Bag,USD,47.0,59.95,876391002,https://www.gap.com/browse/product.do?pid=876391002&vid=REGULAR&searchText=bag,,0,0,2026-02-24T06:06:58Z,876391002,Gap
In stock,0.0,Gap,Spot clean. Imported.,Girls > Shop All Accessories,"[""Cherry Print"", ""Cherry print""]",This weekender bag is made with a quilted upper. Top handles. Adjustable shoulder strap. Certain styles have a pom detail at hook closure. Zipper closure. Pockets at front. Assorted allover prints. Product #883722,"Dimensions: 9.45"" H x 9.45"" W x 18.11"" L",3,https://www.gap.com/webcontent/0061/830/819/cn61830819.jpg,"[""https://www.gap.com/webcontent/0061/830/819/cn61830819.jpg"", ""https://www.gap.com/webcontent/0061/932/192/cn61932192.jpg"", ""https://www.gap.com/webcontent/0061/932/197/cn61932197.jpg""]",True,100% Polyester.,Kids Quilted Weekender Bag,USD,41.0,69.95,883722002,https://www.gap.com/browse/product.do?pid=883722002&vid=REGULAR&searchText=bag,,0,0,2026-02-24T06:07:19Z,883722002,Gap
In stock,4.25,Gap,Machine wash. Imported.,"Women > Bags, Scarves & More","[""Black"", ""Medium wash""]","Authentic denim tote bag. Shoulder and hand straps at top. Oversized patch pocket at front. Responsibly Made: This bag is part of our water-saving Washwell program. Compared with conventional wash methods, Washwell uses at least 20% less water. #890432",,4,https://www.gap.com/webcontent/0060/784/370/cn60784370.jpg,"[""https://www.gap.com/webcontent/0060/784/370/cn60784370.jpg"", ""https://www.gap.com/webcontent/0060/784/450/cn60784450.jpg"", ""https://www.gap.com/webcontent/0061/255/094/cn61255094.jpg"", ""https://www.gap.com/webcontent/0060/925/258/cn60925258.jpg""]",True,Cotton 100%,Denim Tote Bag,USD,47.0,59.95,890432012,https://www.gap.com/browse/product.do?pid=890432012&vid=REGULAR&searchText=bag,,16,16,2026-02-24T06:07:41Z,890432012,Gap
In stock,4.23,Gap,Spot clean. Imported.,"Women > Bags, Scarves & More","[""Chocolate Cake Brown"", ""Chocolate cake brown"", ""Black"", ""Honey brown""]",Soft vegan suede barrel bag. Zipper at top. Shoulder strap. #789158,,4,https://www.gap.com/webcontent/0059/985/804/cn59985804.jpg,"[""https://www.gap.com/webcontent/0059/985/804/cn59985804.jpg"", ""https://www.gap.com/webcontent/0060/198/968/cn60198968.jpg"", ""https://www.gap.com/webcontent/0059/697/222/cn59697222.jpg"", ""https://www.gap.com/webcontent/0059/697/259/cn59697259.jpg""]",True,Polyester 100%,Vegan Suede Barrel Bag,USD,39.0,49.95,789158022,https://www.gap.com/browse/product.do?pid=789158022&vid=REGULAR&searchText=bag,,22,22,2026-02-24T06:08:02Z,789158022,Gap
In stock,4.67,Gap,Wipe clean. Imported.,Boys > Shop All Accessories,"[""Camo""]","Smooth woven kids duffel bag. Adjustable, removable shoulder strap. Handles at top, zip top closure. Exterior and interior patch pockets. Allover camouflage print. #820258","Dimensions: 11.5"" H x 8"" W x 19.5"" L",1,https://www.gap.com/webcontent/0059/960/977/cn59960977.jpg,"[""https://www.gap.com/webcontent/0059/960/977/cn59960977.jpg""]",True,100% Polyester.,Kids Camo Duffel Bag,USD,34.0,69.95,820258002,https://www.gap.com/browse/product.do?pid=820258002&vid=REGULAR&searchText=bag,,6,6,2026-02-24T06:08:23Z,820258002,Gap
In stock,4.67,Gap,Wipe clean. Imported.,Women > Bags & Bag Charms,"[""Standout Pink"", ""Black"", ""Standout pink"", ""Modern red""]",This keychain charm is made of plastic with a metal key ring. Hoodie design with Gap arch logo and kanga pocket. This product was made in a factory that invests in gender equity and women’s empowerment through RISE. Learn more at gapinc.com/equity. #830132,,8,https://www.gap.com/webcontent/0059/961/305/cn59961305.jpg,"[""https://www.gap.com/webcontent/0059/961/305/cn59961305.jpg"", ""https://www.gap.com/webcontent/0061/265/183/cn61265183.jpg"", ""https://www.gap.com/webcontent/0059/959/798/cn59959798.jpg"", ""https://www.gap.com/webcontent/0060/414/466/cn60414466.jpg"", ""https://www.gap.com/webcontent/0059/961/291/cn59961291.jpg"", ""https://www.gap.com/webcontent/0061/265/180/cn61265180.jpg"", ""https://www.gap.com/webcontent/0059/959/788/cn59959788.jpg"", ""https://www.gap.com/webcontent/0060/414/439/cn60414439.jpg""]",True,Polyurethane 100%,Logo Hoodie Keychain Charm,USD,7.0,14.95,830132012,https://www.gap.com/browse/product.do?pid=830132012&vid=REGULAR&searchText=bag,,9,9,2026-02-24T06:08:45Z,830132012,Gap
In stock,5.0,Gap,Wipe clean. Imported.,Boys > Shop All Accessories,"[""Navy Uniform"", ""Navy uniform""]","Smooth woven twill kids duffel bag. Adjustable, removable shoulder strap. Handles at top, zip top closure. Exterior and interior patch pockets. Gap Athletic logo with Varsity-style ""G"" and stripe detail at handles. #820257","Dimensions: 9.5"" H x 7.5"" W x 16.5"" L",2,https://www.gap.com/webcontent/0059/961/236/cn59961236.jpg,"[""https://www.gap.com/webcontent/0059/961/236/cn59961236.jpg"", ""https://www.gap.com/webcontent/0059/960/854/cn59960854.jpg""]",True,100% Polyester.,Kids Athletic Logo Duffel Bag,USD,27.0,69.95,820257002,https://www.gap.com/browse/product.do?pid=820257002&vid=REGULAR&searchText=bag,,1,1,2026-02-24T06:09:06Z,820257002,Gap
In stock,4.47,Gap,Wipe clean. Imported.,"Women > Bags, Scarves & More","[""True Black"", ""True black"", ""Red spice""]",Smooth vegan leather bucket tote bag. Adjustable shoulder strap. Snap button closure. Inner pocket. Fully lined. #761396,"Dimensions: 11.5"" L x 6.5"" W x 14.5” H.",4,https://www.gap.com/webcontent/0059/496/331/cn59496331.jpg,"[""https://www.gap.com/webcontent/0059/496/331/cn59496331.jpg"", ""https://www.gap.com/webcontent/0060/351/240/cn60351240.jpg"", ""https://www.gap.com/webcontent/0059/496/372/cn59496372.jpg"", ""https://www.gap.com/webcontent/0059/496/379/cn59496379.jpg""]",True,100% Synthetic Leather.,Vegan Leather Bucket Tote Bag,USD,62.0,69.95,761396022,https://www.gap.com/browse/product.do?pid=761396022&vid=REGULAR&searchText=bag,,53,53,2026-02-24T06:09:27Z,761396022,Gap
In stock,0.0,Gap,Straps: 100% Vegan Leather. Spot clean. Imported.,"Women > Bags, Scarves & More","[""Bright Meadow"", ""Hot red"", ""Neon pink glow"", ""Bright meadow"", ""Mosaic blue""]",Smooth cotton canvas slouchy tote bag. Vegan leather shoulder straps at top. Snap tab button closure. Gap logo at front. #876391,"Dimensions: 15""H x 9"" W x 22"" L",4,https://www.gap.com/webcontent/0061/456/170/cn61456170.jpg,"[""https://www.gap.com/webcontent/0061/456/170/cn61456170.jpg"", ""https://www.gap.com/webcontent/0061/879/944/cn61879944.jpg"", ""https://www.gap.com/webcontent/0061/454/326/cn61454326.jpg"", ""https://www.gap.com/webcontent/0061/454/322/cn61454322.jpg""]",True,100% Cotton.,Canvas Slouchy Tote Bag,USD,47.0,59.95,876391022,https://www.gap.com/browse/product.do?pid=876391022&vid=REGULAR&searchText=bag,,0,0,2026-02-24T06:09:49Z,876391022,Gap
In stock,4.23,Gap,Spot clean. Imported.,"Women > Bags, Scarves & More","[""Honey Brown"", ""Chocolate cake brown"", ""Black"", ""Honey brown""]",Soft vegan suede barrel bag. Zipper at top. Shoulder strap. #789158,,2,https://www.gap.com/webcontent/0059/698/746/cn59698746.jpg,"[""https://www.gap.com/webcontent/0059/698/746/cn59698746.jpg"", ""https://www.gap.com/webcontent/0060/553/697/cn60553697.jpg""]",True,Polyester 100%,Vegan Suede Barrel Bag,USD,19.0,49.95,789158002,https://www.gap.com/browse/product.do?pid=789158002&vid=REGULAR&searchText=bag,,22,22,2026-02-24T06:10:11Z,789158002,Gap
In stock,3.0,Gap,Spot clean. Imported.,Men > Bags,"[""Olive"", ""olive"", ""BROWN""]",Waxed cotton canvas tote bag. Shoulder and hand straps at top. Snap button closure. Gap label at front. #876513,"Dimensions: 12.5"" H x 8"" W x 22.5"" L",4,https://www.gap.com/webcontent/0061/456/218/cn61456218.jpg,"[""https://www.gap.com/webcontent/0061/456/218/cn61456218.jpg"", ""https://www.gap.com/webcontent/0061/453/928/cn61453928.jpg"", ""https://www.gap.com/webcontent/0061/456/208/cn61456208.jpg"", ""https://www.gap.com/webcontent/0061/453/921/cn61453921.jpg""]",True,100% Cotton.,Waxed Canvas Tote Bag,USD,44.0,74.95,876513002,https://www.gap.com/browse/product.do?pid=876513002&vid=REGULAR&searchText=bag,True,2,2,2026-02-24T06:10:32Z,876513002,Gap
In stock,0.0,Gap,"Black White Stripe: 74% Polyester, 14% Cotton, 9% Rayon. Black: 68% Polyester, 18% Cotton, 10% Rayon. Natural: 85% Polyester, 7% Cotton, 5% Rayon. Spot clean. Imported.","Women > Bags, Scarves & More","[""Terra Brown"", ""Terra brown"", ""Natural"", ""Rainbow stripe"", ""Black"", ""Black and white""]",This tote bag is made with a crochet knit cotton outer. Vegan leather shoulder straps. Snap button closure. Inner patch pocket. Certain styles have allover stripes. #876392,"Dimensions: 12"" L × 16” H.",4,https://www.gap.com/webcontent/0061/406/122/cn61406122.jpg,"[""https://www.gap.com/webcontent/0061/406/122/cn61406122.jpg"", ""https://www.gap.com/webcontent/0061/774/693/cn61774693.jpg"", ""https://www.gap.com/webcontent/0061/404/756/cn61404756.jpg"", ""https://www.gap.com/webcontent/0061/404/812/cn61404812.jpg""]",True,"Chocolate Brown: 67% Polyester, 21% Cotton, 10% Rayon.",Crochet Tote Bag,USD,55.0,69.95,876392002,https://www.gap.com/browse/product.do?pid=876392002&vid=REGULAR&searchText=bag,,0,0,2026-02-24T06:10:53Z,876392002,Gap
In stock,4.73,Gap,Machine wash. Imported.,Men > Shop All Accessories,"[""Golden State Warriors"", ""Chicago Bulls"", ""Boston Celtics"", ""Miami Heat""]","Soft cotton canvas tote bag. Shoulder straps. Golden State Warriors graphics. This product was made in a factory that invests in gender equality and women’s empowerment. Through RISE (Reimagining Industry to Support Equality) and Gap Inc.’s program P.A.C.E. (Personal Advancement & Career Enhancement), we support people who make our clothes to build the skills, knowledge, confidence, and resilience needed to advance in work and life. Learn morehere. #773842",,3,https://www.gap.com/webcontent/0059/239/691/cn59239691.jpg,"[""https://www.gap.com/webcontent/0059/239/691/cn59239691.jpg"", ""https://www.gap.com/webcontent/0059/239/373/cn59239373.jpg"", ""https://www.gap.com/webcontent/0059/239/377/cn59239377.jpg""]",True,100% Cotton.,NBA Golden State Warriors Logo Tote Bag,USD,24.97,58.0,773842002,https://www.gap.com/browse/product.do?pid=773842002&vid=REGULAR&searchText=bag,,26,26,2026-02-24T06:11:14Z,773842002,Gap
In stock,0.0,Gap,"Black White Stripe: 74% Polyester, 14% Cotton, 9% Rayon. Black: 68% Polyester, 18% Cotton, 10% Rayon. Natural: 85% Polyester, 7% Cotton, 5% Rayon. Spot clean. Imported.","Women > Bags, Scarves & More","[""Black"", ""Terra brown"", ""Natural"", ""Rainbow stripe"", ""Black and white""]",This tote bag is made with a crochet knit cotton outer. Vegan leather shoulder straps. Snap button closure. Inner patch pocket. Certain styles have allover stripes. #876392,"Dimensions: 12"" L × 16” H.",3,https://www.gap.com/webcontent/0061/339/287/cn61339287.jpg,"[""https://www.gap.com/webcontent/0061/339/287/cn61339287.jpg"", ""https://www.gap.com/webcontent/0061/339/259/cn61339259.jpg"", ""https://www.gap.com/webcontent/0061/339/276/cn61339276.jpg""]",True,"Chocolate Brown: 67% Polyester, 21% Cotton, 10% Rayon.",Crochet Tote Bag,USD,55.0,69.95,876392032,https://www.gap.com/browse/product.do?pid=876392032&vid=REGULAR&searchText=bag,,0,0,2026-02-24T06:11:35Z,876392032,Gap
In stock,0.0,Gap,Spot clean. Imported.,"Women > Bags, Scarves & More","[""Natural Tan"", ""Natural tan""]",This tote bag is made with a straw upper. Vegan leather shoulder straps. #876409,"Dimensions: 11""H x 7"" W x 20"" L",4,https://www.gap.com/webcontent/0061/199/149/cn61199149.jpg,"[""https://www.gap.com/webcontent/0061/199/149/cn61199149.jpg"", ""https://www.gap.com/webcontent/0061/774/686/cn61774686.jpg"", ""https://www.gap.com/webcontent/0061/195/898/cn61195898.jpg"", ""https://www.gap.com/webcontent/0061/195/894/cn61195894.jpg""]",True,100% Straw.,Straw Tote Bag,USD,63.0,79.95,876409002,https://www.gap.com/browse/product.do?pid=876409002&vid=REGULAR&searchText=bag,,0,0,2026-02-24T06:11:57Z,876409002,Gap
In stock,0.0,Gap,Straps: 100% Vegan Leather. Spot clean. Imported.,"Women > Bags, Scarves & More","[""Mosaic Blue"", ""Hot red"", ""Neon pink glow"", ""Bright meadow"", ""Mosaic blue""]",Smooth cotton canvas slouchy tote bag. Vegan leather shoulder straps at top. Snap tab button closure. Gap logo at front. #876391,"Dimensions: 15""H x 9"" W x 22"" L",4,https://www.gap.com/webcontent/0061/456/276/cn61456276.jpg,"[""https://www.gap.com/webcontent/0061/456/276/cn61456276.jpg"", ""https://www.gap.com/webcontent/0061/454/299/cn61454299.jpg"", ""https://www.gap.com/webcontent/0061/454/285/cn61454285.jpg"", ""https://www.gap.com/webcontent/0061/454/338/cn61454338.jpg""]",True,100% Cotton.,Canvas Slouchy Tote Bag,USD,47.0,59.95,876391032,https://www.gap.com/browse/product.do?pid=876391032&vid=REGULAR&searchText=bag,,0,0,2026-02-24T06:12:20Z,876391032,Gap
In stock,0.0,Gap,Spot clean. Imported.,Baby & Toddler > Accessories,"[""Beige""]",Straw bag with sherpa bunny face at front. Embroidered bunny face at front. Note: This bag is not recommended for children under 2 years of age. Product #884473,"Dimensions: 6"" L x 2"" W x 5.5"" H",2,https://www.gap.com/webcontent/0061/695/410/cn61695410.jpg,"[""https://www.gap.com/webcontent/0061/695/410/cn61695410.jpg"", ""https://www.gap.com/webcontent/0061/692/815/cn61692815.jpg""]",True,100% Paper Straw.,Toddler Bunny Straw Bag,USD,20.0,34.95,884473002,https://www.gap.com/browse/product.do?pid=884473002&vid=REGULAR&searchText=bag,,0,0,2026-02-24T06:12:42Z,884473002,Gap
In stock,4.27,Gap,Spot clean. Imported.,"Women > Bags, Scarves & More","[""Black""]",Vegan suede and vegan leather barrel bag. Zipper at top. Adjustable shoulder strap. Rhinestone detail at sides. #846627,Dimensions: 7.5 L x 3 W x 4 H,6,https://www.gap.com/webcontent/0060/271/534/cn60271534.jpg,"[""https://www.gap.com/webcontent/0060/271/534/cn60271534.jpg"", ""https://www.gap.com/webcontent/0060/924/963/cn60924963.jpg"", ""https://www.gap.com/webcontent/0060/271/559/cn60271559.jpg"", ""https://www.gap.com/webcontent/0060/271/583/cn60271583.jpg"", ""https://www.gap.com/webcontent/0060/271/584/cn60271584.jpg"", ""https://www.gap.com/webcontent/0061/315/025/cn61315025.jpg""]",True,100% Polyester.,Vegan Leather Rhinestone Barrel Bag,USD,34.99,54.95,846627002,https://www.gap.com/browse/product.do?pid=846627002&vid=REGULAR&searchText=bag,,15,15,2026-02-24T06:13:04Z,846627002,Gap
In stock,4.73,Gap,Machine wash. Imported.,Men > Shop All Accessories,"[""Chicago Bulls"", ""Golden State Warriors"", ""Boston Celtics"", ""Miami Heat""]","Soft cotton canvas tote bag. Shoulder straps. Chicago Bulls graphics. This product was made in a factory that invests in gender equality and women’s empowerment. Through RISE (Reimagining Industry to Support Equality) and Gap Inc.’s program P.A.C.E. (Personal Advancement & Career Enhancement), we support people who make our clothes to build the skills, knowledge, confidence, and resilience needed to advance in work and life. Learn morehere. #773833",,3,https://www.gap.com/webcontent/0059/239/670/cn59239670.jpg,"[""https://www.gap.com/webcontent/0059/239/670/cn59239670.jpg"", ""https://www.gap.com/webcontent/0059/239/343/cn59239343.jpg"", ""https://www.gap.com/webcontent/0059/239/355/cn59239355.jpg""]",True,100% Cotton.,NBA Chicago Bulls Logo Tote Bag,USD,19.97,58.0,773833002,https://www.gap.com/browse/product.do?pid=773833002&vid=REGULAR&searchText=bag,,26,26,2026-02-24T06:13:25Z,773833002,Gap
In stock,0.0,Gap,"Black White Stripe: 74% Polyester, 14% Cotton, 9% Rayon. Black: 68% Polyester, 18% Cotton, 10% Rayon. Natural: 85% Polyester, 7% Cotton, 5% Rayon. Spot clean. Imported.","Women > Bags, Scarves & More","[""Natural"", ""Terra brown"", ""Rainbow stripe"", ""Black"", ""Black and white""]",This tote bag is made with a crochet knit cotton outer. Vegan leather shoulder straps. Snap button closure. Inner patch pocket. Certain styles have allover stripes. #876392,"Dimensions: 12"" L × 16” H.",4,https://www.gap.com/webcontent/0061/815/552/cn61815552.jpg,"[""https://www.gap.com/webcontent/0061/815/552/cn61815552.jpg"", ""https://www.gap.com/webcontent/0061/815/432/cn61815432.jpg"", ""https://www.gap.com/webcontent/0061/815/051/cn61815051.jpg"", ""https://www.gap.com/webcontent/0061/815/098/cn61815098.jpg""]",True,"Chocolate Brown: 67% Polyester, 21% Cotton, 10% Rayon.",Crochet Tote Bag,USD,55.0,69.95,876392012,https://www.gap.com/browse/product.do?pid=876392012&vid=REGULAR&searchText=bag,,0,0,2026-02-24T06:13:47Z,876392012,Gap
In stock,0.0,Gap,"Black White Stripe: 74% Polyester, 14% Cotton, 9% Rayon. Black: 68% Polyester, 18% Cotton, 10% Rayon. Natural: 85% Polyester, 7% Cotton, 5% Rayon. Spot clean. Imported.","Women > Bags, Scarves & More","[""Black And White"", ""Terra brown"", ""Natural"", ""Rainbow stripe"", ""Black"", ""Black and white""]",This tote bag is made with a crochet knit cotton outer. Vegan leather shoulder straps. Snap button closure. Inner patch pocket. Certain styles have allover stripes. #876392,"Dimensions: 12"" L × 16” H.",4,https://www.gap.com/webcontent/0061/406/098/cn61406098.jpg,"[""https://www.gap.com/webcontent/0061/406/098/cn61406098.jpg"", ""https://www.gap.com/webcontent/0061/725/492/cn61725492.jpg"", ""https://www.gap.com/webcontent/0061/404/748/cn61404748.jpg"", ""https://www.gap.com/webcontent/0061/404/808/cn61404808.jpg""]",True,"Chocolate Brown: 67% Polyester, 21% Cotton, 10% Rayon.",Crochet Tote Bag,USD,55.0,69.95,876392042,https://www.gap.com/browse/product.do?pid=876392042&vid=REGULAR&searchText=bag,,0,0,2026-02-24T06:14:09Z,876392042,Gap
In stock,4.67,Gap,Lining: 100% Polyester. Wipe clean. Imported.,Girls > Shop All Accessories,"[""Pink Bow Print"", ""Pink bow print""]",This bag is made with an PU upper. Adjustable shoulder strap. Zipper closures at top and front pocket. Gap logo at front. Allover bow print. #847805,"Dimensions: 4.7 ""H x 1.8"" W x 7.3"" L",3,https://www.gap.com/webcontent/0060/367/792/cn60367792.jpg,"[""https://www.gap.com/webcontent/0060/367/792/cn60367792.jpg"", ""https://www.gap.com/webcontent/0060/367/804/cn60367804.jpg"", ""https://www.gap.com/webcontent/0061/183/601/cn61183601.jpg""]",True,100% Polyurethane.,Kids Bow Logo Crossbody Bag,USD,13.0,34.95,847805002,https://www.gap.com/browse/product.do?pid=847805002&vid=REGULAR&searchText=bag,,6,6,2026-02-24T06:14:30Z,847805002,Gap
,5.0,Gap,Machine wash cold. Tumble dry low. Imported.,,"[""Denim"", ""denim""]",Soft denim bag. Zipper closure. LOVE graphic at front. #892555,"Dimensions: 9.5"" W x 7"" H.",0,https://www1.assets-gap.com/webcontent/0061/329/336/cn61329336.jpg?q=h&w=768,,True,100% Cotton.,Robert Indiana Love Denim Bag,USD,27.0,34.0,892555002,https://www.gap.com/browse/product.do?pid=892555002&vid=REGULAR&searchText=bag,,2,2,2026-02-24T06:14:51Z,892555002,Gap
In stock,5.0,Gap,Spot clean. Imported.,Women > Bags & Bag Charms,"[""Navy Polka Dot"", ""Red polka dot"", ""Tangerine"", ""Dark navy blue"", ""Standout pink"", ""Light denim"", ""Modern red"", ""Moonstone blue"", ""Black gingham"", ""primrose pink"", ""Navy polka dot"", ""Moonless night"", ""Neon pink glow"", ""Havana yellow"", ""Gasoline green"", ""White denim""]",Soft canvas cotton logo tote bag keychain charm. #830138,,6,https://www.gap.com/webcontent/0061/518/509/cn61518509.jpg,"[""https://www.gap.com/webcontent/0061/518/509/cn61518509.jpg"", ""https://www.gap.com/webcontent/0061/518/403/cn61518403.jpg"", ""https://www.gap.com/webcontent/0061/518/422/cn61518422.jpg"", ""https://www.gap.com/webcontent/0061/518/485/cn61518485.jpg"", ""https://www.gap.com/webcontent/0061/518/395/cn61518395.jpg"", ""https://www.gap.com/webcontent/0061/518/415/cn61518415.jpg""]",True,100% Cotton,Logo Tote Keychain Charm,USD,11.0,19.95,830138112,https://www.gap.com/browse/product.do?pid=830138112&vid=REGULAR&searchText=bag,,22,22,2026-02-24T06:15:12Z,830138112,Gap
In stock,5.0,Gap,"The backpack’s padded shoulder straps adjust to fit you perfectly, while the integrated stroller straps and trolley strap allow you to easily transition the bag onto a stroller or suitcase for more carefree travel with your little one.",Baby & Toddler > Nursery,"[""Olive"", ""Black""]","Navigate parent life in style (and comfort!) with the sleek and lightweight Modern Backpack from JJB by JuJuBe. The front-pocket changing station includes a washable changing pad with an integrated pillow for Baby’s comfort, and the 11 storage compartments allow you to find what you need in a flash. This includes an insulated bottle pocket in the main compartment with a bungee drawstring to secure any sized bottle. The backpack’s padded shoulder straps adjust to fit you perfectly, while the integrated stroller straps and trolley strap allow you to easily transition the bag onto a stroller or suitcase for more carefree travel with your little one.",,3,https://www.gap.com/webcontent/0056/031/091/cn56031091.jpg,"[""https://www.gap.com/webcontent/0056/031/091/cn56031091.jpg"", ""https://www.gap.com/webcontent/0056/031/111/cn56031111.jpg"", ""https://www.gap.com/webcontent/0056/031/104/cn56031104.jpg""]",False,,JuJuBe Modern Backpack Diaper Bag,USD,78.0,78.0,563748012,https://www.gap.com/browse/product.do?pid=563748012&vid=REGULAR&searchText=bag,True,1,1,2026-02-24T06:15:34Z,563748012,Gap
In stock,0.0,Gap,Straps: 100% Vegan Leather. Spot clean. Imported.,"Women > Bags, Scarves & More","[""Neon Pink Glow"", ""Hot red"", ""Neon pink glow"", ""Bright meadow"", ""Mosaic blue""]",Smooth cotton canvas slouchy tote bag. Vegan leather shoulder straps at top. Snap tab button closure. Gap logo at front. #876391,"Dimensions: 15""H x 9"" W x 22"" L",3,https://www.gap.com/webcontent/0061/456/169/cn61456169.jpg,"[""https://www.gap.com/webcontent/0061/456/169/cn61456169.jpg"", ""https://www.gap.com/webcontent/0061/454/293/cn61454293.jpg"", ""https://www.gap.com/webcontent/0061/454/284/cn61454284.jpg""]",True,100% Cotton.,Canvas Slouchy Tote Bag,USD,47.0,59.95,876391012,https://www.gap.com/browse/product.do?pid=876391012&vid=REGULAR&searchText=bag,,0,0,2026-02-24T06:15:55Z,876391012,Gap
In stock,4.73,Gap,Machine wash. Imported.,Men > Shop All Accessories,"[""Boston Celtics"", ""Golden State Warriors"", ""Chicago Bulls"", ""Miami Heat""]","Soft cotton canvas tote bag. Shoulder straps. Boston Celtics graphics. This product was made in a factory that invests in gender equality and women’s empowerment. Through RISE (Reimagining Industry to Support Equality) and Gap Inc.’s program P.A.C.E. (Personal Advancement & Career Enhancement), we support people who make our clothes to build the skills, knowledge, confidence, and resilience needed to advance in work and life. Learn morehere. #773847",,3,https://www.gap.com/webcontent/0059/239/699/cn59239699.jpg,"[""https://www.gap.com/webcontent/0059/239/699/cn59239699.jpg"", ""https://www.gap.com/webcontent/0059/239/382/cn59239382.jpg"", ""https://www.gap.com/webcontent/0059/239/396/cn59239396.jpg""]",True,100% Cotton.,NBA Boston Celtics Logo Tote Bag,USD,19.97,58.0,773847002,https://www.gap.com/browse/product.do?pid=773847002&vid=REGULAR&searchText=bag,,26,26,2026-02-24T06:16:16Z,773847002,Gap
In stock,4.73,Gap,Machine wash. Imported.,Men > Shop All Accessories,"[""Miami Heat"", ""Golden State Warriors"", ""Chicago Bulls"", ""Boston Celtics""]","Soft cotton canvas tote bag. Shoulder straps. Miami Heat graphics. This product was made in a factory that invests in gender equality and women’s empowerment. Through RISE (Reimagining Industry to Support Equality) and Gap Inc.’s program P.A.C.E. (Personal Advancement & Career Enhancement), we support people who make our clothes to build the skills, knowledge, confidence, and resilience needed to advance in work and life. Learn morehere. #773841",,3,https://www.gap.com/webcontent/0059/239/682/cn59239682.jpg,"[""https://www.gap.com/webcontent/0059/239/682/cn59239682.jpg"", ""https://www.gap.com/webcontent/0059/239/356/cn59239356.jpg"", ""https://www.gap.com/webcontent/0059/239/368/cn59239368.jpg""]",True,100% Cotton.,NBA Miami Heat Logo Tote Bag,USD,16.97,58.0,773841002,https://www.gap.com/browse/product.do?pid=773841002&vid=REGULAR&searchText=bag,,26,26,2026-02-24T06:16:37Z,773841002,Gap
In stock,4.25,Gap,"Hoodie: 97% Polyester, 3% Spandex. Spot clean. Imported.","Women > Bags, Scarves & More","[""Dazzling Blue"", ""Dazzling blue""]",This keychain charm is made of soft knit and faux fur with a metal key ring. Embroidered bear detail and Gap NAP logo at front. #894579,,2,https://www.gap.com/webcontent/0061/456/373/cn61456373.jpg,"[""https://www.gap.com/webcontent/0061/456/373/cn61456373.jpg"", ""https://www.gap.com/webcontent/0061/455/816/cn61455816.jpg""]",True,Bear: 100% Polyester Cozy Sherpa.,Brannan Bear Nap Hoodie Keychain Charm,USD,11.0,19.95,894579002,https://www.gap.com/browse/product.do?pid=894579002&vid=REGULAR&searchText=bag,,4,4,2026-02-24T06:16:59Z,894579002,Gap
In stock,5.0,Gap,Spot clean. Imported.,Women > Bags & Bag Charms,"[""Primrose Pink"", ""Red polka dot"", ""Tangerine"", ""Dark navy blue"", ""Standout pink"", ""Light denim"", ""Modern red"", ""Moonstone blue"", ""Black gingham"", ""primrose pink"", ""Navy polka dot"", ""Moonless night"", ""Neon pink glow"", ""Havana yellow"", ""Gasoline green"", ""White denim""]",Soft canvas cotton logo tote bag keychain charm. #830138,,6,https://www.gap.com/webcontent/0061/502/349/cn61502349.jpg,"[""https://www.gap.com/webcontent/0061/502/349/cn61502349.jpg"", ""https://www.gap.com/webcontent/0061/501/680/cn61501680.jpg"", ""https://www.gap.com/webcontent/0061/501/711/cn61501711.jpg"", ""https://www.gap.com/webcontent/0061/502/335/cn61502335.jpg"", ""https://www.gap.com/webcontent/0061/501/663/cn61501663.jpg"", ""https://www.gap.com/webcontent/0061/501/696/cn61501696.jpg""]",True,100% Cotton,Logo Tote Keychain Charm,USD,11.0,19.95,830138102,https://www.gap.com/browse/product.do?pid=830138102&vid=REGULAR&searchText=bag,,22,22,2026-02-24T06:17:20Z,830138102,Gap
In stock,5.0,Gap,Machine wash. Imported.,Men > Shop All Accessories,"[""Los Angeles Lakers""]","Soft cotton canvas tote bag. Shoulder straps. Los Angeles Lakers graphics. This product was made in a factory that invests in gender equality and women’s empowerment. Through RISE (Reimagining Industry to Support Equality) and Gap Inc.’s program P.A.C.E. (Personal Advancement & Career Enhancement), we support people who make our clothes to build the skills, knowledge, confidence, and resilience needed to advance in work and life. Learn morehere. #773872",,3,https://www.gap.com/webcontent/0059/239/756/cn59239756.jpg,"[""https://www.gap.com/webcontent/0059/239/756/cn59239756.jpg"", ""https://www.gap.com/webcontent/0059/239/477/cn59239477.jpg"", ""https://www.gap.com/webcontent/0059/239/502/cn59239502.jpg""]",True,100% Cotton.,NBA Los Angeles Lakers Logo Tote Bag,USD,19.97,58.0,773872002,https://www.gap.com/browse/product.do?pid=773872002&vid=REGULAR&searchText=bag,,12,12,2026-02-24T06:17:42Z,773872002,Gap
In stock,4.47,Gap,Wipe clean. Imported.,"Women > Bags, Scarves & More","[""Red Spice"", ""True black"", ""Red spice""]",Smooth vegan leather bucket tote bag. Adjustable shoulder strap. Snap button closure. Inner pocket. Fully lined. #761396,"Dimensions: 11.5"" L x 6.5"" W x 14.5” H.",2,https://www.gap.com/webcontent/0060/809/402/cn60809402.jpg,"[""https://www.gap.com/webcontent/0060/809/402/cn60809402.jpg"", ""https://www.gap.com/webcontent/0060/890/952/cn60890952.jpg""]",True,100% Synthetic Leather.,Vegan Leather Bucket Tote Bag,USD,55.0,69.95,761396032,https://www.gap.com/browse/product.do?pid=761396032&vid=REGULAR&searchText=bag,,53,53,2026-02-24T06:18:03Z,761396032,Gap
In stock,0.0,Gap,,"Women > Bags, Scarves & More","[""Pink"", ""Gold"", ""Red""]","The Heart Pouch Bag Charm/Key Ring adds the sweetest touch of charm to any bag or keychain. Designed in a heart shape with a chic pearl charm and gold-tone hardware, it’s equal parts stylish and functional. With a zip closure, this little pouch is perfect for stashing small essentials like earbuds, coins, or lip balm on the go. Available in multiple colors, it’s a cute companion you’ll want to show off daily. Shiraleah is a trend-driven lifestyle brand focused on the little gifts that make life special!",,1,https://www.gap.com/webcontent/0061/542/295/cn61542295.jpg,"[""https://www.gap.com/webcontent/0061/542/295/cn61542295.jpg""]",False,,Shiraleah Heart Pouch Bag Charm/Key Ring,USD,26.0,26.0,1179480012,https://www.gap.com/browse/product.do?pid=1179480012&vid=REGULAR&searchText=bag,True,0,0,2026-02-24T06:18:24Z,1179480012,Gap
In stock,5.0,Gap,Spot clean. Imported.,Women > Bags & Bag Charms,"[""Dark Navy Blue"", ""Red polka dot"", ""Tangerine"", ""Dark navy blue"", ""Standout pink"", ""Light denim"", ""Modern red"", ""Moonstone blue"", ""Black gingham"", ""primrose pink"", ""Navy polka dot"", ""Moonless night"", ""Neon pink glow"", ""Havana yellow"", ""Gasoline green"", ""White denim""]",Soft canvas cotton logo tote bag keychain charm. #830138,,4,https://www.gap.com/webcontent/0059/961/319/cn59961319.jpg,"[""https://www.gap.com/webcontent/0059/961/319/cn59961319.jpg"", ""https://www.gap.com/webcontent/0060/414/467/cn60414467.jpg"", ""https://www.gap.com/webcontent/0059/961/297/cn59961297.jpg"", ""https://www.gap.com/webcontent/0060/414/444/cn60414444.jpg""]",True,100% Cotton,Logo Tote Keychain Charm,USD,11.0,19.95,830138002,https://www.gap.com/browse/product.do?pid=830138002&vid=REGULAR&searchText=bag,,22,22,2026-02-24T06:18:46Z,830138002,Gap
In stock,4.88,Gap,Wipe clean. Imported.,Girls > Shop All Accessories,"[""Black"", ""Cream white""]",Soft faux fur backpack. Handle at top. Adjustable shoulder straps. Vegan leather drawstring closures. #847836,Dimensions: 9.5 L × 6.5 W × 10.5 H,4,https://www.gap.com/webcontent/0061/120/754/cn61120754.jpg,"[""https://www.gap.com/webcontent/0061/120/754/cn61120754.jpg"", ""https://www.gap.com/webcontent/0061/120/755/cn61120755.jpg"", ""https://www.gap.com/webcontent/0061/120/770/cn61120770.jpg"", ""https://www.gap.com/webcontent/0061/120/782/cn61120782.jpg""]",True,100% Polyester.,Kids Faux Fur Backpack,USD,15.0,39.95,847836012,https://www.gap.com/browse/product.do?pid=847836012&vid=REGULAR&searchText=bag,,33,33,2026-02-24T06:19:08Z,847836012,Gap
,5.0,Gap,"The backpack’s padded shoulder straps adjust to fit you perfectly, while the integrated stroller straps and trolley strap allow you to easily transition the bag onto a stroller or suitcase for more carefree travel with your little one.",Baby & Toddler > Nursery,"[""Black"", ""Olive""]","Navigate parent life in style (and comfort!) with the sleek and lightweight Modern Backpack from JJB by JuJuBe. The front-pocket changing station includes a washable changing pad with an integrated pillow for Baby’s comfort, and the 11 storage compartments allow you to find what you need in a flash. This includes an insulated bottle pocket in the main compartment with a bungee drawstring to secure any sized bottle. The backpack’s padded shoulder straps adjust to fit you perfectly, while the integrated stroller straps and trolley strap allow you to easily transition the bag onto a stroller or suitcase for more carefree travel with your little one.",,4,https://www.gap.com/webcontent/0056/031/051/cn56031051.jpg,"[""https://www.gap.com/webcontent/0056/031/051/cn56031051.jpg"", ""https://www.gap.com/webcontent/0056/031/098/cn56031098.jpg"", ""https://www.gap.com/webcontent/0056/031/036/cn56031036.jpg"", ""https://www.gap.com/webcontent/0056/031/048/cn56031048.jpg""]",False,,JuJuBe Modern Backpack Diaper Bag,USD,78.0,78.0,563748002,https://www.gap.com/browse/product.do?pid=563748002&vid=REGULAR&searchText=bag,True,1,1,2026-02-24T06:19:30Z,563748002,Gap
In stock,5.0,Gap,Spot clean. Imported.,Women > Bags & Bag Charms,"[""Light Denim"", ""Red polka dot"", ""Tangerine"", ""Dark navy blue"", ""Standout pink"", ""Light denim"", ""Modern red"", ""Moonstone blue"", ""Black gingham"", ""primrose pink"", ""Navy polka dot"", ""Moonless night"", ""Neon pink glow"", ""Havana yellow"", ""Gasoline green"", ""White denim""]",Soft canvas cotton logo tote bag keychain charm. #830138,,4,https://www.gap.com/webcontent/0059/961/318/cn59961318.jpg,"[""https://www.gap.com/webcontent/0059/961/318/cn59961318.jpg"", ""https://www.gap.com/webcontent/0060/414/485/cn60414485.jpg"", ""https://www.gap.com/webcontent/0059/961/294/cn59961294.jpg"", ""https://www.gap.com/webcontent/0060/414/451/cn60414451.jpg""]",True,100% Cotton,Logo Tote Keychain Charm,USD,11.0,19.95,830138022,https://www.gap.com/browse/product.do?pid=830138022&vid=REGULAR&searchText=bag,,22,22,2026-02-24T06:19:51Z,830138022,Gap
In stock,4.74,Gap,Imported.,Women > Bags & Bag Charms,"[""Blue Denim"", ""Blue denim""]",This keychain charm is made of soft denim and faux fur with a metal key ring. Embroidered bear detail and icon denim jacket stitching at front. #830139,,4,https://www.gap.com/webcontent/0061/438/695/cn61438695.jpg,"[""https://www.gap.com/webcontent/0061/438/695/cn61438695.jpg"", ""https://www.gap.com/webcontent/0061/438/947/cn61438947.jpg"", ""https://www.gap.com/webcontent/0061/438/679/cn61438679.jpg"", ""https://www.gap.com/webcontent/0061/438/925/cn61438925.jpg""]",True,Wipe clean.,Brannan Bear Denim Jacket Keychain Charm,USD,13.0,19.95,830139002,https://www.gap.com/browse/product.do?pid=830139002&vid=REGULAR&searchText=bag,,19,19,2026-02-24T06:20:14Z,830139002,Gap
In stock,0.0,Gap,Spot clean. Imported.,Men > Bags,"[""Multi"", ""MULTI""]",Sturdy cotton tote bag. Shoulder strap at top. LOVE graphic at front pocket. #890379,"Dimensions: 22.8"" L x 7.7"" W x 13"" H.",8,https://www.gap.com/webcontent/0061/329/316/cn61329316.jpg,"[""https://www.gap.com/webcontent/0061/329/316/cn61329316.jpg"", ""https://www.gap.com/webcontent/0061/578/604/cn61578604.jpg"", ""https://www.gap.com/webcontent/0061/578/729/cn61578729.jpg"", ""https://www.gap.com/webcontent/0061/507/988/cn61507988.jpg"", ""https://www.gap.com/webcontent/0061/329/298/cn61329298.jpg"", ""https://www.gap.com/webcontent/0061/578/594/cn61578594.jpg"", ""https://www.gap.com/webcontent/0061/578/726/cn61578726.jpg"", ""https://www.gap.com/webcontent/0061/507/984/cn61507984.jpg""]",True,100% Cotton.,Robert Indiana LOVE Tote Bag,USD,62.0,78.0,890379002,https://www.gap.com/browse/product.do?pid=890379002&vid=REGULAR&searchText=bag,True,0,0,2026-02-24T06:20:36Z,890379002,Gap
In stock,5.0,Gap,Spot clean. Imported.,"Women > Bags, Scarves & More","[""Multi Color Happy Stripe"", ""Multi color happy stripe""]",This keychain charm is made of soft knit and faux fur with a metal key ring. Embroidered bear detail at front with allover stripes at scarf. #894580,,2,https://www.gap.com/webcontent/0061/456/379/cn61456379.jpg,"[""https://www.gap.com/webcontent/0061/456/379/cn61456379.jpg"", ""https://www.gap.com/webcontent/0061/455/821/cn61455821.jpg""]",True,Bear: 100% Polyester Cozy Sherpa.,Brannan Bear Scarf Keychain Charm,USD,9.0,19.95,894580002,https://www.gap.com/browse/product.do?pid=894580002&vid=REGULAR&searchText=bag,,1,1,2026-02-24T06:20:58Z,894580002,Gap
In stock,4.08,Gap,Wipe clean. Imported.,Girls > Shop All Accessories,"[""Natural Straw"", ""Natural straw""]","This bag is made with a paper straw outer. Long shoulder strap. Attached knit cherry detail at front. Fully lined. This product was made in a factory that invests in gender equality and women’s empowerment. Through RISE (Reimagining Industry to Support Equality) and Gap Inc.’s program P.A.C.E. (Personal Advancement & Career Enhancement), we support people who make our clothes to build the skills, knowledge, confidence, and resilience needed to advance in work and life. Learn morehere. #736935","Dimensions: 5.25""H x 1.75"" W x 5.25"" L",2,https://www.gap.com/webcontent/0057/525/496/cn57525496.jpg,"[""https://www.gap.com/webcontent/0057/525/496/cn57525496.jpg"", ""https://www.gap.com/webcontent/0057/524/673/cn57524673.jpg""]",True,100% Paper Straw.,Kids Cherry Straw Bag,USD,12.97,34.95,736935002,https://www.gap.com/browse/product.do?pid=736935002&vid=REGULAR&searchText=bag,,24,24,2026-02-24T06:21:19Z,736935002,Gap
In stock,5.0,Gap,,Baby & Toddler > Nursery,"[""Black""]","The versatile Everyday Backpack from JuJuBe has got your back! With 11 storage pockets, insulated bottle pockets for drinks, a cushioned changing pad, and a designated spot for wipes, this backpack is designed to keep up with a busy parent’s day out with the little ones. Adjustable padded shoulder straps, removable stroller straps, and a trolley sleeve are there to keep you comfortable. Easy-access pockets save you time searching for what you need and allow you more time for the important things. The Everyday Backpack is perfect for any day’s adventure!",,4,https://www.gap.com/webcontent/0056/030/689/cn56030689.jpg,"[""https://www.gap.com/webcontent/0056/030/689/cn56030689.jpg"", ""https://www.gap.com/webcontent/0056/030/697/cn56030697.jpg"", ""https://www.gap.com/webcontent/0056/030/706/cn56030706.jpg"", ""https://www.gap.com/webcontent/0056/030/698/cn56030698.jpg""]",False,,JuJuBe Everyday Backpack Diaper Bag,USD,160.0,160.0,563763012,https://www.gap.com/browse/product.do?pid=563763012&vid=REGULAR&searchText=bag,True,1,1,2026-02-24T06:21:41Z,563763012,Gap
In stock,5.0,Gap,Spot clean. Imported.,Women > Bags & Bag Charms,"[""Moonstone Blue"", ""Red polka dot"", ""Tangerine"", ""Dark navy blue"", ""Standout pink"", ""Light denim"", ""Modern red"", ""Moonstone blue"", ""Black gingham"", ""primrose pink"", ""Navy polka dot"", ""Moonless night"", ""Neon pink glow"", ""Havana yellow"", ""Gasoline green"", ""White denim""]",Soft canvas cotton logo tote bag keychain charm. #830138,,6,https://www.gap.com/webcontent/0061/502/344/cn61502344.jpg,"[""https://www.gap.com/webcontent/0061/502/344/cn61502344.jpg"", ""https://www.gap.com/webcontent/0061/501/683/cn61501683.jpg"", ""https://www.gap.com/webcontent/0061/501/698/cn61501698.jpg"", ""https://www.gap.com/webcontent/0061/502/328/cn61502328.jpg"", ""https://www.gap.com/webcontent/0061/501/664/cn61501664.jpg"", ""https://www.gap.com/webcontent/0061/501/681/cn61501681.jpg""]",True,100% Cotton,Logo Tote Keychain Charm,USD,11.0,19.95,830138042,https://www.gap.com/browse/product.do?pid=830138042&vid=REGULAR&searchText=bag,,22,22,2026-02-24T06:22:03Z,830138042,Gap
In stock,0.0,Gap,,Baby & Toddler > Nursery,"[""Black"", ""Taupe""]","The Satchel from JuJuBe features a lightweight, versatile construction with 14 storage compartments, removable stroller straps, and a trolley sleeve for travel, all in a distinctive silhouette. Convertible straps make it wearable in three different ways—as a satchel, backpack, and messenger bag—so you can keep diapers, clothes, snacks, toys, and more organized in style and comfort. The insulated bottle pocket keeps drinks and snacks at the perfect temperature, while the water-repellent and odor-resistant lining and durable metal hardware make it sturdy enough for any adventure. There’s no need to sacrifice on the fashion front either—the artfully designed Satchel is as chic and sophisticated as it is functional.",,4,https://www.gap.com/webcontent/0056/030/663/cn56030663.jpg,"[""https://www.gap.com/webcontent/0056/030/663/cn56030663.jpg"", ""https://www.gap.com/webcontent/0056/030/661/cn56030661.jpg"", ""https://www.gap.com/webcontent/0056/030/702/cn56030702.jpg"", ""https://www.gap.com/webcontent/0056/030/718/cn56030718.jpg""]",False,,JuJuBe Satchel Diaper Bag,USD,220.0,220.0,563764022,https://www.gap.com/browse/product.do?pid=563764022&vid=REGULAR&searchText=bag,True,0,0,2026-02-24T06:22:25Z,563764022,Gap
In stock,5.0,Gap,Spot clean. Imported.,Women > Bags & Bag Charms,"[""Tangerine"", ""Red polka dot"", ""Dark navy blue"", ""Standout pink"", ""Light denim"", ""Modern red"", ""Moonstone blue"", ""Black gingham"", ""primrose pink"", ""Navy polka dot"", ""Moonless night"", ""Neon pink glow"", ""Havana yellow"", ""Gasoline green"", ""White denim""]",Soft canvas cotton logo tote bag keychain charm. #830138,,6,https://www.gap.com/webcontent/0061/728/271/cn61728271.jpg,"[""https://www.gap.com/webcontent/0061/728/271/cn61728271.jpg"", ""https://www.gap.com/webcontent/0061/728/249/cn61728249.jpg"", ""https://www.gap.com/webcontent/0061/728/246/cn61728246.jpg"", ""https://www.gap.com/webcontent/0061/728/229/cn61728229.jpg"", ""https://www.gap.com/webcontent/0061/728/228/cn61728228.jpg"", ""https://www.gap.com/webcontent/0061/728/227/cn61728227.jpg""]",True,100% Cotton,Logo Tote Keychain Charm,USD,15.0,19.95,830138212,https://www.gap.com/browse/product.do?pid=830138212&vid=REGULAR&searchText=bag,,22,22,2026-02-24T06:22:47Z,830138212,Gap
In stock,0.0,Gap,,"Women > Bags, Scarves & More","[""Red"", ""Gold"", ""Pink""]","The Heart Pouch Bag Charm/Key Ring adds the sweetest touch of charm to any bag or keychain. Designed in a heart shape with a chic pearl charm and gold-tone hardware, it’s equal parts stylish and functional. With a zip closure, this little pouch is perfect for stashing small essentials like earbuds, coins, or lip balm on the go. Available in multiple colors, it’s a cute companion you’ll want to show off daily. Shiraleah is a trend-driven lifestyle brand focused on the little gifts that make life special!",,1,https://www.gap.com/webcontent/0061/542/308/cn61542308.jpg,"[""https://www.gap.com/webcontent/0061/542/308/cn61542308.jpg""]",False,,Shiraleah Heart Pouch Bag Charm/Key Ring,USD,26.0,26.0,1179480022,https://www.gap.com/browse/product.do?pid=1179480022&vid=REGULAR&searchText=bag,True,0,0,2026-02-24T06:23:08Z,1179480022,Gap
In stock,4.45,Gap,Wipe clean. Imported.,Girls > Shop All Accessories,"[""Brannan Brown"", ""Brannan brown"", ""True black""]",Soft sherpa bear bag with shoulder strap. Zipper at top. #774993,"Dimensions: 4.5""H x 2"" W x 4.5"" L",1,https://www.gap.com/webcontent/0053/752/022/cn53752022.jpg,"[""https://www.gap.com/webcontent/0053/752/022/cn53752022.jpg""]",True,100% Polyester.,Kids Sherpa Bear Bag,USD,24.97,34.95,774993002,https://www.gap.com/browse/product.do?pid=774993002&vid=REGULAR&searchText=bag,,102,102,2026-02-24T06:23:29Z,774993002,Gap
In stock,4.88,Gap,Wipe clean. Imported.,Girls > Shop All Accessories,"[""Cream White"", ""Cream white"", ""Black""]",Soft faux fur backpack. Handle at top. Adjustable shoulder straps. Vegan leather drawstring closures. #847836,Dimensions: 9.5 L × 6.5 W × 10.5 H,4,https://www.gap.com/webcontent/0061/221/407/cn61221407.jpg,"[""https://www.gap.com/webcontent/0061/221/407/cn61221407.jpg"", ""https://www.gap.com/webcontent/0061/120/760/cn61120760.jpg"", ""https://www.gap.com/webcontent/0061/120/771/cn61120771.jpg"", ""https://www.gap.com/webcontent/0061/120/788/cn61120788.jpg""]",True,100% Polyester.,Kids Faux Fur Backpack,USD,15.0,39.95,847836002,https://www.gap.com/browse/product.do?pid=847836002&vid=REGULAR&searchText=bag,,33,33,2026-02-24T06:23:50Z,847836002,Gap
In stock,0.0,Gap,,Baby & Toddler > Nursery,"[""Black""]","A transport bag is a convenient way to carry your baby bouncer and keep it clean. The bag is made of thin, durable polyester and has a practical handle. The zip opening makes it easy to get the bouncer in and out. You can also use the transport bag for storing your baby bouncer at home, so it always stays clean and fresh.",,2,https://www.gap.com/webcontent/0057/215/171/cn57215171.jpg,"[""https://www.gap.com/webcontent/0057/215/171/cn57215171.jpg"", ""https://www.gap.com/webcontent/0057/215/156/cn57215156.jpg""]",False,,BabyBjorn Baby Bouncer Transport Bag,USD,45.0,45.0,1170321002,https://www.gap.com/browse/product.do?pid=1170321002&vid=REGULAR&searchText=bag,True,0,0,2026-02-24T06:24:13Z,1170321002,Gap
In stock,0.0,Gap,Imported.,Girls > Shop All Accessories,"[""Cherry Print"", ""Cherry print""]",Soft quilted woven accessories pouch. Zipper at top. Fully lined. Assorted allover prints. Certain styles have a pom chain detail at zipper. Product #883721,"Dimensions: 4"" H x 3.75"" W x 7"" L",4,https://www.gap.com/webcontent/0061/716/343/cn61716343.jpg,"[""https://www.gap.com/webcontent/0061/716/343/cn61716343.jpg"", ""https://www.gap.com/webcontent/0061/932/148/cn61932148.jpg"", ""https://www.gap.com/webcontent/0061/932/193/cn61932193.jpg"", ""https://www.gap.com/webcontent/0061/932/205/cn61932205.jpg""]",True,100% Polyester.,Kids Quilted Pouch,USD,20.0,34.95,883721012,https://www.gap.com/browse/product.do?pid=883721012&vid=REGULAR&searchText=bag,,0,0,2026-02-24T06:24:34Z,883721012,Gap
In stock,5.0,Gap,Spot clean. Imported.,Women > Bags & Bag Charms,"[""Gasoline Green"", ""Red polka dot"", ""Tangerine"", ""Dark navy blue"", ""Standout pink"", ""Light denim"", ""Modern red"", ""Moonstone blue"", ""Black gingham"", ""primrose pink"", ""Navy polka dot"", ""Moonless night"", ""Neon pink glow"", ""Havana yellow"", ""Gasoline green"", ""White denim""]",Soft canvas cotton logo tote bag keychain charm. #830138,,6,https://www.gap.com/webcontent/0061/502/320/cn61502320.jpg,"[""https://www.gap.com/webcontent/0061/502/320/cn61502320.jpg"", ""https://www.gap.com/webcontent/0061/501/660/cn61501660.jpg"", ""https://www.gap.com/webcontent/0061/501/695/cn61501695.jpg"", ""https://www.gap.com/webcontent/0061/502/307/cn61502307.jpg"", ""https://www.gap.com/webcontent/0061/501/641/cn61501641.jpg"", ""https://www.gap.com/webcontent/0061/501/677/cn61501677.jpg""]",True,100% Cotton,Logo Tote Keychain Charm,USD,11.0,19.95,830138192,https://www.gap.com/browse/product.do?pid=830138192&vid=REGULAR&searchText=bag,,22,22,2026-02-24T06:24:56Z,830138192,Gap
In stock,0.0,Gap,Spot clean. Imported.,"Women > Bags, Scarves & More","[""Medium Wash"", ""Medium wash""]",Authentic cotton denim keychain charm. Metal key ring. Gap arch logo at back pocket. This product was made in a factory that invests in gender equity and women’s empowerment through RISE. Learn more atgapinc.com/equity. #890384,,3,https://www.gap.com/webcontent/0061/645/883/cn61645883.jpg,"[""https://www.gap.com/webcontent/0061/645/883/cn61645883.jpg"", ""https://www.gap.com/webcontent/0061/645/028/cn61645028.jpg"", ""https://www.gap.com/webcontent/0061/645/053/cn61645053.jpg""]",True,100% Denim.,Gap Jeans Keychain Charm,USD,11.0,19.95,890384002,https://www.gap.com/browse/product.do?pid=890384002&vid=REGULAR&searchText=bag,,0,0,2026-02-24T06:25:18Z,890384002,Gap
In stock,0.0,Gap,,"Women > Bags, Scarves & More","[""Pink"", ""GREEN""]","Add a pop of personality to your keys or bag with the Starlet Bag Charm/Key Ring. Featuring a woven paracord knot in bold colors and a trio of gold-tone star charms, this playful accessory brings instant flair wherever it hangs. It’s finished with both a key ring and a clasp hook, so you can clip it onto totes, backpacks, or wherever you need a little sparkle. Durable, lightweight, and totally eye-catching—it’s your everyday essential turned statement piece. Shiraleah is a trend-driven lifestyle brand focusing on the little things that make life special.",,2,https://www.gap.com/webcontent/0060/739/173/cn60739173.jpg,"[""https://www.gap.com/webcontent/0060/739/173/cn60739173.jpg"", ""https://www.gap.com/webcontent/0060/739/296/cn60739296.jpg""]",False,,Shiraleah Starlet Bag Charm,USD,32.0,32.0,1175313012,https://www.gap.com/browse/product.do?pid=1175313012&vid=REGULAR&searchText=bag,True,0,0,2026-02-24T06:25:39Z,1175313012,Gap
In stock,5.0,Gap,Spot clean. Imported.,Women > Bags & Bag Charms,"[""Havana Yellow"", ""Red polka dot"", ""Tangerine"", ""Dark navy blue"", ""Standout pink"", ""Light denim"", ""Modern red"", ""Moonstone blue"", ""Black gingham"", ""primrose pink"", ""Navy polka dot"", ""Moonless night"", ""Neon pink glow"", ""Havana yellow"", ""Gasoline green"", ""White denim""]",Soft canvas cotton logo tote bag keychain charm. #830138,,6,https://www.gap.com/webcontent/0061/502/325/cn61502325.jpg,"[""https://www.gap.com/webcontent/0061/502/325/cn61502325.jpg"", ""https://www.gap.com/webcontent/0061/501/659/cn61501659.jpg"", ""https://www.gap.com/webcontent/0061/501/697/cn61501697.jpg"", ""https://www.gap.com/webcontent/0061/502/310/cn61502310.jpg"", ""https://www.gap.com/webcontent/0061/501/643/cn61501643.jpg"", ""https://www.gap.com/webcontent/0061/501/678/cn61501678.jpg""]",True,100% Cotton,Logo Tote Keychain Charm,USD,11.0,19.95,830138182,https://www.gap.com/browse/product.do?pid=830138182&vid=REGULAR&searchText=bag,,22,22,2026-02-24T06:26:01Z,830138182,Gap
In stock,0.0,Gap,,"Women > Bags, Scarves & More","[""Red"", ""BLACK"", ""ORANGE"", ""GREEN"", ""BLUE"", ""NAVY"", ""PURPLE"", ""MAROON""]","Cheer on your team in style with the Helmet Bag Charm and Key Ring. This fun, helmet-shaped pouch features a top zip closure to stash small essentials, and comes with a key ring and clasp hook so you can attach it to any bag or set of keys. The bold “Game Day” lettering and matching tassel cord give it extra spirit and flair. Whether you're tailgating or just running errands, this charm brings major game day energy. Shiraleah is a trend-driven lifestyle brand focusing on the little things that make life special.",,1,https://www.gap.com/webcontent/0060/739/203/cn60739203.jpg,"[""https://www.gap.com/webcontent/0060/739/203/cn60739203.jpg""]",False,,Shiraleah Helmet Bag Charm,USD,22.0,22.0,1175312072,https://www.gap.com/browse/product.do?pid=1175312072&vid=REGULAR&searchText=bag,True,0,0,2026-02-24T06:26:23Z,1175312072,Gap
In stock,5.0,Gap,Spot clean. Imported.,Women > Bags & Bag Charms,"[""Black Gingham"", ""Red polka dot"", ""Tangerine"", ""Dark navy blue"", ""Standout pink"", ""Light denim"", ""Modern red"", ""Moonstone blue"", ""Black gingham"", ""primrose pink"", ""Navy polka dot"", ""Moonless night"", ""Neon pink glow"", ""Havana yellow"", ""Gasoline green"", ""White denim""]",Soft canvas cotton logo tote bag keychain charm. #830138,,6,https://www.gap.com/webcontent/0061/518/445/cn61518445.jpg,"[""https://www.gap.com/webcontent/0061/518/445/cn61518445.jpg"", ""https://www.gap.com/webcontent/0061/518/443/cn61518443.jpg"", ""https://www.gap.com/webcontent/0061/518/461/cn61518461.jpg"", ""https://www.gap.com/webcontent/0061/518/423/cn61518423.jpg"", ""https://www.gap.com/webcontent/0061/518/433/cn61518433.jpg"", ""https://www.gap.com/webcontent/0061/518/449/cn61518449.jpg""]",True,100% Cotton,Logo Tote Keychain Charm,USD,11.0,19.95,830138072,https://www.gap.com/browse/product.do?pid=830138072&vid=REGULAR&searchText=bag,,22,22,2026-02-24T06:26:44Z,830138072,Gap
In stock,0.0,Gap,Spot clean. Imported.,Boys > Shop All Accessories,"[""Brannan Bear"", ""Brannan bear""]",Soft faux fur bear backpack. Shoulder straps at back. Inner compartment at back. Embroidered bear face. This product was made in a factory that invests in gender equity and women’s empowerment through RISE. Learn more atgapinc.com/equity. #893200,"Dimensions: 17.5"" L x 15"" W x 6.5"" H.",4,https://www.gap.com/webcontent/0061/900/341/cn61900341.jpg,"[""https://www.gap.com/webcontent/0061/900/341/cn61900341.jpg"", ""https://www.gap.com/webcontent/0061/667/091/cn61667091.jpg"", ""https://www.gap.com/webcontent/0061/667/110/cn61667110.jpg"", ""https://www.gap.com/webcontent/0061/667/121/cn61667121.jpg""]",True,100% Polyester.,Kids Brannan Bear Backpack,USD,38.0,64.95,893200002,https://www.gap.com/browse/product.do?pid=893200002&vid=REGULAR&searchText=bag,,0,0,2026-02-24T06:27:05Z,893200002,Gap
In stock,0.0,Gap,,"Women > Bags, Scarves & More","[""Black"", ""BLACK"", ""ORANGE"", ""GREEN"", ""BLUE"", ""NAVY"", ""PURPLE"", ""MAROON"", ""Red""]","Cheer on your team in style with the Helmet Bag Charm and Key Ring. This fun, helmet-shaped pouch features a top zip closure to stash small essentials, and comes with a key ring and clasp hook so you can attach it to any bag or set of keys. The bold “Game Day” lettering and matching tassel cord give it extra spirit and flair. Whether you're tailgating or just running errands, this charm brings major game day energy. Shiraleah is a trend-driven lifestyle brand focusing on the little things that make life special.",,1,https://www.gap.com/webcontent/0060/758/262/cn60758262.jpg,"[""https://www.gap.com/webcontent/0060/758/262/cn60758262.jpg""]",False,,Shiraleah Helmet Bag Charm,USD,22.0,22.0,1175312002,https://www.gap.com/browse/product.do?pid=1175312002&vid=REGULAR&searchText=bag,True,0,0,2026-02-24T06:27:26Z,1175312002,Gap
In stock,0.0,Gap,,Baby & Toddler > Nursery,"[""Black"", ""Taupe"", ""ESPRESSO""]","Keep your cool with the stylish Insulated Bottle Bag from JuJuBe. For easy use, this bag has an outside slip pocket, interior mesh pockets, and an elastic bottle strap, as well as a quick-grab top handle and an adjustable, detachable messenger strap. Doubling as a lunch bag, the bottle bag features food-safe, easy-to-clean PEVA lining, and accommodates up to three tall bottles with additional space for food to keep your little one’s favorite snacks and drinks cool while you’re out and about. Parent life is full of food messes, and the Insulated Bottle Bag is easy to clean. Simply toss it in the washing machine!",,5,https://www.gap.com/webcontent/0056/030/856/cn56030856.jpg,"[""https://www.gap.com/webcontent/0056/030/856/cn56030856.jpg"", ""https://www.gap.com/webcontent/0056/030/791/cn56030791.jpg"", ""https://www.gap.com/webcontent/0056/030/850/cn56030850.jpg"", ""https://www.gap.com/webcontent/0056/030/793/cn56030793.jpg"", ""https://www.gap.com/webcontent/0056/030/917/cn56030917.jpg""]",False,,JuJuBe Insulated Bottle Bag,USD,55.0,55.0,563767022,https://www.gap.com/browse/product.do?pid=563767022&vid=REGULAR&searchText=bag,True,0,0,2026-02-24T06:27:48Z,563767022,Gap
In stock,5.0,Gap,Spot clean. Imported.,Women > Bags & Bag Charms,"[""Modern Red"", ""Red polka dot"", ""Tangerine"", ""Dark navy blue"", ""Standout pink"", ""Light denim"", ""Modern red"", ""Moonstone blue"", ""Black gingham"", ""primrose pink"", ""Navy polka dot"", ""Moonless night"", ""Neon pink glow"", ""Havana yellow"", ""Gasoline green"", ""White denim""]",Soft canvas cotton logo tote bag keychain charm. #830138,,6,https://www.gap.com/webcontent/0060/260/943/cn60260943.jpg,"[""https://www.gap.com/webcontent/0060/260/943/cn60260943.jpg"", ""https://www.gap.com/webcontent/0060/260/403/cn60260403.jpg"", ""https://www.gap.com/webcontent/0060/518/491/cn60518491.jpg"", ""https://www.gap.com/webcontent/0060/260/930/cn60260930.jpg"", ""https://www.gap.com/webcontent/0060/260/387/cn60260387.jpg"", ""https://www.gap.com/webcontent/0060/518/481/cn60518481.jpg""]",True,100% Cotton,Logo Tote Keychain Charm,USD,11.0,19.95,830138032,https://www.gap.com/browse/product.do?pid=830138032&vid=REGULAR&searchText=bag,,22,22,2026-02-24T06:28:09Z,830138032,Gap
In stock,4.73,Gap,Spot clean. Imported.,Women > Bags & Bag Charms,"[""Black"", ""Standout pink"", ""Light heather grey"", ""Sled red""]","Suitable for all ages. Soft fleece hoodie made for plushies, toys, and dolls. Hooded neckline with drawcords and ear holes. Short sleeves. Gap arch logo at front. Note: Brannan Bear toy not included. #890431",,6,https://www.gap.com/webcontent/0061/283/078/cn61283078.jpg,"[""https://www.gap.com/webcontent/0061/283/078/cn61283078.jpg"", ""https://www.gap.com/webcontent/0061/271/173/cn61271173.jpg"", ""https://www.gap.com/webcontent/0061/271/206/cn61271206.jpg"", ""https://www.gap.com/webcontent/0061/283/067/cn61283067.jpg"", ""https://www.gap.com/webcontent/0061/271/167/cn61271167.jpg"", ""https://www.gap.com/webcontent/0061/271/197/cn61271197.jpg""]",True,100% Polyester.,Toy Logo Hoodie,USD,7.0,14.95,890431002,https://www.gap.com/browse/product.do?pid=890431002&vid=REGULAR&searchText=bag,,11,11,2026-02-24T06:28:31Z,890431002,Gap
In stock,5.0,Gap,Spot clean. Imported.,Women > Bags & Bag Charms,"[""White Denim"", ""Red polka dot"", ""Tangerine"", ""Dark navy blue"", ""Standout pink"", ""Light denim"", ""Modern red"", ""Moonstone blue"", ""Black gingham"", ""primrose pink"", ""Navy polka dot"", ""Moonless night"", ""Neon pink glow"", ""Havana yellow"", ""Gasoline green"", ""White denim""]",Soft canvas cotton logo tote bag keychain charm. #830138,,6,https://www.gap.com/webcontent/0061/520/424/cn61520424.jpg,"[""https://www.gap.com/webcontent/0061/520/424/cn61520424.jpg"", ""https://www.gap.com/webcontent/0061/518/476/cn61518476.jpg"", ""https://www.gap.com/webcontent/0061/518/507/cn61518507.jpg"", ""https://www.gap.com/webcontent/0061/520/379/cn61520379.jpg"", ""https://www.gap.com/webcontent/0061/518/465/cn61518465.jpg"", ""https://www.gap.com/webcontent/0061/518/494/cn61518494.jpg""]",True,100% Cotton,Logo Tote Keychain Charm,USD,11.0,19.95,830138202,https://www.gap.com/browse/product.do?pid=830138202&vid=REGULAR&searchText=bag,,22,22,2026-02-24T06:28:52Z,830138202,Gap
In stock,4.73,Gap,Spot clean. Imported.,Women > Bags & Bag Charms,"[""Standout Pink"", ""Black"", ""Standout pink"", ""Light heather grey"", ""Sled red""]","Suitable for all ages. Soft fleece hoodie made for plushies, toys, and dolls. Hooded neckline with drawcords and ear holes. Short sleeves. Gap arch logo at front. Note: Brannan Bear toy not included. #890431",,6,https://www.gap.com/webcontent/0061/283/119/cn61283119.jpg,"[""https://www.gap.com/webcontent/0061/283/119/cn61283119.jpg"", ""https://www.gap.com/webcontent/0061/271/191/cn61271191.jpg"", ""https://www.gap.com/webcontent/0061/271/214/cn61271214.jpg"", ""https://www.gap.com/webcontent/0061/283/108/cn61283108.jpg"", ""https://www.gap.com/webcontent/0061/271/185/cn61271185.jpg"", ""https://www.gap.com/webcontent/0061/271/201/cn61271201.jpg""]",True,100% Polyester.,Toy Logo Hoodie,USD,7.0,14.95,890431012,https://www.gap.com/browse/product.do?pid=890431012&vid=REGULAR&searchText=bag,,11,11,2026-02-24T06:29:13Z,890431012,Gap
In stock,0.0,Gap,,"Women > Bags, Scarves & More","[""Maroon"", ""NAVY"", ""BLACK"", ""PURPLE"", ""BLUE"", ""ORANGE"", ""RED"", ""GREEN""]","Show your team spirit with the ultimate sporty-chic accessory for game day and beyond. Shaped like a mini football, this faux-leather charm features a top zip closure to hold small essentials like coins or earbuds. It comes complete with a key ring and clasp hook, making it easy to attach to your favorite bag, belt loop, or keys. Finished with a braided tassel in your team’s colors, it's a playful nod to your football fandom. Shiraleah is a trend-driven lifestyle brand focusing on the little things that make life special.",,2,https://www.gap.com/webcontent/0060/741/557/cn60741557.jpg,"[""https://www.gap.com/webcontent/0060/741/557/cn60741557.jpg"", ""https://www.gap.com/webcontent/0060/741/575/cn60741575.jpg""]",False,,Shiraleah Football Bag Charm,USD,26.0,26.0,1175318012,https://www.gap.com/browse/product.do?pid=1175318012&vid=REGULAR&searchText=bag,True,0,0,2026-02-24T06:29:34Z,1175318012,Gap
In stock,5.0,Gap,Spot clean. Imported.,Women > Bags & Bag Charms,"[""Moonless Night"", ""Red polka dot"", ""Tangerine"", ""Dark navy blue"", ""Standout pink"", ""Light denim"", ""Modern red"", ""Moonstone blue"", ""Black gingham"", ""primrose pink"", ""Navy polka dot"", ""Moonless night"", ""Neon pink glow"", ""Havana yellow"", ""Gasoline green"", ""White denim""]",Soft canvas cotton logo tote bag keychain charm. #830138,,6,https://www.gap.com/webcontent/0061/518/508/cn61518508.jpg,"[""https://www.gap.com/webcontent/0061/518/508/cn61518508.jpg"", ""https://www.gap.com/webcontent/0061/518/396/cn61518396.jpg"", ""https://www.gap.com/webcontent/0061/518/417/cn61518417.jpg"", ""https://www.gap.com/webcontent/0061/518/483/cn61518483.jpg"", ""https://www.gap.com/webcontent/0061/518/392/cn61518392.jpg"", ""https://www.gap.com/webcontent/0061/518/407/cn61518407.jpg""]",True,100% Cotton,Logo Tote Keychain Charm,USD,11.0,19.95,830138142,https://www.gap.com/browse/product.do?pid=830138142&vid=REGULAR&searchText=bag,,22,22,2026-02-24T06:29:56Z,830138142,Gap
,4.45,Gap,Wipe clean. Imported.,Girls > Shop All Accessories,"[""True Black"", ""Brannan brown"", ""True black""]",Soft sherpa bear bag with shoulder strap. Zipper at top. #774993,"Dimensions: 4.5""H x 2"" W x 4.5"" L",1,https://www.gap.com/webcontent/0054/085/051/cn54085051.jpg,"[""https://www.gap.com/webcontent/0054/085/051/cn54085051.jpg""]",True,100% Polyester.,Kids Sherpa Bear Bag,USD,24.97,34.95,774993032,https://www.gap.com/browse/product.do?pid=774993032&vid=REGULAR&searchText=bag,,102,102,2026-02-24T06:30:17Z,774993032,Gap
In stock,0.0,Gap,,"Women > Bags, Scarves & More","[""Gold"", ""Pink"", ""Red""]","The Heart Pouch Bag Charm/Key Ring adds the sweetest touch of charm to any bag or keychain. Designed in a heart shape with a chic pearl charm and gold-tone hardware, it’s equal parts stylish and functional. With a zip closure, this little pouch is perfect for stashing small essentials like earbuds, coins, or lip balm on the go. Available in multiple colors, it’s a cute companion you’ll want to show off daily. Shiraleah is a trend-driven lifestyle brand focused on the little gifts that make life special!",,1,https://www.gap.com/webcontent/0061/542/730/cn61542730.jpg,"[""https://www.gap.com/webcontent/0061/542/730/cn61542730.jpg""]",False,,Shiraleah Heart Pouch Bag Charm/Key Ring,USD,26.0,26.0,1179480002,https://www.gap.com/browse/product.do?pid=1179480002&vid=REGULAR&searchText=bag,True,0,0,2026-02-24T06:30:38Z,1179480002,Gap
In stock,4.67,Gap,Wipe clean. Imported.,Women > Bags & Bag Charms,"[""Black"", ""Standout pink"", ""Modern red""]",This keychain charm is made of plastic with a metal key ring. Hoodie design with Gap arch logo and kanga pocket. This product was made in a factory that invests in gender equity and women’s empowerment through RISE. Learn more at gapinc.com/equity. #830132,,6,https://www.gap.com/webcontent/0059/961/288/cn59961288.jpg,"[""https://www.gap.com/webcontent/0059/961/288/cn59961288.jpg"", ""https://www.gap.com/webcontent/0060/414/469/cn60414469.jpg"", ""https://www.gap.com/webcontent/0061/314/899/cn61314899.jpg"", ""https://www.gap.com/webcontent/0059/961/274/cn59961274.jpg"", ""https://www.gap.com/webcontent/0060/414/433/cn60414433.jpg"", ""https://www.gap.com/webcontent/0061/314/896/cn61314896.jpg""]",True,Polyurethane 100%,Logo Hoodie Keychain Charm,USD,7.0,14.95,830132002,https://www.gap.com/browse/product.do?pid=830132002&vid=REGULAR&searchText=bag,,9,9,2026-02-24T06:31:00Z,830132002,Gap
In stock,4.67,Gap,Wipe clean. Imported.,Women > Bags & Bag Charms,"[""Modern Red"", ""Black"", ""Standout pink"", ""Modern red""]",This keychain charm is made of plastic with a metal key ring. Hoodie design with Gap arch logo and kanga pocket. This product was made in a factory that invests in gender equity and women’s empowerment through RISE. Learn more at gapinc.com/equity. #830132,,6,https://www.gap.com/webcontent/0060/518/995/cn60518995.jpg,"[""https://www.gap.com/webcontent/0060/518/995/cn60518995.jpg"", ""https://www.gap.com/webcontent/0060/518/440/cn60518440.jpg"", ""https://www.gap.com/webcontent/0060/518/492/cn60518492.jpg"", ""https://www.gap.com/webcontent/0060/518/975/cn60518975.jpg"", ""https://www.gap.com/webcontent/0060/518/434/cn60518434.jpg"", ""https://www.gap.com/webcontent/0060/518/483/cn60518483.jpg""]",True,Polyurethane 100%,Logo Hoodie Keychain Charm,USD,7.0,14.95,830132022,https://www.gap.com/browse/product.do?pid=830132022&vid=REGULAR&searchText=bag,,9,9,2026-02-24T06:31:21Z,830132022,Gap
In stock,0.0,Gap,Spot clean. Imported.,Men > Bags,"[""True Black"", ""true black""]",Soft cotton tote bag. Shoulder straps at top. Hill City logo at front. #850454,,2,https://www.gap.com/webcontent/0060/784/373/cn60784373.jpg,"[""https://www.gap.com/webcontent/0060/784/373/cn60784373.jpg"", ""https://www.gap.com/webcontent/0060/784/244/cn60784244.jpg""]",False,100% Cotton.,Hill City Tote Bag,USD,59.95,59.95,850454002,https://www.gap.com/browse/product.do?pid=850454002&vid=REGULAR&searchText=bag,True,0,0,2026-02-24T06:31:43Z,850454002,Gap
,0.0,Gap,,Women > Shoes & Accessories,"[""Black""]","A bag designed for your essentials, the Mini is made with you in mind, your style, your stuff, your peace of mind. Get creative with what you can carry along with these functional, simplified, perfectly sized mini fanny pack. Compliant with the highest safety standards (California Prop 65). Durable, easily cleanable nylon exterior. Wipeable and stain-resistant recycled nylon lining.",Dimensions: 8.25” x 4.75” x 2.75” (21cm x 12cm x 7cm),6,https://www.gap.com/webcontent/0056/003/302/cn56003302.jpg,"[""https://www.gap.com/webcontent/0056/003/302/cn56003302.jpg"", ""https://www.gap.com/webcontent/0056/003/310/cn56003310.jpg"", ""https://www.gap.com/webcontent/0056/003/309/cn56003309.jpg"", ""https://www.gap.com/webcontent/0056/003/307/cn56003307.jpg"", ""https://www.gap.com/webcontent/0056/003/311/cn56003311.jpg"", ""https://www.gap.com/webcontent/0056/003/313/cn56003313.jpg""]",False,,Kibou Mini Nylon Wallet Belt Bag,USD,46.0,46.0,1169515002,https://www.gap.com/browse/product.do?pid=1169515002&vid=REGULAR&searchText=bag,True,0,0,2026-02-24T06:32:04Z,1169515002,Gap
In stock,0.0,Gap,Spot clean. Imported.,Boys > Shop All Accessories,"[""Ivory Frost"", ""Ivory frost""]",Soft faux fur bunny backpack. Shoulder straps at back. Inner compartment at back. Embroidered bunny face. Bunny ear appliques. This product was made in a factory that invests in gender equity and women’s empowerment through RISE. Learn more atgapinc.com/equity. Product #893201,"Dimensions: 17"" L x 15"" W x 6.5"" H.",4,https://www.gap.com/webcontent/0061/667/198/cn61667198.jpg,"[""https://www.gap.com/webcontent/0061/667/198/cn61667198.jpg"", ""https://www.gap.com/webcontent/0061/667/108/cn61667108.jpg"", ""https://www.gap.com/webcontent/0061/667/109/cn61667109.jpg"", ""https://www.gap.com/webcontent/0061/667/130/cn61667130.jpg""]",True,100% Polyester.,Kids Bunny Backpack,USD,38.0,64.95,893201002,https://www.gap.com/browse/product.do?pid=893201002&vid=REGULAR&searchText=bag,,0,0,2026-02-24T06:32:25Z,893201002,Gap
In stock,4.73,Gap,Spot clean. Imported.,Women > Bags & Bag Charms,"[""Light Heather Grey"", ""Black"", ""Standout pink"", ""Light heather grey"", ""Sled red""]","Suitable for all ages. Soft fleece hoodie made for plushies, toys, and dolls. Hooded neckline with drawcords and ear holes. Short sleeves. Gap arch logo at front. Note: Brannan Bear toy not included. #890431",,6,https://www.gap.com/webcontent/0061/283/017/cn61283017.jpg,"[""https://www.gap.com/webcontent/0061/283/017/cn61283017.jpg"", ""https://www.gap.com/webcontent/0061/270/939/cn61270939.jpg"", ""https://www.gap.com/webcontent/0061/270/938/cn61270938.jpg"", ""https://www.gap.com/webcontent/0061/283/007/cn61283007.jpg"", ""https://www.gap.com/webcontent/0061/270/928/cn61270928.jpg"", ""https://www.gap.com/webcontent/0061/270/929/cn61270929.jpg""]",True,100% Polyester.,Toy Logo Hoodie,USD,7.0,14.95,890431022,https://www.gap.com/browse/product.do?pid=890431022&vid=REGULAR&searchText=bag,,11,11,2026-02-24T06:32:46Z,890431022,Gap
In stock,0.0,Gap,Wipe clean. Imported.,"Women > Bags, Scarves & More","[""Classic Khaki"", ""Classic khaki""]",This keychain charm is made of plastic with a metal key ring. Trench coat design. This product was made in a factory that invests in gender equity and women’s empowerment through RISE. Learn more atgapinc.com/equity. #876257,,3,https://www.gap.com/webcontent/0061/518/846/cn61518846.jpg,"[""https://www.gap.com/webcontent/0061/518/846/cn61518846.jpg"", ""https://www.gap.com/webcontent/0061/518/698/cn61518698.jpg"", ""https://www.gap.com/webcontent/0061/518/703/cn61518703.jpg""]",True,100% Plastic.,Trench Coat Keychain Charm,USD,15.0,19.95,876257002,https://www.gap.com/browse/product.do?pid=876257002&vid=REGULAR&searchText=bag,,0,0,2026-02-24T06:33:07Z,876257002,Gap
,4.11,Gap,Lining: 100% Polyester. Wipe clean. Imported.,"Women > Bags, Scarves & More","[""Brown Cow"", ""Brown cow""]",Soft leather calf hair mini slouchy bag. Handle at top. Zipper closure. Inner zip pocket. Allover cow print. Fully lined. #761332,"Dimensions: 5.75"" H x 2.75"" W x 12.5"" L",4,https://www.gap.com/webcontent/0059/960/687/cn59960687.jpg,"[""https://www.gap.com/webcontent/0059/960/687/cn59960687.jpg"", ""https://www.gap.com/webcontent/0060/151/838/cn60151838.jpg"", ""https://www.gap.com/webcontent/0059/958/519/cn59958519.jpg"", ""https://www.gap.com/webcontent/0059/958/516/cn59958516.jpg""]",True,Outer: 100% Leather.,Cow Print Calf Hair Mini Slouchy Bag,USD,54.99,110.0,761332022,https://www.gap.com/browse/product.do?pid=761332022&vid=REGULAR&searchText=bag,,18,18,2026-02-24T06:57:24Z,761332022,Gap
In stock,0.0,Gap,,Women > Shoes & Accessories,"[""Blush Pink"", ""Blush pink""]","A bag designed for your essentials, the Mini is made with you in mind, your style, your stuff, your peace of mind. Get creative with what you can carry along with these functional, simplified, perfectly sized mini fanny pack. Compliant with the highest safety standards (California Prop 65). Durable, easily cleanable vegan leather and nylon exterior. Wipeable and stain-resistant recycled nylon lining.",Dimensions: 8.25” x 4.75” x 2.75” (21cm x 12cm x 7cm),7,https://www.gap.com/webcontent/0056/004/074/cn56004074.jpg,"[""https://www.gap.com/webcontent/0056/004/074/cn56004074.jpg"", ""https://www.gap.com/webcontent/0056/003/818/cn56003818.jpg"", ""https://www.gap.com/webcontent/0056/004/157/cn56004157.jpg"", ""https://www.gap.com/webcontent/0056/003/850/cn56003850.jpg"", ""https://www.gap.com/webcontent/0056/003/842/cn56003842.jpg"", ""https://www.gap.com/webcontent/0056/003/843/cn56003843.jpg"", ""https://www.gap.com/webcontent/0056/003/837/cn56003837.jpg""]",False,,Kibou Mini Vegan Leather Wallet Belt Bag,USD,46.0,46.0,1169516002,https://www.gap.com/browse/product.do?pid=1169516002&vid=REGULAR&searchText=bag,True,0,0,2026-02-24T06:33:55Z,1169516002,Gap
In stock,4.73,Gap,Spot clean. Imported.,Women > Bags & Bag Charms,"[""Sled Red"", ""Black"", ""Standout pink"", ""Light heather grey"", ""Sled red""]","Suitable for all ages. Soft fleece hoodie made for plushies, toys, and dolls. Hooded neckline with drawcords and ear holes. Short sleeves. Gap arch logo at front. Note: Brannan Bear toy not included. #890431",,6,https://www.gap.com/webcontent/0061/283/129/cn61283129.jpg,"[""https://www.gap.com/webcontent/0061/283/129/cn61283129.jpg"", ""https://www.gap.com/webcontent/0061/271/188/cn61271188.jpg"", ""https://www.gap.com/webcontent/0061/271/215/cn61271215.jpg"", ""https://www.gap.com/webcontent/0061/283/114/cn61283114.jpg"", ""https://www.gap.com/webcontent/0061/271/183/cn61271183.jpg"", ""https://www.gap.com/webcontent/0061/271/203/cn61271203.jpg""]",True,100% Polyester.,Toy Logo Hoodie,USD,7.0,14.95,890431032,https://www.gap.com/browse/product.do?pid=890431032&vid=REGULAR&searchText=bag,,11,11,2026-02-24T06:34:16Z,890431032,Gap
In stock,0.0,Gap,,"Women > Bags, Scarves & More","[""Black"", ""PEBBLE"", ""BLACK"", ""WINE""]","Say hello to the mini accessory that’s making a major statement. Styled like a tiny handbag, this charm adds instant personality to your tote, keys, or weekender. Made from pebbled vegan leather or luxe printed fabric, it’s finished with gold hardware and a functional zippered pocket for tiny must-haves. Clip it on and let your bag have its own bag (because why not?). Shiraleah is a trend-driven lifestyle brand focusing on the little things that make life special.",,2,https://www.gap.com/webcontent/0060/742/171/cn60742171.jpg,"[""https://www.gap.com/webcontent/0060/742/171/cn60742171.jpg"", ""https://www.gap.com/webcontent/0060/740/195/cn60740195.jpg""]",False,,Shiraleah Vallerie Bag Charm,USD,42.0,42.0,1175317022,https://www.gap.com/browse/product.do?pid=1175317022&vid=REGULAR&searchText=bag,True,0,0,2026-02-24T06:34:38Z,1175317022,Gap
In stock,0.0,Gap,,"Women > Bags, Scarves & More","[""Black"", ""NAVY"", ""Maroon"", ""BLACK"", ""PURPLE"", ""BLUE"", ""ORANGE"", ""RED"", ""GREEN""]","Show your team spirit with the ultimate sporty-chic accessory for game day and beyond. Shaped like a mini football, this faux-leather charm features a top zip closure to hold small essentials like coins or earbuds. It comes complete with a key ring and clasp hook, making it easy to attach to your favorite bag, belt loop, or keys. Finished with a braided tassel in your team’s colors, it's a playful nod to your football fandom. Shiraleah is a trend-driven lifestyle brand focusing on the little things that make life special.",,1,https://www.gap.com/webcontent/0060/741/441/cn60741441.jpg,"[""https://www.gap.com/webcontent/0060/741/441/cn60741441.jpg""]",False,,Shiraleah Football Bag Charm,USD,26.0,26.0,1175318022,https://www.gap.com/browse/product.do?pid=1175318022&vid=REGULAR&searchText=bag,True,0,0,2026-02-24T06:34:59Z,1175318022,Gap
,4.78,Gap,Wipe clean. Imported.,,"[""Clear""]","Compact, durable, easy-to-use clear lunch bag. Handle at top. Double zipper closure. Water bottle section at side. Hello Kitty graphic and 3D detailing at front. This product was made in a factory that invests in gender equality and women’s empowerment. Through RISE (Reimagining Industry to Support Equality) and Gap Inc.’s program P.A.C.E. (Personal Advancement & Career Enhancement), we support people who make our clothes to build the skills, knowledge, confidence, and resilience needed to advance in work and life. Learn morehere. #779281","Dimensions: 9"" L × 4"" W × 8"" H",0,https://www1.assets-gap.com/webcontent/0059/351/974/cn59351974.jpg?q=h&w=768,,True,100% Iridescent PVC.,Kids Hello Kitty Clear Lunch Bag,USD,24.97,39.95,779281002,https://www.gap.com/browse/product.do?pid=779281002&vid=REGULAR&searchText=bag,,41,41,2026-02-24T06:35:20Z,779281002,Gap
In stock,0.0,Gap,,Baby & Toddler > Nursery,"[""Taupe"", ""Black""]","The Satchel from JuJuBe features a lightweight, versatile construction with 14 storage compartments, removable stroller straps, and a trolley sleeve for travel, all in a distinctive silhouette. Convertible straps make it wearable in three different ways—as a satchel, backpack, and messenger bag—so you can keep diapers, clothes, snacks, toys, and more organized in style and comfort. The insulated bottle pocket keeps drinks and snacks at the perfect temperature, while the water-repellent and odor-resistant lining and durable metal hardware make it sturdy enough for any adventure. There’s no need to sacrifice on the fashion front either—the artfully designed Satchel is as chic and sophisticated as it is functional.",,3,https://www.gap.com/webcontent/0061/354/834/cn61354834.jpg,"[""https://www.gap.com/webcontent/0061/354/834/cn61354834.jpg"", ""https://www.gap.com/webcontent/0061/354/826/cn61354826.jpg"", ""https://www.gap.com/webcontent/0061/354/916/cn61354916.jpg""]",False,,JuJuBe Satchel Diaper Bag,USD,220.0,220.0,563764002,https://www.gap.com/browse/product.do?pid=563764002&vid=REGULAR&searchText=bag,True,0,0,2026-02-24T06:35:43Z,563764002,Gap
In stock,0.0,Gap,,Women > Shoes & Accessories,"[""Cream""]","A bag designed for your essentials, the Mini is made with you in mind, your style, your stuff, your peace of mind. Get creative with what you can carry along with these functional, simplified, perfectly sized mini fanny pack. Compliant with the highest safety standards (California Prop 65). Durable, easily cleanable vegan leather and nylon exterior. Wipeable and stain-resistant recycled nylon lining.",Dimensions: 8.25” x 4.75” x 2.75” (21cm x 12cm x 7cm),8,https://www.gap.com/webcontent/0056/007/547/cn56007547.jpg,"[""https://www.gap.com/webcontent/0056/007/547/cn56007547.jpg"", ""https://www.gap.com/webcontent/0056/007/510/cn56007510.jpg"", ""https://www.gap.com/webcontent/0056/007/519/cn56007519.jpg"", ""https://www.gap.com/webcontent/0056/007/627/cn56007627.jpg"", ""https://www.gap.com/webcontent/0056/007/505/cn56007505.jpg"", ""https://www.gap.com/webcontent/0056/007/506/cn56007506.jpg"", ""https://www.gap.com/webcontent/0056/007/571/cn56007571.jpg"", ""https://www.gap.com/webcontent/0056/007/631/cn56007631.jpg""]",False,,Kibou Mini Vegan Leather Wallet Belt Bag,USD,46.0,46.0,1169520002,https://www.gap.com/browse/product.do?pid=1169520002&vid=REGULAR&searchText=bag,True,0,0,2026-02-24T06:36:04Z,1169520002,Gap
In stock,0.0,Gap,,Girls > Shop All Accessories,"[""Silver""]","Perfect for your little adventurer. Our very first kid-sized bags, designed for independence and hands-free fun. One spacious pocket designed to hold essentials. Separate wallet zipper pocket with slots for cards and cash, and plenty of room for coins or other small keepsakes. Brightly colored nylon lining to make it easy to spot items inside. Hook to hold house keys, hair ties, Air Tags, or other small necessities. Kid, pet, and baby-friendly, compliant with the highest safety standards (California Prop 65). Easy to wipe clean, durable exterior and interior.",,2,https://www.gap.com/webcontent/0057/843/029/cn57843029.jpg,"[""https://www.gap.com/webcontent/0057/843/029/cn57843029.jpg"", ""https://www.gap.com/webcontent/0057/843/241/cn57843241.jpg""]",False,,Kibou Kids Belt Bag,USD,32.0,32.0,1170747002,https://www.gap.com/browse/product.do?pid=1170747002&vid=REGULAR&searchText=bag,True,0,0,2026-02-24T06:36:25Z,1170747002,Gap
In stock,0.0,Gap,,"Women > Bags, Scarves & More","[""Silver"", ""SILVER""]","Add a little glam to your everyday routine with the Lipstick Holder Bag Charm. This sleek cylindrical pouch is just the right size to stash your favorite lip product, with a zip closure that keeps it safe and secure. Featuring a chic faux leather finish and gold hardware, it clips easily onto your keys, tote, or backpack for stylish convenience. Shiraleah is a trend-driven lifestyle brand focusing on the little things that make life special.",,2,https://www.gap.com/webcontent/0060/742/153/cn60742153.jpg,"[""https://www.gap.com/webcontent/0060/742/153/cn60742153.jpg"", ""https://www.gap.com/webcontent/0060/739/761/cn60739761.jpg""]",False,,Shiraleah Lipstick Holder Bag Charm,USD,26.0,26.0,1175314012,https://www.gap.com/browse/product.do?pid=1175314012&vid=REGULAR&searchText=bag,True,0,0,2026-02-24T06:36:46Z,1175314012,Gap
In stock,0.0,Gap,,Baby & Toddler > Nursery,"[""Espresso"", ""ESPRESSO""]","The Classic Backpack from JuJuBe has a sleek, innovative design that makes it easier than ever to stay organized on the go. This spacious, intuitively designed bag holds all your baby essentials—diapers, snacks, drinks, extra clothes, and more—plus personal items like your wallet, keys, and phone. Keep everything you need at your fingertips with an easy-access wipe pocket, insulated bottle pocket, and quick-reach cell phone pocket. The main compartment opens completely flat like a suitcase for easy packing, and the adjustable, contoured shoulder straps, trolley sleeve, and stroller straps add comfort and convenience. The Classic Backpack is machine-washable and features stain-resistant fabric, a mold- and bacteria-resistant lining, and durable metal hardware, so it can handle whatever you throw at it.",,6,https://www.gap.com/webcontent/0060/071/049/cn60071049.jpg,"[""https://www.gap.com/webcontent/0060/071/049/cn60071049.jpg"", ""https://www.gap.com/webcontent/0060/071/069/cn60071069.jpg"", ""https://www.gap.com/webcontent/0060/070/994/cn60070994.jpg"", ""https://www.gap.com/webcontent/0060/070/995/cn60070995.jpg"", ""https://www.gap.com/webcontent/0060/071/011/cn60071011.jpg"", ""https://www.gap.com/webcontent/0060/071/034/cn60071034.jpg""]",False,,JuJuBe Classic Backpack Diaper Bag,USD,200.0,200.0,1173285002,https://www.gap.com/browse/product.do?pid=1173285002&vid=REGULAR&searchText=bag,True,0,0,2026-02-24T06:37:07Z,1173285002,Gap
In stock,0.0,Gap,,"Women > Bags, Scarves & More","[""Orange"", ""NAVY"", ""Maroon"", ""BLACK"", ""PURPLE"", ""BLUE"", ""ORANGE"", ""RED"", ""GREEN""]","Show your team spirit with the ultimate sporty-chic accessory for game day and beyond. Shaped like a mini football, this faux-leather charm features a top zip closure to hold small essentials like coins or earbuds. It comes complete with a key ring and clasp hook, making it easy to attach to your favorite bag, belt loop, or keys. Finished with a braided tassel in your team’s colors, it's a playful nod to your football fandom. Shiraleah is a trend-driven lifestyle brand focusing on the little things that make life special.",,2,https://www.gap.com/webcontent/0060/741/473/cn60741473.jpg,"[""https://www.gap.com/webcontent/0060/741/473/cn60741473.jpg"", ""https://www.gap.com/webcontent/0060/741/419/cn60741419.jpg""]",False,,Shiraleah Football Bag Charm,USD,26.0,26.0,1175318052,https://www.gap.com/browse/product.do?pid=1175318052&vid=REGULAR&searchText=bag,True,0,0,2026-02-24T06:37:29Z,1175318052,Gap
In stock,0.0,Gap,,"Women > Bags, Scarves & More","[""Red"", ""NAVY"", ""Maroon"", ""BLACK"", ""PURPLE"", ""BLUE"", ""ORANGE"", ""RED"", ""GREEN""]","Show your team spirit with the ultimate sporty-chic accessory for game day and beyond. Shaped like a mini football, this faux-leather charm features a top zip closure to hold small essentials like coins or earbuds. It comes complete with a key ring and clasp hook, making it easy to attach to your favorite bag, belt loop, or keys. Finished with a braided tassel in your team’s colors, it's a playful nod to your football fandom. Shiraleah is a trend-driven lifestyle brand focusing on the little things that make life special.",,2,https://www.gap.com/webcontent/0060/741/427/cn60741427.jpg,"[""https://www.gap.com/webcontent/0060/741/427/cn60741427.jpg"", ""https://www.gap.com/webcontent/0060/741/527/cn60741527.jpg""]",False,,Shiraleah Football Bag Charm,USD,26.0,26.0,1175318062,https://www.gap.com/browse/product.do?pid=1175318062&vid=REGULAR&searchText=bag,True,0,0,2026-02-24T06:37:50Z,1175318062,Gap
In stock,0.0,Gap,Lining: 100% Polyester. Wipe clean. Imported.,Girls > Shop All Accessories,"[""Natural""]",This backpack is made with a metallic sparkle paper straw outer with a twill lining. Handle at top. Adjustable shoulder straps. Snap button and drawstring closures with bead and fringe detail. Fully lined. Product #883719,"Dimensions: 10"" L × 6.5"" W × 10"" H",2,https://www.gap.com/webcontent/0061/695/341/cn61695341.jpg,"[""https://www.gap.com/webcontent/0061/695/341/cn61695341.jpg"", ""https://www.gap.com/webcontent/0061/692/727/cn61692727.jpg""]",True,100% Paper Straw.,Kids Shimmer Straw Backpack,USD,23.0,39.95,883719002,https://www.gap.com/browse/product.do?pid=883719002&vid=REGULAR&searchText=bag,,0,0,2026-02-24T06:38:11Z,883719002,Gap
In stock,0.0,Gap,,"Women > Bags, Scarves & More","[""Orange"", ""BLACK"", ""ORANGE"", ""GREEN"", ""BLUE"", ""NAVY"", ""PURPLE"", ""MAROON"", ""Red""]","Cheer on your team in style with the Helmet Bag Charm and Key Ring. This fun, helmet-shaped pouch features a top zip closure to stash small essentials, and comes with a key ring and clasp hook so you can attach it to any bag or set of keys. The bold “Game Day” lettering and matching tassel cord give it extra spirit and flair. Whether you're tailgating or just running errands, this charm brings major game day energy. Shiraleah is a trend-driven lifestyle brand focusing on the little things that make life special.",,1,https://www.gap.com/webcontent/0060/758/275/cn60758275.jpg,"[""https://www.gap.com/webcontent/0060/758/275/cn60758275.jpg""]",False,,Shiraleah Helmet Bag Charm,USD,22.0,22.0,1175312012,https://www.gap.com/browse/product.do?pid=1175312012&vid=REGULAR&searchText=bag,True,0,0,2026-02-24T06:38:33Z,1175312012,Gap
In stock,0.0,Gap,Care: Do not get wet,"Women > Bags, Scarves & More","[""Hot Sauce""]",So spicy you can't look away! Attach this Hot Sauce Bag Charm to your bag in honor of your favorite hot condiment.,,3,https://www.gap.com/webcontent/0060/498/468/cn60498468.jpg,"[""https://www.gap.com/webcontent/0060/498/468/cn60498468.jpg"", ""https://www.gap.com/webcontent/0060/498/439/cn60498439.jpg"", ""https://www.gap.com/webcontent/0060/498/447/cn60498447.jpg""]",False,,Little Words Project Bag Charm,USD,24.0,24.0,1174308002,https://www.gap.com/browse/product.do?pid=1174308002&vid=REGULAR&searchText=bag,True,0,0,2026-02-24T06:38:54Z,1174308002,Gap
In stock,0.0,Gap,,"Women > Bags, Scarves & More","[""Navy"", ""BLACK"", ""ORANGE"", ""GREEN"", ""BLUE"", ""NAVY"", ""PURPLE"", ""MAROON"", ""Red""]","Cheer on your team in style with the Helmet Bag Charm and Key Ring. This fun, helmet-shaped pouch features a top zip closure to stash small essentials, and comes with a key ring and clasp hook so you can attach it to any bag or set of keys. The bold “Game Day” lettering and matching tassel cord give it extra spirit and flair. Whether you're tailgating or just running errands, this charm brings major game day energy. Shiraleah is a trend-driven lifestyle brand focusing on the little things that make life special.",,1,https://www.gap.com/webcontent/0060/758/282/cn60758282.jpg,"[""https://www.gap.com/webcontent/0060/758/282/cn60758282.jpg""]",False,,Shiraleah Helmet Bag Charm,USD,22.0,22.0,1175312042,https://www.gap.com/browse/product.do?pid=1175312042&vid=REGULAR&searchText=bag,True,0,0,2026-02-24T06:39:15Z,1175312042,Gap
In stock,0.0,Gap,,"Women > Bags, Scarves & More","[""Green"", ""GREEN"", ""Pink""]","Add a pop of personality to your keys or bag with the Starlet Bag Charm/Key Ring. Featuring a woven paracord knot in bold colors and a trio of gold-tone star charms, this playful accessory brings instant flair wherever it hangs. It’s finished with both a key ring and a clasp hook, so you can clip it onto totes, backpacks, or wherever you need a little sparkle. Durable, lightweight, and totally eye-catching—it’s your everyday essential turned statement piece. Shiraleah is a trend-driven lifestyle brand focusing on the little things that make life special.",,2,https://www.gap.com/webcontent/0060/739/259/cn60739259.jpg,"[""https://www.gap.com/webcontent/0060/739/259/cn60739259.jpg"", ""https://www.gap.com/webcontent/0060/739/153/cn60739153.jpg""]",False,,Shiraleah Starlet Bag Charm,USD,32.0,32.0,1175313002,https://www.gap.com/browse/product.do?pid=1175313002&vid=REGULAR&searchText=bag,True,0,0,2026-02-24T06:39:37Z,1175313002,Gap
In stock,0.0,Gap,,"Women > Bags, Scarves & More","[""Green"", ""BLACK"", ""ORANGE"", ""GREEN"", ""BLUE"", ""NAVY"", ""PURPLE"", ""MAROON"", ""Red""]","Cheer on your team in style with the Helmet Bag Charm and Key Ring. This fun, helmet-shaped pouch features a top zip closure to stash small essentials, and comes with a key ring and clasp hook so you can attach it to any bag or set of keys. The bold “Game Day” lettering and matching tassel cord give it extra spirit and flair. Whether you're tailgating or just running errands, this charm brings major game day energy. Shiraleah is a trend-driven lifestyle brand focusing on the little things that make life special.",,1,https://www.gap.com/webcontent/0060/758/201/cn60758201.jpg,"[""https://www.gap.com/webcontent/0060/758/201/cn60758201.jpg""]",False,,Shiraleah Helmet Bag Charm,USD,22.0,22.0,1175312022,https://www.gap.com/browse/product.do?pid=1175312022&vid=REGULAR&searchText=bag,True,0,0,2026-02-24T06:39:58Z,1175312022,Gap
In stock,0.0,Gap,,"Women > Bags, Scarves & More","[""Maroon"", ""BLACK"", ""ORANGE"", ""GREEN"", ""BLUE"", ""NAVY"", ""PURPLE"", ""MAROON"", ""Red""]","Cheer on your team in style with the Helmet Bag Charm and Key Ring. This fun, helmet-shaped pouch features a top zip closure to stash small essentials, and comes with a key ring and clasp hook so you can attach it to any bag or set of keys. The bold “Game Day” lettering and matching tassel cord give it extra spirit and flair. Whether you're tailgating or just running errands, this charm brings major game day energy. Shiraleah is a trend-driven lifestyle brand focusing on the little things that make life special.",,1,https://www.gap.com/webcontent/0060/758/393/cn60758393.jpg,"[""https://www.gap.com/webcontent/0060/758/393/cn60758393.jpg""]",False,,Shiraleah Helmet Bag Charm,USD,22.0,22.0,1175312062,https://www.gap.com/browse/product.do?pid=1175312062&vid=REGULAR&searchText=bag,True,0,0,2026-02-24T06:40:21Z,1175312062,Gap
In stock,0.0,Gap,,Girls > Shop All Accessories,"[""3D Butterfly"", ""3D BUTTERFLY""]","STATE's signature backpack recommended for kindergarten to third grade. The Kane Backpack fits folders and up to one 2” binder or textbook. Perfect for school, travel, and every adventure in between, this best-selling kids' backpack is as fun as it is functional. 45% of this bag is made from recycled materials. For every bag sold, STATE donates a percentage of the proceeds to American families in need.",,3,https://www.gap.com/webcontent/0061/036/285/cn61036285.jpg,"[""https://www.gap.com/webcontent/0061/036/285/cn61036285.jpg"", ""https://www.gap.com/webcontent/0061/036/277/cn61036277.jpg"", ""https://www.gap.com/webcontent/0061/037/237/cn61037237.jpg""]",False,,STATE Kane Backpack,USD,135.0,135.0,1176258002,https://www.gap.com/browse/product.do?pid=1176258002&vid=REGULAR&searchText=bag,True,0,0,2026-02-24T06:40:42Z,1176258002,Gap
In stock,0.0,Gap,,"Women > Bags, Scarves & More","[""Blue"", ""BLACK"", ""ORANGE"", ""GREEN"", ""BLUE"", ""NAVY"", ""PURPLE"", ""MAROON"", ""Red""]","Cheer on your team in style with the Helmet Bag Charm and Key Ring. This fun, helmet-shaped pouch features a top zip closure to stash small essentials, and comes with a key ring and clasp hook so you can attach it to any bag or set of keys. The bold “Game Day” lettering and matching tassel cord give it extra spirit and flair. Whether you're tailgating or just running errands, this charm brings major game day energy. Shiraleah is a trend-driven lifestyle brand focusing on the little things that make life special.",,1,https://www.gap.com/webcontent/0060/758/382/cn60758382.jpg,"[""https://www.gap.com/webcontent/0060/758/382/cn60758382.jpg""]",False,,Shiraleah Helmet Bag Charm,USD,22.0,22.0,1175312032,https://www.gap.com/browse/product.do?pid=1175312032&vid=REGULAR&searchText=bag,True,0,0,2026-02-24T06:41:03Z,1175312032,Gap
In stock,0.0,Gap,,Girls > Shop All Accessories,"[""Iridescent Clear"", ""IRIDESCENT CLEAR""]","Perfect for your little adventurer. Our very first kid-sized bags, designed for independence and hands-free fun. One spacious pocket designed to hold essentials. Hook to hold house keys, hair ties, Air Tag, or other small necessities. Kid, pet, and baby-friendly, compliant with the highest safety standards (California Prop 65). Easy to wipe clean, durable exterior and interior.",,2,https://www.gap.com/webcontent/0057/843/058/cn57843058.jpg,"[""https://www.gap.com/webcontent/0057/843/058/cn57843058.jpg"", ""https://www.gap.com/webcontent/0057/843/252/cn57843252.jpg""]",False,,Kibou Kids Belt Bag,USD,32.0,32.0,1170746002,https://www.gap.com/browse/product.do?pid=1170746002&vid=REGULAR&searchText=bag,True,0,0,2026-02-24T06:41:25Z,1170746002,Gap
In stock,0.0,Gap,,"Women > Bags, Scarves & More","[""Purple"", ""BLACK"", ""ORANGE"", ""GREEN"", ""BLUE"", ""NAVY"", ""PURPLE"", ""MAROON"", ""Red""]","Cheer on your team in style with the Helmet Bag Charm and Key Ring. This fun, helmet-shaped pouch features a top zip closure to stash small essentials, and comes with a key ring and clasp hook so you can attach it to any bag or set of keys. The bold “Game Day” lettering and matching tassel cord give it extra spirit and flair. Whether you're tailgating or just running errands, this charm brings major game day energy. Shiraleah is a trend-driven lifestyle brand focusing on the little things that make life special.",,1,https://www.gap.com/webcontent/0060/758/214/cn60758214.jpg,"[""https://www.gap.com/webcontent/0060/758/214/cn60758214.jpg""]",False,,Shiraleah Helmet Bag Charm,USD,22.0,22.0,1175312052,https://www.gap.com/browse/product.do?pid=1175312052&vid=REGULAR&searchText=bag,True,0,0,2026-02-24T06:41:46Z,1175312052,Gap
In stock,0.0,Gap,,"Women > Bags, Scarves & More","[""Navy"", ""NAVY"", ""Maroon"", ""BLACK"", ""PURPLE"", ""BLUE"", ""ORANGE"", ""RED"", ""GREEN""]","Show your team spirit with the ultimate sporty-chic accessory for game day and beyond. Shaped like a mini football, this faux-leather charm features a top zip closure to hold small essentials like coins or earbuds. It comes complete with a key ring and clasp hook, making it easy to attach to your favorite bag, belt loop, or keys. Finished with a braided tassel in your team’s colors, it's a playful nod to your football fandom. Shiraleah is a trend-driven lifestyle brand focusing on the little things that make life special.",,1,https://www.gap.com/webcontent/0060/758/364/cn60758364.jpg,"[""https://www.gap.com/webcontent/0060/758/364/cn60758364.jpg""]",False,,Shiraleah Football Bag Charm,USD,26.0,26.0,1175318002,https://www.gap.com/browse/product.do?pid=1175318002&vid=REGULAR&searchText=bag,True,0,0,2026-02-24T06:42:07Z,1175318002,Gap
In stock,0.0,Gap,,"Women > Bags, Scarves & More","[""Green"", ""NAVY"", ""Maroon"", ""BLACK"", ""PURPLE"", ""BLUE"", ""ORANGE"", ""RED"", ""GREEN""]","Show your team spirit with the ultimate sporty-chic accessory for game day and beyond. Shaped like a mini football, this faux-leather charm features a top zip closure to hold small essentials like coins or earbuds. It comes complete with a key ring and clasp hook, making it easy to attach to your favorite bag, belt loop, or keys. Finished with a braided tassel in your team’s colors, it's a playful nod to your football fandom. Shiraleah is a trend-driven lifestyle brand focusing on the little things that make life special.",,1,https://www.gap.com/webcontent/0060/741/455/cn60741455.jpg,"[""https://www.gap.com/webcontent/0060/741/455/cn60741455.jpg""]",False,,Shiraleah Football Bag Charm,USD,26.0,26.0,1175318072,https://www.gap.com/browse/product.do?pid=1175318072&vid=REGULAR&searchText=bag,True,0,0,2026-02-24T06:42:28Z,1175318072,Gap
In stock,0.0,Gap,,"Women > Bags, Scarves & More","[""Blue"", ""NAVY"", ""Maroon"", ""BLACK"", ""PURPLE"", ""BLUE"", ""ORANGE"", ""RED"", ""GREEN""]","Show your team spirit with the ultimate sporty-chic accessory for game day and beyond. Shaped like a mini football, this faux-leather charm features a top zip closure to hold small essentials like coins or earbuds. It comes complete with a key ring and clasp hook, making it easy to attach to your favorite bag, belt loop, or keys. Finished with a braided tassel in your team’s colors, it's a playful nod to your football fandom. Shiraleah is a trend-driven lifestyle brand focusing on the little things that make life special.",,1,https://www.gap.com/webcontent/0060/741/406/cn60741406.jpg,"[""https://www.gap.com/webcontent/0060/741/406/cn60741406.jpg""]",False,,Shiraleah Football Bag Charm,USD,26.0,26.0,1175318042,https://www.gap.com/browse/product.do?pid=1175318042&vid=REGULAR&searchText=bag,True,0,0,2026-02-24T06:42:49Z,1175318042,Gap
In stock,0.0,Gap,,"Women > Bags, Scarves & More","[""Wine"", ""PEBBLE"", ""BLACK"", ""WINE""]","Say hello to the mini accessory that’s making a major statement. Styled like a tiny handbag, this charm adds instant personality to your tote, keys, or weekender. Made from pebbled vegan leather or luxe printed fabric, it’s finished with gold hardware and a functional zippered pocket for tiny must-haves. Clip it on and let your bag have its own bag (because why not?). Shiraleah is a trend-driven lifestyle brand focusing on the little things that make life special.",,1,https://www.gap.com/webcontent/0060/740/211/cn60740211.jpg,"[""https://www.gap.com/webcontent/0060/740/211/cn60740211.jpg""]",False,,Shiraleah Vallerie Bag Charm,USD,42.0,42.0,1175317032,https://www.gap.com/browse/product.do?pid=1175317032&vid=REGULAR&searchText=bag,True,0,0,2026-02-24T06:43:11Z,1175317032,Gap
In stock,0.0,Gap,,"Women > Bags, Scarves & More","[""Pebble"", ""PEBBLE"", ""BLACK"", ""WINE""]","Say hello to the mini accessory that’s making a major statement. Styled like a tiny handbag, this charm adds instant personality to your tote, keys, or weekender. Made from pebbled vegan leather or luxe printed fabric, it’s finished with gold hardware and a functional zippered pocket for tiny must-haves. Clip it on and let your bag have its own bag (because why not?). Shiraleah is a trend-driven lifestyle brand focusing on the little things that make life special.",,2,https://www.gap.com/webcontent/0060/758/342/cn60758342.jpg,"[""https://www.gap.com/webcontent/0060/758/342/cn60758342.jpg"", ""https://www.gap.com/webcontent/0060/758/405/cn60758405.jpg""]",False,,Shiraleah Vallerie Bag Charm,USD,42.0,42.0,1175317002,https://www.gap.com/browse/product.do?pid=1175317002&vid=REGULAR&searchText=bag,True,0,0,2026-02-24T06:43:32Z,1175317002,Gap
In stock,0.0,Gap,,Baby & Toddler > Nursery,"[""Taupe"", ""Black"", ""ESPRESSO""]","Keep your cool with the stylish Insulated Bottle Bag from JuJuBe. For easy use, this bag has an outside slip pocket, interior mesh pockets, and an elastic bottle strap, as well as a quick-grab top handle and an adjustable, detachable messenger strap. Doubling as a lunch bag, the bottle bag features food-safe, easy-to-clean PEVA lining, and accommodates up to three tall bottles with additional space for food to keep your little one’s favorite snacks and drinks cool while you’re out and about. Parent life is full of food messes, and the Insulated Bottle Bag is easy to clean. Simply toss it in the washing machine!",,4,https://www.gap.com/webcontent/0061/354/885/cn61354885.jpg,"[""https://www.gap.com/webcontent/0061/354/885/cn61354885.jpg"", ""https://www.gap.com/webcontent/0061/354/818/cn61354818.jpg"", ""https://www.gap.com/webcontent/0061/362/759/cn61362759.jpg"", ""https://www.gap.com/webcontent/0061/354/810/cn61354810.jpg""]",False,,JuJuBe Insulated Bottle Bag,USD,55.0,55.0,563767012,https://www.gap.com/browse/product.do?pid=563767012&vid=REGULAR&searchText=bag,True,0,0,2026-02-24T06:43:54Z,563767012,Gap
In stock,0.0,Gap,,"Women > Bags, Scarves & More","[""Purple"", ""NAVY"", ""Maroon"", ""BLACK"", ""PURPLE"", ""BLUE"", ""ORANGE"", ""RED"", ""GREEN""]","Show your team spirit with the ultimate sporty-chic accessory for game day and beyond. Shaped like a mini football, this faux-leather charm features a top zip closure to hold small essentials like coins or earbuds. It comes complete with a key ring and clasp hook, making it easy to attach to your favorite bag, belt loop, or keys. Finished with a braided tassel in your team’s colors, it's a playful nod to your football fandom. Shiraleah is a trend-driven lifestyle brand focusing on the little things that make life special.",,1,https://www.gap.com/webcontent/0060/741/499/cn60741499.jpg,"[""https://www.gap.com/webcontent/0060/741/499/cn60741499.jpg""]",False,,Shiraleah Football Bag Charm,USD,26.0,26.0,1175318032,https://www.gap.com/browse/product.do?pid=1175318032&vid=REGULAR&searchText=bag,True,0,0,2026-02-24T06:44:16Z,1175318032,Gap
In stock,0.0,Gap,,Baby & Toddler > Nursery,"[""Espresso"", ""Taupe"", ""Black"", ""ESPRESSO""]","Keep your cool with the stylish Insulated Bottle Bag from JuJuBe. For easy use, this bag has an outside slip pocket, interior mesh pockets, and an elastic bottle strap, as well as a quick-grab top handle and an adjustable, detachable messenger strap. Doubling as a lunch bag for anyone in the family, the bottle bag features food-safe, waterproof PEVA lining, and accommodates up to three tall bottles with additional space for food to keep your little one’s favorite snacks and drinks cool while you’re out and about. Parent life is full of food messes, and the Insulated Bottle Bag is easy to clean. Simply toss it in the washing machine!",,6,https://www.gap.com/webcontent/0060/071/067/cn60071067.jpg,"[""https://www.gap.com/webcontent/0060/071/067/cn60071067.jpg"", ""https://www.gap.com/webcontent/0060/071/010/cn60071010.jpg"", ""https://www.gap.com/webcontent/0060/072/531/cn60072531.jpg"", ""https://www.gap.com/webcontent/0060/071/083/cn60071083.jpg"", ""https://www.gap.com/webcontent/0060/071/052/cn60071052.jpg"", ""https://www.gap.com/webcontent/0060/071/035/cn60071035.jpg""]",False,,JuJuBe Insulated Bottle Bag,USD,55.0,55.0,1173286002,https://www.gap.com/browse/product.do?pid=1173286002&vid=REGULAR&searchText=bag,True,0,0,2026-02-24T06:44:38Z,1173286002,Gap
In stock,0.0,Gap,,Women > Shoes & Accessories,"[""Blue"", ""BLUE""]","A bag designed for your essentials, the Mini is made with you in mind, your style, your stuff, your peace of mind. Get creative with what you can carry along with these functional, simplified, perfectly sized mini fanny pack. Compliant with the highest safety standards (California Prop 65). Durable, easily cleanable vegan leather and nylon exterior. Wipeable and stain-resistant recycled nylon lining.",Dimensions: 8.25” x 4.75” x 2.75” (21cm x 12cm x 7cm),8,https://www.gap.com/webcontent/0056/007/513/cn56007513.jpg,"[""https://www.gap.com/webcontent/0056/007/513/cn56007513.jpg"", ""https://www.gap.com/webcontent/0056/007/477/cn56007477.jpg"", ""https://www.gap.com/webcontent/0056/007/480/cn56007480.jpg"", ""https://www.gap.com/webcontent/0056/007/476/cn56007476.jpg"", ""https://www.gap.com/webcontent/0056/007/471/cn56007471.jpg"", ""https://www.gap.com/webcontent/0056/007/521/cn56007521.jpg"", ""https://www.gap.com/webcontent/0056/007/543/cn56007543.jpg"", ""https://www.gap.com/webcontent/0056/007/549/cn56007549.jpg""]",False,,Kibou Mini Vegan Leather Wallet Belt Bag,USD,46.0,46.0,1169519002,https://www.gap.com/browse/product.do?pid=1169519002&vid=REGULAR&searchText=bag,True,0,0,2026-02-24T06:45:00Z,1169519002,Gap
In stock,0.0,Gap,,Baby & Toddler > Nursery,"[""Paisley Floral""]","Celebrate life’s simple moments with the Sazan + JuJuBe collection — a keepsake line where the elegance of delicate paisley meets the comfort of 100% cotton canvas. Inspired by Sazan Hendrix’s warm and approachable lifestyle as a mom of three, these bags were thoughtfully crafted for families to make daily adventures eff ortlessly stylish and organized on the go! Keep your cool with the stylish Insulated Bottle Bag from JuJuBe. For easy use, this bag has an outside slip pocket, interior mesh pockets, and an elastic bottle strap, as well as a quick-grab top handle and an adjustable, detachable messenger strap. Doubling as a lunch bag, the bottle bag features food-safe, easy-to-clean PEVA lining, and accommodates up to three tall bottles with additional space for food to keep your little one’s favorite snacks and drinks cool while you’re out and about. Parent life is full of food messes, and the Insulated Bottle Bag is easy to clean. Simply toss it in the washing machine! Sazan Hendrix is an entrepreneur, author, and content creator known for her authentic storytelling. She connects with more than 1 million people worldwide through engaging  social media posts and her podcast, inspiring the joys and realities of motherhood and more. Alongside her husband, Stevie, and their three children, Valentina (“Teeny”), Amari, and Oliver, Sazan finds beauty in everyday moments, sharing the adventures of parenting, homemaking, and personal growth with her global community.",,5,https://www.gap.com/webcontent/0056/723/782/cn56723782.jpg,"[""https://www.gap.com/webcontent/0056/723/782/cn56723782.jpg"", ""https://www.gap.com/webcontent/0056/723/819/cn56723819.jpg"", ""https://www.gap.com/webcontent/0056/723/822/cn56723822.jpg"", ""https://www.gap.com/webcontent/0056/723/824/cn56723824.jpg"", ""https://www.gap.com/webcontent/0056/723/829/cn56723829.jpg""]",False,,Sazan x JuJuBe Insulated Bottle Bag,USD,60.0,60.0,1170013002,https://www.gap.com/browse/product.do?pid=1170013002&vid=REGULAR&searchText=bag,True,0,0,2026-02-24T06:45:25Z,1170013002,Gap
In stock,2.0,Gap,,Baby & Toddler > Nursery,"[""Black"", ""BLACK"", ""OLIVE""]","Designed by parents who know what you need—durable, wipeable, packed with features for you and your baby, and designed to look like a bag that you'll actually want to carry. 45% of this bag is made from recycled materials. For every bag sold, we donate a percentage of the proceeds to American families in need. STATE is the family bag company that’s carrying everyone, everywhere, through the journey of life with open hands.","Dimensions:  12.2"" H x 15.7"" W x 7"" D",3,https://www.gap.com/webcontent/0061/017/378/cn61017378.jpg,"[""https://www.gap.com/webcontent/0061/017/378/cn61017378.jpg"", ""https://www.gap.com/webcontent/0061/017/351/cn61017351.jpg"", ""https://www.gap.com/webcontent/0061/017/597/cn61017597.jpg""]",False,,STATE Jordan Diaper Tote,USD,198.0,198.0,1175998002,https://www.gap.com/browse/product.do?pid=1175998002&vid=REGULAR&searchText=bag,True,1,1,2026-02-24T06:45:47Z,1175998002,Gap
In stock,0.0,Gap,,Boys > Shop All Accessories,"[""Fuzzy Bolt"", ""FUZZY BOLT"", ""CAMO""]","STATE's signature backpack recommended for kindergarten to third grade. The Kane Backpack fits folders and up to one 2” binder or textbook. Perfect for school, travel, and every adventure in between, this best-selling kids' backpack is as fun as it is functional. 45% of this bag is made from recycled materials. For every bag sold, STATE donates a percentage of the proceeds to American families in need.",,4,https://www.gap.com/webcontent/0061/037/250/cn61037250.jpg,"[""https://www.gap.com/webcontent/0061/037/250/cn61037250.jpg"", ""https://www.gap.com/webcontent/0061/037/230/cn61037230.jpg"", ""https://www.gap.com/webcontent/0061/037/244/cn61037244.jpg"", ""https://www.gap.com/webcontent/0061/036/378/cn61036378.jpg""]",False,,STATE Kane Backpack,USD,115.0,115.0,1176259002,https://www.gap.com/browse/product.do?pid=1176259002&vid=REGULAR&searchText=bag,True,0,0,2026-02-24T06:46:08Z,1176259002,Gap
In stock,0.0,Gap,,Boys > Shop All Accessories,"[""Fuzzy Bolt"", ""ARCADE"", ""CAMO"", ""FUZZY BOLT""]","Keep travel fun for your kid and functional for you. The Logan Carry-On features smooth, 360° spinner wheels, a kid-friendly adjustable handle, and thoughtful functionality designed to keep everything in place—plus a bold, stand-out design that is just as unique as your kid. 45% of this bag is made from recycled materials. For every bag sold, State donates a percentage of the proceeds to American families in need. STATE is the family bag company that’s carrying everyone, everywhere, through the journey of life with open hands.",,6,https://www.gap.com/webcontent/0061/035/951/cn61035951.jpg,"[""https://www.gap.com/webcontent/0061/035/951/cn61035951.jpg"", ""https://www.gap.com/webcontent/0061/035/955/cn61035955.jpg"", ""https://www.gap.com/webcontent/0061/035/861/cn61035861.jpg"", ""https://www.gap.com/webcontent/0061/035/859/cn61035859.jpg"", ""https://www.gap.com/webcontent/0061/035/860/cn61035860.jpg"", ""https://www.gap.com/webcontent/0061/035/964/cn61035964.jpg""]",False,,STATE Logan Carry-On Suitcase,USD,225.0,225.0,1176254002,https://www.gap.com/browse/product.do?pid=1176254002&vid=REGULAR&searchText=bag,True,0,0,2026-02-24T06:46:30Z,1176254002,Gap
In stock,0.0,Gap,,Baby & Toddler > Nursery,"[""Black"", ""Taupe""]","With the 3-Piece Pouch Set, you’ll never misplace your most important items again! Designed to fit in the front pouch of every JuJuBe diaper bag, these practical pouches will become your everyday go-tos. Use them to keep your essentials in one place. Pack up your keys, wallet, cell phone, sunscreen, band aids, makeup, and other items you can’t leave the house without, and transfer your pouches to whichever JuJuBe bag you choose to carry that day! The large pouch comes with a detachable, adjustable shoulder strap and can be used as a small purse. A detachable wristlet strap can be used with the small, medium, and large bag.",,5,https://www.gap.com/webcontent/0056/030/841/cn56030841.jpg,"[""https://www.gap.com/webcontent/0056/030/841/cn56030841.jpg"", ""https://www.gap.com/webcontent/0056/030/926/cn56030926.jpg"", ""https://www.gap.com/webcontent/0056/030/922/cn56030922.jpg"", ""https://www.gap.com/webcontent/0056/030/907/cn56030907.jpg"", ""https://www.gap.com/webcontent/0056/030/792/cn56030792.jpg""]",False,,JuJuBe 3 Piece Pouch Set,USD,65.0,65.0,565117022,https://www.gap.com/browse/product.do?pid=565117022&vid=REGULAR&searchText=bag,True,0,0,2026-02-24T06:46:52Z,565117022,Gap
In stock,0.0,Gap,,Women > Shoes & Accessories,"[""Lavender"", ""LAVENDER""]","A bag designed for your essentials, the Mini is made with you in mind, your style, your stuff, your peace of mind. Get creative with what you can carry along with these functional, simplified, perfectly sized mini fanny pack. Compliant with the highest safety standards (California Prop 65). Durable, easily cleanable vegan leather and nylon exterior. Wipeable and stain-resistant recycled nylon lining.",Dimensions: 8.25” x 4.75” x 2.75” (21cm x 12cm x 7cm),8,https://www.gap.com/webcontent/0056/007/473/cn56007473.jpg,"[""https://www.gap.com/webcontent/0056/007/473/cn56007473.jpg"", ""https://www.gap.com/webcontent/0056/007/739/cn56007739.jpg"", ""https://www.gap.com/webcontent/0056/007/485/cn56007485.jpg"", ""https://www.gap.com/webcontent/0056/007/746/cn56007746.jpg"", ""https://www.gap.com/webcontent/0056/007/555/cn56007555.jpg"", ""https://www.gap.com/webcontent/0056/007/753/cn56007753.jpg"", ""https://www.gap.com/webcontent/0056/007/557/cn56007557.jpg"", ""https://www.gap.com/webcontent/0056/007/504/cn56007504.jpg""]",False,,Kibou Mini Vegan Leather Wallet Belt Bag,USD,46.0,46.0,1169518002,https://www.gap.com/browse/product.do?pid=1169518002&vid=REGULAR&searchText=bag,True,0,0,2026-02-24T06:47:14Z,1169518002,Gap
In stock,0.0,Gap,,"Women > Bags, Scarves & More","[""Black"", ""BLACK"", ""OLIVE""]","Perfect for overnight stays, long weekends, and everything in between, we've thought of everything with this duffle style weekender including a padded laptop pocket, interior organization, detachable pouches, and a hidden travel sleeve—it holds everything you need and keeps you feeling and looking put together wherever you go. 45% of this bag is made from recycled materials. For every bag sold, STATE donates a percentage of the proceeds to American families in need. STATE is the family bag company that’s carrying everyone, everywhere, through the journey of life with open hands.",,7,https://www.gap.com/webcontent/0061/017/157/cn61017157.jpg,"[""https://www.gap.com/webcontent/0061/017/157/cn61017157.jpg"", ""https://www.gap.com/webcontent/0061/016/955/cn61016955.jpg"", ""https://www.gap.com/webcontent/0061/017/522/cn61017522.jpg"", ""https://www.gap.com/webcontent/0061/016/916/cn61016916.jpg"", ""https://www.gap.com/webcontent/0061/017/211/cn61017211.jpg"", ""https://www.gap.com/webcontent/0061/017/547/cn61017547.jpg"", ""https://www.gap.com/webcontent/0061/016/964/cn61016964.jpg""]",False,,STATE Wellington Weekender,USD,195.0,195.0,1175992002,https://www.gap.com/browse/product.do?pid=1175992002&vid=REGULAR&searchText=bag,True,0,0,2026-02-24T06:47:35Z,1175992002,Gap
In stock,0.0,Gap,,Boys > Shop All Accessories,"[""Arcade"", ""ARCADE""]","Perfect for after-school activities, sleepovers, and weekend getaways. Designed with two handles and an adjustable crossbody strap for easy carrying. Detachable pouches for shoes and dirty clothes and interior pockets to keep everything organized. Made from recycled materials. For every bag sold, STATE donates a percentage of the proceeds to American families in need.",,5,https://www.gap.com/webcontent/0061/037/143/cn61037143.jpg,"[""https://www.gap.com/webcontent/0061/037/143/cn61037143.jpg"", ""https://www.gap.com/webcontent/0061/035/671/cn61035671.jpg"", ""https://www.gap.com/webcontent/0061/035/765/cn61035765.jpg"", ""https://www.gap.com/webcontent/0061/035/793/cn61035793.jpg"", ""https://www.gap.com/webcontent/0061/035/670/cn61035670.jpg""]",False,,STATE Rockaway Duffle,USD,145.0,145.0,1176123002,https://www.gap.com/browse/product.do?pid=1176123002&vid=REGULAR&searchText=bag,True,0,0,2026-02-24T06:47:56Z,1176123002,Gap
In stock,0.0,Gap,,Boys > Shop All Accessories,"[""Navy/Neon"", ""Pink/Silver""]","STATE's signature backpack recommended for kindergarten to third grade. The Kane Backpack fits folders and up to one 2” binder or textbook. Perfect for school, travel, and every adventure in between, this best-selling kids' backpack is as fun as it is functional. 45% of this bag is made from recycled materials. For every bag sold, STATE donates a percentage of the proceeds to American families in need.",,2,https://www.gap.com/webcontent/0059/975/575/cn59975575.jpg,"[""https://www.gap.com/webcontent/0059/975/575/cn59975575.jpg"", ""https://www.gap.com/webcontent/0059/975/082/cn59975082.jpg""]",False,,STATE Kane Backpack,USD,98.0,98.0,1173114002,https://www.gap.com/browse/product.do?pid=1173114002&vid=REGULAR&searchText=bag,True,0,0,2026-02-24T06:48:17Z,1173114002,Gap
In stock,0.0,Gap,,Boys > Shop All Accessories,"[""Arcade"", ""ARCADE"", ""CAMO"", ""FUZZY BOLT""]","Keep travel fun for your kid and functional for you. The Logan Carry-On features smooth, 360° spinner wheels, a kid-friendly adjustable handle, and thoughtful functionality designed to keep everything in place—plus a bold, stand-out design that is just as unique as your kid. 45% of this bag is made from recycled materials. For every bag sold, State donates a percentage of the proceeds to American families in need. STATE is the family bag company that’s carrying everyone, everywhere, through the journey of life with open hands.",,5,https://www.gap.com/webcontent/0061/035/948/cn61035948.jpg,"[""https://www.gap.com/webcontent/0061/035/948/cn61035948.jpg"", ""https://www.gap.com/webcontent/0061/036/028/cn61036028.jpg"", ""https://www.gap.com/webcontent/0061/035/950/cn61035950.jpg"", ""https://www.gap.com/webcontent/0061/036/021/cn61036021.jpg"", ""https://www.gap.com/webcontent/0061/036/025/cn61036025.jpg""]",False,,STATE Logan Carry-On Suitcase,USD,230.0,230.0,1176256002,https://www.gap.com/browse/product.do?pid=1176256002&vid=REGULAR&searchText=bag,True,0,0,2026-02-24T06:48:39Z,1176256002,Gap
In stock,0.0,Gap,,Baby & Toddler > Nursery,"[""Black"", ""BLACK"", ""OLIVE""]","Designed by parents for parents, this compact stroller organizer brings the same thoughtful functionality as our award-winning diaper bag—sized down for the essentials. It clips easily onto your stroller and keeps your essentials organized, accessible, and right where you need them. Durable, easy to clean, and made to move with you. 90% of this bag is made from recycled materials. For every bag sold, we donate a percentage of the proceeds to American families in need. STATE is the family bag company that’s carrying everyone, everywhere, through the journey of life with open hands.",,4,https://www.gap.com/webcontent/0061/017/553/cn61017553.jpg,"[""https://www.gap.com/webcontent/0061/017/553/cn61017553.jpg"", ""https://www.gap.com/webcontent/0061/017/285/cn61017285.jpg"", ""https://www.gap.com/webcontent/0061/016/991/cn61016991.jpg"", ""https://www.gap.com/webcontent/0061/016/997/cn61016997.jpg""]",False,,STATE Stroller Organizer,USD,98.0,98.0,1175995002,https://www.gap.com/browse/product.do?pid=1175995002&vid=REGULAR&searchText=bag,True,0,0,2026-02-24T06:49:01Z,1175995002,Gap
In stock,0.0,Gap,,Girls > Shop All Accessories,"[""Pink/Silver""]","Recommended for little adventurers ages 2-4. The Kane Mini Backpack has a compact design with just enough space for the essentials. Perfect for preschool or their very first big trip! Let their personalities shine with designs just as unique as they are. 45% of this bag is made from recycled materials. For every bag sold, STATE donates a percentage of the proceeds to American families in need. STATE is the family bag company that’s carrying everyone, everywhere, through the journey of life with open hands.",,4,https://www.gap.com/webcontent/0059/912/755/cn59912755.jpg,"[""https://www.gap.com/webcontent/0059/912/755/cn59912755.jpg"", ""https://www.gap.com/webcontent/0059/911/982/cn59911982.jpg"", ""https://www.gap.com/webcontent/0059/912/738/cn59912738.jpg"", ""https://www.gap.com/webcontent/0059/911/990/cn59911990.jpg""]",False,,STATE Kane Mini Backpack,USD,88.0,88.0,1172319002,https://www.gap.com/browse/product.do?pid=1172319002&vid=REGULAR&searchText=bag,True,0,0,2026-02-24T06:49:22Z,1172319002,Gap
In stock,0.0,Gap,,Girls > Shop All Accessories,"[""Pink/Silver"", ""3D BUTTERFLY"", ""PINK/SILVER""]","Keep travel fun for your kid and functional for you. The Logan Carry-On features smooth, 360° spinner wheels, a kid-friendly adjustable handle, and thoughtful functionality designed to keep everything in place—plus a bold, stand-out design that is just as unique as your kid. 45% of this bag is made from recycled materials. For every bag sold, State donates a percentage of the proceeds to American families in need. STATE is the family bag company that’s carrying everyone, everywhere, through the journey of life with open hands.",,5,https://www.gap.com/webcontent/0061/037/193/cn61037193.jpg,"[""https://www.gap.com/webcontent/0061/037/193/cn61037193.jpg"", ""https://www.gap.com/webcontent/0061/037/187/cn61037187.jpg"", ""https://www.gap.com/webcontent/0061/036/019/cn61036019.jpg"", ""https://www.gap.com/webcontent/0061/035/914/cn61035914.jpg"", ""https://www.gap.com/webcontent/0061/037/162/cn61037162.jpg""]",False,,STATE Logan Carry-On Suitcase,USD,230.0,230.0,1176255002,https://www.gap.com/browse/product.do?pid=1176255002&vid=REGULAR&searchText=bag,True,0,0,2026-02-24T06:49:44Z,1176255002,Gap
In stock,0.0,Gap,,Boys > Shop All Accessories,"[""Fuzzy Bolt"", ""Pink/Silver""]","Perfect for after-school activities, sleepovers, and weekend getaways. Designed with two handles and an adjustable crossbody strap for easy carrying. Detachable pouches for shoes and dirty clothes and interior pockets to keep everything organized. Made from recycled materials. For every bag sold, STATE donates a percentage of the proceeds to American families in need.",,2,https://www.gap.com/webcontent/0059/975/526/cn59975526.jpg,"[""https://www.gap.com/webcontent/0059/975/526/cn59975526.jpg"", ""https://www.gap.com/webcontent/0059/975/040/cn59975040.jpg""]",False,,STATE Rockaway Duffle,USD,145.0,145.0,1173111002,https://www.gap.com/browse/product.do?pid=1173111002&vid=REGULAR&searchText=bag,True,0,0,2026-02-24T06:50:06Z,1173111002,Gap
In stock,0.0,Gap,,Girls > Shop All Accessories,"[""Pink/Silver"", ""Navy/Neon""]","STATE's signature backpack recommended for kindergarten to third grade. The Kane Backpack fits folders and up to one 2” binder or textbook. Perfect for school, travel, and every adventure in between, this best-selling kids' backpack is as fun as it is functional. 45% of this bag is made from recycled materials. For every bag sold, STATE donates a percentage of the proceeds to American families in need.",,5,https://www.gap.com/webcontent/0059/974/695/cn59974695.jpg,"[""https://www.gap.com/webcontent/0059/974/695/cn59974695.jpg"", ""https://www.gap.com/webcontent/0059/974/684/cn59974684.jpg"", ""https://www.gap.com/webcontent/0059/974/674/cn59974674.jpg"", ""https://www.gap.com/webcontent/0059/974/708/cn59974708.jpg"", ""https://www.gap.com/webcontent/0059/975/555/cn59975555.jpg""]",False,,STATE Kane Backpack,USD,98.0,98.0,1173113002,https://www.gap.com/browse/product.do?pid=1173113002&vid=REGULAR&searchText=bag,True,0,0,2026-02-24T06:50:27Z,1173113002,Gap
In stock,0.0,Gap,,Girls > Shop All Accessories,"[""3D Butterfly"", ""3D BUTTERFLY"", ""PINK/SILVER""]","Keep travel fun for your kid and functional for you. The Logan Carry-On features smooth, 360° spinner wheels, a kid-friendly adjustable handle, and thoughtful functionality designed to keep everything in place—plus a bold, stand-out design that is just as unique as your kid. 45% of this bag is made from recycled materials. For every bag sold, State donates a percentage of the proceeds to American families in need. STATE is the family bag company that’s carrying everyone, everywhere, through the journey of life with open hands.",,5,https://www.gap.com/webcontent/0061/036/151/cn61036151.jpg,"[""https://www.gap.com/webcontent/0061/036/151/cn61036151.jpg"", ""https://www.gap.com/webcontent/0061/036/043/cn61036043.jpg"", ""https://www.gap.com/webcontent/0061/036/042/cn61036042.jpg"", ""https://www.gap.com/webcontent/0061/036/177/cn61036177.jpg"", ""https://www.gap.com/webcontent/0061/037/205/cn61037205.jpg""]",False,,STATE Logan Carry-On Suitcase,USD,230.0,230.0,1176253002,https://www.gap.com/browse/product.do?pid=1176253002&vid=REGULAR&searchText=bag,True,0,0,2026-02-24T06:50:48Z,1176253002,Gap
In stock,0.0,Gap,,"Women > Bags, Scarves & More","[""Leopard""]","Add a fierce finishing touch to your everyday look. This structured tote features a bold leopard print and chic double handles for easy grab-and-go style. A magnetic snap closure keeps your essentials secure. The inner zip pocket and two slip pockets help you stay organized. Gold-tone handle D-rings add an elevated detail and make it easy to customize with your favorite charms. Does not come with Bag Charm, sold separately.",,3,https://www.gap.com/webcontent/0060/830/097/cn60830097.jpg,"[""https://www.gap.com/webcontent/0060/830/097/cn60830097.jpg"", ""https://www.gap.com/webcontent/0060/836/481/cn60836481.jpg"", ""https://www.gap.com/webcontent/0060/830/089/cn60830089.jpg""]",False,,Shiraleah Leo Tote,USD,92.0,92.0,1175311002,https://www.gap.com/browse/product.do?pid=1175311002&vid=REGULAR&searchText=bag,True,0,0,2026-02-24T06:51:10Z,1175311002,Gap
In stock,0.0,Gap,,Girls > Shop All Accessories,"[""Pink/Silver"", ""Fuzzy Bolt""]","Perfect for after-school activities, sleepovers, and weekend getaways. Designed with two handles and an adjustable crossbody strap for easy carrying. Detachable pouches for shoes and dirty clothes and interior pockets to keep everything organized. Made from recycled materials. For every bag sold, STATE donates a percentage of the proceeds to American families in need.",,3,https://www.gap.com/webcontent/0059/975/498/cn59975498.jpg,"[""https://www.gap.com/webcontent/0059/975/498/cn59975498.jpg"", ""https://www.gap.com/webcontent/0060/014/084/cn60014084.jpg"", ""https://www.gap.com/webcontent/0059/974/648/cn59974648.jpg""]",False,,STATE Rockaway Duffle,USD,145.0,145.0,1173109002,https://www.gap.com/browse/product.do?pid=1173109002&vid=REGULAR&searchText=bag,True,0,0,2026-02-24T06:51:33Z,1173109002,Gap
In stock,0.0,Gap,,Baby & Toddler > Nursery,"[""Paisley Floral"", ""PAISLEY FLORAL""]","Celebrate life’s simple moments with the Sazan + JuJuBe collection — a keepsake line where the elegance of delicate paisley meets the comfort of 100% cotton canvas. Inspired by Sazan Hendrix’s warm and approachable lifestyle as a mom of three, these bags were thoughtfully crafted for families to make daily adventures eff ortlessly stylish and organized on the go! With the 3-Piece Pouch Set, you’ll never misplace your most important items again! Designed to fit in the front pouch of every JuJuBe diaper bag, these practical pouches will become your everyday go-tos. Use them to keep your essentials in one place. Pack up your keys, wallet, cell phone, sunscreen, band aids, makeup, and other items you can’t leave the house without, and transfer your pouches to whichever JuJuBe bag you choose to carry that day! The large pouch comes with a detachable, adjustable shoulder strap and can be used as a small purse. A detachable wristlet strap can be used with the small, medium, and large bag. Sazan Hendrix is an entrepreneur, author, and content creator known for her authentic storytelling. She connects with more than 1 million people worldwide through engaging  social media posts and her podcast, inspiring the joys and realities of motherhood and more. Alongside her husband, Stevie, and their three children, Valentina (“Teeny”), Amari, and Oliver, Sazan finds beauty in everyday moments, sharing the adventures of parenting, homemaking, and personal growth with her global community.",,7,https://www.gap.com/webcontent/0056/724/908/cn56724908.jpg,"[""https://www.gap.com/webcontent/0056/724/908/cn56724908.jpg"", ""https://www.gap.com/webcontent/0056/724/919/cn56724919.jpg"", ""https://www.gap.com/webcontent/0056/724/920/cn56724920.jpg"", ""https://www.gap.com/webcontent/0056/724/915/cn56724915.jpg"", ""https://www.gap.com/webcontent/0056/724/917/cn56724917.jpg"", ""https://www.gap.com/webcontent/0056/724/918/cn56724918.jpg"", ""https://www.gap.com/webcontent/0056/724/916/cn56724916.jpg""]",False,,Sazan x JuJuBe 3 Piece Pouch Set,USD,70.0,70.0,1170014002,https://www.gap.com/browse/product.do?pid=1170014002&vid=REGULAR&searchText=bag,True,0,0,2026-02-24T06:51:56Z,1170014002,Gap
In stock,2.0,Gap,,Baby & Toddler > Nursery,"[""Olive"", ""BLACK"", ""OLIVE""]","Designed by parents who know what you need—durable, wipeable, packed with features for you and your baby, and designed to look like a bag that you'll actually want to carry. 45% of this bag is made from recycled materials. For every bag sold, we donate a percentage of the proceeds to American families in need. STATE is the family bag company that’s carrying everyone, everywhere, through the journey of life with open hands.","Dimensions:  12.2"" H x 15.7"" W x 7"" D",6,https://www.gap.com/webcontent/0061/017/603/cn61017603.jpg,"[""https://www.gap.com/webcontent/0061/017/603/cn61017603.jpg"", ""https://www.gap.com/webcontent/0061/017/467/cn61017467.jpg"", ""https://www.gap.com/webcontent/0061/017/447/cn61017447.jpg"", ""https://www.gap.com/webcontent/0061/017/469/cn61017469.jpg"", ""https://www.gap.com/webcontent/0061/017/445/cn61017445.jpg"", ""https://www.gap.com/webcontent/0061/017/472/cn61017472.jpg""]",False,,STATE Jordan Diaper Tote,USD,198.0,198.0,1175999002,https://www.gap.com/browse/product.do?pid=1175999002&vid=REGULAR&searchText=bag,True,1,1,2026-02-24T06:52:19Z,1175999002,Gap
In stock,0.0,Gap,,"Women > Bags, Scarves & More","[""Olive"", ""BLACK"", ""OLIVE""]","Perfect for overnight stays, long weekends, and everything in between, we've thought of everything with this duffle style weekender including a padded laptop pocket, interior organization, detachable pouches, and a hidden travel sleeve—it holds everything you need and keeps you feeling and looking put together wherever you go. 45% of this bag is made from recycled materials. For every bag sold, STATE donates a percentage of the proceeds to American families in need. STATE is the family bag company that’s carrying everyone, everywhere, through the journey of life with open hands.",,6,https://www.gap.com/webcontent/0061/017/327/cn61017327.jpg,"[""https://www.gap.com/webcontent/0061/017/327/cn61017327.jpg"", ""https://www.gap.com/webcontent/0061/017/572/cn61017572.jpg"", ""https://www.gap.com/webcontent/0061/017/579/cn61017579.jpg"", ""https://www.gap.com/webcontent/0061/017/343/cn61017343.jpg"", ""https://www.gap.com/webcontent/0061/017/328/cn61017328.jpg"", ""https://www.gap.com/webcontent/0061/017/074/cn61017074.jpg""]",False,,STATE Wellington Weekender,USD,195.0,195.0,1175997002,https://www.gap.com/browse/product.do?pid=1175997002&vid=REGULAR&searchText=bag,True,0,0,2026-02-24T06:52:40Z,1175997002,Gap
In stock,0.0,Gap,,Baby & Toddler > Nursery,"[""Paisley Floral""]","Celebrate life’s simple moments with the Sazan + JuJuBe collection — a keepsake line where the elegance of delicate paisley meets the comfort of 100% cotton canvas. Inspired by Sazan Hendrix’s warm and approachable lifestyle as a mom of three, these bags were thoughtfully crafted for families to make daily adventures eff ortlessly stylish and organized on the go! The Classic Backpack from JuJuBe has a sleek, innovative design that makes it easier than ever to stay organized on the go. This spacious, intuitively designed bag holds all your baby essentials - diapers, snacks, drinks, extra clothes, and more - plus personal items like your wallet, keys, and phone. Keep everything you need at your fingertips with an easy-access wipe pocket, insulated bottle pocket, and quick-reach cell phone pocket. The main compartment opens completely flat like a suitcase for easy packing, and the adjustable, contoured shoulder straps, trolley sleeve, and stroller straps add comfort and convenience. The Classic Backpack is machine-washable and features stain-resistant fabric, a mold- and bacteria-resistant lining, and durable metal hardware, so it can handle whatever you throw at it. Sazan Hendrix is an entrepreneur, author, and content creator known for her authentic storytelling. She connects with more than 1 million people worldwide through engaging  social media posts and her podcast, inspiring the joys and realities of motherhood and more. Alongside her husband, Stevie, and their three children, Valentina (“Teeny”), Amari, and Oliver, Sazan finds beauty in everyday moments, sharing the adventures of parenting, homemaking, and personal growth with her global community.",,8,https://www.gap.com/webcontent/0056/723/787/cn56723787.jpg,"[""https://www.gap.com/webcontent/0056/723/787/cn56723787.jpg"", ""https://www.gap.com/webcontent/0056/723/816/cn56723816.jpg"", ""https://www.gap.com/webcontent/0056/723/815/cn56723815.jpg"", ""https://www.gap.com/webcontent/0056/723/826/cn56723826.jpg"", ""https://www.gap.com/webcontent/0056/723/823/cn56723823.jpg"", ""https://www.gap.com/webcontent/0056/723/834/cn56723834.jpg"", ""https://www.gap.com/webcontent/0056/723/831/cn56723831.jpg"", ""https://www.gap.com/webcontent/0056/723/809/cn56723809.jpg""]",False,,Sazan x JuJuBe Classic Backpack,USD,210.0,210.0,1170012002,https://www.gap.com/browse/product.do?pid=1170012002&vid=REGULAR&searchText=bag,True,0,0,2026-02-24T06:53:02Z,1170012002,Gap
In stock,0.0,Gap,,Boys > Shop All Accessories,"[""Camo"", ""FUZZY BOLT"", ""CAMO""]","STATE's signature backpack recommended for kindergarten to third grade. The Kane Backpack fits folders and up to one 2” binder or textbook. Perfect for school, travel, and every adventure in between, this best-selling kids' backpack is as fun as it is functional. 45% of this bag is made from recycled materials. For every bag sold, STATE donates a percentage of the proceeds to American families in need.",,5,https://www.gap.com/webcontent/0061/037/218/cn61037218.jpg,"[""https://www.gap.com/webcontent/0061/037/218/cn61037218.jpg"", ""https://www.gap.com/webcontent/0061/036/176/cn61036176.jpg"", ""https://www.gap.com/webcontent/0061/036/260/cn61036260.jpg"", ""https://www.gap.com/webcontent/0061/036/261/cn61036261.jpg"", ""https://www.gap.com/webcontent/0061/037/212/cn61037212.jpg""]",False,,STATE Kane Backpack,USD,95.0,95.0,1176257002,https://www.gap.com/browse/product.do?pid=1176257002&vid=REGULAR&searchText=bag,True,0,0,2026-02-24T06:53:23Z,1176257002,Gap
In stock,0.0,Gap,,Boys > Shop All Accessories,"[""Camo"", ""ARCADE"", ""CAMO"", ""FUZZY BOLT""]","Keep travel fun for your kid and functional for you. The Logan Carry-On features smooth, 360° spinner wheels, a kid-friendly adjustable handle, and thoughtful functionality designed to keep everything in place—plus a bold, stand-out design that is just as unique as your kid. 45% of this bag is made from recycled materials. For every bag sold, State donates a percentage of the proceeds to American families in need. STATE is the family bag company that’s carrying everyone, everywhere, through the journey of life with open hands.",,4,https://www.gap.com/webcontent/0061/037/168/cn61037168.jpg,"[""https://www.gap.com/webcontent/0061/037/168/cn61037168.jpg"", ""https://www.gap.com/webcontent/0061/037/180/cn61037180.jpg"", ""https://www.gap.com/webcontent/0061/036/201/cn61036201.jpg"", ""https://www.gap.com/webcontent/0061/036/220/cn61036220.jpg""]",False,,STATE Logan Carry-On Suitcase,USD,225.0,225.0,1176252002,https://www.gap.com/browse/product.do?pid=1176252002&vid=REGULAR&searchText=bag,True,0,0,2026-02-24T06:53:44Z,1176252002,Gap
In stock,0.0,Gap,,Girls > Shop All Accessories,"[""Lilac"", ""LILAC""]","The little adventurer's perfect sidekick for their big adventures. For every bag sold, we donate a percentage of the proceeds to American families in need. STATE is the family bag company that’s carrying everyone, everywhere, through the journey of life with open hands.",,2,https://www.gap.com/webcontent/0061/017/150/cn61017150.jpg,"[""https://www.gap.com/webcontent/0061/017/150/cn61017150.jpg"", ""https://www.gap.com/webcontent/0061/017/515/cn61017515.jpg""]",False,,STATE Sunny Fanny Pack,USD,60.0,60.0,1175993002,https://www.gap.com/browse/product.do?pid=1175993002&vid=REGULAR&searchText=bag,True,0,0,2026-02-24T06:54:05Z,1175993002,Gap
In stock,0.0,Gap,,Girls > Shop All Accessories,"[""Clouds"", ""CLOUDS""]","Perfect for after-school activities, sleepovers, and weekend getaways. Designed with two handles and an adjustable crossbody strap for easy carrying. Detachable pouches for shoes and dirty clothes and interior pockets to keep everything organized. Made from recycled materials. For every bag sold, STATE donates a percentage of the proceeds to American families in need.",,4,https://www.gap.com/webcontent/0061/035/621/cn61035621.jpg,"[""https://www.gap.com/webcontent/0061/035/621/cn61035621.jpg"", ""https://www.gap.com/webcontent/0061/035/626/cn61035626.jpg"", ""https://www.gap.com/webcontent/0061/035/676/cn61035676.jpg"", ""https://www.gap.com/webcontent/0061/037/137/cn61037137.jpg""]",False,,STATE Rockaway Duffle,USD,145.0,145.0,1176124002,https://www.gap.com/browse/product.do?pid=1176124002&vid=REGULAR&searchText=bag,True,0,0,2026-02-24T06:54:27Z,1176124002,Gap
In stock,0.0,Gap,,Baby & Toddler > Nursery,"[""Taupe"", ""Black""]","With the 3-Piece Pouch Set, you’ll never misplace your most important items again! Designed to fit in the front pouch of every JuJuBe diaper bag, these practical pouches will become your everyday go-tos. Use them to keep your essentials in one place. Pack up your keys, wallet, cell phone, sunscreen, band aids, makeup, and other items you can’t leave the house without, and transfer your pouches to whichever JuJuBe bag you choose to carry that day! The large pouch comes with a detachable, adjustable shoulder strap and can be used as a small purse. A detachable wristlet strap can be used with the small, medium, and large bag.",,5,https://www.gap.com/webcontent/0056/031/014/cn56031014.jpg,"[""https://www.gap.com/webcontent/0056/031/014/cn56031014.jpg"", ""https://www.gap.com/webcontent/0056/031/041/cn56031041.jpg"", ""https://www.gap.com/webcontent/0056/030/996/cn56030996.jpg"", ""https://www.gap.com/webcontent/0056/030/986/cn56030986.jpg"", ""https://www.gap.com/webcontent/0056/031/040/cn56031040.jpg""]",False,,JuJuBe 3 Piece Pouch Set,USD,65.0,65.0,565117002,https://www.gap.com/browse/product.do?pid=565117002&vid=REGULAR&searchText=bag,True,0,0,2026-02-24T06:54:49Z,565117002,Gap
In stock,0.0,Gap,,Girls > Shop All Accessories,"[""Pink/Silver"", ""PINK/SILVER""]","A pencil case with backpack-like design. Fits writing essentials or handy school items. 45% of this bag is made from recycled materials. STATE is the family bag company that’s carrying everyone, everywhere, through the journey of life with open hands.",,3,https://www.gap.com/webcontent/0061/019/504/cn61019504.jpg,"[""https://www.gap.com/webcontent/0061/019/504/cn61019504.jpg"", ""https://www.gap.com/webcontent/0061/019/521/cn61019521.jpg"", ""https://www.gap.com/webcontent/0061/018/257/cn61018257.jpg""]",False,,STATE Clinton Kids Case,USD,28.0,28.0,1176009002,https://www.gap.com/browse/product.do?pid=1176009002&vid=REGULAR&searchText=bag,True,0,0,2026-02-24T06:55:10Z,1176009002,Gap
In stock,0.0,Gap,,Girls > Shop All Accessories,"[""Pink/Silver"", ""PINK/SILVER""]","STATE's award winning, collapsible hanging toiletry kit. Thoughtfully designed with a place for every item you need. Made from recycled materials.",,2,https://www.gap.com/webcontent/0059/974/883/cn59974883.jpg,"[""https://www.gap.com/webcontent/0059/974/883/cn59974883.jpg"", ""https://www.gap.com/webcontent/0060/115/349/cn60115349.jpg""]",False,,STATE Bensen Toiletry Kit,USD,68.0,68.0,1173122002,https://www.gap.com/browse/product.do?pid=1173122002&vid=REGULAR&searchText=bag,True,0,0,2026-02-24T06:55:31Z,1173122002,Gap
In stock,0.0,Gap,,"Women > Bags, Scarves & More","[""Purple"", ""GREEN"", ""PURPLE""]","Keep essentials close when you need a compact bag. It’s perfect for stadium regulations and statement looks. This compact cutie features two interchangeable pouches—one sleek and solid, the other clear—attached to a wide printed wrist strap that brings all the Game Day vibes. Just clip it on, load it up, and let your hands stay free while you cheer, snack, or snap pics. Shiraleah is a trend-driven lifestyle brand focusing on the little things that make life special.",,1,https://www.gap.com/webcontent/0060/739/113/cn60739113.jpg,"[""https://www.gap.com/webcontent/0060/739/113/cn60739113.jpg""]",False,,Shiraleah Taylor Mini Wristlet,USD,40.0,40.0,1175310012,https://www.gap.com/browse/product.do?pid=1175310012&vid=REGULAR&searchText=bag,True,0,0,2026-02-24T06:55:52Z,1175310012,Gap
In stock,0.0,Gap,,Baby & Toddler > Nursery,"[""Olive"", ""BLACK"", ""OLIVE""]","Designed by parents for parents, this compact stroller organizer brings the same thoughtful functionality as our award-winning diaper bag—sized down for the essentials. It clips easily onto your stroller and keeps your essentials organized, accessible, and right where you need them. Durable, easy to clean, and made to move with you. 90% of this bag is made from recycled materials. For every bag sold, we donate a percentage of the proceeds to American families in need. STATE is the family bag company that’s carrying everyone, everywhere, through the journey of life with open hands.",,4,https://www.gap.com/webcontent/0061/017/224/cn61017224.jpg,"[""https://www.gap.com/webcontent/0061/017/224/cn61017224.jpg"", ""https://www.gap.com/webcontent/0061/017/237/cn61017237.jpg"", ""https://www.gap.com/webcontent/0061/016/976/cn61016976.jpg"", ""https://www.gap.com/webcontent/0061/016/981/cn61016981.jpg""]",False,,STATE Stroller Organizer,USD,98.0,98.0,1175996002,https://www.gap.com/browse/product.do?pid=1175996002&vid=REGULAR&searchText=bag,True,0,0,2026-02-24T06:56:15Z,1175996002,Gap
In stock,0.0,Gap,,Boys > Shop All Accessories,"[""Camo"", ""CAMO""]","STATE's award winning, collapsible hanging toiletry kit. Thoughtfully designed with a place for every item you need. Made from recycled materials. STATE is the family bag company that’s carrying everyone, everywhere, through the journey of life with open hands.",,2,https://www.gap.com/webcontent/0061/019/479/cn61019479.jpg,"[""https://www.gap.com/webcontent/0061/019/479/cn61019479.jpg"", ""https://www.gap.com/webcontent/0061/019/495/cn61019495.jpg""]",False,,STATE Bensen Toiletry Kit,USD,65.0,65.0,1176008002,https://www.gap.com/browse/product.do?pid=1176008002&vid=REGULAR&searchText=bag,True,0,0,2026-02-24T06:56:36Z,1176008002,Gap
In stock,0.0,Gap,,Boys > Shop All Accessories,"[""Camo"", ""CAMO""]","The little adventurer's perfect sidekick for their big adventures. For every bag sold, we donate a percentage of the proceeds to American families in need. STATE is the family bag company that’s carrying everyone, everywhere, through the journey of life with open hands.",,2,https://www.gap.com/webcontent/0061/017/585/cn61017585.jpg,"[""https://www.gap.com/webcontent/0061/017/585/cn61017585.jpg"", ""https://www.gap.com/webcontent/0061/017/565/cn61017565.jpg""]",False,,STATE Sunny Fanny Pack,USD,60.0,60.0,1175994002,https://www.gap.com/browse/product.do?pid=1175994002&vid=REGULAR&searchText=bag,True,0,0,2026-02-24T06:56:57Z,1175994002,Gap
In stock,0.0,Gap,,"Women > Bags, Scarves & More","[""Green"", ""GREEN"", ""PURPLE""]","Keep essentials close when you need a compact bag. It’s perfect for stadium regulations and statement looks. This compact cutie features two interchangeable pouches—one sleek and solid, the other clear—attached to a wide printed wrist strap that brings all the Game Day vibes. Just clip it on, load it up, and let your hands stay free while you cheer, snack, or snap pics. Shiraleah is a trend-driven lifestyle brand focusing on the little things that make life special.",,2,https://www.gap.com/webcontent/0060/739/553/cn60739553.jpg,"[""https://www.gap.com/webcontent/0060/739/553/cn60739553.jpg"", ""https://www.gap.com/webcontent/0060/739/040/cn60739040.jpg""]",False,,Shiraleah Taylor Mini Wristlet,USD,40.0,40.0,1175310002,https://www.gap.com/browse/product.do?pid=1175310002&vid=REGULAR&searchText=bag,True,0,0,2026-02-24T06:57:18Z,1175310002,Gap
