availability_text,average_rating,brand,care_instructions,category_breadcrumb,color_options,description,dimensions,image_count,image_url,images_list,is_sale,material_text,name,price_currency,price_current,price_original,product_id,product_url,promo_excluded,rating_count,review_count,scrape_date,sku,sold_shipped_by
,4.827814569536423,J.Crew,"Our customer-favorite bag comes in a slightly larger size, with just enough room for everything you need. It's finished with a refreshed, streamlined design, an adjustable shoulder strap, an interior card pocket and a magnetic closure—so it's as practical as it is polished. Please note: The color in this suede fabric may transfer and should be handled with care.",Home > women > bags,"[""Blonde Espresso""]","Our customer-favorite bag comes in a slightly larger size, with just enough room for everything you need. It's finished with a refreshed, streamlined design, an adjustable shoulder strap, an interior card pocket and a magnetic closure—so it's as practical as it is polished. Please note: The color in this suede fabric may transfer and should be handled with care.100% leather.Leather trim.Cotton lining.Adjustable strap.Hidden magnetic closure.Imported.Select stores.Item CM933.Leather Working Group™This purchase supportsLWG-certified tanneriesLearn more about our Re-imagined fibersShop all Re-imagined styles","10""H x 15""W x 3 1/4""D; 9""-11"" strap drop.",11,"https://www.jcrew.com/s7-img-facade/CM933_EE7690?hei=1950&crop=0,0,1560,0","[""https://www.jcrew.com/s7-img-facade/CM933_EE7690?hei=1950&crop=0,0,1560,0"", ""https://www.jcrew.com/s7-img-facade/CM933_EE7690_v?hei=1700&crop=0,0,1360,0"", ""https://www.jcrew.com/s7-img-facade/CM933_EE7690_d2?hei=1080&crop=0,0,864,0"", ""https://www.jcrew.com/s7-img-facade/CM933_EE7690_d3?hei=1080&crop=0,0,864,0"", ""https://www.jcrew.com/s7-img-facade/CM933_EE7690_d4?hei=1080&crop=0,0,864,0"", ""https://www.jcrew.com/s7-img-facade/CM933_EE7690_d5?hei=1080&crop=0,0,864,0"", ""https://www.jcrew.com/s7-img-facade/CM933_EE7690"", ""https://www.jcrew.com/s7-img-facade/CM933_EE7690_d2"", ""https://www.jcrew.com/s7-img-facade/CM933_EE7690_d3"", ""https://www.jcrew.com/s7-img-facade/CM933_EE7690_d4"", ""https://www.jcrew.com/s7-img-facade/CM933_EE7690_d5""]",True,100% leather. Leather trim. Cotton lining. Adjustable strap. Hidden magnetic closure. Imported. Select stores. Item CM933.,Berkeley shoulder bag in suede,USD,274.19,178,CM933,https://www.jcrew.com/p/womens/categories/accessories/bags/berkeley/CM933?display=all&fit=Classic&colorProductCode=CM933&colorCode=EE7690,,151,151,2026-02-23T12:56:40Z,CM933_EE7690,J.Crew
,4.0,J.Crew,"We took our signature Berkeley bucket bag and softened things up with a new all-suede exterior and a more casual, slouchy shape you'll want to tote around every day. Please note: The color in this fabric may transfer and should be handled with care.",Home > women > bags,"[""Darkest Indigo"", ""Berkeley bucket bag in suede DARKEST INDIGO""]","We took our signature Berkeley bucket bag and softened things up with a new all-suede exterior and a more casual, slouchy shape you'll want to tote around every day. Please note: The color in this fabric may transfer and should be handled with care.100% leather.Tie closure.Imported.Select stores.Item CM930.Leather Working Group™This purchase supportsLWG-certified tanneriesLearn more about our Re-imagined fibersShop all Re-imagined styles","12 1/2""H x 9""W x 5 7/8""D (bottom); 12 1/2""H x 13 1/4""W x 5 7/8""D (top). 9"" strap drop. Fits 14"" laptop.",8,"https://www.jcrew.com/s7-img-facade/CM930_BL7171_m?hei=1950&crop=0,0,1560,0","[""https://www.jcrew.com/s7-img-facade/CM930_BL7171_m?hei=1950&crop=0,0,1560,0"", ""https://www.jcrew.com/s7-img-facade/CM930_BL7171_d1?hei=1080&crop=0,0,864,0"", ""https://www.jcrew.com/s7-img-facade/CM930_BL7171_d2?hei=1080&crop=0,0,864,0"", ""https://www.jcrew.com/s7-img-facade/CM930_BL7171?hei=1080&crop=0,0,864,0"", ""https://www.jcrew.com/s7-img-facade/CM930_BL7171_m"", ""https://www.jcrew.com/s7-img-facade/CM930_BL7171_d1"", ""https://www.jcrew.com/s7-img-facade/CM930_BL7171_d2"", ""https://www.jcrew.com/s7-img-facade/CM930_BL7171""]",True,100% leather. Tie closure. Imported. Select stores. Item CM930.,Berkeley bucket bag in suede,USD,198,198,CM930,https://www.jcrew.com/m/womens/categories/accessories/bags/berkeley/ME606?display=all&fit=Classic&colorProductCode=CM930&colorCode=BL7171,,73,73,2026-02-23T12:56:54Z,CM930_BL7171,J.Crew
,4.703883495145631,J.Crew,Careers,Home > women > bags,"[""Black"", ""Delphine shoulder bag in leather BLACK""]","Our design team considered every detail to give this chic carryall a custom feel, from the double-zipper closure to the feet along the bottom that protect against wear and tear. But our favorite innovation has to be the contrast suede lining, which we bonded to the outside for a slouchy-yet-structured finish. Everyday, elevated—indeed.100% leather.Custom hardware.Lined in suede.Imported.Select stores.Item CM951.Leather Working Group™This purchase supportsLWG-certified tanneriesLearn more about our Re-imagined fibersShop all Re-imagined styles","5""H x 10""W x 4 1/4""D; 9 1/2"" strap drop.",6,"https://www.jcrew.com/s7-img-facade/CM951_BK0001?hei=1950&crop=0,0,1560,0","[""https://www.jcrew.com/s7-img-facade/CM951_BK0001?hei=1950&crop=0,0,1560,0"", ""https://www.jcrew.com/s7-img-facade/CM951_BK0001_d3?hei=1080&crop=0,0,864,0"", ""https://www.jcrew.com/s7-img-facade/CM951_BK0001_d4?hei=1080&crop=0,0,864,0"", ""https://www.jcrew.com/s7-img-facade/CM951_BK0001"", ""https://www.jcrew.com/s7-img-facade/CM951_BK0001_d3"", ""https://www.jcrew.com/s7-img-facade/CM951_BK0001_d4""]",True,100% leather. Custom hardware. Lined in suede. Imported. Select stores. Item CM951.,Delphine shoulder bag in leather,USD,178,178,CM951,https://www.jcrew.com/m/womens/categories/accessories/bags/delphine/ME974?display=all&fit=Classic&colorProductCode=CM951&colorCode=BK0001,,206,206,2026-02-23T12:57:12Z,CM951_BK0001,J.Crew
,4.81858407079646,J.Crew,Careers,Home > women > bags,"[""Radiant Ruby"", ""Berkeley small shoulder bag in suede RADIANT RUBY""]","Part of our best-selling Berkeley family, this soft suede style can be worn as a shoulder bag or crossbody, thanks to the adjustable strap. It's finished with signature gold-tone hardware and is just roomy enough for your essentials—plus your current book-club read.100% leather.Leather trim.Cotton lining.Removable adjustable crossbody strap.Hidden magnetic closure.Imported.Select stores.Item CM935.Leather Working Group™This purchase supportsLWG-certified tanneriesLearn more about our Re-imagined fibersShop all Re-imagined styles","5 3/4""H x 9 7/8""W x 4"" D; 5 1/2""-7 1/2"" strap drop.",10,"https://www.jcrew.com/s7-img-facade/CM935_RD0136?hei=1950&crop=0,0,1560,0","[""https://www.jcrew.com/s7-img-facade/CM935_RD0136?hei=1950&crop=0,0,1560,0"", ""https://www.jcrew.com/s7-img-facade/CM935_RD0136_d6?hei=1080&crop=0,0,864,0"", ""https://www.jcrew.com/s7-img-facade/CM935_RD0136_d8?hei=1080&crop=0,0,864,0"", ""https://www.jcrew.com/s7-img-facade/CM935_RD0136_d9?hei=1080&crop=0,0,864,0"", ""https://www.jcrew.com/s7-img-facade/CM935_RD0136_ed?hei=1080&crop=0,0,864,0"", ""https://www.jcrew.com/s7-img-facade/CM935_RD0136"", ""https://www.jcrew.com/s7-img-facade/CM935_RD0136_d6"", ""https://www.jcrew.com/s7-img-facade/CM935_RD0136_d8"", ""https://www.jcrew.com/s7-img-facade/CM935_RD0136_d9"", ""https://www.jcrew.com/s7-img-facade/CM935_RD0136_ed""]",False,100% leather. Leather trim. Cotton lining. Removable adjustable crossbody strap. Hidden magnetic closure. Imported. Select stores. Item CM935.,Berkeley small shoulder bag in suede,USD,148,148,CM935,https://www.jcrew.com/m/womens/categories/accessories/bags/berkeley/ME975?display=all&fit=Classic&colorProductCode=CM935&colorCode=RD0136,,226,226,2026-02-23T12:57:26Z,CM935_RD0136,J.Crew
,4.6521739130434785,J.Crew,"Part of our best-selling Berkeley family, this suede shoulder bag comes in a slightly larger size, with just enough room for everything you need. It's finished with a sleek chainlink strap, a refreshed streamlined design, an interior card pocket and a magnetic closure—so it's as practical as it is polished. Please note: The color in this fabric may transfer and should be handled with care.",Home > women > bags,"[""Warmed Walnut""]","Part of our best-selling Berkeley family, this suede shoulder bag comes in a slightly larger size, with just enough room for everything you need. It's finished with a sleek chainlink strap, a refreshed streamlined design, an interior card pocket and a magnetic closure—so it's as practical as it is polished. Please note: The color in this fabric may transfer and should be handled with care.100% leather.Leather trim.Cotton lining.Hidden magnetic closure.Imported.Select stores.Item CM934.Leather Working Group™This purchase supportsLWG-certified tanneriesLearn more about our Re-imagined fibersShop all Re-imagined styles","10""H x 15""W x 3 1/4""D. 11"" strap drop.",12,"https://www.jcrew.com/s7-img-facade/CM934_BR8760_m?hei=1950&crop=0,0,1560,0","[""https://www.jcrew.com/s7-img-facade/CM934_BR8760_m?hei=1950&crop=0,0,1560,0"", ""https://www.jcrew.com/s7-img-facade/CM934_BR8760_d1?hei=1080&crop=0,0,864,0"", ""https://www.jcrew.com/s7-img-facade/CM934_BR8760_d3?hei=1080&crop=0,0,864,0"", ""https://www.jcrew.com/s7-img-facade/CM934_BR8760_d4?hei=1080&crop=0,0,864,0"", ""https://www.jcrew.com/s7-img-facade/CM934_BR8760_d5?hei=1080&crop=0,0,864,0"", ""https://www.jcrew.com/s7-img-facade/CM934_BR8760?hei=1080&crop=0,0,864,0"", ""https://www.jcrew.com/s7-img-facade/CM934_BR8760_m"", ""https://www.jcrew.com/s7-img-facade/CM934_BR8760_d1"", ""https://www.jcrew.com/s7-img-facade/CM934_BR8760_d3"", ""https://www.jcrew.com/s7-img-facade/CM934_BR8760_d4"", ""https://www.jcrew.com/s7-img-facade/CM934_BR8760_d5"", ""https://www.jcrew.com/s7-img-facade/CM934_BR8760""]",True,100% leather. Leather trim. Cotton lining. Hidden magnetic closure. Imported. Select stores. Item CM934.,Berkeley chainlink shoulder bag in suede,USD,366.6,238,CM934,https://www.jcrew.com/p/womens/categories/accessories/bags/berkeley/CM934?display=all&fit=Classic&colorProductCode=CM934&colorCode=BR8760,,92,92,2026-02-23T12:57:37Z,CM934_BR8760,J.Crew
,4.568627450980392,J.Crew,Careers,Home > women > bags,"[""Black"", ""Drawstring pouch bag in leather BLACK""]","Bring this sleek, statement-making drawstring bag to your next party for all the compliments. Because we love options, it comes with a removable top handle, so you can wear it on your arm or hold it as a clutch.Leather.Imported.Select stores.Item CP050.","6 1/4""H x 7 3/4""W x 2 5/8""D; 7"" handle drop.",9,"https://www.jcrew.com/s7-img-facade/CP050_BK0001?hei=1950&crop=0,0,1560,0","[""https://www.jcrew.com/s7-img-facade/CP050_BK0001?hei=1950&crop=0,0,1560,0"", ""https://www.jcrew.com/s7-img-facade/CP050_BK0001_v?hei=1700&crop=0,0,1360,0"", ""https://www.jcrew.com/s7-img-facade/CP050_BK0001_d3?hei=1080&crop=0,0,864,0"", ""https://www.jcrew.com/s7-img-facade/CP050_BK0001_d4?hei=1080&crop=0,0,864,0"", ""https://www.jcrew.com/s7-img-facade/CP050_BK0001_d6?hei=1080&crop=0,0,864,0"", ""https://www.jcrew.com/s7-img-facade/CP050_BK0001"", ""https://www.jcrew.com/s7-img-facade/CP050_BK0001_d3"", ""https://www.jcrew.com/s7-img-facade/CP050_BK0001_d4"", ""https://www.jcrew.com/s7-img-facade/CP050_BK0001_d6""]",True,Leather. Imported. Select stores. Item CP050.,Drawstring pouch bag in leather,USD,148,148,CP050,https://www.jcrew.com/m/womens/categories/accessories/bags/clutches-and-pouches/ME782?display=all&fit=Classic&colorProductCode=CP050&colorCode=BK0001,,51,51,2026-02-23T12:57:58Z,CP050_BK0001,J.Crew
,4.857142857142857,J.Crew,"Part of our best-selling Berkeley family, this structured shoulder bag comes in a slightly smaller size with just enough room for your essentials—plus your current book-club read. It's finished with a zipper closure, inner pockets and croc-embossed leather handles, aka the easiest way to add extra polish. Please note: The color in this fabric may transfer and should be handled with care.",Home > women > bags,"[""Chocolate Berry""]","Part of our best-selling Berkeley family, this structured shoulder bag comes in a slightly smaller size with just enough room for your essentials—plus your current book-club read. It's finished with a zipper closure, inner pockets and croc-embossed leather handles, aka the easiest way to add extra polish. Please note: The color in this fabric may transfer and should be handled with care.Suede body.Leather handles.Imported.Select stores.Item CR297.Leather Working Group™This purchase supportsLWG-certified tanneriesLearn more about our Re-imagined fibersShop all Re-imagined styles","6""H x 12 3/4""W. 8 1/2"" strap drop.",11,"https://www.jcrew.com/s7-img-facade/CR297_BR8801_m?hei=1950&crop=0,0,1560,0","[""https://www.jcrew.com/s7-img-facade/CR297_BR8801_m?hei=1950&crop=0,0,1560,0"", ""https://www.jcrew.com/s7-img-facade/CR297_BR8801_v?hei=1700&crop=0,0,1360,0"", ""https://www.jcrew.com/s7-img-facade/CR297_BR8801_d1?hei=1080&crop=0,0,864,0"", ""https://www.jcrew.com/s7-img-facade/CR297_BR8801_d3?hei=1080&crop=0,0,864,0"", ""https://www.jcrew.com/s7-img-facade/CR297_BR8801_d4?hei=1080&crop=0,0,864,0"", ""https://www.jcrew.com/s7-img-facade/CR297_BR8801?hei=1080&crop=0,0,864,0"", ""https://www.jcrew.com/s7-img-facade/CR297_BR8801_m"", ""https://www.jcrew.com/s7-img-facade/CR297_BR8801_d1"", ""https://www.jcrew.com/s7-img-facade/CR297_BR8801_d3"", ""https://www.jcrew.com/s7-img-facade/CR297_BR8801_d4"", ""https://www.jcrew.com/s7-img-facade/CR297_BR8801""]",True,Suede body. Leather handles. Imported. Select stores. Item CR297.,Berkeley structured shoulder bag in suede and croc-embossed leather,USD,289.58,188,CR297,https://www.jcrew.com/p/womens/categories/accessories/bags/berkeley/CR297?display=all&fit=Classic&colorProductCode=CR297&colorCode=BR8801,,7,7,2026-02-23T12:58:31Z,CR297_BR8801,J.Crew
,4.556451612903226,J.Crew,"!function(e){var n=""https://s.go-mpulse.net/boomerang/"";if(""False""==""True"")e.BOOMR_config=e.BOOMR_config||{},e.BOOMR_config.PageParams=e.BOOMR_config.PageParams||{},e.BOOMR_config.PageParams.pci=!0,n=""https://s2.go-mpulse.net/boomerang/"";if(window.BOOMR_API_key=""BMA96-GWB3E-3GWM5-SVCSA-YNXVK"",function(){function e(){if(!o){var e=document.createElement(""script"");e.id=""boomr-scr-as"",e.src=window.BOOMR.url,e.async=!0,i.parentNode.appendChild(e),o=!0}}function t(e){o=!0;var n,t,a,r,d=document,O=window;if(window.BOOMR.snippetMethod=e?""if"":""i"",t=function(e,n){var t=d.createElement(""script"");t.id=n||""boomr-if-as"",t.src=window.BOOMR.url,BOOMR_lstart=(new Date).getTime(),e=e||d.body,e.appendChild(t)},!window.addEventListener&&window.attachEvent&&navigator.userAgent.match(/MSIE [67]\./))return window.BOOMR.snippetMethod=""s"",void t(i.parentNode,""boomr-async"");a=document.createElement(""IFRAME""),a.src=""about:blank"",a.title="""",a.role=""presentation"",a.loading=""eager"",r=(a.frameElement||a).style,r.width=0,r.height=0,r.border=0,r.display=""none"",i.parentNode.appendChild(a);try{O=a.contentWindow,d=O.document.open()}catch(_){n=document.domain,a.src=""javascript:var d=document.open();d.domain='""+n+""';void(0);"",O=a.contentWindow,d=O.document.open()}if(n)d._boomrl=function(){this.domain=n,t()},d.write(""<bo""+""dy onload='document._boomrl();'>"");else if(O._boomrl=function(){t()},O.addEventListener)O.addEventListener(""load"",O._boomrl,!1);else if(O.attachEvent)O.attachEvent(""onload"",O._boomrl);d.close()}function a(e){window.BOOMR_onload=e&&e.timeStamp||(new Date).getTime()}if(!window.BOOMR||!window.BOOMR.version&&!window.BOOMR.snippetExecuted){window.BOOMR=window.BOOMR||{},window.BOOMR.snippetStart=(new Date).getTime(),window.BOOMR.snippetExecuted=!0,window.BOOMR.snippetVersion=12,window.BOOMR.url=n+""BMA96-GWB3E-3GWM5-SVCSA-YNXVK"";var i=document.currentScript||document.getElementsByTagName(""script"")[0],o=!1,r=document.createElement(""link"");if(r.relList&&""function""==typeof r.relList.supports&&r.relList.supports(""preload"")&&""as""in r)window.BOOMR.snippetMethod=""p"",r.href=window.BOOMR.url,r.rel=""preload"",r.as=""script"",r.addEventListener(""load"",e),r.addEventListener(""error"",function(){t(!0)}),setTimeout(function(){if(!o)t(!0)},3e3),BOOMR_lstart=(new Date).getTime(),i.parentNode.appendChild(r);else t(!1);if(window.addEventListener)window.addEventListener(""load"",a,!1);else if(window.attachEvent)window.attachEvent(""onload"",a)}}(),"""".length>0)if(e&&""performance""in e&&e.performance&&""function""==typeof e.performance.setResourceTimingBufferSize)e.performance.setResourceTimingBufferSize();!function(){if(BOOMR=e.BOOMR||{},BOOMR.plugins=BOOMR.plugins||{},!BOOMR.plugins.AK){var n=""true""==""true""?1:0,t=""cookiepresent"",a=""wzgtv2qx3ls3w2m4j34a-f-853d24bfb-clientnsv4-s.akamaihd.net"",i=""false""==""true""?2:1,o={""ak.v"":""39"",""ak.cp"":""690450"",""ak.ai"":parseInt(""186607"",10),""ak.ol"":""0"",""ak.cr"":12,""ak.ipv"":4,""ak.proto"":""h2"",""ak.rid"":""e5b4762a"",""ak.r"":50702,""ak.a2"":n,""ak.m"":""x"",""ak.n"":""essl"",""ak.bpcip"":""182.77.58.0"",""ak.cport"":58764,""ak.gh"":""23.48.245.229"",""ak.quicv"":"""",""ak.tlsv"":""tls1.3"",""ak.0rtt"":"""",""ak.0rtt.ed"":"""",""ak.csrc"":""-"",""ak.acc"":"""",""ak.t"":""1771851512"",""ak.ak"":""hOBiQwZUYzCg5VSAfCLimQ==u1+yROp5vYMyXM+Ui7q0t1v3/rXq2oCuAeFVXLo2bVO9Nhz3tFFZFtUESLsHrU/l3fn5WrX87tMIA2FNaBfFomjtAHOR8CnXU/cLijxUAOk9eYxc+2YyN+gaKjWa8T9L8CqnfQImkhIKNLOa1HQwQk1ygwByqj8SV+a8T5dvsZ+AHUaoQOfx91Smrc4U93XtQ3hdMcgliCaREmHcZ3X8cfg5PyRecUF4wJjZZ7prVNV0sYNOUhSk4EOdxEhXJ4IYPLlRuG4DEUKbNVwqOuMI95pMIdUUNNQiDDQXebOo80OMqYHMtBfyRcUe2MnLQCLXzX141KvV7UD/QgQcqGQdBPddIp30ypqthb+yvDX3MpOcMAPnE3tMos7V0hrV8JLoWZlKuy5yecdWCJNNhVpAWL1jhzT6pUQbctsLKpZPDRA="",""ak.pv"":""847"",""ak.dpoabenc"":"""",""ak.tf"":i};if(""""!==t)o[""ak.ruds""]=t;var r={i:!1,av:function(n){var t=""http.initiator"";if(n&&(!n[t]||""spa_hard""===n[t]))o[""ak.feo""]=void 0!==e.aFeoApplied?1:0,BOOMR.addVar(o)},rv:function(){var e=[""ak.bpcip"",""ak.cport"",""ak.cr"",""ak.csrc"",""ak.gh"",""ak.ipv"",""ak.m"",""ak.n"",""ak.ol"",""ak.proto"",""ak.quicv"",""ak.tlsv"",""ak.0rtt"",""ak.0rtt.ed"",""ak.r"",""ak.acc"",""ak.t"",""ak.tf""];BOOMR.removeVar(e)}};BOOMR.plugins.AK={akVars:o,akDNSPreFetchDomain:a,init:function(){if(!r.i){var e=BOOMR.subscribe;e(""before_beacon"",r.av,null,null),e(""onbeacon"",r.rv,null,null),r.i=!0}return this},is_complete:function(){return!0}}}}()}(window);",Home > women > bags,"[""Natural""]","Our latest style makes lugging everything around so cute and easy (including itself, since you can fold it neatly to store in your trunk or luggage). Inside, you'll also find an interior pocket so that essentials like your keys, sunglasses and SPF won't get lost.Paper.Leather lining.Imported.Select stores.Item BZ445.","12 1/2""H x 12 1/2""W x 12 1/2""D; 9"" handle drop.",8,"https://www.jcrew.com/s7-img-facade/BZ445_NA6445?hei=1950&crop=0,0,1560,0","[""https://www.jcrew.com/s7-img-facade/BZ445_NA6445?hei=1950&crop=0,0,1560,0"", ""https://www.jcrew.com/s7-img-facade/BZ445_NA6445_d4?hei=1080&crop=0,0,864,0"", ""https://www.jcrew.com/s7-img-facade/BZ445_NA6445_d5?hei=1080&crop=0,0,864,0"", ""https://www.jcrew.com/s7-img-facade/BZ445_NA6445_d6?hei=1080&crop=0,0,864,0"", ""https://www.jcrew.com/s7-img-facade/BZ445_NA6445"", ""https://www.jcrew.com/s7-img-facade/BZ445_NA6445_d4"", ""https://www.jcrew.com/s7-img-facade/BZ445_NA6445_d5"", ""https://www.jcrew.com/s7-img-facade/BZ445_NA6445_d6""]",False,Paper. Leather lining. Imported. Select stores. Item BZ445.,Large handknotted packable tote bag,USD,274.19,178,BZ445,https://www.jcrew.com/p/womens/categories/accessories/bags/straw/BZ445?display=all&fit=Classic&colorProductCode=BZ445&colorCode=NA6445,,124,124,2026-02-23T12:59:03Z,BZ445_NA6445,J.Crew
,4.8493150684931505,J.Crew,Careers,Home > women > bags,"[""Sea Salt Crimson Cinder""]",this eye-catching tote is along for every spring adventure.Cotton.Import.Item BM842.,"15 1/2""H x 17""W x 2 5/8""D; 10"" handle drop.",2,"https://www.jcrew.com/s7-img-facade/BM842_PT8750?hei=1950&crop=0,0,1560,0","[""https://www.jcrew.com/s7-img-facade/BM842_PT8750?hei=1950&crop=0,0,1560,0"", ""https://www.jcrew.com/s7-img-facade/BM842_PT8750""]",False,Cotton. Import. Item BM842.,Printed reusable everyday tote,USD,30.04,,BM842,https://www.jcrew.com/p/womens/categories/accessories/bags/shoulder-bags/BM842?display=all&fit=Classic&colorProductCode=BM842&colorCode=PT8750,,73,73,2026-02-23T12:59:35Z,BM842_PT8750,J.Crew
,5.0,J.Crew,Careers,Home > women > bags,"[""Washed Brown""]","We took our signature tote and sized it up—making room for everything you need (and then some). With a slightly more structured silhouette, sleek flap closure and an extra-spacious interior, it's the all-day, everyday bag you've been waiting for. Plus, you'll love the expertly treated leather with a soft, lived-in patina (aka natural marks that add heritage-inspired character).100% leather.Cotton lining.Imported.Select stores.Item CR874.Leather Working Group™This purchase supportsLWG-certified tanneriesLearn more about our Re-imagined fibersShop all Re-imagined styles","10 1/2""H x 15 7/8""W x 7 1/4""D. 8 1/2"" strap drop.",12,"https://www.jcrew.com/s7-img-facade/CR874_EE9608?hei=1950&crop=0,0,1560,0","[""https://www.jcrew.com/s7-img-facade/CR874_EE9608?hei=1950&crop=0,0,1560,0"", ""https://www.jcrew.com/s7-img-facade/CR874_EE9608_d2?hei=1080&crop=0,0,864,0"", ""https://www.jcrew.com/s7-img-facade/CR874_EE9608_d3?hei=1080&crop=0,0,864,0"", ""https://www.jcrew.com/s7-img-facade/CR874_EE9608_d4?hei=1080&crop=0,0,864,0"", ""https://www.jcrew.com/s7-img-facade/CR874_EE9608_d5?hei=1080&crop=0,0,864,0"", ""https://www.jcrew.com/s7-img-facade/CR874_EE9608_d6?hei=1080&crop=0,0,864,0"", ""https://www.jcrew.com/s7-img-facade/CR874_EE9608"", ""https://www.jcrew.com/s7-img-facade/CR874_EE9608_d2"", ""https://www.jcrew.com/s7-img-facade/CR874_EE9608_d3"", ""https://www.jcrew.com/s7-img-facade/CR874_EE9608_d4"", ""https://www.jcrew.com/s7-img-facade/CR874_EE9608_d5"", ""https://www.jcrew.com/s7-img-facade/CR874_EE9608_d6""]",False,100% leather. Cotton lining. Imported. Select stores. Item CR874.,Berkeley large tote in leather,USD,505.22,328,CR874,https://www.jcrew.com/p/womens/categories/accessories/bags/berkeley/CR874?display=all&fit=Classic&colorProductCode=CR874&colorCode=EE9608,,1,1,2026-02-23T13:00:07Z,CR874_EE9608,J.Crew
,5.0,J.Crew,Careers,Home > women > bags,"[""Washed Brown"", ""Evie shoulder bag in leather WASHED BROWN""]","Meet Evie, a slightly larger, more relaxed take on our classic shoulder bags. This one has a soft slouch and two interior compartments for easy organization, plus a lock clasp and clochette detail to hang charms and keys. Plus, you'll love the expertly treated leather with a soft, lived-in patina (aka natural marks that add heritage-inspired character.)100% leather.Imported.Select stores.Item CR873.Leather Working Group™This purchase supportsLWG-certified tanneriesLearn more about our Re-imagined fibersShop all Re-imagined styles","7 1/2""H x 12 3/8""W x 4""D. 8 1/2"" strap drop.",15,"https://www.jcrew.com/s7-img-facade/CR873_EE9608_m?hei=1950&crop=0,0,1560,0","[""https://www.jcrew.com/s7-img-facade/CR873_EE9608_m?hei=1950&crop=0,0,1560,0"", ""https://www.jcrew.com/s7-img-facade/CR873_EE9608_v?hei=1700&crop=0,0,1360,0"", ""https://www.jcrew.com/s7-img-facade/CR873_EE9608_d2?hei=1080&crop=0,0,864,0"", ""https://www.jcrew.com/s7-img-facade/CR873_EE9608_d3?hei=1080&crop=0,0,864,0"", ""https://www.jcrew.com/s7-img-facade/CR873_EE9608_d4?hei=1080&crop=0,0,864,0"", ""https://www.jcrew.com/s7-img-facade/CR873_EE9608_d5?hei=1080&crop=0,0,864,0"", ""https://www.jcrew.com/s7-img-facade/CR873_EE9608_d6?hei=1080&crop=0,0,864,0"", ""https://www.jcrew.com/s7-img-facade/CR873_EE9608?hei=1080&crop=0,0,864,0"", ""https://www.jcrew.com/s7-img-facade/CR873_EE9608_m"", ""https://www.jcrew.com/s7-img-facade/CR873_EE9608_d2"", ""https://www.jcrew.com/s7-img-facade/CR873_EE9608_d3"", ""https://www.jcrew.com/s7-img-facade/CR873_EE9608_d4"", ""https://www.jcrew.com/s7-img-facade/CR873_EE9608_d5"", ""https://www.jcrew.com/s7-img-facade/CR873_EE9608_d6"", ""https://www.jcrew.com/s7-img-facade/CR873_EE9608""]",False,100% leather. Imported. Select stores. Item CR873.,Evie shoulder bag in leather,USD,228,228,CR873,https://www.jcrew.com/m/womens/categories/accessories/bags/shoulder-bags/ME893?display=all&fit=Classic&colorProductCode=CR873&colorCode=EE9608,,2,2,2026-02-23T13:00:39Z,CR873_EE9608,J.Crew
,,J.Crew,"We took the slouchy suede bucket bag you love and added a removable belt with a custom buckle (which matches back to our belt collection for peak coordination). To keep things secure, it also comes with an easy self-tie closure on the inside. Please note: Color may transfer onto this style when worn with denim. Please handle with care.",Home > women > bags,"[""Hot Desert""]","We took the slouchy suede bucket bag you love and added a removable belt with a custom buckle (which matches back to our belt collection for peak coordination). To keep things secure, it also comes with an easy self-tie closure on the inside. Please note: Color may transfer onto this style when worn with denim. Please handle with care.100% leather.Imported.Select stores.Item CR875.Leather Working Group™This purchase supportsLWG-certified tanneriesLearn more about our Re-imagined fibersShop all Re-imagined styles","12 1/2""H x 13 1/4""W x 5 7/8""D. 9"" strap drop.",10,"https://www.jcrew.com/s7-img-facade/CR875_NA6524?hei=1950&crop=0,0,1560,0","[""https://www.jcrew.com/s7-img-facade/CR875_NA6524?hei=1950&crop=0,0,1560,0"", ""https://www.jcrew.com/s7-img-facade/CR875_NA6524_d2?hei=1080&crop=0,0,864,0"", ""https://www.jcrew.com/s7-img-facade/CR875_NA6524_d3?hei=1080&crop=0,0,864,0"", ""https://www.jcrew.com/s7-img-facade/CR875_NA6524_d4?hei=1080&crop=0,0,864,0"", ""https://www.jcrew.com/s7-img-facade/CR875_NA6524_d5?hei=1080&crop=0,0,864,0"", ""https://www.jcrew.com/s7-img-facade/CR875_NA6524"", ""https://www.jcrew.com/s7-img-facade/CR875_NA6524_d2"", ""https://www.jcrew.com/s7-img-facade/CR875_NA6524_d3"", ""https://www.jcrew.com/s7-img-facade/CR875_NA6524_d4"", ""https://www.jcrew.com/s7-img-facade/CR875_NA6524_d5""]",True,100% leather. Imported. Select stores. Item CR875.,Berkeley belted bucket bag in suede,USD,351.2,228,CR875,https://www.jcrew.com/p/womens/categories/accessories/bags/berkeley/CR875?display=all&fit=Classic&colorProductCode=CR875&colorCode=NA6524,,,,2026-02-23T13:01:11Z,CR875_NA6524,J.Crew
,5.0,J.Crew,"Meet Evie, a slightly larger, more relaxed take on our classic shoulder bags. This one has a soft slouch and two interior compartments for easy organization, plus a lock clasp and clochette detail to hang charms and keys. Please note: Color may transfer onto this style when worn with denim. Please handle with care.",Home > women > bags,"[""Rosette Pink"", ""Evie shoulder bag in suede ROSETTE PINK""]","Meet Evie, a slightly larger, more relaxed take on our classic shoulder bags. This one has a soft slouch and two interior compartments for easy organization, plus a lock clasp and clochette detail to hang charms and keys. Please note: Color may transfer onto this style when worn with denim. Please handle with care.100% leather.Imported.Online only.Item CR872.Leather Working Group™This purchase supportsLWG-certified tanneriesLearn more about our Re-imagined fibersShop all Re-imagined styles","7 1/2""H x 12 3/8""W x 4""D. 8 1/2"" strap drop.",6,"https://www.jcrew.com/s7-img-facade/CR872_EE9641?hei=1950&crop=0,0,1560,0","[""https://www.jcrew.com/s7-img-facade/CR872_EE9641?hei=1950&crop=0,0,1560,0"", ""https://www.jcrew.com/s7-img-facade/CR872_EE9641_d6?hei=1080&crop=0,0,864,0"", ""https://www.jcrew.com/s7-img-facade/CR872_EE9641_d7?hei=1080&crop=0,0,864,0"", ""https://www.jcrew.com/s7-img-facade/CR872_EE9641"", ""https://www.jcrew.com/s7-img-facade/CR872_EE9641_d6"", ""https://www.jcrew.com/s7-img-facade/CR872_EE9641_d7""]",False,100% leather. Imported. Online only. Item CR872.,Evie shoulder bag in suede,USD,228,228,CR872,https://www.jcrew.com/m/womens/categories/accessories/bags/shoulder-bags/ME893?display=all&fit=Classic&colorProductCode=CR872&colorCode=EE9641,,2,2,2026-02-23T13:01:43Z,CR872_EE9641,J.Crew
,4.512820512820513,J.Crew,Careers,Home > women > bags,"[""Warmed Walnut""]","Part of our Berkeley family, we took our signature bucket bag and sized it up—making room for more of what you need, from workday essentials to weekend extras. Crafted in leather that holds its shape—and its own—it's the polished carryall you've been asking for.100% leather.Tie closure.Imported.Select stores.Item CM931.Leather Working Group™This purchase supportsLWG-certified tanneriesLearn more about our Re-imagined fibersShop all Re-imagined styles","13 1/2""H x 10 5/8""W x 6 1/2""D (bottom). 13 1/2""H x 15""W x 6 1/2""D (top). 10"" strap drop. Fits 16"" laptop.",12,"https://www.jcrew.com/s7-img-facade/CM931_BR8760?hei=1950&crop=0,0,1560,0","[""https://www.jcrew.com/s7-img-facade/CM931_BR8760?hei=1950&crop=0,0,1560,0"", ""https://www.jcrew.com/s7-img-facade/CM931_BR8760_v?hei=1700&crop=0,0,1360,0"", ""https://www.jcrew.com/s7-img-facade/CM931_BK0001_v?hei=1700&crop=0,0,1360,0"", ""https://www.jcrew.com/s7-img-facade/CM931_BR8760_d4?hei=1080&crop=0,0,864,0"", ""https://www.jcrew.com/s7-img-facade/CM931_BK0001_d1?hei=1080&crop=0,0,864,0"", ""https://www.jcrew.com/s7-img-facade/CM931_BK0001_d3?hei=1080&crop=0,0,864,0"", ""https://www.jcrew.com/s7-img-facade/CM931_BK0001_d4?hei=1080&crop=0,0,864,0"", ""https://www.jcrew.com/s7-img-facade/CM931_BR8760"", ""https://www.jcrew.com/s7-img-facade/CM931_BR8760_d4"", ""https://www.jcrew.com/s7-img-facade/CM931_BK0001_d1"", ""https://www.jcrew.com/s7-img-facade/CM931_BK0001_d3"", ""https://www.jcrew.com/s7-img-facade/CM931_BK0001_d4""]",True,100% leather. Tie closure. Imported. Select stores. Item CM931.,Berkeley big bucket bag in leather,USD,351.2,228,CM931,https://www.jcrew.com/p/womens/categories/accessories/bags/berkeley/CM931?display=all&fit=Classic&colorProductCode=CM931&colorCode=BR8760,,39,39,2026-02-23T13:02:15Z,CM931_BR8760,J.Crew
,4.703883495145631,J.Crew,Careers,Home > women > bags,"[""Perfect Chocolate"", ""Delphine shoulder bag in suede PERFECT CHOCOLATE""]","Our design team considered every detail to give this chic carryall a custom feel, from the double-zipper closure to the feet along the bottom that protect against wear and tear. But our favorite innovation has to be the contrast suede lining, which we bonded to the outside for a slouchy-yet-structured finish. Everyday, elevated—indeed.100% leather.Imported.Select stores.Item CP048.Leather Working Group™This purchase supportsLWG-certified tanneriesLearn more about our Re-imagined fibersShop all Re-imagined styles","5""H x 10""W x 4 1/4""D; 9 1/2"" strap drop.",9,"https://www.jcrew.com/s7-img-facade/CP048_EE8669?hei=1950&crop=0,0,1560,0","[""https://www.jcrew.com/s7-img-facade/CP048_EE8669?hei=1950&crop=0,0,1560,0"", ""https://www.jcrew.com/s7-img-facade/CP048_EE8669_v?hei=1700&crop=0,0,1360,0"", ""https://www.jcrew.com/s7-img-facade/CP048_EE8669_d2?hei=1080&crop=0,0,864,0"", ""https://www.jcrew.com/s7-img-facade/CP048_EE8669_d3?hei=1080&crop=0,0,864,0"", ""https://www.jcrew.com/s7-img-facade/CP048_EE8669_d4?hei=1080&crop=0,0,864,0"", ""https://www.jcrew.com/s7-img-facade/CP048_EE8669"", ""https://www.jcrew.com/s7-img-facade/CP048_EE8669_d2"", ""https://www.jcrew.com/s7-img-facade/CP048_EE8669_d3"", ""https://www.jcrew.com/s7-img-facade/CP048_EE8669_d4""]",True,100% leather. Imported. Select stores. Item CP048.,Delphine shoulder bag in suede,USD,198,178,CP048,https://www.jcrew.com/m/womens/categories/accessories/bags/delphine/ME974?display=all&fit=Classic&colorProductCode=CP048&colorCode=EE8669,,206,206,2026-02-23T13:02:47Z,CP048_EE8669,J.Crew
,4.2,J.Crew,Careers,Home > women > bags,"[""Black""]","We took the sleek leather bucket bag you love and added a removable grommet-accented belt (which matches back to our belt collection for peak coordination). Bonus: To keep things secure, it also comes with an easy self-tie closure on the inside.Leather.Self-tie closure.Select stores.Item CR299.Leather Working Group™This purchase supportsLWG-certified tanneriesLearn more about our Re-imagined fibersShop all Re-imagined styles","12 1/2""H x 13 1/4""W. 1 1/8"" strap width. 9"" handle drop.",12,"https://www.jcrew.com/s7-img-facade/CR299_BK0001_m?hei=1950&crop=0,0,1560,0","[""https://www.jcrew.com/s7-img-facade/CR299_BK0001_m?hei=1950&crop=0,0,1560,0"", ""https://www.jcrew.com/s7-img-facade/CR299_BK0001_d2?hei=1080&crop=0,0,864,0"", ""https://www.jcrew.com/s7-img-facade/CR299_BK0001_d3?hei=1080&crop=0,0,864,0"", ""https://www.jcrew.com/s7-img-facade/CR299_BK0001_d4?hei=1080&crop=0,0,864,0"", ""https://www.jcrew.com/s7-img-facade/CR299_BK0001_d5?hei=1080&crop=0,0,864,0"", ""https://www.jcrew.com/s7-img-facade/CR299_BK0001?hei=1080&crop=0,0,864,0"", ""https://www.jcrew.com/s7-img-facade/CR299_BK0001_m"", ""https://www.jcrew.com/s7-img-facade/CR299_BK0001_d2"", ""https://www.jcrew.com/s7-img-facade/CR299_BK0001_d3"", ""https://www.jcrew.com/s7-img-facade/CR299_BK0001_d4"", ""https://www.jcrew.com/s7-img-facade/CR299_BK0001_d5"", ""https://www.jcrew.com/s7-img-facade/CR299_BK0001""]",True,Leather. Self-tie closure. Select stores. Item CR299.,Berkeley belted bucket bag in studded leather,USD,382.01,248,CR299,https://www.jcrew.com/p/womens/categories/accessories/bags/berkeley/CR299?display=all&fit=Classic&colorProductCode=CR299&colorCode=BK0001,,5,5,2026-02-23T13:03:19Z,CR299_BK0001,J.Crew
,4.81858407079646,J.Crew,"Part of our best-selling Berkeley family, this suede shoulder bag comes in our slightly smaller size, with just enough room for your essentials. It's finished with a sleek chainlink strap, a refreshed, streamlined design, an interior card pocket and a magnetic closure—so it's as practical as it is polished. Please note: The color in this fabric may transfer and should be handled with care.",Home > women > bags,"[""Black""]","Part of our best-selling Berkeley family, this suede shoulder bag comes in our slightly smaller size, with just enough room for your essentials. It's finished with a sleek chainlink strap, a refreshed, streamlined design, an interior card pocket and a magnetic closure—so it's as practical as it is polished. Please note: The color in this fabric may transfer and should be handled with care.100% leather.Imported.Select stores.Item CP938.Leather Working Group™This purchase supportsLWG-certified tanneriesLearn more about our Re-imagined fibersShop all Re-imagined styles","5 3/4""H x 9 7/8""W x 3 1/2""D; 7 1/2"" handle drop.",11,"https://www.jcrew.com/s7-img-facade/CP938_BK0001_m?hei=1950&crop=0,0,1560,0","[""https://www.jcrew.com/s7-img-facade/CP938_BK0001_m?hei=1950&crop=0,0,1560,0"", ""https://www.jcrew.com/s7-img-facade/CP938_BK0001_v?hei=1700&crop=0,0,1360,0"", ""https://www.jcrew.com/s7-img-facade/CP938_BK0001_d3?hei=1080&crop=0,0,864,0"", ""https://www.jcrew.com/s7-img-facade/CP938_BK0001_d4?hei=1080&crop=0,0,864,0"", ""https://www.jcrew.com/s7-img-facade/CP938_BK0001_d5?hei=1080&crop=0,0,864,0"", ""https://www.jcrew.com/s7-img-facade/CP938_BK0001?hei=1080&crop=0,0,864,0"", ""https://www.jcrew.com/s7-img-facade/CP938_BK0001_m"", ""https://www.jcrew.com/s7-img-facade/CP938_BK0001_d3"", ""https://www.jcrew.com/s7-img-facade/CP938_BK0001_d4"", ""https://www.jcrew.com/s7-img-facade/CP938_BK0001_d5"", ""https://www.jcrew.com/s7-img-facade/CP938_BK0001""]",True,100% leather. Imported. Select stores. Item CP938.,Berkeley small chainlink shoulder bag in suede,USD,304.98,198,CP938,https://www.jcrew.com/p/womens/categories/accessories/bags/berkeley/CP938?display=all&fit=Classic&colorProductCode=CP938&colorCode=BK0001,,226,226,2026-02-23T13:03:51Z,CP938_BK0001,J.Crew
,,J.Crew,Careers,→Back| > Home > men > Bags & Wallets,"[""Natural Patriot Blue""]","Our medium tote bag is built in tough, durable cotton canvas, ideal for hauling all of your stuff. With exterior pockets for a pair of sneakers or a bunch of carrots, this size takes you to and from the farmer's market, the gym or an overnight. You'll find interior pockets, plus a key clip and a name tag so you can personalize the bag.Cotton canvas.Small flag label at front.Interior name label.Spot clean.Imported.Select stores.Item CQ923.","14""H x 20""W.",14,"https://www.jcrew.com/s7-img-facade/CQ923_PP7944_m?hei=1950&crop=0,0,1560,0","[""https://www.jcrew.com/s7-img-facade/CQ923_PP7944_m?hei=1950&crop=0,0,1560,0"", ""https://www.jcrew.com/s7-img-facade/CQ923_PP7944_d1?hei=1080&crop=0,0,864,0"", ""https://www.jcrew.com/s7-img-facade/CQ923_PP7944_d2?hei=1080&crop=0,0,864,0"", ""https://www.jcrew.com/s7-img-facade/CQ923_PP7944_d3?hei=1080&crop=0,0,864,0"", ""https://www.jcrew.com/s7-img-facade/CQ923_PP7944_d4?hei=1080&crop=0,0,864,0"", ""https://www.jcrew.com/s7-img-facade/CQ923_PP7944_d5?hei=1080&crop=0,0,864,0"", ""https://www.jcrew.com/s7-img-facade/CQ923_PP7944?hei=1080&crop=0,0,864,0"", ""https://www.jcrew.com/s7-img-facade/CQ923_PP7944_m"", ""https://www.jcrew.com/s7-img-facade/CQ923_PP7944_d1"", ""https://www.jcrew.com/s7-img-facade/CQ923_PP7944_d2"", ""https://www.jcrew.com/s7-img-facade/CQ923_PP7944_d3"", ""https://www.jcrew.com/s7-img-facade/CQ923_PP7944_d4"", ""https://www.jcrew.com/s7-img-facade/CQ923_PP7944_d5"", ""https://www.jcrew.com/s7-img-facade/CQ923_PP7944""]",False,Cotton canvas. Small flag label at front. Interior name label. Spot clean. Imported. Select stores. Item CQ923.,Medium seaport tote bag in washed canvas,USD,150.96,98,CQ923,https://www.jcrew.com/p/mens/categories/accessories/bags/messengers-and-totes/CQ923?display=all&fit=Classic&colorProductCode=CQ923&colorCode=PP7944,,,,2026-02-23T13:04:24Z,CQ923_PP7944,J.Crew
,4.747292418772563,J.Crew,Careers,Home > women,"[""Windy Blossom"", ""Berkeley small shoulder bag in leather WINDY BLOSSOM""]","This latest addition to our best-selling Berkeley family can be worn as a shoulder bag or crossbody, thanks to the adjustable strap. It's finished with signature gold-tone hardware, colorful leather and a scaled-down proportion that's just roomy enough for your essentials—plus your current book-club read.100% leather.Adjustable strap.Imported.Select stores.Item CR880.Leather Working Group™This purchase supportsLWG-certified tanneriesLearn more about our Re-imagined fibersShop all Re-imagined styles","5 3/4""H x 10""W x 4""D. 7 1/2"" strap drop.",10,"https://www.jcrew.com/s7-img-facade/CR880_PK0312?hei=1950&crop=0,0,1560,0","[""https://www.jcrew.com/s7-img-facade/CR880_PK0312?hei=1950&crop=0,0,1560,0"", ""https://www.jcrew.com/s7-img-facade/CR880_PK0312_d3?hei=1080&crop=0,0,864,0"", ""https://www.jcrew.com/s7-img-facade/CR880_PK0312_d4?hei=1080&crop=0,0,864,0"", ""https://www.jcrew.com/s7-img-facade/CR880_PK0312_d5?hei=1080&crop=0,0,864,0"", ""https://www.jcrew.com/s7-img-facade/CR880_PK0312_d6?hei=1080&crop=0,0,864,0"", ""https://www.jcrew.com/s7-img-facade/CR880_PK0312"", ""https://www.jcrew.com/s7-img-facade/CR880_PK0312_d3"", ""https://www.jcrew.com/s7-img-facade/CR880_PK0312_d4"", ""https://www.jcrew.com/s7-img-facade/CR880_PK0312_d5"", ""https://www.jcrew.com/s7-img-facade/CR880_PK0312_d6""]",False,100% leather. Adjustable strap. Imported. Select stores. Item CR880.,Berkeley small shoulder bag in leather,USD,148,148,CR880,https://www.jcrew.com/m/womens/categories/accessories/bags/ME975?display=all&fit=Classic&colorProductCode=CR880&colorCode=PK0312,,277,277,2026-02-23T13:04:56Z,CR880_PK0312,J.Crew
,,J.Crew,Careers,Home > women,"[""English Saddle Natural""]","We gave your favorite slouchy bucket bag a warm-weather makeover with handknotted raffia and polished leather details. For added security and structure, it also comes with an easy self-tie closure on the inside.Raffia.Handknotted.Imported.Select stores.Item CT839.","12 1/2""H x 13 1/4""W x 5 7/8""D. 9"" strap drop.",6,"https://www.jcrew.com/s7-img-facade/CT839_EE7109?hei=1950&crop=0,0,1560,0","[""https://www.jcrew.com/s7-img-facade/CT839_EE7109?hei=1950&crop=0,0,1560,0"", ""https://www.jcrew.com/s7-img-facade/CT839_EE7109_d3?hei=1080&crop=0,0,864,0"", ""https://www.jcrew.com/s7-img-facade/CT839_EE7109_d4?hei=1080&crop=0,0,864,0"", ""https://www.jcrew.com/s7-img-facade/CT839_EE7109"", ""https://www.jcrew.com/s7-img-facade/CT839_EE7109_d3"", ""https://www.jcrew.com/s7-img-facade/CT839_EE7109_d4""]",False,Raffia. Handknotted. Imported. Select stores. Item CT839.,Berkeley handknotted bucket bag in raffia,USD,304.98,198,CT839,https://www.jcrew.com/p/womens/categories/accessories/bags/CT839?display=all&fit=Classic&colorProductCode=CT839&colorCode=EE7109,,,,2026-02-23T13:05:28Z,CT839_EE7109,J.Crew
,,J.Crew,Careers,Home > women,"[""English Saddle Natural""]","This latest addition to our best-selling Berkeley family can be worn as a shoulder bag or crossbody, thanks to the adjustable strap. It's finished with signature gold-tone hardware, spring-friendly raffia and a scaled-down proportion that's just roomy enough for your essentials—plus your current book-club read.Raffia.Leather trim.Handknotted.Imported.Select stores.Item CR882.","6""H x 9 1/2""W x 4 1/4""D. Crossbody strap length: 45 1/2"".",12,"https://www.jcrew.com/s7-img-facade/CR882_EE7109_m?hei=1950&crop=0,0,1560,0","[""https://www.jcrew.com/s7-img-facade/CR882_EE7109_m?hei=1950&crop=0,0,1560,0"", ""https://www.jcrew.com/s7-img-facade/CR882_EE7109_d3?hei=1080&crop=0,0,864,0"", ""https://www.jcrew.com/s7-img-facade/CR882_EE7109_d4?hei=1080&crop=0,0,864,0"", ""https://www.jcrew.com/s7-img-facade/CR882_EE7109_d5?hei=1080&crop=0,0,864,0"", ""https://www.jcrew.com/s7-img-facade/CR882_EE7109_d6?hei=1080&crop=0,0,864,0"", ""https://www.jcrew.com/s7-img-facade/CR882_EE7109?hei=1080&crop=0,0,864,0"", ""https://www.jcrew.com/s7-img-facade/CR882_EE7109_m"", ""https://www.jcrew.com/s7-img-facade/CR882_EE7109_d3"", ""https://www.jcrew.com/s7-img-facade/CR882_EE7109_d4"", ""https://www.jcrew.com/s7-img-facade/CR882_EE7109_d5"", ""https://www.jcrew.com/s7-img-facade/CR882_EE7109_d6"", ""https://www.jcrew.com/s7-img-facade/CR882_EE7109""]",False,Raffia. Leather trim. Handknotted. Imported. Select stores. Item CR882.,Berkeley small handknotted shoulder bag in raffia,USD,227.97,148,CR882,https://www.jcrew.com/p/womens/categories/accessories/bags/CR882?display=all&fit=Classic&colorProductCode=CR882&colorCode=EE7109,,,,2026-02-23T13:06:00Z,CR882_EE7109,J.Crew
,4.747292418772563,J.Crew,Careers,Home > women,"[""Hot Desert"", ""Berkeley small shoulder bag in studded leather and suede HOT DESERT""]","This latest addition to our best-selling Berkeley family can be worn as a shoulder bag or crossbody, thanks to the adjustable strap. It's finished with western-inspired studded leather accents, soft suede and a scaled-down proportion that's just roomy enough for your essentials.100% suede.Adjustable strap.Leather studs.Linen lining.Imported.Select stores.Item CR878.Leather Working Group™This purchase supportsLWG-certified tanneriesLearn more about our Re-imagined fibersShop all Re-imagined styles","5 3/4""H x 10""W x 4""D. 7 1/2"" strap drop.",12,"https://www.jcrew.com/s7-img-facade/CR878_NA6524_m?hei=1950&crop=0,0,1560,0","[""https://www.jcrew.com/s7-img-facade/CR878_NA6524_m?hei=1950&crop=0,0,1560,0"", ""https://www.jcrew.com/s7-img-facade/CR878_NA6524_d3?hei=1080&crop=0,0,864,0"", ""https://www.jcrew.com/s7-img-facade/CR878_NA6524_d4?hei=1080&crop=0,0,864,0"", ""https://www.jcrew.com/s7-img-facade/CR878_NA6524_d5?hei=1080&crop=0,0,864,0"", ""https://www.jcrew.com/s7-img-facade/CR878_NA6524_d6?hei=1080&crop=0,0,864,0"", ""https://www.jcrew.com/s7-img-facade/CR878_NA6524?hei=1080&crop=0,0,864,0"", ""https://www.jcrew.com/s7-img-facade/CR878_NA6524_m"", ""https://www.jcrew.com/s7-img-facade/CR878_NA6524_d3"", ""https://www.jcrew.com/s7-img-facade/CR878_NA6524_d4"", ""https://www.jcrew.com/s7-img-facade/CR878_NA6524_d5"", ""https://www.jcrew.com/s7-img-facade/CR878_NA6524_d6"", ""https://www.jcrew.com/s7-img-facade/CR878_NA6524""]",False,100% suede. Adjustable strap. Leather studs. Linen lining. Imported. Select stores. Item CR878.,Berkeley small shoulder bag in studded leather and suede,USD,178,148,CR878,https://www.jcrew.com/m/womens/categories/accessories/bags/ME975?display=all&fit=Classic&colorProductCode=CR878&colorCode=NA6524,,277,277,2026-02-23T13:06:32Z,CR878_NA6524,J.Crew
,4.85792349726776,J.Crew,Careers,Home > women > bags,"[""Natural Straw"", ""Como woven straw tote NATURAL STRAW como woven straw tote for women""]","Our woven straw style is perfect for taking everywhere—from the farmer's market to your next beach vacation. Roomy and refined, it features slim leather straps and an updated shape that's flared at the opening for a modern look.Straw.Leather lining.Imported.Select stores.Item BZ003.","11 1/2""H x 23""W x 8""D; 11"" handle drop.",6,"https://www.jcrew.com/s7-img-facade/BZ003_EB9318?hei=1950&crop=0,0,1560,0","[""https://www.jcrew.com/s7-img-facade/BZ003_EB9318?hei=1950&crop=0,0,1560,0"", ""https://www.jcrew.com/s7-img-facade/BZ003_EB9318_d3?hei=1080&crop=0,0,864,0"", ""https://www.jcrew.com/s7-img-facade/BZ003_EB9318_d4?hei=1080&crop=0,0,864,0"", ""https://www.jcrew.com/s7-img-facade/BZ003_EB9318"", ""https://www.jcrew.com/s7-img-facade/BZ003_EB9318_d3"", ""https://www.jcrew.com/s7-img-facade/BZ003_EB9318_d4""]",False,Straw. Leather lining. Imported. Select stores. Item BZ003.,Como woven straw tote,USD,227.97,148,BZ003,https://www.jcrew.com/p/womens/categories/accessories/bags/shoulder-bags/BZ003?display=all&fit=Classic&colorProductCode=BZ003&colorCode=EB9318,,183,183,2026-02-23T13:07:04Z,BZ003_EB9318,J.Crew
,4.5625,J.Crew,Careers,Home > women > bags,"[""Natural English Saddle""]","Our newest day-to-night take pairs handknotted paper straw and a magnetic leather closure with dramatic gold-tone hardware. Plus, we added a special shout-out to our heritage with oar-shaped details at the base of the handles, which were inspired by our classic labels from the '80s and '90s.Handknotted natural straw body.Leather trim.Imported.Select stores.Item CH254.","6""H x 9 1/2""W x 2""D. 9"" handle drop.",12,"https://www.jcrew.com/s7-img-facade/CH254_EE7217_m?hei=1950&crop=0,0,1560,0","[""https://www.jcrew.com/s7-img-facade/CH254_EE7217_m?hei=1950&crop=0,0,1560,0"", ""https://www.jcrew.com/s7-img-facade/CH254_EE7217_d1?hei=1080&crop=0,0,864,0"", ""https://www.jcrew.com/s7-img-facade/CH254_EE7217_d3?hei=1080&crop=0,0,864,0"", ""https://www.jcrew.com/s7-img-facade/CH254_EE7217_d4?hei=1080&crop=0,0,864,0"", ""https://www.jcrew.com/s7-img-facade/CH254_EE7217_d5?hei=1080&crop=0,0,864,0"", ""https://www.jcrew.com/s7-img-facade/CH254_EE7217?hei=1080&crop=0,0,864,0"", ""https://www.jcrew.com/s7-img-facade/CH254_EE7217_m"", ""https://www.jcrew.com/s7-img-facade/CH254_EE7217_d1"", ""https://www.jcrew.com/s7-img-facade/CH254_EE7217_d3"", ""https://www.jcrew.com/s7-img-facade/CH254_EE7217_d4"", ""https://www.jcrew.com/s7-img-facade/CH254_EE7217_d5"", ""https://www.jcrew.com/s7-img-facade/CH254_EE7217""]",False,Handknotted natural straw body. Leather trim. Imported. Select stores. Item CH254.,Berkeley buckle shoulder bag in handknotted straw,USD,227.97,148,CH254,https://www.jcrew.com/p/womens/categories/accessories/bags/berkeley/CH254?display=all&fit=Classic&colorProductCode=CH254&colorCode=EE7217,,16,16,2026-02-23T13:07:15Z,CH254_EE7217,J.Crew
,4.4,J.Crew,"Part of our best-selling Berkeley family, this soft suede shoulder bag comes in a slightly smaller size with just enough room for your essentials—plus your current book-club read. It's finished with a zipper closure, inner pockets and a structured silhouette that always looks pulled-together. Please note: The color in this fabric may transfer and should be handled with care.",Home > women > bags,"[""Seagull""]","Part of our best-selling Berkeley family, this soft suede shoulder bag comes in a slightly smaller size with just enough room for your essentials—plus your current book-club read. It's finished with a zipper closure, inner pockets and a structured silhouette that always looks pulled-together. Please note: The color in this fabric may transfer and should be handled with care.Suede.Imported.Select stores.Item CR296.Leather Working Group™This purchase supportsLWG-certified tanneriesLearn more about our Re-imagined fibersShop all Re-imagined styles","6""H x 12 3/4""W. 8 1/2"" strap drop.",10,"https://www.jcrew.com/s7-img-facade/CR296_EE9628_m?hei=1950&crop=0,0,1560,0","[""https://www.jcrew.com/s7-img-facade/CR296_EE9628_m?hei=1950&crop=0,0,1560,0"", ""https://www.jcrew.com/s7-img-facade/CR296_EE9628_d2?hei=1080&crop=0,0,864,0"", ""https://www.jcrew.com/s7-img-facade/CR296_EE9628_d3?hei=1080&crop=0,0,864,0"", ""https://www.jcrew.com/s7-img-facade/CR296_EE9628_d4?hei=1080&crop=0,0,864,0"", ""https://www.jcrew.com/s7-img-facade/CR296_EE9628?hei=1080&crop=0,0,864,0"", ""https://www.jcrew.com/s7-img-facade/CR296_EE9628_m"", ""https://www.jcrew.com/s7-img-facade/CR296_EE9628_d2"", ""https://www.jcrew.com/s7-img-facade/CR296_EE9628_d3"", ""https://www.jcrew.com/s7-img-facade/CR296_EE9628_d4"", ""https://www.jcrew.com/s7-img-facade/CR296_EE9628""]",True,Suede. Imported. Select stores. Item CR296.,Berkeley structured shoulder bag in suede,USD,289.58,188,CR296,https://www.jcrew.com/p/womens/categories/accessories/bags/berkeley/CR296?display=all&fit=Classic&colorProductCode=CR296&colorCode=EE9628,,5,5,2026-02-23T13:07:36Z,CR296_EE9628,J.Crew
,4.909090909090909,J.Crew,Careers,Home > women > bags,"[""Cold Steel"", ""Beaded bucket bag COLD STEEL beaded bucket bag for women""]","Add a little fun to your look with this small bucket bag, featuring all kinds of shimmery beads in a just-right size that goes from day to night.Glass beads.Imported.Select stores.Item CP053.","7""H x 6 3/4""W x 4 1/2""D; 10"" handle drop.",7,"https://www.jcrew.com/s7-img-facade/CP053_EE9339?hei=1950&crop=0,0,1560,0","[""https://www.jcrew.com/s7-img-facade/CP053_EE9339?hei=1950&crop=0,0,1560,0"", ""https://www.jcrew.com/s7-img-facade/CP053_EE9339_v?hei=1700&crop=0,0,1360,0"", ""https://www.jcrew.com/s7-img-facade/CP053_EE9339_d3?hei=1080&crop=0,0,864,0"", ""https://www.jcrew.com/s7-img-facade/CP053_EE9339_d4?hei=1080&crop=0,0,864,0"", ""https://www.jcrew.com/s7-img-facade/CP053_EE9339"", ""https://www.jcrew.com/s7-img-facade/CP053_EE9339_d3"", ""https://www.jcrew.com/s7-img-facade/CP053_EE9339_d4""]",True,Glass beads. Imported. Select stores. Item CP053.,Beaded bucket bag,USD,366.6,238,CP053,https://www.jcrew.com/p/womens/categories/accessories/bags/bucket-bags/CP053?display=all&fit=Classic&colorProductCode=CP053&colorCode=EE9339,,11,11,2026-02-23T13:07:49Z,CP053_EE9339,J.Crew
,4.864406779661017,J.Crew,Careers,Home > women > bags,"[""Natural"", ""Portofino handknotted clutch NATURAL portofino handknotted clutch for women""]",this structured clutch features a sleek magnetic closure that works for every dress code.Raffia.Cotton lining.Imported.Select stores.Item BX994.,"6 1/2""H x 9 1/2""W x 3 1/2""D.",6,"https://www.jcrew.com/s7-img-facade/BX994_NA6445?hei=1950&crop=0,0,1560,0","[""https://www.jcrew.com/s7-img-facade/BX994_NA6445?hei=1950&crop=0,0,1560,0"", ""https://www.jcrew.com/s7-img-facade/BX994_NA6445_d3?hei=1080&crop=0,0,864,0"", ""https://www.jcrew.com/s7-img-facade/BX994_NA6445_d4?hei=1080&crop=0,0,864,0"", ""https://www.jcrew.com/s7-img-facade/BX994_NA6445"", ""https://www.jcrew.com/s7-img-facade/BX994_NA6445_d3"", ""https://www.jcrew.com/s7-img-facade/BX994_NA6445_d4""]",False,Raffia. Cotton lining. Imported. Select stores. Item BX994.,Portofino handknotted clutch,USD,197.16,128,BX994,https://www.jcrew.com/p/womens/categories/accessories/bags/clutches-and-pouches/BX994?display=all&fit=Classic&colorProductCode=BX994&colorCode=NA6445,,118,118,2026-02-23T13:08:08Z,BX994_NA6445,J.Crew
,4.703883495145631,J.Crew,Careers,Home > women > bags,"[""Washed Brown"", ""Delphine shoulder bag in novelty leather WASHED BROWN""]","Our design team considered every detail to give this double-zipper carryall a custom feel, from the contrast suede lining to the feet along the bottom that protect against wear and tear. Plus, you'll love the expertly treated leather with a soft, lived-in patina (aka natural marks that add heritage-inspired character).100% leather.Imported.Select stores.Item CR893.Leather Working Group™This purchase supportsLWG-certified tanneriesLearn more about our Re-imagined fibersShop all Re-imagined styles","5""H x 10""W x 4 1/2""D. 9 1/2"" strap drop.",8,"https://www.jcrew.com/s7-img-facade/CR893_EE9608_m?hei=1950&crop=0,0,1560,0","[""https://www.jcrew.com/s7-img-facade/CR893_EE9608_m?hei=1950&crop=0,0,1560,0"", ""https://www.jcrew.com/s7-img-facade/CR893_EE9608_d3?hei=1080&crop=0,0,864,0"", ""https://www.jcrew.com/s7-img-facade/CR893_EE9608_d4?hei=1080&crop=0,0,864,0"", ""https://www.jcrew.com/s7-img-facade/CR893_EE9608?hei=1080&crop=0,0,864,0"", ""https://www.jcrew.com/s7-img-facade/CR893_EE9608_m"", ""https://www.jcrew.com/s7-img-facade/CR893_EE9608_d3"", ""https://www.jcrew.com/s7-img-facade/CR893_EE9608_d4"", ""https://www.jcrew.com/s7-img-facade/CR893_EE9608""]",True,100% leather. Imported. Select stores. Item CR893.,Delphine shoulder bag in novelty leather,USD,198,178,CR893,https://www.jcrew.com/m/womens/categories/accessories/bags/delphine/ME974?display=all&fit=Classic&colorProductCode=CR893&colorCode=EE9608,,206,206,2026-02-23T13:08:21Z,CR893_EE9608,J.Crew
,4.829268292682927,J.Crew,Careers,Home > women > bags,"[""English Saddle Natural""]","This elegant rectangular silhouette (complete with a top-handle detail) is our latest iteration of the rattan bag that we design—by popular demand—each season. From special occasions to everyday, the adaptable style is the perfect plus-one. Bonus: We added a removable crossbody chain for extra versatility.Rattan body.Leather trim.Removable crossbody chain.Imported.Select stores.Item CH247.","5 1/4""H x 7 3/4""W x 3""D. 4 1/2"" handle drop.",14,"https://www.jcrew.com/s7-img-facade/CH247_EE7109_m?hei=1950&crop=0,0,1560,0","[""https://www.jcrew.com/s7-img-facade/CH247_EE7109_m?hei=1950&crop=0,0,1560,0"", ""https://www.jcrew.com/s7-img-facade/CH247_EE7109_d1?hei=1080&crop=0,0,864,0"", ""https://www.jcrew.com/s7-img-facade/CH247_EE7109_d3?hei=1080&crop=0,0,864,0"", ""https://www.jcrew.com/s7-img-facade/CH247_EE7109_d4?hei=1080&crop=0,0,864,0"", ""https://www.jcrew.com/s7-img-facade/CH247_EE7109_d5?hei=1080&crop=0,0,864,0"", ""https://www.jcrew.com/s7-img-facade/CH247_EE7109_d6?hei=1080&crop=0,0,864,0"", ""https://www.jcrew.com/s7-img-facade/CH247_EE7109?hei=1080&crop=0,0,864,0"", ""https://www.jcrew.com/s7-img-facade/CH247_EE7109_m"", ""https://www.jcrew.com/s7-img-facade/CH247_EE7109_d1"", ""https://www.jcrew.com/s7-img-facade/CH247_EE7109_d3"", ""https://www.jcrew.com/s7-img-facade/CH247_EE7109_d4"", ""https://www.jcrew.com/s7-img-facade/CH247_EE7109_d5"", ""https://www.jcrew.com/s7-img-facade/CH247_EE7109_d6"", ""https://www.jcrew.com/s7-img-facade/CH247_EE7109""]",False,Rattan body. Leather trim. Removable crossbody chain. Imported. Select stores. Item CH247.,Small rattan top-handle bag,USD,274.19,178,CH247,https://www.jcrew.com/p/womens/categories/accessories/bags/crossbody/CH247?display=all&fit=Classic&colorProductCode=CH247&colorCode=EE7109,,41,41,2026-02-23T13:08:40Z,CH247_EE7109,J.Crew
,4.490566037735849,J.Crew,Careers,Home > women > bags,"[""Natural"", ""Handknotted raffia rectangular clutch NATURAL""]","This handknotted raffia clutch fits all of your event essentials (keys, lipstick, phone, credit cards and more). P.S. Each bag is woven by hand, so no two are exactly alike.Natural raffia body.Handknotted.Imported.Select stores.Item CH248.","7 1/2""H x 12""W x 3""D.",8,"https://www.jcrew.com/s7-img-facade/CH248_NA6445_m?hei=1950&crop=0,0,1560,0","[""https://www.jcrew.com/s7-img-facade/CH248_NA6445_m?hei=1950&crop=0,0,1560,0"", ""https://www.jcrew.com/s7-img-facade/CH248_NA6445_d3?hei=1080&crop=0,0,864,0"", ""https://www.jcrew.com/s7-img-facade/CH248_NA6445_d4?hei=1080&crop=0,0,864,0"", ""https://www.jcrew.com/s7-img-facade/CH248_NA6445?hei=1080&crop=0,0,864,0"", ""https://www.jcrew.com/s7-img-facade/CH248_NA6445_m"", ""https://www.jcrew.com/s7-img-facade/CH248_NA6445_d3"", ""https://www.jcrew.com/s7-img-facade/CH248_NA6445_d4"", ""https://www.jcrew.com/s7-img-facade/CH248_NA6445""]",False,Natural raffia body. Handknotted. Imported. Select stores. Item CH248.,Handknotted raffia rectangular clutch,USD,128,128,CH248,https://www.jcrew.com/m/womens/categories/accessories/bags/clutches-and-pouches/ME347?display=all&fit=Classic&colorProductCode=CH248&colorCode=NA6445,,53,53,2026-02-23T13:08:51Z,CH248_NA6445,J.Crew
,4.833333333333333,J.Crew,"We took the slouchy suede bucket bag you love and added a removable crocodile-embossed leather belt (which matches back to our belt collection for peak coordination). To keep things secure, it also comes with an easy self-tie closure on the inside. Please note: The color in this fabric may transfer and should be handled with care.",Home > women > bags,"[""Chocolate Berry""]","We took the slouchy suede bucket bag you love and added a removable crocodile-embossed leather belt (which matches back to our belt collection for peak coordination). To keep things secure, it also comes with an easy self-tie closure on the inside. Please note: The color in this fabric may transfer and should be handled with care.Suede body.Removable leather belt.Self-tie closure.Imported.Select stores.Item CR298.Leather Working Group™This purchase supportsLWG-certified tanneriesLearn more about our Re-imagined fibersShop all Re-imagined styles","12 1/2""H x 13 1/4""W. 1 1/8"" strap width. 9"" handle drop.",12,"https://www.jcrew.com/s7-img-facade/CR298_BR8801_m?hei=1950&crop=0,0,1560,0","[""https://www.jcrew.com/s7-img-facade/CR298_BR8801_m?hei=1950&crop=0,0,1560,0"", ""https://www.jcrew.com/s7-img-facade/CR298_BR8801_d1?hei=1080&crop=0,0,864,0"", ""https://www.jcrew.com/s7-img-facade/CR298_BR8801_d3?hei=1080&crop=0,0,864,0"", ""https://www.jcrew.com/s7-img-facade/CR298_BR8801_d4?hei=1080&crop=0,0,864,0"", ""https://www.jcrew.com/s7-img-facade/CR298_BR8801_d5?hei=1080&crop=0,0,864,0"", ""https://www.jcrew.com/s7-img-facade/CR298_BR8801?hei=1080&crop=0,0,864,0"", ""https://www.jcrew.com/s7-img-facade/CR298_BR8801_m"", ""https://www.jcrew.com/s7-img-facade/CR298_BR8801_d1"", ""https://www.jcrew.com/s7-img-facade/CR298_BR8801_d3"", ""https://www.jcrew.com/s7-img-facade/CR298_BR8801_d4"", ""https://www.jcrew.com/s7-img-facade/CR298_BR8801_d5"", ""https://www.jcrew.com/s7-img-facade/CR298_BR8801""]",True,Suede body. Removable leather belt. Self-tie closure. Imported. Select stores. Item CR298.,Berkeley belted bucket bag in suede and croc-embossed leather,USD,382.01,248,CR298,https://www.jcrew.com/p/womens/categories/accessories/bags/berkeley/CR298?display=all&fit=Classic&colorProductCode=CR298&colorCode=BR8801,,6,6,2026-02-23T13:09:03Z,CR298_BR8801,J.Crew
,5.0,J.Crew,Careers,Home > women > bags,"[""Radiant Ruby""]","Bring this colorful, statement-making drawstring bag to your next party for all the compliments. Because we love options, it comes with a removable top handle, so you can wear it on your arm or hold it as a clutch.Polyester shell.Polyester lining.Imported.Select stores.Item CP052.","6 1/4""H x 8""W x 1 5/8""D. 10"" handle drop.",11,"https://www.jcrew.com/s7-img-facade/CP052_RD0136?hei=1950&crop=0,0,1560,0","[""https://www.jcrew.com/s7-img-facade/CP052_RD0136?hei=1950&crop=0,0,1560,0"", ""https://www.jcrew.com/s7-img-facade/CP052_RD0136_v?hei=1700&crop=0,0,1360,0"", ""https://www.jcrew.com/s7-img-facade/CP052_RD0136_d2?hei=1080&crop=0,0,864,0"", ""https://www.jcrew.com/s7-img-facade/CP052_RD0136_d3?hei=1080&crop=0,0,864,0"", ""https://www.jcrew.com/s7-img-facade/CP052_RD0136_d4?hei=1080&crop=0,0,864,0"", ""https://www.jcrew.com/s7-img-facade/CP052_RD0136_d6?hei=1080&crop=0,0,864,0"", ""https://www.jcrew.com/s7-img-facade/CP052_RD0136"", ""https://www.jcrew.com/s7-img-facade/CP052_RD0136_d2"", ""https://www.jcrew.com/s7-img-facade/CP052_RD0136_d3"", ""https://www.jcrew.com/s7-img-facade/CP052_RD0136_d4"", ""https://www.jcrew.com/s7-img-facade/CP052_RD0136_d6""]",True,Polyester shell. Polyester lining. Imported. Select stores. Item CP052.,Drawstring pouch bag in satin,USD,181.76,118,CP052,https://www.jcrew.com/p/womens/categories/accessories/bags/clutches-and-pouches/CP052?display=all&fit=Classic&colorProductCode=CP052&colorCode=RD0136,,16,16,2026-02-23T13:09:24Z,CP052_RD0136,J.Crew
,4.909090909090909,J.Crew,Careers,Home > women > bags,"[""Black""]","Bring this sparkly, statement-making drawstring bag to your next party for all the compliments. Because we love options, it comes with a removable top handle, so you can wear it on your arm or hold it as a clutch.Polyester shell.Polyester lining.Imported.Select stores.Item CP051.","6 1/4""H x 8""W x 1 5/8""D; 10"" handle drop.",12,"https://www.jcrew.com/s7-img-facade/CP051_BK0001_m?hei=1950&crop=0,0,1560,0","[""https://www.jcrew.com/s7-img-facade/CP051_BK0001_m?hei=1950&crop=0,0,1560,0"", ""https://www.jcrew.com/s7-img-facade/CP051_BK0001_d1?hei=1080&crop=0,0,864,0"", ""https://www.jcrew.com/s7-img-facade/CP051_BK0001_d3?hei=1080&crop=0,0,864,0"", ""https://www.jcrew.com/s7-img-facade/CP051_BK0001_d4?hei=1080&crop=0,0,864,0"", ""https://www.jcrew.com/s7-img-facade/CP051_BK0001_d6?hei=1080&crop=0,0,864,0"", ""https://www.jcrew.com/s7-img-facade/CP051_BK0001?hei=1080&crop=0,0,864,0"", ""https://www.jcrew.com/s7-img-facade/CP051_BK0001_m"", ""https://www.jcrew.com/s7-img-facade/CP051_BK0001_d1"", ""https://www.jcrew.com/s7-img-facade/CP051_BK0001_d3"", ""https://www.jcrew.com/s7-img-facade/CP051_BK0001_d4"", ""https://www.jcrew.com/s7-img-facade/CP051_BK0001_d6"", ""https://www.jcrew.com/s7-img-facade/CP051_BK0001""]",True,Polyester shell. Polyester lining. Imported. Select stores. Item CP051.,Drawstring pouch bag in crystal-embellished satin,USD,181.76,118,CP051,https://www.jcrew.com/p/womens/categories/accessories/bags/clutches-and-pouches/CP051?display=all&fit=Classic&colorProductCode=CP051&colorCode=BK0001,,11,11,2026-02-23T13:09:37Z,CP051_BK0001,J.Crew
,,J.Crew,Careers,Home > women,"[""Blonde Espresso""]","We took the suede bucket bag you love and added grommet details and a removable belt (which matches back to our belt collection for peak coordination). Bonus: To keep things secure, it also comes with an easy self-tie closure on the inside.100% leather.Imported.Select stores.Item CR879.Leather Working Group™This purchase supportsLWG-certified tanneriesLearn more about our Re-imagined fibersShop all Re-imagined styles","12 1/2""H x 13 1/4""W x 5 7/8""D. 9"" strap drop.",14,"https://www.jcrew.com/s7-img-facade/CR879_EE7690_ed?hei=1950&crop=0,0,1560,0","[""https://www.jcrew.com/s7-img-facade/CR879_EE7690_ed?hei=1950&crop=0,0,1560,0"", ""https://www.jcrew.com/s7-img-facade/CR879_EE7690_m?hei=1080&crop=0,0,864,0"", ""https://www.jcrew.com/s7-img-facade/CR879_EE7690?hei=1080&crop=0,0,864,0"", ""https://www.jcrew.com/s7-img-facade/CR879_EE7690_d2?hei=1080&crop=0,0,864,0"", ""https://www.jcrew.com/s7-img-facade/CR879_EE7690_d3?hei=1080&crop=0,0,864,0"", ""https://www.jcrew.com/s7-img-facade/CR879_EE7690_d4?hei=1080&crop=0,0,864,0"", ""https://www.jcrew.com/s7-img-facade/CR879_EE7690_d5?hei=1080&crop=0,0,864,0"", ""https://www.jcrew.com/s7-img-facade/CR879_EE7690_ed"", ""https://www.jcrew.com/s7-img-facade/CR879_EE7690_m"", ""https://www.jcrew.com/s7-img-facade/CR879_EE7690"", ""https://www.jcrew.com/s7-img-facade/CR879_EE7690_d2"", ""https://www.jcrew.com/s7-img-facade/CR879_EE7690_d3"", ""https://www.jcrew.com/s7-img-facade/CR879_EE7690_d4"", ""https://www.jcrew.com/s7-img-facade/CR879_EE7690_d5""]",False,100% leather. Imported. Select stores. Item CR879.,Berkeley belted bucket bag in studded suede,USD,459.02,298,CR879,https://www.jcrew.com/p/womens/categories/accessories/bags/CR879?display=all&fit=Classic&colorProductCode=CR879&colorCode=EE7690,,,,2026-02-23T13:09:57Z,CR879_EE7690,J.Crew
,,J.Crew,Careers,Home > women,"[""English Saddle Natural""]","Our design team considered every detail to give this chic carryall a custom feel, from the double-zipper closure to the feet along the bottom that protect against wear and tear. For all your warm-weather days, our latest take comes in handknotted straw with smooth leather accents.Paper straw.Handknotted.Imported.Select stores.Item CR886.","5""H x 10""W x 4 1/2""D. 9 1/2"" strap drop.",8,"https://www.jcrew.com/s7-img-facade/CR886_EE7109_m?hei=1950&crop=0,0,1560,0","[""https://www.jcrew.com/s7-img-facade/CR886_EE7109_m?hei=1950&crop=0,0,1560,0"", ""https://www.jcrew.com/s7-img-facade/CR886_EE7109_d3?hei=1080&crop=0,0,864,0"", ""https://www.jcrew.com/s7-img-facade/CR886_EE7109_d4?hei=1080&crop=0,0,864,0"", ""https://www.jcrew.com/s7-img-facade/CR886_EE7109?hei=1080&crop=0,0,864,0"", ""https://www.jcrew.com/s7-img-facade/CR886_EE7109_m"", ""https://www.jcrew.com/s7-img-facade/CR886_EE7109_d3"", ""https://www.jcrew.com/s7-img-facade/CR886_EE7109_d4"", ""https://www.jcrew.com/s7-img-facade/CR886_EE7109""]",False,Paper straw. Handknotted. Imported. Select stores. Item CR886.,Delphine handknotted shoulder bag in straw,USD,274.19,178,CR886,https://www.jcrew.com/p/womens/categories/accessories/bags/CR886?display=all&fit=Classic&colorProductCode=CR886&colorCode=EE7109,,,,2026-02-23T13:10:32Z,CR886_EE7109,J.Crew
,4.490566037735849,J.Crew,Careers,Home > women > bags,"[""English Saddle Natural""]","This woven raffia clutch fits all of your event essentials (keys, lipstick, phone, credit cards and more). We extra-love the sleek leather handles on this version for an elevated contrast.Natural raffia body.Leather trim.Handknotted.Imported.Select stores.Item CH249.","7 1/2""H x 12""W x 3""D.",12,"https://www.jcrew.com/s7-img-facade/CH249_EE7109_m?hei=1950&crop=0,0,1560,0","[""https://www.jcrew.com/s7-img-facade/CH249_EE7109_m?hei=1950&crop=0,0,1560,0"", ""https://www.jcrew.com/s7-img-facade/CH249_EE7109_d1?hei=1080&crop=0,0,864,0"", ""https://www.jcrew.com/s7-img-facade/CH249_EE7109_d2?hei=1080&crop=0,0,864,0"", ""https://www.jcrew.com/s7-img-facade/CH249_EE7109_d3?hei=1080&crop=0,0,864,0"", ""https://www.jcrew.com/s7-img-facade/CH249_EE7109_d4?hei=1080&crop=0,0,864,0"", ""https://www.jcrew.com/s7-img-facade/CH249_EE7109?hei=1080&crop=0,0,864,0"", ""https://www.jcrew.com/s7-img-facade/CH249_EE7109_m"", ""https://www.jcrew.com/s7-img-facade/CH249_EE7109_d1"", ""https://www.jcrew.com/s7-img-facade/CH249_EE7109_d2"", ""https://www.jcrew.com/s7-img-facade/CH249_EE7109_d3"", ""https://www.jcrew.com/s7-img-facade/CH249_EE7109_d4"", ""https://www.jcrew.com/s7-img-facade/CH249_EE7109""]",False,Natural raffia body. Leather trim. Handknotted. Imported. Select stores. Item CH249.,Handknotted raffia rectangular clutch with leather handles,USD,138,128,CH249,https://www.jcrew.com/m/womens/categories/accessories/bags/clutches-and-pouches/ME347?display=all&fit=Classic&colorProductCode=CH249&colorCode=EE7109,,53,53,2026-02-23T13:10:44Z,CH249_EE7109,J.Crew
,,J.Crew,"This item must be returned directly to the seller and will not be accepted at J.Crew stores or the distribution center. To return your items, please follow the instructions that are enclosed in your package. You will receive a confirmation email once the Marketplace seller has received your package and a refund has been processed.",Home > women > bags,"[""Bembien&reg; mini sling bag Brown"", ""Bembien&reg; mini sling bag Natural"", ""Bembien&reg; mini sling bag Red""]","from around the world. Ten percent of all Bembien proceeds goes to Nest, a nonprofit dedicated to the social and economic advancement of artisan communities all around the globe. The easy way to do a fashion-forward piece. Our mini sling is an outfit-maker that looks chic on everyone. With an adjustable strap, so you can wear it multiple ways. It elevates the simplest of outfits into something intentional and styled.Leather.Imported.Online only.Item P3192.","9""H x 5""W x 1""D.",2,"https://www.jcrew.com/s7-img-facade/P3192_BR0984?hei=1950&crop=0,0,1560,0","[""https://www.jcrew.com/s7-img-facade/P3192_BR0984?hei=1950&crop=0,0,1560,0"", ""https://www.jcrew.com/s7-img-facade/P3192_BR0984""]",False,Leather. Imported. Online only. Item P3192.,Bembien® mini sling bag,USD,385.09,250,P3192,https://www.jcrew.com/p/womens/categories/accessories/bags/crossbody/P3192?display=all&fit=Classic&colorProductCode=P3192&colorCode=BR0984,,,,2026-02-23T13:11:05Z,P3192_BR0984,J.Crew
,5.0,J.Crew,"This item must be returned directly to the seller and will not be accepted at J.Crew stores or the distribution center. To return your items, please follow the instructions that are enclosed in your package. You will receive a confirmation email once the Marketplace seller has received your package and a refund has been processed.",Home > women > bags,"[""Bembien\u00ae Camilla bag Brown"", ""Bembien\u00ae Camilla bag Black""]","from around the world. Ten percent of all Bembien proceeds goes to Nest, a nonprofit dedicated to the social and economic advancement of artisan communities all around the globe. For sipping cappuccinos and reading Proust, the Camilla is a day bag with a twist. A touch smaller than your typical work bag with a notched ""V"" that makes this functional tote an outfit maker.Cow leather.Import.Online only.Item M7271.","13"" x 12"".",2,"https://www.jcrew.com/s7-img-facade/M7271_BR1123?hei=1950&crop=0,0,1560,0","[""https://www.jcrew.com/s7-img-facade/M7271_BR1123?hei=1950&crop=0,0,1560,0"", ""https://www.jcrew.com/s7-img-facade/M7271_BR1123""]",False,Cow leather. Import. Online only. Item M7271.,Bembien® Camilla bag,USD,539.11,350,M7271,https://www.jcrew.com/p/womens/categories/accessories/bags/totes/M7271?display=all&fit=Classic&colorProductCode=M7271&colorCode=BR1123,,2,2,2026-02-23T13:11:39Z,M7271_BR1123,J.Crew
,,J.Crew,Careers,Home > men > Bags & Wallets,"[""Natural Jcrew Green""]","Our medium tote bag is built in tough, durable cotton canvas, ideal for hauling all of your stuff. With exterior pockets for a pair of sneakers or a bunch of carrots, this size takes you to and from the farmer's market, the gym or an overnight. You'll find interior pockets, plus a key clip and a name tag so you can personalize the bag.Cotton canvas.Small flag label at front.Interior name label.Spot clean.Imported.Item CT152.","14""H x 20""W.",4,"https://www.jcrew.com/s7-img-facade/CT152_PP7792?hei=1950&crop=0,0,1560,0","[""https://www.jcrew.com/s7-img-facade/CT152_PP7792?hei=1950&crop=0,0,1560,0"", ""https://www.jcrew.com/s7-img-facade/CT152_PP7792_d3?hei=1080&crop=0,0,864,0"", ""https://www.jcrew.com/s7-img-facade/CT152_PP7792"", ""https://www.jcrew.com/s7-img-facade/CT152_PP7792_d3""]",False,Cotton canvas. Small flag label at front. Interior name label. Spot clean. Imported. Item CT152.,Medium seaport tote bag in canvas,USD,137.87,,CT152,https://www.jcrew.com/p/mens/categories/accessories/bags/messengers-and-totes/CT152?display=all&fit=Classic&colorProductCode=CT152&colorCode=PP7792,,,,2026-02-23T13:12:13Z,CT152_PP7792,J.Crew
,,J.Crew,"This item must be returned directly to the seller and will not be accepted at J.Crew stores or the distribution center. To return your items, please follow the instructions that are enclosed in your package. You will receive a confirmation email once the Marketplace seller has received your package and a refund has been processed.",Home > women > bags,,"female-run company that partners with women artisans in Southeast Asia to handmake their products using natural, sustainable materials and indigenous techniques passed down through generations.Woven raffia straw.Optional leather strap.Crossbody or over-the-shoulder styling.Import.Online only.Item N7262.","6 1/2""H x 9""W x 6 3/4""D; 25"" handle drop.",6,"https://www.jcrew.com/s7-img-facade/N7262_BR0968?hei=1950&crop=0,0,1560,0","[""https://www.jcrew.com/s7-img-facade/N7262_BR0968?hei=1950&crop=0,0,1560,0"", ""https://www.jcrew.com/s7-img-facade/N7262_BR0968_d1?hei=1080&crop=0,0,864,0"", ""https://www.jcrew.com/s7-img-facade/N7262_BR0968_d2?hei=1080&crop=0,0,864,0"", ""https://www.jcrew.com/s7-img-facade/N7262_BR0968"", ""https://www.jcrew.com/s7-img-facade/N7262_BR0968_d1"", ""https://www.jcrew.com/s7-img-facade/N7262_BR0968_d2""]",False,Woven raffia straw. Optional leather strap. Crossbody or over-the-shoulder styling. Import. Online only. Item N7262.,KAYU® Harley bag,USD,374.3,243,N7262,https://www.jcrew.com/p/womens/categories/accessories/bags/clutches-and-pouches/N7262?display=all&fit=Classic&colorProductCode=N7262&colorCode=BR0968,,,,2026-02-23T13:12:47Z,N7262_BR0968,J.Crew
,,J.Crew,"This item must be returned directly to the seller and will not be accepted at J.Crew stores or the distribution center. To return your items, please follow the instructions that are enclosed in your package. You will receive a confirmation email once the Marketplace seller has received your package and a refund has been processed.",Home > women > bags,"[""Bembien&reg; mini sling bag Black"", ""Bembien&reg; mini sling bag Brown""]","from around the world. Ten percent of all Bembien proceeds goes to Nest, a nonprofit dedicated to the social and economic advancement of artisan communities all around the globe. Meet your new outfit-maker. Mini bag in handwoven leather with an adjustable shoulder strap to wear it short or long. Features a narrow, paneled leather bottom and a top zipper.Leather.Imported.Online only.Item N8955.","9""H x 1""W x 5""D.",2,"https://www.jcrew.com/s7-img-facade/N8955_BK0001?hei=1950&crop=0,0,1560,0","[""https://www.jcrew.com/s7-img-facade/N8955_BK0001?hei=1950&crop=0,0,1560,0"", ""https://www.jcrew.com/s7-img-facade/N8955_BK0001""]",True,Leather. Imported. Online only. Item N8955.,Bembien® mini sling bag,USD,385.09,250,N8955,https://www.jcrew.com/p/womens/categories/accessories/bags/crossbody/N8955?display=all&fit=Classic&colorProductCode=N8955&colorCode=BK0001,,,,2026-02-23T13:13:19Z,N8955_BK0001,J.Crew
,4.409090909090909,J.Crew,Careers,Home > women > bags,"[""Pearl"", ""Baroque pearl phone chain PEARL baroque pearl phone chain for women""]","Add a personal touch to your tech with this baroque-inspired pearl chain that matches back to our jewelry collection. Pro tip: Wear it around your wrist to hold your phone hands-free (while looking superpolished at the same time).Gold-plated zinc, acrylic pearls, polyester thread, cubic zirconia.Imported.Select stores.Item CK155.","Length: 12 1/2"".",4,"https://www.jcrew.com/s7-img-facade/CK155_EC7253?hei=1950&crop=0,0,1560,0","[""https://www.jcrew.com/s7-img-facade/CK155_EC7253?hei=1950&crop=0,0,1560,0"", ""https://www.jcrew.com/s7-img-facade/CK155_EC7253_d1?hei=1080&crop=0,0,864,0"", ""https://www.jcrew.com/s7-img-facade/CK155_EC7253"", ""https://www.jcrew.com/s7-img-facade/CK155_EC7253_d1""]",False,"Gold-plated zinc, acrylic pearls, polyester thread, cubic zirconia. Imported. Select stores. Item CK155.",Baroque pearl phone chain,USD,76.25,,CK155,https://www.jcrew.com/p/womens/categories/accessories/bags/phone-chains/CK155?display=all&fit=Classic&colorProductCode=CK155&colorCode=EC7253,,22,22,2026-02-23T13:13:32Z,CK155_EC7253,J.Crew
,4.805555555555555,J.Crew,Careers,Home > women > bags,"[""Oxblood""]","Our design team considered every detail to give this chic carryall a custom feel, from the double-zipper closure to the feet along the bottom that protect against wear and tear. But our favorite innovation has to be the contrast suede lining, which we bonded to the outside for a slouchy-yet-structured finish. Everyday, elevated—indeed.100% leather.Allover stud design.Custom hardware.Lined.Imported.Select stores.Item CM952.Leather Working Group™This purchase supportsLWG-certified tanneriesLearn more about our Re-imagined fibersShop all Re-imagined styles","5""H x 10""W x 4 1/4""D; 9 1/2"" strap drop.",7,"https://www.jcrew.com/s7-img-facade/CM952_EE7085_m?hei=1950&crop=0,0,1560,0","[""https://www.jcrew.com/s7-img-facade/CM952_EE7085_m?hei=1950&crop=0,0,1560,0"", ""https://www.jcrew.com/s7-img-facade/CM952_EE7085_v?hei=1700&crop=0,0,1360,0"", ""https://www.jcrew.com/s7-img-facade/CM952_EE7085_d1?hei=1080&crop=0,0,864,0"", ""https://www.jcrew.com/s7-img-facade/CM952_EE7085?hei=1080&crop=0,0,864,0"", ""https://www.jcrew.com/s7-img-facade/CM952_EE7085_m"", ""https://www.jcrew.com/s7-img-facade/CM952_EE7085_d1"", ""https://www.jcrew.com/s7-img-facade/CM952_EE7085""]",True,100% leather. Allover stud design. Custom hardware. Lined. Imported. Select stores. Item CM952.,Delphine shoulder bag in studded leather,USD,366.6,238,CM952,https://www.jcrew.com/p/womens/categories/accessories/bags/delphine/CM952?display=all&fit=Classic&colorProductCode=CM952&colorCode=EE7085,,36,36,2026-02-23T13:13:53Z,CM952_EE7085,J.Crew
,3.6666666666666665,J.Crew,"This item must be returned directly to the seller and will not be accepted at J.Crew stores or the distribution center. To return your items, please follow the instructions that are enclosed in your package. You will receive a confirmation email once the Marketplace seller has received your package and a refund has been processed.",Home > women > bags,"[""Bembien\u00ae Ella bag Brown""]","from around the world. Ten percent of all Bembien proceeds goes to Nest, a nonprofit dedicated to the social and economic advancement of artisan communities all around the globe. The dreamiest of day bags. Light and easy, take Ella along for park walks with a good book for when the occasion strikes. Tucks neatly under your arm. Longer straps make for a comfortable fit over the shoulder and the ultimate in ease.Cow leather.Import.Online only.Item M4435.","12""H x 8""W.",2,"https://www.jcrew.com/s7-img-facade/M4435_BR1123?hei=1950&crop=0,0,1560,0","[""https://www.jcrew.com/s7-img-facade/M4435_BR1123?hei=1950&crop=0,0,1560,0"", ""https://www.jcrew.com/s7-img-facade/M4435_BR1123""]",False,Cow leather. Import. Online only. Item M4435.,Bembien® Ella bag,USD,431.29,280,M4435,https://www.jcrew.com/p/womens/categories/accessories/bags/totes/M4435?display=all&fit=Classic&colorProductCode=M4435&colorCode=BR1123,,3,3,2026-02-23T13:14:08Z,M4435_BR1123,J.Crew
,5.0,J.Crew,"This item must be returned directly to the seller and will not be accepted at J.Crew stores or the distribution center. To return your items, please follow the instructions that are enclosed in your package. You will receive a confirmation email once the Marketplace seller has received your package and a refund has been processed.",Home > women > bags,,"Established in 2003 in Brookline, Massachusetts, Ame & Lulu designs and manufactures stylish-yet-functional accessories for tennis, golf and everyday life. Show up to the pickleball court in style in the Hamptons Pickleball Bag. With an exterior paddle pocket and multiple interior pockets, you can't go wrong.Canvas.Spot clean.Imported.Online only.Item N5189.","17 1/2""H x 12""W x 5""D.",8,"https://www.jcrew.com/s7-img-facade/N5189_EF0047?hei=1950&crop=0,0,1560,0","[""https://www.jcrew.com/s7-img-facade/N5189_EF0047?hei=1950&crop=0,0,1560,0"", ""https://www.jcrew.com/s7-img-facade/N5189_EF0047_d1?hei=1080&crop=0,0,864,0"", ""https://www.jcrew.com/s7-img-facade/N5189_EF0047_d2?hei=1080&crop=0,0,864,0"", ""https://www.jcrew.com/s7-img-facade/N5189_EF0047_d3?hei=1080&crop=0,0,864,0"", ""https://www.jcrew.com/s7-img-facade/N5189_EF0047"", ""https://www.jcrew.com/s7-img-facade/N5189_EF0047_d1"", ""https://www.jcrew.com/s7-img-facade/N5189_EF0047_d2"", ""https://www.jcrew.com/s7-img-facade/N5189_EF0047_d3""]",True,Canvas. Spot clean. Imported. Online only. Item N5189.,Ame & Lulu women's Hamptons pickleball bag,USD,227.97,148,N5189,https://www.jcrew.com/p/womens/categories/accessories/bags/totes/N5189?display=all&fit=Classic&colorProductCode=N5189&colorCode=EF0047,,4,4,2026-02-23T13:14:25Z,N5189_EF0047,J.Crew
,4.81858407079646,J.Crew,Careers,Home > women > bags,"[""Inky Burgundy""]","Part of our best-selling Berkeley family, this textured leather shoulder bag comes in our slightly smaller size, with just enough room for all of your essentials. It's finished with signature gold-tone hardware, an adjustable shoulder strap and a magnetic closure—so it's as practical as it is polished.100% leather.Select stores.Item CP047.Leather Working Group™This purchase supportsLWG-certified tanneriesLearn more about our Re-imagined fibersShop all Re-imagined styles","5 3/4""H x 9 7/8""W x 3 1/2""D. 5 1/2""–7 1/2"" adjustable handle drop. 46"" crossbody strap.",2,"https://www.jcrew.com/s7-img-facade/CP047_RD0204?hei=1950&crop=0,0,1560,0","[""https://www.jcrew.com/s7-img-facade/CP047_RD0204?hei=1950&crop=0,0,1560,0"", ""https://www.jcrew.com/s7-img-facade/CP047_RD0204""]",True,100% leather. Select stores. Item CP047.,Berkeley small shoulder bag in patent leather,USD,178,178,CP047,https://www.jcrew.com/p/womens/categories/accessories/bags/berkeley/CP047?display=all&fit=Classic&colorProductCode=CP047&colorCode=RD0204,,226,226,2026-02-23T13:14:48Z,CP047_RD0204,J.Crew
,5.0,J.Crew,Careers,Home > men > Bags & Wallets,"[""Otter Green""]","some of the toughest outerwear on the market—and they've been doing it since the late 1800s. A best seller since 1990 and made in the U.S., this duffel bag is designed with industrial-strength rugged twill and bridled leather with an adjustable (and removable) shoulder strap, plus handles that wrap around to securely cradle heavy loads. It's sized to fit in an overhead and built to survive even the most extreme long weekends and multiday trips.Rugged cotton twill.Leather bridle.Spot clean.Made in the USA of imported fabric.Select stores.Item CP090.","20""L x 12""W X 13""H. 43-liter capacity.",6,"https://www.jcrew.com/s7-img-facade/CP090_EE9149?hei=1950&crop=0,0,1560,0","[""https://www.jcrew.com/s7-img-facade/CP090_EE9149?hei=1950&crop=0,0,1560,0"", ""https://www.jcrew.com/s7-img-facade/CP090_EE9149_d1?hei=1080&crop=0,0,864,0"", ""https://www.jcrew.com/s7-img-facade/CP090_EE9149_d2?hei=1080&crop=0,0,864,0"", ""https://www.jcrew.com/s7-img-facade/CP090_EE9149"", ""https://www.jcrew.com/s7-img-facade/CP090_EE9149_d1"", ""https://www.jcrew.com/s7-img-facade/CP090_EE9149_d2""]",False,Rugged cotton twill. Leather bridle. Spot clean. Made in the USA of imported fabric. Select stores. Item CP090.,Filson® rugged twill duffel bag,USD,916.49,595,CP090,https://www.jcrew.com/p/mens/categories/accessories/bags/travel-bags/CP090?display=all&fit=Classic&colorProductCode=CP090&colorCode=EE9149,,1,1,2026-02-23T13:15:26Z,CP090_EE9149,J.Crew
,4.142857142857143,J.Crew,Careers,Home > women > bags,"[""Tortoise"", ""Tortoiseshell phone chain TORTOISE tortoiseshell phone chain for women""]","Add a personal touch to your tech with this luxe tortoiseshell chain. Pro tip: Wear it around your wrist to hold your phone hands-free (while looking superpolished at the same time).Gold-plated zinc, gold-plated aluminum, cubic zirconia.Imported.Select stores.Item CQ855.","Length: 12 1/2"".",2,"https://www.jcrew.com/s7-img-facade/CQ855_BR6803?hei=1950&crop=0,0,1560,0","[""https://www.jcrew.com/s7-img-facade/CQ855_BR6803?hei=1950&crop=0,0,1560,0"", ""https://www.jcrew.com/s7-img-facade/CQ855_BR6803""]",False,"Gold-plated zinc, gold-plated aluminum, cubic zirconia. Imported. Select stores. Item CQ855.",Tortoiseshell phone chain,USD,76.25,,CQ855,https://www.jcrew.com/p/womens/categories/accessories/bags/phone-chains/CQ855?display=all&fit=Classic&colorProductCode=CQ855&colorCode=BR6803,,7,7,2026-02-23T13:15:59Z,CQ855_BR6803,J.Crew
,2.0,J.Crew,"This item must be returned directly to the seller and will not be accepted at J.Crew stores or the distribution center. To return your items, please follow the instructions that are enclosed in your package. You will receive a confirmation email once the Marketplace seller has received your package and a refund has been processed.",Home > women > bags,"[""Bembien&reg; le sac bag Brown"", ""Bembien&reg; le sac bag Black"", ""Bembien&reg; le sac bag Natural""]","from around the world. Ten percent of all Bembien proceeds goes to Nest, a nonprofit dedicated to the social and economic advancement of artisan communities all around the globe. A chic shoulder bag with a slouchy silhouette for a touch of seventies nostalgia. Roomy enough to carry your daytime essentials, in a timeless design that's perfect for wine-filled dinners and wherever summer takes you. The shoulder strap slips over woolly sweaters and coats for year-round versatility.Cow leather.Spot clean.Import.Online only.Item N7757.","12"" x 7"" x 2"".",2,"https://www.jcrew.com/s7-img-facade/N7757_BR1123?hei=1950&crop=0,0,1560,0","[""https://www.jcrew.com/s7-img-facade/N7757_BR1123?hei=1950&crop=0,0,1560,0"", ""https://www.jcrew.com/s7-img-facade/N7757_BR1123""]",False,Cow leather. Spot clean. Import. Online only. Item N7757.,Bembien® le sac bag,USD,446.7,290,N7757,https://www.jcrew.com/p/womens/categories/accessories/bags/shoulder-bags/N7757?display=all&fit=Classic&colorProductCode=N7757&colorCode=BR1123,,1,1,2026-02-23T13:16:33Z,N7757_BR1123,J.Crew
,5.0,J.Crew,"This item must be returned directly to the seller and will not be accepted at J.Crew stores or the distribution center. To return your items, please follow the instructions that are enclosed in your package. You will receive a confirmation email once the Marketplace seller has received your package and a refund has been processed.",Home > girls,"[""Just Dutch handmade Miffy doll in pink dress and tulip bag Green"", ""Just Dutch handmade Miffy doll in pink dress and tulip bag Pink""]","Miffy, to life with handmade crochet dolls crafted from soft organic cotton and eco-friendly materials, inviting children to create endless adventures. Featuring colorful changeable outfits, each doll is thoughtfully made by differently abled artisans in Vietnam, blending Dutch design, imaginative storytelling and meaningful social impact. Miffy is wearing her favorite pink dress and has picked up her tulip bag, ready to greet the sunny day with curiosity. She is planning a sweet surprise for a dear friend and hopes you will join her to share in the joy. Wherever her imagination takes her, Miffy brings along a sense of wonder, kindness and care. Handmade with soft cotton and thoughtful detail, this Miffy doll is a sweet companion for children and collectors alike. Her simple outfit invites open-ended play and gentle storytelling, encouraging little ones to create their own adventures. Inspired by Dutch design and the colors of spring, she brings charm, calm and creativity into any space she joins.Cotton.Embroidered eyes.Handmade.Hand wash.Imported.Online only.Item P3336.","10""H x 4""W x 2""D. Suitable for children aged three and older.",2,"https://www.jcrew.com/s7-img-facade/P3336_EF0363?hei=1950&crop=0,0,1560,0","[""https://www.jcrew.com/s7-img-facade/P3336_EF0363?hei=1950&crop=0,0,1560,0"", ""https://www.jcrew.com/s7-img-facade/P3336_EF0363""]",False,Cotton. Embroidered eyes. Handmade. Hand wash. Imported. Online only. Item P3336.,Just Dutch handmade Miffy doll in pink dress and tulip bag,USD,61.61,38,P3336,https://www.jcrew.com/p/girls/categories/accessories/fun-finds/P3336?display=all&fit=Classic&colorProductCode=P3336&colorCode=EF0363,,1,1,2026-02-23T13:17:08Z,P3336_EF0363,J.Crew
,3.909090909090909,J.Crew,"Very cute but large. There is no chance of sneaking up on anyone as you sound like Jacob Marley. Also, be careful as you could take someone out.",Home > women > bags,"[""Shiny Matte Gold"", ""Metallic link phone chain SHINY MATTE GOLD metallic link phone chain for women""]","Add a personal touch to your tech with this metallic chain that matches back to our jewelry collection. Pro tip: Wear it around your wrist to hold your phone hands-free (while looking superpolished at the same time).Gold-plated zinc, gold-plated aluminum, cubic zirconia.Imported.Select stores.Item CK154.","Length: 12 1/2"".",6,"https://www.jcrew.com/s7-img-facade/CK154_YL5433_m?hei=1950&crop=0,0,1560,0","[""https://www.jcrew.com/s7-img-facade/CK154_YL5433_m?hei=1950&crop=0,0,1560,0"", ""https://www.jcrew.com/s7-img-facade/CK154_YL5433_d1?hei=1080&crop=0,0,864,0"", ""https://www.jcrew.com/s7-img-facade/CK154_YL5433?hei=1080&crop=0,0,864,0"", ""https://www.jcrew.com/s7-img-facade/CK154_YL5433_m"", ""https://www.jcrew.com/s7-img-facade/CK154_YL5433_d1"", ""https://www.jcrew.com/s7-img-facade/CK154_YL5433""]",False,"Gold-plated zinc, gold-plated aluminum, cubic zirconia. Imported. Select stores. Item CK154.",Metallic link phone chain,USD,76.25,,CK154,https://www.jcrew.com/p/womens/categories/accessories/bags/phone-chains/CK154?display=all&fit=Classic&colorProductCode=CK154&colorCode=YL5433,,11,11,2026-02-23T13:17:21Z,CK154_YL5433,J.Crew
,1.0,J.Crew,"This item must be returned directly to the seller and will not be accepted at J.Crew stores or the distribution center. To return your items, please follow the instructions that are enclosed in your package. You will receive a confirmation email once the Marketplace seller has received your package and a refund has been processed.",Home > women > bags,"[""Bembien&reg; Gabrielle bag White"", ""Bembien&reg; Gabrielle bag Black"", ""Bembien&reg; Gabrielle bag Brown""]","from around the world. Ten percent of all Bembien proceeds goes to Nest, a nonprofit dedicated to the social and economic advancement of artisan communities all around the globe. Our largest tote bag. A carryall tote handcrafted in woven leather with two braided shoulder straps and a magnetic closure. Fits your 16"" laptop, water bottle and change of shoes.Leather.Imported.Online only.Item M7121.","18""H x 13""W x 4""D.",2,"https://www.jcrew.com/s7-img-facade/M7121_WC6066?hei=1950&crop=0,0,1560,0","[""https://www.jcrew.com/s7-img-facade/M7121_WC6066?hei=1950&crop=0,0,1560,0"", ""https://www.jcrew.com/s7-img-facade/M7121_WC6066""]",True,Leather. Imported. Online only. Item M7121.,Bembien® Gabrielle bag,USD,693.15,450,M7121,https://www.jcrew.com/p/womens/categories/accessories/bags/totes/M7121?display=all&fit=Classic&colorProductCode=M7121&colorCode=WC6066,,1,1,2026-02-23T13:17:42Z,M7121_WC6066,J.Crew
,4.842105263157895,J.Crew,Careers,Home > women > bags,"[""Rich Tort"", ""Tortoise shell clutch RICH TORT tortoise shell clutch for women""]",This ultracool tortoise shell clutch features an open geometric design that holds all of your essentials with ease. (Bonus: It's a total conversation starter.)Acetate.Imported.Select stores.Item CJ926.,"6 7/8""H x 8""W x 2 1/2""D.",10,"https://www.jcrew.com/s7-img-facade/CJ926_EE4347_m?hei=1950&crop=0,0,1560,0","[""https://www.jcrew.com/s7-img-facade/CJ926_EE4347_m?hei=1950&crop=0,0,1560,0"", ""https://www.jcrew.com/s7-img-facade/CJ926_EE4347_d1?hei=1080&crop=0,0,864,0"", ""https://www.jcrew.com/s7-img-facade/CJ926_EE4347_d3?hei=1080&crop=0,0,864,0"", ""https://www.jcrew.com/s7-img-facade/CJ926_EE4347_d4?hei=1080&crop=0,0,864,0"", ""https://www.jcrew.com/s7-img-facade/CJ926_EE4347?hei=1080&crop=0,0,864,0"", ""https://www.jcrew.com/s7-img-facade/CJ926_EE4347_m"", ""https://www.jcrew.com/s7-img-facade/CJ926_EE4347_d1"", ""https://www.jcrew.com/s7-img-facade/CJ926_EE4347_d3"", ""https://www.jcrew.com/s7-img-facade/CJ926_EE4347_d4"", ""https://www.jcrew.com/s7-img-facade/CJ926_EE4347""]",False,Acetate. Imported. Select stores. Item CJ926.,Tortoise shell clutch,USD,227.97,148,CJ926,https://www.jcrew.com/p/womens/categories/accessories/bags/clutches-and-pouches/CJ926?display=all&fit=Classic&colorProductCode=CJ926&colorCode=EE4347,,19,19,2026-02-23T13:18:22Z,CJ926_EE4347,J.Crew
,,J.Crew,Careers,Home > women,"[""Windy Blossom""]","This timeless bucket bag is roomy enough to fit your laptop and polished enough to take anywhere, with an easy tie closure. Crafted in colorful leather that holds its shape—and its own—it's the polished carryall you've been asking for.100% leather.Imported.Online only.Item CR877.Leather Working Group™This purchase supportsLWG-certified tanneriesLearn more about our Re-imagined fibersShop all Re-imagined styles","12 1/2""H x 13 1/4""W x 5 7/8""D. 9"" strap drop.",8,"https://www.jcrew.com/s7-img-facade/CR877_PK0312?hei=1950&crop=0,0,1560,0","[""https://www.jcrew.com/s7-img-facade/CR877_PK0312?hei=1950&crop=0,0,1560,0"", ""https://www.jcrew.com/s7-img-facade/CR877_PK0312_d2?hei=1080&crop=0,0,864,0"", ""https://www.jcrew.com/s7-img-facade/CR877_PK0312_d3?hei=1080&crop=0,0,864,0"", ""https://www.jcrew.com/s7-img-facade/CR877_PK0312_d4?hei=1080&crop=0,0,864,0"", ""https://www.jcrew.com/s7-img-facade/CR877_PK0312"", ""https://www.jcrew.com/s7-img-facade/CR877_PK0312_d2"", ""https://www.jcrew.com/s7-img-facade/CR877_PK0312_d3"", ""https://www.jcrew.com/s7-img-facade/CR877_PK0312_d4""]",False,100% leather. Imported. Online only. Item CR877.,Berkeley bucket bag in leather,USD,351.2,228,CR877,https://www.jcrew.com/p/womens/categories/accessories/bags/CR877?display=all&fit=Classic&colorProductCode=CR877&colorCode=PK0312,,,,2026-02-23T13:18:55Z,CR877_PK0312,J.Crew
,,J.Crew,Careers,Home > girls,"[""Pink Lilac Blue Multi""]","Nothing says spring like this one of a kind purse, covered in sequin-embellished blooms. Detail we love: the beaded crossbody strap.Polyester, acrylic.This item has small parts and is not intended for use by children under three years of age.Spot clean.Imported.Item CR658.",,6,"https://www.jcrew.com/s7-img-facade/CR658_EX0372?hei=1950&crop=0,0,1560,0","[""https://www.jcrew.com/s7-img-facade/CR658_EX0372?hei=1950&crop=0,0,1560,0"", ""https://www.jcrew.com/s7-img-facade/CR658_EX0372_d1?hei=1080&crop=0,0,864,0"", ""https://www.jcrew.com/s7-img-facade/CR658_EX0372_d2?hei=1080&crop=0,0,864,0"", ""https://www.jcrew.com/s7-img-facade/CR658_EX0372"", ""https://www.jcrew.com/s7-img-facade/CR658_EX0372_d1"", ""https://www.jcrew.com/s7-img-facade/CR658_EX0372_d2""]",False,"Polyester, acrylic. This item has small parts and is not intended for use by children under three years of age. Spot clean. Imported. Item CR658.",Girls' floral crossbody bag with sequins,USD,100.12,65,CR658,https://www.jcrew.com/p/girls/categories/accessories/bags/CR658?display=all&fit=Classic&colorProductCode=CR658&colorCode=EX0372,,,,2026-02-23T13:19:28Z,CR658_EX0372,J.Crew
,,J.Crew,"This item must be returned directly to the seller and will not be accepted at J.Crew stores or the distribution center. To return your items, please follow the instructions that are enclosed in your package. You will receive a confirmation email once the Marketplace seller has received your package and a refund has been processed.","Home > men > Candles, Grooming & Home",,"the Gathering Bag offers versatility in use, wearing, emptying and care. Its convertible straps allow for comfortable chest or back carrying, while its drop-out bottom makes quick work of emptying the harvest. Constructed of weather- and water-resistant paraffin-waxed canvas and complete with a watertight, removable liner, the Gathering Bag is the essential foraging and harvesting partner.Paraffin-waxed canvas.Waxed canvas should never be dry cleaned or machine washed but can be carefully cleaned if you so choose.Brush off the loose dirt, rinse the surface with plain water, gently scrub with a brush, then let air dry.If your stains persist, use a mild bar or saddle soap.Over time or after cleaning, your waxed canvas may need to be re-waxed.To do so, use a wax conditioner and apply in accordance with manufacturer's instructions.Metal hardware.Import.Online only.Item N1054.","18"" x 16 1/2"" x 5""; 2.1 lbs.",16,"https://www.jcrew.com/s7-img-facade/N1054_BR0614?hei=1950&crop=0,0,1560,0","[""https://www.jcrew.com/s7-img-facade/N1054_BR0614?hei=1950&crop=0,0,1560,0"", ""https://www.jcrew.com/s7-img-facade/N1054_BR0614_d1?hei=1080&crop=0,0,864,0"", ""https://www.jcrew.com/s7-img-facade/N1054_BR0614_d2?hei=1080&crop=0,0,864,0"", ""https://www.jcrew.com/s7-img-facade/N1054_BR0614_d3?hei=1080&crop=0,0,864,0"", ""https://www.jcrew.com/s7-img-facade/N1054_BR0614_d4?hei=1080&crop=0,0,864,0"", ""https://www.jcrew.com/s7-img-facade/N1054_BR0614_d5?hei=1080&crop=0,0,864,0"", ""https://www.jcrew.com/s7-img-facade/N1054_BR0614_d6?hei=1080&crop=0,0,864,0"", ""https://www.jcrew.com/s7-img-facade/N1054_BR0614_d7?hei=1080&crop=0,0,864,0"", ""https://www.jcrew.com/s7-img-facade/N1054_BR0614"", ""https://www.jcrew.com/s7-img-facade/N1054_BR0614_d1"", ""https://www.jcrew.com/s7-img-facade/N1054_BR0614_d2"", ""https://www.jcrew.com/s7-img-facade/N1054_BR0614_d3"", ""https://www.jcrew.com/s7-img-facade/N1054_BR0614_d4"", ""https://www.jcrew.com/s7-img-facade/N1054_BR0614_d5"", ""https://www.jcrew.com/s7-img-facade/N1054_BR0614_d6"", ""https://www.jcrew.com/s7-img-facade/N1054_BR0614_d7""]",False,"Paraffin-waxed canvas. Waxed canvas should never be dry cleaned or machine washed but can be carefully cleaned if you so choose. Brush off the loose dirt, rinse the surface with plain water, gently scrub with a brush, then let air dry. If your stains persist, use a mild bar or saddle soap. Over time or after cleaning, your waxed canvas may need to be re-waxed. To do so, use a wax conditioner and apply in accordance with manufacturer's instructions. Metal hardware. Import. Online only. Item N1054.",Barebones gathering bag,USD,123.23,80,N1054,https://www.jcrew.com/p/mens/categories/accessories/home/table-top/N1054?display=all&fit=Classic&colorProductCode=N1054&colorCode=BR0614,,,,2026-02-23T13:19:40Z,N1054_BR0614,J.Crew
,5.0,J.Crew,"This item must be returned directly to the seller and will not be accepted at J.Crew stores or the distribution center. To return your items, please follow the instructions that are enclosed in your package. You will receive a confirmation email once the Marketplace seller has received your package and a refund has been processed.",Home > women > bags,"[""Bembien\u00ae Carmen bag Black"", ""Bembien\u00ae Carmen bag Brown""]","from around the world. Ten percent of all Bembien proceeds goes to Nest, a nonprofit dedicated to the social and economic advancement of artisan communities all around the globe. Our chic take on a classic day bag, for when you don't need to carry absolutely everything. In our buttery-soft, yet sturdy, oversized knotted weave with a sweet arched top to add a little something special. Don't be fooled by the size; Carmen is surprisingly roomy. Wear it crossbody, regular or tie the long strap into a knot and watch it transform into something new.Cow leather.Import.Online only.Item N6469.","11"" x 3 1/2"" x 8 1/2"".",2,"https://www.jcrew.com/s7-img-facade/N6469_BK0001?hei=1950&crop=0,0,1560,0","[""https://www.jcrew.com/s7-img-facade/N6469_BK0001?hei=1950&crop=0,0,1560,0"", ""https://www.jcrew.com/s7-img-facade/N6469_BK0001""]",False,Cow leather. Import. Online only. Item N6469.,Bembien® Carmen bag,USD,477.51,310,N6469,https://www.jcrew.com/p/womens/categories/accessories/bags/crossbody/N6469?display=all&fit=Classic&colorProductCode=N6469&colorCode=BK0001,,1,1,2026-02-23T13:20:01Z,N6469_BK0001,J.Crew
,,J.Crew,Careers,Home > men > Bags & Wallets,"[""Otter Green""]","some of the toughest outerwear on the market—and they've been doing it since the late 1800s. Made in the U.S., this tote bag has handles long enough for over-shoulder carrying and large stow pockets on all four sides to keep your things organized. It's made with industrial-strength rugged twill and bridled leather that's water-resistant and built to survive daily use.Rugged cotton twill.Leather bridle.Spot clean.Made in the USA of imported fabric.Select stores.Item CP089.","15""L x 7""W x 14""H. 25-liter capacity.",6,"https://www.jcrew.com/s7-img-facade/CP089_EE9149?hei=1950&crop=0,0,1560,0","[""https://www.jcrew.com/s7-img-facade/CP089_EE9149?hei=1950&crop=0,0,1560,0"", ""https://www.jcrew.com/s7-img-facade/CP089_EE9149_d1?hei=1080&crop=0,0,864,0"", ""https://www.jcrew.com/s7-img-facade/CP089_EE9149_d2?hei=1080&crop=0,0,864,0"", ""https://www.jcrew.com/s7-img-facade/CP089_EE9149"", ""https://www.jcrew.com/s7-img-facade/CP089_EE9149_d1"", ""https://www.jcrew.com/s7-img-facade/CP089_EE9149_d2""]",False,Rugged cotton twill. Leather bridle. Spot clean. Made in the USA of imported fabric. Select stores. Item CP089.,Filson® rugged twill zipper tote bag,USD,454.4,295,CP089,https://www.jcrew.com/p/mens/categories/accessories/bags/laptop-bags/CP089?display=all&fit=Classic&colorProductCode=CP089&colorCode=EE9149,,,,2026-02-23T13:20:35Z,CP089_EE9149,J.Crew
,4.864864864864865,J.Crew,Careers,Home > women > bags,"[""Black"", ""Berkeley overnight tote in leather BLACK""]","the perfect take-it-everywhere leather style inspired by our best-selling bag collection. New this season, our overnight edition is just the right size for all your overnight necessities. Bonus: This size features a travel-ready zippered top, an inner pocket to hold your laptop and a detachable woven strap for easy over-the-shoulder carrying. Detail we love: the suede accents throughout for a luxe finishing touch.Leather.Interior pocket fits laptop.Cotton lining.Imported.Online only.Item CF925.Leather Working Group™This purchase supportsLWG-certified tanneriesLearn more about our Re-imagined fibersShop all Re-imagined styles","13 3/4""H x18""W x 8""D; 9"" handle drop. 11""-26"" removable crossbody strap.",11,"https://www.jcrew.com/s7-img-facade/CF925_BK0001_m?hei=1950&crop=0,0,1560,0","[""https://www.jcrew.com/s7-img-facade/CF925_BK0001_m?hei=1950&crop=0,0,1560,0"", ""https://www.jcrew.com/s7-img-facade/CF925_BK0001_v?hei=1700&crop=0,0,1360,0"", ""https://www.jcrew.com/s7-img-facade/CF925_BK0001_d1?hei=1080&crop=0,0,864,0"", ""https://www.jcrew.com/s7-img-facade/CF925_BK0001_d4?hei=1080&crop=0,0,864,0"", ""https://www.jcrew.com/s7-img-facade/CF925_BK0001_d5?hei=1080&crop=0,0,864,0"", ""https://www.jcrew.com/s7-img-facade/CF925_BK0001?hei=1080&crop=0,0,864,0"", ""https://www.jcrew.com/s7-img-facade/CF925_BK0001_m"", ""https://www.jcrew.com/s7-img-facade/CF925_BK0001_d1"", ""https://www.jcrew.com/s7-img-facade/CF925_BK0001_d4"", ""https://www.jcrew.com/s7-img-facade/CF925_BK0001_d5"", ""https://www.jcrew.com/s7-img-facade/CF925_BK0001""]",False,Leather. Interior pocket fits laptop. Cotton lining. Imported. Online only. Item CF925.,Berkeley overnight tote in leather,USD,348,348,CF925,https://www.jcrew.com/m/womens/categories/accessories/bags/berkeley/ME294?display=all&fit=Classic&colorProductCode=CF925&colorCode=BK0001,,37,37,2026-02-23T13:21:09Z,CF925_BK0001,J.Crew
,5.0,J.Crew,Careers,Home > men > Bags & Wallets,"[""Navy""]","a coastal community in England known for its dramatic cliffs, golden beaches and world-class surf—Atlantic Coastal Supplies specializes in gear and apparel for any aquatic adventure. The large ACS beach tote is crafted at a sailmaker's studio from durable nylon canvas with waterproof backing, strong webbing handles and a secure aluminum G-hook closure.Nylon/canvas.Spot clean.Imported.Select stores.Item CF796.","17.7""L x 15""H x 12""D.",6,"https://www.jcrew.com/s7-img-facade/CF796_BL0014?hei=1950&crop=0,0,1560,0","[""https://www.jcrew.com/s7-img-facade/CF796_BL0014?hei=1950&crop=0,0,1560,0"", ""https://www.jcrew.com/s7-img-facade/CF796_BL0014_d1?hei=1080&crop=0,0,864,0"", ""https://www.jcrew.com/s7-img-facade/CF796_BL0014_d2?hei=1080&crop=0,0,864,0"", ""https://www.jcrew.com/s7-img-facade/CF796_BL0014"", ""https://www.jcrew.com/s7-img-facade/CF796_BL0014_d1"", ""https://www.jcrew.com/s7-img-facade/CF796_BL0014_d2""]",False,Nylon/canvas. Spot clean. Imported. Select stores. Item CF796.,Atlantic Coastal Supplies large beach bag,USD,237.21,154,CF796,https://www.jcrew.com/p/mens/categories/accessories/bags/messengers-and-totes/CF796?display=all&fit=Classic&colorProductCode=CF796&colorCode=BL0014,,1,1,2026-02-23T13:21:42Z,CF796_BL0014,J.Crew
,4.065573770491803,J.Crew,Careers,Home > women > bags,"[""Rich Hickory""]","This tiny tote in handwoven straw fits the short list: phone, keys, wallet, lip gloss. Easy as ever, we added a removable leather crossbody strap for hands-free days.Handwoven paper straw.Removable crossbody strap.Imported.Select stores.Item CJ880.","6""H x 9""Wx 5""D. 3 1/2"" handle drop. 22"" strap.",2,"https://www.jcrew.com/s7-img-facade/CJ880_EE3039?hei=1950&crop=0,0,1560,0","[""https://www.jcrew.com/s7-img-facade/CJ880_EE3039?hei=1950&crop=0,0,1560,0"", ""https://www.jcrew.com/s7-img-facade/CJ880_EE3039""]",True,Handwoven paper straw. Removable crossbody strap. Imported. Select stores. Item CJ880.,Small Malta handwoven straw bag,USD,,89,CJ880,https://www.jcrew.com/p/womens/categories/accessories/bags/crossbody/CJ880?display=all&fit=Classic&colorProductCode=CJ880&colorCode=EE7216,,61,61,2026-02-23T13:22:16Z,CJ880_EE7216,J.Crew
,,J.Crew,"This item must be returned directly to the seller and will not be accepted at J.Crew stores or the distribution center. To return your items, please follow the instructions that are enclosed in your package. You will receive a confirmation email once the Marketplace seller has received your package and a refund has been processed.","Home > men > Candles, Grooming & Home",,"the Gathering Bag offers versatility in use, wearing, emptying and care. Its convertible straps allow for comfortable chest or back carrying, while its drop-out bottom makes quick work of emptying the harvest. Constructed of weather- and water-resistant paraffin-waxed canvas and complete with a watertight, removable liner, the Gathering Bag is the essential foraging and harvesting partner.Paraffin-waxed canvas.Waxed canvas should never be dry cleaned or machine washed but can be carefully cleaned if you so choose.Brush off the loose dirt, rinse the surface with plain water, gently scrub with a brush, then let air dry.If your stains persist, use a mild bar or saddle soap.Over time or after cleaning, your waxed canvas may need to be re-waxed.To do so, use a wax conditioner and apply in accordance with manufacturer's instructions.Metal hardware.Import.Online only.Item N1053.","18"" x 16 1/2"" x 5""; 2.1 lbs.",18,"https://www.jcrew.com/s7-img-facade/N1053_EC0793?hei=1950&crop=0,0,1560,0","[""https://www.jcrew.com/s7-img-facade/N1053_EC0793?hei=1950&crop=0,0,1560,0"", ""https://www.jcrew.com/s7-img-facade/N1053_EC0793_d1?hei=1080&crop=0,0,864,0"", ""https://www.jcrew.com/s7-img-facade/N1053_EC0793_d2?hei=1080&crop=0,0,864,0"", ""https://www.jcrew.com/s7-img-facade/N1053_EC0793_d3?hei=1080&crop=0,0,864,0"", ""https://www.jcrew.com/s7-img-facade/N1053_EC0793_d4?hei=1080&crop=0,0,864,0"", ""https://www.jcrew.com/s7-img-facade/N1053_EC0793_d5?hei=1080&crop=0,0,864,0"", ""https://www.jcrew.com/s7-img-facade/N1053_EC0793_d6?hei=1080&crop=0,0,864,0"", ""https://www.jcrew.com/s7-img-facade/N1053_EC0793_d7?hei=1080&crop=0,0,864,0"", ""https://www.jcrew.com/s7-img-facade/N1053_EC0793_d8?hei=1080&crop=0,0,864,0"", ""https://www.jcrew.com/s7-img-facade/N1053_EC0793"", ""https://www.jcrew.com/s7-img-facade/N1053_EC0793_d1"", ""https://www.jcrew.com/s7-img-facade/N1053_EC0793_d2"", ""https://www.jcrew.com/s7-img-facade/N1053_EC0793_d3"", ""https://www.jcrew.com/s7-img-facade/N1053_EC0793_d4"", ""https://www.jcrew.com/s7-img-facade/N1053_EC0793_d5"", ""https://www.jcrew.com/s7-img-facade/N1053_EC0793_d6"", ""https://www.jcrew.com/s7-img-facade/N1053_EC0793_d7"", ""https://www.jcrew.com/s7-img-facade/N1053_EC0793_d8""]",False,"Paraffin-waxed canvas. Waxed canvas should never be dry cleaned or machine washed but can be carefully cleaned if you so choose. Brush off the loose dirt, rinse the surface with plain water, gently scrub with a brush, then let air dry. If your stains persist, use a mild bar or saddle soap. Over time or after cleaning, your waxed canvas may need to be re-waxed. To do so, use a wax conditioner and apply in accordance with manufacturer's instructions. Metal hardware. Import. Online only. Item N1053.",Barebones gathering bag,USD,123.23,80,N1053,https://www.jcrew.com/p/mens/categories/accessories/home/table-top/N1053?display=all&fit=Classic&colorProductCode=N1053&colorCode=EC0793,,,,2026-02-23T13:22:49Z,N1053_EC0793,J.Crew
,5.0,J.Crew,Careers,Home > men > Bags & Wallets,"[""Black"", ""Leather bifold cardholder BLACK""]","this classic bifold wallet with a debossed J.Crew logo makes the perfect gift (for yourself, included).100% leather.Spot clean.Imported.Select stores.Item CO573.",One size.,4,"https://www.jcrew.com/s7-img-facade/CO573_BK0001?hei=1950&crop=0,0,1560,0","[""https://www.jcrew.com/s7-img-facade/CO573_BK0001?hei=1950&crop=0,0,1560,0"", ""https://www.jcrew.com/s7-img-facade/CO573_BK0001_d1?hei=1080&crop=0,0,864,0"", ""https://www.jcrew.com/s7-img-facade/CO573_BK0001"", ""https://www.jcrew.com/s7-img-facade/CO573_BK0001_d1""]",False,100% leather. Spot clean. Imported. Select stores. Item CO573.,Leather bifold cardholder,USD,85,85,CO573,https://www.jcrew.com/m/mens/categories/accessories/bags/wallets/ME809?display=all&fit=Classic&colorProductCode=CO573&colorCode=BK0001,,3,3,2026-02-23T13:23:22Z,CO573_BK0001,J.Crew
,5.0,J.Crew,"This item must be returned directly to the seller and will not be accepted at J.Crew stores or the distribution center. To return your items, please follow the instructions that are enclosed in your package. You will receive a confirmation email once the Marketplace seller has received your package and a refund has been processed.",Home > women > bags,"[""KAYU&reg; Jen clutch Natural"", ""KAYU&reg; Jen clutch Gold"", ""KAYU&reg; Jen clutch Black"", ""KAYU&reg; Jen clutch Blue"", ""KAYU&reg; Jen clutch Red"", ""KAYU&reg; Jen clutch Grey""]","female-run company that partners with women artisans in Southeast Asia to handmake their products using natural, sustainable materials and indigenous techniques passed down through generations.Woven straw.White stone clasp.Optional drop-in chain strap.Import.Online only.Item M1764.","4 1/2""H x 7 1/2""W x 2""D.",4,"https://www.jcrew.com/s7-img-facade/M1764_BR0968?hei=1950&crop=0,0,1560,0","[""https://www.jcrew.com/s7-img-facade/M1764_BR0968?hei=1950&crop=0,0,1560,0"", ""https://www.jcrew.com/s7-img-facade/M1764_BR0968_d1?hei=1080&crop=0,0,864,0"", ""https://www.jcrew.com/s7-img-facade/M1764_BR0968"", ""https://www.jcrew.com/s7-img-facade/M1764_BR0968_d1""]",False,Woven straw. White stone clasp. Optional drop-in chain strap. Import. Online only. Item M1764.,KAYU® Jen clutch,USD,585.33,380,M1764,https://www.jcrew.com/p/womens/categories/accessories/bags/clutches-and-pouches/M1764?display=all&fit=Classic&colorProductCode=M1764&colorCode=BR0968,,1,1,2026-02-23T13:23:55Z,M1764_BR0968,J.Crew
,4.9,J.Crew,Careers,Home > men > Bags & Wallets,"[""Natural Brilliant Cove""]","we made this durable 100 percent cotton canvas tote with a custom East Coast-inspired graphic, a removable shoulder strap and an internal zip pocket to secure your essentials. Bring it to the farmer's market, to work, on a trip—and when you shop J.Crew.Cotton.Adjustable strap.Spot clean.Imported.Select stores.16""H x 20 1/2""W x 7""D (top); 16""H x 15 1/4""W x 7""D (bottom).Item BO197.","5 1/2"" handle drop. 13""-25"" crossbody adjustable strap. One size.",2,"https://www.jcrew.com/s7-img-facade/BO197_PP5980?hei=1950&crop=0,0,1560,0","[""https://www.jcrew.com/s7-img-facade/BO197_PP5980?hei=1950&crop=0,0,1560,0"", ""https://www.jcrew.com/s7-img-facade/BO197_PP5980""]",False,"Cotton. Adjustable strap. Spot clean. Imported. Select stores. 16""H x 20 1/2""W x 7""D (top); 16""H x 15 1/4""W x 7""D (bottom). Item BO197.",Bond Street graphic tote bag,USD,88,88,BO197,https://www.jcrew.com/p/mens/categories/accessories/bags/messengers-and-totes/BO197?display=all&fit=Classic&colorProductCode=BO197&colorCode=PP5980,,10,10,2026-02-23T13:24:30Z,BO197_PP5980,J.Crew
,5.0,J.Crew,Careers,Home > men > Bags & Wallets,"[""Dark Carob"", ""Leather billfold cardholder DARK CAROB""]","this classic billfold wallet with a debossed J.Crew logo makes the perfect gift (for yourself, included).100% leather.Spot clean.Imported.Select stores.Item CP611.",One size.,4,"https://www.jcrew.com/s7-img-facade/CP611_PP7847?hei=1950&crop=0,0,1560,0","[""https://www.jcrew.com/s7-img-facade/CP611_PP7847?hei=1950&crop=0,0,1560,0"", ""https://www.jcrew.com/s7-img-facade/CP611_PP7847_d1?hei=1080&crop=0,0,864,0"", ""https://www.jcrew.com/s7-img-facade/CP611_PP7847"", ""https://www.jcrew.com/s7-img-facade/CP611_PP7847_d1""]",False,100% leather. Spot clean. Imported. Select stores. Item CP611.,Leather billfold cardholder,USD,85,85,CP611,https://www.jcrew.com/m/mens/categories/accessories/bags/wallets/ME809?display=all&fit=Classic&colorProductCode=CP611&colorCode=PP7847,,3,3,2026-02-23T13:25:02Z,CP611_PP7847,J.Crew
,5.0,J.Crew,Careers,Home > women > bags,"[""Natural Gold Crochet""]","Add a little fun to your look with this small top-handle bag, featuring handknotted cotton rope and allover metallic beading. Designed to fit your phone and wallet, it's just the right size for day or night.Cotton.Handknotted.Handwoven.Imported.Select stores.Item CJ895.","6""H x 7""W x 2 7/8""D; 4"" handle drop.",2,"https://www.jcrew.com/s7-img-facade/CJ895_EE7728?hei=1950&crop=0,0,1560,0","[""https://www.jcrew.com/s7-img-facade/CJ895_EE7728?hei=1950&crop=0,0,1560,0"", ""https://www.jcrew.com/s7-img-facade/CJ895_EE7728""]",True,Cotton. Handknotted. Handwoven. Imported. Select stores. Item CJ895.,Small handknotted crochet bag with beads,USD,118,118,CJ895,https://www.jcrew.com/p/womens/categories/accessories/bags/straw/CJ895?display=all&fit=Classic&colorProductCode=CJ895&colorCode=EE7728,,6,6,2026-02-23T13:25:35Z,CJ895_EE7728,J.Crew
,5.0,J.Crew,"This item must be returned directly to the seller and will not be accepted at J.Crew stores or the distribution center. To return your items, please follow the instructions that are enclosed in your package. You will receive a confirmation email once the Marketplace seller has received your package and a refund has been processed.",Home > women > bags,"[""Ame &amp; Lulu women's game on tennis backpack White"", ""Ame &amp; Lulu women's game on tennis backpack Silver"", ""Ame &amp; Lulu women's game on tennis backpack Blue""]","Established in 2003 in Brookline, Massachusetts, Ame & Lulu designs and manufactures stylish-yet-functional accessories for tennis, golf and everyday life. It's game time with the new-and-improved Game On Tennis Backpack. Made out of a lightweight-yet-sturdy nylon, this backpack now has extra padding for structure and comfort.Nylon.Spot clean.Imported.Online only.Item N4292.","One size. 13 1/2""L x 5""W x 16 1/2""H.",8,"https://www.jcrew.com/s7-img-facade/N4292_WC6066?hei=1950&crop=0,0,1560,0","[""https://www.jcrew.com/s7-img-facade/N4292_WC6066?hei=1950&crop=0,0,1560,0"", ""https://www.jcrew.com/s7-img-facade/N4292_WC6066_d1?hei=1080&crop=0,0,864,0"", ""https://www.jcrew.com/s7-img-facade/N4292_WC6066_d2?hei=1080&crop=0,0,864,0"", ""https://www.jcrew.com/s7-img-facade/N4292_WC6066_d3?hei=1080&crop=0,0,864,0"", ""https://www.jcrew.com/s7-img-facade/N4292_WC6066"", ""https://www.jcrew.com/s7-img-facade/N4292_WC6066_d1"", ""https://www.jcrew.com/s7-img-facade/N4292_WC6066_d2"", ""https://www.jcrew.com/s7-img-facade/N4292_WC6066_d3""]",True,Nylon. Spot clean. Imported. Online only. Item N4292.,Ame & Lulu women's game on tennis backpack,USD,181.76,118,N4292,https://www.jcrew.com/p/womens/categories/accessories/bags/backpack/N4292?display=all&fit=Classic&colorProductCode=N4292&colorCode=WC6066,,1,1,2026-02-23T13:25:48Z,N4292_WC6066,J.Crew
,,J.Crew,Careers,Home > men > Bags & Wallets,"[""Dark Carob"", ""Leather passport holder DARK CAROB""]",crafted in textured leather with a debossed J.Crew logo to keep your passport handy.100% leather.Machine wash.Imported.Select stores.Item CO577.,One size.,4,"https://www.jcrew.com/s7-img-facade/CO577_PP7847?hei=1950&crop=0,0,1560,0","[""https://www.jcrew.com/s7-img-facade/CO577_PP7847?hei=1950&crop=0,0,1560,0"", ""https://www.jcrew.com/s7-img-facade/CO577_PP7847_d1?hei=1080&crop=0,0,864,0"", ""https://www.jcrew.com/s7-img-facade/CO577_PP7847"", ""https://www.jcrew.com/s7-img-facade/CO577_PP7847_d1""]",False,100% leather. Machine wash. Imported. Select stores. Item CO577.,Leather passport holder,USD,110,110,CO577,https://www.jcrew.com/m/mens/categories/accessories/bags/wallets/ME810?display=all&fit=Classic&colorProductCode=CO577&colorCode=PP7847,,,,2026-02-23T13:26:09Z,CO577_PP7847,J.Crew
,4.25,J.Crew,"This item must be returned directly to the seller and will not be accepted at J.Crew stores or the distribution center. To return your items, please follow the instructions that are enclosed in your package. You will receive a confirmation email once the Marketplace seller has received your package and a refund has been processed.",Home > women > bags,"[""KAYU&reg; mini St. Tropez tote Natural"", ""KAYU&reg; mini St. Tropez tote Black""]","female-run company that partners with women artisans in Southeast Asia to handmake their products using natural, sustainable materials and indigenous techniques passed down through generations.Woven seagrass straw.Yarn-wrapped handles.Coordinating pom-poms.Import.Online only.Item M1762.","6 1/2""H x 9""W x 10""D; 4 1/4"" handle drop.",4,"https://www.jcrew.com/s7-img-facade/M1762_BR0968?hei=1950&crop=0,0,1560,0","[""https://www.jcrew.com/s7-img-facade/M1762_BR0968?hei=1950&crop=0,0,1560,0"", ""https://www.jcrew.com/s7-img-facade/M1762_BR0968_d1?hei=1080&crop=0,0,864,0"", ""https://www.jcrew.com/s7-img-facade/M1762_BR0968"", ""https://www.jcrew.com/s7-img-facade/M1762_BR0968_d1""]",False,Woven seagrass straw. Yarn-wrapped handles. Coordinating pom-poms. Import. Online only. Item M1762.,KAYU® mini St. Tropez tote,USD,146.34,95,M1762,https://www.jcrew.com/p/womens/categories/accessories/bags/straw/M1762?display=all&fit=Classic&colorProductCode=M1762&colorCode=BR0968,,4,4,2026-02-23T13:26:21Z,M1762_BR0968,J.Crew
,3.0,J.Crew,Careers,Home > women > bags,"[""Natural""]","We partnered with Masseria San Domenico—the magical hotel in Puglia where we hosted a few of our friends this summer—on a limited-edition capsule inspired by the sights, style and spirit of the Italian coast. The perfect beach bag, this handknotted straw tote comes with a custom embroidered Masseria San Domenico crest and a foldable silhouette that easily fits in your suitcase.Paper.Leather lining.Imported.Select stores.Item CR052.","12 1/2""H x 12 1/2""W x 12 1/2""D; 9"" handle drop.",2,"https://www.jcrew.com/s7-img-facade/CR052_NA6445?hei=1950&crop=0,0,1560,0","[""https://www.jcrew.com/s7-img-facade/CR052_NA6445?hei=1950&crop=0,0,1560,0"", ""https://www.jcrew.com/s7-img-facade/CR052_NA6445""]",False,Paper. Leather lining. Imported. Select stores. Item CR052.,Masseria San Domenico X J.Crew embroidered packable tote bag,USD,198,198,CR052,https://www.jcrew.com/p/womens/categories/accessories/bags/top-handle/CR052?display=all&fit=Classic&colorProductCode=CR052&colorCode=NA6445,,1,1,2026-02-23T13:26:41Z,CR052_NA6445,J.Crew
,1.0,J.Crew,"This item must be returned directly to the seller and will not be accepted at J.Crew stores or the distribution center. To return your items, please follow the instructions that are enclosed in your package. You will receive a confirmation email once the Marketplace seller has received your package and a refund has been processed.",Home > women > bags,"[""KAYU&reg; mini Rosie tote Black"", ""KAYU&reg; mini Rosie tote White""]","female-run company that partners with women artisans in Southeast Asia to handmake their products using natural, sustainable materials and indigenous techniques passed down through generations. Woven mini seagrass tote with ribbon-wrapped handles and a gold charm.Straw.Import.Online only.Item N9159.",,6,"https://www.jcrew.com/s7-img-facade/N9159_BK0001?hei=1950&crop=0,0,1560,0","[""https://www.jcrew.com/s7-img-facade/N9159_BK0001?hei=1950&crop=0,0,1560,0"", ""https://www.jcrew.com/s7-img-facade/N9159_BK0001_d1?hei=1080&crop=0,0,864,0"", ""https://www.jcrew.com/s7-img-facade/N9159_BK0001_d2?hei=1080&crop=0,0,864,0"", ""https://www.jcrew.com/s7-img-facade/N9159_BK0001"", ""https://www.jcrew.com/s7-img-facade/N9159_BK0001_d1"", ""https://www.jcrew.com/s7-img-facade/N9159_BK0001_d2""]",False,Straw. Import. Online only. Item N9159.,KAYU® mini Rosie tote,USD,197.16,128,N9159,https://www.jcrew.com/p/womens/categories/accessories/bags/straw/N9159?display=all&fit=Classic&colorProductCode=N9159&colorCode=BK0001,,1,1,2026-02-23T13:26:55Z,N9159_BK0001,J.Crew
,5.0,J.Crew,Careers,Home > men > Bags & Wallets,"[""Otter Green""]","some of the toughest outerwear on the market—and they've been doing it since the late 1800s. A best seller since 1994 and made in the U.S., this briefcase is crafted with industrial-strength rugged twill and bridled leather with an adjustable (and removable) shoulder strap. It's sized to fit up to a 15"" laptop and built to survive any workplace, whether on land, at sea or in the air.Rugged cotton twill.Leather bridle.Spot clean.Made in the USA of imported materials.Select stores.Item CP088.","16""L x 4""W x 12 1/2""H. 13-liter capacity.",6,"https://www.jcrew.com/s7-img-facade/CP088_EE9149?hei=1950&crop=0,0,1560,0","[""https://www.jcrew.com/s7-img-facade/CP088_EE9149?hei=1950&crop=0,0,1560,0"", ""https://www.jcrew.com/s7-img-facade/CP088_EE9149_d1?hei=1080&crop=0,0,864,0"", ""https://www.jcrew.com/s7-img-facade/CP088_EE9149_d2?hei=1080&crop=0,0,864,0"", ""https://www.jcrew.com/s7-img-facade/CP088_EE9149"", ""https://www.jcrew.com/s7-img-facade/CP088_EE9149_d1"", ""https://www.jcrew.com/s7-img-facade/CP088_EE9149_d2""]",False,Rugged cotton twill. Leather bridle. Spot clean. Made in the USA of imported materials. Select stores. Item CP088.,Filson® original rugged twill briefcase,USD,762.46,495,CP088,https://www.jcrew.com/p/mens/categories/accessories/bags/laptop-bags/CP088?display=all&fit=Classic&colorProductCode=CP088&colorCode=EE9149,,1,1,2026-02-23T13:27:14Z,CP088_EE9149,J.Crew
,4.0,J.Crew,Careers,Home > women,"[""Poppy Stripe""]","SZ Blockprints founder and designer, Sarah Zellweger, works with a team of local artisans in Jaipur, India, to create her signature vibrant block prints. This beach-ready tote features reversible motifs and multiple pockets for safe keeping.Cotton.Imported.Online only.Item CK700.","21 1/4""L x 12 3/4"" W; 10 1/4"" handle drop.",2,"https://www.jcrew.com/s7-img-facade/CK700_EE8367?hei=1950&crop=0,0,1560,0","[""https://www.jcrew.com/s7-img-facade/CK700_EE8367?hei=1950&crop=0,0,1560,0"", ""https://www.jcrew.com/s7-img-facade/CK700_EE8367""]",True,Cotton. Imported. Online only. Item CK700.,SZ Blockprints™ X J.Crew tote bag,USD,178,178,CK700,https://www.jcrew.com/p/womens/categories/accessories/bags/CK700?display=all&fit=Classic&colorProductCode=CK700&colorCode=EE8367,,1,1,2026-02-23T13:27:28Z,CK700_EE8367,J.Crew
,,J.Crew,Careers,Home > women > bags,"[""Multi""]","Our highly anticipated collaboration is back for a new exclusive drop. We partnered with the brand known for turning classic book covers into covetable, artful accessories on an exclusive collection of clutches celebrating archival J.Crew catalogs. This one of a kind style features a hand-embroidered recreation of our Christmas 1997 cover.Cotton/wool with stainless steel hardware and silk thread.Imported.Online only.Item CF367.","7.9""H x 5.5""W x 1.2""D.",10,"https://www.jcrew.com/s7-img-facade/CF367_EE5619?hei=1950&crop=0,0,1560,0","[""https://www.jcrew.com/s7-img-facade/CF367_EE5619?hei=1950&crop=0,0,1560,0"", ""https://www.jcrew.com/s7-img-facade/CF367_EE5619_d1?hei=1080&crop=0,0,864,0"", ""https://www.jcrew.com/s7-img-facade/CF367_EE5619_d2?hei=1080&crop=0,0,864,0"", ""https://www.jcrew.com/s7-img-facade/CF367_EE5619_d3?hei=1080&crop=0,0,864,0"", ""https://www.jcrew.com/s7-img-facade/CF367_EE5619_d4?hei=1080&crop=0,0,864,0"", ""https://www.jcrew.com/s7-img-facade/CF367_EE5619"", ""https://www.jcrew.com/s7-img-facade/CF367_EE5619_d1"", ""https://www.jcrew.com/s7-img-facade/CF367_EE5619_d2"", ""https://www.jcrew.com/s7-img-facade/CF367_EE5619_d3"", ""https://www.jcrew.com/s7-img-facade/CF367_EE5619_d4""]",False,Cotton/wool with stainless steel hardware and silk thread. Imported. Online only. Item CF367.,Olympia Le-Tan© X J.Crew 1997 catalog clutch,USD,2772.57,1800,CF367,https://www.jcrew.com/p/womens/categories/accessories/bags/clutches-and-pouches/CF367?display=all&fit=Classic&colorProductCode=CF367&colorCode=EE5619,,,,2026-02-23T13:27:47Z,CF367_EE5619,J.Crew
,5.0,J.Crew,Careers,Home > men > Bags & Wallets,"[""Dark Carob"", ""Leather double-sided cardholder DARK CAROB""]","this classic cardholder wallet makes the perfect gift (for yourself, included).100% leather.Spot clean.Imported.Select stores.Item CP610.",One size.,4,"https://www.jcrew.com/s7-img-facade/CP610_PP7847?hei=1950&crop=0,0,1560,0","[""https://www.jcrew.com/s7-img-facade/CP610_PP7847?hei=1950&crop=0,0,1560,0"", ""https://www.jcrew.com/s7-img-facade/CP610_PP7847_d1?hei=1080&crop=0,0,864,0"", ""https://www.jcrew.com/s7-img-facade/CP610_PP7847"", ""https://www.jcrew.com/s7-img-facade/CP610_PP7847_d1""]",False,100% leather. Spot clean. Imported. Select stores. Item CP610.,Leather double-sided cardholder,USD,75,75,CP610,https://www.jcrew.com/m/mens/categories/accessories/bags/wallets/ME808?display=all&fit=Classic&colorProductCode=CP610&colorCode=PP7847,,3,3,2026-02-23T13:28:01Z,CP610_PP7847,J.Crew
,4.714285714285714,J.Crew,Careers,Home > girls,"[""Vintage Red"", ""Girls' bow satin purse VINTAGE RED girls' bow satin purse for girls""]","Meet the bag she'll want to take everywhere this season, thanks to a pretty bow embellishment, ribbon strap and sleek satin fabric.Polyester.Spot clean.Imported.Item CP031.",Size & Fit-Fitstrue to sizebased on7 customer reviews,4,"https://www.jcrew.com/s7-img-facade/CP031_RD5812?hei=1950&crop=0,0,1560,0","[""https://www.jcrew.com/s7-img-facade/CP031_RD5812?hei=1950&crop=0,0,1560,0"", ""https://www.jcrew.com/s7-img-facade/CP031_RD5812_d1?hei=1080&crop=0,0,864,0"", ""https://www.jcrew.com/s7-img-facade/CP031_RD5812"", ""https://www.jcrew.com/s7-img-facade/CP031_RD5812_d1""]",True,Polyester. Spot clean. Imported. Item CP031.,Girls' bow satin purse,USD,91.65,59,CP031,https://www.jcrew.com/p/girls/categories/accessories/bags/CP031?display=all&fit=Classic&colorProductCode=CP031&colorCode=RD5812,,7,7,2026-02-23T13:28:21Z,CP031_RD5812,J.Crew
,5.0,J.Crew,Careers,Home > girls,"[""Washed Out Pink""]","This hand-embellished bag is decked out with lots of festive, mixed-shape bows and a crossbody strap made from colorful beads. Hello, great gift idea. . .Polyester.Spot clean.Imported.Item CP029.",Size & Fit-Fitstrue to sizebased on8 customer reviews,4,"https://www.jcrew.com/s7-img-facade/CP029_PK0134?hei=1950&crop=0,0,1560,0","[""https://www.jcrew.com/s7-img-facade/CP029_PK0134?hei=1950&crop=0,0,1560,0"", ""https://www.jcrew.com/s7-img-facade/CP029_PK0134_d3?hei=1080&crop=0,0,864,0"", ""https://www.jcrew.com/s7-img-facade/CP029_PK0134"", ""https://www.jcrew.com/s7-img-facade/CP029_PK0134_d3""]",True,Polyester. Spot clean. Imported. Item CP029.,Girls' bow hand-beaded crossbody pouch,USD,84.72,55,CP029,https://www.jcrew.com/p/girls/categories/accessories/bags/CP029?display=all&fit=Classic&colorProductCode=CP029&colorCode=PK0134,,8,8,2026-02-23T13:28:35Z,CP029_PK0134,J.Crew
,,J.Crew,"This item must be returned directly to the seller and will not be accepted at J.Crew stores or the distribution center. To return your items, please follow the instructions that are enclosed in your package. You will receive a confirmation email once the Marketplace seller has received your package and a refund has been processed.",Home > women > bags,"[""KAYU&reg; Lou clutch Natural"", ""KAYU&reg; Lou clutch White""]","female-run company that partners with women artisans in Southeast Asia to handmake their products using natural, sustainable materials and indigenous techniques passed down through generations. Woven wicker clutch with gold-tone turn-lock closure and optional drop-in chain strap.Straw.Imported.Online only.Item N8164.","5""H x 8 1/2""W x 1 3/4""D.",6,"https://www.jcrew.com/s7-img-facade/N8164_BR0968?hei=1950&crop=0,0,1560,0","[""https://www.jcrew.com/s7-img-facade/N8164_BR0968?hei=1950&crop=0,0,1560,0"", ""https://www.jcrew.com/s7-img-facade/N8164_BR0968_d1?hei=1080&crop=0,0,864,0"", ""https://www.jcrew.com/s7-img-facade/N8164_BR0968_d2?hei=1080&crop=0,0,864,0"", ""https://www.jcrew.com/s7-img-facade/N8164_BR0968"", ""https://www.jcrew.com/s7-img-facade/N8164_BR0968_d1"", ""https://www.jcrew.com/s7-img-facade/N8164_BR0968_d2""]",True,Straw. Imported. Online only. Item N8164.,KAYU® Lou clutch,USD,431.29,280,N8164,https://www.jcrew.com/p/womens/categories/accessories/bags/clutches-and-pouches/N8164?display=all&fit=Classic&colorProductCode=N8164&colorCode=BR0968,,,,2026-02-23T13:28:55Z,N8164_BR0968,J.Crew
,4.568627450980392,J.Crew,Careers,Home > shop all > women,,,,0,,,False,,Olympia Le-Tan&reg; X J.Crew 1994 catalog clutch,USD,1700,1700,CF257,https://www.jcrew.com/m/womens/categories/accessories/bags/clutches-and-pouches/ME101?display=all&fit=Classic&colorProductCode=CF257&colorCode=EE5619,,51,51,2026-02-23T13:29:27Z,CF257_EE5619,J.Crew
,5.0,J.Crew,Careers,Home > women > bags,"[""Multi""]","Our highly anticipated collaboration is back for another exclusive drop. We partnered with the brand known for turning classic book covers into covetable, artful accessories on an exclusive collection of clutches celebrating archival J.Crew catalogs. This one of a kind style features a hand-embroidered recreation of our Christmas 1994 cover.Cotton/wool with stainless steel hardware and silk thread.Imported.Online only.Item CF368.","7.9""H x 5.5""W x 1.2""D.",10,"https://www.jcrew.com/s7-img-facade/CF368_EE5619?hei=1950&crop=0,0,1560,0","[""https://www.jcrew.com/s7-img-facade/CF368_EE5619?hei=1950&crop=0,0,1560,0"", ""https://www.jcrew.com/s7-img-facade/CF368_EE5619_d1?hei=1080&crop=0,0,864,0"", ""https://www.jcrew.com/s7-img-facade/CF368_EE5619_d2?hei=1080&crop=0,0,864,0"", ""https://www.jcrew.com/s7-img-facade/CF368_EE5619_d3?hei=1080&crop=0,0,864,0"", ""https://www.jcrew.com/s7-img-facade/CF368_EE5619_d4?hei=1080&crop=0,0,864,0"", ""https://www.jcrew.com/s7-img-facade/CF368_EE5619"", ""https://www.jcrew.com/s7-img-facade/CF368_EE5619_d1"", ""https://www.jcrew.com/s7-img-facade/CF368_EE5619_d2"", ""https://www.jcrew.com/s7-img-facade/CF368_EE5619_d3"", ""https://www.jcrew.com/s7-img-facade/CF368_EE5619_d4""]",False,Cotton/wool with stainless steel hardware and silk thread. Imported. Online only. Item CF368.,Olympia Le-Tan© X J.Crew 1994 catalog clutch,USD,2464.51,1600,CF368,https://www.jcrew.com/p/womens/categories/accessories/bags/clutches-and-pouches/CF368?display=all&fit=Classic&colorProductCode=CF368&colorCode=EE5619,,1,1,2026-02-23T13:30:00Z,CF368_EE5619,J.Crew
,,J.Crew,"This item must be returned directly to the seller and will not be accepted at J.Crew stores or the distribution center. To return your items, please follow the instructions that are enclosed in your package. You will receive a confirmation email once the Marketplace seller has received your package and a refund has been processed.",Home > women > bags,,"Established in 2003 in Brookline, Massachusetts, Ame & Lulu designs and manufactures stylish-yet-functional accessories for tennis, golf and everyday life. Store all of your pickleball gear in our newest Pickleball Tote Bag. This bag is built for function and fashion with the paddle-shaped pocket and extra interior pockets.Nylon.Spot clean.Imported.Online only.Item N4305.","One size. 17 1/2""L x 5""W x 12 1/2""H.",6,"https://www.jcrew.com/s7-img-facade/N4305_EC4109?hei=1950&crop=0,0,1560,0","[""https://www.jcrew.com/s7-img-facade/N4305_EC4109?hei=1950&crop=0,0,1560,0"", ""https://www.jcrew.com/s7-img-facade/N4305_EC4109_d1?hei=1080&crop=0,0,864,0"", ""https://www.jcrew.com/s7-img-facade/N4305_EC4109_d2?hei=1080&crop=0,0,864,0"", ""https://www.jcrew.com/s7-img-facade/N4305_EC4109"", ""https://www.jcrew.com/s7-img-facade/N4305_EC4109_d1"", ""https://www.jcrew.com/s7-img-facade/N4305_EC4109_d2""]",True,Nylon. Spot clean. Imported. Online only. Item N4305.,Ame & Lulu women's pickleball tote bag,USD,166.36,108,N4305,https://www.jcrew.com/p/womens/categories/accessories/bags/totes/N4305?display=all&fit=Classic&colorProductCode=N4305&colorCode=EC4109,,,,2026-02-23T13:30:13Z,N4305_EC4109,J.Crew
,3.25,J.Crew,"This item must be returned directly to the seller and will not be accepted at J.Crew stores or the distribution center. To return your items, please follow the instructions that are enclosed in your package. You will receive a confirmation email once the Marketplace seller has received your package and a refund has been processed.",Home > women > bags,"[""KAYU&reg; St. Tropez tote Natural"", ""KAYU&reg; St. Tropez tote White"", ""KAYU&reg; St. Tropez tote Black""]","female-run company that partners with women artisans in Southeast Asia to handmake their products using natural, sustainable materials and indigenous techniques passed down through generations.Woven seagrass straw.Yarn-wrapped handles.Coordinating pom-poms.Import.Online only.Item M1761.","9 1/2""H x 17 1/2""W x 5 1/2""D; 4 1/2"" handle drop.",4,"https://www.jcrew.com/s7-img-facade/M1761_BR0968?hei=1950&crop=0,0,1560,0","[""https://www.jcrew.com/s7-img-facade/M1761_BR0968?hei=1950&crop=0,0,1560,0"", ""https://www.jcrew.com/s7-img-facade/M1761_BR0968_d1?hei=1080&crop=0,0,864,0"", ""https://www.jcrew.com/s7-img-facade/M1761_BR0968"", ""https://www.jcrew.com/s7-img-facade/M1761_BR0968_d1""]",True,Woven seagrass straw. Yarn-wrapped handles. Coordinating pom-poms. Import. Online only. Item M1761.,KAYU® St. Tropez tote,USD,254.16,165,M1761,https://www.jcrew.com/p/womens/categories/accessories/bags/shoulder-bags/M1761?display=all&fit=Classic&colorProductCode=M1761&colorCode=BR0968,,4,4,2026-02-23T13:30:34Z,M1761_BR0968,J.Crew
,4.5,J.Crew,Careers,Home > girls,"[""Coral Reef"", ""Girls' rosette satin purse CORAL REEF girls' rosette satin purse for girls""]","Meet the bag she'll want to take everywhere this season, thanks to a pretty rosette embellishment and sleek satin fabric.Polyester.Lined.Spot clean.Imported.Item CF386.","5 1/4""H x 6 1/2""W; 16"" handle drop.",6,"https://www.jcrew.com/s7-img-facade/CF386_PK5396_m?hei=1950&crop=0,0,1560,0","[""https://www.jcrew.com/s7-img-facade/CF386_PK5396_m?hei=1950&crop=0,0,1560,0"", ""https://www.jcrew.com/s7-img-facade/CF386_PK5396_d1?hei=1080&crop=0,0,864,0"", ""https://www.jcrew.com/s7-img-facade/CF386_PK5396?hei=1080&crop=0,0,864,0"", ""https://www.jcrew.com/s7-img-facade/CF386_PK5396_m"", ""https://www.jcrew.com/s7-img-facade/CF386_PK5396_d1"", ""https://www.jcrew.com/s7-img-facade/CF386_PK5396""]",True,Polyester. Lined. Spot clean. Imported. Item CF386.,Girls' rosette satin purse,USD,76.25,49,CF386,https://www.jcrew.com/p/girls/categories/accessories/bags/CF386?display=all&fit=Classic&colorProductCode=CF386&colorCode=PK5396,,14,14,2026-02-23T13:31:09Z,CF386_PK5396,J.Crew
,,J.Crew,"This item must be returned directly to the seller and will not be accepted at J.Crew stores or the distribution center. To return your items, please follow the instructions that are enclosed in your package. You will receive a confirmation email once the Marketplace seller has received your package and a refund has been processed.",Home > women > bags,"[""KAYU&reg; Sisal clutch Natural"", ""KAYU&reg; Sisal clutch Blue"", ""KAYU&reg; Sisal clutch White""]","female-run company that partners with women artisans in Southeast Asia to handmake their products using natural, sustainable materials and indigenous techniques passed down through generations. Woven wicker clutch with hidden magnetic closure and optional drop-in chain strap.Straw.Imported.Online only.Item P3158.",,8,"https://www.jcrew.com/s7-img-facade/P3158_BR0968?hei=1950&crop=0,0,1560,0","[""https://www.jcrew.com/s7-img-facade/P3158_BR0968?hei=1950&crop=0,0,1560,0"", ""https://www.jcrew.com/s7-img-facade/P3158_BR0968_d1?hei=1080&crop=0,0,864,0"", ""https://www.jcrew.com/s7-img-facade/P3158_BR0968_d2?hei=1080&crop=0,0,864,0"", ""https://www.jcrew.com/s7-img-facade/P3158_BR0968_d3?hei=1080&crop=0,0,864,0"", ""https://www.jcrew.com/s7-img-facade/P3158_BR0968"", ""https://www.jcrew.com/s7-img-facade/P3158_BR0968_d1"", ""https://www.jcrew.com/s7-img-facade/P3158_BR0968_d2"", ""https://www.jcrew.com/s7-img-facade/P3158_BR0968_d3""]",True,Straw. Imported. Online only. Item P3158.,KAYU® Sisal clutch,USD,485.21,315,P3158,https://www.jcrew.com/p/womens/categories/accessories/bags/clutches-and-pouches/P3158?display=all&fit=Classic&colorProductCode=P3158&colorCode=BR0968,,,,2026-02-23T13:31:41Z,P3158_BR0968,J.Crew
,,J.Crew,"This item must be returned directly to the seller and will not be accepted at J.Crew stores or the distribution center. To return your items, please follow the instructions that are enclosed in your package. You will receive a confirmation email once the Marketplace seller has received your package and a refund has been processed.",Home > women > bags,,"female-run company that partners with women artisans in Southeast Asia to handmake their products using natural, sustainable materials and indigenous techniques passed down through generations. Woven straw clutch with natural stone clasp and optional drop-in chain strap.Straw.Imported.Online only.Item P3156.",,8,"https://www.jcrew.com/s7-img-facade/P3156_EC5461?hei=1950&crop=0,0,1560,0","[""https://www.jcrew.com/s7-img-facade/P3156_EC5461?hei=1950&crop=0,0,1560,0"", ""https://www.jcrew.com/s7-img-facade/P3156_EC5461_d1?hei=1080&crop=0,0,864,0"", ""https://www.jcrew.com/s7-img-facade/P3156_EC5461_d2?hei=1080&crop=0,0,864,0"", ""https://www.jcrew.com/s7-img-facade/P3156_EC5461_d3?hei=1080&crop=0,0,864,0"", ""https://www.jcrew.com/s7-img-facade/P3156_EC5461"", ""https://www.jcrew.com/s7-img-facade/P3156_EC5461_d1"", ""https://www.jcrew.com/s7-img-facade/P3156_EC5461_d2"", ""https://www.jcrew.com/s7-img-facade/P3156_EC5461_d3""]",True,Straw. Imported. Online only. Item P3156.,KAYU® Uxmal clutch,USD,531.41,345,P3156,https://www.jcrew.com/p/womens/categories/accessories/bags/clutches-and-pouches/P3156?display=all&fit=Classic&colorProductCode=P3156&colorCode=EC5461,,,,2026-02-23T13:32:14Z,P3156_EC5461,J.Crew
,,J.Crew,"This item must be returned directly to the seller and will not be accepted at J.Crew stores or the distribution center. To return your items, please follow the instructions that are enclosed in your package. You will receive a confirmation email once the Marketplace seller has received your package and a refund has been processed.",Home > women > bags,"[""KAYU&reg; Carmen clutch Natural"", ""KAYU&reg; Carmen clutch Black""]","female-run company that partners with women artisans in Southeast Asia to handmake their products using natural, sustainable materials and indigenous techniques passed down through generations. Woven straw clutch with gold-tone clasp and optional drop-in chain strap.Straw.Optional drop-in chain strap.Imported.Online only.Item P2945.",,6,"https://www.jcrew.com/s7-img-facade/P2945_BR0968?hei=1950&crop=0,0,1560,0","[""https://www.jcrew.com/s7-img-facade/P2945_BR0968?hei=1950&crop=0,0,1560,0"", ""https://www.jcrew.com/s7-img-facade/P2945_BR0968_d1?hei=1080&crop=0,0,864,0"", ""https://www.jcrew.com/s7-img-facade/P2945_BR0968_d2?hei=1080&crop=0,0,864,0"", ""https://www.jcrew.com/s7-img-facade/P2945_BR0968"", ""https://www.jcrew.com/s7-img-facade/P2945_BR0968_d1"", ""https://www.jcrew.com/s7-img-facade/P2945_BR0968_d2""]",True,Straw. Optional drop-in chain strap. Imported. Online only. Item P2945.,KAYU® Carmen clutch,USD,531.41,345,P2945,https://www.jcrew.com/p/womens/categories/accessories/bags/clutches-and-pouches/P2945?display=all&fit=Classic&colorProductCode=P2945&colorCode=BR0968,,,,2026-02-23T13:32:47Z,P2945_BR0968,J.Crew
,5.0,J.Crew,Careers,Home > women > bags,"[""Red And White Stripe"", ""1989 striped tote RED AND WHITE STRIPE 1989 striped tote for women""]","This cotton canvas tote combines bold vertical stripes and a structured silhouette, making it perfect for beach days, travel days or just every day.Cotton.Imported.Online only.Item CL319.","15""H x 12""W x 7""D; 8 1/2"" handle drop.",2,"https://www.jcrew.com/s7-img-facade/CL319_EE7761?hei=1950&crop=0,0,1560,0","[""https://www.jcrew.com/s7-img-facade/CL319_EE7761?hei=1950&crop=0,0,1560,0"", ""https://www.jcrew.com/s7-img-facade/CL319_EE7761""]",False,Cotton. Imported. Online only. Item CL319.,1989 striped tote,USD,137.87,,CL319,https://www.jcrew.com/p/womens/categories/accessories/bags/totes/CL319?display=all&fit=Classic&colorProductCode=CL319&colorCode=EE7761,,13,13,2026-02-23T13:33:20Z,CL319_EE7761,J.Crew
,5.0,J.Crew,Careers,Home > men > Bags & Wallets,"[""Black"", ""Leather double-sided cardholder BLACK""]","smooth leather, this classic cardholder wallet with a debossed J.Crew logo makes the perfect gift (for yourself, included).100% leather.Spot clean.Imported.Select stores.Item CO572.",One size.,4,"https://www.jcrew.com/s7-img-facade/CO572_BK0001?hei=1950&crop=0,0,1560,0","[""https://www.jcrew.com/s7-img-facade/CO572_BK0001?hei=1950&crop=0,0,1560,0"", ""https://www.jcrew.com/s7-img-facade/CO572_BK0001_d1?hei=1080&crop=0,0,864,0"", ""https://www.jcrew.com/s7-img-facade/CO572_BK0001"", ""https://www.jcrew.com/s7-img-facade/CO572_BK0001_d1""]",False,100% leather. Spot clean. Imported. Select stores. Item CO572.,Leather double-sided cardholder,USD,75,75,CO572,https://www.jcrew.com/m/mens/categories/accessories/bags/wallets/ME808?display=all&fit=Classic&colorProductCode=CO572&colorCode=BK0001,,3,3,2026-02-23T13:33:53Z,CO572_BK0001,J.Crew
,,J.Crew,Careers,Home > men > Bags & Wallets,"[""Black"", ""Leather passport holder BLACK""]",crafted in textured leather with a debossed J.Crew logo to keep your passport handy.100% leather.Spot clean.Imported.Select stores.Item CP612.,One size.,4,"https://www.jcrew.com/s7-img-facade/CP612_BK0001?hei=1950&crop=0,0,1560,0","[""https://www.jcrew.com/s7-img-facade/CP612_BK0001?hei=1950&crop=0,0,1560,0"", ""https://www.jcrew.com/s7-img-facade/CP612_BK0001_d1?hei=1080&crop=0,0,864,0"", ""https://www.jcrew.com/s7-img-facade/CP612_BK0001"", ""https://www.jcrew.com/s7-img-facade/CP612_BK0001_d1""]",False,100% leather. Spot clean. Imported. Select stores. Item CP612.,Leather passport holder,USD,110,110,CP612,https://www.jcrew.com/m/mens/categories/accessories/bags/wallets/ME810?display=all&fit=Classic&colorProductCode=CP612&colorCode=BK0001,,,,2026-02-23T13:34:26Z,CP612_BK0001,J.Crew
,,J.Crew,"This item must be returned directly to the seller and will not be accepted at J.Crew stores or the distribution center. To return your items, please follow the instructions that are enclosed in your package. You will receive a confirmation email once the Marketplace seller has received your package and a refund has been processed.",Home > women > bags,,"female-run company that partners with women artisans in Southeast Asia to handmake their products using natural, sustainable materials and indigenous techniques passed down through generations. Woven straw clutch with shell clasp and optional drop-in chain strap.Straw.Imported.Online only.Item P3154.",,8,"https://www.jcrew.com/s7-img-facade/P3154_BR0984?hei=1950&crop=0,0,1560,0","[""https://www.jcrew.com/s7-img-facade/P3154_BR0984?hei=1950&crop=0,0,1560,0"", ""https://www.jcrew.com/s7-img-facade/P3154_BR0984_d1?hei=1080&crop=0,0,864,0"", ""https://www.jcrew.com/s7-img-facade/P3154_BR0984_d2?hei=1080&crop=0,0,864,0"", ""https://www.jcrew.com/s7-img-facade/P3154_BR0984_d3?hei=1080&crop=0,0,864,0"", ""https://www.jcrew.com/s7-img-facade/P3154_BR0984"", ""https://www.jcrew.com/s7-img-facade/P3154_BR0984_d1"", ""https://www.jcrew.com/s7-img-facade/P3154_BR0984_d2"", ""https://www.jcrew.com/s7-img-facade/P3154_BR0984_d3""]",True,Straw. Imported. Online only. Item P3154.,KAYU® Mani clutch,USD,531.41,345,P3154,https://www.jcrew.com/p/womens/categories/accessories/bags/clutches-and-pouches/P3154?display=all&fit=Classic&colorProductCode=P3154&colorCode=BR0984,,,,2026-02-23T13:34:59Z,P3154_BR0984,J.Crew
,4.568627450980392,J.Crew,Careers,Home > shop all > women,,,,0,,,False,,Olympia Le-Tan&reg; X J.Crew 1989 catalog clutch,USD,2100,2100,CF256,https://www.jcrew.com/m/womens/categories/accessories/bags/clutches-and-pouches/ME101?display=all&fit=Classic&colorProductCode=CF256&colorCode=EE5619,,51,51,2026-02-23T13:35:50Z,CF256_EE5619,J.Crew
,5.0,J.Crew,Careers,Home > girls > Bottoms,"[""Spring Whisper"", ""Girls' paper-bag short in chino SPRING WHISPER""]","This pull-on style features a ruffle paper-bag waist that's super-easy, crafted from our famously soft and colorful chino.100% cotton.Elastic waistband.Machine wash.Imported.Select stores.Item CR540.",Hits above knee.,4,"https://www.jcrew.com/s7-img-facade/CR540_GR0280?hei=1950&crop=0,0,1560,0","[""https://www.jcrew.com/s7-img-facade/CR540_GR0280?hei=1950&crop=0,0,1560,0"", ""https://www.jcrew.com/s7-img-facade/CR540_GR0280_d3?hei=1080&crop=0,0,864,0"", ""https://www.jcrew.com/s7-img-facade/CR540_GR0280"", ""https://www.jcrew.com/s7-img-facade/CR540_GR0280_d3""]",False,100% cotton. Elastic waistband. Machine wash. Imported. Select stores. Item CR540.,Girls' paper-bag short in chino,USD,,59,CR540,https://www.jcrew.com/m/girls/categories/clothing/bottoms/shorts/ME871?display=all&fit=Classic&colorProductCode=CR540&colorCode=GR0280,,2,2,2026-02-23T13:36:23Z,CR540_GR0280,J.Crew
,5.0,J.Crew,Careers,Home > girls > Bottoms,"[""June Medium Wash"", ""Girls' paper-bag short in chambray JUNE MEDIUM WASH""]","This pull-on style features a ruffle paper-bag waist that's super-easy, crafted from our lightweight chambray for a drapey finish.100% cotton.Elastic waistband.Machine wash.Imported.Select stores.Item CH065.",Hits above knee.,4,"https://www.jcrew.com/s7-img-facade/CH065_DM9499?hei=1950&crop=0,0,1560,0","[""https://www.jcrew.com/s7-img-facade/CH065_DM9499?hei=1950&crop=0,0,1560,0"", ""https://www.jcrew.com/s7-img-facade/CH065_DM9499_d3?hei=1080&crop=0,0,864,0"", ""https://www.jcrew.com/s7-img-facade/CH065_DM9499"", ""https://www.jcrew.com/s7-img-facade/CH065_DM9499_d3""]",False,100% cotton. Elastic waistband. Machine wash. Imported. Select stores. Item CH065.,Girls' paper-bag short in chambray,USD,,59,CH065,https://www.jcrew.com/m/girls/categories/clothing/bottoms/denim/ME871?display=all&fit=Classic&colorProductCode=CH065&colorCode=DM9499,,2,2,2026-02-23T13:36:57Z,CH065_DM9499,J.Crew
,,J.Crew,Careers,Home > girls,"[""Mint Butterfly Multi""]","Nothing says spring like this one of a kind purse in the shape of a butterfly. Detail we love: the beaded crossbody strap.Polyester, acrylic.This item has small parts and is not intended for use by children under three years of age.Spot clean.Imported.Item CR644.",,4,"https://www.jcrew.com/s7-img-facade/CR644_EE9620?hei=1950&crop=0,0,1560,0","[""https://www.jcrew.com/s7-img-facade/CR644_EE9620?hei=1950&crop=0,0,1560,0"", ""https://www.jcrew.com/s7-img-facade/CR644_EE9620_d1?hei=1080&crop=0,0,864,0"", ""https://www.jcrew.com/s7-img-facade/CR644_EE9620"", ""https://www.jcrew.com/s7-img-facade/CR644_EE9620_d1""]",False,"Polyester, acrylic. This item has small parts and is not intended for use by children under three years of age. Spot clean. Imported. Item CR644.",Girls' butterfly handbeaded crossbody pouch,USD,91.65,,CR644,https://www.jcrew.com/p/girls/categories/accessories/bags/CR644?display=all&fit=Classic&colorProductCode=CR644&colorCode=EE9620,,,,2026-02-23T13:37:30Z,CR644_EE9620,J.Crew
,,J.Crew,Careers,Home > boys,"[""Stripes"", ""State&trade; kids' Kane backpack in stripe STRIPES""]","This design is made by Brooklyn-based STATE bags, the brand that's synonymous with style, quality and giving back. (For every bag they sell, they donate another to a local child in need.) The best part: You'll love the premium materials, organizational pockets and pouches just as much as they'll love that colorful stripe finish. Note: This style is recommended for kids aged kindergarten through third grade.Polyester.Imported.Online only.Item CO067.","15.1"" H x 11.6""W x 5.1""D.",6,"https://www.jcrew.com/s7-img-facade/CO067_EF0110?hei=1950&crop=0,0,1560,0","[""https://www.jcrew.com/s7-img-facade/CO067_EF0110?hei=1950&crop=0,0,1560,0"", ""https://www.jcrew.com/s7-img-facade/CO067_EF0110_d2?hei=1080&crop=0,0,864,0"", ""https://www.jcrew.com/s7-img-facade/CO067_EF0110_d3?hei=1080&crop=0,0,864,0"", ""https://www.jcrew.com/s7-img-facade/CO067_EF0110"", ""https://www.jcrew.com/s7-img-facade/CO067_EF0110_d2"", ""https://www.jcrew.com/s7-img-facade/CO067_EF0110_d3""]",False,Polyester. Imported. Online only. Item CO067.,State™ kids' Kane backpack in stripe,USD,98,98,CO067,https://www.jcrew.com/m/boys/categories/accessories/back-to-school-gear/ME580?display=all&fit=Classic&colorProductCode=CO067&colorCode=EF0110,,,,2026-02-23T13:38:02Z,CO067_EF0110,J.Crew
,,J.Crew,"This item must be returned directly to the seller and will not be accepted at J.Crew stores or the distribution center. To return your items, please follow the instructions that are enclosed in your package. You will receive a confirmation email once the Marketplace seller has received your package and a refund has been processed.",Home > girls,,"Established in 2003 in Brookline, Massachusetts, Ame & Lulu designs and manufactures stylish-yet-functional accessories for tennis, golf and everyday life. For the tennis stars ages 8-12, the Jr. Love Tennis Backpack is a must-have. With multiple interior pockets and an exterior racquet-shaped pocket, it is easy to stay organized and stylish on the court.Nylon.Spot clean.Imported.Online only.Item N5362.","8-12 years old. 6""H x 12 1/2""W x 4""D.",6,"https://www.jcrew.com/s7-img-facade/N5362_GR1132?hei=1950&crop=0,0,1560,0","[""https://www.jcrew.com/s7-img-facade/N5362_GR1132?hei=1950&crop=0,0,1560,0"", ""https://www.jcrew.com/s7-img-facade/N5362_GR1132_d2?hei=1080&crop=0,0,864,0"", ""https://www.jcrew.com/s7-img-facade/N5362_GR1132_d3?hei=1080&crop=0,0,864,0"", ""https://www.jcrew.com/s7-img-facade/N5362_GR1132"", ""https://www.jcrew.com/s7-img-facade/N5362_GR1132_d2"", ""https://www.jcrew.com/s7-img-facade/N5362_GR1132_d3""]",True,Nylon. Spot clean. Imported. Online only. Item N5362.,Ame & Lulu girls' jr. love tennis backpack,USD,150.96,98,N5362,https://www.jcrew.com/p/girls/categories/accessories/bags/N5362?display=all&fit=Classic&colorProductCode=N5362&colorCode=GR1132,,,,2026-02-23T13:38:35Z,N5362_GR1132,J.Crew
,,J.Crew,Careers,Home > boys,"[""Fuzzy Soccer Balls"", ""State&trade; kids' Kane backpack in soccer print FUZZY SOCCER BALLS""]","This design is made by Brooklyn-based STATE bags, the brand that's synonymous with style, quality and giving back. (For every bag they sell, they donate another to a local child in need.) The best part: You'll love the premium materials, organizational pockets and pouches just as much as they'll love that sporty finish. Note: This style is recommended for kids aged kindergarten through third grade.Polyester.Imported.Select stores.Item CO066.","15.1""H x 11.6""W x 5.1""D.",6,"https://www.jcrew.com/s7-img-facade/CO066_EE9140?hei=1950&crop=0,0,1560,0","[""https://www.jcrew.com/s7-img-facade/CO066_EE9140?hei=1950&crop=0,0,1560,0"", ""https://www.jcrew.com/s7-img-facade/CO066_EE9140_d1?hei=1080&crop=0,0,864,0"", ""https://www.jcrew.com/s7-img-facade/CO066_EE9140_d2?hei=1080&crop=0,0,864,0"", ""https://www.jcrew.com/s7-img-facade/CO066_EE9140"", ""https://www.jcrew.com/s7-img-facade/CO066_EE9140_d1"", ""https://www.jcrew.com/s7-img-facade/CO066_EE9140_d2""]",False,Polyester. Imported. Select stores. Item CO066.,State™ kids' Kane backpack in soccer print,USD,125,98,CO066,https://www.jcrew.com/m/boys/categories/accessories/back-to-school-gear/ME580?display=all&fit=Classic&colorProductCode=CO066&colorCode=EE9140,,,,2026-02-23T13:39:08Z,CO066_EE9140,J.Crew
,1.0,J.Crew,"This item must be returned directly to the seller and will not be accepted at J.Crew stores or the distribution center. To return your items, please follow the instructions that are enclosed in your package. You will receive a confirmation email once the Marketplace seller has received your package and a refund has been processed.",Home > women > bags,"[""KAYU&reg; Rosie tote Black"", ""KAYU&reg; Rosie tote White""]","female-run company that partners with women artisans in Southeast Asia to handmake their products using natural, sustainable materials and indigenous techniques passed down through generations. Woven seagrass tote with ribbon-wrapped handles and gold charm.Straw.Ribbon-wrapped handles.Gold charm.Imported.Online only.Item M3872.",,10,"https://www.jcrew.com/s7-img-facade/M3872_BK0001?hei=1950&crop=0,0,1560,0","[""https://www.jcrew.com/s7-img-facade/M3872_BK0001?hei=1950&crop=0,0,1560,0"", ""https://www.jcrew.com/s7-img-facade/M3872_BK0001_d1?hei=1080&crop=0,0,864,0"", ""https://www.jcrew.com/s7-img-facade/M3872_BK0001_d2?hei=1080&crop=0,0,864,0"", ""https://www.jcrew.com/s7-img-facade/M3872_BK0001_d3?hei=1080&crop=0,0,864,0"", ""https://www.jcrew.com/s7-img-facade/M3872_BK0001_d4?hei=1080&crop=0,0,864,0"", ""https://www.jcrew.com/s7-img-facade/M3872_BK0001"", ""https://www.jcrew.com/s7-img-facade/M3872_BK0001_d1"", ""https://www.jcrew.com/s7-img-facade/M3872_BK0001_d2"", ""https://www.jcrew.com/s7-img-facade/M3872_BK0001_d3"", ""https://www.jcrew.com/s7-img-facade/M3872_BK0001_d4""]",True,Straw. Ribbon-wrapped handles. Gold charm. Imported. Online only. Item M3872.,KAYU® Rosie tote,USD,269.56,175,M3872,https://www.jcrew.com/p/womens/categories/accessories/bags/straw/M3872?display=all&fit=Classic&colorProductCode=M3872&colorCode=BK0001,,1,1,2026-02-23T13:39:41Z,M3872_BK0001,J.Crew
,,J.Crew,,,,,,,,,True,,Layered tie-waist midi skirt in stripe,USD,168,168,CI646,https://www.jcrew.com/p/womens/categories/clothing/shorts-and-skirts/midi-skirts/CI646?display=all&fit=Classic&colorProductCode=CI646&colorCode=YD7565,,,,2026-02-23T13:40:23Z,CI646_YD7565,J.Crew
,,J.Crew,,,"[""Girls' piqu&eacute; pleated skirt Green"", ""Girls' piqu&eacute; pleated skirt White""]",,,,,,False,,Girls' piqu&eacute; pleated skirt,USD,,,CR532,https://www.jcrew.com/p/girls/categories/clothing/bottoms/active/CR532?display=all&fit=Classic&colorProductCode=CR532&colorCode=GR6923,,,,2026-02-23T13:40:52Z,CR532_GR6923,J.Crew
,5.0,J.Crew,,,"[""Boxer short in distressed faux leather Other"", ""Boxer short in distressed faux leather Black""]",,,,,,True,,Boxer short in distressed faux leather,USD,178,178,CN808,https://www.jcrew.com/p/womens/categories/clothing/shorts/3-inch-inseam/CN808?display=all&fit=Classic&colorProductCode=CN808&colorCode=BR8756,,6,6,2026-02-23T13:41:20Z,CN808_BR8756,J.Crew
,,J.Crew,Careers,Home > girls > Bottoms,"[""Midday Skies"", ""Girls' pull-on embroidered short MIDDAY SKIES""]",This fresh pair comes with an elastic waistband and floral embroidery that matches back to Mom. Style tip: Pair it with a coordinating top for the prettiest—and easiest—spring outfit ever.100% cotton.Elastic waistband.Unlined.Machine wash.Imported.Item CR534.,Falls above knee.,2,"https://www.jcrew.com/s7-img-facade/CR534_BL0495?hei=1950&crop=0,0,1560,0","[""https://www.jcrew.com/s7-img-facade/CR534_BL0495?hei=1950&crop=0,0,1560,0"", ""https://www.jcrew.com/s7-img-facade/CR534_BL0495""]",False,100% cotton. Elastic waistband. Unlined. Machine wash. Imported. Item CR534.,Girls' pull-on embroidered short,USD,,69,CR534,https://www.jcrew.com/m/girls/categories/clothing/bottoms/shorts/ME964?display=all&fit=Classic&colorProductCode=CR534&colorCode=BL0495,,,,2026-02-23T13:41:54Z,CR534_BL0495,J.Crew
,,J.Crew,,,"[""Girls' smocked short in towel terry White"", ""Girls' smocked short in towel terry Purple""]",,,,,,False,,Girls' smocked short in towel terry,USD,,,CR548,https://www.jcrew.com/p/girls/categories/clothing/bottoms/knit/CR548?display=all&fit=Classic&colorProductCode=CR548&colorCode=WT0002,,,,2026-02-23T13:42:22Z,CR548_WT0002,J.Crew
,,J.Crew,Careers,Home > girls > Bottoms,"[""White On Oxbow Blue Eye"", ""Girls' pull-on eyelet short WHITE ON OXBOW BLUE EYE""]",This dressy-ish style comes with an elastic waistband and a breezy eyelet pattern that matches back to Mom. Style tip: Pair it with a coordinating top for the prettiest—and easiest—spring outfit ever.100% cotton.Elastic waistband.Lined.Machine wash.Imported.Select stores.Item CR536.,Hits above knee.,4,"https://www.jcrew.com/s7-img-facade/CR536_WZ7591?hei=1950&crop=0,0,1560,0","[""https://www.jcrew.com/s7-img-facade/CR536_WZ7591?hei=1950&crop=0,0,1560,0"", ""https://www.jcrew.com/s7-img-facade/CR536_WZ7591_d3?hei=1080&crop=0,0,864,0"", ""https://www.jcrew.com/s7-img-facade/CR536_WZ7591"", ""https://www.jcrew.com/s7-img-facade/CR536_WZ7591_d3""]",False,100% cotton. Elastic waistband. Lined. Machine wash. Imported. Select stores. Item CR536.,Girls' pull-on eyelet short,USD,,69,CR536,https://www.jcrew.com/m/girls/categories/clothing/bottoms/shorts/ME964?display=all&fit=Classic&colorProductCode=CR536&colorCode=WZ7591,,,,2026-02-23T13:42:56Z,CR536_WZ7591,J.Crew
