tcin,title,url,brand,breadcrumb,leaf_category,price,original_price,discount_percent,is_on_sale,rating,review_count,bought_recently,is_new,colors,selected_color,images,description,feature_bullets,material,dimensions,dimensions_raw,bag_structure,interior_features,exterior_features,closure_type,handle_type,fabric_name,care_instructions,origin,upc,dpci,specs,in_stock,scraped_at
92142954,"JanSport Adaptive Accessory Bag - Misty Rose: Zipper Closure, Polyester Material",https://www.target.com/p/jansport-adaptive-accessory-bag/-/A-92142954?preselect=89788254#lnk=sametab,JanSport,Target > Luggage > Backpacks > Adaptive Backpacks,Adaptive Backpacks,0.0,0.0,0.0,False,4.6,359,,False,Misty Rose,,https://target.scene7.com/is/image/Target/GUEST_cbfaa9ec-58cc-4d9f-a99a-66670fd400b1?wid=1200&hei=1200&qlt=85 | https://target.scene7.com/is/image/Target/GUEST_6f3d37f8-75a0-4f0a-819d-38dc2a5cfcca?wid=1200&hei=1200&qlt=85 | https://target.scene7.com/is/image/Target/GUEST_40c58736-6cd4-408a-a571-fcbddda1e515?wid=1200&hei=1200&qlt=85 | https://target.scene7.com/is/image/Target/GUEST_b4e10c7f-fadf-4d15-912d-a4744ff03087?wid=1200&hei=1200&qlt=85 | https://target.scene7.com/is/image/Target/GUEST_158f453d-6067-4e42-894d-82772f7664b5?wid=1200&hei=1200&qlt=85,• One large main compartment; • Dual side water bottle pockets; • 15 inch laptop sleeve with organizer; • Iconic straight-cut shoulder straps with tangle free finger loop adjustment,,Polyester,"{""L"": ""10"", ""W"": ""9""}","10 Inches (L), 9 Inches (W)",,,,Zipper,,,Hand Wash,Imported,196247783407,069-10-6653,"{""Dimensions (Overall)"": ""10 Inches (L), 9 Inches (W)"", ""Closure Type"": ""Zipper"", ""Sustainability Claims"": ""Post-Consumer Recycled Material"", ""Package Quantity"": ""1"", ""Material"": ""Polyester"", ""Care & Cleaning"": ""Hand Wash"", ""TCIN"": ""89788254"", ""UPC"": ""196247783407"", ""Item Number (DPCI)"": ""069-10-6653"", ""Origin"": ""Imported""}",True,2026-02-23T00:36:01.170023
93216632,"MKF Collection Essie Women’s Crossbody Bag – Designer Vegan Leather Messenger Handbag, Hands Free Shoulder Purse by Mia K",https://www.target.com/p/mkf-collection-essie-crossbody-bag-by-mia-k/-/A-93216632?preselect=93216631#lnk=sametab,MKF Collection,"Target > Clothing, Shoes & Accessories > Accessories > Handbags & Purses > Crossbody & Messenger Bags",Crossbody & Messenger Bags,34.99,88.0,60.2,True,3.0,1,,False,black,,https://target.scene7.com/is/image/Target/GUEST_9b454414-816c-49d0-8df7-de3ef1a5eea8?wid=1200&hei=1200&qlt=85 | https://target.scene7.com/is/image/Target/GUEST_c52b33f8-0a0e-490d-8d5e-e5f9a6ec3155?wid=1200&hei=1200&qlt=85 | https://target.scene7.com/is/image/Target/GUEST_708bfe25-3cd0-4ea2-8f50-58c4638bb721?wid=1200&hei=1200&qlt=85 | https://target.scene7.com/is/image/Target/GUEST_3f026b82-3618-47e2-9f01-77a593333659?wid=1200&hei=1200&qlt=85 | https://target.scene7.com/is/image/Target/GUEST_ecfec8bd-d328-4690-bbbf-e48be75eed88?wid=1200&hei=1200&qlt=85 | https://target.scene7.com/is/image/Target/GUEST_844ea0c8-b782-4e7f-b8f0-0b917d9d589f?wid=1200&hei=1200&qlt=85 | https://target.scene7.com/is/image/Target/GUEST_100f17a6-969f-4240-8067-3ad9550fd5a6?wid=1200&hei=1200&qlt=85 | https://target.scene7.com/is/image/Target/GUEST_f734d04c-f1d7-4588-8f8b-aa53b5ca3819?wid=1200&hei=1200&qlt=85 | https://target.scene7.com/is/image/Target/GUEST_35535e76-e45b-4f83-91d1-ca2a22928916?wid=1200&hei=1200&qlt=85 | https://target.scene7.com/is/image/Target/GUEST_c8852b57-3e56-4195-99e4-46d1f0f43bf0?wid=1200&hei=1200&qlt=85,"MKF Collection is an independent brand and is not affiliated with Michael Kors in any way.; Premium Material: Soft, high-quality pebbled vegan leather with gold-tone hardware; Organized Interior: Wall zip pocket for small essentials; Exterior Convenience: Front slip pocket and decorative zippered pocket; Comfortable Carry: Adjustable strap, 21.65”–24.8”, perfect for hands-free wear; Bag Dimensions: 9.8” L x 6.3” H x 2.75” D; Fabric Lining: Fully lined for durability and easy cleaning; Secure Closure: Top zipper keeps belongings protected; Signature Style: Plate emblem with gold-press studs adds a polished, modern touch; Perfect gift for birthdays, holidays, or any occasion",,TPU (Thermoplastic Polyurethane),"{""H"": ""6.3"", ""W"": ""9.8"", ""D"": ""2.75""}",6.3 inches (H) x 9.8 inches (W) x 2.75 inches (D),Structured,Zip Pocket,Zip Pocket,Zip Closure,Shoulder Strap,Faux Leather,Spot or Wipe Clean,imported,748926266062,,"{""Dimensions (Overall)"": ""6.3 inches (H) x 9.8 inches (W) x 2.75 inches (D)"", ""Shell Material"": ""TPU (Thermoplastic Polyurethane)"", ""Bag Structure"": ""Structured"", ""Interior Features"": ""Zip Pocket"", ""Exterior Features"": ""Zip Pocket"", ""Main Compartment Closure"": ""Zip Closure"", ""Handle Type"": ""Shoulder Strap"", ""Fabric Name"": ""Faux Leather"", ""Care & Cleaning"": ""Spot or Wipe Clean"", ""TCIN"": ""93216631"", ""UPC"": ""748926266062"", ""Origin"": ""imported""}",True,2026-02-23T00:36:01.170023
1005190267,On-the-Go Fanny Pack Sling – Hynes Eagle – Khaki,https://www.target.com/p/hynes-eagle-the-wander-waist-bag-fanny-pack-bum-bag/-/A-1005190267?preselect=1005190265#lnk=sametab,Hynes Eagle,"Target > Clothing, Shoes & Accessories > Accessories > Handbags & Purses > Fanny Packs",Fanny Packs,14.99,0.0,0.0,False,4.9,15,,False,size12.2 x 2.36 x 5.12 inSize guide,,https://target.scene7.com/is/image/Target/GUEST_c4b9835e-3a62-480e-ac7e-529c73e6b671?wid=1200&hei=1200&qlt=85 | https://target.scene7.com/is/image/Target/GUEST_26658b97-fbc1-4703-979b-9a6be3ccb9a8?wid=1200&hei=1200&qlt=85 | https://target.scene7.com/is/image/Target/GUEST_80f60146-d863-44cc-9bc6-795b0e65141b?wid=1200&hei=1200&qlt=85 | https://target.scene7.com/is/image/Target/GUEST_ddbe2d3d-9f3b-40fc-a7a9-9d9fc1e2b859?wid=1200&hei=1200&qlt=85 | https://target.scene7.com/is/image/Target/GUEST_76da1103-3841-426d-8a40-7660488ff1ae?wid=1200&hei=1200&qlt=85 | https://target.scene7.com/is/image/Target/GUEST_27e4a5b4-80f3-45f1-99ca-a54b50034860?wid=1200&hei=1200&qlt=85 | https://target.scene7.com/is/image/Target/GUEST_3e9d0490-3dd6-431f-89f0-d3113c158911?wid=1200&hei=1200&qlt=85 | https://target.scene7.com/is/image/Target/GUEST_dd1ada62-598d-46fc-a529-09e2095224a0?wid=1200&hei=1200&qlt=85 | https://target.scene7.com/is/image/Target/GUEST_371b06c8-f4cb-42bf-9113-f66f83a92e88?wid=1200&hei=1200&qlt=85 | https://target.scene7.com/is/image/Target/GUEST_88e2aa4b-62ee-45a7-b500-40e75ab72bd8?wid=1200&hei=1200&qlt=85,"Zip-top main compartment for secure, hands-free carry; Hidden back zip pocket helps protect valuables; Adjustable strap for waist or crossbody wear; Water-repellent fabric for everyday use and travel; Front zip pocket for quick-access essentials; Lightweight, low-profile design without bulk; Comfortable unisex fit for daily movement; Made for errands, commuting & travel days",,Nylon,"{""H"": ""12.2"", ""W"": ""5.12"", ""D"": ""2.36""}",12.2 inches (H) x 5.12 inches (W) x 2.36 inches (D),,Multiple Compartments,Adjustable Strap,Zip Closure,,,Spot or Wipe Clean,imported,810192523528,,"{""Dimensions (Overall)"": ""12.2 inches (H) x 5.12 inches (W) x 2.36 inches (D)"", ""Shell Material"": ""Nylon"", ""Interior Features"": ""Multiple Compartments"", ""Exterior Features"": ""Adjustable Strap"", ""Main Compartment Closure"": ""Zip Closure"", ""Care & Cleaning"": ""Spot or Wipe Clean"", ""TCIN"": ""1005190265"", ""UPC"": ""810192523528"", ""Origin"": ""imported""}",True,2026-02-23T00:36:01.170023
94705891,Kiss Lock Clutch Bag - A New Day™ Black,https://www.target.com/p/kiss-lock-clutch-bag-a-new-day/-/A-94705891?preselect=94687138#lnk=sametab,A New Day,"Target > Clothing, Shoes & Accessories > Accessories > Handbags & Purses > Clutches",Clutches,30.0,0.0,0.0,False,4.4,90,,False,Black | Brown,,https://target.scene7.com/is/image/Target/GUEST_c81ce67f-222a-4e84-967e-6fe3dc83c1fe?wid=1200&hei=1200&qlt=85 | https://target.scene7.com/is/image/Target/GUEST_bc30567f-6c47-4d02-b6ce-a59ad66c248b?wid=1200&hei=1200&qlt=85 | https://target.scene7.com/is/image/Target/GUEST_62892e50-afe0-4d6e-8dec-8f6b2e663cf5?wid=1200&hei=1200&qlt=85 | https://target.scene7.com/is/image/Target/GUEST_9c26ce3e-b739-4d15-ae85-201852781129?wid=1200&hei=1200&qlt=85 | https://target.scene7.com/is/image/Target/GUEST_3b7641a5-9ceb-46cc-b981-305a137809b4?wid=1200&hei=1200&qlt=85 | https://target.scene7.com/is/image/Target/GUEST_6d7ade98-e79b-48a8-b965-72fc3d5ffe51?wid=1200&hei=1200&qlt=85 | https://target.scene7.com/is/image/Target/GUEST_d6dc9cfb-b712-4199-a1c7-824643132338?wid=1200&hei=1200&qlt=85,Twill fabric clutch bag; Kiss lock clasp closure; Main compartment with credit card slip pocket; Kiss lock metal clasp closure; Detachable carrying handle,,Polyurethane,"{""H"": ""7"", ""W"": ""13.5"", ""D"": ""5""}",7 Inches (H) x 13.5 Inches (W) x 5 Inches (D),Unstructured,Credit Card Pockets,Detachable Handle,Kiss Lock Clasp,Carrying Handle,Twill,Spot or Wipe Clean,Imported,199268397820,024-06-4399,"{""Dimensions (Overall)"": ""7 Inches (H) x 13.5 Inches (W) x 5 Inches (D)"", ""Shell Material"": ""Polyurethane"", ""Bag Structure"": ""Unstructured"", ""Interior Features"": ""Credit Card Pockets"", ""Exterior Features"": ""Detachable Handle"", ""Main Compartment Closure"": ""Kiss Lock Clasp"", ""Handle Type"": ""Carrying Handle"", ""Fabric Name"": ""Twill"", ""Care & Cleaning"": ""Spot or Wipe Clean"", ""TCIN"": ""94687138"", ""UPC"": ""199268397820"", ""Item Number (DPCI)"": ""024-06-4399"", ""Origin"": ""Imported""}",True,2026-02-23T00:36:01.170525
94668471,Girls' Valentine's Day Bag Charm - art class™ Gold,https://www.target.com/p/girls-39-valentine-39-s-day-bag-charm-art-class-8482-gold/-/A-94668471#lnk=sametab,Art Class,"Target > Clothing, Shoes & Accessories > Accessories > Handbags & Purses > Bag Charms & Straps",Bag Charms & Straps,8.0,0.0,0.0,False,5.0,5,,False,,,https://target.scene7.com/is/image/Target/GUEST_2d3b2c85-a032-4da2-9eea-1f1bfb6132ad?wid=1200&hei=1200&qlt=85 | https://target.scene7.com/is/image/Target/GUEST_9ab34a3a-b7b2-455d-9ee6-3c2912a1d528?wid=1200&hei=1200&qlt=85 | https://target.scene7.com/is/image/Target/GUEST_a87428c0-5de1-4060-87f0-5d35bcea4ef4?wid=1200&hei=1200&qlt=85 | https://target.scene7.com/is/image/Target/GUEST_ea3d54bf-a48c-4d44-a064-da2730a1b58d?wid=1200&hei=1200&qlt=85,Fun Valentine's Day-themed bag charm; Shiny gold finish with heart accents; Easy to clip onto bags or keychains; Great for daily use or gifting,,"Zinc Alloy, Iron, Acrylic","{""L"": ""3.74"", ""W"": ""1.25""}","3.74 Inches (L), 1.25 Inches (W)",,,,Lobster Claw Clasp,,,Care Instructions Not Provided,Imported,199268321696,202-14-9504,"{""Dimensions (Overall)"": ""3.74 Inches (L), 1.25 Inches (W)"", ""Closure Type"": ""Lobster Claw Clasp"", ""Suggested Age"": ""3 Years and Up"", ""CPSC Choking Hazard Warnings"": ""Choking_hazard_small_parts"", ""Package Quantity"": ""1"", ""Material"": ""Zinc Alloy, Iron, Acrylic"", ""Care & Cleaning"": ""Care Instructions Not Provided"", ""TCIN"": ""94668471"", ""UPC"": ""199268321696"", ""Item Number (DPCI)"": ""202-14-9504"", ""Origin"": ""Imported""}",True,2026-02-23T00:36:01.170525
94742366,Simulated Pearl Heart Beaded Mini Tote Handbag - A New Day™ Cream,https://www.target.com/p/simulated-pearl-heart-beaded-mini-tote-handbag-a-new-day-8482-cream/-/A-94742366#lnk=sametab,A New Day,"Target > Clothing, Shoes & Accessories > Accessories > Handbags & Purses",Handbags & Purses,25.5,30.0,15.0,True,5.0,8,,False,,,https://target.scene7.com/is/image/Target/GUEST_b198d847-7a29-4bdd-9459-b44ed8212ca5?wid=1200&hei=1200&qlt=85 | https://target.scene7.com/is/image/Target/GUEST_24db7729-f877-4a0e-acbc-780235a3b4e0?wid=1200&hei=1200&qlt=85 | https://target.scene7.com/is/image/Target/GUEST_826fd762-da69-4013-bbec-58b95fa474cb?wid=1200&hei=1200&qlt=85 | https://target.scene7.com/is/image/Target/GUEST_8f3324fd-3e4f-4582-bb71-2c876da42124?wid=1200&hei=1200&qlt=85 | https://target.scene7.com/is/image/Target/GUEST_41b8a658-d6ad-4483-872f-4e8528d588a6?wid=1200&hei=1200&qlt=85,Mini tote handbag with simulated pearl beads; Heart-shaped double handles; Hardside woven design; Open main compartment; Plastic shell,,Plastic,"{""H"": ""19"", ""W"": ""24"", ""D"": ""6""}",19 Centimeter (H) x 24 Centimeter (W) x 6 Centimeter (D),Hardside,No Compartments or Pockets,No Compartments or Pockets,"Open, No Closure",Double Handle,Woven,Spot or Wipe Clean,Imported,199268617690,024-06-8346,"{""Dimensions (Overall)"": ""19 Centimeter (H) x 24 Centimeter (W) x 6 Centimeter (D)"", ""Shell Material"": ""Plastic"", ""Bag Structure"": ""Hardside"", ""Interior Features"": ""No Compartments or Pockets"", ""Exterior Features"": ""No Compartments or Pockets"", ""Main Compartment Closure"": ""Open, No Closure"", ""Handle Type"": ""Double Handle"", ""Fabric Name"": ""Woven"", ""Care & Cleaning"": ""Spot or Wipe Clean"", ""TCIN"": ""94742366"", ""UPC"": ""199268617690"", ""Item Number (DPCI)"": ""024-06-8346"", ""Origin"": ""Imported""}",True,2026-02-23T00:36:01.170525
1002454120,MKF Collection Angelina Crossbody Shoulder Women's Handbag Vegan Leather Purse by Mia K- Cognac Brown,https://www.target.com/p/mkf-collection-angelina-crossbody-shoulder-women-s-handbag-vegan-leather-purse-by-mia-k/-/A-1002454120?preselect=1002454119#lnk=sametab,MKF Collection,"Target > Clothing, Shoes & Accessories > Accessories > Handbags & Purses > Crossbody & Messenger Bags",Crossbody & Messenger Bags,60.5,118.0,48.7,True,3.2,7,,False,cognac brown,,https://target.scene7.com/is/image/Target/GUEST_92cab5dd-6e5f-416f-80d6-52d9718fd96e?wid=1200&hei=1200&qlt=85 | https://target.scene7.com/is/image/Target/GUEST_c52b33f8-0a0e-490d-8d5e-e5f9a6ec3155?wid=1200&hei=1200&qlt=85 | https://target.scene7.com/is/image/Target/GUEST_0830b76f-b8ee-4a0a-bb32-437bd153a0bd?wid=1200&hei=1200&qlt=85 | https://target.scene7.com/is/image/Target/GUEST_91e30e55-52c4-4f60-86fa-8b08354041cd?wid=1200&hei=1200&qlt=85 | https://target.scene7.com/is/image/Target/GUEST_963712d2-87fa-4cd8-b2cb-33b49231f0eb?wid=1200&hei=1200&qlt=85 | https://target.scene7.com/is/image/Target/GUEST_15db8302-c220-46ec-a0db-058f4eb0b54e?wid=1200&hei=1200&qlt=85 | https://target.scene7.com/is/image/Target/GUEST_f5ec95e6-6aab-4743-9fd7-7024eb7d849e?wid=1200&hei=1200&qlt=85 | https://target.scene7.com/is/image/Target/GUEST_06b7db12-a473-4fc1-9750-5ea020caaa4d?wid=1200&hei=1200&qlt=85 | https://target.scene7.com/is/image/Target/GUEST_96eb4461-7987-4ec6-b4eb-7209f406d448?wid=1200&hei=1200&qlt=85 | https://target.scene7.com/is/image/Target/GUEST_2180aaf6-793d-43dd-9310-d86ac25e9f43?wid=1200&hei=1200&qlt=85,Measurements: 8.5 in W x 9 in H x 1.8 in D; The interior features a wall zip pocket and two slip pockets; The exterior features a back zippered pocket and two front zippered pockets; High-quality faux leather; Gold-tone hardware; Zipper fastening; Removable and Adjustable strap: Extends to 24”; This product is not affiliated with Michael Kors.,,TPU (Thermoplastic Polyurethane),"{""H"": ""10.3"", ""W"": ""17.5"", ""D"": ""5""}",10.3 inches (H) x 17.5 inches (W) x 5 inches (D),Structured,Accessories Pocket,Back Pocket,Zip Closure,Adjustable Strap,Faux Leather,Spot or Wipe Clean,imported,720167664296,,"{""Dimensions (Overall)"": ""10.3 inches (H) x 17.5 inches (W) x 5 inches (D)"", ""Shell Material"": ""TPU (Thermoplastic Polyurethane)"", ""Bag Structure"": ""Structured"", ""Interior Features"": ""Accessories Pocket"", ""Exterior Features"": ""Back Pocket"", ""Main Compartment Closure"": ""Zip Closure"", ""Handle Type"": ""Adjustable Strap"", ""Fabric Name"": ""Faux Leather"", ""Care & Cleaning"": ""Spot or Wipe Clean"", ""TCIN"": ""1002454119"", ""UPC"": ""720167664296"", ""Origin"": ""imported""}",True,2026-02-23T00:36:01.170525
93147143,"MKF Collection Merlina Large Vegan Leather Tote Bag with Wallet – 2-Piece Women’s Shoulder & Top Handle Handbag, Circular Print by Mia K",https://www.target.com/p/mkf-collection-merlina-circular-print-women-s-tote-bag-with-matching-wallet-by-mia-k/-/A-93147143?preselect=93754576#lnk=sametab,MKF Collection,"Target > Clothing, Shoes & Accessories > Accessories > Handbags & Purses > Shoulder Bags",Shoulder Bags,84.0,218.0,61.5,True,4.2,5,,False,cognac,,https://target.scene7.com/is/image/Target/GUEST_23b699d6-db6e-482d-aeda-880de2940898?wid=1200&hei=1200&qlt=85 | https://target.scene7.com/is/image/Target/GUEST_c52b33f8-0a0e-490d-8d5e-e5f9a6ec3155?wid=1200&hei=1200&qlt=85 | https://target.scene7.com/is/image/Target/GUEST_f05c904b-e596-4667-be15-7211027945c8?wid=1200&hei=1200&qlt=85 | https://target.scene7.com/is/image/Target/GUEST_80e78ea3-9fa8-4bf9-a793-9b265e1cd8e0?wid=1200&hei=1200&qlt=85 | https://target.scene7.com/is/image/Target/GUEST_cfdee502-8edc-4b21-95fe-67cd5b1a0758?wid=1200&hei=1200&qlt=85 | https://target.scene7.com/is/image/Target/GUEST_b6228614-9c2c-4d56-aa4a-9bfd4b8d4e9b?wid=1200&hei=1200&qlt=85 | https://target.scene7.com/is/image/Target/GUEST_4ad03889-1ed0-4f24-ae30-f31c644df239?wid=1200&hei=1200&qlt=85 | https://target.scene7.com/is/image/Target/GUEST_73c47f9a-0296-412e-b808-60dc7f2d5063?wid=1200&hei=1200&qlt=85 | https://target.scene7.com/is/image/Target/GUEST_f864d0b4-da75-4dfb-88a0-ac1b3fc55800?wid=1200&hei=1200&qlt=85 | https://target.scene7.com/is/image/Target/GUEST_dface924-60f3-4404-82d5-9d4f3b9c9e8e?wid=1200&hei=1200&qlt=85,"MKF Collection is an independent brand and is not affiliated with Michael Kors in any way.; 2-Piece Set: Merlina tote bag with matching zip-around wallet; Premium Material: Crafted from durable vegan leather with a modern circular print; Spacious & Organized: Interior wall zip pocket and two slip pockets for everyday essentials; Exterior Storage: Two side slip pockets and one back zippered pocket for quick access; Versatile Carry: Comfortable top handles with acrylic chain detail plus adjustable, detachable crossbody strap; Secure Closure: Top zipper closure keeps belongings protected; Bag Dimensions: 13.5” W x 11” H x 5” D with 8.5” handle drop; Wallet Details: 7.5” W x 4” H x 0.5” D with 8 card slots, center zip pocket, and two bill compartments; Extra: Dust bag included; Perfect gift for birthdays, holidays, or any occasion",,TPU (Thermoplastic Polyurethane),"{""H"": ""11"", ""W"": ""13.5"", ""D"": ""5""}",11 inches (H) x 13.5 inches (W) x 5 inches (D),Structured,Zip Pocket,Zip Pocket,Zip Closure,Adjustable Strap,Faux Leather,Spot or Wipe Clean,imported,726667408071,,"{""Dimensions (Overall)"": ""11 inches (H) x 13.5 inches (W) x 5 inches (D)"", ""Shell Material"": ""TPU (Thermoplastic Polyurethane)"", ""Bag Structure"": ""Structured"", ""Interior Features"": ""Zip Pocket"", ""Exterior Features"": ""Zip Pocket"", ""Main Compartment Closure"": ""Zip Closure"", ""Handle Type"": ""Adjustable Strap"", ""Fabric Name"": ""Faux Leather"", ""Care & Cleaning"": ""Spot or Wipe Clean"", ""TCIN"": ""93754576"", ""UPC"": ""726667408071"", ""Origin"": ""imported""}",True,2026-02-23T00:36:01.170525
1007903463,Women Handbags and Purse Tote Bags Ladies Satchel Shoulder Bag Retro Top Handle Black Brown002 11.4*5.1*8.26,https://www.target.com/p/women-handbags-and-purse-tote-bags-ladies-satchel-shoulder-bag-retro-top-handle/-/A-1007903463?preselect=1007903462#lnk=sametab,Empire DigiLabs,"Target > Clothing, Shoes & Accessories > Accessories > Handbags & Purses > Shoulder Bags",Shoulder Bags,89.97,179.94,50.0,True,3.0,1,,False,size11.4*5.1*8.26,,https://target.scene7.com/is/image/Target/GUEST_3e4cb1fa-a39a-4005-8067-59be48bfa8df?wid=1200&hei=1200&qlt=85 | https://target.scene7.com/is/image/Target/GUEST_d907ff90-bfd5-422c-a5b9-672dd2a20d0b?wid=1200&hei=1200&qlt=85 | https://target.scene7.com/is/image/Target/GUEST_b19c59cb-7cbc-4163-96e1-0a6f55369812?wid=1200&hei=1200&qlt=85 | https://target.scene7.com/is/image/Target/GUEST_c1c12499-b0c8-4ae9-8f89-449b332797d3?wid=1200&hei=1200&qlt=85 | https://target.scene7.com/is/image/Target/GUEST_2b9df1ef-4d22-4032-874b-c56268acd9cd?wid=1200&hei=1200&qlt=85,,,Leather,"{""H"": ""8.26"", ""W"": ""11.4"", ""D"": ""5.1""}",8.26 inches (H) x 11.4 inches (W) x 5.1 inches (D),Structured,Multiple Compartments,Detachable Straps,Zip Closure,Top Carrying Handle,Faux Leather,Spot or Wipe Clean,imported,661309872745,,"{""Dimensions (Overall)"": ""8.26 inches (H) x 11.4 inches (W) x 5.1 inches (D)"", ""Shell Material"": ""Leather"", ""Bag Structure"": ""Structured"", ""Interior Features"": ""Multiple Compartments"", ""Exterior Features"": ""Detachable Straps"", ""Main Compartment Closure"": ""Zip Closure"", ""Handle Type"": ""Top Carrying Handle"", ""Fabric Name"": ""Faux Leather"", ""Care & Cleaning"": ""Spot or Wipe Clean"", ""TCIN"": ""1007903462"", ""UPC"": ""661309872745"", ""Origin"": ""imported""}",True,2026-02-23T00:36:01.170525
94776901,Quilted Drawstring Tote Handbag - Universal Thread™ Pink,https://www.target.com/p/quilted-drawstring-tote-handbag-universal-thread/-/A-94776901?preselect=94776900#lnk=sametab,Universal Thread,"Target > Clothing, Shoes & Accessories > Accessories > Handbags & Purses > Shoulder Bags",Shoulder Bags,35.0,0.0,0.0,False,3.9,11,,False,Black | Pale Blue | Pink | Yellow,,https://target.scene7.com/is/image/Target/GUEST_5e168547-8dac-457c-8f8c-dd363f529a80?wid=1200&hei=1200&qlt=85 | https://target.scene7.com/is/image/Target/GUEST_a22b36d4-9fec-4592-ab7d-18322c98374d?wid=1200&hei=1200&qlt=85 | https://target.scene7.com/is/image/Target/GUEST_1bc25f15-6e08-4dfa-ab9c-12a5cbb710ff?wid=1200&hei=1200&qlt=85 | https://target.scene7.com/is/image/Target/GUEST_9f178582-2246-4ef6-afff-2259542031a3?wid=1200&hei=1200&qlt=85 | https://target.scene7.com/is/image/Target/GUEST_ec9c9dec-b0af-4098-832f-38c1ffc0caec?wid=1200&hei=1200&qlt=85 | https://target.scene7.com/is/image/Target/baseswatch?wid=1200&hei=1200&qlt=85 | https://target.scene7.com/is/image/Target/GUEST_e2fdee52-ea75-4a98-a80e-c6e55e51b305?wid=1200&hei=1200&qlt=85,Universal Thread quilted tote handbag; Woven with recycled polyester fabric; Interior zip pocket; Double shoulder straps; Drawstring closure,,100% Recycled Polyester,"{""H"": ""14.72"", ""W"": ""19.31"", ""D"": ""5"", ""Maximum Strap Length"": ""11 Inches"", ""Minimum Strap Length"": ""11 Inches""}",14.72 Inches (H) x 19.31 Inches (W) x 5 Inches (D),Softside,Zip Pocket,No Compartments or Pockets,Drawstring Closure,Double Strap,Woven,Spot or Wipe Clean,Imported,199268613777,024-00-9856,"{""Dimensions (Overall)"": ""14.72 Inches (H) x 19.31 Inches (W) x 5 Inches (D)"", ""Shell Material"": ""100% Recycled Polyester"", ""Bag Structure"": ""Softside"", ""Interior Features"": ""Zip Pocket"", ""Exterior Features"": ""No Compartments or Pockets"", ""Main Compartment Closure"": ""Drawstring Closure"", ""Handle Type"": ""Double Strap"", ""Fabric Name"": ""Woven"", ""Maximum Strap Length"": ""11 Inches"", ""Minimum Strap Length"": ""11 Inches"", ""Care & Cleaning"": ""Spot or Wipe Clean"", ""TCIN"": ""94776900"", ""UPC"": ""199268613777"", ""Item Number (DPCI)"": ""024-00-9856"", ""Origin"": ""Imported""}",True,2026-02-23T00:36:01.170525
94794412,Heart Kiss & Bow Bag Charm - A New Day™,https://www.target.com/p/heart-kiss-38-bow-bag-charm-a-new-day-8482/-/A-94794412#lnk=sametab,A New Day,"Target > Clothing, Shoes & Accessories > Accessories > Handbags & Purses > Bag Charms & Straps",Bag Charms & Straps,8.5,10.0,15.0,True,4.6,11,,False,,,https://target.scene7.com/is/image/Target/GUEST_7bcd918a-a77a-4a8d-b729-dbf507ff6481?wid=1200&hei=1200&qlt=85 | https://target.scene7.com/is/image/Target/GUEST_4292ec49-5fa1-4bf6-b7b2-5bc0f49ec129?wid=1200&hei=1200&qlt=85,Gold-finished bag charm with playful accents; White faux-pearl beads and red leaf charm; Heart and bow detailing; Lobster claw clasp closure; Suggested for ages 15 and up,,Zinc Alloy,"{""L"": ""6.77"", ""W"": ""1.47""}","6.77 Inches (L), 1.47 Inches (W)",,,,Lobster Claw Clasp,,,Care Instructions Not Provided,Imported,199592133415,024-06-4861,"{""Dimensions (Overall)"": ""6.77 Inches (L), 1.47 Inches (W)"", ""Closure Type"": ""Lobster Claw Clasp"", ""Suggested Age"": ""15 Years and Up"", ""Package Quantity"": ""1"", ""Material"": ""Zinc Alloy"", ""Care & Cleaning"": ""Care Instructions Not Provided"", ""TCIN"": ""94794412"", ""UPC"": ""199592133415"", ""Item Number (DPCI)"": ""024-06-4861"", ""Origin"": ""Imported""}",True,2026-02-23T00:36:01.170525
94794411,Conversation Heart Bag Charm - A New Day™,https://www.target.com/p/conversation-heart-bag-charm-a-new-day-8482/-/A-94794411#lnk=sametab,A New Day,"Target > Clothing, Shoes & Accessories > Accessories > Handbags & Purses > Bag Charms & Straps",Bag Charms & Straps,8.5,10.0,15.0,True,4.8,29,,False,,,https://target.scene7.com/is/image/Target/GUEST_faba82f4-1b2d-4a51-8bea-67318e006232?wid=1200&hei=1200&qlt=85 | https://target.scene7.com/is/image/Target/GUEST_2b04ebb5-f4a9-48a5-a59f-242ffffaad2e?wid=1200&hei=1200&qlt=85 | https://target.scene7.com/is/image/Target/GUEST_d8a7b3a4-55b1-44a5-aea8-b3c22e470ba3?wid=1200&hei=1200&qlt=85,Gold-tone chain bag charm; Metal construction; Five heart-shaped charms with printed phrases; Additional small gold-tone heart charms; Lobster claw clasp closure; Suggested for ages 15 and up,,Zinc Alloy,"{""L"": ""11.42"", ""W"": ""1.36""}","11.42 Inches (L), 1.36 Inches (W)",,,,Lobster Claw Clasp,,,Care Instructions Not Provided,Imported,199592133392,024-06-0762,"{""Dimensions (Overall)"": ""11.42 Inches (L), 1.36 Inches (W)"", ""Closure Type"": ""Lobster Claw Clasp"", ""Suggested Age"": ""15 Years and Up"", ""Package Quantity"": ""1"", ""Material"": ""Zinc Alloy"", ""Care & Cleaning"": ""Care Instructions Not Provided"", ""TCIN"": ""94794411"", ""UPC"": ""199592133392"", ""Item Number (DPCI)"": ""024-06-0762"", ""Origin"": ""Imported""}",True,2026-02-23T00:36:01.170525
94742363,Kiss Lip Clutch - A New Day™ Red,https://www.target.com/p/kiss-lip-clutch-a-new-day-8482-red/-/A-94742363#lnk=sametab,A New Day,"Target > Clothing, Shoes & Accessories > Accessories > Handbags & Purses > Clutches",Clutches,25.5,30.0,15.0,True,4.6,14,,False,,,https://target.scene7.com/is/image/Target/GUEST_82702f88-fb01-4f54-af1c-b284eeacb30e?wid=1200&hei=1200&qlt=85 | https://target.scene7.com/is/image/Target/GUEST_e6a270eb-6c20-4942-8f84-dfcbffd8ee07?wid=1200&hei=1200&qlt=85 | https://target.scene7.com/is/image/Target/GUEST_baefd80f-de4d-4e34-b1f6-f0312b8b9919?wid=1200&hei=1200&qlt=85 | https://target.scene7.com/is/image/Target/GUEST_c6c220e4-a321-4e86-9823-74ae41328350?wid=1200&hei=1200&qlt=85 | https://target.scene7.com/is/image/Target/GUEST_afec54dc-a158-4d5c-940b-6eb0166b2dfc?wid=1200&hei=1200&qlt=85 | https://target.scene7.com/is/image/Target/GUEST_f649207b-da30-4020-8d94-38b0c301d6e9?wid=1200&hei=1200&qlt=85,Kiss structured clutch; Red polyurethane shell with vinyl finish; Zip-closure main compartment; Detachable metal shoulder strap,,Metal,"{""H"": ""5.75"", ""W"": ""8.5"", ""D"": ""2.75"", ""Maximum Strap Length"": ""48 Inches""}",5.75 Inches (H) x 8.5 Inches (W) x 2.75 Inches (D),Structured,No Compartments or Pockets,Detachable Straps,Zip Closure,Metal,Vinyl,Spot or Wipe Clean,Imported,199268617621,024-06-2129,"{""Dimensions (Overall)"": ""5.75 Inches (H) x 8.5 Inches (W) x 2.75 Inches (D)"", ""Shell Material"": ""Polyurethane"", ""Bag Structure"": ""Structured"", ""Interior Features"": ""No Compartments or Pockets"", ""Exterior Features"": ""Detachable Straps"", ""Main Compartment Closure"": ""Zip Closure"", ""Handle Type"": ""Shoulder Strap, Removable Strap"", ""Fabric Name"": ""Vinyl"", ""Handle Material"": ""Metal"", ""Maximum Strap Length"": ""48 Inches"", ""Care & Cleaning"": ""Spot or Wipe Clean"", ""TCIN"": ""94742363"", ""UPC"": ""199268617621"", ""Item Number (DPCI)"": ""024-06-2129"", ""Origin"": ""Imported""}",True,2026-02-23T00:36:01.170525
94781667,Conversation Heart Wristlet - A New Day™ Pink,https://www.target.com/p/conversation-heart-wristlet-a-new-day/-/A-94781667?preselect=94742362#lnk=sametab,A New Day,"Target > Clothing, Shoes & Accessories > Accessories > Handbags & Purses > Clutches",Clutches,12.75,15.0,15.0,True,4.6,16,,False,"Cream | Mint Green  - Out of Stock, out of stock | Pink | Purple  - Out of Stock, out of stock",,https://target.scene7.com/is/image/Target/GUEST_c3bcb3dd-0448-4197-8fb6-6c8c4ea780b6?wid=1200&hei=1200&qlt=85 | https://target.scene7.com/is/image/Target/GUEST_89dde584-00eb-40eb-9975-ebd391f984ec?wid=1200&hei=1200&qlt=85 | https://target.scene7.com/is/image/Target/GUEST_d05f620c-29a0-46ff-ad7e-18377371aa95?wid=1200&hei=1200&qlt=85 | https://target.scene7.com/is/image/Target/GUEST_2ddc4669-a74d-4b5d-9fa1-79616b83c5e1?wid=1200&hei=1200&qlt=85 | https://target.scene7.com/is/image/Target/GUEST_5dde3e56-88bd-40a6-8fd4-257b88d1629e?wid=1200&hei=1200&qlt=85 | https://target.scene7.com/is/image/Target/baseswatch?wid=1200&hei=1200&qlt=85,Conversation heart wristlet wallet; Polyurethane construction; Zip closure; Detachable loop strap,,Polyurethane,"{""H"": ""4.5"", ""W"": ""4.75"", ""D"": "".75"", ""Maximum Strap Length"": ""11 Inches""}",4.5 Inches (H) x 4.75 Inches (W) x .75 Inches (D),Unstructured,No Compartments or Pockets,No Compartments or Pockets,Zip Closure,,,Spot or Wipe Clean,Imported,199268617652,024-04-8511,"{""Dimensions (Overall)"": ""4.5 Inches (H) x 4.75 Inches (W) x .75 Inches (D)"", ""Shell Material"": ""Polyurethane"", ""Bag Structure"": ""Unstructured"", ""Interior Features"": ""No Compartments or Pockets"", ""Exterior Features"": ""No Compartments or Pockets"", ""Main Compartment Closure"": ""Zip Closure"", ""Maximum Strap Length"": ""11 Inches"", ""Battery"": ""No Battery Used"", ""Care & Cleaning"": ""Spot or Wipe Clean"", ""TCIN"": ""94742362"", ""UPC"": ""199268617652"", ""Item Number (DPCI)"": ""024-04-8511"", ""Origin"": ""Imported""}",True,2026-02-23T00:36:01.170525
94781668,Crescent Marble Minaudiere Clutch - A New Day™ Pink,https://www.target.com/p/crescent-marble-minaudiere-clutch-a-new-day/-/A-94781668?preselect=94742370#lnk=sametab,A New Day,"Target > Clothing, Shoes & Accessories > Accessories > Handbags & Purses > Clutches",Clutches,40.0,0.0,0.0,False,3.9,9,,False,Brown | Green | Pink,,https://target.scene7.com/is/image/Target/GUEST_2383dd5a-cb9c-4806-bd55-6769489211e9?wid=1200&hei=1200&qlt=85 | https://target.scene7.com/is/image/Target/GUEST_fe3d6505-fd23-4fc3-89c7-b15c39c431bd?wid=1200&hei=1200&qlt=85 | https://target.scene7.com/is/image/Target/GUEST_31dc90fc-2b57-474a-8a53-0b3f115a3ee3?wid=1200&hei=1200&qlt=85 | https://target.scene7.com/is/image/Target/GUEST_df86bed2-0fff-4ed6-9461-054caa2fcab2?wid=1200&hei=1200&qlt=85 | https://target.scene7.com/is/image/Target/GUEST_38c3458d-55e1-4368-bc1d-29d16f22b402?wid=1200&hei=1200&qlt=85 | https://target.scene7.com/is/image/Target/GUEST_cc266a1b-9edf-478c-a2cb-529ba283ca52?wid=1200&hei=1200&qlt=85,Crescent-shape minaudiere clutch; Crafted from acrylic shell; Clasp closure; Top carrying handle,,Acrylic,"{""H"": ""8.62"", ""W"": ""9.05"", ""D"": ""1.96""}",8.62 Inches (H) x 9.05 Inches (W) x 1.96 Inches (D),"Hardside, Structured",No Compartments or Pockets,No Compartments or Pockets,Clasp Closure,Carrying Handle,Novelty,Spot or Wipe Clean,Imported,199268617577,024-06-0713,"{""Dimensions (Overall)"": ""8.62 Inches (H) x 9.05 Inches (W) x 1.96 Inches (D)"", ""Shell Material"": ""Acrylic"", ""Bag Structure"": ""Hardside, Structured"", ""Interior Features"": ""No Compartments or Pockets"", ""Exterior Features"": ""No Compartments or Pockets"", ""Main Compartment Closure"": ""Clasp Closure"", ""Handle Type"": ""Carrying Handle"", ""Fabric Name"": ""Novelty"", ""Care & Cleaning"": ""Spot or Wipe Clean"", ""TCIN"": ""94742370"", ""UPC"": ""199268617577"", ""Item Number (DPCI)"": ""024-06-0713"", ""Origin"": ""Imported""}",True,2026-02-23T00:36:01.170525
94886484,Mixed Stone & Heart Carabiner Bag Charm - A New Day™ Pink,https://www.target.com/p/mixed-stone-38-heart-carabiner-bag-charm-a-new-day-8482-pink/-/A-94886484#lnk=sametab,A New Day,"Target > Clothing, Shoes & Accessories > Accessories > Handbags & Purses > Bag Charms & Straps",Bag Charms & Straps,10.0,0.0,0.0,False,2.3,3,,False,,,https://target.scene7.com/is/image/Target/GUEST_d4a65d4d-ffd0-4c4e-8ee9-b963dd200390?wid=1200&hei=1200&qlt=85 | https://target.scene7.com/is/image/Target/GUEST_c37436b2-f31f-4e72-8f6f-920999399727?wid=1200&hei=1200&qlt=85,"Pink bag charm; Metal construction; Multi-colored, multi-shaped stones; Also features gold-tone metal tube spacers and heart charm; Easy-close carabiner design",,Brass,"{""L"": ""3"", ""W"": ""1""}","3 Inches (L), 1 Inches (W)",,,,Easy-Close Fastener,,,Care Instructions Not Provided,Imported,199592248249,024-06-9742,"{""Dimensions (Overall)"": ""3 Inches (L), 1 Inches (W)"", ""Closure Type"": ""Easy-Close Fastener"", ""Package Quantity"": ""1"", ""Material"": ""Brass"", ""Care & Cleaning"": ""Care Instructions Not Provided"", ""TCIN"": ""94886484"", ""UPC"": ""199592248249"", ""Item Number (DPCI)"": ""024-06-9742"", ""Origin"": ""Imported""}",True,2026-02-23T00:36:01.170525
94248767,Oversized Slouchy Shoulder Bag - Universal Thread™ Black,https://www.target.com/p/oversized-slouchy-shoulder-bag-universal-thread/-/A-94248767?preselect=94172689#lnk=sametab,Universal Thread,"Target > Clothing, Shoes & Accessories > Accessories > Handbags & Purses > Shoulder Bags",Shoulder Bags,35.0,0.0,0.0,False,4.3,390,,False,Black | Brown | Off-White | Tan,,https://target.scene7.com/is/image/Target/GUEST_21c648d2-b83a-49d5-ad4a-bee5938769eb?wid=1200&hei=1200&qlt=85 | https://target.scene7.com/is/image/Target/GUEST_15d31985-e3b6-493f-b321-50ae6114a717?wid=1200&hei=1200&qlt=85 | https://target.scene7.com/is/image/Target/GUEST_62c8773c-47a6-429c-9e1c-cee6b8ebc552?wid=1200&hei=1200&qlt=85 | https://target.scene7.com/is/image/Target/GUEST_d0bf8999-da81-441b-a8c8-e546a227b477?wid=1200&hei=1200&qlt=85 | https://target.scene7.com/is/image/Target/GUEST_fd5ab1f6-9fb0-46d5-af29-72beaf01bee2?wid=1200&hei=1200&qlt=85 | https://target.scene7.com/is/image/Target/GUEST_52150088-efc0-476f-97bc-c33e8189ac0f?wid=1200&hei=1200&qlt=85 | https://target.scene7.com/is/image/Target/GUEST_73ee88e8-908a-4a5f-9f19-c71f6fe1dae8?wid=1200&hei=1200&qlt=85 | https://target.scene7.com/is/image/Target/GUEST_ea99f642-320d-4951-8a96-e5f8aa67f318?wid=1200&hei=1200&qlt=85 | https://target.scene7.com/is/image/Target/baseswatch?wid=1200&hei=1200&qlt=85,Faux leather slouchy shoulder bag; Polyurethane shell; Unstructured; No interior or exterior compartments; Magnetic closure; Carrying handle; 10.5in H 15.75in W x 5in D,,Polyurethane,"{""H"": ""10.5"", ""W"": ""15.75"", ""D"": ""5""}",10.5 Inches (H) x 15.75 Inches (W) x 5 Inches (D),Unstructured,No Compartments or Pockets,No Compartments or Pockets,Magnetic Closure,Carrying Handle,Faux Leather,Spot or Wipe Clean,Imported,198850427990,024-00-0188,"{""Dimensions (Overall)"": ""10.5 Inches (H) x 15.75 Inches (W) x 5 Inches (D)"", ""Shell Material"": ""Polyurethane"", ""Bag Structure"": ""Unstructured"", ""Interior Features"": ""No Compartments or Pockets"", ""Exterior Features"": ""No Compartments or Pockets"", ""Main Compartment Closure"": ""Magnetic Closure"", ""Handle Type"": ""Carrying Handle"", ""Fabric Name"": ""Faux Leather"", ""Care & Cleaning"": ""Spot or Wipe Clean"", ""TCIN"": ""94172689"", ""UPC"": ""198850427990"", ""Item Number (DPCI)"": ""024-00-0188"", ""Origin"": ""Imported""}",True,2026-02-23T00:36:01.170525
92750865,"Foundational Weekender Bag - Universal Thread™ Pucker Brown: 90% Recycled Nylon, Double Handle, Removable Strap, 48 Linear Inches",https://www.target.com/p/foundational-weekender-bag-universal-thread/-/A-92750865?preselect=92450022#lnk=sametab,Universal Thread,"Target > Clothing, Shoes & Accessories > Accessories > Handbags & Purses > Weekender Bags",Weekender Bags,40.0,0.0,0.0,False,4.6,133,,False,Dark Brown,,https://target.scene7.com/is/image/Target/GUEST_b2e9698f-b9d1-4304-a4c7-a312383c87ec?wid=1200&hei=1200&qlt=85 | https://target.scene7.com/is/image/Target/GUEST_e5f55f57-213f-444d-9d90-38a2a709e0f4?wid=1200&hei=1200&qlt=85 | https://target.scene7.com/is/image/Target/GUEST_f913349b-d909-4536-9561-47076a143ec5?wid=1200&hei=1200&qlt=85 | https://target.scene7.com/is/image/Target/GUEST_694f70de-5f6a-4689-a88f-75e04004f835?wid=1200&hei=1200&qlt=85 | https://target.scene7.com/is/image/Target/GUEST_1c7fc2bf-e12f-4567-bc2d-e37dcdc77933?wid=1200&hei=1200&qlt=85 | https://target.scene7.com/is/image/Target/GUEST_b950340e-4d57-4647-a675-5399127c0a6b?wid=1200&hei=1200&qlt=85,"Keep yourself ready for quick trips with the Foundational Weekender Bag from Universal Thread™. This unstructured weekender bag features interior and exterior pockets to help provide ample space for your essential items. Designed with a removable strap and double handles, it offers multiple carrying options for your convenience. Universal Thread™: Found exclusively at Target.",,Polyester,"{""H"": ""15"", ""W"": ""23"", ""D"": ""9"", ""Maximum Strap Length"": ""56.5 Inches""}",15 Inches (H) x 23 Inches (W) x 9 Inches (D),Unstructured,"Zip Pocket, Accessories Pocket","Detachable Strap, Front Zip Pocket",Zip Closure,Polyester,,Spot or Wipe Clean,Imported,198420263065,024-00-8644,"{""Dimensions (Overall)"": ""15 Inches (H) x 23 Inches (W) x 9 Inches (D)"", ""Weight"": ""828 Grams"", ""Holds up to"": ""84 Pounds"", ""Shell Material"": ""90% Recycled Nylon"", ""Placement"": ""Checked"", ""Bag Structure"": ""Unstructured"", ""Interior Features"": ""Zip Pocket, Accessories Pocket"", ""Exterior Features"": ""Detachable Strap, Front Zip Pocket"", ""Main Compartment Closure"": ""Zip Closure"", ""Handle Type"": ""Removable Strap, Double Handle"", ""Number of Wheels"": ""No Wheels"", ""Handle Material"": ""Polyester"", ""Maximum Strap Length"": ""56.5 Inches"", ""Bag Linear Inches"": ""48 Linear Inches"", ""Care & Cleaning"": ""Spot or Wipe Clean"", ""TCIN"": ""92450022"", ""UPC"": ""198420263065"", ""Item Number (DPCI)"": ""024-00-8644"", ""Origin"": ""Imported""}",True,2026-02-23T00:36:01.170525
87144458,Reusable Bag / Basket Print Tote Red,https://www.target.com/p/target-reusable-bag-shopping-basket-tote/-/A-87144458#lnk=sametab,,"Target > Clothing, Shoes & Accessories > Accessories > Handbags & Purses",Handbags & Purses,0.99,0.0,0.0,False,4.7,2889,,False,,,https://target.scene7.com/is/image/Target/GUEST_2657c586-c56c-4ebf-9fba-233610d1804e?wid=1200&hei=1200&qlt=85 | https://target.scene7.com/is/image/Target/GUEST_d2eee468-16ab-40de-bd89-0fb44f037ad9?wid=1200&hei=1200&qlt=85 | https://target.scene7.com/is/image/Target/GUEST_b9c00887-e8ca-44b5-9846-dd6218fd4041?wid=1200&hei=1200&qlt=85 | https://target.scene7.com/is/image/Target/GUEST_2173213f-4658-4e00-a768-f5500beeae04?wid=1200&hei=1200&qlt=85 | https://target.scene7.com/is/image/Target/GUEST_5431b7bb-58a6-4461-a5c9-a4cba8218ca1?wid=1200&hei=1200&qlt=85,Reusable shopping tote from Target; Features collapsible design for convenient storage; Made from sturdy material for long-lasting use; Easy care and maintenance with spot cleaning,,Polypropylene,"{""H"": ""16"", ""W"": ""12"", ""D"": ""7.5""}",16 Inches (H) x 12 Inches (W) x 7.5 Inches (D),Collapsible,No Compartments or Pockets,No Compartments or Pockets,"Open, No Closure",Double Handle,Pressed or Molded,Spot or Wipe Clean,Imported,9369998196128,295-00-0078,"{""Dimensions (Overall)"": ""16 Inches (H) x 12 Inches (W) x 7.5 Inches (D)"", ""Shell Material"": ""Polypropylene"", ""Bag Structure"": ""Collapsible"", ""Interior Features"": ""No Compartments or Pockets"", ""Exterior Features"": ""No Compartments or Pockets"", ""Main Compartment Closure"": ""Open, No Closure"", ""Handle Type"": ""Double Handle"", ""Fabric Name"": ""Pressed or Molded"", ""Care & Cleaning"": ""Spot or Wipe Clean"", ""TCIN"": ""87144458"", ""UPC"": ""9369998196128"", ""Item Number (DPCI)"": ""295-00-0078"", ""Origin"": ""Imported""}",True,2026-02-23T00:36:01.170525
90564596,"Triple Compartment Work Tote Handbag - A New Day™ Black: Shell, Double Shoulder Handles",https://www.target.com/p/triple-compartment-work-tote-handbag-a-new-day/-/A-90564596?preselect=90367010#lnk=sametab,A New Day,"Target > Clothing, Shoes & Accessories > Accessories > Handbags & Purses > Shoulder Bags",Shoulder Bags,35.0,0.0,0.0,False,4.1,236,,False,Black | Brown,,https://target.scene7.com/is/image/Target/GUEST_fbb80f99-6aed-4e26-8c6c-83e57f76035a?wid=1200&hei=1200&qlt=85 | https://target.scene7.com/is/image/Target/GUEST_596407fc-5041-40ee-9c9a-f08cfa6e3beb?wid=1200&hei=1200&qlt=85 | https://target.scene7.com/is/image/Target/GUEST_11e44a9e-1a37-4b0f-ac31-f1bd59b771c2?wid=1200&hei=1200&qlt=85 | https://target.scene7.com/is/image/Target/GUEST_14dac329-2b70-433a-83bb-1e39de314f84?wid=1200&hei=1200&qlt=85 | https://target.scene7.com/is/image/Target/GUEST_c871d836-249d-4a99-88ec-9ef9518b747a?wid=1200&hei=1200&qlt=85 | https://target.scene7.com/is/image/Target/GUEST_754024cd-e72f-4cf4-a899-ec2d4dd0ba2b?wid=1200&hei=1200&qlt=85 | https://target.scene7.com/is/image/Target/GUEST_80743fff-7408-4f70-a39c-0a9f6443ad9e?wid=1200&hei=1200&qlt=85 | https://target.scene7.com/is/image/Target/GUEST_9740bff9-45d0-454e-9d22-0c84a508ddd0?wid=1200&hei=1200&qlt=85 | https://target.scene7.com/is/image/Target/GUEST_39cfcf0e-b107-4fa1-a3f2-4c68fb4f0ab3?wid=1200&hei=1200&qlt=85 | https://target.scene7.com/is/image/Target/GUEST_eb201a6d-8585-4168-b76b-d3f2d05ea4e0?wid=1200&hei=1200&qlt=85,Triple compartment tote handbag; Main compartment with zipper closure; Interior pocket; Double handles,,Polyurethane,"{""H"": ""13.39"", ""W"": ""21.26"", ""D"": ""6.3""}",13.39 Inches (H) x 21.26 Inches (W) x 6.3 Inches (D),Unstructured,Accessories Pocket,No Compartments or Pockets,Zip Closure,Double Shoulder Handles,Woven,Spot or Wipe Clean,Imported,198101061881,024-06-4825,"{""Dimensions (Overall)"": ""13.39 Inches (H) x 21.26 Inches (W) x 6.3 Inches (D)"", ""Shell Material"": ""Polyurethane"", ""Bag Structure"": ""Unstructured"", ""Interior Features"": ""Accessories Pocket"", ""Exterior Features"": ""No Compartments or Pockets"", ""Main Compartment Closure"": ""Zip Closure"", ""Handle Type"": ""Double Shoulder Handles"", ""Fabric Name"": ""Woven"", ""Care & Cleaning"": ""Spot or Wipe Clean"", ""TCIN"": ""90367010"", ""UPC"": ""198101061881"", ""Item Number (DPCI)"": ""024-06-4825"", ""Origin"": ""Imported""}",True,2026-02-23T00:36:01.170525
94687136,Embellished Espresso Martini Flap Shoulder Bag - A New Day™ Brown,https://www.target.com/p/embellished-espresso-martini-flap-shoulder-bag-a-new-day-8482-brown/-/A-94687136#lnk=sametab,A New Day,"Target > Clothing, Shoes & Accessories > Accessories > Handbags & Purses > Shoulder Bags",Shoulder Bags,29.75,35.0,15.0,True,4.6,36,,False,,,https://target.scene7.com/is/image/Target/GUEST_0d465fbd-af75-434b-8f1b-e31540100b8f?wid=1200&hei=1200&qlt=85 | https://target.scene7.com/is/image/Target/GUEST_195dac84-65b4-40fa-9258-7ac18757f2a4?wid=1200&hei=1200&qlt=85 | https://target.scene7.com/is/image/Target/GUEST_df3de576-5235-4e7f-ab18-c5a307eb7fed?wid=1200&hei=1200&qlt=85 | https://target.scene7.com/is/image/Target/GUEST_ca590b6b-6b00-479f-835d-a9186ec4275a?wid=1200&hei=1200&qlt=85 | https://target.scene7.com/is/image/Target/GUEST_f9040323-efff-46e1-a0e8-e1913acded35?wid=1200&hei=1200&qlt=85 | https://target.scene7.com/is/image/Target/GUEST_5ae6f6dc-5ad3-435b-8c20-a5141d44248f?wid=1200&hei=1200&qlt=85,Embellished espresso martini flap shoulder bag; Solid brown color; Made from polyester velvet fabric; Single handle; Flap closure,,Polyester,"{""H"": ""5.59"", ""W"": ""9.76"", ""D"": ""2.16""}",5.59 Inches (H) x 9.76 Inches (W) x 2.16 Inches (D),Unstructured,No Compartments or Pockets,No Compartments or Pockets,Flap Closure,Single handle,Velvet,Spot or Wipe Clean,Imported,199268397844,024-06-8172,"{""Dimensions (Overall)"": ""5.59 Inches (H) x 9.76 Inches (W) x 2.16 Inches (D)"", ""Shell Material"": ""Polyester"", ""Bag Structure"": ""Unstructured"", ""Interior Features"": ""No Compartments or Pockets"", ""Exterior Features"": ""No Compartments or Pockets"", ""Main Compartment Closure"": ""Flap Closure"", ""Handle Type"": ""Single handle"", ""Fabric Name"": ""Velvet"", ""Care & Cleaning"": ""Spot or Wipe Clean"", ""TCIN"": ""94687136"", ""UPC"": ""199268397844"", ""Item Number (DPCI)"": ""024-06-8172"", ""Origin"": ""Imported""}",True,2026-02-23T00:36:01.170525
94644075,SUGARFIX by BaubleBar 4ct Beaded Bag Charm Craft Kit Gift,https://www.target.com/p/sugarfix-by-baublebar-4ct-beaded-bag-charm-craft-kit-gift/-/A-94644075#lnk=sametab,SUGARFIX by BaubleBar,"Target > Clothing, Shoes & Accessories > Accessories > Handbags & Purses > Bag Charms & Straps",Bag Charms & Straps,15.99,19.99,20.0,True,3.4,32,,False,,,https://target.scene7.com/is/image/Target/GUEST_8e04205e-41b3-4c0f-ae85-aa74ce01a1b2?wid=1200&hei=1200&qlt=85 | https://target.scene7.com/is/image/Target/GUEST_6b1ce342-bb0b-4e60-a057-456cf65f12bc?wid=1200&hei=1200&qlt=85 | https://target.scene7.com/is/image/Target/GUEST_0cb4f6e6-d84f-4d51-b822-29616ea7c192?wid=1200&hei=1200&qlt=85,"Express yourself freely today using the Sugarfix by BaubleBar Bag Charm Kit. Mix and match lettered, motif, and colored charms to create four different bag charms that reflect your unique taste. Whether you want something bright and colorful or more muted and streamlined, you can do it all with this kit.",,Plastic,{},,,,,,,,,Imported,199268538865,081-22-4739,"{""Suggested Age"": ""6 Years and Up"", ""CPSC Choking Hazard Warnings"": ""Choking_hazard_small_parts"", ""Includes"": ""Beads"", ""Material"": ""Plastic"", ""Battery"": ""No Battery Used"", ""TCIN"": ""94644075"", ""UPC"": ""199268538865"", ""Item Number (DPCI)"": ""081-22-4739"", ""Origin"": ""Imported""}",True,2026-02-23T00:36:01.170525
90864021,Puffer Hobo Shoulder Bag - Wild Fable™ Black,https://www.target.com/p/puffer-hobo-bag-wild-fable/-/A-90864021?preselect=90862916#lnk=sametab,Wild Fable,"Target > Clothing, Shoes & Accessories > Accessories > Handbags & Purses > Shoulder Bags",Shoulder Bags,25.0,0.0,0.0,False,4.7,405,,False,"Black | Brown | Off-White | Red  - Out of Stock, out of stock | Tan | Yellow",,https://target.scene7.com/is/image/Target/GUEST_3751241b-b8ba-4345-81d5-d8bbd0db785c?wid=1200&hei=1200&qlt=85 | https://target.scene7.com/is/image/Target/GUEST_a4605aa0-7a59-4b1d-bce5-32cc2f97c237?wid=1200&hei=1200&qlt=85 | https://target.scene7.com/is/image/Target/GUEST_acd70be6-3faa-4b83-bcf3-61620256a510?wid=1200&hei=1200&qlt=85 | https://target.scene7.com/is/image/Target/GUEST_299d6247-441e-4acc-85cb-653bde8970bd?wid=1200&hei=1200&qlt=85 | https://target.scene7.com/is/image/Target/GUEST_a60a2c7d-c40d-4c0e-bad5-0d5390565e57?wid=1200&hei=1200&qlt=85 | https://target.scene7.com/is/image/Target/GUEST_b03790f8-4dc2-44b1-8394-ca631a51b082?wid=1200&hei=1200&qlt=85 | https://target.scene7.com/is/image/Target/baseswatch?wid=1200&hei=1200&qlt=85 | https://target.scene7.com/is/image/Target/GUEST_d0695ab2-fb9d-4bbe-abf1-3f9ec02cb374?wid=1200&hei=1200&qlt=85,Hobo bag with single strap handle; Boxed puffer design; Lightweight construction; Zippered compartment; Inner zip-up pocket; Recycled polyester,,100% Recycled Polyester,"{""H"": ""14"", ""W"": ""17"", ""D"": ""6.5"", ""Maximum Strap Length"": ""15 Inches""}",14 Inches (H) x 17 Inches (W) x 6.5 Inches (D),"Softside, Lightweight",Zip Pocket,No Compartments or Pockets,Zip Closure,"Shoulder Strap, single handle",Woven,Spot or Wipe Clean,Imported,198101324320,024-07-0266,"{""Dimensions (Overall)"": ""14 Inches (H) x 17 Inches (W) x 6.5 Inches (D)"", ""Shell Material"": ""100% Recycled Polyester"", ""Bag Structure"": ""Softside, Lightweight"", ""Interior Features"": ""Zip Pocket"", ""Exterior Features"": ""No Compartments or Pockets"", ""Main Compartment Closure"": ""Zip Closure"", ""Handle Type"": ""Shoulder Strap, single handle"", ""Fabric Name"": ""Woven"", ""Maximum Strap Length"": ""15 Inches"", ""Care & Cleaning"": ""Spot or Wipe Clean"", ""TCIN"": ""90862916"", ""UPC"": ""198101324320"", ""Item Number (DPCI)"": ""024-07-0266"", ""Origin"": ""Imported""}",True,2026-02-23T00:36:01.170525
94302292,Premium Belt Bag Blush - All In Motion™: Water-Resistant Knit Fanny Pack,https://www.target.com/p/premium-belt-bag-all-in-motion/-/A-94302292?preselect=92108302#lnk=sametab,All In Motion,"Target > Clothing, Shoes & Accessories > Accessories > Handbags & Purses > Fanny Packs",Fanny Packs,20.0,0.0,0.0,False,2.6,422,,False,Blush,,https://target.scene7.com/is/image/Target/GUEST_7397b0be-87b4-4156-ab39-dff285c1ce3f?wid=1200&hei=1200&qlt=85 | https://target.scene7.com/is/image/Target/GUEST_fb107bad-ff6c-44a5-a901-af10b34556cb?wid=1200&hei=1200&qlt=85 | https://target.scene7.com/is/image/Target/GUEST_05d53444-3d95-4867-ae1b-412832536136?wid=1200&hei=1200&qlt=85 | https://target.scene7.com/is/image/Target/GUEST_b55dc65b-9bbe-490d-bf14-de7dc552a7b4?wid=1200&hei=1200&qlt=85 | https://target.scene7.com/is/image/Target/GUEST_35e97877-5823-42eb-8b03-6b77bfcc60e6?wid=1200&hei=1200&qlt=85 | https://target.scene7.com/is/image/Target/GUEST_3803a10e-0033-4b9c-977a-3ede8962c747?wid=1200&hei=1200&qlt=85,"Made for: waterside activities, travel, everyday use; Moves with: recycled polyester construction; Must-have features: interior cell phone and exterior pockets, adjustable strap, zipper closure, water resistant; Spot or wipe clean",,85% Recycled Polyester,"{""H"": ""5.75"", ""W"": ""9.5"", ""D"": ""2.88""}",5.75 Inches (H) x 9.5 Inches (W) x 2.88 Inches (D),,Cell Phone Pocket,"Front Zip Pocket, Adjustable Strap",Zip Closure,,Knit,Spot or Wipe Clean,Imported,198420122881,082-02-2510,"{""Dimensions (Overall)"": ""5.75 Inches (H) x 9.5 Inches (W) x 2.88 Inches (D)"", ""Shell Material"": ""85% Recycled Polyester"", ""Interior Features"": ""Cell Phone Pocket"", ""Exterior Features"": ""Front Zip Pocket, Adjustable Strap"", ""Main Compartment Closure"": ""Zip Closure"", ""Fabric Name"": ""Knit"", ""Protective Qualities"": ""Water-Resistant"", ""Battery"": ""No Battery Used"", ""Care & Cleaning"": ""Spot or Wipe Clean"", ""TCIN"": ""92108302"", ""UPC"": ""198420122881"", ""Item Number (DPCI)"": ""082-02-2510"", ""Origin"": ""Imported""}",True,2026-02-23T00:36:01.170525
94800770,Valentine's Day Heart Embroidered Mesh Tote Handbag - A New Day™ Light Pink,https://www.target.com/p/heart-embroidered-mesh-tote-handbag-a-new-day/-/A-94800770?preselect=1004009695#lnk=sametab,A New Day,"Target > Clothing, Shoes & Accessories > Accessories > Handbags & Purses > Shoulder Bags",Shoulder Bags,12.75,15.0,15.0,True,3.5,54,,False,"Light Pink  - Out of Stock | Red  - Out of Stock, out of stock",,https://target.scene7.com/is/image/Target/GUEST_334f5112-b99c-4ee0-972f-a25be40a56ee?wid=1200&hei=1200&qlt=85 | https://target.scene7.com/is/image/Target/GUEST_0c0c3e0a-1cfb-4638-ab7e-42d5c5871838?wid=1200&hei=1200&qlt=85 | https://target.scene7.com/is/image/Target/GUEST_178f067a-d1c3-4b56-8280-fbb58763a99e?wid=1200&hei=1200&qlt=85 | https://target.scene7.com/is/image/Target/GUEST_5c4f1d90-1c1a-42a8-9c36-a493978c79ee?wid=1200&hei=1200&qlt=85 | https://target.scene7.com/is/image/Target/GUEST_692a2c79-19ca-43fb-9584-139eae2659e5?wid=1200&hei=1200&qlt=85 | https://target.scene7.com/is/image/Target/GUEST_b3947dc0-dbd9-476b-a4b8-8642f0ca827f?wid=1200&hei=1200&qlt=85 | https://target.scene7.com/is/image/Target/baseswatch?wid=1200&hei=1200&qlt=85,"Mesh tote handbag; Vertical, rectangular silhouette; Adorned with tiny embroidered hearts; Made of lightweight polyester; Unlined construction; Double top handles",,Polyester,"{""H"": ""8.5"", ""W"": ""7.25"", ""D"": ""3.5""}",8.5 Inches (H) x 7.25 Inches (W) x 3.5 Inches (D),Lightweight,No Compartments or Pockets,No Compartments or Pockets,"Open, No Closure",Double Handle,Woven,Care Instructions Not Provided,Imported,199268674402,024-06-0747,"{""Dimensions (Overall)"": ""8.5 Inches (H) x 7.25 Inches (W) x 3.5 Inches (D)"", ""Shell Material"": ""Polyester"", ""Bag Structure"": ""Lightweight"", ""Interior Features"": ""No Compartments or Pockets"", ""Exterior Features"": ""No Compartments or Pockets"", ""Main Compartment Closure"": ""Open, No Closure"", ""Handle Type"": ""Double Handle"", ""Fabric Name"": ""Woven"", ""Care & Cleaning"": ""Care Instructions Not Provided"", ""TCIN"": ""1004009695"", ""UPC"": ""199268674402"", ""Item Number (DPCI)"": ""024-06-0747"", ""Origin"": ""Imported""}",True,2026-02-23T00:36:01.170525
94969933,Mini Slouchy Chain Handbag - Universal Thread™ Brown,https://www.target.com/p/mini-slouchy-chain-handbag-universal-thread-8482-brown/-/A-94969933#lnk=sametab,Universal Thread,"Target > Clothing, Shoes & Accessories > Accessories > Handbags & Purses > Mini Bags",Mini Bags,30.0,0.0,0.0,False,3.9,8,,False,,,https://target.scene7.com/is/image/Target/GUEST_1205b8b2-8153-43fa-bbb1-bf16b6a2afba?wid=1200&hei=1200&qlt=85 | https://target.scene7.com/is/image/Target/GUEST_bfb76de0-653f-48ba-85f6-6be237537698?wid=1200&hei=1200&qlt=85 | https://target.scene7.com/is/image/Target/GUEST_ece3f64e-454e-4b24-8c81-aeb48460b555?wid=1200&hei=1200&qlt=85 | https://target.scene7.com/is/image/Target/GUEST_1b3567b9-7f5b-4852-aa57-e1f1fccdbcf4?wid=1200&hei=1200&qlt=85 | https://target.scene7.com/is/image/Target/GUEST_d9b91d2a-6618-49f7-aeed-b4b62e3c19ab?wid=1200&hei=1200&qlt=85,Universal Thread mini handbag in brown; Slouchy design; Polyester shell; Magnetic closure main compartment; Removable chain; Top carrying handle,,Polyester,"{""H"": ""5.33"", ""W"": ""9.25"", ""D"": ""3"", ""Maximum Strap Length"": ""42.75 Inches""}",5.33 Inches (H) x 9.25 Inches (W) x 3 Inches (D),Miniature,No Compartments or Pockets,No Compartments or Pockets,Magnetic Closure,"Removable Strap, Carrying Handle",Knit,Spot or Wipe Clean,Imported,199592535745,024-00-1455,"{""Dimensions (Overall)"": ""5.33 Inches (H) x 9.25 Inches (W) x 3 Inches (D)"", ""Shell Material"": ""Polyester"", ""Bag Structure"": ""Miniature"", ""Interior Features"": ""No Compartments or Pockets"", ""Exterior Features"": ""No Compartments or Pockets"", ""Main Compartment Closure"": ""Magnetic Closure"", ""Handle Type"": ""Removable Strap, Carrying Handle"", ""Fabric Name"": ""Knit"", ""Maximum Strap Length"": ""42.75 Inches"", ""Care & Cleaning"": ""Spot or Wipe Clean"", ""TCIN"": ""94969933"", ""UPC"": ""199592535745"", ""Item Number (DPCI)"": ""024-00-1455"", ""Origin"": ""Imported""}",True,2026-02-23T00:36:01.170525
94781669,Straw XL Tote Bag - A New Day™ Natural,https://www.target.com/p/straw-xl-tote-bag-a-new-day/-/A-94781669?preselect=94742376#lnk=sametab,A New Day,"Target > Clothing, Shoes & Accessories > Accessories > Handbags & Purses > Shoulder Bags",Shoulder Bags,40.0,0.0,0.0,False,2.0,1,,False,Brown | Natural,,https://target.scene7.com/is/image/Target/GUEST_d43b2e33-d6fe-4ea1-9d55-a682e79d44a8?wid=1200&hei=1200&qlt=85 | https://target.scene7.com/is/image/Target/GUEST_e3222ad3-3d52-4aee-98de-8cf324597c83?wid=1200&hei=1200&qlt=85 | https://target.scene7.com/is/image/Target/GUEST_4999561e-e7c4-44f6-8fb5-8d255295fee8?wid=1200&hei=1200&qlt=85 | https://target.scene7.com/is/image/Target/GUEST_e0070575-9a28-4538-82e2-e6c0c9a67a83?wid=1200&hei=1200&qlt=85 | https://target.scene7.com/is/image/Target/GUEST_0e6cf4d8-dba6-401c-bacb-f79234686c8a?wid=1200&hei=1200&qlt=85 | https://target.scene7.com/is/image/Target/GUEST_e978fa09-e040-40fe-b017-4e6625a98688?wid=1200&hei=1200&qlt=85 | https://target.scene7.com/is/image/Target/baseswatch?wid=1200&hei=1200&qlt=85 | https://target.scene7.com/is/image/Target/GUEST_3a5a31a0-b1d9-4eb6-bc29-4244a40b808b?wid=1200&hei=1200&qlt=85,XL straw tote bag; Open design; Double handles; Unstructured; Forest Stewardship Council Certified,,Paper,"{""H"": ""13.39"", ""W"": ""16.93"", ""D"": ""7.09""}",13.39 Inches (H) x 16.93 Inches (W) x 7.09 Inches (D),Unstructured,No Compartments or Pockets,No Compartments or Pockets,"Open, No Closure",Double Handle,Crochet,Do Not Wash,Imported,199268617614,024-06-4838,"{""Dimensions (Overall)"": ""13.39 Inches (H) x 16.93 Inches (W) x 7.09 Inches (D)"", ""Shell Material"": ""Paper"", ""Bag Structure"": ""Unstructured"", ""Interior Features"": ""No Compartments or Pockets"", ""Exterior Features"": ""No Compartments or Pockets"", ""Main Compartment Closure"": ""Open, No Closure"", ""Handle Type"": ""Double Handle"", ""Fabric Name"": ""Crochet"", ""Care & Cleaning"": ""Do Not Wash"", ""TCIN"": ""94742376"", ""UPC"": ""199268617614"", ""Item Number (DPCI)"": ""024-06-4838"", ""Origin"": ""Imported""}",True,2026-02-23T00:36:01.170525
94780226,Floral Print Puffer Hobo Shoulder Bag - Wild Fable™ Pink,https://www.target.com/p/floral-print-puffer-hobo-shoulder-bag-wild-fable-8482-pink/-/A-94780226#lnk=sametab,Wild Fable,"Target > Clothing, Shoes & Accessories > Accessories > Handbags & Purses > Shoulder Bags",Shoulder Bags,30.0,0.0,0.0,False,4.6,8,,False,,,https://target.scene7.com/is/image/Target/GUEST_619f0e09-74a5-4410-9842-9e591590a50a?wid=1200&hei=1200&qlt=85 | https://target.scene7.com/is/image/Target/GUEST_ec38ac26-ecba-43b0-9ba2-e532416a3380?wid=1200&hei=1200&qlt=85 | https://target.scene7.com/is/image/Target/GUEST_dbbcfa4c-3d3a-4065-81d7-00c24b0927b8?wid=1200&hei=1200&qlt=85 | https://target.scene7.com/is/image/Target/GUEST_3096346c-21c9-4c7d-b1ef-7afb39e2c04b?wid=1200&hei=1200&qlt=85 | https://target.scene7.com/is/image/Target/GUEST_7e0f3b8e-4b33-4d9b-a8c0-4cf79376e414?wid=1200&hei=1200&qlt=85,Hobo bag with single strap handle; Boxed puffer design; Lightweight construction; Zippered compartment; Inner zip-up pocket; Recycled polyester,,100% Recycled Polyester,"{""H"": ""14"", ""W"": ""6.5"", ""D"": ""17""}",14 Inches (H) x 6.5 Inches (W) x 17 Inches (D),Softside,Zip Pocket,No Compartments or Pockets,Zip Closure,Shoulder Strap,Woven,Spot or Wipe Clean,Imported,199592034002,024-07-7789,"{""Dimensions (Overall)"": ""14 Inches (H) x 6.5 Inches (W) x 17 Inches (D)"", ""Shell Material"": ""100% Recycled Polyester"", ""Bag Structure"": ""Softside"", ""Interior Features"": ""Zip Pocket"", ""Exterior Features"": ""No Compartments or Pockets"", ""Main Compartment Closure"": ""Zip Closure"", ""Handle Type"": ""Shoulder Strap"", ""Fabric Name"": ""Woven"", ""Care & Cleaning"": ""Spot or Wipe Clean"", ""TCIN"": ""94780226"", ""UPC"": ""199592034002"", ""Item Number (DPCI)"": ""024-07-7789"", ""Origin"": ""Imported""}",True,2026-02-23T00:36:01.170525
94742374,Straw Caning Crossbody Bag - A New Day™ Natural,https://www.target.com/p/straw-caning-crossbody-bag-a-new-day-8482-natural/-/A-94742374#lnk=sametab,A New Day,"Target > Clothing, Shoes & Accessories > Accessories > Handbags & Purses > Satchels",Satchels,30.0,0.0,0.0,False,5.0,3,,False,,,https://target.scene7.com/is/image/Target/GUEST_6d37a024-3606-4c35-ab82-307979ec1c39?wid=1200&hei=1200&qlt=85 | https://target.scene7.com/is/image/Target/GUEST_e07fd7ce-8b89-4de9-885b-d2ff4e18bd85?wid=1200&hei=1200&qlt=85 | https://target.scene7.com/is/image/Target/GUEST_4771e216-aec2-422b-81d2-935f2f2f4f47?wid=1200&hei=1200&qlt=85 | https://target.scene7.com/is/image/Target/GUEST_05fd1d14-a434-4911-848d-6d6bae1d37f3?wid=1200&hei=1200&qlt=85 | https://target.scene7.com/is/image/Target/GUEST_9b70ee23-72a1-427c-81a1-664f456bc2c3?wid=1200&hei=1200&qlt=85 | https://target.scene7.com/is/image/Target/GUEST_4d066466-fe0c-4853-a515-a8c7992a8e50?wid=1200&hei=1200&qlt=85,Straw crossbody bag; Cane design; White trim detailing; Polyethylene shell; Spacious main compartment; Popper flap with magnetic closure; Shoulder strap,,Polyethylene,"{""H"": ""5"", ""W"": ""8.5"", ""D"": ""2.75""}",5 Inches (H) x 8.5 Inches (W) x 2.75 Inches (D),Structured,No Compartments or Pockets,No Compartments or Pockets,Magnetic Closure,Shoulder Strap,Woven,Do Not Wash,Imported,199268617546,024-06-0749,"{""Dimensions (Overall)"": ""5 Inches (H) x 8.5 Inches (W) x 2.75 Inches (D)"", ""Shell Material"": ""Polyethylene"", ""Bag Structure"": ""Structured"", ""Interior Features"": ""No Compartments or Pockets"", ""Exterior Features"": ""No Compartments or Pockets"", ""Main Compartment Closure"": ""Magnetic Closure"", ""Handle Type"": ""Shoulder Strap"", ""Fabric Name"": ""Woven"", ""Care & Cleaning"": ""Do Not Wash"", ""TCIN"": ""94742374"", ""UPC"": ""199268617546"", ""Item Number (DPCI)"": ""024-06-0749"", ""Origin"": ""Imported""}",True,2026-02-23T00:36:01.170525
94768952,Valentine's Day Metallic Heart Clutch - A New Day™ Red,https://www.target.com/p/valentine-39-s-day-metallic-heart-clutch-a-new-day-8482-red/-/A-94768952#lnk=sametab,A New Day,"Target > Clothing, Shoes & Accessories > Accessories > Handbags & Purses > Clutches",Clutches,34.0,40.0,15.0,True,3.2,9,,False,,,https://target.scene7.com/is/image/Target/GUEST_a8157467-bc65-4761-9930-b888cc626ed7?wid=1200&hei=1200&qlt=85 | https://target.scene7.com/is/image/Target/GUEST_8c920a61-6d7e-4767-b6ed-9c998e786024?wid=1200&hei=1200&qlt=85 | https://target.scene7.com/is/image/Target/GUEST_11afac6e-654d-40df-8b68-4992aea0d2f8?wid=1200&hei=1200&qlt=85 | https://target.scene7.com/is/image/Target/GUEST_4bc86b4d-4c36-4881-9ab8-9c4c1ba61471?wid=1200&hei=1200&qlt=85 | https://target.scene7.com/is/image/Target/GUEST_c7a37110-db48-4a42-ac62-27a4bac8bbd2?wid=1200&hei=1200&qlt=85,V-Day metallic heart clutch; Acrylic material; Hardside structure; Latch closure; Carrying handle; 8.26in H x 8.66in W x 3in D,,Acrylic,"{""H"": ""8.26"", ""W"": ""8.66"", ""D"": ""3""}",8.26 Inches (H) x 8.66 Inches (W) x 3 Inches (D),"Hardside, Structured",No Compartments or Pockets,No Compartments or Pockets,Latch Closure,Carrying Handle,Novelty,Spot or Wipe Clean,Imported,199268630972,024-06-7299,"{""Dimensions (Overall)"": ""8.26 Inches (H) x 8.66 Inches (W) x 3 Inches (D)"", ""Shell Material"": ""Acrylic"", ""Bag Structure"": ""Hardside, Structured"", ""Interior Features"": ""No Compartments or Pockets"", ""Exterior Features"": ""No Compartments or Pockets"", ""Main Compartment Closure"": ""Latch Closure"", ""Handle Type"": ""Carrying Handle"", ""Fabric Name"": ""Novelty"", ""Care & Cleaning"": ""Spot or Wipe Clean"", ""TCIN"": ""94768952"", ""UPC"": ""199268630972"", ""Item Number (DPCI)"": ""024-06-7299"", ""Origin"": ""Imported""}",True,2026-02-23T00:36:01.170525
93179315,MKF Collection Nyra quilted Vegan Leather Women’s Shoulder bag by Mia K,https://www.target.com/p/mkf-collection-nyra-quilted-vegan-leather-women-s-shoulder-bag-by-mia-k/-/A-93179315?preselect=93179319#lnk=sametab,MKF Collection,"Target > Clothing, Shoes & Accessories > Accessories > Handbags & Purses > Shoulder Bags",Shoulder Bags,50.0,124.0,59.7,True,3.5,2,,False,navy,,https://target.scene7.com/is/image/Target/GUEST_37a79c62-b940-457c-8da0-f494a107fe35?wid=1200&hei=1200&qlt=85 | https://target.scene7.com/is/image/Target/GUEST_c52b33f8-0a0e-490d-8d5e-e5f9a6ec3155?wid=1200&hei=1200&qlt=85 | https://target.scene7.com/is/image/Target/GUEST_24717e92-5367-4ae4-a22b-722d83c6ed6e?wid=1200&hei=1200&qlt=85 | https://target.scene7.com/is/image/Target/GUEST_bbe2ec2f-fee4-4afd-b039-4698931732a1?wid=1200&hei=1200&qlt=85 | https://target.scene7.com/is/image/Target/GUEST_45659921-5935-496b-b018-840dc4101835?wid=1200&hei=1200&qlt=85 | https://target.scene7.com/is/image/Target/GUEST_a5f978e1-ce33-4c62-9bf2-6c4938f00e97?wid=1200&hei=1200&qlt=85 | https://target.scene7.com/is/image/Target/GUEST_42b2e81f-5937-47e0-905a-5de00c0d32e8?wid=1200&hei=1200&qlt=85 | https://target.scene7.com/is/image/Target/GUEST_0d3e7e7f-b189-4ef5-be65-b6fb9f147a82?wid=1200&hei=1200&qlt=85 | https://target.scene7.com/is/image/Target/GUEST_f79a9354-71ef-4bc6-b209-aad3d53065a8?wid=1200&hei=1200&qlt=85 | https://target.scene7.com/is/image/Target/GUEST_c7dded25-b983-4f70-9a57-d6c780184487?wid=1200&hei=1200&qlt=85,High-quality vegan leather; Quilted flap; Gold-tone hardware; Measurements: 9.5 W x 6.3 H x 2.75 D; Shoulder strap extends to 25; Interior details: a wall zip pocket and one slip pocket; Exterior details: Back zip pocket; Fabric Lining; Flip lock fastening; This product is not affiliated with Michael Kors.,,TPU (Thermoplastic Polyurethane),"{""H"": ""6.3"", ""W"": ""9.5"", ""D"": ""2.75""}",6.3 inches (H) x 9.5 inches (W) x 2.75 inches (D),Structured,Zip Pocket,Zip Pocket,Zip Closure,Single handle,Faux Leather,Spot or Wipe Clean,imported,726667398938,,"{""Dimensions (Overall)"": ""6.3 inches (H) x 9.5 inches (W) x 2.75 inches (D)"", ""Shell Material"": ""TPU (Thermoplastic Polyurethane)"", ""Bag Structure"": ""Structured"", ""Interior Features"": ""Zip Pocket"", ""Exterior Features"": ""Zip Pocket"", ""Main Compartment Closure"": ""Zip Closure"", ""Handle Type"": ""Single handle"", ""Fabric Name"": ""Faux Leather"", ""Care & Cleaning"": ""Spot or Wipe Clean"", ""TCIN"": ""93179319"", ""UPC"": ""726667398938"", ""Origin"": ""imported""}",True,2026-02-23T00:36:36.440845
1001556461,MKF Collection Bruna Vegan Leather Women’s Tote Bag with Wallet by Mia K- Brown,https://www.target.com/p/mkf-collection-bruna-vegan-leather-women-s-tote-bag-with-wallet-by-mia-k/-/A-1001556461?preselect=1001556462#lnk=sametab,MKF Collection,"Target > Clothing, Shoes & Accessories > Accessories > Handbags & Purses > Shoulder Bags",Shoulder Bags,75.99,178.0,57.3,True,0.0,0,,False,brown,,https://target.scene7.com/is/image/Target/GUEST_93a936e5-a218-4d52-a672-f4f6de10837f?wid=1200&hei=1200&qlt=85 | https://target.scene7.com/is/image/Target/GUEST_c52b33f8-0a0e-490d-8d5e-e5f9a6ec3155?wid=1200&hei=1200&qlt=85 | https://target.scene7.com/is/image/Target/GUEST_375c6de4-379f-4a96-a7b1-11b6f31d4d71?wid=1200&hei=1200&qlt=85 | https://target.scene7.com/is/image/Target/GUEST_3c8cdc12-0dc4-451a-a8a2-e2731d1068d7?wid=1200&hei=1200&qlt=85 | https://target.scene7.com/is/image/Target/GUEST_0fb48ec6-84ef-42c1-9cf2-da2a9a937611?wid=1200&hei=1200&qlt=85 | https://target.scene7.com/is/image/Target/GUEST_53701b38-4be0-4463-8ba6-f4bdf6b89263?wid=1200&hei=1200&qlt=85 | https://target.scene7.com/is/image/Target/GUEST_cb6b8a0c-59f8-4be6-a907-f6b4f031692a?wid=1200&hei=1200&qlt=85 | https://target.scene7.com/is/image/Target/GUEST_5441a214-f8f3-436e-8346-be2eea5bc623?wid=1200&hei=1200&qlt=85 | https://target.scene7.com/is/image/Target/GUEST_07a3b8e8-a69c-40d7-99d6-9cc08f45485e?wid=1200&hei=1200&qlt=85 | https://target.scene7.com/is/image/Target/GUEST_4bbd2ef7-f6c5-457b-88f4-09c380a87417?wid=1200&hei=1200&qlt=85,"High-quality vegan leather; Gold-tone hardware; Measurements: 14” W x 5 H x 10” D; Handle drop: 6.5; Adjustable and Detachable crossbody strap: extends to 25; Wallet: 7.5 w x 4 H x 1 D; 1 center zip pocket, 12 card slots, 2 slip pocket, snap fastening; Dust Bag Included; This product is not affiliated with Michael Kors.",,TPU (Thermoplastic Polyurethane),"{""H"": ""5"", ""W"": ""14"", ""D"": ""10""}",5 inches (H) x 14 inches (W) x 10 inches (D),Unstructured,Multiple Compartments,Adjustable Strap,Zip Closure,Double Handle,Faux Leather,Spot or Wipe Clean,imported,726667402284,,"{""Dimensions (Overall)"": ""5 inches (H) x 14 inches (W) x 10 inches (D)"", ""Shell Material"": ""TPU (Thermoplastic Polyurethane)"", ""Bag Structure"": ""Unstructured"", ""Interior Features"": ""Multiple Compartments"", ""Exterior Features"": ""Adjustable Strap"", ""Main Compartment Closure"": ""Zip Closure"", ""Handle Type"": ""Double Handle"", ""Fabric Name"": ""Faux Leather"", ""Care & Cleaning"": ""Spot or Wipe Clean"", ""TCIN"": ""1001556462"", ""UPC"": ""726667402284"", ""Origin"": ""imported""}",True,2026-02-23T00:36:36.440845
93709400,"RTIC Outdoors Ultra-Tough Tote Bag - Ivory L: Double Shoulder Handles, Lightweight Design",https://www.target.com/p/rtic-outdoors-ultra-tough-large-tote-bag/-/A-93709400?preselect=93282030#lnk=sametab,RTIC Outdoors,"Target > Clothing, Shoes & Accessories > Accessories > Handbags & Purses > Totes",Totes,74.99,0.0,0.0,False,4.5,170,,False,Gray | Ivory | Pink | Sage Green,,https://target.scene7.com/is/image/Target/GUEST_e0b39ec6-ebe1-4224-8623-6ee4b2ab8413?wid=1200&hei=1200&qlt=85 | https://target.scene7.com/is/image/Target/GUEST_23ff1472-7a51-49e0-a1dd-34b7bb0a1a4e?wid=1200&hei=1200&qlt=85 | https://target.scene7.com/is/image/Target/GUEST_3dc639eb-381f-4d39-b73b-ad603c97e3bf?wid=1200&hei=1200&qlt=85 | https://target.scene7.com/is/image/Target/GUEST_26e8e65c-1f3d-4a9c-8605-2ed94aac379c?wid=1200&hei=1200&qlt=85 | https://target.scene7.com/is/image/Target/GUEST_ec8f67b0-0cfb-43ea-8ea9-82570be44a55?wid=1200&hei=1200&qlt=85 | https://target.scene7.com/is/image/Target/GUEST_a0ff1d82-b509-4ce1-9e95-63347e1820e5?wid=1200&hei=1200&qlt=85 | https://target.scene7.com/is/image/Target/GUEST_12917cfc-089d-4ff8-9889-2c20e6357f0e?wid=1200&hei=1200&qlt=85 | https://target.scene7.com/is/image/Target/baseswatch?wid=1200&hei=1200&qlt=85 | https://target.scene7.com/is/image/Target/GUEST_9d737b0c-023b-4b90-9803-5aac182f11c9?wid=1200&hei=1200&qlt=85,"Waterproof, Puncture-Resistant Material makes this bag extremely durable and easy to clean.; EVA Molded Bottom keeps your tote upright and water tight.; T-Latch Zipper is easy to grab and pull open or closed.; Zippered Interior and Exterior Pockets keep essentials safe and accessible.",,Nylon,"{""H"": ""15"", ""W"": ""23.5"", ""D"": ""18.5""}",15 Inches (H) x 23.5 Inches (W) x 18.5 Inches (D),"Structured, Lightweight",Zip Pocket,Zip Pocket,Buckle Closure,Double Shoulder Handles,Vinyl,Spot or Wipe Clean,Made in the USA or Imported,840008230449,069-04-9515,"{""Dimensions (Overall)"": ""15 Inches (H) x 23.5 Inches (W) x 18.5 Inches (D)"", ""Shell Material"": ""Nylon"", ""Bag Structure"": ""Structured, Lightweight"", ""Interior Features"": ""Zip Pocket"", ""Exterior Features"": ""Zip Pocket"", ""Main Compartment Closure"": ""Buckle Closure"", ""Handle Type"": ""Double Shoulder Handles"", ""Fabric Name"": ""Vinyl"", ""Care & Cleaning"": ""Spot or Wipe Clean"", ""TCIN"": ""93282030"", ""UPC"": ""840008230449"", ""Item Number (DPCI)"": ""069-04-9515"", ""Origin"": ""Made in the USA or Imported""}",True,2026-02-23T00:36:36.440845
94669897,Mini Zipfolio Floral - up&up™,https://www.target.com/p/mini-zipfolio-floral-up-38-up-8482/-/A-94669897#lnk=sametab,up&up,"Target > Clothing, Shoes & Accessories > Accessories > Handbags & Purses",Handbags & Purses,14.99,0.0,0.0,False,5.0,2,,False,,,https://target.scene7.com/is/image/Target/GUEST_bc090b7c-5e66-4b98-a3cc-9e8eb491ba92?wid=1200&hei=1200&qlt=85 | https://target.scene7.com/is/image/Target/GUEST_3436a060-b8b5-4626-9540-df122d27105f?wid=1200&hei=1200&qlt=85 | https://target.scene7.com/is/image/Target/GUEST_4166b7fc-fe02-40f7-a4d8-ae2c9e442b9f?wid=1200&hei=1200&qlt=85 | https://target.scene7.com/is/image/Target/GUEST_71ebe69f-a063-43c2-ac0c-9b0002efdbbf?wid=1200&hei=1200&qlt=85 | https://target.scene7.com/is/image/Target/GUEST_3e3d5a15-c698-4a0a-a8df-2963c120d95b?wid=1200&hei=1200&qlt=85,Mini zipfolio pouch; Floral design; Faux-leather and polyester construction; Zip closure main compartment; Interior side pockets,,"Leather, Polyester","{""H"": ""9.4"", ""W"": ""7.8"", ""D"": "".94""}",9.4 Inches (H) x 7.8 Inches (W) x .94 Inches (D),Pouch,Side Pockets,Pouch Pocket,Zip Closure,No Handles or Straps,Faux Leather,Clean With Water,Imported,843718077809,081-08-6869,"{""Dimensions (Overall)"": ""9.4 Inches (H) x 7.8 Inches (W) x .94 Inches (D)"", ""Shell Material"": ""Leather, Polyester"", ""Bag Structure"": ""Pouch"", ""Interior Features"": ""Side Pockets"", ""Exterior Features"": ""Pouch Pocket"", ""Main Compartment Closure"": ""Zip Closure"", ""Handle Type"": ""No Handles or Straps"", ""Fabric Name"": ""Faux Leather"", ""Care & Cleaning"": ""Clean With Water"", ""TCIN"": ""94669897"", ""UPC"": ""843718077809"", ""Item Number (DPCI)"": ""081-08-6869"", ""Origin"": ""Imported""}",True,2026-02-23T00:36:36.441344
94800765,Packable Zip Top Mesh Tote Handbag - Shade & Shore™ Brown,https://www.target.com/p/packable-zip-top-mesh-tote-handbag-shade-shore/-/A-94800765?preselect=94742389#lnk=sametab,Shade & Shore,"Target > Clothing, Shoes & Accessories > Accessories > Handbags & Purses > Beach Bags",Beach Bags,18.0,0.0,0.0,False,5.0,2,,False,Black | Brown,,https://target.scene7.com/is/image/Target/GUEST_39521f7f-2e9b-4be7-99f7-68707e050e45?wid=1200&hei=1200&qlt=85 | https://target.scene7.com/is/image/Target/GUEST_8d7e26b3-b83f-4de8-b7bf-e45f7b378c08?wid=1200&hei=1200&qlt=85 | https://target.scene7.com/is/image/Target/GUEST_93db350d-19b8-4e98-a976-6a79df8ab463?wid=1200&hei=1200&qlt=85 | https://target.scene7.com/is/image/Target/GUEST_7334fac5-12ea-47cc-8ac6-1a12289b5fb1?wid=1200&hei=1200&qlt=85 | https://target.scene7.com/is/image/Target/GUEST_fa2529d7-f297-4626-a4fc-cc07cbf6792d?wid=1200&hei=1200&qlt=85 | https://target.scene7.com/is/image/Target/baseswatch?wid=1200&hei=1200&qlt=85,Packable tote handbag; 100% recycled polyester mesh shell; Zippered main compartment; 2 exterior mesh pockets; Double shoulder handles; 12in H x 21.5in W x 12in D,,100% Recycled Polyester,"{""H"": ""12"", ""W"": ""21.5"", ""D"": ""12""}",12 Inches (H) x 21.5 Inches (W) x 12 Inches (D),Unstructured,No Compartments or Pockets,"Front Pocket, Mesh Pocket",Zip Closure,Double Shoulder Handles,Woven,Spot or Wipe Clean,Imported,199268659904,024-03-9212,"{""Dimensions (Overall)"": ""12 Inches (H) x 21.5 Inches (W) x 12 Inches (D)"", ""Shell Material"": ""100% Recycled Polyester"", ""Bag Structure"": ""Unstructured"", ""Interior Features"": ""No Compartments or Pockets"", ""Exterior Features"": ""Front Pocket, Mesh Pocket"", ""Main Compartment Closure"": ""Zip Closure"", ""Handle Type"": ""Double Shoulder Handles"", ""Fabric Name"": ""Woven"", ""Care & Cleaning"": ""Spot or Wipe Clean"", ""TCIN"": ""94742389"", ""UPC"": ""199268659904"", ""Item Number (DPCI)"": ""024-03-9212"", ""Origin"": ""Imported""}",True,2026-02-23T00:36:36.441344
94663444,Studio Artifact Lip Charm Keychain Accessory - Pearl,https://www.target.com/p/studio-artifact-lip-charm-keychain-accessory-pearl/-/A-94663444#lnk=sametab,Studio Artifact,"Target > Clothing, Shoes & Accessories > Accessories > Handbags & Purses",Handbags & Purses,6.0,0.0,0.0,False,4.2,84,,False,,,https://target.scene7.com/is/image/Target/GUEST_b582865e-877a-43f6-a063-f0f1f9aabad9?wid=1200&hei=1200&qlt=85 | https://target.scene7.com/is/image/Target/GUEST_3df2ef31-f04a-4655-9562-810fb4318ab6?wid=1200&hei=1200&qlt=85 | https://target.scene7.com/is/image/Target/GUEST_a2b35403-7de8-478c-99f6-273f5ca92efa?wid=1200&hei=1200&qlt=85 | https://target.scene7.com/is/image/Target/GUEST_8c9c5911-b8d5-404e-957e-44fd4e148132?wid=1200&hei=1200&qlt=85 | https://target.scene7.com/is/image/Target/GUEST_0a5ff5eb-a43f-4238-a4d7-b2c18e2c0784?wid=1200&hei=1200&qlt=85,"Easily attaches your favorite lip balm or gloss for on-the-go access; Includes an easy to use tool to punch a hole in the top of your lip product; Compatible with many popular lip product brands; Clips securely to keys, bags, or cosmetic pouches; A fun and functional gift for beauty lovers; Keeps lip essentials visible, handy, and stylish",,Zinc Alloy,{},,,,,,,,Do Not Wash,Imported,848645010059,037-08-9557,"{""Material"": ""Zinc Alloy"", ""Care & Cleaning"": ""Do Not Wash"", ""TCIN"": ""94663444"", ""UPC"": ""848645010059"", ""Item Number (DPCI)"": ""037-08-9557"", ""Origin"": ""Imported""}",True,2026-02-23T00:36:36.441344
1003321588,"Wrapables Carry Joy Corduroy Tote Bag, Casual Shoulder Handbag Cream",https://www.target.com/p/wrapables-carry-joy-corduroy-tote-bag-casual-shoulder-handbag/-/A-1003321588?preselect=1003321587#lnk=sametab,Wrapables,"Target > Clothing, Shoes & Accessories > Accessories > Handbags & Purses > Totes",Totes,14.99,0.0,0.0,False,5.0,6,,False,cream,,https://target.scene7.com/is/image/Target/GUEST_467626e2-7e8f-4f14-9e6b-5a95b4e65792?wid=1200&hei=1200&qlt=85 | https://target.scene7.com/is/image/Target/GUEST_433b1465-be35-4c97-b8d8-e9a6ad23feab?wid=1200&hei=1200&qlt=85 | https://target.scene7.com/is/image/Target/GUEST_148b1bfd-c252-4957-81ad-cb1d1b5ea86a?wid=1200&hei=1200&qlt=85 | https://target.scene7.com/is/image/Target/GUEST_cef76cb2-e406-45cd-b8d3-65d6b31862ea?wid=1200&hei=1200&qlt=85 | https://target.scene7.com/is/image/Target/GUEST_d9e9a24d-598a-4ad6-acb3-80004f381fd8?wid=1200&hei=1200&qlt=85 | https://target.scene7.com/is/image/Target/GUEST_1135cbcb-f460-43fc-a5ab-6c203be7aa06?wid=1200&hei=1200&qlt=85 | https://target.scene7.com/is/image/Target/GUEST_8e0b67a5-d8f4-4b48-82d2-ac7b5c6c0c25?wid=1200&hei=1200&qlt=85 | https://target.scene7.com/is/image/Target/GUEST_1eb37bc9-d68b-47dd-a2c1-6ec91892cebc?wid=1200&hei=1200&qlt=85 | https://target.scene7.com/is/image/Target/GUEST_d0c82d32-c094-4c90-905d-8baca32e864b?wid=1200&hei=1200&qlt=85 | https://target.scene7.com/is/image/Target/GUEST_a97aac27-94de-4045-b049-310ef5424abc?wid=1200&hei=1200&qlt=85,"A Shoulder Bag for Joy: Infuse joy into every moment of your day with our Carry Joy Corduroy Bags, whether you are heading to work, running errands, or going to a cozy café date with friends. Available in various colors that will go great with any outfit.; ""Features: Expandable side snaps on each side for if you want to carry more items. Snap closure. Made with durable corduroy that ensures long-lasting use that will never go out of style. ""; ""Pocket Count: 1 main compartment and 2 interior pockets. Spacious and large main compartment allows you to carry your wallet, books, magazines, notebooks, binders, tablets and small laptops. Interior pockets can hold your keys, phone, sunglasses, and cosmetics. ""; ""Dimensions: Approximately 11.5L x 4W x 13.5H inches. 12.5 inch handles. ""; Material: Made from soft and durable corduroy that makes the bag comfortable to carry. Polyester Interior.",,Polyester,"{""H"": ""13.5"", ""W"": ""11.5"", ""D"": ""4""}",13.5 inches (H) x 11.5 inches (W) x 4 inches (D),Lightweight,Side Pockets,No Compartments or Pockets,Magnetic Closure,Shoulder Strap,Corduroy,Do Not Wash,imported,810012367493,,"{""Dimensions (Overall)"": ""13.5 inches (H) x 11.5 inches (W) x 4 inches (D)"", ""Shell Material"": ""Polyester"", ""Bag Structure"": ""Lightweight"", ""Interior Features"": ""Side Pockets"", ""Exterior Features"": ""No Compartments or Pockets"", ""Main Compartment Closure"": ""Magnetic Closure"", ""Handle Type"": ""Shoulder Strap"", ""Fabric Name"": ""Corduroy"", ""Care & Cleaning"": ""Do Not Wash"", ""TCIN"": ""1003321587"", ""UPC"": ""810012367493"", ""Origin"": ""imported""}",True,2026-02-23T00:36:36.441344
93147614,MKF Collection Nora Luxury Croco-Embossed Satchel Bag and Wallet Set by Mia K,https://www.target.com/p/mkf-collection-nora-premium-croco-satchel-bag-by-mia-k/-/A-93147614?preselect=93147622#lnk=sametab,MKF Collection,"Target > Clothing, Shoes & Accessories > Accessories > Handbags & Purses > Satchels",Satchels,90.78,178.0,49.0,True,0.0,0,,False,light grey,,https://target.scene7.com/is/image/Target/GUEST_9cac805f-caba-46c1-a157-d77f6efd7755?wid=1200&hei=1200&qlt=85 | https://target.scene7.com/is/image/Target/GUEST_c52b33f8-0a0e-490d-8d5e-e5f9a6ec3155?wid=1200&hei=1200&qlt=85 | https://target.scene7.com/is/image/Target/GUEST_4ee910da-8b05-4550-9079-36da0f625009?wid=1200&hei=1200&qlt=85 | https://target.scene7.com/is/image/Target/GUEST_22fe84b8-ac80-463b-8559-476f7903f243?wid=1200&hei=1200&qlt=85 | https://target.scene7.com/is/image/Target/GUEST_7bf4f46f-92e7-4fc5-aa9e-7a2113f957a8?wid=1200&hei=1200&qlt=85 | https://target.scene7.com/is/image/Target/GUEST_0f06fef3-90e2-4f7c-9017-6a591d6e289f?wid=1200&hei=1200&qlt=85 | https://target.scene7.com/is/image/Target/baseswatch?wid=1200&hei=1200&qlt=85 | https://target.scene7.com/is/image/Target/GUEST_192c1004-ed5b-44fa-8070-0d0a2cb7ed5b?wid=1200&hei=1200&qlt=85 | https://target.scene7.com/is/image/Target/GUEST_ba42f44f-dcf4-48e1-85f9-e56a3dc7bd0d?wid=1200&hei=1200&qlt=85 | https://target.scene7.com/is/image/Target/GUEST_044dfb81-3bfb-4544-bc98-fc3a1d658d19?wid=1200&hei=1200&qlt=85,High-Quality; Crocodile Embossed; MEASUREMENTS: 15 in W x 10 in H x 5 in D; Handle Drop: 4; Adjustable shoulder straps extend to 33 in.; This product is not affiliated with Michael Kors.,,TPU (Thermoplastic Polyurethane),"{""H"": ""10"", ""W"": ""15"", ""D"": ""5""}",10 inches (H) x 15 inches (W) x 5 inches (D),Structured,Zip Pocket,Zip Pocket,Zip Closure,Adjustable Strap,Faux Leather,Spot or Wipe Clean,imported,726667378800,,"{""Dimensions (Overall)"": ""10 inches (H) x 15 inches (W) x 5 inches (D)"", ""Shell Material"": ""TPU (Thermoplastic Polyurethane)"", ""Bag Structure"": ""Structured"", ""Interior Features"": ""Zip Pocket"", ""Exterior Features"": ""Zip Pocket"", ""Main Compartment Closure"": ""Zip Closure"", ""Handle Type"": ""Adjustable Strap"", ""Fabric Name"": ""Faux Leather"", ""Care & Cleaning"": ""Spot or Wipe Clean"", ""TCIN"": ""93147622"", ""UPC"": ""726667378800"", ""Origin"": ""imported""}",True,2026-02-23T00:36:36.441344
92087844,"Buxton Women's Vegan Leather Triple Frame Coin Purse Wallet, Deep Blue",https://www.target.com/p/buxton-women-s-vegan-leather-triple-frame-coin-purse-wallet/-/A-92087844?preselect=92087848#lnk=sametab,Buxton,"Target > Clothing, Shoes & Accessories > Accessories > Wallets",Wallets,26.94,32.0,15.8,True,5.0,2,,False,deep blue,,https://target.scene7.com/is/image/Target/GUEST_fbc66938-3ede-49c6-be8d-2fa79502611f?wid=1200&hei=1200&qlt=85 | https://target.scene7.com/is/image/Target/GUEST_b13fb0dc-b5f4-4d96-a6c9-7623073c971e?wid=1200&hei=1200&qlt=85 | https://target.scene7.com/is/image/Target/GUEST_d2fd9bce-1c3d-45b3-8f24-83b753572977?wid=1200&hei=1200&qlt=85 | https://target.scene7.com/is/image/Target/GUEST_b42c230a-7314-4d21-91c1-4ac6c4e4cc7f?wid=1200&hei=1200&qlt=85 | https://target.scene7.com/is/image/Target/GUEST_eef346a0-0ea2-43d8-ae6e-3833e0ddefa7?wid=1200&hei=1200&qlt=85,"Measures 4.75 x 3.5 x 1 inch; RFID identity protection; Two interior compartments; Triple frame, kiss lock closure; Pebble grain texture",,Polyester,"{""H"": ""1.5"", ""W"": ""4.0"", ""D"": ""5.0""}",1.5 inches (H) x 4.0 inches (W) x 5.0 inches (D),Lightweight,Coin Purse,No Compartments or Pockets,Kiss Lock Clasp,,Woven,Spot or Wipe Clean,imported,628210185609,,"{""Dimensions (Overall)"": ""1.5 inches (H) x 4.0 inches (W) x 5.0 inches (D)"", ""Weight"": "".15 pounds"", ""Suggested Age"": ""Adult"", ""Shell Material"": ""Polyester"", ""Bag Structure"": ""Lightweight"", ""Interior Features"": ""Coin Purse"", ""Exterior Features"": ""No Compartments or Pockets"", ""Main Compartment Closure"": ""Kiss Lock Clasp"", ""Fabric Name"": ""Woven"", ""Care & Cleaning"": ""Spot or Wipe Clean"", ""TCIN"": ""92087848"", ""UPC"": ""628210185609"", ""Origin"": ""imported""}",True,2026-02-23T00:36:36.441344
94175097,Bogg Bag Original Bogg Tote Bag - Seas the Day: Hardside Vinyl Shoulder Bag with Removable Pouch,https://www.target.com/p/bogg-bag-tote-bag/-/A-94175097?preselect=93526152#lnk=sametab,Bogg Bag,"Target > Clothing, Shoes & Accessories > Accessories > Handbags & Purses > Totes",Totes,67.5,90.0,25.0,True,4.6,1379,,False,"Beach Hydrangea | For Shore White  - Out of Stock, out of stock | French Blue | French Oak | Honeysuckle  - Out of Stock, out of stock | Marine Glow  - Out of Stock, out of stock | Peach Daiquiri  - Out of Stock, out of stock | Salt Water Taffy  - Out of Stock, out of stock | Seas the Day  - Out of Stock",,https://target.scene7.com/is/image/Target/GUEST_4f737674-498b-42d3-b58c-3eb5b4909327?wid=1200&hei=1200&qlt=85 | https://target.scene7.com/is/image/Target/GUEST_fcbf8d58-9529-4acd-b624-00e09ded4fe0?wid=1200&hei=1200&qlt=85 | https://target.scene7.com/is/image/Target/GUEST_b873d282-3024-4fdf-b5e6-cea17009c673?wid=1200&hei=1200&qlt=85 | https://target.scene7.com/is/image/Target/GUEST_3b09514f-7a39-43ed-90da-3adadb4bac55?wid=1200&hei=1200&qlt=85 | https://target.scene7.com/is/image/Target/GUEST_c52e9db6-0f35-470b-b8e6-2d1c00ac8c5a?wid=1200&hei=1200&qlt=85 | https://target.scene7.com/is/image/Target/GUEST_84a7a755-5b2e-4be3-9295-bb2947db80e3?wid=1200&hei=1200&qlt=85 | https://target.scene7.com/is/image/Target/GUEST_3a777d6e-44ca-4219-b349-8542ba0fd74b?wid=1200&hei=1200&qlt=85 | https://target.scene7.com/is/image/Target/GUEST_6dba941f-9b02-40a5-95d3-e22acdc5cb6b?wid=1200&hei=1200&qlt=85 | https://target.scene7.com/is/image/Target/GUEST_fad8af04-4af6-48a8-9682-0b9ba65a2378?wid=1200&hei=1200&qlt=85 | https://target.scene7.com/is/image/Target/GUEST_954982e5-25a6-46ee-943b-bd72a274788d?wid=1200&hei=1200&qlt=85,"Large tote for all your adventures; Features a durable, washable, tip-proof, sturdy design to give you peace of mind; 2 clear insert bags, 1 large and 1 small, that snap directly into any hole in the main bag for holding smaller personal items; Full bag measures 18.5” x 14” x 9”; Large insert bag measures 9.5” x 11.25” x .25” flat and can open to accommodate 2.5”; Small insert bag measures 5” x 7” x .25” flat and can open to accommodate 1.5”",,Plastic,"{""H"": ""14"", ""W"": ""18.5"", ""D"": ""9"", ""Maximum Strap Length"": ""9 Inches""}",14 Inches (H) x 18.5 Inches (W) x 9 Inches (D),Hardside,Removable Pouch,No Compartments or Pockets,"Open, No Closure",Double Shoulder Handles,Vinyl,"Clean With Water, Rinse Clean, Hand Wash, Spot or Wipe Clean, Wash With Soap and Water",Imported,810159596381,337-04-2505,"{""Dimensions (Overall)"": ""14 Inches (H) x 18.5 Inches (W) x 9 Inches (D)"", ""Shell Material"": ""Plastic"", ""Bag Structure"": ""Hardside"", ""Interior Features"": ""Removable Pouch"", ""Exterior Features"": ""No Compartments or Pockets"", ""Main Compartment Closure"": ""Open, No Closure"", ""Handle Type"": ""Double Shoulder Handles"", ""Fabric Name"": ""Vinyl"", ""Decorative Accents"": ""Removable Pouch"", ""Maximum Strap Length"": ""9 Inches"", ""Care & Cleaning"": ""Clean With Water, Rinse Clean, Hand Wash, Spot or Wipe Clean, Wash With Soap and Water"", ""TCIN"": ""93526152"", ""UPC"": ""810159596381"", ""Item Number (DPCI)"": ""337-04-2505"", ""Origin"": ""Imported""}",True,2026-02-23T00:36:36.441344
94832341,Western Soft Saddle Crossbody Bag Purse - Universal Thread™ Brown,https://www.target.com/p/western-soft-saddle-crossbody-bag-purse-universal-thread-8482-brown/-/A-94832341#lnk=sametab,Universal Thread,"Target > Clothing, Shoes & Accessories > Accessories > Handbags & Purses > Crossbody & Messenger Bags",Crossbody & Messenger Bags,30.0,0.0,0.0,False,5.0,1,,False,,,https://target.scene7.com/is/image/Target/GUEST_073cd41e-5e4e-41d8-baa7-da242fc2eff7?wid=1200&hei=1200&qlt=85 | https://target.scene7.com/is/image/Target/GUEST_f7dc5c8b-b850-45ef-ba9c-1c823291822c?wid=1200&hei=1200&qlt=85 | https://target.scene7.com/is/image/Target/GUEST_181a5c79-7858-4bad-a2f6-086e03d5a103?wid=1200&hei=1200&qlt=85 | https://target.scene7.com/is/image/Target/GUEST_66e62ccc-f805-4fbd-8cc9-29f173652db8?wid=1200&hei=1200&qlt=85 | https://target.scene7.com/is/image/Target/GUEST_3cd8d4e3-4b4b-48bc-886e-e1121eee82ab?wid=1200&hei=1200&qlt=85,,,Polyurethane,"{""H"": ""7.5"", ""W"": ""9"", ""D"": ""2.75"", ""Maximum Strap Length"": ""20 Inches""}",7.5 Inches (H) x 9 Inches (W) x 2.75 Inches (D),Lightweight,Zip Pocket,Adjustable Strap,Snap closure,Adjustable Strap,Faux Leather,Spot or Wipe Clean,Imported,199592254691,024-00-1943,"{""Dimensions (Overall)"": ""7.5 Inches (H) x 9 Inches (W) x 2.75 Inches (D)"", ""Shell Material"": ""Polyurethane"", ""Bag Structure"": ""Lightweight"", ""Interior Features"": ""Zip Pocket"", ""Exterior Features"": ""Adjustable Strap"", ""Main Compartment Closure"": ""Snap closure"", ""Handle Type"": ""Adjustable Strap"", ""Fabric Name"": ""Faux Leather"", ""Maximum Strap Length"": ""20 Inches"", ""Care & Cleaning"": ""Spot or Wipe Clean"", ""TCIN"": ""94832341"", ""UPC"": ""199592254691"", ""Item Number (DPCI)"": ""024-00-1943"", ""Origin"": ""Imported""}",True,2026-02-23T00:36:36.441344
1003312035,Vera Bradley Women's Outlet Cotton Glenna Satchel Purse A Cat's Life,https://www.target.com/p/vera-bradley-women-s-outlet-cotton-glenna-bag/-/A-1003312035?preselect=1006165032#lnk=sametab,Vera Bradley,"Target > Clothing, Shoes & Accessories > Accessories > Handbags & Purses > Satchels",Satchels,59.99,115.0,47.8,True,4.6,82,,False,a cat's life,,https://target.scene7.com/is/image/Target/GUEST_681d7794-7312-4317-8a3f-f7658cd5c327?wid=1200&hei=1200&qlt=85 | https://target.scene7.com/is/image/Target/GUEST_d2e60f20-bebf-43e1-b4d3-fd7b14b4d7b9?wid=1200&hei=1200&qlt=85 | https://target.scene7.com/is/image/Target/GUEST_3320eed5-218d-494c-a269-c75da878a2bc?wid=1200&hei=1200&qlt=85,"Exterior has two slip pockets; Shop Vera Bradley for thoughtfully designed bags and accessories.; Vera Bradley is the destination for stylish bags, from everyday carries to travel to special occasions.",,Cotton,"{""H"": ""12.25"", ""W"": ""10.75"", ""D"": ""8.0"", ""Maximum Strap Length"": ""10.75 inches""}",12.25 inches (H) x 10.75 inches (W) x 8.0 inches (D),Softside,Zip Pocket,Front Pocket,Zip Closure,Double Handle,Oxford,Care Instructions Not Provided,imported,886003949825,,"{""Dimensions (Overall)"": ""12.25 inches (H) x 10.75 inches (W) x 8.0 inches (D)"", ""Shell Material"": ""Cotton"", ""Bag Structure"": ""Softside"", ""Interior Features"": ""Zip Pocket"", ""Exterior Features"": ""Front Pocket"", ""Main Compartment Closure"": ""Zip Closure"", ""Handle Type"": ""Double Handle"", ""Fabric Name"": ""Oxford"", ""Fits Laptop"": ""No Laptop Pocket"", ""Maximum Strap Length"": ""10.75 inches"", ""Battery"": ""No Battery Used"", ""Care & Cleaning"": ""Care Instructions Not Provided"", ""TCIN"": ""1006165032"", ""UPC"": ""886003949825"", ""Origin"": ""imported""}",True,2026-02-23T00:36:36.441344
94627988,Canvas Re-Usable Bag - Good & Gather™,https://www.target.com/p/canvas-re-usable-bag-good-38-gather-8482/-/A-94627988#lnk=sametab,Good & Gather,"Target > Clothing, Shoes & Accessories > Accessories > Handbags & Purses",Handbags & Purses,3.99,0.0,0.0,False,4.8,53,,False,,,https://target.scene7.com/is/image/Target/GUEST_b0a49cad-731d-4bc6-bde0-16d2d30405ee?wid=1200&hei=1200&qlt=85 | https://target.scene7.com/is/image/Target/GUEST_55deb7cd-a298-4b57-ab06-6f29defd132d?wid=1200&hei=1200&qlt=85 | https://target.scene7.com/is/image/Target/GUEST_cc7140c1-7b96-4eae-ba58-fb40e6c1ec4a?wid=1200&hei=1200&qlt=85 | https://target.scene7.com/is/image/Target/GUEST_c48ed781-81bc-4922-a206-d2fb3992ebe6?wid=1200&hei=1200&qlt=85,,,Cotton,"{""H"": ""13.5"", ""W"": ""17.5"", ""D"": ""6""}",13.5 Inches (H) x 17.5 Inches (W) x 6 Inches (D),"Lightweight, Collapsible",Accessories Pocket,Front Pocket,"Open, No Closure",Shoulder Strap,Canvas,Spot or Wipe Clean,Imported,198420648534,286-05-0006,"{""Dimensions (Overall)"": ""13.5 Inches (H) x 17.5 Inches (W) x 6 Inches (D)"", ""Shell Material"": ""Cotton"", ""Bag Structure"": ""Lightweight, Collapsible"", ""Interior Features"": ""Accessories Pocket"", ""Exterior Features"": ""Front Pocket"", ""Main Compartment Closure"": ""Open, No Closure"", ""Handle Type"": ""Shoulder Strap"", ""Fabric Name"": ""Canvas"", ""Care & Cleaning"": ""Spot or Wipe Clean"", ""TCIN"": ""94627988"", ""UPC"": ""198420648534"", ""Item Number (DPCI)"": ""286-05-0006"", ""Origin"": ""Imported""}",True,2026-02-23T00:36:36.441344
94894923,Western Faux Suede Fringe Shoulder Bag Purse - Universal Thread™ Brown,https://www.target.com/p/western-faux-suede-fringe-shoulder-bag-purse-universal-thread/-/A-94894923?preselect=94832340#lnk=sametab,Universal Thread,"Target > Clothing, Shoes & Accessories > Accessories > Handbags & Purses > Shoulder Bags",Shoulder Bags,35.0,0.0,0.0,False,3.7,6,,False,Brown | Green | Pink,,https://target.scene7.com/is/image/Target/GUEST_039226b7-b600-4848-8407-b1fd316b5e7f?wid=1200&hei=1200&qlt=85 | https://target.scene7.com/is/image/Target/GUEST_318a8c5d-73fd-43c6-a27b-f97d6c008575?wid=1200&hei=1200&qlt=85 | https://target.scene7.com/is/image/Target/GUEST_c0567afe-c678-45b5-953f-870d31f45699?wid=1200&hei=1200&qlt=85 | https://target.scene7.com/is/image/Target/GUEST_5c3d66b6-17b7-4073-aa4e-984da6def601?wid=1200&hei=1200&qlt=85 | https://target.scene7.com/is/image/Target/GUEST_bd98bddb-b543-4c00-8449-7a31c8caa411?wid=1200&hei=1200&qlt=85 | https://target.scene7.com/is/image/Target/baseswatch?wid=1200&hei=1200&qlt=85 | https://target.scene7.com/is/image/Target/GUEST_a6b73b8c-7613-43ee-86d0-b3bcb5a8785d?wid=1200&hei=1200&qlt=85,,,Polyester,"{""H"": ""4.75"", ""W"": ""8.25"", ""D"": ""2.5"", ""Maximum Strap Length"": ""11 Inches""}",4.75 Inches (H) x 8.25 Inches (W) x 2.5 Inches (D),Softside,Zip Pocket,Adjustable Strap,Zip Closure,Shoulder Strap,Faux Suede,Spot or Wipe Clean,Imported,199592254721,024-00-5036,"{""Dimensions (Overall)"": ""4.75 Inches (H) x 8.25 Inches (W) x 2.5 Inches (D)"", ""Shell Material"": ""Polyester"", ""Bag Structure"": ""Softside"", ""Interior Features"": ""Zip Pocket"", ""Exterior Features"": ""Adjustable Strap"", ""Main Compartment Closure"": ""Zip Closure"", ""Handle Type"": ""Shoulder Strap"", ""Fabric Name"": ""Faux Suede"", ""Maximum Strap Length"": ""11 Inches"", ""Care & Cleaning"": ""Spot or Wipe Clean"", ""TCIN"": ""94832340"", ""UPC"": ""199592254721"", ""Item Number (DPCI)"": ""024-00-5036"", ""Origin"": ""Imported""}",True,2026-02-23T00:36:36.441344
94894924,Western Faux Suede with Tassel Shoulder Bag Purse - Universal Thread™ Tan,https://www.target.com/p/western-faux-suede-with-tassel-shoulder-bag-purse-universal-thread/-/A-94894924?preselect=94832338#lnk=sametab,Universal Thread,"Target > Clothing, Shoes & Accessories > Accessories > Handbags & Purses > Shoulder Bags",Shoulder Bags,40.0,0.0,0.0,False,5.0,1,,False,Brown | Tan,,https://target.scene7.com/is/image/Target/GUEST_e48ca886-f959-458c-946a-9270218020b8?wid=1200&hei=1200&qlt=85 | https://target.scene7.com/is/image/Target/GUEST_e8fce393-06c2-4a07-9be5-5561d69d0d10?wid=1200&hei=1200&qlt=85 | https://target.scene7.com/is/image/Target/GUEST_9d20b834-4db6-485d-8d1b-a93b797b0c46?wid=1200&hei=1200&qlt=85 | https://target.scene7.com/is/image/Target/GUEST_ed280cab-afe9-45b6-9e58-dfac3e468c3b?wid=1200&hei=1200&qlt=85 | https://target.scene7.com/is/image/Target/GUEST_4d678ccc-11e3-47b2-9136-2f708bcd9538?wid=1200&hei=1200&qlt=85 | https://target.scene7.com/is/image/Target/GUEST_f373f1a0-f0da-4367-aa2f-d4e5301e5f50?wid=1200&hei=1200&qlt=85,,,Polyester,"{""H"": ""16"", ""W"": ""16.25"", ""D"": ""2"", ""Maximum Strap Length"": ""12 Inches""}",16 Inches (H) x 16.25 Inches (W) x 2 Inches (D),Lightweight,Zip Pocket,No Compartments or Pockets,Button Closure,Shoulder Strap,Faux Suede,Spot or Wipe Clean,Imported,199592254714,024-00-0516,"{""Dimensions (Overall)"": ""16 Inches (H) x 16.25 Inches (W) x 2 Inches (D)"", ""Shell Material"": ""Polyester"", ""Bag Structure"": ""Lightweight"", ""Interior Features"": ""Zip Pocket"", ""Exterior Features"": ""No Compartments or Pockets"", ""Main Compartment Closure"": ""Button Closure"", ""Handle Type"": ""Shoulder Strap"", ""Fabric Name"": ""Faux Suede"", ""Maximum Strap Length"": ""12 Inches"", ""Care & Cleaning"": ""Spot or Wipe Clean"", ""TCIN"": ""94832338"", ""UPC"": ""199592254714"", ""Item Number (DPCI)"": ""024-00-0516"", ""Origin"": ""Imported""}",True,2026-02-23T00:36:36.441344
94778647,Valentine's Day Heart & Cake Bag Charm - A New Day™ Red,https://www.target.com/p/valentine-39-s-day-heart-38-cake-bag-charm-a-new-day-8482/-/A-94778647#lnk=sametab,A New Day,"Target > Clothing, Shoes & Accessories > Accessories > Handbags & Purses > Bag Charms & Straps",Bag Charms & Straps,8.5,10.0,15.0,True,3.6,10,,False,,,https://target.scene7.com/is/image/Target/GUEST_c51a9dbb-12e6-4cc2-b8a4-b3162e75b35e?wid=1200&hei=1200&qlt=85 | https://target.scene7.com/is/image/Target/GUEST_1bf15c2e-b52b-4328-8240-e04bbcc3d672?wid=1200&hei=1200&qlt=85,Valentine's day heart & cake charm; Made of metal; Lobster claw clasp closure; 5.22in L x 3.61in W; Suitable for ages 15+,,Zinc Alloy,"{""L"": ""5.22"", ""W"": ""3.61""}","5.22 Inches (L), 3.61 Inches (W)",,,,Lobster Claw Clasp,,,Care Instructions Not Provided,Imported,199592133439,024-06-8338,"{""Dimensions (Overall)"": ""5.22 Inches (L), 3.61 Inches (W)"", ""Closure Type"": ""Lobster Claw Clasp"", ""Suggested Age"": ""15 Years and Up"", ""Package Quantity"": ""1"", ""Material"": ""Zinc Alloy"", ""Care & Cleaning"": ""Care Instructions Not Provided"", ""TCIN"": ""94778647"", ""UPC"": ""199592133439"", ""Item Number (DPCI)"": ""024-06-8338"", ""Origin"": ""Imported""}",True,2026-02-23T00:36:36.441344
93216632,"MKF Collection Essie Women’s Crossbody Bag – Designer Vegan Leather Messenger Handbag, Hands Free Shoulder Purse by Mia K",https://www.target.com/p/mkf-collection-essie-crossbody-bag-by-mia-k/-/A-93216632?preselect=93216631#lnk=sametab,MKF Collection,"Target > Clothing, Shoes & Accessories > Accessories > Handbags & Purses > Crossbody & Messenger Bags",Crossbody & Messenger Bags,34.99,88.0,60.2,True,3.0,1,,False,black,,https://target.scene7.com/is/image/Target/GUEST_9b454414-816c-49d0-8df7-de3ef1a5eea8?wid=1200&hei=1200&qlt=85 | https://target.scene7.com/is/image/Target/GUEST_c52b33f8-0a0e-490d-8d5e-e5f9a6ec3155?wid=1200&hei=1200&qlt=85 | https://target.scene7.com/is/image/Target/GUEST_708bfe25-3cd0-4ea2-8f50-58c4638bb721?wid=1200&hei=1200&qlt=85 | https://target.scene7.com/is/image/Target/GUEST_3f026b82-3618-47e2-9f01-77a593333659?wid=1200&hei=1200&qlt=85 | https://target.scene7.com/is/image/Target/GUEST_ecfec8bd-d328-4690-bbbf-e48be75eed88?wid=1200&hei=1200&qlt=85 | https://target.scene7.com/is/image/Target/GUEST_844ea0c8-b782-4e7f-b8f0-0b917d9d589f?wid=1200&hei=1200&qlt=85 | https://target.scene7.com/is/image/Target/GUEST_100f17a6-969f-4240-8067-3ad9550fd5a6?wid=1200&hei=1200&qlt=85 | https://target.scene7.com/is/image/Target/GUEST_f734d04c-f1d7-4588-8f8b-aa53b5ca3819?wid=1200&hei=1200&qlt=85 | https://target.scene7.com/is/image/Target/GUEST_35535e76-e45b-4f83-91d1-ca2a22928916?wid=1200&hei=1200&qlt=85 | https://target.scene7.com/is/image/Target/GUEST_c8852b57-3e56-4195-99e4-46d1f0f43bf0?wid=1200&hei=1200&qlt=85,"MKF Collection is an independent brand and is not affiliated with Michael Kors in any way.; Premium Material: Soft, high-quality pebbled vegan leather with gold-tone hardware; Organized Interior: Wall zip pocket for small essentials; Exterior Convenience: Front slip pocket and decorative zippered pocket; Comfortable Carry: Adjustable strap, 21.65”–24.8”, perfect for hands-free wear; Bag Dimensions: 9.8” L x 6.3” H x 2.75” D; Fabric Lining: Fully lined for durability and easy cleaning; Secure Closure: Top zipper keeps belongings protected; Signature Style: Plate emblem with gold-press studs adds a polished, modern touch; Perfect gift for birthdays, holidays, or any occasion",,TPU (Thermoplastic Polyurethane),"{""H"": ""6.3"", ""W"": ""9.8"", ""D"": ""2.75""}",6.3 inches (H) x 9.8 inches (W) x 2.75 inches (D),Structured,Zip Pocket,Zip Pocket,Zip Closure,Shoulder Strap,Faux Leather,Spot or Wipe Clean,imported,748926266062,,"{""Dimensions (Overall)"": ""6.3 inches (H) x 9.8 inches (W) x 2.75 inches (D)"", ""Shell Material"": ""TPU (Thermoplastic Polyurethane)"", ""Bag Structure"": ""Structured"", ""Interior Features"": ""Zip Pocket"", ""Exterior Features"": ""Zip Pocket"", ""Main Compartment Closure"": ""Zip Closure"", ""Handle Type"": ""Shoulder Strap"", ""Fabric Name"": ""Faux Leather"", ""Care & Cleaning"": ""Spot or Wipe Clean"", ""TCIN"": ""93216631"", ""UPC"": ""748926266062"", ""Origin"": ""imported""}",True,2026-02-23T00:36:36.441344
93966960,MKF Collection Geneva Vegan Leather Women’s Handbag Shoulder Purse Bag by Mia K,https://www.target.com/p/mkf-collection-geneva-vegan-leather-women-s-handbag-shoulder-bag-stylish-purse-by-mia-k/-/A-93966960?preselect=93966959#lnk=sametab,MKF Collection,"Target > Clothing, Shoes & Accessories > Accessories > Handbags & Purses > Shoulder Bags",Shoulder Bags,60.0,158.0,62.0,True,2.7,3,,False,black,,https://target.scene7.com/is/image/Target/GUEST_d11b0734-dc51-4bb9-9e8d-c16e1d5658a2?wid=1200&hei=1200&qlt=85 | https://target.scene7.com/is/image/Target/GUEST_c52b33f8-0a0e-490d-8d5e-e5f9a6ec3155?wid=1200&hei=1200&qlt=85 | https://target.scene7.com/is/image/Target/GUEST_ca59f68b-16a7-4873-b6e0-cf0a36f72d61?wid=1200&hei=1200&qlt=85 | https://target.scene7.com/is/image/Target/GUEST_6f63f66d-da5d-4f2c-9959-64ae7ffa74f4?wid=1200&hei=1200&qlt=85 | https://target.scene7.com/is/image/Target/GUEST_64b53297-8e65-486b-b252-a5ac56db620d?wid=1200&hei=1200&qlt=85 | https://target.scene7.com/is/image/Target/GUEST_b997f2a1-375d-4eaf-aed4-fc6830c7c0e4?wid=1200&hei=1200&qlt=85 | https://target.scene7.com/is/image/Target/baseswatch?wid=1200&hei=1200&qlt=85 | https://target.scene7.com/is/image/Target/GUEST_d838502a-c7ac-4e8f-8e9f-d5bbb983e810?wid=1200&hei=1200&qlt=85 | https://target.scene7.com/is/image/Target/GUEST_38384b62-c4c1-4b10-a870-2b7030c88359?wid=1200&hei=1200&qlt=85 | https://target.scene7.com/is/image/Target/GUEST_658195db-156e-4a02-9303-5b2c10ac8ba7?wid=1200&hei=1200&qlt=85,"High-quality vegan leather; Gold-tone hardware; Removable Keychain Accent; Measurements: 11.8 W x 11.8 H x 5 D; Handle Drop: 10.25; Adjustable and Removable strap: Extends to 26; Exterior details: 2 exterior slip pockets, 1 zipper pocket; Interior details: Interior features a wall zip pocket, two slip pockets; This product is not affiliated with Michael Kors",,TPU (Thermoplastic Polyurethane),"{""H"": ""11.8"", ""W"": ""11.8"", ""D"": ""5""}",11.8 inches (H) x 11.8 inches (W) x 5 inches (D),Structured,Multiple Compartments,Back Pocket,Zip Closure,Removable Strap,Faux Leather,Spot or Wipe Clean,imported,748926307147,,"{""Dimensions (Overall)"": ""11.8 inches (H) x 11.8 inches (W) x 5 inches (D)"", ""Shell Material"": ""TPU (Thermoplastic Polyurethane)"", ""Bag Structure"": ""Structured"", ""Interior Features"": ""Multiple Compartments"", ""Exterior Features"": ""Back Pocket"", ""Main Compartment Closure"": ""Zip Closure"", ""Handle Type"": ""Removable Strap"", ""Fabric Name"": ""Faux Leather"", ""Care & Cleaning"": ""Spot or Wipe Clean"", ""TCIN"": ""93966959"", ""UPC"": ""748926307147"", ""Origin"": ""imported""}",True,2026-02-23T00:36:36.441344
1002454120,MKF Collection Angelina Crossbody Shoulder Women's Handbag Vegan Leather Purse by Mia K- Light Blue,https://www.target.com/p/mkf-collection-angelina-crossbody-shoulder-women-s-handbag-vegan-leather-purse-by-mia-k/-/A-1002454120?preselect=1002454123#lnk=sametab,MKF Collection,"Target > Clothing, Shoes & Accessories > Accessories > Handbags & Purses > Crossbody & Messenger Bags",Crossbody & Messenger Bags,60.5,118.0,48.7,True,3.2,7,,False,light blue,,https://target.scene7.com/is/image/Target/GUEST_06b7db12-a473-4fc1-9750-5ea020caaa4d?wid=1200&hei=1200&qlt=85 | https://target.scene7.com/is/image/Target/GUEST_c52b33f8-0a0e-490d-8d5e-e5f9a6ec3155?wid=1200&hei=1200&qlt=85 | https://target.scene7.com/is/image/Target/GUEST_8b5a1128-49c0-4f09-9ef5-1a15ecb15c16?wid=1200&hei=1200&qlt=85 | https://target.scene7.com/is/image/Target/GUEST_963712d2-87fa-4cd8-b2cb-33b49231f0eb?wid=1200&hei=1200&qlt=85 | https://target.scene7.com/is/image/Target/GUEST_8ecd8bc4-97fa-42fe-9445-cf1885849b6c?wid=1200&hei=1200&qlt=85 | https://target.scene7.com/is/image/Target/GUEST_15db8302-c220-46ec-a0db-058f4eb0b54e?wid=1200&hei=1200&qlt=85 | https://target.scene7.com/is/image/Target/GUEST_f5ec95e6-6aab-4743-9fd7-7024eb7d849e?wid=1200&hei=1200&qlt=85 | https://target.scene7.com/is/image/Target/GUEST_92cab5dd-6e5f-416f-80d6-52d9718fd96e?wid=1200&hei=1200&qlt=85 | https://target.scene7.com/is/image/Target/GUEST_96eb4461-7987-4ec6-b4eb-7209f406d448?wid=1200&hei=1200&qlt=85 | https://target.scene7.com/is/image/Target/GUEST_2180aaf6-793d-43dd-9310-d86ac25e9f43?wid=1200&hei=1200&qlt=85,Measurements: 8.5 in W x 9 in H x 1.8 in D; The interior features a wall zip pocket and two slip pockets; The exterior features a back zippered pocket and two front zippered pockets; High-quality faux leather; Gold-tone hardware; Zipper fastening; Removable and Adjustable strap: Extends to 24”; This product is not affiliated with Michael Kors.,,TPU (Thermoplastic Polyurethane),"{""H"": ""10.3"", ""W"": ""17.5"", ""D"": ""5""}",10.3 inches (H) x 17.5 inches (W) x 5 inches (D),Structured,Accessories Pocket,Back Pocket,Zip Closure,Adjustable Strap,Faux Leather,Spot or Wipe Clean,imported,720167664302,,"{""Dimensions (Overall)"": ""10.3 inches (H) x 17.5 inches (W) x 5 inches (D)"", ""Shell Material"": ""TPU (Thermoplastic Polyurethane)"", ""Bag Structure"": ""Structured"", ""Interior Features"": ""Accessories Pocket"", ""Exterior Features"": ""Back Pocket"", ""Main Compartment Closure"": ""Zip Closure"", ""Handle Type"": ""Adjustable Strap"", ""Fabric Name"": ""Faux Leather"", ""Care & Cleaning"": ""Spot or Wipe Clean"", ""TCIN"": ""1002454123"", ""UPC"": ""720167664302"", ""Origin"": ""imported""}",True,2026-02-23T00:36:36.441344
1004521307,Vera Bradley Women's Outlet Ultralight Glenna Satchel Purse Deep Lichen Green,https://www.target.com/p/vera-bradley-women-s-outlet-ultralight-glenna-satchel/-/A-1004521307?preselect=1008962588#lnk=sametab,Vera Bradley,"Target > Clothing, Shoes & Accessories > Accessories > Handbags & Purses > Satchels",Satchels,59.99,135.0,55.6,True,4.5,30,,False,deep lichen green,,https://target.scene7.com/is/image/Target/GUEST_cac9869e-a0b2-4113-ba9e-f166ee1c92af?wid=1200&hei=1200&qlt=85 | https://target.scene7.com/is/image/Target/GUEST_ae0dded9-3bfa-4abb-823a-a5c7be3d4482?wid=1200&hei=1200&qlt=85,10.75 inches (W) x 12.25 inches (H) x 8 inches (D); Exterior has two slip pockets; Interior has two slips and a zip pocket; Zip closure.,,Polyester,"{""H"": ""12.25"", ""W"": ""10.75"", ""D"": ""8.0"", ""Maximum Strap Length"": ""10.75 inches""}",12.25 inches (H) x 10.75 inches (W) x 8.0 inches (D),Softside,Zip Pocket,Slip Pocket,Zip Closure,Double Handle,Woven,Care Instructions Not Provided,imported,886003893517,,"{""Dimensions (Overall)"": ""12.25 inches (H) x 10.75 inches (W) x 8.0 inches (D)"", ""Shell Material"": ""Polyester"", ""Bag Structure"": ""Softside"", ""Interior Features"": ""Zip Pocket"", ""Exterior Features"": ""Slip Pocket"", ""Main Compartment Closure"": ""Zip Closure"", ""Handle Type"": ""Double Handle"", ""Fabric Name"": ""Woven"", ""Fits Laptop"": ""No Laptop Pocket"", ""Maximum Strap Length"": ""10.75 inches"", ""Battery"": ""No Battery Used"", ""Care & Cleaning"": ""Care Instructions Not Provided"", ""TCIN"": ""1008962588"", ""UPC"": ""886003893517"", ""Origin"": ""imported""}",True,2026-02-23T00:36:36.441344
93147703,MKF Collection Havana Women’s Phone Crossbody Bag by Mia K -Black,https://www.target.com/p/mkf-collection-havana-women-s-phone-crossbody-bag-by-mia-k/-/A-93147703?preselect=93147702#lnk=sametab,MKF Collection,"Target > Clothing, Shoes & Accessories > Accessories > Handbags & Purses > Crossbody & Messenger Bags",Crossbody & Messenger Bags,29.0,68.0,57.4,True,3.3,4,,False,black,,https://target.scene7.com/is/image/Target/GUEST_fb67ed52-fcb0-4bc0-ba17-b38d5eb1db55?wid=1200&hei=1200&qlt=85 | https://target.scene7.com/is/image/Target/GUEST_c52b33f8-0a0e-490d-8d5e-e5f9a6ec3155?wid=1200&hei=1200&qlt=85 | https://target.scene7.com/is/image/Target/GUEST_cdc08607-4132-4ce6-a3bc-137dbafce364?wid=1200&hei=1200&qlt=85 | https://target.scene7.com/is/image/Target/GUEST_c20275d8-4d0a-4057-a24c-6909383ed686?wid=1200&hei=1200&qlt=85 | https://target.scene7.com/is/image/Target/GUEST_08858497-f223-4809-8042-26b975209078?wid=1200&hei=1200&qlt=85 | https://target.scene7.com/is/image/Target/GUEST_38051af5-f9f1-4521-9c47-b96436581df2?wid=1200&hei=1200&qlt=85 | https://target.scene7.com/is/image/Target/GUEST_19723205-3d0e-4be3-92ea-5f655e5780de?wid=1200&hei=1200&qlt=85 | https://target.scene7.com/is/image/Target/GUEST_1b339174-f7ef-4e50-8a8a-05e1a342fdcc?wid=1200&hei=1200&qlt=85 | https://target.scene7.com/is/image/Target/GUEST_b5925cb3-14cc-434a-8b47-0764aaab142e?wid=1200&hei=1200&qlt=85 | https://target.scene7.com/is/image/Target/GUEST_82cda10e-2f2f-4e8b-9f99-55ed93fd33f8?wid=1200&hei=1200&qlt=85,High-quality vegan leather; Gold-tone hardware; MEASUREMENTS: 7 W X 5.2 H X 1 D; Adjustable crossbody strap extends to 25.; Turn lock closure; Interior details: interior features two compartments and a mid-centered credit card slot.; This product is not affiliated with Michael Kors.,,TPU (Thermoplastic Polyurethane),"{""H"": ""5.2"", ""W"": ""7"", ""D"": ""1""}",5.2 inches (H) x 7 inches (W) x 1 inches (D),Structured,Side Pockets,Snap Pocket,Zip Closure,Single handle,Faux Leather,Spot or Wipe Clean,imported,728434862505,,"{""Dimensions (Overall)"": ""5.2 inches (H) x 7 inches (W) x 1 inches (D)"", ""Shell Material"": ""TPU (Thermoplastic Polyurethane)"", ""Bag Structure"": ""Structured"", ""Interior Features"": ""Side Pockets"", ""Exterior Features"": ""Snap Pocket"", ""Main Compartment Closure"": ""Zip Closure"", ""Handle Type"": ""Single handle"", ""Fabric Name"": ""Faux Leather"", ""Care & Cleaning"": ""Spot or Wipe Clean"", ""TCIN"": ""93147702"", ""UPC"": ""728434862505"", ""Origin"": ""imported""}",True,2026-02-23T00:37:25.584970
90113329,"Buxton Women's Stylish Colored Multi Card Case Wizard Wallet, Navy Crocodile Pattern",https://www.target.com/p/buxton-women-s-stylish-colored-multi-card-case-wizard-wallet/-/A-90113329?preselect=93356727#lnk=sametab,Buxton,"Target > Clothing, Shoes & Accessories > Accessories > Wallets",Wallets,28.94,34.0,14.9,True,5.0,3,,False,navy crocodile pattern,,https://target.scene7.com/is/image/Target/GUEST_cc856258-22f9-42eb-b3ac-1abf47ffb3c4?wid=1200&hei=1200&qlt=85 | https://target.scene7.com/is/image/Target/GUEST_8752fe48-e70f-4a4a-b935-a748246e0def?wid=1200&hei=1200&qlt=85 | https://target.scene7.com/is/image/Target/GUEST_f9dab6ed-b158-4fda-94f1-8f82d0c3fb50?wid=1200&hei=1200&qlt=85 | https://target.scene7.com/is/image/Target/GUEST_9caafe46-bb4b-42c7-9dc7-e25e00d3111e?wid=1200&hei=1200&qlt=85 | https://target.scene7.com/is/image/Target/GUEST_5b985522-387a-4222-95bb-a4e2f7472374?wid=1200&hei=1200&qlt=85,"Measures 4.25 x 3 x 1.25 inches; Double zip-around main compartments; First compartment interior features 11 gusseted pockets, other compartment has 2 card slots and 1 gusseted opening; Exterior has a pebble grain finish with a back ID window; RFID blocking",,Polyester,"{""H"": ""1.5"", ""W"": ""3.5"", ""D"": ""5.0""}",1.5 inches (H) x 3.5 inches (W) x 5.0 inches (D),Lightweight,Credit Card Pockets,Visual ID Access,Zip Closure,,Woven,Spot or Wipe Clean,imported,628210187931,,"{""Dimensions (Overall)"": ""1.5 inches (H) x 3.5 inches (W) x 5.0 inches (D)"", ""Weight"": "".2 pounds"", ""Suggested Age"": ""Adult"", ""Shell Material"": ""Polyester"", ""Bag Structure"": ""Lightweight"", ""Interior Features"": ""Credit Card Pockets"", ""Exterior Features"": ""Visual ID Access"", ""Main Compartment Closure"": ""Zip Closure"", ""Fabric Name"": ""Woven"", ""Care & Cleaning"": ""Spot or Wipe Clean"", ""TCIN"": ""93356727"", ""UPC"": ""628210187931"", ""Origin"": ""imported""}",True,2026-02-23T00:37:25.584970
1005190267,On-the-Go Fanny Pack Sling – Hynes Eagle – Pink,https://www.target.com/p/hynes-eagle-the-wander-waist-bag-fanny-pack-bum-bag/-/A-1005190267?preselect=1005190273#lnk=sametab,Hynes Eagle,"Target > Clothing, Shoes & Accessories > Accessories > Handbags & Purses > Fanny Packs",Fanny Packs,14.99,0.0,0.0,False,4.9,15,,False,size12.2 x 2.36 x 5.12 inSize guide,,https://target.scene7.com/is/image/Target/GUEST_cf408d52-b4e3-44ea-bb60-8576d8ff492a?wid=1200&hei=1200&qlt=85 | https://target.scene7.com/is/image/Target/GUEST_26658b97-fbc1-4703-979b-9a6be3ccb9a8?wid=1200&hei=1200&qlt=85 | https://target.scene7.com/is/image/Target/GUEST_80f60146-d863-44cc-9bc6-795b0e65141b?wid=1200&hei=1200&qlt=85 | https://target.scene7.com/is/image/Target/GUEST_ddbe2d3d-9f3b-40fc-a7a9-9d9fc1e2b859?wid=1200&hei=1200&qlt=85 | https://target.scene7.com/is/image/Target/GUEST_76da1103-3841-426d-8a40-7660488ff1ae?wid=1200&hei=1200&qlt=85 | https://target.scene7.com/is/image/Target/GUEST_27e4a5b4-80f3-45f1-99ca-a54b50034860?wid=1200&hei=1200&qlt=85 | https://target.scene7.com/is/image/Target/GUEST_3e9d0490-3dd6-431f-89f0-d3113c158911?wid=1200&hei=1200&qlt=85 | https://target.scene7.com/is/image/Target/GUEST_dd1ada62-598d-46fc-a529-09e2095224a0?wid=1200&hei=1200&qlt=85 | https://target.scene7.com/is/image/Target/GUEST_371b06c8-f4cb-42bf-9113-f66f83a92e88?wid=1200&hei=1200&qlt=85 | https://target.scene7.com/is/image/Target/GUEST_88e2aa4b-62ee-45a7-b500-40e75ab72bd8?wid=1200&hei=1200&qlt=85,"Zip-top main compartment for secure, hands-free carry; Hidden back zip pocket helps protect valuables; Adjustable strap for waist or crossbody wear; Water-repellent fabric for everyday use and travel; Front zip pocket for quick-access essentials; Lightweight, low-profile design without bulk; Comfortable unisex fit for daily movement; Made for errands, commuting & travel days",,Nylon,"{""H"": ""12.2"", ""W"": ""5.12"", ""D"": ""2.36""}",12.2 inches (H) x 5.12 inches (W) x 2.36 inches (D),,Multiple Compartments,Adjustable Strap,Zip Closure,,,Spot or Wipe Clean,imported,810192523542,,"{""Dimensions (Overall)"": ""12.2 inches (H) x 5.12 inches (W) x 2.36 inches (D)"", ""Shell Material"": ""Nylon"", ""Interior Features"": ""Multiple Compartments"", ""Exterior Features"": ""Adjustable Strap"", ""Main Compartment Closure"": ""Zip Closure"", ""Care & Cleaning"": ""Spot or Wipe Clean"", ""TCIN"": ""1005190273"", ""UPC"": ""810192523542"", ""Origin"": ""imported""}",True,2026-02-23T00:37:25.584970
1001269353,MKF Collection Yareli Tote Handbag with Crossbody Bag Women’s Purse Set by Mia K – 2-Piece,https://www.target.com/p/mkf-collection-yareli-women-s-vegan-leather-tote-mini-crossbody-bag-by-mia-k/-/A-1001269353?preselect=1001269365#lnk=sametab,MKF Collection,"Target > Clothing, Shoes & Accessories > Accessories > Handbags & Purses > Mini Bags",Mini Bags,95.88,188.0,49.0,True,0.0,0,,False,yellow,,https://target.scene7.com/is/image/Target/GUEST_f972f5e4-300a-4fc1-97c4-4d694c0d6358?wid=1200&hei=1200&qlt=85 | https://target.scene7.com/is/image/Target/GUEST_978354ce-4d4a-4368-8606-f4c20bca56d4?wid=1200&hei=1200&qlt=85 | https://target.scene7.com/is/image/Target/GUEST_5e14a56f-9eab-48aa-bfb7-82a0b7558845?wid=1200&hei=1200&qlt=85 | https://target.scene7.com/is/image/Target/GUEST_e3944294-f204-4195-a9d3-a8edf8889cb1?wid=1200&hei=1200&qlt=85 | https://target.scene7.com/is/image/Target/GUEST_5c44c5ef-454d-4821-bf22-ed79a3df3404?wid=1200&hei=1200&qlt=85 | https://target.scene7.com/is/image/Target/GUEST_dd09c58b-aead-45eb-927a-23a4064a5065?wid=1200&hei=1200&qlt=85 | https://target.scene7.com/is/image/Target/GUEST_f1eaa10b-f9a8-4ced-9e90-232261d1a23f?wid=1200&hei=1200&qlt=85 | https://target.scene7.com/is/image/Target/baseswatch?wid=1200&hei=1200&qlt=85 | https://target.scene7.com/is/image/Target/GUEST_39b7556f-54dd-432c-9b94-f435ec297eb2?wid=1200&hei=1200&qlt=85,Bag Measurements: 14.6 L x 11.4 H x 4.7 W; Spacious main compartment with slip pockets; Top zipper closure; Detachable strap for versatile wear; Handle drop: 3.5” inch; Gold-tone hardware accents; With a Mini Crossbody Bag; Dust Bag include; This product is not affiliated with Michael Kors.,,TPU (Thermoplastic Polyurethane),"{""H"": ""11.4"", ""W"": ""4.7"", ""D"": ""14.6""}",11.4 inches (H) x 4.7 inches (W) x 14.6 inches (D),Structured,Accessories Pocket,No Compartments or Pockets,Zip Closure,Double Handle,Faux Patent,Spot or Wipe Clean,imported,728434886273,,"{""Dimensions (Overall)"": ""11.4 inches (H) x 4.7 inches (W) x 14.6 inches (D)"", ""Shell Material"": ""TPU (Thermoplastic Polyurethane)"", ""Bag Structure"": ""Structured"", ""Interior Features"": ""Accessories Pocket"", ""Exterior Features"": ""No Compartments or Pockets"", ""Main Compartment Closure"": ""Zip Closure"", ""Handle Type"": ""Double Handle"", ""Fabric Name"": ""Faux Patent"", ""Care & Cleaning"": ""Spot or Wipe Clean"", ""TCIN"": ""1001269365"", ""UPC"": ""728434886273"", ""Origin"": ""imported""}",True,2026-02-23T00:37:25.584970
1002454865,MKF Collection Iona Crossbody Vegan Leather Elegant & Functional Design Handbag Purse by Mia K- Pink,https://www.target.com/p/mkf-collection-iona-crossbody-vegan-leather-elegant-functional-design-handbag-purse-by-mia-k/-/A-1002454865?preselect=1002454872#lnk=sametab,MKF Collection,"Target > Clothing, Shoes & Accessories > Accessories > Handbags & Purses > Crossbody & Messenger Bags",Crossbody & Messenger Bags,38.8,68.0,42.9,True,0.0,0,,False,pink,,https://target.scene7.com/is/image/Target/GUEST_ea8d60c8-190a-4a80-950c-ee3901ef182c?wid=1200&hei=1200&qlt=85 | https://target.scene7.com/is/image/Target/GUEST_c52b33f8-0a0e-490d-8d5e-e5f9a6ec3155?wid=1200&hei=1200&qlt=85 | https://target.scene7.com/is/image/Target/GUEST_d469bc94-c334-48fb-931f-05449b8cca29?wid=1200&hei=1200&qlt=85 | https://target.scene7.com/is/image/Target/GUEST_76351df0-9356-4d08-b556-2fb9d7640651?wid=1200&hei=1200&qlt=85 | https://target.scene7.com/is/image/Target/GUEST_649733d5-50a9-41d5-9360-98118aef0fa2?wid=1200&hei=1200&qlt=85 | https://target.scene7.com/is/image/Target/GUEST_f4ca1a06-a2b3-4a91-90ac-df3b5fd77c51?wid=1200&hei=1200&qlt=85 | https://target.scene7.com/is/image/Target/GUEST_8d2a986c-0d71-4815-9074-18429528b911?wid=1200&hei=1200&qlt=85 | https://target.scene7.com/is/image/Target/GUEST_326be5fa-fa19-4094-b039-1686140e094d?wid=1200&hei=1200&qlt=85 | https://target.scene7.com/is/image/Target/GUEST_32d82bbd-43ee-45a1-9364-ba7da0421397?wid=1200&hei=1200&qlt=85 | https://target.scene7.com/is/image/Target/GUEST_adfc1622-d622-482c-9c3c-2a283d06788e?wid=1200&hei=1200&qlt=85,Made of High-Quality Vegan Leather.; Luxurious gold tone embellishments; One compartment bag; Credit card slot; Measurements 5.3 in L x 7 in H x 2.3 in D; Adjustable shoulder strap extends to 32 in; Elegant & Functional Design; This product is not affiliated with Michael Kors,,TPU (Thermoplastic Polyurethane),"{""H"": ""7"", ""W"": ""5.3"", ""D"": ""2.3""}",7 inches (H) x 5.3 inches (W) x 2.3 inches (D),Structured,Accessories Pocket,No Compartments or Pockets,Turn Key Closure,Adjustable Strap,Faux Leather,Spot or Wipe Clean,imported,748926278096,,"{""Dimensions (Overall)"": ""7 inches (H) x 5.3 inches (W) x 2.3 inches (D)"", ""Shell Material"": ""TPU (Thermoplastic Polyurethane)"", ""Bag Structure"": ""Structured"", ""Interior Features"": ""Accessories Pocket"", ""Exterior Features"": ""No Compartments or Pockets"", ""Main Compartment Closure"": ""Turn Key Closure"", ""Handle Type"": ""Adjustable Strap"", ""Fabric Name"": ""Faux Leather"", ""Care & Cleaning"": ""Spot or Wipe Clean"", ""TCIN"": ""1002454872"", ""UPC"": ""748926278096"", ""Origin"": ""imported""}",True,2026-02-23T00:37:25.584970
1004478446,MKF Collection Aylet M Women's Vegan Leather Tote with Matching Mini Bag and Wristlet Purse by Mia K- Dark Purple,https://www.target.com/p/mkf-collection-aylet-m-women-s-vegan-leather-tote-with-matching-mini-bag-and-wristlet-purse-by-mia-k/-/A-1004478446?preselect=1004478450#lnk=sametab,MKF Collection,"Target > Clothing, Shoes & Accessories > Accessories > Handbags & Purses > Mini Bags",Mini Bags,75.84,158.0,52.0,True,0.0,0,,False,dark purple,,https://target.scene7.com/is/image/Target/GUEST_130246a6-c479-496c-9908-4375b5f332b8?wid=1200&hei=1200&qlt=85 | https://target.scene7.com/is/image/Target/GUEST_77d8cafa-e82d-4db0-81c3-a997ddd68477?wid=1200&hei=1200&qlt=85 | https://target.scene7.com/is/image/Target/GUEST_6980f34d-132d-4f4d-8308-9d1db4e88225?wid=1200&hei=1200&qlt=85 | https://target.scene7.com/is/image/Target/GUEST_4de397bc-cb45-41f8-9a7e-17361416d215?wid=1200&hei=1200&qlt=85 | https://target.scene7.com/is/image/Target/GUEST_e1a7f3e6-a133-479b-a3bd-bbb9eee5ac13?wid=1200&hei=1200&qlt=85 | https://target.scene7.com/is/image/Target/GUEST_6f58fe10-6c7e-4dd2-851e-d06be7b3b198?wid=1200&hei=1200&qlt=85 | https://target.scene7.com/is/image/Target/GUEST_9fec8e9f-242c-4bc7-83d2-3c1f3231a8a6?wid=1200&hei=1200&qlt=85 | https://target.scene7.com/is/image/Target/GUEST_b36d463b-3656-4fe2-8cbb-1802f45d1f26?wid=1200&hei=1200&qlt=85 | https://target.scene7.com/is/image/Target/GUEST_cc94e6ce-e777-4029-9482-c77cf52d52c7?wid=1200&hei=1200&qlt=85 | https://target.scene7.com/is/image/Target/GUEST_215303af-0f8e-472e-b676-143ea2bf9605?wid=1200&hei=1200&qlt=85,"Measurements- Tote: 15.5 in L x 10.5 in H x 5 in D - Handle Drop- 11 in; Mini tote- 11.5 in L x 7 in H x 3.5 in D - Handle Drop-5.5 in; Wristlet- 7.5 in L x 5.5 in H; Wristlet handle 6.5 in; Interior features a spacious compartment with two slip in pockets and a wall zipper pocket; Mini Tote- interior features a spacious compartment with a back-zipper pocket; Designed with gold-tone hardware for an elegant touch; Metal feet on base to maintain upright position and protect the bottom; Perfect for work, shopping, travel, or everyday wear; Versatile design offers both style and functionality in one complete set",,TPU (Thermoplastic Polyurethane),"{""H"": ""10.5"", ""W"": ""15.5"", ""D"": ""5""}",10.5 inches (H) x 15.5 inches (W) x 5 inches (D),Lightweight,Accessories Pocket,No Compartments or Pockets,Zip Closure,Double Handle,Faux Leather,Spot or Wipe Clean,imported,720167672901,,"{""Dimensions (Overall)"": ""10.5 inches (H) x 15.5 inches (W) x 5 inches (D)"", ""Shell Material"": ""TPU (Thermoplastic Polyurethane)"", ""Bag Structure"": ""Lightweight"", ""Interior Features"": ""Accessories Pocket"", ""Exterior Features"": ""No Compartments or Pockets"", ""Main Compartment Closure"": ""Zip Closure"", ""Handle Type"": ""Double Handle"", ""Fabric Name"": ""Faux Leather"", ""Care & Cleaning"": ""Spot or Wipe Clean"", ""TCIN"": ""1004478450"", ""UPC"": ""720167672901"", ""Origin"": ""imported""}",True,2026-02-23T00:37:25.584970
1001946176,MKF Collection Salome Shoulder Crossbody Women’s Handbag Expandable Multi-Compartment Vegan Leather by Mia K- Black,https://www.target.com/p/mkf-collection-salome-shoulder-crossbody-women-s-handbag-expandable-multi-compartment-vegan-leather-by-mia-k/-/A-1001946176?preselect=1001946175#lnk=sametab,MKF Collection,"Target > Clothing, Shoes & Accessories > Accessories > Handbags & Purses > Shoulder Bags",Shoulder Bags,52.0,118.0,55.9,True,4.5,2,,False,black,,https://target.scene7.com/is/image/Target/GUEST_336875cd-0988-446b-9646-3ebb9c8167e5?wid=1200&hei=1200&qlt=85 | https://target.scene7.com/is/image/Target/GUEST_c52b33f8-0a0e-490d-8d5e-e5f9a6ec3155?wid=1200&hei=1200&qlt=85 | https://target.scene7.com/is/image/Target/GUEST_ed543061-8f31-474f-a4ef-e7e23e19736e?wid=1200&hei=1200&qlt=85 | https://target.scene7.com/is/image/Target/GUEST_64d97335-8591-4eb2-88a4-5a9e75dee9e0?wid=1200&hei=1200&qlt=85 | https://target.scene7.com/is/image/Target/GUEST_66e6a4d9-0218-4fc2-95df-caa608b1cb4f?wid=1200&hei=1200&qlt=85 | https://target.scene7.com/is/image/Target/GUEST_7114c5dd-d5a5-40a0-a499-c5ddf931b20e?wid=1200&hei=1200&qlt=85 | https://target.scene7.com/is/image/Target/baseswatch?wid=1200&hei=1200&qlt=85 | https://target.scene7.com/is/image/Target/GUEST_eae801b5-1dd5-4339-9243-5cb63d688470?wid=1200&hei=1200&qlt=85 | https://target.scene7.com/is/image/Target/GUEST_1896f2eb-3348-4e66-9ff0-454060c5dae7?wid=1200&hei=1200&qlt=85 | https://target.scene7.com/is/image/Target/GUEST_e84c3896-0b9e-4bc2-8201-6e6999d0597e?wid=1200&hei=1200&qlt=85,"Made of high quality soft vegan leather; Designed with luxurious gold tone embellishments and front tab M logo; Zip top closure; Interior features a spacious compartment with zippered and open Pockets.; Exterior features Three front zippered pockets and one back zippered pocket; Measurements 9.5 in L x 11 in H x 3 in D; Adjustable shoulder strap, adjustable up to 44 in; This product is not affiliated with Michael Kors.",,TPU (Thermoplastic Polyurethane),"{""H"": ""11"", ""W"": ""3"", ""D"": ""9.5""}",11 inches (H) x 3 inches (W) x 9.5 inches (D),Structured,Accessories Pocket,Back Pocket,Zip Closure,Adjustable Shoulder Strap,Faux Leather,Spot or Wipe Clean,imported,759740266756,,"{""Dimensions (Overall)"": ""11 inches (H) x 3 inches (W) x 9.5 inches (D)"", ""Shell Material"": ""TPU (Thermoplastic Polyurethane)"", ""Bag Structure"": ""Structured"", ""Interior Features"": ""Accessories Pocket"", ""Exterior Features"": ""Back Pocket"", ""Main Compartment Closure"": ""Zip Closure"", ""Handle Type"": ""Adjustable Shoulder Strap"", ""Fabric Name"": ""Faux Leather"", ""Care & Cleaning"": ""Spot or Wipe Clean"", ""TCIN"": ""1001946175"", ""UPC"": ""759740266756"", ""Origin"": ""imported""}",True,2026-02-23T00:37:25.584970
90113487,"Buxton Women's Styling Vegan Leather Ultimate Organizer, Rose Bud",https://www.target.com/p/buxton-women-s-styling-vegan-leather-ultimate-organizer/-/A-90113487?preselect=1001055882#lnk=sametab,Buxton,"Target > Clothing, Shoes & Accessories > Accessories > Wallets",Wallets,36.94,42.0,12.0,True,3.5,2,,False,rose bud,,https://target.scene7.com/is/image/Target/GUEST_1ac629a8-9dc4-431e-ab75-2612c382f786?wid=1200&hei=1200&qlt=85 | https://target.scene7.com/is/image/Target/GUEST_f070e89a-387f-4498-9ad9-125cb4e98be2?wid=1200&hei=1200&qlt=85 | https://target.scene7.com/is/image/Target/GUEST_aef739b0-6882-455b-9003-1ed4935f3426?wid=1200&hei=1200&qlt=85 | https://target.scene7.com/is/image/Target/GUEST_8daf2b66-5309-45af-bf8a-c0ef2e4c890c?wid=1200&hei=1200&qlt=85 | https://target.scene7.com/is/image/Target/GUEST_9fc96866-8c86-4168-8eb5-0a55e81e6647?wid=1200&hei=1200&qlt=85 | https://target.scene7.com/is/image/Target/GUEST_cf18409d-fa11-4477-ae3c-b87ee69e0945?wid=1200&hei=1200&qlt=85 | https://target.scene7.com/is/image/Target/GUEST_306fe7c4-578c-4f00-a41c-146a5be4690b?wid=1200&hei=1200&qlt=85 | https://target.scene7.com/is/image/Target/baseswatch?wid=1200&hei=1200&qlt=85 | https://target.scene7.com/is/image/Target/GUEST_05b87708-2515-4078-9fa8-75f7b7897d82?wid=1200&hei=1200&qlt=85 | https://target.scene7.com/is/image/Target/GUEST_a5b674e9-2df4-41ba-9ce9-ffcb28eef87f?wid=1200&hei=1200&qlt=85,"Measures 7.5 x 4.5 x 1.5 inches; Removable wristlet strap and shoulder strap (26-inch drop); Double zippered compartments, 1 exterior slip pocket; 2 ID windows, 15 card slots, 1 pen slot, 1 key ring, 1 zipper pocket, 3 slip pockets, and 2 full length bill pockets; RFID identity protection featuring a Floral Blossom design",,Polyester,"{""H"": ""1.7"", ""W"": ""5.0"", ""D"": ""9.0""}",1.7 inches (H) x 5.0 inches (W) x 9.0 inches (D),Lightweight,Multiple Compartments,Back Pocket,Zip Closure,,Woven,Spot or Wipe Clean,imported,628210188471,,"{""Dimensions (Overall)"": ""1.7 inches (H) x 5.0 inches (W) x 9.0 inches (D)"", ""Weight"": "".7 pounds"", ""Suggested Age"": ""Adult"", ""Shell Material"": ""Polyester"", ""Bag Structure"": ""Lightweight"", ""Interior Features"": ""Multiple Compartments"", ""Exterior Features"": ""Back Pocket"", ""Main Compartment Closure"": ""Zip Closure"", ""Fabric Name"": ""Woven"", ""Care & Cleaning"": ""Spot or Wipe Clean"", ""TCIN"": ""1001055882"", ""UPC"": ""628210188471"", ""Origin"": ""imported""}",True,2026-02-23T00:37:25.584970
1007942605,"Laptop Bag for Women Soft Leather Work Bag, Office Shoulder Tote Purse with Flap Design Black-15.6 Inch 15*11.8*4.3",https://www.target.com/p/laptop-bag-for-women-soft-leather-work-bag-office-shoulder-tote-purse-with-flap-design/-/A-1007942605?preselect=1007942604#lnk=sametab,Empire DigiLabs,"Target > Clothing, Shoes & Accessories > Accessories > Handbags & Purses > Shoulder Bags",Shoulder Bags,135.94,271.88,50.0,True,1.0,1,,False,size15*11.8*4.3,,https://target.scene7.com/is/image/Target/GUEST_5fd0177e-cd65-41eb-beca-ea4dbb1007a4?wid=1200&hei=1200&qlt=85 | https://target.scene7.com/is/image/Target/GUEST_fa2587a7-9159-48ef-b657-f6922963a842?wid=1200&hei=1200&qlt=85 | https://target.scene7.com/is/image/Target/GUEST_3bb82061-d4e7-4bd6-ad3b-0e30f0eadf09?wid=1200&hei=1200&qlt=85 | https://target.scene7.com/is/image/Target/GUEST_e24e44f7-85d6-475f-9b50-99ca39dd2729?wid=1200&hei=1200&qlt=85 | https://target.scene7.com/is/image/Target/GUEST_a4f3b584-3996-4d19-9f80-83d60dfa5b74?wid=1200&hei=1200&qlt=85,,,,{},,,,,,,,,,,,{},True,2026-02-23T00:37:25.584970
94110251,MKF Collection Leysha Women’s Crossbody Bag Vegan Leather Designer Purse by Mia K,https://www.target.com/p/mkf-collection-leysha-women-s-crossbody-bag-by-mia-k/-/A-94110251?preselect=1008642239#lnk=sametab,MKF Collection,"Target > Clothing, Shoes & Accessories > Accessories > Handbags & Purses > Crossbody & Messenger Bags",Crossbody & Messenger Bags,46.8,78.0,40.0,True,0.0,0,,False,khaki,,https://target.scene7.com/is/image/Target/GUEST_f6685e20-8f4b-4450-a42a-8194679ead09?wid=1200&hei=1200&qlt=85 | https://target.scene7.com/is/image/Target/GUEST_c52b33f8-0a0e-490d-8d5e-e5f9a6ec3155?wid=1200&hei=1200&qlt=85 | https://target.scene7.com/is/image/Target/GUEST_fd492c50-d7ac-4335-a4f0-bed76f4b55ac?wid=1200&hei=1200&qlt=85 | https://target.scene7.com/is/image/Target/GUEST_b55c6233-4fb0-4898-90df-ee0e7e635b89?wid=1200&hei=1200&qlt=85 | https://target.scene7.com/is/image/Target/GUEST_a2c9e13f-7362-416e-ae32-5ab7c4ce48fb?wid=1200&hei=1200&qlt=85 | https://target.scene7.com/is/image/Target/GUEST_6faca5da-879e-44e6-8703-5dafb7333429?wid=1200&hei=1200&qlt=85,High-quality faux leather; Designed with luxurious silver tone embellishments; Measurements: 5.8 in W x 8 in H x 0.7 in D; Handle drop- 24 in; Interior features a spacious compartment; Exterior- a spacious back slip pocket (fit an IPHONE or bigger); Top zipper closure; Fabric lining,,TPU (Thermoplastic Polyurethane),"{""H"": ""8"", ""W"": ""5.8"", ""D"": "".7""}",8 inches (H) x 5.8 inches (W) x .7 inches (D),Structured,No Compartments or Pockets,No Compartments or Pockets,Zip Closure,Single Strap,Faux Leather,Spot or Wipe Clean,imported,720167680425,,"{""Dimensions (Overall)"": ""8 inches (H) x 5.8 inches (W) x .7 inches (D)"", ""Shell Material"": ""TPU (Thermoplastic Polyurethane)"", ""Bag Structure"": ""Structured"", ""Interior Features"": ""No Compartments or Pockets"", ""Exterior Features"": ""No Compartments or Pockets"", ""Main Compartment Closure"": ""Zip Closure"", ""Handle Type"": ""Single Strap"", ""Fabric Name"": ""Faux Leather"", ""Care & Cleaning"": ""Spot or Wipe Clean"", ""TCIN"": ""1008642239"", ""UPC"": ""720167680425"", ""Origin"": ""imported""}",True,2026-02-23T00:37:25.584970
1002455098,MKF Collection Mallory Crossbody Bag Vegan Leather Spacious & Stylish Handbag Purse by Mia K- Royal Blue,https://www.target.com/p/mkf-collection-mallory-crossbody-bag-vegan-leather-spacious-stylish-handbag-purse-by-mia-k/-/A-1002455098?preselect=1002455115#lnk=sametab,MKF Collection,"Target > Clothing, Shoes & Accessories > Accessories > Handbags & Purses > Crossbody & Messenger Bags",Crossbody & Messenger Bags,56.64,118.0,52.0,True,0.0,0,,False,royal blue,,https://target.scene7.com/is/image/Target/GUEST_d99dc7e4-e2ee-4f0a-9e3f-0252b7ee2674?wid=1200&hei=1200&qlt=85 | https://target.scene7.com/is/image/Target/GUEST_c52b33f8-0a0e-490d-8d5e-e5f9a6ec3155?wid=1200&hei=1200&qlt=85 | https://target.scene7.com/is/image/Target/GUEST_164ba5ed-191b-4c3e-94df-db297b0c36b6?wid=1200&hei=1200&qlt=85 | https://target.scene7.com/is/image/Target/GUEST_be40cc87-e39f-4bdf-a84d-93338352cb41?wid=1200&hei=1200&qlt=85 | https://target.scene7.com/is/image/Target/GUEST_eb7f9e97-a85a-4055-8391-327988d1df9a?wid=1200&hei=1200&qlt=85 | https://target.scene7.com/is/image/Target/GUEST_fd9b4dd8-b355-41c3-8650-3ced894dd959?wid=1200&hei=1200&qlt=85 | https://target.scene7.com/is/image/Target/GUEST_24e7f3f3-18a3-4bc6-903d-1dbbb65282ab?wid=1200&hei=1200&qlt=85 | https://target.scene7.com/is/image/Target/GUEST_4aba340a-bd0a-413f-8b2e-d35cb1400a1b?wid=1200&hei=1200&qlt=85 | https://target.scene7.com/is/image/Target/GUEST_cb4e3eab-6f5c-4810-a3ff-0e069bc2526a?wid=1200&hei=1200&qlt=85 | https://target.scene7.com/is/image/Target/GUEST_845587fd-1cd6-40fa-b805-204f1a258e91?wid=1200&hei=1200&qlt=85,"Made of High-Quality Vegan Leather; Design with Luxurious gold tone embellishments; One-compartment style; Top zipper closure; 2 interior pockets, 1 interior zipper pocket with our signature Mia K. Collection Plate.; Measurements : 7in L X 7.5 in H X 3in D; Handle Drop: 3 in; The detachable and Adjustable strap extends to 24”; This product is not affiliated with Michael Kors.",,TPU (Thermoplastic Polyurethane),"{""H"": ""7.5"", ""W"": ""7"", ""D"": ""3""}",7.5 inches (H) x 7 inches (W) x 3 inches (D),Structured,Accessories Pocket,Back Pocket,Zip Closure,Adjustable Strap,Faux Leather,Spot or Wipe Clean,imported,728434886402,,"{""Dimensions (Overall)"": ""7.5 inches (H) x 7 inches (W) x 3 inches (D)"", ""Shell Material"": ""TPU (Thermoplastic Polyurethane)"", ""Bag Structure"": ""Structured"", ""Interior Features"": ""Accessories Pocket"", ""Exterior Features"": ""Back Pocket"", ""Main Compartment Closure"": ""Zip Closure"", ""Handle Type"": ""Adjustable Strap"", ""Fabric Name"": ""Faux Leather"", ""Care & Cleaning"": ""Spot or Wipe Clean"", ""TCIN"": ""1002455115"", ""UPC"": ""728434886402"", ""Origin"": ""imported""}",True,2026-02-23T00:37:25.584970
1008345136,MKF Collection Lexa Crossbody Shoulder Bag for Women Vegan Leather Purse by Mia K,https://www.target.com/p/mkf-collection-lexa-crossbody-shoulder-bag-for-women-vegan-leather-purse-by-mia-k/-/A-1008345136?preselect=1008345144#lnk=sametab,MKF Collection,"Target > Clothing, Shoes & Accessories > Accessories > Handbags & Purses > Crossbody & Messenger Bags",Crossbody & Messenger Bags,96.6,138.0,30.0,True,0.0,0,,False,wine,,https://target.scene7.com/is/image/Target/GUEST_79f0c565-6f3e-40b9-9943-8c69198db96b?wid=1200&hei=1200&qlt=85 | https://target.scene7.com/is/image/Target/GUEST_50c797b0-0323-47f5-972e-b66957dc485b?wid=1200&hei=1200&qlt=85 | https://target.scene7.com/is/image/Target/GUEST_0e82eb7f-fe93-4ad4-9e8e-f5dd691531ed?wid=1200&hei=1200&qlt=85 | https://target.scene7.com/is/image/Target/GUEST_9c50f7e3-791b-4b3c-bc69-079be1ea1e54?wid=1200&hei=1200&qlt=85 | https://target.scene7.com/is/image/Target/GUEST_38d4d890-0825-4930-a061-3465713026b0?wid=1200&hei=1200&qlt=85,"High quality faux leather with a soft, refined finish; Compact size designed to hold daily essentials comfortably; Measurements 7.87 W x 4 H x 4 D inches; Secure zipper closure for added protection; Interior includes two slip pockets for easy organization; Detachable strap: 20",,TPU (Thermoplastic Polyurethane),"{""H"": ""4"", ""W"": ""7.87"", ""D"": ""4""}",4 inches (H) x 7.87 inches (W) x 4 inches (D),Structured,Slip Pocket,Zip Pocket,Zip Closure,Shoulder Strap,Faux Leather,Spot or Wipe Clean,imported,720167681224,,"{""Dimensions (Overall)"": ""4 inches (H) x 7.87 inches (W) x 4 inches (D)"", ""Shell Material"": ""TPU (Thermoplastic Polyurethane)"", ""Bag Structure"": ""Structured"", ""Interior Features"": ""Slip Pocket"", ""Exterior Features"": ""Zip Pocket"", ""Main Compartment Closure"": ""Zip Closure"", ""Handle Type"": ""Shoulder Strap"", ""Fabric Name"": ""Faux Leather"", ""Care & Cleaning"": ""Spot or Wipe Clean"", ""TCIN"": ""1008345144"", ""UPC"": ""720167681224"", ""Origin"": ""imported""}",True,2026-02-23T00:37:25.585469
93968438,MKF Collection Janise Solid Vegan Leather Tote Bag Purse by Mia K,https://www.target.com/p/mkf-collection-janise-solid-vegan-leather-women-s-tote-bag-by-mia-k/-/A-93968438?preselect=93968442#lnk=sametab,MKF Collection,"Target > Clothing, Shoes & Accessories > Accessories > Handbags & Purses > Shoulder Bags",Shoulder Bags,88.8,148.0,40.0,True,5.0,1,,False,navy blue,,https://target.scene7.com/is/image/Target/GUEST_aaf06012-60fa-403d-9183-9da4146d2700?wid=1200&hei=1200&qlt=85 | https://target.scene7.com/is/image/Target/GUEST_c52b33f8-0a0e-490d-8d5e-e5f9a6ec3155?wid=1200&hei=1200&qlt=85 | https://target.scene7.com/is/image/Target/GUEST_e38567ec-6cce-4258-9cc3-3d0702b80ca2?wid=1200&hei=1200&qlt=85 | https://target.scene7.com/is/image/Target/GUEST_d6aa4b4c-c937-4d40-b322-543602d8b7d9?wid=1200&hei=1200&qlt=85 | https://target.scene7.com/is/image/Target/GUEST_5434149a-eeb0-4180-82ca-f23e1b97878a?wid=1200&hei=1200&qlt=85 | https://target.scene7.com/is/image/Target/GUEST_582c3758-1e0d-422b-8b6e-6b5988c7572d?wid=1200&hei=1200&qlt=85 | https://target.scene7.com/is/image/Target/GUEST_d5b2774d-7842-4f08-b854-0b02a02c92ab?wid=1200&hei=1200&qlt=85 | https://target.scene7.com/is/image/Target/GUEST_d9e26fb3-3a56-4d1c-837f-27d09d09a05e?wid=1200&hei=1200&qlt=85 | https://target.scene7.com/is/image/Target/GUEST_906a119e-ffd2-49cf-ad47-0d6b12e60eef?wid=1200&hei=1200&qlt=85 | https://target.scene7.com/is/image/Target/GUEST_d84aa426-81ea-4d1a-bf92-85cb9363ab42?wid=1200&hei=1200&qlt=85,"High-Quality Vegan Leather; Gold tone embellishments; Measurements: 15 in L x 11 in H x 5 in D; Handle Drop: 8.5 in; Removable and adjustable shoulder strap extends to 50 in; 2 exterior zipper pocket, 2 interior pockets, 1 interior zipper pocket with our signature Mia K. Collection Plate",,TPU (Thermoplastic Polyurethane),"{""H"": ""11"", ""W"": ""15"", ""D"": ""5""}",11 inches (H) x 15 inches (W) x 5 inches (D),Structured,Zip Pocket,Back Pocket,Zip Closure,Adjustable Strap,Faux Leather,Spot or Wipe Clean,imported,748926304290,,"{""Dimensions (Overall)"": ""11 inches (H) x 15 inches (W) x 5 inches (D)"", ""Shell Material"": ""TPU (Thermoplastic Polyurethane)"", ""Bag Structure"": ""Structured"", ""Interior Features"": ""Zip Pocket"", ""Exterior Features"": ""Back Pocket"", ""Main Compartment Closure"": ""Zip Closure"", ""Handle Type"": ""Adjustable Strap"", ""Fabric Name"": ""Faux Leather"", ""Care & Cleaning"": ""Spot or Wipe Clean"", ""TCIN"": ""93968442"", ""UPC"": ""748926304290"", ""Origin"": ""imported""}",True,2026-02-23T00:37:25.585469
1002509900,MKF Collection Lemuel M Signature Crossbody Purse and Handbags Women’s Vegan Leather Stylish Design by Mia K- Purple,https://www.target.com/p/mkf-collection-lemuel-m-signature-crossbody-purse-and-handbags-women-s-vegan-leather-stylish-design-by-mia-k/-/A-1002509900?preselect=1002509904#lnk=sametab,MKF Collection,"Target > Clothing, Shoes & Accessories > Accessories > Handbags & Purses > Crossbody & Messenger Bags",Crossbody & Messenger Bags,42.24,88.0,52.0,True,0.0,0,,False,purple,,https://target.scene7.com/is/image/Target/GUEST_e246db6c-6403-49d3-b5f3-fb1e5d4a884d?wid=1200&hei=1200&qlt=85 | https://target.scene7.com/is/image/Target/GUEST_c52b33f8-0a0e-490d-8d5e-e5f9a6ec3155?wid=1200&hei=1200&qlt=85 | https://target.scene7.com/is/image/Target/GUEST_6fce8271-4fac-4969-a353-35114486cb91?wid=1200&hei=1200&qlt=85 | https://target.scene7.com/is/image/Target/GUEST_2b9e8dd6-1d32-4dbf-a18e-c54cf9910e3c?wid=1200&hei=1200&qlt=85 | https://target.scene7.com/is/image/Target/GUEST_f6e1204b-6897-48e3-b477-65f72529633d?wid=1200&hei=1200&qlt=85 | https://target.scene7.com/is/image/Target/GUEST_c6bd9ced-675f-46d7-b5dd-fb55aedbd627?wid=1200&hei=1200&qlt=85 | https://target.scene7.com/is/image/Target/GUEST_6f5d6676-52ef-4626-9251-b2a0484dc66f?wid=1200&hei=1200&qlt=85 | https://target.scene7.com/is/image/Target/GUEST_45244669-a067-4cd0-973b-e0cfda9d54b7?wid=1200&hei=1200&qlt=85 | https://target.scene7.com/is/image/Target/GUEST_56d2df83-b567-4e8c-895c-6ffd437bde04?wid=1200&hei=1200&qlt=85 | https://target.scene7.com/is/image/Target/GUEST_c8fe99d0-5468-4410-b596-d738fda18831?wid=1200&hei=1200&qlt=85,"Made of high-quality vegan leather; Designed with luxurious gold tone embellishments; Top zipper closure; Multi pockets; Interior features a spacious compartment, can fit a small tablet, with a roomy wall zipper pocket; Exterior features two spacious front zipper pockets and a back-zipper pocket; Measurements: 9 in L x 9.5 in H x 0.3 in D; Adjustable shoulder strap extends to 48 in; This product is not affiliated with Michael Kors.",,TPU (Thermoplastic Polyurethane),"{""H"": ""9.5"", ""W"": "".3"", ""D"": ""9""}",9.5 inches (H) x .3 inches (W) x 9 inches (D),Structured,Accessories Pocket,Back Pocket,Zip Closure,Adjustable Strap,Faux Leather,Spot or Wipe Clean,imported,728434887393,,"{""Dimensions (Overall)"": ""9.5 inches (H) x .3 inches (W) x 9 inches (D)"", ""Shell Material"": ""TPU (Thermoplastic Polyurethane)"", ""Bag Structure"": ""Structured"", ""Interior Features"": ""Accessories Pocket"", ""Exterior Features"": ""Back Pocket"", ""Main Compartment Closure"": ""Zip Closure"", ""Handle Type"": ""Adjustable Strap"", ""Fabric Name"": ""Faux Leather"", ""Care & Cleaning"": ""Spot or Wipe Clean"", ""TCIN"": ""1002509904"", ""UPC"": ""728434887393"", ""Origin"": ""imported""}",True,2026-02-23T00:37:25.585469
1002277857,MKF Collection Heloise Crossbody Women's Vegan Leather Fashion Handbag Purse by Mia K - Black,https://www.target.com/p/mkf-collection-heloise-crossbody-women-s-vegan-leather-fashion-handbag-purse-by-mia-k/-/A-1002277857?preselect=1002277858#lnk=sametab,MKF Collection,"Target > Clothing, Shoes & Accessories > Accessories > Handbags & Purses > Crossbody & Messenger Bags",Crossbody & Messenger Bags,59.99,128.0,53.1,True,0.0,0,,False,black,,https://target.scene7.com/is/image/Target/GUEST_1243f774-56af-4088-bdf0-43761c7c2984?wid=1200&hei=1200&qlt=85 | https://target.scene7.com/is/image/Target/GUEST_c52b33f8-0a0e-490d-8d5e-e5f9a6ec3155?wid=1200&hei=1200&qlt=85 | https://target.scene7.com/is/image/Target/GUEST_aed94c69-1010-491b-9827-b5ebebfe0295?wid=1200&hei=1200&qlt=85 | https://target.scene7.com/is/image/Target/GUEST_1d4c0e90-7d6a-400f-82e6-e2a0adf2a2af?wid=1200&hei=1200&qlt=85 | https://target.scene7.com/is/image/Target/GUEST_3d78e9c6-6e2e-4d26-a09c-b3fc94cb2bb2?wid=1200&hei=1200&qlt=85 | https://target.scene7.com/is/image/Target/GUEST_b8f07540-723a-45c7-ba38-c858c4e2631d?wid=1200&hei=1200&qlt=85 | https://target.scene7.com/is/image/Target/GUEST_e9744d6c-4fda-4b2b-a5f7-a1bd978de5e1?wid=1200&hei=1200&qlt=85 | https://target.scene7.com/is/image/Target/GUEST_d3714e06-fee7-4d3e-bfdd-bb49154c0d1c?wid=1200&hei=1200&qlt=85 | https://target.scene7.com/is/image/Target/GUEST_c0aedb94-6755-4fbb-9fbb-fecd2e82440c?wid=1200&hei=1200&qlt=85 | https://target.scene7.com/is/image/Target/baseswatch?wid=1200&hei=1200&qlt=85,Measurements 7.5 W x 6.7 H x 2 D; The inside features a wall zipper pocket and a slip pocket; Magnetic snap closure; Gold-tone hardware; Faux leather; Top handle drop: 3.5; Detachable and Adjustable strap extends to 24; Fashion Handbag Purse; This product is not affiliated with Michael Kors.,,TPU (Thermoplastic Polyurethane),"{""H"": ""6.7"", ""W"": ""7.5"", ""D"": ""2""}",6.7 inches (H) x 7.5 inches (W) x 2 inches (D),Structured,Accessories Pocket,Adjustable Strap,Snap closure,Adjustable Strap,Faux Leather,Spot or Wipe Clean,imported,728434885887,,"{""Dimensions (Overall)"": ""6.7 inches (H) x 7.5 inches (W) x 2 inches (D)"", ""Shell Material"": ""TPU (Thermoplastic Polyurethane)"", ""Bag Structure"": ""Structured"", ""Interior Features"": ""Accessories Pocket"", ""Exterior Features"": ""Adjustable Strap"", ""Main Compartment Closure"": ""Snap closure"", ""Handle Type"": ""Adjustable Strap"", ""Fabric Name"": ""Faux Leather"", ""Care & Cleaning"": ""Spot or Wipe Clean"", ""TCIN"": ""1002277858"", ""UPC"": ""728434885887"", ""Origin"": ""imported""}",True,2026-02-23T00:37:25.585469
1002315318,"MKF Collection Helaena M Logo-Printed Vegan Leather Sling Bag for Women, Crossbody Purse by Mia K- White",https://www.target.com/p/mkf-collection-helaena-m-logo-printed-vegan-leather-sling-bag-for-women-crossbody-purse-by-mia-k/-/A-1002315318?preselect=1002315327#lnk=sametab,MKF Collection,"Target > Clothing, Shoes & Accessories > Accessories > Handbags & Purses > Crossbody & Messenger Bags",Crossbody & Messenger Bags,52.99,118.0,55.1,True,0.0,0,,False,white,,https://target.scene7.com/is/image/Target/GUEST_36f37536-971d-438b-be60-4c1d84dd8802?wid=1200&hei=1200&qlt=85 | https://target.scene7.com/is/image/Target/GUEST_c52b33f8-0a0e-490d-8d5e-e5f9a6ec3155?wid=1200&hei=1200&qlt=85 | https://target.scene7.com/is/image/Target/GUEST_64ddf0ec-319a-48dd-96da-db74fb52d335?wid=1200&hei=1200&qlt=85 | https://target.scene7.com/is/image/Target/GUEST_b15a21fc-cc52-4e16-b160-1171b343c8aa?wid=1200&hei=1200&qlt=85 | https://target.scene7.com/is/image/Target/GUEST_4fb9b6bc-f71b-45ca-9866-13b5e7308965?wid=1200&hei=1200&qlt=85 | https://target.scene7.com/is/image/Target/GUEST_ccb9dfbd-5987-42d3-80f5-4b4ce3ac0967?wid=1200&hei=1200&qlt=85 | https://target.scene7.com/is/image/Target/GUEST_969cf991-dff7-44a5-8785-98d09848328e?wid=1200&hei=1200&qlt=85 | https://target.scene7.com/is/image/Target/GUEST_56b5055a-db27-474e-b4ff-99fbbc397779?wid=1200&hei=1200&qlt=85 | https://target.scene7.com/is/image/Target/GUEST_8d2485bc-dcee-4fde-8249-695f13583f23?wid=1200&hei=1200&qlt=85 | https://target.scene7.com/is/image/Target/GUEST_773799a3-e796-4746-98d5-e20107c1acf5?wid=1200&hei=1200&qlt=85,Measurements: 10.6 W X 11.8 h x 2.75 D; Adjustable Strap extends to 25; High-quality vegan leather; Gold-tone hardware; Interior details: features a spacious compartment with a wall-zippered pocket; Exterior details: Two front zippered pockets.; Fabric Lining; Zipper fastening; This product is not affiliated with Michael Kors.,,TPU (Thermoplastic Polyurethane),"{""H"": ""11.8"", ""W"": ""10.6"", ""D"": ""2.75""}",11.8 inches (H) x 10.6 inches (W) x 2.75 inches (D),Structured,Accessories Pocket,Front Pocket,Zip Closure,Adjustable Strap,Faux Leather,Spot or Wipe Clean,imported,728434871156,,"{""Dimensions (Overall)"": ""11.8 inches (H) x 10.6 inches (W) x 2.75 inches (D)"", ""Shell Material"": ""TPU (Thermoplastic Polyurethane)"", ""Bag Structure"": ""Structured"", ""Interior Features"": ""Accessories Pocket"", ""Exterior Features"": ""Front Pocket"", ""Main Compartment Closure"": ""Zip Closure"", ""Handle Type"": ""Adjustable Strap"", ""Fabric Name"": ""Faux Leather"", ""Care & Cleaning"": ""Spot or Wipe Clean"", ""TCIN"": ""1002315327"", ""UPC"": ""728434871156"", ""Origin"": ""imported""}",True,2026-02-23T00:37:25.585469
1001902102,MKF Collection Danielle Milan Wristlet Wallet Handbag Purse Multiple Card Slots by Mia K- Purple,https://www.target.com/p/mkf-collection-danielle-milan-wristlet-wallet-handbag-purse-multiple-card-slots-by-mia-k/-/A-1001902102?preselect=1001902110#lnk=sametab,MKF Collection,"Target > Clothing, Shoes & Accessories > Accessories > Handbags & Purses",Handbags & Purses,25.0,58.0,56.9,True,0.0,0,,False,purple,,https://target.scene7.com/is/image/Target/GUEST_1bd96593-8e63-452a-9325-3f112442f637?wid=1200&hei=1200&qlt=85 | https://target.scene7.com/is/image/Target/GUEST_c52b33f8-0a0e-490d-8d5e-e5f9a6ec3155?wid=1200&hei=1200&qlt=85 | https://target.scene7.com/is/image/Target/GUEST_b1c2ad48-cdd3-48f6-bf90-6370085f7513?wid=1200&hei=1200&qlt=85 | https://target.scene7.com/is/image/Target/GUEST_3e58083a-5165-400d-b099-adcf0fc4da1b?wid=1200&hei=1200&qlt=85 | https://target.scene7.com/is/image/Target/GUEST_c2b34ebd-c622-4c86-853b-c2b364817bf2?wid=1200&hei=1200&qlt=85 | https://target.scene7.com/is/image/Target/GUEST_1f25787c-2613-468b-b4eb-bb47f66eed20?wid=1200&hei=1200&qlt=85 | https://target.scene7.com/is/image/Target/GUEST_b522dfbf-5907-43a5-8d16-8e7a359a3ccf?wid=1200&hei=1200&qlt=85 | https://target.scene7.com/is/image/Target/GUEST_8de4853d-5d3d-437e-b813-cca31b56fbde?wid=1200&hei=1200&qlt=85 | https://target.scene7.com/is/image/Target/GUEST_57f3f9dd-7599-441d-8406-ec5c76387a7f?wid=1200&hei=1200&qlt=85 | https://target.scene7.com/is/image/Target/GUEST_c0c065c6-0ec6-4a30-aadf-96b5e83b4e91?wid=1200&hei=1200&qlt=85,"MKF Collection is an independent brand and is not affiliated with Michael Kors in any way.; Removable wristlet strap 7 in; Made of high-quality vegan leather; Fabric lining; Designed with luxurious gold tone hardware; Double zip top closure; Interior features 8 cards slots, 2 full-size bill compartments, and a zipper pocket to store coins or receipts",,TPU (Thermoplastic Polyurethane),"{""H"": ""4"", ""W"": ""2"", ""D"": ""7.5""}",4 inches (H) x 2 inches (W) x 7.5 inches (D),Structured,Accessories Pocket,No Compartments or Pockets,Zip Closure,Retractable Handle,Faux Leather,Spot or Wipe Clean,imported,728434887263,,"{""Dimensions (Overall)"": ""4 inches (H) x 2 inches (W) x 7.5 inches (D)"", ""Shell Material"": ""TPU (Thermoplastic Polyurethane)"", ""Bag Structure"": ""Structured"", ""Interior Features"": ""Accessories Pocket"", ""Exterior Features"": ""No Compartments or Pockets"", ""Main Compartment Closure"": ""Zip Closure"", ""Handle Type"": ""Retractable Handle"", ""Fabric Name"": ""Faux Leather"", ""Care & Cleaning"": ""Spot or Wipe Clean"", ""TCIN"": ""1001902110"", ""UPC"": ""728434887263"", ""Origin"": ""imported""}",True,2026-02-23T00:37:25.585469
1002300177,MKF Collection Gayle Crossbody Bag Stylish Vegan Leather Women’s Purse by Mia K- Blush Pink,https://www.target.com/p/mkf-collection-gayle-crossbody-bag-stylish-vegan-leather-women-s-purse-by-mia-k/-/A-1002300177?preselect=1002300180#lnk=sametab,MKF Collection,"Target > Clothing, Shoes & Accessories > Accessories > Handbags & Purses > Crossbody & Messenger Bags",Crossbody & Messenger Bags,56.64,118.0,52.0,True,0.0,0,,False,blush pink,,https://target.scene7.com/is/image/Target/GUEST_b23ab63f-4045-4913-bf70-4dd36c9d067a?wid=1200&hei=1200&qlt=85 | https://target.scene7.com/is/image/Target/GUEST_c52b33f8-0a0e-490d-8d5e-e5f9a6ec3155?wid=1200&hei=1200&qlt=85 | https://target.scene7.com/is/image/Target/GUEST_6ff44b5d-b1bd-4afa-9c6c-d850e5e78b80?wid=1200&hei=1200&qlt=85 | https://target.scene7.com/is/image/Target/GUEST_c13ad1cc-bfa4-4e7d-ac9c-1cf0f7b391c0?wid=1200&hei=1200&qlt=85 | https://target.scene7.com/is/image/Target/GUEST_7abd21e8-7a66-4362-8315-8a1d5a2517d9?wid=1200&hei=1200&qlt=85 | https://target.scene7.com/is/image/Target/GUEST_7b86b4fc-626f-4b22-8391-616e2e827f9e?wid=1200&hei=1200&qlt=85 | https://target.scene7.com/is/image/Target/GUEST_d166bef2-7b1f-495d-9c55-f3d38f3dd468?wid=1200&hei=1200&qlt=85 | https://target.scene7.com/is/image/Target/baseswatch?wid=1200&hei=1200&qlt=85 | https://target.scene7.com/is/image/Target/GUEST_449d9bb9-9be9-4468-93ae-564dcecece1a?wid=1200&hei=1200&qlt=85 | https://target.scene7.com/is/image/Target/GUEST_cc1d7f84-62cd-48a1-a902-cd9acedf824a?wid=1200&hei=1200&qlt=85,Measurements - 8 in L x 8 in H x 2.8 in D; Flat short handle- 2 in; Adjustable shoulder strap extends to 50 in; Interior features a spacious compartment with a slip-in pocket and a wall zipper pocket; The exterior features a wide front magnetic snap pocket and can fit keys or cards; A back slip in pocket; Designed with luxurious gold tone hardware; Top zipper closure; Decorative Tassel; This product is not affiliated with Michael Kors.,,TPU (Thermoplastic Polyurethane),"{""H"": ""8"", ""W"": ""8"", ""D"": ""2.8""}",8 inches (H) x 8 inches (W) x 2.8 inches (D),Structured,Accessories Pocket,Adjustable Strap,Zip Closure,Adjustable Strap,Faux Leather,Spot or Wipe Clean,imported,748926278430,,"{""Dimensions (Overall)"": ""8 inches (H) x 8 inches (W) x 2.8 inches (D)"", ""Shell Material"": ""TPU (Thermoplastic Polyurethane)"", ""Bag Structure"": ""Structured"", ""Interior Features"": ""Accessories Pocket"", ""Exterior Features"": ""Adjustable Strap"", ""Main Compartment Closure"": ""Zip Closure"", ""Handle Type"": ""Adjustable Strap"", ""Fabric Name"": ""Faux Leather"", ""Care & Cleaning"": ""Spot or Wipe Clean"", ""TCIN"": ""1002300180"", ""UPC"": ""748926278430"", ""Origin"": ""imported""}",True,2026-02-23T00:37:25.585469
1003098155,"MKF Collection Mariahna 3-Piece Set – Shopper Tote, Crossbody Bag, and Wristlet Wallet Purse by Mia K - Yellow",https://www.target.com/p/mkf-collection-mariahna-3-piece-set-shopper-tote-crossbody-bag-and-wristlet-wallet-purse-by-mia-k/-/A-1003098155?preselect=1003098165#lnk=sametab,MKF Collection,"Target > Clothing, Shoes & Accessories > Accessories > Handbags & Purses > Shoulder Bags",Shoulder Bags,111.18,218.0,49.0,True,0.0,0,,False,yellow,,https://target.scene7.com/is/image/Target/GUEST_671c522d-cd4a-400c-92d8-386fec67b0b6?wid=1200&hei=1200&qlt=85 | https://target.scene7.com/is/image/Target/GUEST_c52b33f8-0a0e-490d-8d5e-e5f9a6ec3155?wid=1200&hei=1200&qlt=85 | https://target.scene7.com/is/image/Target/GUEST_d091fcea-f5b6-442a-b11d-81e68ab2887e?wid=1200&hei=1200&qlt=85 | https://target.scene7.com/is/image/Target/GUEST_ae5a3fa5-3e1b-4617-86b9-cdc4f6cb92d0?wid=1200&hei=1200&qlt=85 | https://target.scene7.com/is/image/Target/GUEST_f52d2967-a070-4bcf-a439-8059cc30870f?wid=1200&hei=1200&qlt=85 | https://target.scene7.com/is/image/Target/GUEST_b2979c55-a1e8-423a-8882-f54ef2b4d255?wid=1200&hei=1200&qlt=85 | https://target.scene7.com/is/image/Target/GUEST_bf5625bb-e88b-4eae-b32a-9d69661a3f71?wid=1200&hei=1200&qlt=85 | https://target.scene7.com/is/image/Target/GUEST_5deead08-b397-4794-aeb0-db0e58e993cf?wid=1200&hei=1200&qlt=85 | https://target.scene7.com/is/image/Target/GUEST_603f50d0-927a-45f5-abc5-d5afc591547b?wid=1200&hei=1200&qlt=85 | https://target.scene7.com/is/image/Target/GUEST_0285801b-0bdf-4147-9547-7c57543e395a?wid=1200&hei=1200&qlt=85,"Measurements Tote: 18in W x 12in H x 5 in D; Tote Double Handle drop 10.5 in; Tote Interior features a spacious compartment; Measurements Crossbody: 10.5 in W x 8in H x 3.75 in D; Crossbody Pouch Removable and adjustable shoulder strap, extends up to 46 in; Crossbody Pouch interior features slip in pockets and zipper pocket; Crossbody Pouch exterior features back zippered pocket; Wallet Measurements: 8in W X 4in H X 2 in D; Wallet with 8 card slots, 2 bill compartments, 1 zipper pocket",,TPU (Thermoplastic Polyurethane),"{""H"": ""12"", ""W"": ""18"", ""D"": ""5""}",12 inches (H) x 18 inches (W) x 5 inches (D),Structured,Side Pockets,No Compartments or Pockets,"Open, No Closure",Double Handle,Faux Leather,Spot or Wipe Clean,imported,726667356976,,"{""Dimensions (Overall)"": ""12 inches (H) x 18 inches (W) x 5 inches (D)"", ""Shell Material"": ""TPU (Thermoplastic Polyurethane)"", ""Bag Structure"": ""Structured"", ""Interior Features"": ""Side Pockets"", ""Exterior Features"": ""No Compartments or Pockets"", ""Main Compartment Closure"": ""Open, No Closure"", ""Handle Type"": ""Double Handle"", ""Fabric Name"": ""Faux Leather"", ""Care & Cleaning"": ""Spot or Wipe Clean"", ""TCIN"": ""1003098165"", ""UPC"": ""726667356976"", ""Origin"": ""imported""}",True,2026-02-23T00:37:25.585469
1005416043,MKF Collection Melody Vegan Leather Women’s Crossbody Shoulder Handbag Purse by Mia K - Cognac,https://www.target.com/p/mkf-collection-melody-vegan-leather-women-s-crossbody-shoulder-handbag-purse-by-mia-k/-/A-1005416043?preselect=1005416045#lnk=sametab,MKF Collection,"Target > Clothing, Shoes & Accessories > Accessories > Handbags & Purses > Crossbody & Messenger Bags",Crossbody & Messenger Bags,85.68,168.0,49.0,True,0.0,0,,False,cognac,,https://target.scene7.com/is/image/Target/GUEST_e73308d8-079d-4dac-835c-4ccef92949c0?wid=1200&hei=1200&qlt=85 | https://target.scene7.com/is/image/Target/GUEST_48af9d64-61b3-47cb-b9a4-3ee21fccfd18?wid=1200&hei=1200&qlt=85 | https://target.scene7.com/is/image/Target/GUEST_18d47786-ceb7-484a-9bf6-681a3787dafb?wid=1200&hei=1200&qlt=85 | https://target.scene7.com/is/image/Target/GUEST_54735063-77fe-463d-9c0b-5524c55aed56?wid=1200&hei=1200&qlt=85 | https://target.scene7.com/is/image/Target/GUEST_d9b5f7e3-484e-433c-83ac-85dd9dc1c018?wid=1200&hei=1200&qlt=85 | https://target.scene7.com/is/image/Target/GUEST_ded104b1-87ab-42b9-9c43-05cbb1aaf402?wid=1200&hei=1200&qlt=85 | https://target.scene7.com/is/image/Target/GUEST_044e1bf1-6d25-4c37-825a-3371d42ff2dd?wid=1200&hei=1200&qlt=85 | https://target.scene7.com/is/image/Target/GUEST_ea1e3acc-e1d4-4321-a4fe-0176706205c0?wid=1200&hei=1200&qlt=85 | https://target.scene7.com/is/image/Target/GUEST_5e874689-4160-438e-8180-40f4fdae2208?wid=1200&hei=1200&qlt=85 | https://target.scene7.com/is/image/Target/GUEST_d8615bf7-5c9a-4662-93ce-033381dd0d87?wid=1200&hei=1200&qlt=85,Made of High-Quality Vegan Leather; Measurements: 11in L X 9in H X 4in D; Removable Shoulder strap 21 in; One-compartment spacious interior; 1 exterior pocket.; 2 interior slip pockets.; 1 interior zipper pocket with signature Mia K. Collection plate.,,TPU (Thermoplastic Polyurethane),"{""H"": ""9"", ""W"": ""11"", ""D"": ""4""}",9 inches (H) x 11 inches (W) x 4 inches (D),Structured,Side Pockets,Back Pocket,Zip Closure,Shoulder Strap,Faux Leather,Spot or Wipe Clean,imported,748926307529,,"{""Dimensions (Overall)"": ""9 inches (H) x 11 inches (W) x 4 inches (D)"", ""Shell Material"": ""TPU (Thermoplastic Polyurethane)"", ""Bag Structure"": ""Structured"", ""Interior Features"": ""Side Pockets"", ""Exterior Features"": ""Back Pocket"", ""Main Compartment Closure"": ""Zip Closure"", ""Handle Type"": ""Shoulder Strap"", ""Fabric Name"": ""Faux Leather"", ""Care & Cleaning"": ""Spot or Wipe Clean"", ""TCIN"": ""1005416045"", ""UPC"": ""748926307529"", ""Origin"": ""imported""}",True,2026-02-23T00:37:25.585469
93052487,MKF Collection Gabriella Checkers Handbag with Wallet by Mia K - Cognac Brown,https://www.target.com/p/mkf-collection-gabriella-checkers-handbag-with-wallet-by-mia-k/-/A-93052487?preselect=93052488#lnk=sametab,MKF Collection,"Target > Clothing, Shoes & Accessories > Accessories > Handbags & Purses > Shoulder Bags",Shoulder Bags,75.0,178.0,57.9,True,2.0,1,,False,cognac brown,,https://target.scene7.com/is/image/Target/GUEST_81877d52-f896-4568-8574-b6ee54b4399b?wid=1200&hei=1200&qlt=85 | https://target.scene7.com/is/image/Target/GUEST_c52b33f8-0a0e-490d-8d5e-e5f9a6ec3155?wid=1200&hei=1200&qlt=85 | https://target.scene7.com/is/image/Target/GUEST_e17d2ec2-abce-4cac-8f19-51180bc3f5a7?wid=1200&hei=1200&qlt=85 | https://target.scene7.com/is/image/Target/GUEST_234fdd7b-ff34-477b-be09-bab9ce6e691c?wid=1200&hei=1200&qlt=85 | https://target.scene7.com/is/image/Target/GUEST_a5acf598-1a79-47c0-ae40-c865f36142e0?wid=1200&hei=1200&qlt=85 | https://target.scene7.com/is/image/Target/GUEST_716611eb-72ef-4b8c-9147-a77078349dcd?wid=1200&hei=1200&qlt=85 | https://target.scene7.com/is/image/Target/GUEST_7a9224ca-7cdd-4344-9206-bd309ca7b1f6?wid=1200&hei=1200&qlt=85 | https://target.scene7.com/is/image/Target/GUEST_716878e8-3ed1-430b-ab9f-9041930f5cf2?wid=1200&hei=1200&qlt=85 | https://target.scene7.com/is/image/Target/GUEST_1614f6be-2095-40ff-a80f-697122c11cfa?wid=1200&hei=1200&qlt=85 | https://target.scene7.com/is/image/Target/GUEST_c1dc3b5c-b64b-4685-b754-03e3011c2eb2?wid=1200&hei=1200&qlt=85,"Tote Measurements: 13 in W x 11 in H x 5 in D; Handle drop 7 in; Adjustable shoulder strap adjusts up to 48 in; Wallet Measurements 7.5 W X 4H X 1 D; Interior Details: 8 Card Slots, Coin Zip Compartment, 2 Slip Pockets,   Zip Fastening.",,TPU (Thermoplastic Polyurethane),"{""H"": ""11"", ""W"": ""13"", ""D"": ""5""}",11 inches (H) x 13 inches (W) x 5 inches (D),Structured,Zip Pocket,Zip Pocket,Zip Closure,Adjustable Strap,Faux Leather,Spot or Wipe Clean,imported,748926312585,,"{""Dimensions (Overall)"": ""11 inches (H) x 13 inches (W) x 5 inches (D)"", ""Shell Material"": ""TPU (Thermoplastic Polyurethane)"", ""Bag Structure"": ""Structured"", ""Interior Features"": ""Zip Pocket"", ""Exterior Features"": ""Zip Pocket"", ""Main Compartment Closure"": ""Zip Closure"", ""Handle Type"": ""Adjustable Strap"", ""Fabric Name"": ""Faux Leather"", ""Care & Cleaning"": ""Spot or Wipe Clean"", ""TCIN"": ""93052488"", ""UPC"": ""748926312585"", ""Origin"": ""imported""}",True,2026-02-23T00:38:16.435979
1007881581,"Leather Vintage Work Tote Bag Computer Office Teacher Bag with Large Cup Holder Brown-15.6 inch 16.5"" x 5.2"" x 12""",https://www.target.com/p/leather-vintage-work-tote-bag-computer-office-teacher-bag-with-large-cup-holder/-/A-1007881581?preselect=1007881583#lnk=sametab,Empire DigiLabs,"Target > Clothing, Shoes & Accessories > Accessories > Handbags & Purses",Handbags & Purses,209.97,419.94,50.0,True,0.0,0,,False,"size16.5"" x 5.2"" x 12""",,https://target.scene7.com/is/image/Target/GUEST_7c531e62-f238-4e5e-ac66-4ec1afce7808?wid=1200&hei=1200&qlt=85 | https://target.scene7.com/is/image/Target/GUEST_feca0661-2e0f-42e0-9a56-6cb6656263a1?wid=1200&hei=1200&qlt=85 | https://target.scene7.com/is/image/Target/GUEST_1160e1ae-35bc-4bc9-95f2-3ff2ce0bce3c?wid=1200&hei=1200&qlt=85 | https://target.scene7.com/is/image/Target/GUEST_daa91ce1-606f-45d5-a531-86d4307ac291?wid=1200&hei=1200&qlt=85 | https://target.scene7.com/is/image/Target/GUEST_a385acb9-0b34-4645-b389-e7752dfe7d16?wid=1200&hei=1200&qlt=85,,,Leather,"{""H"": ""12"", ""W"": ""16.5"", ""D"": ""5.2""}",12 inches (H) x 16.5 inches (W) x 5.2 inches (D),Structured,Multiple Compartments,Multiple Compartments,Zip Closure,Carrying Handle,Faux Leather,Spot or Wipe Clean,imported,661309868847,,"{""Dimensions (Overall)"": ""12 inches (H) x 16.5 inches (W) x 5.2 inches (D)"", ""Shell Material"": ""Leather"", ""Bag Structure"": ""Structured"", ""Interior Features"": ""Multiple Compartments"", ""Exterior Features"": ""Multiple Compartments"", ""Main Compartment Closure"": ""Zip Closure"", ""Handle Type"": ""Carrying Handle"", ""Fabric Name"": ""Faux Leather"", ""Care & Cleaning"": ""Spot or Wipe Clean"", ""TCIN"": ""1007881583"", ""UPC"": ""661309868847"", ""Origin"": ""imported""}",True,2026-02-23T00:38:16.435979
1006712391,"Buxton Women's Vegan Leather Everywhere Lanyard ID Wallet, Lagoon Blue",https://www.target.com/p/buxton-women-s-vegan-leather-everywhere-lanyard-id-wallet/-/A-1006712391?preselect=1006712390#lnk=sametab,Buxton,"Target > Clothing, Shoes & Accessories > Accessories > Wallets",Wallets,25.94,31.0,16.3,True,0.0,0,,False,lagoon blue  - Out of Stock,,https://target.scene7.com/is/image/Target/GUEST_234dce2c-9757-4b8d-bf5d-e4eb6a19b8bd?wid=1200&hei=1200&qlt=85 | https://target.scene7.com/is/image/Target/GUEST_7358c234-eeed-48a8-8a6a-a07455c09da5?wid=1200&hei=1200&qlt=85 | https://target.scene7.com/is/image/Target/GUEST_94a213f6-0f47-49fd-bbb3-5f86bc39e562?wid=1200&hei=1200&qlt=85 | https://target.scene7.com/is/image/Target/GUEST_2a92b798-01b0-4ec1-8e44-5b1439a265be?wid=1200&hei=1200&qlt=85 | https://target.scene7.com/is/image/Target/GUEST_1fad12be-33ca-4482-a423-7470ede42c9e?wid=1200&hei=1200&qlt=85 | https://target.scene7.com/is/image/Target/GUEST_290224f8-5342-45c5-9072-03bab6e69a98?wid=1200&hei=1200&qlt=85,"Measures 5 x 3 x .5 inches, removable lanyard strap with 19.5-inch drop; RFID identity protection; I.D. window on front; Snap closure- interior I.D. window, 2 card slots; Zipper pocket for cash and coins",,Polyester,"{""H"": ""1.0"", ""W"": ""3.3"", ""D"": ""5.3""}",1.0 inches (H) x 3.3 inches (W) x 5.3 inches (D),Lightweight,2 Card Slots,Slip Pocket,Snap closure,,Woven,Spot or Wipe Clean,imported,628210181403,,"{""Dimensions (Overall)"": ""1.0 inches (H) x 3.3 inches (W) x 5.3 inches (D)"", ""Weight"": "".2 pounds"", ""Suggested Age"": ""Adult"", ""Shell Material"": ""Polyester"", ""Bag Structure"": ""Lightweight"", ""Interior Features"": ""2 Card Slots"", ""Exterior Features"": ""Slip Pocket"", ""Main Compartment Closure"": ""Snap closure"", ""Fabric Name"": ""Woven"", ""Care & Cleaning"": ""Spot or Wipe Clean"", ""TCIN"": ""1006712390"", ""UPC"": ""628210181403"", ""Origin"": ""imported""}",True,2026-02-23T00:38:16.435979
94742398,Straw Mini Slouchy Shoulder Bag - Universal Thread™ Natural,https://www.target.com/p/straw-mini-slouchy-shoulder-bag-universal-thread-8482-natural/-/A-94742398#lnk=sametab,Universal Thread,"Target > Clothing, Shoes & Accessories > Accessories > Handbags & Purses > Crossbody & Messenger Bags",Crossbody & Messenger Bags,30.0,0.0,0.0,False,1.0,1,,False,,,https://target.scene7.com/is/image/Target/GUEST_c8258c63-4fdf-4a0c-a8c5-fe69832d0caf?wid=1200&hei=1200&qlt=85 | https://target.scene7.com/is/image/Target/GUEST_b2d9eda6-7c80-45bb-86ec-1a8a258900aa?wid=1200&hei=1200&qlt=85 | https://target.scene7.com/is/image/Target/GUEST_15bc1987-637a-433a-9f20-252567f77384?wid=1200&hei=1200&qlt=85 | https://target.scene7.com/is/image/Target/GUEST_b2beb9c4-d53d-49c5-8023-340b2f43c4f9?wid=1200&hei=1200&qlt=85 | https://target.scene7.com/is/image/Target/GUEST_7f02bcc1-d60e-476c-8bc2-6c11b65aecc7?wid=1200&hei=1200&qlt=85 | https://target.scene7.com/is/image/Target/GUEST_3a5a31a0-b1d9-4eb6-bc29-4244a40b808b?wid=1200&hei=1200&qlt=85,Universal Thread mini shoulder bag in beige hue; Straw paper shell; Crochet exterior; Spacious main compartment with magnetic closure; Faux-leather handle; Detachable linked chain; Forest Stewardship Council Certified,,Paper,"{""H"": ""12.75"", ""W"": ""9.25"", ""D"": ""3""}",12.75 Inches (H) x 9.25 Inches (W) x 3 Inches (D),Unstructured,No Compartments or Pockets,Detachable Straps,Snap closure,"Single handle, Removable Strap",Crochet,Do Not Wash,Imported,199268613760,024-00-0476,"{""Dimensions (Overall)"": ""12.75 Inches (H) x 9.25 Inches (W) x 3 Inches (D)"", ""Shell Material"": ""Paper"", ""Bag Structure"": ""Unstructured"", ""Interior Features"": ""No Compartments or Pockets"", ""Exterior Features"": ""Detachable Straps"", ""Main Compartment Closure"": ""Snap closure"", ""Handle Type"": ""Single handle, Removable Strap"", ""Fabric Name"": ""Crochet"", ""Care & Cleaning"": ""Do Not Wash"", ""TCIN"": ""94742398"", ""UPC"": ""199268613760"", ""Item Number (DPCI)"": ""024-00-0476"", ""Origin"": ""Imported""}",True,2026-02-23T00:38:16.435979
94804142,Toddler Girls' Plush Bunny Purse - Cat & Jack™ White,https://www.target.com/p/toddler-girls-39-plush-bunny-purse-cat-38-jack-8482-white/-/A-94804142#lnk=sametab,Cat & Jack,"Target > Clothing, Shoes & Accessories > Accessories > Kids’ Accessories > Toddler Accessories > Toddler Girls’ Accessories",Toddler Girls’ Accessories,14.0,0.0,0.0,False,0.0,0,,False,,,https://target.scene7.com/is/image/Target/GUEST_32643383-04b9-4949-a3c0-3428f5aac011?wid=1200&hei=1200&qlt=85 | https://target.scene7.com/is/image/Target/GUEST_273a2f23-54fa-4c64-af5c-1261e6f6dea2?wid=1200&hei=1200&qlt=85 | https://target.scene7.com/is/image/Target/GUEST_f08abc45-7a34-4a1c-981e-04eedf9e7a86?wid=1200&hei=1200&qlt=85 | https://target.scene7.com/is/image/Target/GUEST_c0f518c2-142d-44f7-b1d3-d68552674421?wid=1200&hei=1200&qlt=85,,,Polyurethane,"{""H"": ""5"", ""W"": ""7"", ""D"": ""3""}",5 Inches (H) x 7 Inches (W) x 3 Inches (D),"Softside, Fold Over Top",No Compartments or Pockets,No Compartments or Pockets,Hook and Loop Closure,Polyurethane,Faux Fur,Care Instructions Not Provided,Imported,199592040232,217-07-2493,"{""Dimensions (Overall)"": ""5 Inches (H) x 7 Inches (W) x 3 Inches (D)"", ""Shell Material"": ""100% Recycled Polyester"", ""Bag Structure"": ""Softside, Fold Over Top"", ""Interior Features"": ""No Compartments or Pockets"", ""Exterior Features"": ""No Compartments or Pockets"", ""Main Compartment Closure"": ""Hook and Loop Closure"", ""Handle Type"": ""Top Carrying Handle, single handle"", ""Fabric Name"": ""Faux Fur"", ""Handle Material"": ""Polyurethane"", ""Care & Cleaning"": ""Care Instructions Not Provided"", ""TCIN"": ""94804142"", ""UPC"": ""199592040232"", ""Item Number (DPCI)"": ""217-07-2493"", ""Origin"": ""Imported""}",True,2026-02-23T00:38:16.435979
1007468753,Alilang Felt Purse Organizer Insert with Multiple Pockets and Zipper Compartment - Light Beige,https://www.target.com/p/anna-kaci-felt-purse-organizer-insert-with-multiple-pockets-and-zipper-compartment/-/A-1007468753?preselect=1007468756#lnk=sametab,Alilang,"Target > Clothing, Shoes & Accessories > Accessories > Handbags & Purses",Handbags & Purses,17.99,19.0,5.3,True,0.0,0,,False,light beige,,https://target.scene7.com/is/image/Target/GUEST_bac9e626-ec76-48b6-9a99-9aa751311754?wid=1200&hei=1200&qlt=85 | https://target.scene7.com/is/image/Target/GUEST_9733f7e8-06a4-4665-ae6a-b2b370fbdc0e?wid=1200&hei=1200&qlt=85 | https://target.scene7.com/is/image/Target/GUEST_0f470174-b2cc-4a30-859f-5fac07324d66?wid=1200&hei=1200&qlt=85 | https://target.scene7.com/is/image/Target/GUEST_e47caed2-c199-4499-9b3e-481d8c6291bd?wid=1200&hei=1200&qlt=85,"Multi-Pocket Design: Includes multiple open and zippered compartments for neatly storing cosmetics, wallets, bottles, and accessories.; Durable Felt Material: Crafted from high-quality felt that is both lightweight and sturdy, providing structure and protection for your belongings.; Maintains Bag Shape: Keeps handbags and totes structured while preventing sagging or cluttered interiors.; Easy to Transfer: Removable design allows quick transfer between different bags, saving time and keeping items organized.; Functional and Versatile: Ideal for daily handbags, travel totes, and work bags, offering both practicality and style.",,Polyester,"{""H"": ""10.5"", ""W"": ""5"", ""D"": ""3""}",10.5 inches (H) x 5 inches (W) x 3 inches (D),Lightweight,No Compartments or Pockets,Slip Pocket,Zip Closure,No Handles or Straps,Woven,Hand Wash,imported,737745400207,,"{""Dimensions (Overall)"": ""10.5 inches (H) x 5 inches (W) x 3 inches (D)"", ""Shell Material"": ""Polyester"", ""Bag Structure"": ""Lightweight"", ""Interior Features"": ""No Compartments or Pockets"", ""Exterior Features"": ""Slip Pocket"", ""Main Compartment Closure"": ""Zip Closure"", ""Handle Type"": ""No Handles or Straps"", ""Fabric Name"": ""Woven"", ""Product Name"": ""Alilang Felt Purse Organizer Insert with Multiple Pockets and Zipper Compartment - Light Beige"", ""Care & Cleaning"": ""Hand Wash"", ""TCIN"": ""1007468756"", ""UPC"": ""737745400207"", ""Origin"": ""imported""}",True,2026-02-23T00:38:16.435979
1006287446,Everyday Weekender Travel Duffel – Hynes Eagle – Black,https://www.target.com/p/hynes-eagle-31l-travel-duffel-bag-lightweight-water-resistant-gym-weekender-bag-with-laptop-sleeve-crossbody-strap-shoe-pocket/-/A-1006287446?preselect=1006287448#lnk=sametab,Hynes Eagle,"Target > Clothing, Shoes & Accessories > Accessories > Handbags & Purses",Handbags & Purses,39.99,0.0,0.0,False,5.0,11,,False,size31lSize guide,,https://target.scene7.com/is/image/Target/GUEST_d4c27b79-59ad-4fb8-a93f-972ab25d35aa?wid=1200&hei=1200&qlt=85 | https://target.scene7.com/is/image/Target/GUEST_34bb0a16-ab7a-47d0-a196-4768275414b4?wid=1200&hei=1200&qlt=85 | https://target.scene7.com/is/image/Target/GUEST_147b69b9-9be2-4ba4-9e29-6cb539915bb5?wid=1200&hei=1200&qlt=85 | https://target.scene7.com/is/image/Target/GUEST_e9d07cf8-8f94-4fa4-b0f2-d5245e1aef0a?wid=1200&hei=1200&qlt=85 | https://target.scene7.com/is/image/Target/GUEST_2cce9b22-7cbd-487c-8126-2fa63ceab91a?wid=1200&hei=1200&qlt=85 | https://target.scene7.com/is/image/Target/GUEST_9ea47dcc-f601-4c58-ab61-0d429f188385?wid=1200&hei=1200&qlt=85 | https://target.scene7.com/is/image/Target/GUEST_5b1cf06a-698a-4fc6-90d3-cc59212e5b15?wid=1200&hei=1200&qlt=85 | https://target.scene7.com/is/image/Target/GUEST_20b98dd0-6683-4790-9dd5-ddcd69e0946d?wid=1200&hei=1200&qlt=85,"31L zip-top main compartment for everyday + travel; Padded laptop sleeve fits devices up to 17""; Separate shoe or laundry compartment; Water-repellent nylon exterior for daily wear + travel; Pass-through strap fits over rolling luggage handle; Multiple exterior pockets for quick-access essentials; Detachable crossbody strap for hands-free carry; Comfortable top handles for grab-and-go use; Includes matching accessory pouch",,Nylon,"{""H"": ""19.7"", ""W"": ""11.8"", ""D"": ""7.9""}",19.7 inches (H) x 11.8 inches (W) x 7.9 inches (D),Lightweight,Removable Pouch,Padded Laptop Compartment,Zip Closure,Adjustable Shoulder Strap,Flat,Hand Wash,imported,810192523986,,"{""Dimensions (Overall)"": ""19.7 inches (H) x 11.8 inches (W) x 7.9 inches (D)"", ""Shell Material"": ""Nylon"", ""Bag Structure"": ""Lightweight"", ""Interior Features"": ""Removable Pouch"", ""Exterior Features"": ""Padded Laptop Compartment"", ""Main Compartment Closure"": ""Zip Closure"", ""Handle Type"": ""Adjustable Shoulder Strap"", ""Fabric Name"": ""Flat"", ""Fits Laptop"": ""Up to 17 Inches"", ""Care & Cleaning"": ""Hand Wash"", ""TCIN"": ""1006287448"", ""UPC"": ""810192523986"", ""Origin"": ""imported""}",True,2026-02-23T00:38:16.435979
90113291,"Buxton Women's Solid Color Vegan Leather Large ID Coin Case, Black Plaid",https://www.target.com/p/buxton-women-s-solid-color-vegan-leather-large-id-coin-case/-/A-90113291?preselect=1006773696#lnk=sametab,Buxton,"Target > Clothing, Shoes & Accessories > Accessories > Wallets",Wallets,29.94,35.0,14.5,True,5.0,1,,False,black plaid,,https://target.scene7.com/is/image/Target/GUEST_88b7827a-bbf6-4051-8dae-ae99a677226d?wid=1200&hei=1200&qlt=85 | https://target.scene7.com/is/image/Target/GUEST_74aff764-2ec6-4ad9-b57e-2d3b12487c66?wid=1200&hei=1200&qlt=85 | https://target.scene7.com/is/image/Target/GUEST_54c9a3dc-d862-4e3e-be15-693d9badf3d4?wid=1200&hei=1200&qlt=85,"Measures 5.5 x 4.25 x .5 inches; Bonus mini wallet inside with ID window, 2 slip pockets and 1 money pocket; Main compartment is secured with zipper for cash, coins, or cards; ID window and slip pocket on the front, zipper pocket on the back; RFID identity protection",,Polyurethane,"{""H"": "".5"", ""W"": ""4.3"", ""D"": ""5.5""}",.5 inches (H) x 4.3 inches (W) x 5.5 inches (D),Lightweight,Coin Purse,Credit Card Pockets,Zip Closure,,Woven,Spot or Wipe Clean,imported,628210188181,,"{""Dimensions (Overall)"": "".5 inches (H) x 4.3 inches (W) x 5.5 inches (D)"", ""Weight"": "".15 pounds"", ""Suggested Age"": ""Adult"", ""Shell Material"": ""Polyurethane"", ""Bag Structure"": ""Lightweight"", ""Interior Features"": ""Coin Purse"", ""Exterior Features"": ""Credit Card Pockets"", ""Main Compartment Closure"": ""Zip Closure"", ""Fabric Name"": ""Woven"", ""Care & Cleaning"": ""Spot or Wipe Clean"", ""TCIN"": ""1006773696"", ""UPC"": ""628210188181"", ""Origin"": ""imported""}",True,2026-02-23T00:38:16.435979
1001652899,AmeriBag 15,https://www.target.com/p/ameribag-extra-small-distressed-nylon-healthy-back-bag/-/A-1001652899?preselect=1001652903#lnk=sametab,AmeriBag,"Target > Clothing, Shoes & Accessories > Accessories > Handbags & Purses > Shoulder Bags",Shoulder Bags,70.0,75.0,6.7,True,0.0,0,,False,stormy grey,,https://target.scene7.com/is/image/Target/GUEST_72338645-3e54-4089-9c62-3afc8a8d7bba?wid=1200&hei=1200&qlt=85 | https://target.scene7.com/is/image/Target/GUEST_29347d53-9796-473d-97d5-06acc0142a6a?wid=1200&hei=1200&qlt=85 | https://target.scene7.com/is/image/Target/GUEST_296bf026-a179-456e-879b-7c23422c3851?wid=1200&hei=1200&qlt=85 | https://target.scene7.com/is/image/Target/GUEST_ed53bab0-3ad6-4d18-82b7-d52fa74a473a?wid=1200&hei=1200&qlt=85 | https://target.scene7.com/is/image/Target/GUEST_241c720d-c8fd-439f-887a-b6e17012129a?wid=1200&hei=1200&qlt=85 | https://target.scene7.com/is/image/Target/GUEST_c4eee1f2-1467-4dcb-b73a-0e46e327db8e?wid=1200&hei=1200&qlt=85 | https://target.scene7.com/is/image/Target/GUEST_acf7c9ed-ae4c-4c1f-8b5c-f999b8e082d8?wid=1200&hei=1200&qlt=85 | https://target.scene7.com/is/image/Target/GUEST_7b041176-39ce-44cd-9b06-2255824dc782?wid=1200&hei=1200&qlt=85 | https://target.scene7.com/is/image/Target/GUEST_41f1918b-139c-4e97-ad56-d15cc02d2373?wid=1200&hei=1200&qlt=85 | https://target.scene7.com/is/image/Target/GUEST_537c73cc-eb3d-498f-afb6-612e79085160?wid=1200&hei=1200&qlt=85,"SIZE: A compact daily bag spacious enough to replace a small to medium size handbag. 15 x 8 x 5.5 inches; MATERIAL: Hardwearing, machine washable, weather resistant...just some of the properties of the beautifully textured distressed nylon. Ready-for-anything and lightweight makes these HBB's perfect for everyday wear as well as an active, outdoors lifestyle; COMFORTABLE: A Healthy Back Bag is the perfect combination of fashion and function, making style effortless. Can be worn cross-body for full back health benefits or over the shoulder to grab and be on your way!; ERGONOMIC: Designed to mold to the shape of your spine, minimizing the strain on your back, neck and shoulders. The body-hugging contours and adjustable wearing eliminate twisting or straining your posture. The more places a bag touches your body as you wear it, the lighter it feels...and that’s the secret; SECURE: With the main zip always against your back your stuff is safe and accessible without taking your bag off. Having the double zippers meet in the middle make accessing your belongings a breeze. Simply swing the bag around to the front of your body while wearing it across the back, when finished, close zippers and then swing it back around!",,Nylon,"{""H"": ""15"", ""W"": ""8"", ""D"": ""5.5""}",15 inches (H) x 8 inches (W) x 5.5 inches (D),Lightweight,Multiple Compartments,Multiple Compartments,Zip Closure,Adjustable Shoulder Strap,Canvas,Machine Wash,imported,751470025115,,"{""Dimensions (Overall)"": ""15 inches (H) x 8 inches (W) x 5.5 inches (D)"", ""Shell Material"": ""Nylon"", ""Bag Structure"": ""Lightweight"", ""Interior Features"": ""Multiple Compartments"", ""Exterior Features"": ""Multiple Compartments"", ""Main Compartment Closure"": ""Zip Closure"", ""Handle Type"": ""Adjustable Shoulder Strap"", ""Fabric Name"": ""Canvas"", ""Care & Cleaning"": ""Machine Wash"", ""TCIN"": ""1001652903"", ""UPC"": ""751470025115"", ""Origin"": ""imported""}",True,2026-02-23T00:38:16.435979
1009303942,"Narwey Purse Organizer Insert for Longchamp Le Pliage, Premium Felt Long Champ Bag",https://www.target.com/p/narwey-purse-organizer-insert-for-longchamp-le-pliage-premium-felt-long-champ-bag/-/A-1009303942#lnk=sametab,Narwey,"Target > Clothing, Shoes & Accessories > Accessories > Handbags & Purses > Shoulder Bags",Shoulder Bags,34.99,56.99,38.6,True,0.0,0,,False,,,https://target.scene7.com/is/image/Target/GUEST_b3d3c0cf-f1aa-4dbb-a473-6ecbd1782f6b?wid=1200&hei=1200&qlt=85 | https://target.scene7.com/is/image/Target/GUEST_c6c7e003-c241-4082-9d5a-aeae4668825e?wid=1200&hei=1200&qlt=85 | https://target.scene7.com/is/image/Target/GUEST_bd3f5b3a-7a14-4a1b-895d-8a0a3f19c3eb?wid=1200&hei=1200&qlt=85 | https://target.scene7.com/is/image/Target/GUEST_047ac086-c2ad-41c4-a3d5-1b14c26f49a4?wid=1200&hei=1200&qlt=85 | https://target.scene7.com/is/image/Target/GUEST_8cbb15a8-d553-4375-8307-31d9e037d51e?wid=1200&hei=1200&qlt=85,Wool Felt; Organize Your Essentials:; Premium Felt Construction:; Secure Your Valuables:,,Wool,"{""H"": ""9.8"", ""W"": ""1.7"", ""D"": ""11.1""}",9.8 inches (H) x 1.7 inches (W) x 11.1 inches (D),Lightweight,Multiple Compartments,No Compartments or Pockets,Zip Closure,Shoulder Strap,1 x 1 Rib,Dry Clean,imported,162677985254,,"{""Dimensions (Overall)"": ""9.8 inches (H) x 1.7 inches (W) x 11.1 inches (D)"", ""Shell Material"": ""Wool"", ""Bag Structure"": ""Lightweight"", ""Interior Features"": ""Multiple Compartments"", ""Exterior Features"": ""No Compartments or Pockets"", ""Main Compartment Closure"": ""Zip Closure"", ""Handle Type"": ""Shoulder Strap"", ""Fabric Name"": ""1 x 1 Rib"", ""Care & Cleaning"": ""Dry Clean"", ""TCIN"": ""1009303942"", ""UPC"": ""162677985254"", ""Origin"": ""imported""}",True,2026-02-23T00:38:16.435979
94473016,Premium Belt Bag - All In Motion™ - Black,https://www.target.com/p/premium-belt-fanny-pack-bag-all-in-motion/-/A-94473016?preselect=94430703#lnk=sametab,All In Motion,"Target > Clothing, Shoes & Accessories > Accessories > Handbags & Purses > Fanny Packs",Fanny Packs,12.0,15.0,20.0,True,3.8,51,,False,Black | Gray,,https://target.scene7.com/is/image/Target/GUEST_66b35c09-825b-4a1c-b3a1-9a8454b87e18?wid=1200&hei=1200&qlt=85 | https://target.scene7.com/is/image/Target/GUEST_91aefbd2-6f7f-45df-87d8-7661bbd33636?wid=1200&hei=1200&qlt=85 | https://target.scene7.com/is/image/Target/GUEST_1a7d6261-737c-4017-91ae-c5b33564094e?wid=1200&hei=1200&qlt=85 | https://target.scene7.com/is/image/Target/GUEST_ddc8222f-4f18-4b82-b521-634536cdb4d0?wid=1200&hei=1200&qlt=85 | https://target.scene7.com/is/image/Target/GUEST_90ba499e-5730-46bd-b9eb-955e3bb8a874?wid=1200&hei=1200&qlt=85 | https://target.scene7.com/is/image/Target/GUEST_61b58959-5f7c-4ab5-8351-fe4921772499?wid=1200&hei=1200&qlt=85,"Made for: hiking, outdoors, travel; Moves with: recycled polyester; Must-have features: solid color, adjustable strap with buckle, zippered main compartment, zippered front pocket, cell pocket; Spot or wipe Clean",,85% Recycled Polyester,"{""H"": ""5.75"", ""W"": ""9.5"", ""D"": ""2.88""}",5.75 Inches (H) x 9.5 Inches (W) x 2.88 Inches (D),,Cell Phone Pocket,"Front Zip Pocket, Adjustable Strap",Zip Closure,,,Spot or Wipe Clean,Imported,198420666293,069-10-9034,"{""Dimensions (Overall)"": ""5.75 Inches (H) x 9.5 Inches (W) x 2.88 Inches (D)"", ""Shell Material"": ""85% Recycled Polyester"", ""Interior Features"": ""Cell Phone Pocket"", ""Exterior Features"": ""Front Zip Pocket, Adjustable Strap"", ""Main Compartment Closure"": ""Zip Closure"", ""Battery"": ""No Battery Used"", ""Care & Cleaning"": ""Spot or Wipe Clean"", ""TCIN"": ""94430703"", ""UPC"": ""198420666293"", ""Item Number (DPCI)"": ""069-10-9034"", ""Origin"": ""Imported""}",True,2026-02-23T00:38:16.435979
1002589565,Rubber Chicken Purse- The Hen Bag Handbag,https://www.target.com/p/rubber-chicken-purse-the-hen-bag-handbag/-/A-1002589565#lnk=sametab,The Sarut Group,"Target > Clothing, Shoes & Accessories > Accessories > Handbags & Purses > Totes",Totes,31.99,0.0,0.0,False,5.0,1,,False,,,https://target.scene7.com/is/image/Target/GUEST_56c980ed-324c-416d-8392-fc1d0ac9ba50?wid=1200&hei=1200&qlt=85,"Made of easy-to-clean rubber with nylon base handles and lining; Measures approximately 10 x 7.5 x 10""; A refreshingly unique handbag!; Makes a great gift!",,,{},,,,,,,,,,,,{},True,2026-02-23T00:38:16.435979
1007903463,Women Handbags and Purse Tote Bags Ladies Satchel Shoulder Bag Retro Top Handle Black Brown002 11.4*5.1*8.26,https://www.target.com/p/women-handbags-and-purse-tote-bags-ladies-satchel-shoulder-bag-retro-top-handle/-/A-1007903463?preselect=1007903462#lnk=sametab,Empire DigiLabs,"Target > Clothing, Shoes & Accessories > Accessories > Handbags & Purses > Shoulder Bags",Shoulder Bags,89.97,179.94,50.0,True,3.0,1,,False,size11.4*5.1*8.26,,https://target.scene7.com/is/image/Target/GUEST_3e4cb1fa-a39a-4005-8067-59be48bfa8df?wid=1200&hei=1200&qlt=85 | https://target.scene7.com/is/image/Target/GUEST_d907ff90-bfd5-422c-a5b9-672dd2a20d0b?wid=1200&hei=1200&qlt=85 | https://target.scene7.com/is/image/Target/GUEST_b19c59cb-7cbc-4163-96e1-0a6f55369812?wid=1200&hei=1200&qlt=85 | https://target.scene7.com/is/image/Target/GUEST_c1c12499-b0c8-4ae9-8f89-449b332797d3?wid=1200&hei=1200&qlt=85 | https://target.scene7.com/is/image/Target/GUEST_2b9df1ef-4d22-4032-874b-c56268acd9cd?wid=1200&hei=1200&qlt=85,,,,{},,,,,,,,,,,,{},True,2026-02-23T00:38:16.435979
1009318956,"Narwey Clear Bag for Stadium Events - Large Transparent Tote with Zippered Top, Mesh Side Pocket & Reinforced Handles - Clear Purse for Women",https://www.target.com/p/narwey-clear-bag-for-stadium-events-large-transparent-tote-with-zippered-top-mesh-side-pocket-reinforced-handles-clear-purse-for-women/-/A-1009318956#lnk=sametab,Narwey,"Target > Clothing, Shoes & Accessories > Accessories > Handbags & Purses > Shoulder Bags",Shoulder Bags,27.29,41.36,34.0,True,0.0,0,,False,,,https://target.scene7.com/is/image/Target/GUEST_45432fdc-bd9d-4605-9ddf-f65af72182b4?wid=1200&hei=1200&qlt=85 | https://target.scene7.com/is/image/Target/GUEST_b72f5395-29b7-49cb-b071-6a4ecbe86468?wid=1200&hei=1200&qlt=85 | https://target.scene7.com/is/image/Target/GUEST_b3b3fd96-b8c7-4fca-a983-a150b5e04734?wid=1200&hei=1200&qlt=85 | https://target.scene7.com/is/image/Target/GUEST_3fe020d3-177d-4436-a4ee-9320011a56c7?wid=1200&hei=1200&qlt=85 | https://target.scene7.com/is/image/Target/GUEST_0d383ba8-3a0d-43d3-afa7-a3a6428e5cd5?wid=1200&hei=1200&qlt=85,STADIUM-APPROVED DESIGN; SPACIOUS EVERYDAY STORAGE; WATER-RESISTANT MATERIAL; STYLISH AND VERSATILE,,,{},,,,,,,,,,,,{},True,2026-02-23T00:38:16.435979
94742415,Straw Scallop Woven Tote Handbag - Universal Thread™ Natural,https://www.target.com/p/straw-scallop-woven-tote-handbag-universal-thread-8482-natural/-/A-94742415#lnk=sametab,Universal Thread,"Target > Clothing, Shoes & Accessories > Accessories > Handbags & Purses > Shoulder Bags",Shoulder Bags,35.0,0.0,0.0,False,0.0,0,,False,,,https://target.scene7.com/is/image/Target/GUEST_ca9e2f7e-4a09-4dca-98a5-2599bbba2fbd?wid=1200&hei=1200&qlt=85 | https://target.scene7.com/is/image/Target/GUEST_3c3624d6-41a8-4590-a6c8-1ebcf84532c3?wid=1200&hei=1200&qlt=85 | https://target.scene7.com/is/image/Target/GUEST_c321820c-a4cd-4648-8367-bdb54cad809d?wid=1200&hei=1200&qlt=85 | https://target.scene7.com/is/image/Target/GUEST_2156cd72-bc1b-462c-9a7a-ad35595e2f88?wid=1200&hei=1200&qlt=85 | https://target.scene7.com/is/image/Target/GUEST_0cc1f66e-044d-4050-900f-0e6bed3cb44f?wid=1200&hei=1200&qlt=85 | https://target.scene7.com/is/image/Target/GUEST_3a5a31a0-b1d9-4eb6-bc29-4244a40b808b?wid=1200&hei=1200&qlt=85,Universal Thread tote handbag in beige; Straw paper shell; Crochet exterior with scalloped design; Spacious main compartment; Double handles; Forest Stewardship Council Certified,,,{},,,,,,,,,,,,{},True,2026-02-23T00:38:16.435979
1007410879,"Garnen Clear Bag For Stadium Events, Clear Crossbody Bag For Stadium, Clear Crossbody Purse for Concerts Festival, Stadium Bag With Zipper and",https://www.target.com/p/garnen-clear-crossbody-bags-for-stadium-events-clear-purse-crossbody-sling-bag-with-zipper-adjustable-strap-clear-stadium-approved-see-through-bag/-/A-1007410879#lnk=sametab,Garnen,"Target > Clothing, Shoes & Accessories > Accessories > Handbags & Purses > Crossbody & Messenger Bags",Crossbody & Messenger Bags,11.99,18.99,36.9,True,0.0,0,,False,,,https://target.scene7.com/is/image/Target/GUEST_dfea19a7-d003-4c28-ac68-fa494aa8d02d?wid=1200&hei=1200&qlt=85 | https://target.scene7.com/is/image/Target/GUEST_968ce01c-9b6b-4c36-a990-721b6bab0bbe?wid=1200&hei=1200&qlt=85 | https://target.scene7.com/is/image/Target/GUEST_e6d39c36-edb8-4f38-849a-964f0638fc26?wid=1200&hei=1200&qlt=85 | https://target.scene7.com/is/image/Target/GUEST_d0822e32-a02e-4722-8f6d-1fb3533a64c5?wid=1200&hei=1200&qlt=85 | https://target.scene7.com/is/image/Target/GUEST_2ec05f7b-ca45-4b7f-ae14-ed24b08c541b?wid=1200&hei=1200&qlt=85 | https://target.scene7.com/is/image/Target/GUEST_d6cad2dd-ef82-4a7e-b259-cf6f0faca02d?wid=1200&hei=1200&qlt=85,"[Clear Stadium Approved Design] Easily pass security checks at concerts, airports, and stadiums with this clear PVC crossbody bag. See your items instantly without hassle or delays.; [Waterproof & Durable PVC Material] Made from premium waterproof PVC, this clear bag keeps your belongings safe from rain and spills while staying strong for daily use and travel.; [Stylish Clear Crossbody for Any Outfit] Fashionable and functional, this transparent shoulder bag adds a modern touch to any outfit while keeping essentials visible and organized.; [Adjustable Strap for Comfortable Fit] Enjoy hands free convenience with the adjustable shoulder strap. Customize your fit and wear it across the body or on one shoulder.; [Multi-Compartment Storage with Zipper] Keep your phone, makeup, and essentials organized in multiple compartments with a sturdy zipper for secure, easy access storage.",,,{},,,,,,,,,,,,{},True,2026-02-23T00:38:16.435979
93859885,Simple Shoulder Bag - Wild Fable™ Black,https://www.target.com/p/simple-shoulder-bag-wild-fable-8482-black/-/A-93859885#lnk=sametab,Wild Fable,"Target > Clothing, Shoes & Accessories > Accessories > Handbags & Purses > Shoulder Bags",Shoulder Bags,18.0,0.0,0.0,False,4.3,37,,False,,,https://target.scene7.com/is/image/Target/GUEST_f54c11d1-bc0c-4d1f-8516-2331f5a95961?wid=1200&hei=1200&qlt=85 | https://target.scene7.com/is/image/Target/GUEST_a4605aa0-7a59-4b1d-bce5-32cc2f97c237?wid=1200&hei=1200&qlt=85 | https://target.scene7.com/is/image/Target/GUEST_aec5d558-a96b-4c8d-affa-de2f4b653368?wid=1200&hei=1200&qlt=85 | https://target.scene7.com/is/image/Target/GUEST_229b11be-66f9-4704-b976-8d59569177cf?wid=1200&hei=1200&qlt=85 | https://target.scene7.com/is/image/Target/GUEST_2d4ef6c2-26b4-4e36-b270-8c63c236b2a2?wid=1200&hei=1200&qlt=85 | https://target.scene7.com/is/image/Target/GUEST_b3163739-8293-40ba-839e-ca4baefcf0b1?wid=1200&hei=1200&qlt=85,Lightweight shoulder bag; Interior pocket; Zipper closure; Single strap,,,{},,,,,,,,,,,,{},True,2026-02-23T00:38:16.435979
94780225,Gingham Cherry & Bow Print Puffer Hobo Shoulder Bag - Wild Fable™ Blue,https://www.target.com/p/gingham-cherry-38-bow-print-puffer-hobo-shoulder-bag-wild-fable-8482-blue/-/A-94780225#lnk=sametab,Wild Fable,"Target > Clothing, Shoes & Accessories > Accessories > Handbags & Purses > Shoulder Bags",Shoulder Bags,30.0,0.0,0.0,False,5.0,4,,False,,,https://target.scene7.com/is/image/Target/GUEST_a16ea970-d389-44be-a6ed-708a75272ae0?wid=1200&hei=1200&qlt=85 | https://target.scene7.com/is/image/Target/GUEST_a303b713-3751-485e-b4eb-ec188244c475?wid=1200&hei=1200&qlt=85 | https://target.scene7.com/is/image/Target/GUEST_2fe7bf2d-84cb-43db-80a4-6bf277fefc00?wid=1200&hei=1200&qlt=85 | https://target.scene7.com/is/image/Target/GUEST_8cd9ef23-902a-4527-a1ca-da4d5c6a7d8f?wid=1200&hei=1200&qlt=85 | https://target.scene7.com/is/image/Target/GUEST_e88a7d79-249e-4572-ad9e-102fa7099a72?wid=1200&hei=1200&qlt=85,Hobo bag with single strap handle; Boxed puffer design; Lightweight construction; Zippered compartment; Inner zip-up pocket; Recycled polyester,,100% Recycled Polyester,"{""H"": ""14"", ""W"": ""6.5"", ""D"": ""17""}",14 Inches (H) x 6.5 Inches (W) x 17 Inches (D),Softside,Zip Pocket,No Compartments or Pockets,Zip Closure,Shoulder Strap,Woven,Spot or Wipe Clean,Imported,199592033999,024-07-0454,"{""Dimensions (Overall)"": ""14 Inches (H) x 6.5 Inches (W) x 17 Inches (D)"", ""Shell Material"": ""100% Recycled Polyester"", ""Bag Structure"": ""Softside"", ""Interior Features"": ""Zip Pocket"", ""Exterior Features"": ""No Compartments or Pockets"", ""Main Compartment Closure"": ""Zip Closure"", ""Handle Type"": ""Shoulder Strap"", ""Fabric Name"": ""Woven"", ""Care & Cleaning"": ""Spot or Wipe Clean"", ""TCIN"": ""94780225"", ""UPC"": ""199592033999"", ""Item Number (DPCI)"": ""024-07-0454"", ""Origin"": ""Imported""}",True,2026-02-23T00:38:16.435979
1009122906,"Narwey Brown Suede Bag for Women, Brown Suede Tote Bag Purse, Suedes bag for Women, Shoulder Bag (Coffee)",https://www.target.com/p/narwey-brown-suede-bag-for-women-brown-suede-tote-bag-purse-suedes-bag-for-women-shoulder-bag-coffee/-/A-1009122906#lnk=sametab,Narwey,"Target > Clothing, Shoes & Accessories > Accessories > Handbags & Purses > Shoulder Bags",Shoulder Bags,49.99,59.99,16.7,True,1.0,1,,False,,,https://target.scene7.com/is/image/Target/GUEST_bc79fd51-707f-40ef-b316-d5427e22e24d?wid=1200&hei=1200&qlt=85 | https://target.scene7.com/is/image/Target/GUEST_a349b81f-d82d-437d-ba94-dc1658368b8a?wid=1200&hei=1200&qlt=85 | https://target.scene7.com/is/image/Target/GUEST_733bfc70-5817-4ae2-8858-6ec1a5db5c25?wid=1200&hei=1200&qlt=85 | https://target.scene7.com/is/image/Target/GUEST_635246ea-d66c-4f42-99e7-17769fce9deb?wid=1200&hei=1200&qlt=85 | https://target.scene7.com/is/image/Target/GUEST_96bf8feb-2d08-49f1-845e-a5f1c7ceb6d3?wid=1200&hei=1200&qlt=85,Suede Bags for Women; Suede Tote Bag Size; Excellent Craftsmanship,,Leather,"{""H"": ""12.2"", ""W"": ""5.1"", ""D"": ""14.1""}",12.2 inches (H) x 5.1 inches (W) x 14.1 inches (D),Lightweight,Multiple Compartments,No Compartments or Pockets,Zip Closure,Single handle,1 x 1 Rib,Do Not Wash,imported,782055283231,,"{""Dimensions (Overall)"": ""12.2 inches (H) x 5.1 inches (W) x 14.1 inches (D)"", ""Shell Material"": ""Leather"", ""Bag Structure"": ""Lightweight"", ""Interior Features"": ""Multiple Compartments"", ""Exterior Features"": ""No Compartments or Pockets"", ""Main Compartment Closure"": ""Zip Closure"", ""Handle Type"": ""Single handle"", ""Fabric Name"": ""1 x 1 Rib"", ""Care & Cleaning"": ""Do Not Wash"", ""TCIN"": ""1009122906"", ""UPC"": ""782055283231"", ""Origin"": ""imported""}",True,2026-02-23T00:38:16.435979
1007305882,"Garnen Clear Bag for Stadium Events, Clear Purse Crossbody Bags, Clear Stadium Approved Bags See Through Bag With Zipper and Adjustable Strap",https://www.target.com/p/garnen-clear-bag-for-stadium-events-clear-purse-crossbody-bags-clear-stadium-approved-bags-see-through-bag-with-zipper-and-adjustable-strap/-/A-1007305882#lnk=sametab,Garnen,"Target > Clothing, Shoes & Accessories > Accessories > Handbags & Purses",Handbags & Purses,14.99,23.99,37.5,True,0.0,0,,False,,,https://target.scene7.com/is/image/Target/GUEST_750f58e2-8c9c-4f05-886a-ee15408334b0?wid=1200&hei=1200&qlt=85 | https://target.scene7.com/is/image/Target/GUEST_f0c022b5-a124-4918-a4c7-034bd8556e58?wid=1200&hei=1200&qlt=85 | https://target.scene7.com/is/image/Target/GUEST_5b281914-7d97-47a8-bd09-b3aee10e2eb4?wid=1200&hei=1200&qlt=85 | https://target.scene7.com/is/image/Target/GUEST_3d391a79-1bfe-4cfe-bf3b-ff3ad0b38b56?wid=1200&hei=1200&qlt=85 | https://target.scene7.com/is/image/Target/GUEST_5de79909-9eb1-48b6-affa-40769d72e8ca?wid=1200&hei=1200&qlt=85 | https://target.scene7.com/is/image/Target/GUEST_d6cad2dd-ef82-4a7e-b259-cf6f0faca02d?wid=1200&hei=1200&qlt=85,"[Clear Design for Easy Security] Garnen’s transparent PVC waist bag lets you breeze through security at stadiums, airports, and events without unpacking, keeping essentials visible and accessible.; [Durable Waterproof PVC] High quality PVC keeps your items safe from rain, spills, and wear. Garnen’s waterproof sports bag combines protection, durability, and sleek black style.; [Compact & Spacious Storage] Measuring 4.72 x 8.27 x 1.97 inches, Garnen’s bag stores phones, wallets, tickets, and more. Perfect for travel, sports, and everyday adventures.; [Adjustable Elastic Straps] Elastic, adjustable straps allow comfortable crossbody or waist wear. Garnen’s bag keeps hands free and essentials secure during running, walking, or events.; [Stylish Black with Sturdy Zippers] Garnen’s PVC sports waist bag features a trendy black design with strong zippers. The transparent look keeps items visible while adding a fashionable touch.",,Nylon,"{""H"": ""6"", ""W"": "".5"", ""D"": ""9""}",6 inches (H) x .5 inches (W) x 9 inches (D),"Pouch, Lightweight",No Compartments or Pockets,"Adjustable Strap, Detachable Straps, Zip Pocket, Front Pocket",Zip Closure,Nylon,"Film, Elastic",Spot or Wipe Clean,imported,849287095893,,"{""Dimensions (Overall)"": ""6 inches (H) x .5 inches (W) x 9 inches (D)"", ""Shell Material"": ""PVC (Polyvinyl Chloride)"", ""Bag Structure"": ""Pouch, Lightweight"", ""Interior Features"": ""No Compartments or Pockets"", ""Exterior Features"": ""Adjustable Strap, Detachable Straps, Zip Pocket, Front Pocket"", ""Main Compartment Closure"": ""Zip Closure"", ""Handle Type"": ""Removable Strap, Adjustable Strap"", ""Fabric Name"": ""Film, Elastic"", ""Handle Material"": ""Nylon"", ""Electronics Condition"": ""New"", ""Protective Qualities"": ""Waterproof"", ""Fits Laptop"": ""No Laptop Pocket"", ""Travel Security Features"": ""TSA Compliant, Checkpoint Friendly"", ""Battery"": ""No Battery Used"", ""Care & Cleaning"": ""Spot or Wipe Clean"", ""TCIN"": ""1007305882"", ""UPC"": ""849287095893"", ""Origin"": ""imported""}",True,2026-02-23T00:38:16.435979
1008687511,Garment Duffle Bag for Travel Convertible Carry on Large Weekender Bag with Shoes Pouch A01-Off White 13×22×13,https://www.target.com/p/garment-duffle-bag-for-travel-convertible-carry-on-large-weekender-bag-with-shoes-pouch/-/A-1008687511?preselect=1008687509#lnk=sametab,Empire DigiLabs,"Target > Clothing, Shoes & Accessories > Accessories > Handbags & Purses > Weekender Bags",Weekender Bags,174.97,349.94,50.0,True,0.0,0,,False,size13×22×13,,https://target.scene7.com/is/image/Target/GUEST_8f2bc47a-975b-4644-bc41-b37a0c39253c?wid=1200&hei=1200&qlt=85 | https://target.scene7.com/is/image/Target/GUEST_7fbd3735-7929-4935-840b-386ffede91ad?wid=1200&hei=1200&qlt=85 | https://target.scene7.com/is/image/Target/GUEST_78873b65-aba4-43d0-b2f8-04816de0c812?wid=1200&hei=1200&qlt=85 | https://target.scene7.com/is/image/Target/GUEST_9cf269b5-f65d-46db-a6f7-70aece496a08?wid=1200&hei=1200&qlt=85 | https://target.scene7.com/is/image/Target/GUEST_6a1497d7-a080-45f1-8a5a-53b0ce641f3b?wid=1200&hei=1200&qlt=85 | https://target.scene7.com/is/image/Target/GUEST_ecbdbe4a-1cf1-4f64-9eb6-20e9c94fbbcc?wid=1200&hei=1200&qlt=85 | https://target.scene7.com/is/image/Target/GUEST_c32b3371-ceac-4329-a62b-d35dc1c7e801?wid=1200&hei=1200&qlt=85 | https://target.scene7.com/is/image/Target/GUEST_3803a10e-0033-4b9c-977a-3ede8962c747?wid=1200&hei=1200&qlt=85,"Convertible 2 in 1 Garment Bag - This travel garment bag combines the garment bag and a duffle bag into one unit. You can convert this duffle bag for travel into a great hanging garment bag, and you will never have to worry about your suit or dress wrinkling due to improper storage when you are on a business trip or traveling. Can also fold the garment travel bag into flat to save space. If you find any problems after receiving the bag, please contact us for a return or exchange. 3Pcs Set Travel Duffel Bag for Women Men - This carry on garment bag set comes with 1 clothing storage bag ( Size:11""L*4.3""W*9""H) and 1 toiletry bag (Size:7""L*4.5""H). The clothing storage bag with a clear mesh can help you keep clothes fresh, and easily tell where everything is. The toiletry bag can hold your skin care products, toiletries, cosmetic and other items. Help you organize and maximize your space when travel. Versatile Travel Garment Bag - Using high-quality fabrics, polyester fiber and sturdy zipper, making this bag is scratch-resistant, anti-tear & anti water splashing. Garment bag: 41""L×22""W, with a compartment for storing suits and dresses. Duffel bag: 22""L×13""H×13""W, 56L, can hold necessities for 3-6 days.. Adjustable shoulder strap range: 25""-48"", cushioning design of wide strap can reduce stress and relieve fatigue makes travel easier. Waterproof Shoes Pocket - This garment bag work perfect as a 56L travel duffel bag after assembled. The left side pocket of this garment bag is a wat",,Nylon,"{""H"": ""22"", ""W"": ""13"", ""D"": ""13""}",22 inches (H) x 13 inches (W) x 13 inches (D),Lightweight,Multiple Compartments,Multiple Compartments,Zip Closure,Nylon,,Spot or Wipe Clean,imported,661309679726,,"{""Dimensions (Overall)"": ""22 inches (H) x 13 inches (W) x 13 inches (D)"", ""Weight"": ""2.8 pounds"", ""Holds up to"": ""18 pounds"", ""Shell Material"": ""Nylon"", ""Placement"": ""Carry On"", ""Bag Structure"": ""Lightweight"", ""Interior Features"": ""Multiple Compartments"", ""Exterior Features"": ""Multiple Compartments"", ""Main Compartment Closure"": ""Zip Closure"", ""Handle Type"": ""Top Carrying Handle"", ""Number of Wheels"": ""No Wheels"", ""Handle Material"": ""Nylon"", ""Protective Qualities"": ""Water-Resistant"", ""Bag Linear Inches"": ""48 Linear Inches"", ""Care & Cleaning"": ""Spot or Wipe Clean"", ""TCIN"": ""1008687509"", ""UPC"": ""661309679726"", ""Origin"": ""imported""}",True,2026-02-23T00:38:59.831070
93199939,"MKF Collection Wristlet Pouch Clutch Wallet for Women, Small Purse with Circular Handle, Zip Closure By Mia K",https://www.target.com/p/mkf-collection-luna-vegan-leather-women-s-clutch-wristlet-by-mia-k/-/A-93199939?preselect=93199941#lnk=sametab,MKF Collection,"Target > Clothing, Shoes & Accessories > Accessories > Handbags & Purses > Clutches",Clutches,34.99,88.0,60.2,True,5.0,6,,False,luna charcoal,,https://target.scene7.com/is/image/Target/GUEST_ec2f8d54-3897-4823-8238-7c39780b1f61?wid=1200&hei=1200&qlt=85 | https://target.scene7.com/is/image/Target/GUEST_c52b33f8-0a0e-490d-8d5e-e5f9a6ec3155?wid=1200&hei=1200&qlt=85 | https://target.scene7.com/is/image/Target/GUEST_be212d17-0b94-4be1-9277-4490fc540094?wid=1200&hei=1200&qlt=85 | https://target.scene7.com/is/image/Target/GUEST_bbdb2050-8361-45a8-9e1a-9ed3d7de854d?wid=1200&hei=1200&qlt=85 | https://target.scene7.com/is/image/Target/GUEST_72ae915d-10cf-4199-bb7b-ed1a4d499bf1?wid=1200&hei=1200&qlt=85 | https://target.scene7.com/is/image/Target/GUEST_3ea3c9f9-cbe6-437e-a507-5adee3a20dbf?wid=1200&hei=1200&qlt=85 | https://target.scene7.com/is/image/Target/GUEST_dfd4ac3a-87b9-437b-a610-b57068412d28?wid=1200&hei=1200&qlt=85 | https://target.scene7.com/is/image/Target/GUEST_cba9c9f8-f7ce-4352-b215-556b663dcc99?wid=1200&hei=1200&qlt=85 | https://target.scene7.com/is/image/Target/GUEST_2d40187d-1430-45a2-8d68-88cf534b2f16?wid=1200&hei=1200&qlt=85,"MKF Collection is an independent brand and is not affiliated with Michael Kors in any way.; Made from high-quality pebbled vegan leather; 2-in-1 wristlet pouch and clutch wallet design; Women’s clutch wristlet with sleek, compact design; Polished gold-tone hardware for an elegant finish; Circular handle for easy wrist carry; Secure top zipper closure; Organized interior with a wall zip pocket and slip pocket; Six built-in card slots for easy organization; Fully lined fabric interior; Stylish & Functional: Ideal for parties, evenings, casual outings, or gifting.",,TPU (Thermoplastic Polyurethane),"{""H"": ""6.3"", ""W"": ""10"", ""D"": ""1""}",6.3 inches (H) x 10 inches (W) x 1 inches (D),Structured,Zip Pocket,Zip Pocket,Zip Closure,Wrist Strap,Faux Leather,Spot or Wipe Clean,imported,726667359434,,"{""Dimensions (Overall)"": ""6.3 inches (H) x 10 inches (W) x 1 inches (D)"", ""Shell Material"": ""TPU (Thermoplastic Polyurethane)"", ""Bag Structure"": ""Structured"", ""Interior Features"": ""Zip Pocket"", ""Exterior Features"": ""Zip Pocket"", ""Main Compartment Closure"": ""Zip Closure"", ""Handle Type"": ""Wrist Strap"", ""Fabric Name"": ""Faux Leather"", ""Care & Cleaning"": ""Spot or Wipe Clean"", ""TCIN"": ""93199941"", ""UPC"": ""726667359434"", ""Origin"": ""imported""}",True,2026-02-23T00:38:59.831070
1001691701,"AmeriBag 10"" Microfiber Crossbody Sling Baglett (Black)",https://www.target.com/p/ameribag-microfiber-10-baglett/-/A-1001691701?preselect=1001691700#lnk=sametab,AmeriBag,"Target > Clothing, Shoes & Accessories > Accessories > Handbags & Purses > Shoulder Bags",Shoulder Bags,45.0,50.0,10.0,True,0.0,0,,False,black,,https://target.scene7.com/is/image/Target/GUEST_579634e3-f33d-49c8-842c-aac6356783ba?wid=1200&hei=1200&qlt=85 | https://target.scene7.com/is/image/Target/GUEST_f10aca3d-ac59-4463-99ab-801c2bc70fec?wid=1200&hei=1200&qlt=85 | https://target.scene7.com/is/image/Target/GUEST_531575bb-929d-4c74-8555-4e7af76df889?wid=1200&hei=1200&qlt=85 | https://target.scene7.com/is/image/Target/GUEST_54275022-eb46-4216-b409-59939c32992a?wid=1200&hei=1200&qlt=85 | https://target.scene7.com/is/image/Target/GUEST_aa514395-1573-4ba1-afb7-5d6905d78018?wid=1200&hei=1200&qlt=85 | https://target.scene7.com/is/image/Target/GUEST_9ab0366a-3b3b-44d5-bbc1-f72cef5b92a4?wid=1200&hei=1200&qlt=85 | https://target.scene7.com/is/image/Target/GUEST_ccc96a61-fb9b-4890-8ad5-b383240864b2?wid=1200&hei=1200&qlt=85 | https://target.scene7.com/is/image/Target/GUEST_7622388e-2bf1-4143-bb96-940248f0ef08?wid=1200&hei=1200&qlt=85 | https://target.scene7.com/is/image/Target/GUEST_e5d7705b-64a2-46c6-9164-a12ca807f7bc?wid=1200&hei=1200&qlt=85 | https://target.scene7.com/is/image/Target/GUEST_a5f91333-bbcf-4eea-b18b-1b828e22e5ed?wid=1200&hei=1200&qlt=85,"SIZE: This small version of our ergonomic shaped Healthy Back Bag is a perfect fit for your essentials or for an evening out, sized at 10 x 5.5 x 5 inches; MATERIAL: Microfiber is an amazing material; it is incredibly lightweight yet strong, soft, and luxuriant. What we love most about this fabric are the deep, rich colors we can achieve. Colors that demand attention whether across the back or on the shoulder; COMFORTABLE: A Baglett is the perfect combination of fashion and function, making style effortless. Try wearing cross-body, over either shoulder or clip into the top of any Healthy Back Bag; BALANCED: Our unique shape keeps weight evenly distributed across your back…so no pulling, no crooked necks or uneven shoulders; SECURE: With the main zip always against your back your stuff is safe and accessible without taking your bag off. Having the double zippers meet in the middle make accessing your belongings a breeze. Simply swing the bag around to the front of your body while wearing it across the back, when finished, close zippers and then swing it back around!",,Polyester,"{""H"": ""10"", ""W"": ""5.5"", ""D"": ""4""}",10 inches (H) x 5.5 inches (W) x 4 inches (D),Softside,Side Pockets,Detachable Straps,Zip Closure,Adjustable Shoulder Strap,Microfiber,Spot or Wipe Clean,imported,751470018254,,"{""Dimensions (Overall)"": ""10 inches (H) x 5.5 inches (W) x 4 inches (D)"", ""Shell Material"": ""Polyester"", ""Bag Structure"": ""Softside"", ""Interior Features"": ""Side Pockets"", ""Exterior Features"": ""Detachable Straps"", ""Main Compartment Closure"": ""Zip Closure"", ""Handle Type"": ""Adjustable Shoulder Strap"", ""Fabric Name"": ""Microfiber"", ""Care & Cleaning"": ""Spot or Wipe Clean"", ""TCIN"": ""1001691700"", ""UPC"": ""751470018254"", ""Origin"": ""imported""}",True,2026-02-23T00:38:59.831070
1009446810,"Narwey Shoulder Bag for Women Small Purse Trendy Clutch Hobo Bag Vegan Leather Mini Handbag with Zipper Closure, Black",https://www.target.com/p/narwey-shoulder-bag-for-women-small-purse-trendy-clutch-hobo-bag-vegan-leather-mini-handbag-with-zipper-closure-black/-/A-1009446810#lnk=sametab,Narwey,"Target > Clothing, Shoes & Accessories > Accessories > Handbags & Purses > Mini Bags",Mini Bags,29.99,0.0,0.0,False,0.0,0,,False,,,https://target.scene7.com/is/image/Target/GUEST_699fab65-058c-476d-86ad-3d9966fdc43e?wid=1200&hei=1200&qlt=85 | https://target.scene7.com/is/image/Target/GUEST_adee06d8-2f72-4bcb-95ed-ccc8ce281901?wid=1200&hei=1200&qlt=85 | https://target.scene7.com/is/image/Target/GUEST_a5076ae1-81a0-41cb-91b5-5af6d47bc258?wid=1200&hei=1200&qlt=85,,,70% Recycled Polyester,"{""H"": ""5.71"", ""W"": ""2.76"", ""D"": ""9.84""}",5.71 inches (H) x 2.76 inches (W) x 9.84 inches (D),Dome,Multiple Compartments,No Compartments or Pockets,Zip Closure,Adjustable Shoulder Strap,1 x 1 Rib,Do Not Wash,imported,661666566561,,"{""Dimensions (Overall)"": ""5.71 inches (H) x 2.76 inches (W) x 9.84 inches (D)"", ""Shell Material"": ""70% Recycled Polyester"", ""Bag Structure"": ""Dome"", ""Interior Features"": ""Multiple Compartments"", ""Exterior Features"": ""No Compartments or Pockets"", ""Main Compartment Closure"": ""Zip Closure"", ""Handle Type"": ""Adjustable Shoulder Strap"", ""Fabric Name"": ""1 x 1 Rib"", ""Care & Cleaning"": ""Do Not Wash"", ""TCIN"": ""1009446810"", ""UPC"": ""661666566561"", ""Origin"": ""imported""}",True,2026-02-23T00:38:59.831070
1007899440,"Vintage French Bow Tote Bag Large Capacity Hobo Bag Satchel Purse Chic Underarm Bag Coffee 15.75""x 9.45""x 5.91""",https://www.target.com/p/vintage-french-bow-tote-bag-large-capacity-hobo-bag-satchel-purse-chic-underarm-bag/-/A-1007899440?preselect=1007899442#lnk=sametab,Empire DigiLabs,"Target > Clothing, Shoes & Accessories > Accessories > Handbags & Purses > Shoulder Bags",Shoulder Bags,98.97,197.94,50.0,True,0.0,0,,False,"size15.75""x 9.45""x 5.91""",,https://target.scene7.com/is/image/Target/GUEST_21f3200b-1fcb-44dc-96b0-5fe06f3f9f2c?wid=1200&hei=1200&qlt=85 | https://target.scene7.com/is/image/Target/GUEST_04bb7d18-55dd-4ab1-9f1d-7ae3156cffbe?wid=1200&hei=1200&qlt=85 | https://target.scene7.com/is/image/Target/GUEST_901539bd-4fb2-4d37-8e4a-f8eaf5e63d19?wid=1200&hei=1200&qlt=85 | https://target.scene7.com/is/image/Target/GUEST_792ae1b0-74aa-47b5-95a7-8b5e9ace11f2?wid=1200&hei=1200&qlt=85 | https://target.scene7.com/is/image/Target/GUEST_58a6c12f-8ada-4d5f-a3f2-cb6735c648ac?wid=1200&hei=1200&qlt=85,,,Leather,"{""H"": ""15.75"", ""W"": ""9.45"", ""D"": ""5.91""}",15.75 inches (H) x 9.45 inches (W) x 5.91 inches (D),Softside,Multiple Compartments,No Compartments or Pockets,Magnetic Strap Closure,Top Carrying Handle,Faux Leather,Spot or Wipe Clean,imported,661309873643,,"{""Dimensions (Overall)"": ""15.75 inches (H) x 9.45 inches (W) x 5.91 inches (D)"", ""Shell Material"": ""Leather"", ""Bag Structure"": ""Softside"", ""Interior Features"": ""Multiple Compartments"", ""Exterior Features"": ""No Compartments or Pockets"", ""Main Compartment Closure"": ""Magnetic Strap Closure"", ""Handle Type"": ""Top Carrying Handle"", ""Fabric Name"": ""Faux Leather"", ""Care & Cleaning"": ""Spot or Wipe Clean"", ""TCIN"": ""1007899442"", ""UPC"": ""661309873643"", ""Origin"": ""imported""}",True,2026-02-23T00:38:59.831070
1009172754,Narwey Straw Purse Summer Beach Woven Clutch Purses for Women Cloud Crossbody,https://www.target.com/p/narwey-straw-purse-summer-beach-woven-clutch-purses-for-women-cloud-crossbody/-/A-1009172754#lnk=sametab,Narwey,"Target > Clothing, Shoes & Accessories > Accessories > Handbags & Purses > Shoulder Bags",Shoulder Bags,45.99,59.99,23.3,True,1.0,1,,False,,,https://target.scene7.com/is/image/Target/GUEST_7d16631f-a643-4ff6-8884-3081065a30c5?wid=1200&hei=1200&qlt=85 | https://target.scene7.com/is/image/Target/GUEST_47ced0e7-5d8b-426c-81a0-29788249d06d?wid=1200&hei=1200&qlt=85 | https://target.scene7.com/is/image/Target/GUEST_98591450-52c1-4fb2-b038-47f240bc4866?wid=1200&hei=1200&qlt=85 | https://target.scene7.com/is/image/Target/GUEST_09f39f97-ef6c-469a-b511-6ee4c2b5ac41?wid=1200&hei=1200&qlt=85 | https://target.scene7.com/is/image/Target/GUEST_d278ce73-04f4-4454-ae28-1e26952d4b02?wid=1200&hei=1200&qlt=85,"All-Season Woven Straw Clutch; 3-Way Carry + Precision-Adjustable Strap; Smart Organization, Surprising Capacity; Beach-Ready Durability Upgrades",,Straw,"{""H"": ""1.69"", ""W"": ""9.41"", ""D"": ""11.8""}",1.69 inches (H) x 9.41 inches (W) x 11.8 inches (D),Lightweight,Multiple Compartments,No Compartments or Pockets,Buckle Closure,Single handle,Canvas,Do Not Wash,imported,145298647770,,"{""Dimensions (Overall)"": ""1.69 inches (H) x 9.41 inches (W) x 11.8 inches (D)"", ""Shell Material"": ""Straw"", ""Bag Structure"": ""Lightweight"", ""Interior Features"": ""Multiple Compartments"", ""Exterior Features"": ""No Compartments or Pockets"", ""Main Compartment Closure"": ""Buckle Closure"", ""Handle Type"": ""Single handle"", ""Fabric Name"": ""Canvas"", ""Care & Cleaning"": ""Do Not Wash"", ""TCIN"": ""1009172754"", ""UPC"": ""145298647770"", ""Origin"": ""imported""}",True,2026-02-23T00:38:59.831070
1001692454,"AmeriBag 10"" Print Crossbody Sling Baglett (Dahlias)",https://www.target.com/p/ameribag-prints-and-patterns-10-baglett/-/A-1001692454?preselect=1001692455#lnk=sametab,AmeriBag,"Target > Clothing, Shoes & Accessories > Accessories > Handbags & Purses > Shoulder Bags",Shoulder Bags,29.99,35.0,14.3,True,0.0,0,,False,dahlias,,https://target.scene7.com/is/image/Target/GUEST_b8724faf-2b89-4ce9-8cd6-37f289b7ae15?wid=1200&hei=1200&qlt=85 | https://target.scene7.com/is/image/Target/GUEST_12a8ce78-7167-4a68-996f-654e83130aab?wid=1200&hei=1200&qlt=85 | https://target.scene7.com/is/image/Target/GUEST_531575bb-929d-4c74-8555-4e7af76df889?wid=1200&hei=1200&qlt=85 | https://target.scene7.com/is/image/Target/GUEST_54275022-eb46-4216-b409-59939c32992a?wid=1200&hei=1200&qlt=85 | https://target.scene7.com/is/image/Target/GUEST_f491af26-515f-481a-a760-0e1e51203e40?wid=1200&hei=1200&qlt=85 | https://target.scene7.com/is/image/Target/GUEST_65fd0349-3eaf-488f-b4d7-08e6e8e756bf?wid=1200&hei=1200&qlt=85 | https://target.scene7.com/is/image/Target/GUEST_cc342143-ed87-4653-8261-3fe55935ff15?wid=1200&hei=1200&qlt=85 | https://target.scene7.com/is/image/Target/GUEST_537c73cc-eb3d-498f-afb6-612e79085160?wid=1200&hei=1200&qlt=85 | https://target.scene7.com/is/image/Target/GUEST_98a09526-cf13-45c2-8920-c0d30a98b836?wid=1200&hei=1200&qlt=85 | https://target.scene7.com/is/image/Target/GUEST_072d3fa0-9959-4895-b3cd-d41aef7aad41?wid=1200&hei=1200&qlt=85,"SIZE: This small version of our ergonomic shaped Healthy Back Bag is a perfect fit for your essentials or for an evening out, sized at 10 x 5.5 x 5 inches; COMFORTABLE: A Baglett is the perfect combination of fashion and function, making style effortless. Try wearing cross-body, over either shoulder or clip into the top of any Healthy Back Bag; BALANCED: Our unique shape keeps weight evenly distributed across your back…so no pulling, no crooked necks or uneven shoulders; SECURE: With the main zip always against your back your stuff is safe and accessible without taking your bag off. Having the double zippers meet in the middle make accessing your belongings a breeze. Simply swing the bag around to the front of your body while wearing it across the back, when finished, close zippers and then swing it back around!; MATERIAL: Machine washable. Made from 100% recycled polyester. Our recycled polyester material is made from post consumer waste like plastic bottles!",,100% Recycled Polyester,"{""H"": ""10"", ""W"": ""5.5"", ""D"": ""4""}",10 inches (H) x 5.5 inches (W) x 4 inches (D),Softside,Side Pockets,Detachable Straps,Zip Closure,Adjustable Shoulder Strap,Canvas,Machine Wash,imported,751470035923,,"{""Dimensions (Overall)"": ""10 inches (H) x 5.5 inches (W) x 4 inches (D)"", ""Shell Material"": ""100% Recycled Polyester"", ""Bag Structure"": ""Softside"", ""Interior Features"": ""Side Pockets"", ""Exterior Features"": ""Detachable Straps"", ""Main Compartment Closure"": ""Zip Closure"", ""Handle Type"": ""Adjustable Shoulder Strap"", ""Fabric Name"": ""Canvas"", ""Care & Cleaning"": ""Machine Wash"", ""TCIN"": ""1001692455"", ""UPC"": ""751470035923"", ""Origin"": ""imported""}",True,2026-02-23T00:38:59.831070
1008619388,Slim Thin RFID Blocking Floral Vegan Leather Card Holder Bifold Long Ladies Wallet with Zipper Pocket Black 7.48 x 3.74 x 1.57,https://www.target.com/p/slim-thin-rfid-blocking-floral-vegan-leather-card-holder-bifold-long-ladies-wallet-with-zipper-pocket/-/A-1008619388?preselect=1008619387#lnk=sametab,Empire DigiLabs,"Target > Clothing, Shoes & Accessories > Accessories > Wallets",Wallets,56.97,113.94,50.0,True,3.0,2,,False,size7.48 x 3.74 x 1.57,,https://target.scene7.com/is/image/Target/GUEST_08691896-3868-4415-919e-510e719e0e87?wid=1200&hei=1200&qlt=85 | https://target.scene7.com/is/image/Target/GUEST_f6ebfed3-3309-46aa-a8a4-0a2328e4ade3?wid=1200&hei=1200&qlt=85 | https://target.scene7.com/is/image/Target/GUEST_36a6ec58-9e65-4abf-91b2-289eeb28a080?wid=1200&hei=1200&qlt=85 | https://target.scene7.com/is/image/Target/GUEST_d5bda9c8-af90-4921-974c-ff79172c6fcf?wid=1200&hei=1200&qlt=85 | https://target.scene7.com/is/image/Target/GUEST_7d55e80f-2fe4-4968-a0c8-724128128e2d?wid=1200&hei=1200&qlt=85,,,Faux Leather,"{""H"": ""7.48"", ""W"": ""3.74"", ""D"": ""1.57""}",7.48 inches (H) x 3.74 inches (W) x 1.57 inches (D),,Multiple Compartments,No Compartments or Pockets,Snap closure,,,Spot or Wipe Clean,imported,661309732957,,"{""Dimensions (Overall)"": ""7.48 inches (H) x 3.74 inches (W) x 1.57 inches (D)"", ""Shell Material"": ""Faux Leather"", ""Interior Features"": ""Multiple Compartments"", ""Exterior Features"": ""No Compartments or Pockets"", ""Main Compartment Closure"": ""Snap closure"", ""Care & Cleaning"": ""Spot or Wipe Clean"", ""TCIN"": ""1008619387"", ""UPC"": ""661309732957"", ""Origin"": ""imported""}",True,2026-02-23T00:38:59.831070
1008619265,"Womens Wallet RFID Blocking Genuine Leather Multi Credit Card Large Capacity Zip Around Clutch Black/White/Grey 8.5""× 4.3""× 1""",https://www.target.com/p/womens-wallet-rfid-blocking-genuine-leather-multi-credit-card-large-capacity-zip-around-clutch/-/A-1008619265?preselect=1008619264#lnk=sametab,Empire DigiLabs,"Target > Clothing, Shoes & Accessories > Accessories > Wallets",Wallets,54.44,108.88,50.0,True,0.0,0,,False,"size8.5""× 4.3""× 1""",,https://target.scene7.com/is/image/Target/GUEST_d34be0f5-378a-47f0-b0dc-7fc11a664066?wid=1200&hei=1200&qlt=85 | https://target.scene7.com/is/image/Target/GUEST_98d3e407-e096-42f4-b336-6bd382f6f5b0?wid=1200&hei=1200&qlt=85 | https://target.scene7.com/is/image/Target/GUEST_74e22398-5e68-466d-aa25-ce0edd857303?wid=1200&hei=1200&qlt=85 | https://target.scene7.com/is/image/Target/GUEST_e0340cf9-6b1c-45f5-96dd-9bc3e43ba6bb?wid=1200&hei=1200&qlt=85 | https://target.scene7.com/is/image/Target/GUEST_88291348-136c-4dcc-9de8-b93b6aa97403?wid=1200&hei=1200&qlt=85,,,Faux Leather,"{""H"": ""8.5"", ""W"": ""4.3"", ""D"": ""1""}",8.5 inches (H) x 4.3 inches (W) x 1 inches (D),,Multiple Compartments,No Compartments or Pockets,Zip Closure,,,Spot or Wipe Clean,imported,661309731103,,"{""Dimensions (Overall)"": ""8.5 inches (H) x 4.3 inches (W) x 1 inches (D)"", ""Shell Material"": ""Faux Leather"", ""Interior Features"": ""Multiple Compartments"", ""Exterior Features"": ""No Compartments or Pockets"", ""Main Compartment Closure"": ""Zip Closure"", ""Care & Cleaning"": ""Spot or Wipe Clean"", ""TCIN"": ""1008619264"", ""UPC"": ""661309731103"", ""Origin"": ""imported""}",True,2026-02-23T00:38:59.831070
93108971,"Harry Potter Wizarding World, Hogwarts Honeydukes Crossbody Purse, Adjustable Strap",https://www.target.com/p/harry-potter-wizarding-world-hogwarts-honeydukes-crossbody-purse-adjustable-strap/-/A-93108971#lnk=sametab,Harry Potter,"Target > Clothing, Shoes & Accessories > Accessories > Handbags & Purses",Handbags & Purses,26.99,45.0,40.0,True,0.0,0,,False,,,https://target.scene7.com/is/image/Target/GUEST_de3408e6-ff5a-4fb0-94a7-f420490d4d48?wid=1200&hei=1200&qlt=85 | https://target.scene7.com/is/image/Target/GUEST_d29f80a0-c6d8-4cab-9d40-8bfe5a4f6fa4?wid=1200&hei=1200&qlt=85 | https://target.scene7.com/is/image/Target/GUEST_54dcee38-a82b-4491-afcd-dd05de455a0c?wid=1200&hei=1200&qlt=85 | https://target.scene7.com/is/image/Target/GUEST_63a7653d-5a06-43c0-ab34-d0cf2f4708e5?wid=1200&hei=1200&qlt=85 | https://target.scene7.com/is/image/Target/GUEST_3efda4f0-3dc4-412d-8b4d-c03f0e3c8c98?wid=1200&hei=1200&qlt=85,"CUSTOM DESIGN WOMANS SHOULDER BAG: This Wizarding World pentagon shaped crossbody bag features a main zip compartment with colorful Honeydukes graphics and a rubber molded chocolate frog charm dangle.; VERSATILE SHOULDER STRAP: The adjustable soft metallic PU shoulder strap allows you to find a perfect carrying position. Fully extended it measures 52 inches.; WIZARDING WORLD APPROVED: Enhance your Harry Potter merchandise collection with this carefully crafted and endorsed piece, making it a perfect gift for any devoted fan of the wizarding world!; HIGH-QUALITY MATERIALS: Made from iridescent PU with foam backing for long-lasting wear and durability. The PU material makes it water resistant and easy to clean.; PERFECT SIZE: The crossbody handbag measures 6.85"" W by 6.5 H by 1.5"". It will store a wallet, phone, lip gloss, and smaller personal items. The compact size is a perfect carry all for festivals, travel, or everyday use.",,Polyurethane,"{""H"": ""6.5"", ""W"": ""6.5"", ""D"": ""1.5""}",6.5 inches (H) x 6.5 inches (W) x 1.5 inches (D),Lightweight,No Compartments or Pockets,Adjustable Shoulder Strap,Zip Closure,Adjustable Strap,Flat,Spot or Wipe Clean,imported,843340241326,,"{""Dimensions (Overall)"": ""6.5 inches (H) x 6.5 inches (W) x 1.5 inches (D)"", ""Shell Material"": ""Polyurethane"", ""Bag Structure"": ""Lightweight"", ""Interior Features"": ""No Compartments or Pockets"", ""Exterior Features"": ""Adjustable Shoulder Strap"", ""Main Compartment Closure"": ""Zip Closure"", ""Handle Type"": ""Adjustable Strap"", ""Fabric Name"": ""Flat"", ""CPSC Choking Hazard Warnings"": ""Choking_hazard_is_a_small_ball"", ""Care & Cleaning"": ""Spot or Wipe Clean"", ""TCIN"": ""93108971"", ""UPC"": ""843340241326"", ""Origin"": ""imported""}",True,2026-02-23T00:38:59.831070
1007804906,"Garnen Clear Bag For Stadium Events, Clear Purse For Stadium, Clear Crossbody Bag for Concerts Festival, Stadium Bag With Zipper and Adjustable Strap",https://www.target.com/p/garnen-clear-purse-for-stadium-events-clear-crossbody-bag-clear-bag-for-concerts-festival-clear-stadium-purse-bag-with-zipper-and-adjustable-strap/-/A-1007804906#lnk=sametab,Garnen,"Target > Clothing, Shoes & Accessories > Accessories > Handbags & Purses",Handbags & Purses,8.99,13.99,35.7,True,5.0,1,,False,,,https://target.scene7.com/is/image/Target/GUEST_aa4c1999-8749-4b07-8100-967e4d2a2786?wid=1200&hei=1200&qlt=85 | https://target.scene7.com/is/image/Target/GUEST_7917d19f-f737-43dd-a196-0901913ef981?wid=1200&hei=1200&qlt=85 | https://target.scene7.com/is/image/Target/GUEST_2fcf2002-3d61-4184-8d09-cba141098f97?wid=1200&hei=1200&qlt=85 | https://target.scene7.com/is/image/Target/GUEST_da202c62-a1c4-4063-aac7-e6e99791f63a?wid=1200&hei=1200&qlt=85 | https://target.scene7.com/is/image/Target/GUEST_492f66d8-b682-4ff7-895d-bcbb4b7237a6?wid=1200&hei=1200&qlt=85 | https://target.scene7.com/is/image/Target/GUEST_d6cad2dd-ef82-4a7e-b259-cf6f0faca02d?wid=1200&hei=1200&qlt=85,"[TSA-Approved Clear Design] Travel stress free with Garnen’s clear PVC makeup bag. TSA compliant and perfect for quick airport checks and organized on the go storage.; [Premium Waterproof PVC Material] Made from high quality PVC, this waterproof toiletry bag is durable, easy to clean, and protects your essentials from leaks and spills.; [Chic, Modern, and Functional] Stylish and practical, Garnen’s white PVC makeup bag keeps your cosmetics, skincare, and accessories organized in sleek fashion.; [Secure Zipper & Elastic Strap] Features a sturdy zipper and elastic strap to keep toiletries, brushes, and bottles secure and neatly organized while traveling.; [Perfect Size for Everyday Use] Sized at 11.02 x 7.09 x 2.76 inches, this compact yet spacious clear toiletry bag fits perfectly in luggage, gym bags, or purses.",,PVC (Polyvinyl Chloride),"{""H"": ""2.76"", ""W"": ""7.09"", ""D"": ""11.02""}",2.76 inches (H) x 7.09 inches (W) x 11.02 inches (D),"Pouch, Lightweight",No Compartments or Pockets,"Adjustable Strap, Detachable Straps, Zip Pocket, Front Pocket",Zip Closure,"Removable Strap, Adjustable Strap","Film, Elastic",Care Instructions Not Provided,imported,849287095565,,"{""Dimensions (Overall)"": ""2.76 inches (H) x 7.09 inches (W) x 11.02 inches (D)"", ""Shell Material"": ""PVC (Polyvinyl Chloride)"", ""Bag Structure"": ""Pouch, Lightweight"", ""Interior Features"": ""No Compartments or Pockets"", ""Exterior Features"": ""Adjustable Strap, Detachable Straps, Zip Pocket, Front Pocket"", ""Main Compartment Closure"": ""Zip Closure"", ""Handle Type"": ""Removable Strap, Adjustable Strap"", ""Fabric Name"": ""Film, Elastic"", ""Electronics Condition"": ""New"", ""Protective Qualities"": ""Waterproof"", ""Fits Laptop"": ""No Laptop Pocket"", ""Travel Security Features"": ""TSA Compliant, Checkpoint Friendly"", ""Battery"": ""No Battery Used"", ""Care & Cleaning"": ""Care Instructions Not Provided"", ""TCIN"": ""1007804906"", ""UPC"": ""849287095565"", ""Origin"": ""imported""}",True,2026-02-23T00:38:59.831070
1007936648,"Hobo Bags for Women Leather Slouchy Bag Ultra Soft Vegan Purse Coffee 13"" x 4""x 10.24""",https://www.target.com/p/hobo-bags-for-women-leather-slouchy-bag-ultra-soft-vegan-purse/-/A-1007936648?preselect=1007936649#lnk=sametab,Empire DigiLabs,"Target > Clothing, Shoes & Accessories > Accessories > Handbags & Purses > Shoulder Bags",Shoulder Bags,62.97,125.94,50.0,True,0.0,0,,False,"size13"" x 4""x 10.24""",,https://target.scene7.com/is/image/Target/GUEST_8b6ec107-9c64-437d-a7fe-b9fa594597aa?wid=1200&hei=1200&qlt=85 | https://target.scene7.com/is/image/Target/GUEST_bd81e050-7c9a-4d36-bc8b-b163fe34df94?wid=1200&hei=1200&qlt=85 | https://target.scene7.com/is/image/Target/GUEST_b1a50c9f-211a-486d-98a7-90f66612cf7e?wid=1200&hei=1200&qlt=85 | https://target.scene7.com/is/image/Target/GUEST_ad792139-3e0e-49b7-a5b8-2d38846902af?wid=1200&hei=1200&qlt=85 | https://target.scene7.com/is/image/Target/GUEST_5a22793c-4279-4f98-91dc-9683452230d4?wid=1200&hei=1200&qlt=85,,,Leather,"{""H"": ""10.24"", ""W"": ""13"", ""D"": ""4""}",10.24 inches (H) x 13 inches (W) x 4 inches (D),Softside,Multiple Compartments,Adjustable Shoulder Strap,Zip Closure,Shoulder Strap,Faux Leather,Spot or Wipe Clean,imported,661309840966,,"{""Dimensions (Overall)"": ""10.24 inches (H) x 13 inches (W) x 4 inches (D)"", ""Shell Material"": ""Leather"", ""Bag Structure"": ""Softside"", ""Interior Features"": ""Multiple Compartments"", ""Exterior Features"": ""Adjustable Shoulder Strap"", ""Main Compartment Closure"": ""Zip Closure"", ""Handle Type"": ""Shoulder Strap"", ""Fabric Name"": ""Faux Leather"", ""Care & Cleaning"": ""Spot or Wipe Clean"", ""TCIN"": ""1007936649"", ""UPC"": ""661309840966"", ""Origin"": ""imported""}",True,2026-02-23T00:38:59.831070
1009151592,Narwey Crossbody Bag for Women Vegan PU Leather Shoulder Purses Brown Stylish Wide,https://www.target.com/p/narwey-crossbody-bag-for-women-vegan-pu-leather-shoulder-purses-brown-stylish-wide/-/A-1009151592#lnk=sametab,Narwey,"Target > Clothing, Shoes & Accessories > Accessories > Handbags & Purses > Shoulder Bags",Shoulder Bags,30.99,45.99,32.6,True,0.0,0,,False,,,https://target.scene7.com/is/image/Target/GUEST_768c0ab7-9c63-40cf-965f-07c2b6ab194e?wid=1200&hei=1200&qlt=85 | https://target.scene7.com/is/image/Target/GUEST_63d4f160-2fd1-46d4-a463-1877f9b4b068?wid=1200&hei=1200&qlt=85 | https://target.scene7.com/is/image/Target/GUEST_1f25d7a1-4ddd-473f-a425-3c96f6612c3b?wid=1200&hei=1200&qlt=85 | https://target.scene7.com/is/image/Target/GUEST_a49c1fcc-2fde-437d-9f06-e6f66fea0d7c?wid=1200&hei=1200&qlt=85 | https://target.scene7.com/is/image/Target/GUEST_10fc282f-1097-4420-9d28-39cbaa13b18d?wid=1200&hei=1200&qlt=85,PERFECT SHOULDER BAG SIZE; ADJUSTABLE GUITAR STRAPS; VEGAN FRIENDLY LEATHER; STYLISH TOTE BAG,,Leather,"{""H"": ""9.89"", ""W"": ""1"", ""D"": ""13.19""}",9.89 inches (H) x 1 inches (W) x 13.19 inches (D),Lightweight,No Compartments or Pockets,No Compartments or Pockets,Zip Closure,Single handle,Novelty,Do Not Wash,imported,316706590357,,"{""Dimensions (Overall)"": ""9.89 inches (H) x 1 inches (W) x 13.19 inches (D)"", ""Shell Material"": ""Leather"", ""Bag Structure"": ""Lightweight"", ""Interior Features"": ""No Compartments or Pockets"", ""Exterior Features"": ""No Compartments or Pockets"", ""Main Compartment Closure"": ""Zip Closure"", ""Handle Type"": ""Single handle"", ""Fabric Name"": ""Novelty"", ""Care & Cleaning"": ""Do Not Wash"", ""TCIN"": ""1009151592"", ""UPC"": ""316706590357"", ""Origin"": ""imported""}",True,2026-02-23T00:38:59.831070
86702602,Harry Potter Letter Envelope to Hogwarts Clutch Purse,https://www.target.com/p/harry-potter-letter-envelope-to-hogwarts-clutch-purse/-/A-86702602#lnk=sametab,Wizarding World Harry Potter,"Target > Clothing, Shoes & Accessories > Accessories > Handbags & Purses > Crossbody & Messenger Bags",Crossbody & Messenger Bags,44.99,0.0,0.0,False,4.2,7,,False,,,https://target.scene7.com/is/image/Target/GUEST_53492c47-2913-4825-968f-d248ea3c33c5?wid=1200&hei=1200&qlt=85 | https://target.scene7.com/is/image/Target/GUEST_bd92e483-a62f-4140-ae0d-9277ba128476?wid=1200&hei=1200&qlt=85 | https://target.scene7.com/is/image/Target/GUEST_73571559-c92f-40c7-8900-ad44fae5e33b?wid=1200&hei=1200&qlt=85 | https://target.scene7.com/is/image/Target/GUEST_02d0f537-44bc-4d37-b1f4-f1004b964c34?wid=1200&hei=1200&qlt=85 | https://target.scene7.com/is/image/Target/badge_57aa0543da70d257?wid=1200&hei=1200&qlt=85,"CUSTOM DESIGN - This Harry Potter clutch purse features a custom design in the form of a letter to Hogwarts; SNAP CLOSURE - The top flap folds over and fastens to a button closure safely securing your valuables inside; OFFICIALLY LICENSED - This piece of Harry Potter merchandise is officially licensed and 100% authentic; HIGH-QUALITY MATERIAL - This handbag is made from faux leather which protects it from water damage; DIMENSIONS - This purse measures 9"" L x 7.5"" H x 2"" D",,Plastic,"{""H"": ""7.5"", ""W"": ""2.0"", ""D"": ""9.0""}",7.5 inches (H) x 2.0 inches (W) x 9.0 inches (D),Lightweight,Multiple Compartments,Adjustable Strap,"Open, No Closure",Plastic,Novelty,Spot or Wipe Clean,made in the USA or imported,693186567254,,"{""Dimensions (Overall)"": ""7.5 inches (H) x 2.0 inches (W) x 9.0 inches (D)"", ""Shell Material"": ""Polyester"", ""Bag Structure"": ""Lightweight"", ""Interior Features"": ""Multiple Compartments"", ""Exterior Features"": ""Adjustable Strap"", ""Main Compartment Closure"": ""Open, No Closure"", ""Handle Type"": ""Adjustable Strap"", ""Fabric Name"": ""Novelty"", ""Handle Material"": ""Plastic"", ""Industry or Government Certifications"": ""Fair Trade Certified"", ""Fits Laptop"": ""No Laptop Pocket"", ""Care & Cleaning"": ""Spot or Wipe Clean"", ""TCIN"": ""86702602"", ""UPC"": ""693186567254"", ""Origin"": ""made in the USA or imported""}",True,2026-02-23T00:38:59.831070
1009147796,Narwey Crossbody Bag For Women Small Vegan Leather Cross body/over Shoulder Purse,https://www.target.com/p/narwey-crossbody-bag-for-women-small-vegan-leather-cross-body-over-shoulder-purse/-/A-1009147796#lnk=sametab,Narwey,"Target > Clothing, Shoes & Accessories > Accessories > Handbags & Purses > Mini Bags",Mini Bags,38.99,49.99,22.0,True,0.0,0,,False,,,https://target.scene7.com/is/image/Target/GUEST_03d63885-ab91-4dd7-b2bc-9d8416cc5296?wid=1200&hei=1200&qlt=85 | https://target.scene7.com/is/image/Target/GUEST_72b9d97d-89ed-427d-94f4-05cfb95f61fe?wid=1200&hei=1200&qlt=85 | https://target.scene7.com/is/image/Target/GUEST_80907c13-ba09-42d1-8eca-08b2816f99a4?wid=1200&hei=1200&qlt=85 | https://target.scene7.com/is/image/Target/GUEST_97b6db36-e34b-4fd4-b32d-c939819454b6?wid=1200&hei=1200&qlt=85 | https://target.scene7.com/is/image/Target/GUEST_3eaa248d-7d8c-432e-aad7-b26bda38770e?wid=1200&hei=1200&qlt=85,Premium Material; Small Crossbody Purse Size; Multi-Pockets Design; Multi-Functional Small Purse,,Leather,"{""H"": ""6"", ""W"": ""3.5"", ""D"": ""8.5""}",6 inches (H) x 3.5 inches (W) x 8.5 inches (D),Unstructured,Multiple Compartments,No Compartments or Pockets,Zip Closure,Single handle,Novelty,Do Not Wash,imported,662150356743,,"{""Dimensions (Overall)"": ""6 inches (H) x 3.5 inches (W) x 8.5 inches (D)"", ""Shell Material"": ""Leather"", ""Bag Structure"": ""Unstructured"", ""Interior Features"": ""Multiple Compartments"", ""Exterior Features"": ""No Compartments or Pockets"", ""Main Compartment Closure"": ""Zip Closure"", ""Handle Type"": ""Single handle"", ""Fabric Name"": ""Novelty"", ""Care & Cleaning"": ""Do Not Wash"", ""TCIN"": ""1009147796"", ""UPC"": ""662150356743"", ""Origin"": ""imported""}",True,2026-02-23T00:38:59.831070
1009446748,"Narwey Acrylic Clutch Purse for Women Evening Bag, Irregular Shell Acrylic Purse Box Clutch with Chain",https://www.target.com/p/narwey-acrylic-clutch-purse-for-women-evening-bag-irregular-shell-acrylic-purse-box-clutch-with-chain/-/A-1009446748#lnk=sametab,Narwey,"Target > Clothing, Shoes & Accessories > Accessories > Handbags & Purses > Clutches",Clutches,32.99,49.99,34.0,True,0.0,0,,False,,,https://target.scene7.com/is/image/Target/GUEST_55ed9e5c-f541-46a2-af25-d141dcf2eebe?wid=1200&hei=1200&qlt=85 | https://target.scene7.com/is/image/Target/GUEST_25f83fd7-6290-4fa8-a7a7-6fe4f1626a45?wid=1200&hei=1200&qlt=85 | https://target.scene7.com/is/image/Target/GUEST_eab03ab9-2e35-4255-8898-54b81c7e4e59?wid=1200&hei=1200&qlt=85 | https://target.scene7.com/is/image/Target/GUEST_79996c27-72ba-4d82-8cc2-0945df2668ec?wid=1200&hei=1200&qlt=85 | https://target.scene7.com/is/image/Target/GUEST_76cbef72-fdd6-4211-9bd4-d0787b3fb4f6?wid=1200&hei=1200&qlt=85,Unique Design; Suitable for all occasion; Great gift; excellent quality,,Acrylic,"{""H"": ""5.4"", ""W"": ""2.2"", ""D"": ""11""}",5.4 inches (H) x 2.2 inches (W) x 11 inches (D),Dome,Multiple Compartments,No Compartments or Pockets,Buckle Closure,No Handles or Straps,2 x 2 Rib,Do Not Wash,imported,837956734624,,"{""Dimensions (Overall)"": ""5.4 inches (H) x 2.2 inches (W) x 11 inches (D)"", ""Shell Material"": ""Acrylic"", ""Bag Structure"": ""Dome"", ""Interior Features"": ""Multiple Compartments"", ""Exterior Features"": ""No Compartments or Pockets"", ""Main Compartment Closure"": ""Buckle Closure"", ""Handle Type"": ""No Handles or Straps"", ""Fabric Name"": ""2 x 2 Rib"", ""Care & Cleaning"": ""Do Not Wash"", ""TCIN"": ""1009446748"", ""UPC"": ""837956734624"", ""Origin"": ""imported""}",True,2026-02-23T00:38:59.831070
1009327022,Narwey Woven Purse for Women Evening Clutch Woven Leather Handbags Crossbody Bag Purse Formal Evening Bag,https://www.target.com/p/narwey-woven-purse-for-women-evening-clutch-woven-leather-handbags-crossbody-bag-purse-formal-evening-bag/-/A-1009327022#lnk=sametab,Narwey,"Target > Clothing, Shoes & Accessories > Accessories > Handbags & Purses > Clutches",Clutches,62.99,73.99,14.9,True,0.0,0,,False,,,https://target.scene7.com/is/image/Target/GUEST_59e90b79-9952-4664-9569-f6f9345a2dfe?wid=1200&hei=1200&qlt=85 | https://target.scene7.com/is/image/Target/GUEST_2c3a6106-f43f-43ed-9f25-913445c6164e?wid=1200&hei=1200&qlt=85 | https://target.scene7.com/is/image/Target/GUEST_1c2087fc-0e26-4f5f-85ff-1a1c8ee81bc9?wid=1200&hei=1200&qlt=85 | https://target.scene7.com/is/image/Target/GUEST_5882e73d-2e63-4984-99ea-ccd069c0c045?wid=1200&hei=1200&qlt=85 | https://target.scene7.com/is/image/Target/GUEST_7f983f8e-1d04-41ad-8aee-75c7874d7de2?wid=1200&hei=1200&qlt=85,Textured Charm; Elegant and Practical Size; Multiple Carrying Options; Stylish Closure And Interior Pockets,,Leather,"{""H"": ""1.57"", ""W"": ""5.12"", ""D"": ""12.2""}",1.57 inches (H) x 5.12 inches (W) x 12.2 inches (D),Lightweight,No Compartments or Pockets,No Compartments or Pockets,Zip Closure,No Handles or Straps,Novelty,Do Not Wash,imported,655605236172,,"{""Dimensions (Overall)"": ""1.57 inches (H) x 5.12 inches (W) x 12.2 inches (D)"", ""Shell Material"": ""Leather"", ""Bag Structure"": ""Lightweight"", ""Interior Features"": ""No Compartments or Pockets"", ""Exterior Features"": ""No Compartments or Pockets"", ""Main Compartment Closure"": ""Zip Closure"", ""Handle Type"": ""No Handles or Straps"", ""Fabric Name"": ""Novelty"", ""Care & Cleaning"": ""Do Not Wash"", ""TCIN"": ""1009327022"", ""UPC"": ""655605236172"", ""Origin"": ""imported""}",True,2026-02-23T00:38:59.831070
1009161391,Narwey Bags for Women Soft Vegan Leather Shoulder Handbag Slouchy Tote Purses,https://www.target.com/p/narwey-bags-for-women-soft-vegan-leather-shoulder-handbag-slouchy-tote-purses/-/A-1009161391#lnk=sametab,Narwey,"Target > Clothing, Shoes & Accessories > Accessories > Handbags & Purses > Shoulder Bags",Shoulder Bags,61.99,79.99,22.5,True,0.0,0,,False,,,https://target.scene7.com/is/image/Target/GUEST_14c32e00-607a-4583-878b-732a6005a497?wid=1200&hei=1200&qlt=85 | https://target.scene7.com/is/image/Target/GUEST_4aa006f2-a65b-4f04-8802-2637ff9211b7?wid=1200&hei=1200&qlt=85 | https://target.scene7.com/is/image/Target/GUEST_f0165ff4-e59e-49c3-b3bd-6de9c3b732ab?wid=1200&hei=1200&qlt=85 | https://target.scene7.com/is/image/Target/GUEST_19bee579-773a-41e9-bc51-0c527d8aac01?wid=1200&hei=1200&qlt=85 | https://target.scene7.com/is/image/Target/GUEST_1dc5e061-8460-4a18-9553-052029c24201?wid=1200&hei=1200&qlt=85,Effortlessly stylish and comfortable; Meticulously crafted from premium vegan leather(PU + Polyester); Despite its slouchy appearance; Whether you prefer to carry it on your shoulder,,Leather,"{""H"": ""15.7"", ""W"": ""4.7"", ""D"": ""18""}",15.7 inches (H) x 4.7 inches (W) x 18 inches (D),Lightweight,Multiple Compartments,No Compartments or Pockets,Zip Closure,Single handle,Novelty,Do Not Wash,imported,955099383063,,"{""Dimensions (Overall)"": ""15.7 inches (H) x 4.7 inches (W) x 18 inches (D)"", ""Shell Material"": ""Leather"", ""Bag Structure"": ""Lightweight"", ""Interior Features"": ""Multiple Compartments"", ""Exterior Features"": ""No Compartments or Pockets"", ""Main Compartment Closure"": ""Zip Closure"", ""Handle Type"": ""Single handle"", ""Fabric Name"": ""Novelty"", ""Care & Cleaning"": ""Do Not Wash"", ""TCIN"": ""1009161391"", ""UPC"": ""955099383063"", ""Origin"": ""imported""}",True,2026-02-23T00:38:59.831070
1009118462,Narwey Tote Bag Zipper Shoulder Bag Faux Leather Purses for Women Large Casual Handbag,https://www.target.com/p/narwey-tote-bag-zipper-shoulder-bag-faux-leather-purses-for-women-large-casual-handbag/-/A-1009118462#lnk=sametab,Narwey,"Target > Clothing, Shoes & Accessories > Accessories > Handbags & Purses > Shoulder Bags",Shoulder Bags,47.99,57.99,17.2,True,0.0,0,,False,,,https://target.scene7.com/is/image/Target/GUEST_044a7c31-d88f-401e-8cc5-82bc74e73994?wid=1200&hei=1200&qlt=85 | https://target.scene7.com/is/image/Target/GUEST_6f938009-cc0a-4d76-8aff-02aa31c8028d?wid=1200&hei=1200&qlt=85 | https://target.scene7.com/is/image/Target/GUEST_d880622b-c99f-47d4-bcaa-2cc4e7140a51?wid=1200&hei=1200&qlt=85 | https://target.scene7.com/is/image/Target/GUEST_01e39ff2-000e-4428-a126-022f3bcf65a8?wid=1200&hei=1200&qlt=85 | https://target.scene7.com/is/image/Target/GUEST_5aa894ea-06f5-4383-8cb2-6aeae0d017fc?wid=1200&hei=1200&qlt=85,【Premium Faux Leather】; 【Minimalist Design】; 【Zipper Safe】; 【Reinforced Shoulder Straps】,,Leather,"{""H"": ""11.8"", ""W"": ""4.3"", ""D"": ""15.7""}",11.8 inches (H) x 4.3 inches (W) x 15.7 inches (D),Unstructured,No Compartments or Pockets,No Compartments or Pockets,Zip Closure,Double Handle,Novelty,Do Not Wash,imported,998196187202,,"{""Dimensions (Overall)"": ""11.8 inches (H) x 4.3 inches (W) x 15.7 inches (D)"", ""Shell Material"": ""Leather"", ""Bag Structure"": ""Unstructured"", ""Interior Features"": ""No Compartments or Pockets"", ""Exterior Features"": ""No Compartments or Pockets"", ""Main Compartment Closure"": ""Zip Closure"", ""Handle Type"": ""Double Handle"", ""Fabric Name"": ""Novelty"", ""Care & Cleaning"": ""Do Not Wash"", ""TCIN"": ""1009118462"", ""UPC"": ""998196187202"", ""Origin"": ""imported""}",True,2026-02-23T00:38:59.831070
1001092955,"Packed Party Clear Stadium Crossbody Bag; Women Fashion Clear Purse or Handbag; Trendy Look for Ladies at Work, Travel, and Game Day",https://www.target.com/p/packed-party-clear-stadium-crossbody-bag-women-fashion-clear-purse-or-handbag-trendy-look-for-ladies-at-work-travel-and-game-day/-/A-1001092955#lnk=sametab,Packed Party,"Target > Clothing, Shoes & Accessories > Accessories > Handbags & Purses > Crossbody & Messenger Bags",Crossbody & Messenger Bags,45.0,0.0,0.0,False,4.0,3,,False,,,https://target.scene7.com/is/image/Target/GUEST_8c48df8f-4e6b-4f89-87ae-726e5a3c3b76?wid=1200&hei=1200&qlt=85 | https://target.scene7.com/is/image/Target/GUEST_7a5bcc0e-835b-4c41-8fb5-1bca81831e55?wid=1200&hei=1200&qlt=85 | https://target.scene7.com/is/image/Target/GUEST_5f84668f-a1af-41d8-8099-1b930b4c5dfc?wid=1200&hei=1200&qlt=85 | https://target.scene7.com/is/image/Target/GUEST_5d2ab66a-74ba-47ed-b39b-1454d285d921?wid=1200&hei=1200&qlt=85,"This bag measures: 8"" x 6"" x 3"". This clear crossbody was designed to be the perfect stadium approved heavy duty vinyl so you can rock it at a concert or sporting event!; The stylish adjustable chain leatherette strap is paired with metal finishes in either gold or gunmetal perfect for day or night.; This new Cooper Crossbody is the perfect for most stadium-approved accessory to head to any sporting event or concert.; This bag meets most stadium requirements for sizing, clear stipulations, and has a removeable crossbody chain strap so you can choose however you want; The perfect gift for any grad, sports fanatic, concert junkie, or hey, just yourself is this Cooper Crossbody bag. THIS ITEM IS NOT INTENDED FOR USE BELOW 12 YEARS OF AGE.",,Plastic,"{""H"": ""8.0"", ""W"": ""6.0"", ""D"": ""6.0""}",8.0 inches (H) x 6.0 inches (W) x 6.0 inches (D),Lightweight,Multiple Compartments,Adjustable Shoulder Strap,"Open, No Closure",Plastic,Novelty,Spot or Wipe Clean,made in the USA or imported,852224008030,,"{""Dimensions (Overall)"": ""8.0 inches (H) x 6.0 inches (W) x 6.0 inches (D)"", ""Shell Material"": ""Leather"", ""Bag Structure"": ""Lightweight"", ""Interior Features"": ""Multiple Compartments"", ""Exterior Features"": ""Adjustable Shoulder Strap"", ""Main Compartment Closure"": ""Open, No Closure"", ""Handle Type"": ""Adjustable Strap"", ""Fabric Name"": ""Novelty"", ""Handle Material"": ""Plastic"", ""Fits Laptop"": ""No Laptop Pocket"", ""Care & Cleaning"": ""Spot or Wipe Clean"", ""TCIN"": ""1001092955"", ""UPC"": ""852224008030"", ""Origin"": ""made in the USA or imported""}",True,2026-02-23T00:38:59.831070
1007186930,"CTM Women's Hello Kitty Kuromi Vegan Leather Deluxe Zip Wallet, Gray",https://www.target.com/p/ctm-women-s-hello-kitty-kuromi-vegan-leather-deluxe-zip-wallet/-/A-1007186930?preselect=1007186928#lnk=sametab,CTM,"Target > Clothing, Shoes & Accessories > Accessories > Wallets",Wallets,32.94,39.95,17.5,True,0.0,0,,False,gray,,https://target.scene7.com/is/image/Target/GUEST_82d875a7-41c3-4f7a-a736-9bc81c8a11ea?wid=1200&hei=1200&qlt=85 | https://target.scene7.com/is/image/Target/GUEST_3bd38b76-eab5-4afd-9c4a-81e976c785fc?wid=1200&hei=1200&qlt=85 | https://target.scene7.com/is/image/Target/GUEST_9a25b54a-41f9-410b-9553-12fb96fb55d7?wid=1200&hei=1200&qlt=85,"Chic design featuring the mischievous yet adorable Kuromi; Smooth, cruelty-free material that is soft to the touch and built to last; Interior organization features 8 card slots, 2 full length slots, a zippered compartment, and 3 gusset pockets.; Secure zip-around closure to keep your belongings safe while adding a sleek finishing touch; Measures 7.5 x 1 x 4 inches",,Polyurethane,"{""H"": ""1.0"", ""W"": ""4.3"", ""D"": ""8.0""}",1.0 inches (H) x 4.3 inches (W) x 8.0 inches (D),Lightweight,6 Card Slots,No Compartments or Pockets,Zip Closure,,Woven,Spot or Wipe Clean,imported,191362535498,,"{""Dimensions (Overall)"": ""1.0 inches (H) x 4.3 inches (W) x 8.0 inches (D)"", ""Weight"": "".2 pounds"", ""Suggested Age"": ""Adult"", ""Shell Material"": ""Polyurethane"", ""Bag Structure"": ""Lightweight"", ""Interior Features"": ""6 Card Slots"", ""Exterior Features"": ""No Compartments or Pockets"", ""Main Compartment Closure"": ""Zip Closure"", ""Fabric Name"": ""Woven"", ""Care & Cleaning"": ""Spot or Wipe Clean"", ""TCIN"": ""1007186928"", ""UPC"": ""191362535498"", ""Origin"": ""imported""}",True,2026-02-23T00:39:41.642645
1008619419,Wallet for Women Clutch Double Zip Around Credit Card Holder Leather Women's Wallet Large Capacity 1A-Green 7.87 x 4.13 x 1.57,https://www.target.com/p/wallet-for-women-clutch-double-zip-around-credit-card-holder-leather-women-s-wallet-large-capacity/-/A-1008619419?preselect=1008619418#lnk=sametab,Empire DigiLabs,"Target > Clothing, Shoes & Accessories > Accessories > Wallets",Wallets,44.97,89.94,50.0,True,0.0,0,,False,size7.87 x 4.13 x 1.57,,https://target.scene7.com/is/image/Target/GUEST_1ea81481-87d2-40f3-bb17-7f1427d511c2?wid=1200&hei=1200&qlt=85 | https://target.scene7.com/is/image/Target/GUEST_c6ae5f0f-400a-49b7-9bf5-d7608cb48097?wid=1200&hei=1200&qlt=85 | https://target.scene7.com/is/image/Target/GUEST_8b5b5536-72ee-427c-9daa-71d0488edd6c?wid=1200&hei=1200&qlt=85 | https://target.scene7.com/is/image/Target/GUEST_e3721c5a-e565-4640-ab03-a8d02ecd26ff?wid=1200&hei=1200&qlt=85 | https://target.scene7.com/is/image/Target/GUEST_3fee2b5e-392b-4e7e-8a19-9541fe3bc563?wid=1200&hei=1200&qlt=85,,,Faux Leather,"{""H"": ""7.87"", ""W"": ""4.13"", ""D"": ""1.57""}",7.87 inches (H) x 4.13 inches (W) x 1.57 inches (D),,Multiple Compartments,No Compartments or Pockets,Zip Closure,,,Spot or Wipe Clean,imported,661309734340,,"{""Dimensions (Overall)"": ""7.87 inches (H) x 4.13 inches (W) x 1.57 inches (D)"", ""Shell Material"": ""Faux Leather"", ""Interior Features"": ""Multiple Compartments"", ""Exterior Features"": ""No Compartments or Pockets"", ""Main Compartment Closure"": ""Zip Closure"", ""Care & Cleaning"": ""Spot or Wipe Clean"", ""TCIN"": ""1008619418"", ""UPC"": ""661309734340"", ""Origin"": ""imported""}",True,2026-02-23T00:39:41.642645
1001692454,"AmeriBag 10"" Print Crossbody Sling Baglett (Wild Blue)",https://www.target.com/p/ameribag-prints-and-patterns-10-baglett/-/A-1001692454?preselect=1001809534#lnk=sametab,AmeriBag,"Target > Clothing, Shoes & Accessories > Accessories > Handbags & Purses > Shoulder Bags",Shoulder Bags,29.99,35.0,14.3,True,0.0,0,,False,wild blue,,https://target.scene7.com/is/image/Target/GUEST_cc342143-ed87-4653-8261-3fe55935ff15?wid=1200&hei=1200&qlt=85 | https://target.scene7.com/is/image/Target/GUEST_12a8ce78-7167-4a68-996f-654e83130aab?wid=1200&hei=1200&qlt=85 | https://target.scene7.com/is/image/Target/GUEST_531575bb-929d-4c74-8555-4e7af76df889?wid=1200&hei=1200&qlt=85 | https://target.scene7.com/is/image/Target/GUEST_54275022-eb46-4216-b409-59939c32992a?wid=1200&hei=1200&qlt=85 | https://target.scene7.com/is/image/Target/GUEST_f491af26-515f-481a-a760-0e1e51203e40?wid=1200&hei=1200&qlt=85 | https://target.scene7.com/is/image/Target/GUEST_b8724faf-2b89-4ce9-8cd6-37f289b7ae15?wid=1200&hei=1200&qlt=85 | https://target.scene7.com/is/image/Target/GUEST_65fd0349-3eaf-488f-b4d7-08e6e8e756bf?wid=1200&hei=1200&qlt=85 | https://target.scene7.com/is/image/Target/GUEST_537c73cc-eb3d-498f-afb6-612e79085160?wid=1200&hei=1200&qlt=85 | https://target.scene7.com/is/image/Target/GUEST_6ff96f06-f8aa-4129-9a29-877d9de7628f?wid=1200&hei=1200&qlt=85 | https://target.scene7.com/is/image/Target/GUEST_dfd4ac3a-87b9-437b-a610-b57068412d28?wid=1200&hei=1200&qlt=85,"SIZE: This small version of our ergonomic shaped Healthy Back Bag is a perfect fit for your essentials or for an evening out, sized at 10 x 5.5 x 5 inches; COMFORTABLE: A Baglett is the perfect combination of fashion and function, making style effortless. Try wearing cross-body, over either shoulder or clip into the top of any Healthy Back Bag; BALANCED: Our unique shape keeps weight evenly distributed across your back…so no pulling, no crooked necks or uneven shoulders; SECURE: With the main zip always against your back your stuff is safe and accessible without taking your bag off. Having the double zippers meet in the middle make accessing your belongings a breeze. Simply swing the bag around to the front of your body while wearing it across the back, when finished, close zippers and then swing it back around!; MATERIAL: Machine washable. Made from 100% recycled polyester. Our recycled polyester material is made from post consumer waste like plastic bottles!",,100% Recycled Polyester,"{""H"": ""10"", ""W"": ""5.5"", ""D"": ""4""}",10 inches (H) x 5.5 inches (W) x 4 inches (D),Softside,Side Pockets,Detachable Straps,Zip Closure,Adjustable Shoulder Strap,Canvas,Machine Wash,imported,751470036401,,"{""Dimensions (Overall)"": ""10 inches (H) x 5.5 inches (W) x 4 inches (D)"", ""Shell Material"": ""100% Recycled Polyester"", ""Bag Structure"": ""Softside"", ""Interior Features"": ""Side Pockets"", ""Exterior Features"": ""Detachable Straps"", ""Main Compartment Closure"": ""Zip Closure"", ""Handle Type"": ""Adjustable Shoulder Strap"", ""Fabric Name"": ""Canvas"", ""Care & Cleaning"": ""Machine Wash"", ""TCIN"": ""1001809534"", ""UPC"": ""751470036401"", ""Origin"": ""imported""}",True,2026-02-23T00:39:41.642645
87877367,Harry Potter Purse Handbag Gryffindor House Womens Shoulder Satchel Bag,https://www.target.com/p/harry-potter-purse-designer-handbag-hogwarts-houses-womens-top-handle-shoulder/-/A-87877367?preselect=87877366#lnk=sametab,Harry Potter,"Target > Clothing, Shoes & Accessories > Accessories > Handbags & Purses",Handbags & Purses,64.99,76.95,15.5,True,3.8,5,,False,sizeone sizeSize guide,,https://target.scene7.com/is/image/Target/GUEST_c5a73406-3422-4b93-9c6e-5312ce1d33b2?wid=1200&hei=1200&qlt=85 | https://target.scene7.com/is/image/Target/GUEST_72169c3b-3513-404d-81d6-12c6cd3a1530?wid=1200&hei=1200&qlt=85 | https://target.scene7.com/is/image/Target/GUEST_3da9d7a1-3fa8-4dce-80c2-23578cc7815d?wid=1200&hei=1200&qlt=85 | https://target.scene7.com/is/image/Target/GUEST_bcb069bf-91ef-47c2-a62b-e20f11df141a?wid=1200&hei=1200&qlt=85 | https://target.scene7.com/is/image/Target/GUEST_ceb58709-688c-4edf-9d55-bb72e7ea2332?wid=1200&hei=1200&qlt=85 | https://target.scene7.com/is/image/Target/GUEST_b55e6d62-a019-4d97-8920-f064bd18cacf | https://target.scene7.com/is/image/Target/GUEST_f793a0cb-b9cd-41ee-83d9-c4f5d5cc1e0e | https://target.scene7.com/is/image/Target/GUEST_d4109a68-b06f-4187-b32f-cac701571cb5,"Harry Potter Purses and Handbags for Women: These Stylish totes feature 2 compartments and 1 zipper pocket inside with 100% polyester fabric lined material. 100% PU outer shell with plaid sides. great utility tote purse to hold your wallet, keys ,cosmetic makeup and even your Harry potter letter of acceptance after Hedwig drops it off.; High Quality Wizard Features: Zippered closure that buttons and unbuttons on both sides for easy access to the roomy inside. Engraved metal hanging house crest tassel charm. Strong stitched top handles attached to metal side brackets. Strap included to convert to a shoulder purse handbag. Strong and sturdy corner and bottom Purse feet studs for protection.; Hogwarts School of Witchcraft and Wizardry Trendy style: Doesn't matter what house the sorting hat chooses for you. Pick bags from all 4 Harry Potter Houses. Featured house colors and graphics printed on both sides for quality. One side features the crest logo with house motto and values. Other side features house name and animal.; Harry Potter Merchandise: Bioworld specializes in great,   products. Featuring everything from classic cartoon characters to superheroes, and all the newest, most popular movie, toy, and television characters in between, Bioworld is the go-to company for finding all your   apparel and accessories; Gryffindor Purse and Handbag: This stylish bag features the motto Courage Bravery Determination with a Lion house crest. House colors are scarlet and gold. great Harry Potter gift for any book and movie fan. Large inside with snap sides for easy open. Includes detachable shoulder strap.",,Polyester,"{""H"": ""6"", ""W"": ""12"", ""D"": ""14""}",6 inches (H) x 12 inches (W) x 14 inches (D),Unstructured,Multiple Compartments,Snap Pocket,Zip Closure,Double Handle,Novelty,Hand Wash,made in the USA or imported,843743179899,,"{""Dimensions (Overall)"": ""6 inches (H) x 12 inches (W) x 14 inches (D)"", ""Shell Material"": ""Polyester"", ""Bag Structure"": ""Unstructured"", ""Interior Features"": ""Multiple Compartments"", ""Exterior Features"": ""Snap Pocket"", ""Main Compartment Closure"": ""Zip Closure"", ""Handle Type"": ""Double Handle"", ""Fabric Name"": ""Novelty"", ""Fits Laptop"": ""No Laptop Pocket"", ""Battery"": ""No Battery Used"", ""Care & Cleaning"": ""Hand Wash"", ""TCIN"": ""87877366"", ""UPC"": ""843743179899"", ""Origin"": ""made in the USA or imported""}",True,2026-02-23T00:39:41.642645
1009215847,Narwey Womens Casual Corduroy Tote Bags with Multiple Pockets Fashion Travel Shoulder Bags Cute Purse Handbag (Green),https://www.target.com/p/narwey-womens-casual-corduroy-tote-bags-with-multiple-pockets-fashion-travel-shoulder-bags-cute-purse-handbag-green/-/A-1009215847#lnk=sametab,Narwey,"Target > Clothing, Shoes & Accessories > Accessories > Handbags & Purses",Handbags & Purses,46.99,55.99,16.1,True,0.0,0,,False,,,https://target.scene7.com/is/image/Target/GUEST_0d6a6f53-025c-494b-9d6e-8ab5c3948937?wid=1200&hei=1200&qlt=85 | https://target.scene7.com/is/image/Target/GUEST_3e4349b5-9691-438f-b909-7abba99572b2?wid=1200&hei=1200&qlt=85 | https://target.scene7.com/is/image/Target/GUEST_74a66ab2-f788-41c0-8095-754f004bc4ff?wid=1200&hei=1200&qlt=85 | https://target.scene7.com/is/image/Target/GUEST_3e19a609-c076-4ea8-ae86-61bffa26cfa6?wid=1200&hei=1200&qlt=85 | https://target.scene7.com/is/image/Target/GUEST_2d0479a7-cf83-4ff0-9b88-c03056de5a92?wid=1200&hei=1200&qlt=85,Updated Corduroy Material; Spacious Design; Everyday Convenience; Adjustable Shoulder Strap,,Corduroy,"{""H"": ""9.8"", ""W"": ""5.5"", ""D"": ""13.7""}",9.8 inches (H) x 5.5 inches (W) x 13.7 inches (D),Lightweight,Multiple Compartments,Adjustable Strap,Zip Closure,Adjustable Strap,2 x 2 Rib,Hand Wash,imported,181626312309,,"{""Dimensions (Overall)"": ""9.8 inches (H) x 5.5 inches (W) x 13.7 inches (D)"", ""Shell Material"": ""Corduroy"", ""Bag Structure"": ""Lightweight"", ""Interior Features"": ""Multiple Compartments"", ""Exterior Features"": ""Adjustable Strap"", ""Main Compartment Closure"": ""Zip Closure"", ""Handle Type"": ""Adjustable Strap"", ""Fabric Name"": ""2 x 2 Rib"", ""Care & Cleaning"": ""Hand Wash"", ""TCIN"": ""1009215847"", ""UPC"": ""181626312309"", ""Origin"": ""imported""}",True,2026-02-23T00:39:41.642645
1009164438,Narwey Leather Women Tote Bag Soft Handbags Vintage Shoulder Purses Fashion Top,https://www.target.com/p/narwey-leather-women-tote-bag-soft-handbags-vintage-shoulder-purses-fashion-top/-/A-1009164438#lnk=sametab,Narwey,"Target > Clothing, Shoes & Accessories > Accessories > Handbags & Purses > Shoulder Bags",Shoulder Bags,137.9,138.99,0.8,True,0.0,0,,False,,,https://target.scene7.com/is/image/Target/GUEST_a635a8af-71e8-4191-891f-66780a12ebf5?wid=1200&hei=1200&qlt=85 | https://target.scene7.com/is/image/Target/GUEST_ef4cc1f7-870a-4465-9a0b-93b3d9fa106a?wid=1200&hei=1200&qlt=85 | https://target.scene7.com/is/image/Target/GUEST_dc54db6f-cb82-4503-8898-07b00da78c6c?wid=1200&hei=1200&qlt=85 | https://target.scene7.com/is/image/Target/GUEST_03ee59f2-6206-4490-a83a-0d48f38768d4?wid=1200&hei=1200&qlt=85 | https://target.scene7.com/is/image/Target/GUEST_80333377-3fb8-40e6-b706-38063cb968d6?wid=1200&hei=1200&qlt=85,MATERIAL; STRAPS ＆ BOTTOM OF BAG; WELL CONSTRUCTED; CLASSY ＆ FUNCTIONAL,,Leather,"{""H"": ""11.42"", ""W"": ""4.33"", ""D"": ""12.6""}",11.42 inches (H) x 4.33 inches (W) x 12.6 inches (D),Unstructured,Multiple Compartments,No Compartments or Pockets,Zip Closure,Double Handle,Novelty,Do Not Wash,imported,145298647756,,"{""Dimensions (Overall)"": ""11.42 inches (H) x 4.33 inches (W) x 12.6 inches (D)"", ""Shell Material"": ""Leather"", ""Bag Structure"": ""Unstructured"", ""Interior Features"": ""Multiple Compartments"", ""Exterior Features"": ""No Compartments or Pockets"", ""Main Compartment Closure"": ""Zip Closure"", ""Handle Type"": ""Double Handle"", ""Fabric Name"": ""Novelty"", ""Care & Cleaning"": ""Do Not Wash"", ""TCIN"": ""1009164438"", ""UPC"": ""145298647756"", ""Origin"": ""imported""}",True,2026-02-23T00:39:41.642645
1003442270,Wrapables Large & Small Foldable Tote Nylon Reusable Grocery Bags Cute Kitties on Blue,https://www.target.com/p/wrapables-large-small-foldable-tote-nylon-reusable-grocery-bags/-/A-1003442270?preselect=1003442276#lnk=sametab,Wrapables,"Target > Clothing, Shoes & Accessories > Accessories > Handbags & Purses",Handbags & Purses,15.99,0.0,0.0,False,0.0,0,,False,cute kitties on blue,,https://target.scene7.com/is/image/Target/GUEST_de6e630c-0f2a-43fc-96ae-c350d8acbd9a?wid=1200&hei=1200&qlt=85 | https://target.scene7.com/is/image/Target/GUEST_620ac391-ac3d-42e7-b93b-df9885c13940?wid=1200&hei=1200&qlt=85 | https://target.scene7.com/is/image/Target/GUEST_dd9f844b-0a08-48b9-90c8-edbae17792e8?wid=1200&hei=1200&qlt=85 | https://target.scene7.com/is/image/Target/GUEST_6c12b816-d7fe-43df-b9a4-8627730d17ec?wid=1200&hei=1200&qlt=85 | https://target.scene7.com/is/image/Target/GUEST_a3ea2141-edb3-4d38-bbe6-cd5ccfd2282a?wid=1200&hei=1200&qlt=85 | https://target.scene7.com/is/image/Target/GUEST_d9b54319-2b25-4da5-972f-3c3fe90c8584?wid=1200&hei=1200&qlt=85 | https://target.scene7.com/is/image/Target/GUEST_52945968-4cc4-46bb-8b1a-d2be6144d618?wid=1200&hei=1200&qlt=85 | https://target.scene7.com/is/image/Target/GUEST_0200112d-bdef-4d82-b1e6-fc8ea1303e00?wid=1200&hei=1200&qlt=85 | https://target.scene7.com/is/image/Target/GUEST_7a079ef1-da73-4093-871b-2f6f83551389?wid=1200&hei=1200&qlt=85 | https://target.scene7.com/is/image/Target/GUEST_3dcf001e-2854-4b70-ab41-e2b03fa15c6f?wid=1200&hei=1200&qlt=85,"PROMOTES GREEN LIFESTYLE. Reduces trash from unwanted bags, helps protect the environment and wildlife. These reusable bags can be used again and again.; FOLDABLE. The reusable bags can be folded into a tiny inner pocket that can conveniently fit in your purse. Great for taking with you anywhere you want.; SET INCLUDES 2 BAGS: Large: 22 x 16.5 inches, 9 inch handles. Small: 14 x 15 inches, 8.5 inch handles.; DURABLE: Lightweight yet very wear-resistant and does not rip easily. Made with nylon. Holds up to 44 lbs. Waterproof.; USE: For carrying groceries, shopping, traveling and storage. Can also be used as a book bag or lunch bag.",,Nylon,"{""H"": ""22"", ""W"": ""1"", ""D"": ""16.5""}",22 inches (H) x 1 inches (W) x 16.5 inches (D),Lightweight,Accessories Pocket,No Compartments or Pockets,Open Top,Double Shoulder Handles,Woven,Hand Wash,imported,889150131105,,"{""Dimensions (Overall)"": ""22 inches (H) x 1 inches (W) x 16.5 inches (D)"", ""Shell Material"": ""Nylon"", ""Bag Structure"": ""Lightweight"", ""Interior Features"": ""Accessories Pocket"", ""Exterior Features"": ""No Compartments or Pockets"", ""Main Compartment Closure"": ""Open Top"", ""Handle Type"": ""Double Shoulder Handles"", ""Fabric Name"": ""Woven"", ""Care & Cleaning"": ""Hand Wash"", ""TCIN"": ""1003442276"", ""UPC"": ""889150131105"", ""Origin"": ""imported""}",True,2026-02-23T00:39:41.642645
1007937554,"Clutch Purses for Women - Evening Bag - Adjustable Crossbody Handbag - Trendy PU Leather Red 8.8""x 5""x 3.2""",https://www.target.com/p/clutch-purses-for-women-evening-bag-adjustable-crossbody-handbag-trendy-pu-leather/-/A-1007937554?preselect=1007937559#lnk=sametab,Empire DigiLabs,"Target > Clothing, Shoes & Accessories > Accessories > Handbags & Purses",Handbags & Purses,98.97,197.94,50.0,True,0.0,0,,False,"size8.8""x 5""x 3.2""",,https://target.scene7.com/is/image/Target/GUEST_dc5d1066-d59f-4ed4-b620-640036bb3940?wid=1200&hei=1200&qlt=85 | https://target.scene7.com/is/image/Target/GUEST_0b70a5a0-5fde-4390-b183-c588b316c9c5?wid=1200&hei=1200&qlt=85 | https://target.scene7.com/is/image/Target/GUEST_ed846071-7dc6-4eb0-a62e-24d476ddc05f?wid=1200&hei=1200&qlt=85 | https://target.scene7.com/is/image/Target/GUEST_dc8d1176-c575-4ee4-9a89-eb04e4ade92e?wid=1200&hei=1200&qlt=85 | https://target.scene7.com/is/image/Target/GUEST_18cc7d04-90e6-460e-ac99-ad979eab8bbf?wid=1200&hei=1200&qlt=85,,,Leather,"{""H"": ""5"", ""W"": ""8.8"", ""D"": ""3.2""}",5 inches (H) x 8.8 inches (W) x 3.2 inches (D),Structured,Multiple Compartments,Detachable Straps,Button Closure,Top Carrying Handle,Faux Leather,Spot or Wipe Clean,imported,661309845770,,"{""Dimensions (Overall)"": ""5 inches (H) x 8.8 inches (W) x 3.2 inches (D)"", ""Shell Material"": ""Leather"", ""Bag Structure"": ""Structured"", ""Interior Features"": ""Multiple Compartments"", ""Exterior Features"": ""Detachable Straps"", ""Main Compartment Closure"": ""Button Closure"", ""Handle Type"": ""Top Carrying Handle"", ""Fabric Name"": ""Faux Leather"", ""Care & Cleaning"": ""Spot or Wipe Clean"", ""TCIN"": ""1007937559"", ""UPC"": ""661309845770"", ""Origin"": ""imported""}",True,2026-02-23T00:39:41.642645
1001691570,"AmeriBag 17"" Nylon Crossbody Sling Healthy Back Bag (Taupe)",https://www.target.com/p/ameribag-small-distressed-nylon-healthy-back-bag/-/A-1001691570?preselect=1001691575#lnk=sametab,AmeriBag,"Target > Clothing, Shoes & Accessories > Accessories > Handbags & Purses > Shoulder Bags",Shoulder Bags,75.0,80.0,6.2,True,0.0,0,,False,taupe,,https://target.scene7.com/is/image/Target/GUEST_41f1918b-139c-4e97-ad56-d15cc02d2373?wid=1200&hei=1200&qlt=85 | https://target.scene7.com/is/image/Target/GUEST_29347d53-9796-473d-97d5-06acc0142a6a?wid=1200&hei=1200&qlt=85 | https://target.scene7.com/is/image/Target/GUEST_1964c496-71ca-4000-bc6b-165ea004ae9c?wid=1200&hei=1200&qlt=85 | https://target.scene7.com/is/image/Target/GUEST_2079f7ea-e82c-4d7e-bfa7-d07aec7a8686?wid=1200&hei=1200&qlt=85 | https://target.scene7.com/is/image/Target/GUEST_241c720d-c8fd-439f-887a-b6e17012129a?wid=1200&hei=1200&qlt=85 | https://target.scene7.com/is/image/Target/GUEST_c4eee1f2-1467-4dcb-b73a-0e46e327db8e?wid=1200&hei=1200&qlt=85 | https://target.scene7.com/is/image/Target/GUEST_7b041176-39ce-44cd-9b06-2255824dc782?wid=1200&hei=1200&qlt=85 | https://target.scene7.com/is/image/Target/GUEST_8257b733-e440-4e97-a57b-93f33b3d0cde?wid=1200&hei=1200&qlt=85 | https://target.scene7.com/is/image/Target/GUEST_2d85d209-e977-48f4-9bbb-ded5c3c382b4?wid=1200&hei=1200&qlt=85 | https://target.scene7.com/is/image/Target/GUEST_c8c87c2f-4b09-4ae4-a190-becc4e8e84fa?wid=1200&hei=1200&qlt=85,"SIZE: Replacing a medium to large handbag, this is the most popular size for everyday use. Holds all daily essentials and then some. 17 x 9 x 6 inches; MATERIAL: Hardwearing, machine washable, weather resistant...just some of the properties of the beautifully textured distressed nylon. Ready-for-anything and lightweight makes these HBB's perfect for everyday wear as well as an active, outdoors lifestyle; COMFORTABLE: A Healthy Back Bag is the perfect combination of fashion and function, making style effortless. Can be worn cross-body for full back health benefits or over the shoulder to grab and be on your way!; ERGONOMIC: Designed to mold to the shape of your spine, minimizing the strain on your back, neck and shoulders. The body-hugging contours and adjustable wearing eliminate twisting or straining your posture. The more places a bag touches your body as you wear it, the lighter it feels...and that’s the secret; SECURE: With the main zip always against your back your stuff is safe and accessible without taking your bag off. Having the double zippers meet in the middle make accessing your belongings a breeze. Simply swing the bag around to the front of your body while wearing it across the back, when finished, close zippers and then swing it back around!",,Nylon,"{""H"": ""17"", ""W"": ""9"", ""D"": ""6""}",17 inches (H) x 9 inches (W) x 6 inches (D),Softside,Multiple Compartments,Multiple Compartments,Zip Closure,Adjustable Shoulder Strap,Canvas,Machine Wash,imported,751470007289,,"{""Dimensions (Overall)"": ""17 inches (H) x 9 inches (W) x 6 inches (D)"", ""Shell Material"": ""Nylon"", ""Bag Structure"": ""Softside"", ""Interior Features"": ""Multiple Compartments"", ""Exterior Features"": ""Multiple Compartments"", ""Main Compartment Closure"": ""Zip Closure"", ""Handle Type"": ""Adjustable Shoulder Strap"", ""Fabric Name"": ""Canvas"", ""Care & Cleaning"": ""Machine Wash"", ""TCIN"": ""1001691575"", ""UPC"": ""751470007289"", ""Origin"": ""imported""}",True,2026-02-23T00:39:41.642645
1009138613,Narwey Handbags for Women Large Designer Ladies Hobo bag Bucket Purse Faux Leather,https://www.target.com/p/narwey-handbags-for-women-large-designer-ladies-hobo-bag-bucket-purse-faux-leather/-/A-1009138613#lnk=sametab,Narwey,"Target > Clothing, Shoes & Accessories > Accessories > Handbags & Purses > Shoulder Bags",Shoulder Bags,70.99,80.99,12.3,True,0.0,0,,False,,,https://target.scene7.com/is/image/Target/GUEST_fee648d7-260f-4599-93cb-b02dbb7a8146?wid=1200&hei=1200&qlt=85 | https://target.scene7.com/is/image/Target/GUEST_10527b94-7619-4fcb-9eeb-63145e006bd7?wid=1200&hei=1200&qlt=85 | https://target.scene7.com/is/image/Target/GUEST_3ae7529e-9b67-4fd8-b1a2-3037f775daae?wid=1200&hei=1200&qlt=85 | https://target.scene7.com/is/image/Target/GUEST_ee49936b-b16c-4eee-9db1-74541e9f6689?wid=1200&hei=1200&qlt=85 | https://target.scene7.com/is/image/Target/GUEST_aaa1c61e-68eb-4d5b-93f2-2efc3dfbc476?wid=1200&hei=1200&qlt=85,【 Bags for Women】; 【Large Capacity Purse】; 【Updated Women Purse】; 【Leather Shoulder Bag Structure】,,20% Recycled Nylon,"{""H"": ""13"", ""W"": ""5.1"", ""D"": ""15.2""}",13 inches (H) x 5.1 inches (W) x 15.2 inches (D),Unstructured,Multiple Compartments,No Compartments or Pockets,Zip Closure,Adjustable Handle,Novelty,Do Not Wash,imported,374505171160,,"{""Dimensions (Overall)"": ""13 inches (H) x 5.1 inches (W) x 15.2 inches (D)"", ""Shell Material"": ""20% Recycled Nylon"", ""Bag Structure"": ""Unstructured"", ""Interior Features"": ""Multiple Compartments"", ""Exterior Features"": ""No Compartments or Pockets"", ""Main Compartment Closure"": ""Zip Closure"", ""Handle Type"": ""Adjustable Handle"", ""Fabric Name"": ""Novelty"", ""Care & Cleaning"": ""Do Not Wash"", ""TCIN"": ""1009138613"", ""UPC"": ""374505171160"", ""Origin"": ""imported""}",True,2026-02-23T00:39:41.642645
1009142948,Narwey shoulder Bag for Women's Cute Hobo Tote Handbag Mini Clutch Underarm Purse,https://www.target.com/p/narwey-shoulder-bag-for-women-s-cute-hobo-tote-handbag-mini-clutch-underarm-purse/-/A-1009142948#lnk=sametab,Narwey,"Target > Clothing, Shoes & Accessories > Accessories > Handbags & Purses > Mini Bags",Mini Bags,35.99,49.99,28.0,True,0.0,0,,False,,,https://target.scene7.com/is/image/Target/GUEST_5baf050c-1044-4cf3-ad48-7c3af6c72ae2?wid=1200&hei=1200&qlt=85 | https://target.scene7.com/is/image/Target/GUEST_09cf36e7-982d-4b32-bd16-039ac171faf9?wid=1200&hei=1200&qlt=85 | https://target.scene7.com/is/image/Target/GUEST_a62ad401-7bed-419a-ac42-880030182eb4?wid=1200&hei=1200&qlt=85 | https://target.scene7.com/is/image/Target/GUEST_6e0ed061-22bd-4d62-9468-d397d44908de?wid=1200&hei=1200&qlt=85 | https://target.scene7.com/is/image/Target/GUEST_54d2107a-ac41-46f1-95df-f485dc32ffb3?wid=1200&hei=1200&qlt=85,Lightweight and fashionable design; High quality materials; Large capacity space; Multi functional usage scenarios,,Leather,"{""H"": ""7"", ""W"": ""10.3"", ""D"": ""3""}",7 inches (H) x 10.3 inches (W) x 3 inches (D),Lightweight,Zip Pocket,No Compartments or Pockets,Zip Closure,Single handle,Novelty,Do Not Wash,imported,916867305816,,"{""Dimensions (Overall)"": ""7 inches (H) x 10.3 inches (W) x 3 inches (D)"", ""Shell Material"": ""Leather"", ""Bag Structure"": ""Lightweight"", ""Interior Features"": ""Zip Pocket"", ""Exterior Features"": ""No Compartments or Pockets"", ""Main Compartment Closure"": ""Zip Closure"", ""Handle Type"": ""Single handle"", ""Fabric Name"": ""Novelty"", ""Care & Cleaning"": ""Do Not Wash"", ""TCIN"": ""1009142948"", ""UPC"": ""916867305816"", ""Origin"": ""imported""}",True,2026-02-23T00:39:41.642645
1007760934,"Hobo Crossbody Bags for Women,Faux Leather Retro Large Size Shoulder Bucket Purse Brown-gold Hardware-Large-15.2 inch 15.2 x 5.1 x 13 inches",https://www.target.com/p/hobo-crossbody-bags-for-women-faux-leather-retro-large-size-shoulder-bucket-purse/-/A-1007760934?preselect=1007760935#lnk=sametab,Empire DigiLabs,"Target > Clothing, Shoes & Accessories > Accessories > Handbags & Purses",Handbags & Purses,149.97,299.94,50.0,True,0.0,0,,False,size15.2 x 5.1 x 13 inches,,https://target.scene7.com/is/image/Target/GUEST_a37c2e9f-f4dc-4238-957a-2e31adebb96b?wid=1200&hei=1200&qlt=85 | https://target.scene7.com/is/image/Target/GUEST_6f418622-66e3-4f60-9be3-4d0f46b5bc69?wid=1200&hei=1200&qlt=85 | https://target.scene7.com/is/image/Target/GUEST_ce30f85d-f8e1-4095-901b-453f3cf9a179?wid=1200&hei=1200&qlt=85 | https://target.scene7.com/is/image/Target/GUEST_c005d7b9-8f89-4631-b0d1-acd4fe73e1df?wid=1200&hei=1200&qlt=85 | https://target.scene7.com/is/image/Target/GUEST_1888dbda-39b5-4734-a546-0708114af1b7?wid=1200&hei=1200&qlt=85,,,Leather,"{""H"": ""15.2"", ""W"": ""13"", ""D"": ""5.1""}",15.2 inches (H) x 13 inches (W) x 5.1 inches (D),Structured,Multiple Compartments,Adjustable Shoulder Strap,Zip Closure,Top Carrying Handle,Faux Leather,Spot or Wipe Clean,imported,661309912762,,"{""Dimensions (Overall)"": ""15.2 inches (H) x 13 inches (W) x 5.1 inches (D)"", ""Shell Material"": ""Leather"", ""Bag Structure"": ""Structured"", ""Interior Features"": ""Multiple Compartments"", ""Exterior Features"": ""Adjustable Shoulder Strap"", ""Main Compartment Closure"": ""Zip Closure"", ""Handle Type"": ""Top Carrying Handle"", ""Fabric Name"": ""Faux Leather"", ""Care & Cleaning"": ""Spot or Wipe Clean"", ""TCIN"": ""1007760935"", ""UPC"": ""661309912762"", ""Origin"": ""imported""}",True,2026-02-23T00:39:41.642645
1009301138,"Narwey Crossbody Bags for Women, Small Purses Crossbody Purses for Women, Cell Phone Purse",https://www.target.com/p/narwey-crossbody-bags-for-women-small-purses-crossbody-purses-for-women-cell-phone-purse/-/A-1009301138#lnk=sametab,Narwey,"Target > Clothing, Shoes & Accessories > Accessories > Handbags & Purses > Shoulder Bags",Shoulder Bags,20.99,29.99,30.0,True,0.0,0,,False,,,https://target.scene7.com/is/image/Target/GUEST_53bca5b0-711d-4424-8db9-817aaef92940?wid=1200&hei=1200&qlt=85 | https://target.scene7.com/is/image/Target/GUEST_7462839e-ded6-47c3-9b47-a20fa37e3a83?wid=1200&hei=1200&qlt=85 | https://target.scene7.com/is/image/Target/GUEST_270dfc7d-f048-422c-a366-8add7950ec30?wid=1200&hei=1200&qlt=85 | https://target.scene7.com/is/image/Target/GUEST_3793c310-5e08-43bc-8dcb-a364415ff64e?wid=1200&hei=1200&qlt=85 | https://target.scene7.com/is/image/Target/GUEST_97927f9a-485e-423c-b00f-7af1421c4a2e?wid=1200&hei=1200&qlt=85,made of soft Leather; Stylish chain design; Roomy enough; Various occasions,,TPU (Thermoplastic Polyurethane),"{""H"": ""5.39"", ""W"": ""1.97"", ""D"": ""8.94""}",5.39 inches (H) x 1.97 inches (W) x 8.94 inches (D),Dome,Multiple Compartments,Adjustable Shoulder Strap,Buckle Closure,Carrying Handle,2 x 2 Rib,Do Not Wash,imported,738673951236,,"{""Dimensions (Overall)"": ""5.39 inches (H) x 1.97 inches (W) x 8.94 inches (D)"", ""Shell Material"": ""TPU (Thermoplastic Polyurethane)"", ""Bag Structure"": ""Dome"", ""Interior Features"": ""Multiple Compartments"", ""Exterior Features"": ""Adjustable Shoulder Strap"", ""Main Compartment Closure"": ""Buckle Closure"", ""Handle Type"": ""Carrying Handle"", ""Fabric Name"": ""2 x 2 Rib"", ""Care & Cleaning"": ""Do Not Wash"", ""TCIN"": ""1009301138"", ""UPC"": ""738673951236"", ""Origin"": ""imported""}",True,2026-02-23T00:39:41.642645
1009135940,Narwey Crossbody Bags For Women Pocketbooks Soft PU Leather Purses and Handbags,https://www.target.com/p/narwey-crossbody-bags-for-women-pocketbooks-soft-pu-leather-purses-and-handbags/-/A-1009135940#lnk=sametab,Narwey,"Target > Clothing, Shoes & Accessories > Accessories > Handbags & Purses > Mini Bags",Mini Bags,51.99,61.99,16.1,True,0.0,0,,False,,,https://target.scene7.com/is/image/Target/GUEST_86d65b38-eff0-4ed2-8030-7d7ab63f19a5?wid=1200&hei=1200&qlt=85 | https://target.scene7.com/is/image/Target/GUEST_ff70751e-0fcb-456d-8672-4e08e836ab57?wid=1200&hei=1200&qlt=85 | https://target.scene7.com/is/image/Target/GUEST_7498f6c4-1975-45f7-85c8-768069a61a1c?wid=1200&hei=1200&qlt=85 | https://target.scene7.com/is/image/Target/GUEST_674ffcef-4fc8-4462-8c5b-6c31f782dc2f?wid=1200&hei=1200&qlt=85 | https://target.scene7.com/is/image/Target/GUEST_915a053b-abbc-4d49-847e-56a41409b79f?wid=1200&hei=1200&qlt=85,Made of high-quality PU leather; Trendy & Fashionable; Perfect for all occations; Comfortable for your daily wear,,Leather,"{""H"": ""9.6"", ""W"": ""4.7"", ""D"": ""10.6""}",9.6 inches (H) x 4.7 inches (W) x 10.6 inches (D),Unstructured,Multiple Compartments,Multiple Compartments,Zip Closure,Single handle,Novelty,Do Not Wash,imported,718201698116,,"{""Dimensions (Overall)"": ""9.6 inches (H) x 4.7 inches (W) x 10.6 inches (D)"", ""Shell Material"": ""Leather"", ""Bag Structure"": ""Unstructured"", ""Interior Features"": ""Multiple Compartments"", ""Exterior Features"": ""Multiple Compartments"", ""Main Compartment Closure"": ""Zip Closure"", ""Handle Type"": ""Single handle"", ""Fabric Name"": ""Novelty"", ""Care & Cleaning"": ""Do Not Wash"", ""TCIN"": ""1009135940"", ""UPC"": ""718201698116"", ""Origin"": ""imported""}",True,2026-02-23T00:39:41.642645
1008459999,"Evening Clutch Woven Leather Handbags Crossbody Bag Purse Formal Evening Bag, Vegan Leather Wine Woven Leather 1.7"" x 12.2"" x 5.1""",https://www.target.com/p/evening-clutch-woven-leather-handbags-crossbody-bag-purse-formal-evening-bag-vegan-leather/-/A-1008459999?preselect=1008460002#lnk=sametab,Empire DigiLabs,"Target > Clothing, Shoes & Accessories > Accessories > Handbags & Purses > Clutches",Clutches,89.97,179.94,50.0,True,0.0,0,,False,"size1.7"" x 12.2"" x 5.1""",,https://target.scene7.com/is/image/Target/GUEST_ce06133a-f076-46c4-85e1-31cf20482404?wid=1200&hei=1200&qlt=85 | https://target.scene7.com/is/image/Target/GUEST_63ca9620-8d29-48b6-bc9c-c56675768d82?wid=1200&hei=1200&qlt=85 | https://target.scene7.com/is/image/Target/GUEST_5370b7c6-ab87-413f-bd0c-4385892f257e?wid=1200&hei=1200&qlt=85 | https://target.scene7.com/is/image/Target/GUEST_f801da9f-ed3e-4964-b7df-84b6f05c1fa1?wid=1200&hei=1200&qlt=85 | https://target.scene7.com/is/image/Target/GUEST_8345f9a9-0d6b-41a7-b3b9-3dfb92926b87?wid=1200&hei=1200&qlt=85,,,Polyester,"{""H"": ""5.1"", ""W"": ""12.2"", ""D"": ""1.7""}",5.1 inches (H) x 12.2 inches (W) x 1.7 inches (D),Structured,Multiple Compartments,Detachable Straps,Easy-Close Fastener,Top Carrying Handle,Novelty,Spot or Wipe Clean,imported,661309792401,,"{""Dimensions (Overall)"": ""5.1 inches (H) x 12.2 inches (W) x 1.7 inches (D)"", ""Shell Material"": ""Polyester"", ""Bag Structure"": ""Structured"", ""Interior Features"": ""Multiple Compartments"", ""Exterior Features"": ""Detachable Straps"", ""Main Compartment Closure"": ""Easy-Close Fastener"", ""Handle Type"": ""Top Carrying Handle"", ""Fabric Name"": ""Novelty"", ""Care & Cleaning"": ""Spot or Wipe Clean"", ""TCIN"": ""1008460002"", ""UPC"": ""661309792401"", ""Origin"": ""imported""}",True,2026-02-23T00:39:41.642645
1009321643,Narwey Hobo Crossbody Bags for Women Vegan Leather Purses and Handbags,https://www.target.com/p/narwey-hobo-crossbody-bags-for-women-vegan-leather-purses-and-handbags/-/A-1009321643#lnk=sametab,Narwey,"Target > Clothing, Shoes & Accessories > Accessories > Handbags & Purses > Shoulder Bags",Shoulder Bags,56.99,70.99,19.7,True,0.0,0,,False,,,https://target.scene7.com/is/image/Target/GUEST_9bcc8854-56dc-4c8a-b466-f4c5e31f0b1f?wid=1200&hei=1200&qlt=85 | https://target.scene7.com/is/image/Target/GUEST_8ac01b77-b25f-4ddf-ae11-38edaa2f33d2?wid=1200&hei=1200&qlt=85 | https://target.scene7.com/is/image/Target/GUEST_75443cff-7d12-4354-83cb-f28eec54ba18?wid=1200&hei=1200&qlt=85 | https://target.scene7.com/is/image/Target/GUEST_ff2bc4e0-d670-425b-a149-b38e36132a4d?wid=1200&hei=1200&qlt=85 | https://target.scene7.com/is/image/Target/GUEST_7e0372b4-7f9b-4f96-b2c0-95511e31f74d?wid=1200&hei=1200&qlt=85,【High-Quality Purses for Women】; 【Large Capacity Women Hobo Purse】; 【9-Pockets Bucket Bags for Women】; 【Fashion Shoulder Handbags for Women】,,Leather,"{""H"": ""12.28"", ""W"": ""2.09"", ""D"": ""16.42""}",12.28 inches (H) x 2.09 inches (W) x 16.42 inches (D),Lightweight,Multiple Compartments,No Compartments or Pockets,Zip Closure,Shoulder Strap,1 x 1 Rib,Shake Clean,imported,135643961033,,"{""Dimensions (Overall)"": ""12.28 inches (H) x 2.09 inches (W) x 16.42 inches (D)"", ""Shell Material"": ""Leather"", ""Bag Structure"": ""Lightweight"", ""Interior Features"": ""Multiple Compartments"", ""Exterior Features"": ""No Compartments or Pockets"", ""Main Compartment Closure"": ""Zip Closure"", ""Handle Type"": ""Shoulder Strap"", ""Fabric Name"": ""1 x 1 Rib"", ""Care & Cleaning"": ""Shake Clean"", ""TCIN"": ""1009321643"", ""UPC"": ""135643961033"", ""Origin"": ""imported""}",True,2026-02-23T00:39:41.642645
1009339789,Narwey Crossbody Purses for Women Vegan Leather Crossbody Bags Handbags,https://www.target.com/p/narwey-crossbody-purses-for-women-vegan-leather-crossbody-bags-handbags/-/A-1009339789#lnk=sametab,Narwey,"Target > Clothing, Shoes & Accessories > Accessories > Handbags & Purses > Shoulder Bags",Shoulder Bags,34.99,54.99,36.4,True,0.0,0,,False,,,https://target.scene7.com/is/image/Target/GUEST_496a79d9-6f62-42ed-ac8a-e0e369a8480b?wid=1200&hei=1200&qlt=85 | https://target.scene7.com/is/image/Target/GUEST_4a54d3bf-1017-4987-becd-cfb366f8cf81?wid=1200&hei=1200&qlt=85 | https://target.scene7.com/is/image/Target/GUEST_5085a7e6-98a2-40ad-80d5-f5b8bd8e902f?wid=1200&hei=1200&qlt=85 | https://target.scene7.com/is/image/Target/GUEST_2926aee6-c176-4894-9749-bf29a113322c?wid=1200&hei=1200&qlt=85 | https://target.scene7.com/is/image/Target/GUEST_7fa71983-80e0-496a-bf16-29a5055918fe?wid=1200&hei=1200&qlt=85,High-quality Womens Crossbody Purses; Perfect Size; Detachable Strap; Crossbody Bag Structure,,Leather,"{""H"": ""10.12"", ""W"": ""1.61"", ""D"": ""12.52""}",10.12 inches (H) x 1.61 inches (W) x 12.52 inches (D),Lightweight,Multiple Compartments,Front Pocket,Zip Closure,Shoulder Strap,1 x 1 Rib,Shake Clean,imported,730649209570,,"{""Dimensions (Overall)"": ""10.12 inches (H) x 1.61 inches (W) x 12.52 inches (D)"", ""Shell Material"": ""Leather"", ""Bag Structure"": ""Lightweight"", ""Interior Features"": ""Multiple Compartments"", ""Exterior Features"": ""Front Pocket"", ""Main Compartment Closure"": ""Zip Closure"", ""Handle Type"": ""Shoulder Strap"", ""Fabric Name"": ""1 x 1 Rib"", ""Care & Cleaning"": ""Shake Clean"", ""TCIN"": ""1009339789"", ""UPC"": ""730649209570"", ""Origin"": ""imported""}",True,2026-02-23T00:39:41.642645
1009138721,"Narwey Leather Crossbody Purse with Adjustable Strap, Women's Shoulder Handbag",https://www.target.com/p/narwey-leather-crossbody-purse-with-adjustable-strap-women-s-shoulder-handbag/-/A-1009138721#lnk=sametab,Narwey,"Target > Clothing, Shoes & Accessories > Accessories > Handbags & Purses > Shoulder Bags",Shoulder Bags,47.99,57.99,17.2,True,0.0,0,,False,,,https://target.scene7.com/is/image/Target/GUEST_77d8833c-573e-4562-87f9-d954dc1b0d57?wid=1200&hei=1200&qlt=85 | https://target.scene7.com/is/image/Target/GUEST_d44f482c-775d-462f-a0e9-142c7c8e107f?wid=1200&hei=1200&qlt=85 | https://target.scene7.com/is/image/Target/GUEST_2ebb531c-a909-4e48-ace9-1aaa6c727833?wid=1200&hei=1200&qlt=85 | https://target.scene7.com/is/image/Target/GUEST_cbc0f48c-a40d-47ca-b7ed-2d4a233ae859?wid=1200&hei=1200&qlt=85 | https://target.scene7.com/is/image/Target/GUEST_19c4f0a2-d1e8-478d-8ad6-b8da8a2a4e3f?wid=1200&hei=1200&qlt=85,Premium Vegan Leather; Spacious Design; Durable Construction; Ideal Gift Choice,,20% Recycled Cotton,"{""H"": ""8.5"", ""W"": ""3.5"", ""D"": ""11.9""}",8.5 inches (H) x 3.5 inches (W) x 11.9 inches (D),Structured,Multiple Compartments,No Compartments or Pockets,Zip Closure,Single handle,Novelty,Do Not Wash,imported,688846850586,,"{""Dimensions (Overall)"": ""8.5 inches (H) x 3.5 inches (W) x 11.9 inches (D)"", ""Shell Material"": ""20% Recycled Cotton"", ""Bag Structure"": ""Structured"", ""Interior Features"": ""Multiple Compartments"", ""Exterior Features"": ""No Compartments or Pockets"", ""Main Compartment Closure"": ""Zip Closure"", ""Handle Type"": ""Single handle"", ""Fabric Name"": ""Novelty"", ""Care & Cleaning"": ""Do Not Wash"", ""TCIN"": ""1009138721"", ""UPC"": ""688846850586"", ""Origin"": ""imported""}",True,2026-02-23T00:39:41.642645
1009319453,Narwey Clutch Purses for Women Evening Bag Rhinestone Handbag,https://www.target.com/p/narwey-clutch-purses-for-women-evening-bag-rhinestone-handbag/-/A-1009319453#lnk=sametab,Narwey,"Target > Clothing, Shoes & Accessories > Accessories > Handbags & Purses > Shoulder Bags",Shoulder Bags,38.99,58.99,33.9,True,0.0,0,,False,,,https://target.scene7.com/is/image/Target/GUEST_3bb9252c-805f-46bd-8d9a-611fb250493c?wid=1200&hei=1200&qlt=85 | https://target.scene7.com/is/image/Target/GUEST_c1b36ff6-3b4b-407f-84a4-93b6c143a733?wid=1200&hei=1200&qlt=85 | https://target.scene7.com/is/image/Target/GUEST_1622264d-47c8-4c4a-9d7a-35b97e0bf79f?wid=1200&hei=1200&qlt=85 | https://target.scene7.com/is/image/Target/GUEST_38c21892-4f0b-4ca3-8471-73f99910ec6b?wid=1200&hei=1200&qlt=85 | https://target.scene7.com/is/image/Target/GUEST_d4c3e089-d2f3-4c6b-ba55-a7f853d96211?wid=1200&hei=1200&qlt=85,"Made of high quality Sparkly synthetic material; Size: 7.48*4.72*2.04In,; Glitter clutch purse easy to match your shoes; It is ideal companion for all occasions",,Synthetic Grass,"{""H"": ""4.8"", ""W"": ""2"", ""D"": ""7.5""}",4.8 inches (H) x 2 inches (W) x 7.5 inches (D),Lightweight,Multiple Compartments,No Compartments or Pockets,Buckle Closure,Shoulder Strap,1 x 1 Rib,Dry Clean,imported,743873330545,,"{""Dimensions (Overall)"": ""4.8 inches (H) x 2 inches (W) x 7.5 inches (D)"", ""Shell Material"": ""Synthetic Grass"", ""Bag Structure"": ""Lightweight"", ""Interior Features"": ""Multiple Compartments"", ""Exterior Features"": ""No Compartments or Pockets"", ""Main Compartment Closure"": ""Buckle Closure"", ""Handle Type"": ""Shoulder Strap"", ""Fabric Name"": ""1 x 1 Rib"", ""Care & Cleaning"": ""Dry Clean"", ""TCIN"": ""1009319453"", ""UPC"": ""743873330545"", ""Origin"": ""imported""}",True,2026-02-23T00:39:41.643145
1009247571,"Narwey Fringe Crossbody Purse for Women, PU Leather Tassel Hobo Bags",https://www.target.com/p/narwey-fringe-crossbody-purse-for-women-pu-leather-tassel-hobo-bags/-/A-1009247571#lnk=sametab,Narwey,"Target > Clothing, Shoes & Accessories > Accessories > Handbags & Purses > Shoulder Bags",Shoulder Bags,42.99,52.99,18.9,True,0.0,0,,False,,,https://target.scene7.com/is/image/Target/GUEST_5b0cb994-4648-4c4d-af54-bdd90af878e9?wid=1200&hei=1200&qlt=85 | https://target.scene7.com/is/image/Target/GUEST_ebff9e51-2b28-4127-b69e-e70600028faa?wid=1200&hei=1200&qlt=85 | https://target.scene7.com/is/image/Target/GUEST_3d2c603b-6be2-4cba-b38b-7acf05027b58?wid=1200&hei=1200&qlt=85 | https://target.scene7.com/is/image/Target/GUEST_7d67859e-60ac-48b7-b32d-3cdbe705d46c?wid=1200&hei=1200&qlt=85 | https://target.scene7.com/is/image/Target/GUEST_d90311fe-d10e-44ee-9962-6556578a151d?wid=1200&hei=1200&qlt=85,Premium Materials; Tassel Design and Envelope Look; Adjustable Shoulder Strap; Size and Capacity,,Leather,"{""H"": ""6.2"", ""W"": ""1.1"", ""D"": ""10.2""}",6.2 inches (H) x 1.1 inches (W) x 10.2 inches (D),Lightweight,Multiple Compartments,No Compartments or Pockets,Zip Closure,Shoulder Strap,1 x 1 Rib,Dry Clean,imported,836641940944,,"{""Dimensions (Overall)"": ""6.2 inches (H) x 1.1 inches (W) x 10.2 inches (D)"", ""Shell Material"": ""Leather"", ""Bag Structure"": ""Lightweight"", ""Interior Features"": ""Multiple Compartments"", ""Exterior Features"": ""No Compartments or Pockets"", ""Main Compartment Closure"": ""Zip Closure"", ""Handle Type"": ""Shoulder Strap"", ""Fabric Name"": ""1 x 1 Rib"", ""Care & Cleaning"": ""Dry Clean"", ""TCIN"": ""1009247571"", ""UPC"": ""836641940944"", ""Origin"": ""imported""}",True,2026-02-23T00:39:41.643145
1001671138,"AmeriBag 15"" Microfiber Crossbody Sling Healthy Back Bag (Taupe)",https://www.target.com/p/ameribag-extra-small-microfiber-healthy-back-bag/-/A-1001671138?preselect=1001671142#lnk=sametab,AmeriBag,"Target > Clothing, Shoes & Accessories > Accessories > Handbags & Purses > Shoulder Bags",Shoulder Bags,75.0,80.0,6.2,True,0.0,0,,False,taupe,,https://target.scene7.com/is/image/Target/GUEST_a50695a4-261b-4f51-b4f3-bd23914337d3?wid=1200&hei=1200&qlt=85 | https://target.scene7.com/is/image/Target/GUEST_31a3667e-0304-4be0-bddd-2781426b932a?wid=1200&hei=1200&qlt=85 | https://target.scene7.com/is/image/Target/GUEST_296bf026-a179-456e-879b-7c23422c3851?wid=1200&hei=1200&qlt=85 | https://target.scene7.com/is/image/Target/GUEST_e4f69c28-388a-421e-af8f-0b109e513acf?wid=1200&hei=1200&qlt=85 | https://target.scene7.com/is/image/Target/GUEST_ed53bab0-3ad6-4d18-82b7-d52fa74a473a?wid=1200&hei=1200&qlt=85 | https://target.scene7.com/is/image/Target/GUEST_698df5cd-57ab-4b83-b8e5-60498075bca6?wid=1200&hei=1200&qlt=85 | https://target.scene7.com/is/image/Target/GUEST_2da21a9e-06fd-421f-be60-5529fde48fa7?wid=1200&hei=1200&qlt=85 | https://target.scene7.com/is/image/Target/GUEST_3112531a-db7b-4288-8631-ba52f7eaa375?wid=1200&hei=1200&qlt=85 | https://target.scene7.com/is/image/Target/GUEST_8edcffd8-93a6-4144-94c4-e29a9aaecf6a?wid=1200&hei=1200&qlt=85,"SIZE: A compact daily bag spacious enough to replace a small to medium size handbag. 15 x 8 x 5.5 inches; MATERIAL: Microfiber is an amazing material; it is incredibly lightweight yet strong, soft and luxuriant. What we love most about this fabric is the rich vibrant color we can achieve; COMFORTABLE: A Healthy Back Bag is the perfect combination of fashion and function, making style effortless. Can be worn cross-body for full back health benefits or over the shoulder to grab and be on your way!; ERGONOMIC: Designed to mold to the shape of your spine, minimizing the strain on your back, neck and shoulders. The body-hugging contours and adjustable wearing eliminate twisting or straining your posture. The more places a bag touches your body as you wear it, the lighter it feels...and that’s the secret; SECURE: With the main zip always against your back your stuff is safe and accessible without taking your bag off. Having the double zippers meet in the middle make accessing your belongings a breeze. Simply swing the bag around to the front of your body while wearing it across the back, when finished, close zippers and then swing it back around!",,Polyester,"{""H"": ""15"", ""W"": ""8"", ""D"": ""5.5""}",15 inches (H) x 8 inches (W) x 5.5 inches (D),Lightweight,Multiple Compartments,Multiple Compartments,Zip Closure,Adjustable Shoulder Strap,Microfiber,Spot or Wipe Clean,imported,751470008323,,"{""Dimensions (Overall)"": ""15 inches (H) x 8 inches (W) x 5.5 inches (D)"", ""Shell Material"": ""Polyester"", ""Bag Structure"": ""Lightweight"", ""Interior Features"": ""Multiple Compartments"", ""Exterior Features"": ""Multiple Compartments"", ""Main Compartment Closure"": ""Zip Closure"", ""Handle Type"": ""Adjustable Shoulder Strap"", ""Fabric Name"": ""Microfiber"", ""Care & Cleaning"": ""Spot or Wipe Clean"", ""TCIN"": ""1001671142"", ""UPC"": ""751470008323"", ""Origin"": ""imported""}",True,2026-02-23T00:40:32.540757
1004477848,"Nautica Women's Sandbar Wallet On A String Organizer, Americana",https://www.target.com/p/nautica-women-s-sandbar-wallet-on-a-string-organizer/-/A-1004477848?preselect=1004477847#lnk=sametab,Nautica,"Target > Clothing, Shoes & Accessories > Accessories > Wallets",Wallets,32.94,38.0,13.3,True,0.0,0,,False,americana,,https://target.scene7.com/is/image/Target/GUEST_82a621b9-8530-406a-a77f-15d9355ddb4a?wid=1200&hei=1200&qlt=85 | https://target.scene7.com/is/image/Target/GUEST_1e16609b-b5c2-42d0-a7ca-214a8c132220?wid=1200&hei=1200&qlt=85 | https://target.scene7.com/is/image/Target/GUEST_7b38c7ac-af5d-41f4-bc5d-ba4304c3d7a5?wid=1200&hei=1200&qlt=85,"Stylish, fun, and unique organizer for the woman on the go; Beautiful and dazzling colors to choose from; RFID protection to keep your personal information safe; Interior features 6 card slots and 2 gusset pockets, exterior features a side pouch great for a phone; Measures 7.25 x 4.25 x 1.25 inches",,Polyester,"{""H"": ""1.7"", ""W"": ""5.0"", ""D"": ""8.0""}",1.7 inches (H) x 5.0 inches (W) x 8.0 inches (D),Lightweight,6 Card Slots,Cell Phone Pocket,Zip Closure,,Woven,Spot or Wipe Clean,imported,191362524133,,"{""Dimensions (Overall)"": ""1.7 inches (H) x 5.0 inches (W) x 8.0 inches (D)"", ""Weight"": "".3 pounds"", ""Suggested Age"": ""Adult"", ""Shell Material"": ""Polyester"", ""Bag Structure"": ""Lightweight"", ""Interior Features"": ""6 Card Slots"", ""Exterior Features"": ""Cell Phone Pocket"", ""Main Compartment Closure"": ""Zip Closure"", ""Fabric Name"": ""Woven"", ""Care & Cleaning"": ""Spot or Wipe Clean"", ""TCIN"": ""1004477847"", ""UPC"": ""191362524133"", ""Origin"": ""imported""}",True,2026-02-23T00:40:32.540757
1001691975,"AmeriBag 19"" Crossbody Sling Traveler Healthy Back Bag (Chambray)",https://www.target.com/p/ameribag-medium-healthy-back-bag-traveler/-/A-1001691975?preselect=1001691977#lnk=sametab,AmeriBag,"Target > Clothing, Shoes & Accessories > Accessories > Handbags & Purses",Handbags & Purses,110.0,115.0,4.3,True,0.0,0,,False,chambray,,https://target.scene7.com/is/image/Target/GUEST_554ab4ca-79ca-4513-962e-0f2ecd6f0163?wid=1200&hei=1200&qlt=85 | https://target.scene7.com/is/image/Target/GUEST_924dbada-83f5-4493-831b-aaafec000f7a?wid=1200&hei=1200&qlt=85 | https://target.scene7.com/is/image/Target/GUEST_26166077-3fe4-4e90-9eb7-46d82fe9f9e8?wid=1200&hei=1200&qlt=85 | https://target.scene7.com/is/image/Target/GUEST_c615b516-5a37-4132-a819-334a9b9444d7?wid=1200&hei=1200&qlt=85 | https://target.scene7.com/is/image/Target/GUEST_2c74a815-014b-47c4-b803-7ba73aa044f9?wid=1200&hei=1200&qlt=85 | https://target.scene7.com/is/image/Target/GUEST_87a55e21-67d0-4171-b1b4-8d30ee06908c?wid=1200&hei=1200&qlt=85 | https://target.scene7.com/is/image/Target/GUEST_e7ae88b0-f7d1-4598-8128-eebb4dda02e8?wid=1200&hei=1200&qlt=85 | https://target.scene7.com/is/image/Target/GUEST_866a652a-6cbc-44e7-b715-43bdfec476e4?wid=1200&hei=1200&qlt=85 | https://target.scene7.com/is/image/Target/GUEST_9f2eaf95-363d-4eb8-ac2e-874c8d62a9a6?wid=1200&hei=1200&qlt=85 | https://target.scene7.com/is/image/Target/GUEST_537c73cc-eb3d-498f-afb6-612e79085160?wid=1200&hei=1200&qlt=85,"SIZE: For people who need a LARGE well stocked bag. Also good for day trips and sight seeing. 19 x 11 x 7 inches; COMFORTABLE: A Healthy Back Bag is the perfect combination of fashion and function, making style effortless. Can be worn cross-body for full back health benefits or over the shoulder to grab and be on your way!; ERGONOMIC: Designed to mold to the shape of your spine, minimizing the strain on your back, neck and shoulders. The body-hugging contours and adjustable wearing eliminate twisting or straining your posture. The more places a bag touches your body as you wear it, the lighter it feels...and that’s the secret; SECURE: With the main zip always against your back your stuff is safe and accessible without taking your bag off. Having the double zippers meet in the middle make accessing your belongings a breeze. Simply swing the bag around to the front of your body while wearing it across the back, when finished, close zippers and then swing it back around!",,Nylon,"{""H"": ""19"", ""W"": ""11"", ""D"": ""7""}",19 inches (H) x 11 inches (W) x 7 inches (D),Softside,Multiple Compartments,Multiple Compartments,Zip Closure,Adjustable Shoulder Strap,Canvas,Machine Wash,imported,751470035596,,"{""Dimensions (Overall)"": ""19 inches (H) x 11 inches (W) x 7 inches (D)"", ""Shell Material"": ""Nylon"", ""Bag Structure"": ""Softside"", ""Interior Features"": ""Multiple Compartments"", ""Exterior Features"": ""Multiple Compartments"", ""Main Compartment Closure"": ""Zip Closure"", ""Handle Type"": ""Adjustable Shoulder Strap"", ""Fabric Name"": ""Canvas"", ""Care & Cleaning"": ""Machine Wash"", ""TCIN"": ""1001691977"", ""UPC"": ""751470035596"", ""Origin"": ""imported""}",True,2026-02-23T00:40:32.540757
1007899901,Soft PU Leather Clutch Purses for Women Formal Elegant Luxurious Evening Bag Navy Blue 10 x 2.3 x 5.5,https://www.target.com/p/soft-pu-leather-clutch-purses-for-women-formal-elegant-luxurious-evening-bag/-/A-1007899901?preselect=1007899906#lnk=sametab,Empire DigiLabs,"Target > Clothing, Shoes & Accessories > Accessories > Handbags & Purses > Clutches",Clutches,89.97,179.94,50.0,True,0.0,0,,False,size10 x 2.3 x 5.5,,https://target.scene7.com/is/image/Target/GUEST_7a9c9fc8-900d-4761-af60-19516c69c0e8?wid=1200&hei=1200&qlt=85 | https://target.scene7.com/is/image/Target/GUEST_8535abd7-3328-4f20-9c40-8b9dda208af3?wid=1200&hei=1200&qlt=85 | https://target.scene7.com/is/image/Target/GUEST_519ccd03-0aac-4e0a-bfd2-1c567235757d?wid=1200&hei=1200&qlt=85 | https://target.scene7.com/is/image/Target/GUEST_6c52e6ad-81ac-4fef-8394-c2d661b5f80a?wid=1200&hei=1200&qlt=85 | https://target.scene7.com/is/image/Target/GUEST_43a4c434-feb6-47aa-a30a-5ab685246f77?wid=1200&hei=1200&qlt=85,,,Leather,"{""H"": ""5.5"", ""W"": ""10"", ""D"": ""2.3""}",5.5 inches (H) x 10 inches (W) x 2.3 inches (D),Softside,Multiple Compartments,Detachable Straps,Magnetic Closure,No Handles or Straps,Faux Leather,Spot or Wipe Clean,imported,661309873094,,"{""Dimensions (Overall)"": ""5.5 inches (H) x 10 inches (W) x 2.3 inches (D)"", ""Shell Material"": ""Leather"", ""Bag Structure"": ""Softside"", ""Interior Features"": ""Multiple Compartments"", ""Exterior Features"": ""Detachable Straps"", ""Main Compartment Closure"": ""Magnetic Closure"", ""Handle Type"": ""No Handles or Straps"", ""Fabric Name"": ""Faux Leather"", ""Care & Cleaning"": ""Spot or Wipe Clean"", ""TCIN"": ""1007899906"", ""UPC"": ""661309873094"", ""Origin"": ""imported""}",True,2026-02-23T00:40:32.540757
1003631785,Women's Faux Suede Fringe Detail Purse - LASCANA - Cognac Solid O/S,https://www.target.com/p/women-s-fringe-detail-purse-lascana/-/A-1003631785?preselect=1003631784#lnk=sametab,Lascana,"Target > Clothing, Shoes & Accessories > Accessories > Handbags & Purses > Shoulder Bags",Shoulder Bags,53.96,59.95,10.0,True,3.7,3,,False,sizeo/s,,https://target.scene7.com/is/image/Target/GUEST_fa09bc94-e5fc-43b9-ac44-980b665fa0d1?wid=1200&hei=1200&qlt=85 | https://target.scene7.com/is/image/Target/GUEST_188aa46f-5cdc-4e8d-ad5d-f11c3b6329e1?wid=1200&hei=1200&qlt=85 | https://target.scene7.com/is/image/Target/GUEST_a53b2ecd-5d65-47a2-ab79-241782545fcf?wid=1200&hei=1200&qlt=85 | https://target.scene7.com/is/image/Target/GUEST_70c5cca6-2844-475a-931e-aad6ab747634?wid=1200&hei=1200&qlt=85 | https://target.scene7.com/is/image/Target/GUEST_ecf4b205-985f-4455-90ca-f604aaf4d761?wid=1200&hei=1200&qlt=85 | https://target.scene7.com/is/image/Target/GUEST_83592df6-26bf-4e1e-9a34-67fe2e05c4dc?wid=1200&hei=1200&qlt=85 | https://target.scene7.com/is/image/Target/GUEST_c4c48a53-8f78-47a4-8601-93f7731266ad?wid=1200&hei=1200&qlt=85 | https://target.scene7.com/is/image/Target/GUEST_eb2f8372-ea70-496e-8a8c-90683599d93b?wid=1200&hei=1200&qlt=85 | https://target.scene7.com/is/image/Target/GUEST_5a2a2e84-f216-42e6-8895-b59ceacbbe1c?wid=1200&hei=1200&qlt=85 | https://target.scene7.com/is/image/Target/GUEST_e175cbb0-cda3-4759-bef5-fb825b9caf5b?wid=1200&hei=1200&qlt=85,Adjustable shoulder strap; Zipping main closure; Inside zip pocket; Decorative buckle at front; 100% Polyester Micro Suede. Imported.; DO NOT WASH; DO NOT WASH,,Polyester,"{""H"": ""9"", ""W"": ""12"", ""D"": ""2""}",9 inches (H) x 12 inches (W) x 2 inches (D),Softside,Zip Pocket,Adjustable Shoulder Strap,Zip Closure,Adjustable Shoulder Strap,Microsuede,Do Not Wash,imported,196197219711,,"{""Dimensions (Overall)"": ""9 inches (H) x 12 inches (W) x 2 inches (D)"", ""Shell Material"": ""Polyester"", ""Bag Structure"": ""Softside"", ""Interior Features"": ""Zip Pocket"", ""Exterior Features"": ""Adjustable Shoulder Strap"", ""Main Compartment Closure"": ""Zip Closure"", ""Handle Type"": ""Adjustable Shoulder Strap"", ""Fabric Name"": ""Microsuede"", ""Product Name"": ""Women's Faux Suede Fringe Detail Purse - LASCANA"", ""Care & Cleaning"": ""Do Not Wash"", ""TCIN"": ""1003631784"", ""UPC"": ""196197219711"", ""Origin"": ""imported""}",True,2026-02-23T00:40:32.540757
1009369729,Narwey Canvas Tote Bag for Women with Pockets Cute Small Crossbody Bag Purses Handbag for Work Beach Khaki Tote Bag,https://www.target.com/p/narwey-canvas-tote-bag-for-women-with-pockets-cute-small-crossbody-bag-purses-handbag-for-work-beach-khaki-tote-bag/-/A-1009369729#lnk=sametab,Narwey,"Target > Clothing, Shoes & Accessories > Accessories > Handbags & Purses > Shoulder Bags",Shoulder Bags,29.39,39.99,26.5,True,0.0,0,,False,,,https://target.scene7.com/is/image/Target/GUEST_f6ef6de4-9261-4b02-8f25-bf4e36a1164d?wid=1200&hei=1200&qlt=85 | https://target.scene7.com/is/image/Target/GUEST_a31d489d-fea9-4b4d-b585-8c6cb2f662e7?wid=1200&hei=1200&qlt=85 | https://target.scene7.com/is/image/Target/GUEST_b974d425-ae1a-4fda-b163-97efaeabe4e3?wid=1200&hei=1200&qlt=85 | https://target.scene7.com/is/image/Target/GUEST_8e35d322-2ade-4eec-92e0-95bc0ede9164?wid=1200&hei=1200&qlt=85 | https://target.scene7.com/is/image/Target/GUEST_8bc510af-d9b1-4601-b865-c37757c2afc0?wid=1200&hei=1200&qlt=85,High-quality Canvas; Large Capacity; Adjustable Shoulder Strap; Zipper Closure; Multipurpose,,Polyester,"{""H"": ""7.5"", ""W"": ""11"", ""D"": ""12.6""}",7.5 inches (H) x 11 inches (W) x 12.6 inches (D),Lightweight,No Compartments or Pockets,No Compartments or Pockets,Zip Closure,No Handles or Straps,Novelty,Do Not Wash,imported,642000811349,,"{""Dimensions (Overall)"": ""7.5 inches (H) x 11 inches (W) x 12.6 inches (D)"", ""Shell Material"": ""Polyester"", ""Bag Structure"": ""Lightweight"", ""Interior Features"": ""No Compartments or Pockets"", ""Exterior Features"": ""No Compartments or Pockets"", ""Main Compartment Closure"": ""Zip Closure"", ""Handle Type"": ""No Handles or Straps"", ""Fabric Name"": ""Novelty"", ""Care & Cleaning"": ""Do Not Wash"", ""TCIN"": ""1009369729"", ""UPC"": ""642000811349"", ""Origin"": ""imported""}",True,2026-02-23T00:40:32.540757
1001692185,"AmeriBag 17"" Print Crossbody Sling Healthy Back Bag (Cloud Camo)",https://www.target.com/p/ameribag-small-prints-and-patterns-healthy-back-bag/-/A-1001692185?preselect=1001692184#lnk=sametab,AmeriBag,"Target > Clothing, Shoes & Accessories > Accessories > Handbags & Purses > Shoulder Bags",Shoulder Bags,100.0,105.0,4.8,True,0.0,0,,False,cloud camo,,https://target.scene7.com/is/image/Target/GUEST_7a4a79d2-de58-492e-a423-9319f0113f5d?wid=1200&hei=1200&qlt=85 | https://target.scene7.com/is/image/Target/GUEST_07e2244e-0a50-471d-885c-f9ebada721a9?wid=1200&hei=1200&qlt=85 | https://target.scene7.com/is/image/Target/GUEST_1964c496-71ca-4000-bc6b-165ea004ae9c?wid=1200&hei=1200&qlt=85 | https://target.scene7.com/is/image/Target/GUEST_2079f7ea-e82c-4d7e-bfa7-d07aec7a8686?wid=1200&hei=1200&qlt=85 | https://target.scene7.com/is/image/Target/GUEST_241c720d-c8fd-439f-887a-b6e17012129a?wid=1200&hei=1200&qlt=85 | https://target.scene7.com/is/image/Target/GUEST_e117e816-d25e-4471-80c2-75786dfbe07b?wid=1200&hei=1200&qlt=85 | https://target.scene7.com/is/image/Target/GUEST_15de0246-ac43-48c2-a50a-888c87d91270?wid=1200&hei=1200&qlt=85 | https://target.scene7.com/is/image/Target/GUEST_e568c90d-b9cd-48d7-975e-6bce699301dd?wid=1200&hei=1200&qlt=85 | https://target.scene7.com/is/image/Target/GUEST_21e7bdba-d438-4b54-9aeb-b86180e153d4?wid=1200&hei=1200&qlt=85 | https://target.scene7.com/is/image/Target/GUEST_54f5338e-3776-47f5-aae4-67abc466ef5c?wid=1200&hei=1200&qlt=85,"SIZE: The most popular size for everyday use. Holds all daily essentials and then some. Replaces a medium to large handbag. 17 x 9 x 6 inches; COMFORTABLE: A Healthy Back Bag is the perfect combination of fashion and function, making style effortless. Can be worn cross-body for full back health benefits or over the shoulder to grab and be on your way!; ERGONOMIC: Designed to mold to the shape of your spine, minimizing the strain on your back, neck and shoulders. The body-hugging contours and adjustable wearing eliminate twisting or straining your posture. The more places a bag touches your body as you wear it, the lighter it feels...and that’s the secret; SECURE: With the main zip always against your back your stuff is safe and accessible without taking your bag off. Having the double zippers meet in the middle make accessing",,Polyester,"{""H"": ""17"", ""W"": ""9"", ""D"": ""6""}",17 inches (H) x 9 inches (W) x 6 inches (D),Softside,Multiple Compartments,Multiple Compartments,Zip Closure,Adjustable Shoulder Strap,Canvas,Spot or Wipe Clean,imported,751470035862,,"{""Dimensions (Overall)"": ""17 inches (H) x 9 inches (W) x 6 inches (D)"", ""Shell Material"": ""Polyester"", ""Bag Structure"": ""Softside"", ""Interior Features"": ""Multiple Compartments"", ""Exterior Features"": ""Multiple Compartments"", ""Main Compartment Closure"": ""Zip Closure"", ""Handle Type"": ""Adjustable Shoulder Strap"", ""Fabric Name"": ""Canvas"", ""Care & Cleaning"": ""Spot or Wipe Clean"", ""TCIN"": ""1001692184"", ""UPC"": ""751470035862"", ""Origin"": ""imported""}",True,2026-02-23T00:40:32.540757
1001691498,"AmeriBag 19"" Nylon Crossbody Sling Healthy Back Bag (Black)",https://www.target.com/p/ameribag-medium-distressed-nylon-healthy-back-bag/-/A-1001691498?preselect=1001691497#lnk=sametab,AmeriBag,"Target > Clothing, Shoes & Accessories > Accessories > Handbags & Purses",Handbags & Purses,85.0,90.0,5.6,True,0.0,0,,False,black,,https://target.scene7.com/is/image/Target/GUEST_bb5ce012-1a8b-43d0-ad6b-59fff5f78d01?wid=1200&hei=1200&qlt=85 | https://target.scene7.com/is/image/Target/GUEST_67e0c371-61d1-4894-ae82-6f4e44f7c808?wid=1200&hei=1200&qlt=85 | https://target.scene7.com/is/image/Target/GUEST_26166077-3fe4-4e90-9eb7-46d82fe9f9e8?wid=1200&hei=1200&qlt=85 | https://target.scene7.com/is/image/Target/GUEST_c615b516-5a37-4132-a819-334a9b9444d7?wid=1200&hei=1200&qlt=85 | https://target.scene7.com/is/image/Target/GUEST_241c720d-c8fd-439f-887a-b6e17012129a?wid=1200&hei=1200&qlt=85 | https://target.scene7.com/is/image/Target/GUEST_51e79264-56a9-4abe-86ea-9c3d174efcfe?wid=1200&hei=1200&qlt=85 | https://target.scene7.com/is/image/Target/GUEST_8c09441c-ad06-43cc-be32-aab574112af5?wid=1200&hei=1200&qlt=85 | https://target.scene7.com/is/image/Target/GUEST_dc4a83f1-f621-4045-9fe9-45f8b4e605ea?wid=1200&hei=1200&qlt=85 | https://target.scene7.com/is/image/Target/GUEST_b9eca6c3-f12e-46a1-acc9-4fa24f1fc92b?wid=1200&hei=1200&qlt=85 | https://target.scene7.com/is/image/Target/GUEST_537c73cc-eb3d-498f-afb6-612e79085160?wid=1200&hei=1200&qlt=85,"SIZE: For people who need a LARGE well stocked bag. Also good for day trips and sight seeing. 19 x 11 x 7 inches; MATERIAL: Hardwearing, machine washable, weather resistant...just some of the properties of the beautifully textured distressed nylon. Ready-for-anything and lightweight makes these HBB's perfect for everyday wear as well as an active, outdoors lifestyle; COMFORTABLE: A Healthy Back Bag is the perfect combination of fashion and function, making style effortless. Can be worn cross-body for full back health benefits or over the shoulder to grab and be on your way!; ERGONOMIC: Designed to mold to the shape of your spine, minimizing the strain on your back, neck and shoulders. The body-hugging contours and adjustable wearing eliminate twisting or straining your posture. The more places a bag touches your body as you wear it, the lighter it feels...and that’s the secret; SECURE: With the main zip always against your back your stuff is safe and accessible without taking your bag off. Having the double zippers meet in the middle make accessing your belongings a breeze. Simply swing the bag around to the front of your body while wearing it across the back, when finished, close zippers and then swing it back around!",,Nylon,"{""H"": ""19"", ""W"": ""11"", ""D"": ""7""}",19 inches (H) x 11 inches (W) x 7 inches (D),Softside,Multiple Compartments,Multiple Compartments,Zip Closure,Adjustable Shoulder Strap,Canvas,Machine Wash,imported,751470007296,,"{""Dimensions (Overall)"": ""19 inches (H) x 11 inches (W) x 7 inches (D)"", ""Shell Material"": ""Nylon"", ""Bag Structure"": ""Softside"", ""Interior Features"": ""Multiple Compartments"", ""Exterior Features"": ""Multiple Compartments"", ""Main Compartment Closure"": ""Zip Closure"", ""Handle Type"": ""Adjustable Shoulder Strap"", ""Fabric Name"": ""Canvas"", ""Care & Cleaning"": ""Machine Wash"", ""TCIN"": ""1001691497"", ""UPC"": ""751470007296"", ""Origin"": ""imported""}",True,2026-02-23T00:40:32.540757
1001673540,"AmeriBag 17"" Microfiber Crossbody Sling Healthy Back Bag (Seamoss)",https://www.target.com/p/ameribag-small-microfiber-healthy-back-bag/-/A-1001673540?preselect=1001673543#lnk=sametab,AmeriBag,"Target > Clothing, Shoes & Accessories > Accessories > Handbags & Purses > Shoulder Bags",Shoulder Bags,85.0,90.0,5.6,True,0.0,0,,False,sea moss,,https://target.scene7.com/is/image/Target/GUEST_8edcffd8-93a6-4144-94c4-e29a9aaecf6a?wid=1200&hei=1200&qlt=85 | https://target.scene7.com/is/image/Target/GUEST_31a3667e-0304-4be0-bddd-2781426b932a?wid=1200&hei=1200&qlt=85 | https://target.scene7.com/is/image/Target/GUEST_1964c496-71ca-4000-bc6b-165ea004ae9c?wid=1200&hei=1200&qlt=85 | https://target.scene7.com/is/image/Target/GUEST_2079f7ea-e82c-4d7e-bfa7-d07aec7a8686?wid=1200&hei=1200&qlt=85 | https://target.scene7.com/is/image/Target/GUEST_e4f69c28-388a-421e-af8f-0b109e513acf?wid=1200&hei=1200&qlt=85 | https://target.scene7.com/is/image/Target/GUEST_698df5cd-57ab-4b83-b8e5-60498075bca6?wid=1200&hei=1200&qlt=85 | https://target.scene7.com/is/image/Target/GUEST_2da21a9e-06fd-421f-be60-5529fde48fa7?wid=1200&hei=1200&qlt=85 | https://target.scene7.com/is/image/Target/GUEST_3112531a-db7b-4288-8631-ba52f7eaa375?wid=1200&hei=1200&qlt=85 | https://target.scene7.com/is/image/Target/GUEST_b9620b3c-1c8b-464f-acee-69b0f718d034?wid=1200&hei=1200&qlt=85 | https://target.scene7.com/is/image/Target/GUEST_a50695a4-261b-4f51-b4f3-bd23914337d3?wid=1200&hei=1200&qlt=85,"SIZE: : Replacing a medium to large handbag, this is the most popular size for everyday use. Holds all daily essentials and then some. 17 x 9 x 6 inches; MATERIAL: Microfiber is an amazing material; it is incredibly lightweight yet strong, soft and luxuriant. What we love most about this fabric is the rich vibrant color we can achieve; COMFORTABLE: A Healthy Back Bag is the perfect combination of fashion and function, making style effortless. Can be worn cross-body for full back health benefits or over the shoulder to grab and be on your way!; ERGONOMIC: Designed to mold to the shape of your spine, minimizing the strain on your back, neck and shoulders. The body-hugging contours and adjustable wearing eliminate twisting or straining your posture. The more places a bag touches your body as you wear it, the lighter it feels...and that’s the secret; SECURE: With the main zip always against your back your stuff is safe and accessible without taking your bag off. Having the double zippers meet in the middle make accessing your belongings a breeze. Simply swing the bag around to the front of your body while wearing it across the back, when finished, close zippers and then swing it back around!",,Polyester,"{""H"": ""17"", ""W"": ""9"", ""D"": ""6""}",17 inches (H) x 9 inches (W) x 6 inches (D),Lightweight,Multiple Compartments,Multiple Compartments,Zip Closure,Adjustable Shoulder Strap,Microfiber,Spot or Wipe Clean,imported,751470012511,,"{""Dimensions (Overall)"": ""17 inches (H) x 9 inches (W) x 6 inches (D)"", ""Shell Material"": ""Polyester"", ""Bag Structure"": ""Lightweight"", ""Interior Features"": ""Multiple Compartments"", ""Exterior Features"": ""Multiple Compartments"", ""Main Compartment Closure"": ""Zip Closure"", ""Handle Type"": ""Adjustable Shoulder Strap"", ""Fabric Name"": ""Microfiber"", ""Care & Cleaning"": ""Spot or Wipe Clean"", ""TCIN"": ""1001673543"", ""UPC"": ""751470012511"", ""Origin"": ""imported""}",True,2026-02-23T00:40:32.540757
1009450055,"Narwey Clear Crossbody Bag Stadium Approved, Clear Purse for Women, Transparent Shoulder Messenger Handbag",https://www.target.com/p/narwey-clear-crossbody-bag-stadium-approved-clear-purse-for-women-transparent-shoulder-messenger-handbag/-/A-1009450055#lnk=sametab,Narwey,"Target > Clothing, Shoes & Accessories > Accessories > Handbags & Purses",Handbags & Purses,33.99,39.99,15.0,True,0.0,0,,False,,,https://target.scene7.com/is/image/Target/GUEST_716a0668-3cf0-4ff2-a52b-dc6b0dc2b6d6?wid=1200&hei=1200&qlt=85 | https://target.scene7.com/is/image/Target/GUEST_d37a0e5e-308e-48ca-a425-5a245aeb1571?wid=1200&hei=1200&qlt=85 | https://target.scene7.com/is/image/Target/GUEST_a09054db-bdbd-4726-ac5e-6679e1abe615?wid=1200&hei=1200&qlt=85 | https://target.scene7.com/is/image/Target/GUEST_1f8f5010-ef91-4f4e-b4b2-fc171c16eebe?wid=1200&hei=1200&qlt=85 | https://target.scene7.com/is/image/Target/GUEST_c90332e0-9c16-4eee-900f-7376a16896e5?wid=1200&hei=1200&qlt=85,Adjustable & Detachable Strap; Clear Bag Stadium Approved; Customized PVC & PU Binding; Spacious Enough to Hold Your Belongings,,PVC (Polyvinyl Chloride),"{""H"": ""8"", ""W"": ""2"", ""D"": ""5.5""}",8 inches (H) x 2 inches (W) x 5.5 inches (D),Dome,Multiple Compartments,No Compartments or Pockets,Zip Closure,Adjustable Shoulder Strap,2 x 2 Rib,Do Not Wash,imported,698932467338,,"{""Dimensions (Overall)"": ""8 inches (H) x 2 inches (W) x 5.5 inches (D)"", ""Shell Material"": ""PVC (Polyvinyl Chloride)"", ""Bag Structure"": ""Dome"", ""Interior Features"": ""Multiple Compartments"", ""Exterior Features"": ""No Compartments or Pockets"", ""Main Compartment Closure"": ""Zip Closure"", ""Handle Type"": ""Adjustable Shoulder Strap"", ""Fabric Name"": ""2 x 2 Rib"", ""Care & Cleaning"": ""Do Not Wash"", ""TCIN"": ""1009450055"", ""UPC"": ""698932467338"", ""Origin"": ""imported""}",True,2026-02-23T00:40:32.540757
1009163875,Narwey Clear Crossbody Clutch Purse Bag for Women Stadium Events,https://www.target.com/p/narwey-clear-crossbody-clutch-purse-bag-for-women-stadium-events/-/A-1009163875#lnk=sametab,Narwey,"Target > Clothing, Shoes & Accessories > Accessories > Handbags & Purses > Crossbody & Messenger Bags",Crossbody & Messenger Bags,40.99,59.99,31.7,True,0.0,0,,False,,,https://target.scene7.com/is/image/Target/GUEST_3132ae80-807f-4120-92ca-0267ccb47e3a?wid=1200&hei=1200&qlt=85 | https://target.scene7.com/is/image/Target/GUEST_e2f17373-8193-4fae-9cbe-33c43639da3a?wid=1200&hei=1200&qlt=85 | https://target.scene7.com/is/image/Target/GUEST_7df87ee8-758f-457d-9c1e-ce1b87d2aea8?wid=1200&hei=1200&qlt=85 | https://target.scene7.com/is/image/Target/GUEST_81dfca4f-efe7-4730-9754-23e188940fe5?wid=1200&hei=1200&qlt=85 | https://target.scene7.com/is/image/Target/GUEST_fd66548b-c57e-4bee-863c-3219f6aecf12?wid=1200&hei=1200&qlt=85,【Clear Bag for Stadium Events】; 【Practical For All Occasions】; 【Rivet Decor & Removable Crossbody Strap】; 【Sturdy Material & Roomy Space】,,Metal,"{""H"": ""6"", ""W"": ""2"", ""D"": ""7.5""}",6 inches (H) x 2 inches (W) x 7.5 inches (D),Unstructured,No Compartments or Pockets,Multiple Compartments,Zip Closure,Single handle,Novelty,Do Not Wash,imported,955099383131,,"{""Dimensions (Overall)"": ""6 inches (H) x 2 inches (W) x 7.5 inches (D)"", ""Shell Material"": ""Metal"", ""Bag Structure"": ""Unstructured"", ""Interior Features"": ""No Compartments or Pockets"", ""Exterior Features"": ""Multiple Compartments"", ""Main Compartment Closure"": ""Zip Closure"", ""Handle Type"": ""Single handle"", ""Fabric Name"": ""Novelty"", ""Care & Cleaning"": ""Do Not Wash"", ""TCIN"": ""1009163875"", ""UPC"": ""955099383131"", ""Origin"": ""imported""}",True,2026-02-23T00:40:32.540757
1009246778,Narwey  Clear Bag Stadium Approved Women Clear Crossbody Purse for Stadium Events Trendy Transparent Shoulder Bag,https://www.target.com/p/narwey-clear-bag-stadium-approved-women-clear-crossbody-purse-for-stadium-events-trendy-transparent-shoulder-bag/-/A-1009246778#lnk=sametab,Narwey,"Target > Clothing, Shoes & Accessories > Accessories > Handbags & Purses > Shoulder Bags",Shoulder Bags,38.99,49.99,22.0,True,0.0,0,,False,,,https://target.scene7.com/is/image/Target/GUEST_b852012e-2622-4a24-ad74-e52d68278a10?wid=1200&hei=1200&qlt=85 | https://target.scene7.com/is/image/Target/GUEST_8c91702d-f8b0-45a0-805d-e9c265d4b10c?wid=1200&hei=1200&qlt=85 | https://target.scene7.com/is/image/Target/GUEST_4c7a95d7-e3bc-4995-80c1-7925a3d9037b?wid=1200&hei=1200&qlt=85 | https://target.scene7.com/is/image/Target/GUEST_323b96fb-dad1-44ed-afb6-ea80bfa541db?wid=1200&hei=1200&qlt=85 | https://target.scene7.com/is/image/Target/GUEST_ad4a3153-9e36-4b2a-81cb-56c889ec1547?wid=1200&hei=1200&qlt=85,Stadium Approved; Trendy Look; Leather Padded Adjustable Chain; Roomy Capacity,,PVC-Backed Polyester,"{""H"": ""9"", ""W"": ""3.1"", ""D"": ""5.9""}",9 inches (H) x 3.1 inches (W) x 5.9 inches (D),Lightweight,Multiple Compartments,No Compartments or Pockets,Buckle Closure,Adjustable Shoulder Strap,2 x 2 Rib,Do Not Wash,imported,635492587571,,"{""Dimensions (Overall)"": ""9 inches (H) x 3.1 inches (W) x 5.9 inches (D)"", ""Shell Material"": ""PVC-Backed Polyester"", ""Bag Structure"": ""Lightweight"", ""Interior Features"": ""Multiple Compartments"", ""Exterior Features"": ""No Compartments or Pockets"", ""Main Compartment Closure"": ""Buckle Closure"", ""Handle Type"": ""Adjustable Shoulder Strap"", ""Fabric Name"": ""2 x 2 Rib"", ""Care & Cleaning"": ""Do Not Wash"", ""TCIN"": ""1009246778"", ""UPC"": ""635492587571"", ""Origin"": ""imported""}",True,2026-02-23T00:40:32.540757
1006085472,YOUZEY Cloud 9 Puffer Crossbody Purse Bag - Hot Pink,https://www.target.com/p/youzey-cloud-9-puffer-crossbody-purse-bag-hot-pink/-/A-1006085472#lnk=sametab,YOUZEY,"Target > Clothing, Shoes & Accessories > Accessories > Handbags & Purses > Shoulder Bags",Shoulder Bags,34.99,0.0,0.0,False,0.0,0,,False,,,https://target.scene7.com/is/image/Target/GUEST_4bdd9ce8-e616-42ab-8822-26349b5af33b?wid=1200&hei=1200&qlt=85 | https://target.scene7.com/is/image/Target/GUEST_a4c0a1d3-17b6-4b42-bdd9-5358ef8e833a?wid=1200&hei=1200&qlt=85 | https://target.scene7.com/is/image/Target/GUEST_be546c9e-5580-467d-ab9d-cec1c0ea3e8d?wid=1200&hei=1200&qlt=85 | https://target.scene7.com/is/image/Target/GUEST_202f5fb1-e000-4e91-98dc-b594a33fee71?wid=1200&hei=1200&qlt=85 | https://target.scene7.com/is/image/Target/GUEST_52a115d8-5e98-414b-bbfa-d19a4c429a9c?wid=1200&hei=1200&qlt=85,,,Polyester,"{""H"": ""18"", ""W"": ""12"", ""D"": ""4""}",18 inches (H) x 12 inches (W) x 4 inches (D),Softside,No Compartments or Pockets,No Compartments or Pockets,Zip Closure,Shoulder Strap,Quilted,Spot or Wipe Clean,Imported,810171100986,,"{""Dimensions (Overall)"": ""18 inches (H) x 12 inches (W) x 4 inches (D)"", ""Shell Material"": ""Polyester"", ""Bag Structure"": ""Softside"", ""Interior Features"": ""No Compartments or Pockets"", ""Exterior Features"": ""No Compartments or Pockets"", ""Main Compartment Closure"": ""Zip Closure"", ""Handle Type"": ""Shoulder Strap"", ""Fabric Name"": ""Quilted"", ""Care & Cleaning"": ""Spot or Wipe Clean"", ""TCIN"": ""1006085472"", ""UPC"": ""810171100986"", ""Origin"": ""Imported""}",True,2026-02-23T00:40:32.540757
1009121522,Narwey Clear Bag for Stadium Events Quilted Clear Purse for Women Stadium Approved PVC,https://www.target.com/p/narwey-clear-bag-for-stadium-events-quilted-clear-purse-for-women-stadium-approved-pvc/-/A-1009121522#lnk=sametab,Narwey,"Target > Clothing, Shoes & Accessories > Accessories > Handbags & Purses > Shoulder Bags",Shoulder Bags,57.99,67.99,14.7,True,0.0,0,,False,,,https://target.scene7.com/is/image/Target/GUEST_a3808a1e-476f-4b3e-830a-e8263b34abcd?wid=1200&hei=1200&qlt=85 | https://target.scene7.com/is/image/Target/GUEST_b889f9d3-12b1-4a37-b470-f3c2f4168c2e?wid=1200&hei=1200&qlt=85 | https://target.scene7.com/is/image/Target/GUEST_ff65fb14-6369-4cff-9063-f980cf3e82fc?wid=1200&hei=1200&qlt=85 | https://target.scene7.com/is/image/Target/GUEST_da7ac223-bbd9-49fa-95da-68336cfba83e?wid=1200&hei=1200&qlt=85 | https://target.scene7.com/is/image/Target/GUEST_50f492f9-95f3-4589-b7a8-afd15067a76e?wid=1200&hei=1200&qlt=85,Clear Bag Stadium Approved; 2-Pockets Organize; High Quality & Soft PVC; Trendy Clear bag for Women,,10% Recycled Plastic,"{""H"": ""2.8"", ""W"": ""6.3"", ""D"": ""9.1""}",2.8 inches (H) x 6.3 inches (W) x 9.1 inches (D),Unstructured,No Compartments or Pockets,No Compartments or Pockets,Zip Closure,Single handle,Novelty,Do Not Wash,imported,998196187264,,"{""Dimensions (Overall)"": ""2.8 inches (H) x 6.3 inches (W) x 9.1 inches (D)"", ""Shell Material"": ""10% Recycled Plastic"", ""Bag Structure"": ""Unstructured"", ""Interior Features"": ""No Compartments or Pockets"", ""Exterior Features"": ""No Compartments or Pockets"", ""Main Compartment Closure"": ""Zip Closure"", ""Handle Type"": ""Single handle"", ""Fabric Name"": ""Novelty"", ""Care & Cleaning"": ""Do Not Wash"", ""TCIN"": ""1009121522"", ""UPC"": ""998196187264"", ""Origin"": ""imported""}",True,2026-02-23T00:40:32.540757
1009167507,"Narwey Evening Bag Clutch Purses for Women, Ladies Sparkling Party Handbag Wedding Bag",https://www.target.com/p/narwey-evening-bag-clutch-purses-for-women-ladies-sparkling-party-handbag-wedding-bag/-/A-1009167507#lnk=sametab,Narwey,"Target > Clothing, Shoes & Accessories > Accessories > Handbags & Purses > Shoulder Bags",Shoulder Bags,20.99,0.0,0.0,False,0.0,0,,False,,,https://target.scene7.com/is/image/Target/GUEST_9be584ec-8139-4260-982f-d5ac13c056a8?wid=1200&hei=1200&qlt=85 | https://target.scene7.com/is/image/Target/GUEST_0f724a46-e96e-4fa5-bbfa-9780a697fee0?wid=1200&hei=1200&qlt=85 | https://target.scene7.com/is/image/Target/GUEST_3c232685-0b6e-4360-8fc7-635db159f505?wid=1200&hei=1200&qlt=85 | https://target.scene7.com/is/image/Target/GUEST_b9a9d00c-066d-4329-be35-7be6f09fb93c?wid=1200&hei=1200&qlt=85 | https://target.scene7.com/is/image/Target/GUEST_015ab679-95c4-4cad-8b5a-2b77b3f5cdaa?wid=1200&hei=1200&qlt=85,Sparkly Fashion; Great Gift Option; with Sparkly glitter detail; 3-in-1 Styles,,Polyester Fiber,"{""H"": ""4.13"", ""W"": ""7.87"", ""D"": ""1.97""}",4.13 inches (H) x 7.87 inches (W) x 1.97 inches (D),Lightweight,Multiple Compartments,No Compartments or Pockets,Magnetic Closure,Single handle,2 x 2 Rib,Do Not Wash,imported,820513410598,,"{""Dimensions (Overall)"": ""4.13 inches (H) x 7.87 inches (W) x 1.97 inches (D)"", ""Shell Material"": ""Polyester Fiber"", ""Bag Structure"": ""Lightweight"", ""Interior Features"": ""Multiple Compartments"", ""Exterior Features"": ""No Compartments or Pockets"", ""Main Compartment Closure"": ""Magnetic Closure"", ""Handle Type"": ""Single handle"", ""Fabric Name"": ""2 x 2 Rib"", ""Care & Cleaning"": ""Do Not Wash"", ""TCIN"": ""1009167507"", ""UPC"": ""820513410598"", ""Origin"": ""imported""}",True,2026-02-23T00:40:32.540757
1009361508,Narwey Purses and Handbags Women Fashion Tote Bag Shoulder Bags,https://www.target.com/p/narwey-purses-and-handbags-women-fashion-tote-bag-shoulder-bags/-/A-1009361508#lnk=sametab,Narwey,"Target > Clothing, Shoes & Accessories > Accessories > Handbags & Purses > Shoulder Bags",Shoulder Bags,84.99,99.99,15.0,True,0.0,0,,False,,,https://target.scene7.com/is/image/Target/GUEST_442bce79-2573-4d02-b022-e3247859e44a?wid=1200&hei=1200&qlt=85 | https://target.scene7.com/is/image/Target/GUEST_cd5b4dc5-1876-41e3-9860-18e6e393b496?wid=1200&hei=1200&qlt=85 | https://target.scene7.com/is/image/Target/GUEST_c475f44c-d695-4394-82c9-d7cdffea3439?wid=1200&hei=1200&qlt=85 | https://target.scene7.com/is/image/Target/GUEST_c0a5e083-6543-4e29-9d9a-eb3577a85920?wid=1200&hei=1200&qlt=85 | https://target.scene7.com/is/image/Target/GUEST_6dc516d9-f8f4-44c8-a942-ac97544e4198?wid=1200&hei=1200&qlt=85,【Material】: High Quality Soft Washed PU leather; 【Dimension】(L*W*H): Size:13.8*4.7*11.8 inches; 【Multiple Pockets】: External: Zipper closure; 【Multifunctional】,,Leather,"{""H"": ""13.8"", ""W"": ""11.8"", ""D"": ""4.7""}",13.8 inches (H) x 11.8 inches (W) x 4.7 inches (D),Lightweight,Multiple Compartments,Zip Pocket,Zip Closure,Shoulder Strap,1 x 1 Rib,Spot or Wipe Clean,imported,342301711378,,"{""Dimensions (Overall)"": ""13.8 inches (H) x 11.8 inches (W) x 4.7 inches (D)"", ""Shell Material"": ""Leather"", ""Bag Structure"": ""Lightweight"", ""Interior Features"": ""Multiple Compartments"", ""Exterior Features"": ""Zip Pocket"", ""Main Compartment Closure"": ""Zip Closure"", ""Handle Type"": ""Shoulder Strap"", ""Fabric Name"": ""1 x 1 Rib"", ""Care & Cleaning"": ""Spot or Wipe Clean"", ""TCIN"": ""1009361508"", ""UPC"": ""342301711378"", ""Origin"": ""imported""}",True,2026-02-23T00:40:32.540757
1007926414,"Purses for Women Crossbody Bag, Vegan Leather with Top Carry Handle and Cute Bow Knot Brown 8.6 x 3.5 x 6.7",https://www.target.com/p/purses-for-women-crossbody-bag-vegan-leather-with-top-carry-handle-and-cute-bow-knot/-/A-1007926414?preselect=1007926417#lnk=sametab,Empire DigiLabs,"Target > Clothing, Shoes & Accessories > Accessories > Handbags & Purses",Handbags & Purses,68.97,137.94,50.0,True,0.0,0,,False,size8.6 x 3.5 x 6.7,,https://target.scene7.com/is/image/Target/GUEST_3a4b3ac7-a410-4f94-8157-4ce1b3985d6e?wid=1200&hei=1200&qlt=85 | https://target.scene7.com/is/image/Target/GUEST_b0924caa-c269-444b-a97e-0b1fd83870c4?wid=1200&hei=1200&qlt=85 | https://target.scene7.com/is/image/Target/GUEST_72773dc1-60b4-45d3-a9ab-896fdf750ddb?wid=1200&hei=1200&qlt=85 | https://target.scene7.com/is/image/Target/GUEST_b5321e90-0811-47c1-9cba-2b6c61c5212e?wid=1200&hei=1200&qlt=85 | https://target.scene7.com/is/image/Target/GUEST_343d1fd7-57b2-4fb1-9170-fc4d8bd3b5d5?wid=1200&hei=1200&qlt=85,,,Leather,"{""H"": ""6.7"", ""W"": ""8.6"", ""D"": ""3.5""}",6.7 inches (H) x 8.6 inches (W) x 3.5 inches (D),Structured,Multiple Compartments,Detachable Straps,Zip Closure,Top Carrying Handle,Faux Leather,Spot or Wipe Clean,imported,661309840157,,"{""Dimensions (Overall)"": ""6.7 inches (H) x 8.6 inches (W) x 3.5 inches (D)"", ""Shell Material"": ""Leather"", ""Bag Structure"": ""Structured"", ""Interior Features"": ""Multiple Compartments"", ""Exterior Features"": ""Detachable Straps"", ""Main Compartment Closure"": ""Zip Closure"", ""Handle Type"": ""Top Carrying Handle"", ""Fabric Name"": ""Faux Leather"", ""Care & Cleaning"": ""Spot or Wipe Clean"", ""TCIN"": ""1007926417"", ""UPC"": ""661309840157"", ""Origin"": ""imported""}",True,2026-02-23T00:40:32.540757
1009340062,Narwey Women's Canvas Tote Handbags Vintage Casual Shoulder Work Bag Crossbody Purses,https://www.target.com/p/narwey-women-s-canvas-tote-handbags-vintage-casual-shoulder-work-bag-crossbody-purses/-/A-1009340062#lnk=sametab,Narwey,"Target > Clothing, Shoes & Accessories > Accessories > Handbags & Purses > Shoulder Bags",Shoulder Bags,45.99,49.99,8.0,True,0.0,0,,False,,,https://target.scene7.com/is/image/Target/GUEST_c009b58c-564c-4cd8-85b3-2dc10159d47c?wid=1200&hei=1200&qlt=85 | https://target.scene7.com/is/image/Target/GUEST_e9d815bb-d5a8-4161-97fb-fff9f138ff30?wid=1200&hei=1200&qlt=85 | https://target.scene7.com/is/image/Target/GUEST_ebb8f20c-40ec-4de7-aa86-ca1b2f7c7e62?wid=1200&hei=1200&qlt=85 | https://target.scene7.com/is/image/Target/GUEST_03dd724a-6b88-4efc-8779-16a548a98481?wid=1200&hei=1200&qlt=85 | https://target.scene7.com/is/image/Target/GUEST_a0d3ac2f-a4c0-4739-a3ef-213796a2ad09?wid=1200&hei=1200&qlt=85 | https://target.scene7.com/is/image/Target/GUEST_537c73cc-eb3d-498f-afb6-612e79085160?wid=1200&hei=1200&qlt=85,"High quality canvas; Size: about 13.7"" L x 12.5""H x 4.7""W; Unique design,casual style; Tote Purse /Handbag /Shoulder/Shopping bags",,Canvas,"{""H"": ""13.7"", ""W"": ""4.7"", ""D"": ""12.5""}",13.7 inches (H) x 4.7 inches (W) x 12.5 inches (D),Softside,Multiple Compartments,Adjustable Shoulder Strap,Zip Closure,Carrying Handle,1 x 1 Rib,Machine Wash,imported,894520130640,,"{""Dimensions (Overall)"": ""13.7 inches (H) x 4.7 inches (W) x 12.5 inches (D)"", ""Shell Material"": ""Canvas"", ""Bag Structure"": ""Softside"", ""Interior Features"": ""Multiple Compartments"", ""Exterior Features"": ""Adjustable Shoulder Strap"", ""Main Compartment Closure"": ""Zip Closure"", ""Handle Type"": ""Carrying Handle"", ""Fabric Name"": ""1 x 1 Rib"", ""CPSC Choking Hazard Warnings"": ""Choking_hazard_small_parts"", ""Care & Cleaning"": ""Machine Wash"", ""TCIN"": ""1009340062"", ""UPC"": ""894520130640"", ""Origin"": ""imported""}",True,2026-02-23T00:40:32.541256
1009325191,Narwey Womens Fashion Suede Shoulder Bags Large Tote Bag Retro Purse Handbag Casual Work Ladies,https://www.target.com/p/narwey-womens-fashion-suede-shoulder-bags-large-tote-bag-retro-purse-handbag-casual-work-ladies/-/A-1009325191#lnk=sametab,Narwey,"Target > Clothing, Shoes & Accessories > Accessories > Handbags & Purses > Shoulder Bags",Shoulder Bags,46.99,54.99,14.5,True,0.0,0,,False,,,https://target.scene7.com/is/image/Target/GUEST_69d0632c-56b6-4696-9634-f0de925aefe5?wid=1200&hei=1200&qlt=85 | https://target.scene7.com/is/image/Target/GUEST_8f2e3be6-1faa-495e-b4c6-f021571c9908?wid=1200&hei=1200&qlt=85 | https://target.scene7.com/is/image/Target/GUEST_5825f450-b20f-47e3-9b92-e4159b64d8b7?wid=1200&hei=1200&qlt=85 | https://target.scene7.com/is/image/Target/GUEST_3e4d669b-7c1c-4456-92f1-871eab6c2837?wid=1200&hei=1200&qlt=85 | https://target.scene7.com/is/image/Target/GUEST_e7508055-a0f0-4c36-b0d4-6846a45440b4?wid=1200&hei=1200&qlt=85,Polyester Fabric; Large Capacity; Retro Style; Multiple Occasions,,20% Recycled Poly-Fiber,"{""H"": ""12.2"", ""W"": ""5.1"", ""D"": ""14.2""}",12.2 inches (H) x 5.1 inches (W) x 14.2 inches (D),Softside,Multiple Compartments,No Compartments or Pockets,Buckle Closure,Single handle,2 x 2 Rib,Do Not Wash,imported,892654676942,,"{""Dimensions (Overall)"": ""12.2 inches (H) x 5.1 inches (W) x 14.2 inches (D)"", ""Shell Material"": ""20% Recycled Poly-Fiber"", ""Bag Structure"": ""Softside"", ""Interior Features"": ""Multiple Compartments"", ""Exterior Features"": ""No Compartments or Pockets"", ""Main Compartment Closure"": ""Buckle Closure"", ""Handle Type"": ""Single handle"", ""Fabric Name"": ""2 x 2 Rib"", ""Care & Cleaning"": ""Do Not Wash"", ""TCIN"": ""1009325191"", ""UPC"": ""892654676942"", ""Origin"": ""imported""}",True,2026-02-23T00:40:32.541256
1007761540,Crossbody Bucket Shoulder Bags for Women Vegan Leather Purse Multiple Pockets Black 8.56''x8.56''x3.94,https://www.target.com/p/crossbody-bucket-shoulder-bags-for-women-vegan-leather-purse-multiple-pockets/-/A-1007761540?preselect=1007761541#lnk=sametab,Empire DigiLabs,"Target > Clothing, Shoes & Accessories > Accessories > Handbags & Purses > Crossbody & Messenger Bags",Crossbody & Messenger Bags,107.97,215.94,50.0,True,0.0,0,,False,size8.56''x8.56''x3.94,,https://target.scene7.com/is/image/Target/GUEST_9e298a58-43ff-4196-9ec7-1ec69bc544e0?wid=1200&hei=1200&qlt=85 | https://target.scene7.com/is/image/Target/GUEST_021907d8-c2b2-45a3-b605-c6d29a815154?wid=1200&hei=1200&qlt=85 | https://target.scene7.com/is/image/Target/GUEST_aef485f0-563e-48db-9bfc-b4b9ab9ceff8?wid=1200&hei=1200&qlt=85 | https://target.scene7.com/is/image/Target/GUEST_1416cf20-adba-43b6-a84c-64f896316e3f?wid=1200&hei=1200&qlt=85 | https://target.scene7.com/is/image/Target/GUEST_ad0cf4d9-d365-42b1-9f59-cc52f395feb4?wid=1200&hei=1200&qlt=85,,,Leather,"{""H"": ""8.56"", ""W"": ""8.56"", ""D"": ""3.94""}",8.56 inches (H) x 8.56 inches (W) x 3.94 inches (D),Softside,Multiple Compartments,Adjustable Strap,Magnetic Strap Closure,Adjustable Strap,Faux Leather,Spot or Wipe Clean,imported,661309911482,,"{""Dimensions (Overall)"": ""8.56 inches (H) x 8.56 inches (W) x 3.94 inches (D)"", ""Shell Material"": ""Leather"", ""Bag Structure"": ""Softside"", ""Interior Features"": ""Multiple Compartments"", ""Exterior Features"": ""Adjustable Strap"", ""Main Compartment Closure"": ""Magnetic Strap Closure"", ""Handle Type"": ""Adjustable Strap"", ""Fabric Name"": ""Faux Leather"", ""Care & Cleaning"": ""Spot or Wipe Clean"", ""TCIN"": ""1007761541"", ""UPC"": ""661309911482"", ""Origin"": ""imported""}",True,2026-02-23T00:40:32.541256
1001692166,"AmeriBag 17"" Print Crossbody Sling Healthy Back Bag (Freeflow 2)",https://www.target.com/p/ameribag-small-prints-and-patterns-healthy-back-bag/-/A-1001692166?preselect=1001692169#lnk=sametab,AmeriBag,"Target > Clothing, Shoes & Accessories > Accessories > Handbags & Purses > Shoulder Bags",Shoulder Bags,85.0,90.0,5.6,True,5.0,1,,False,freeflow 2,,https://target.scene7.com/is/image/Target/GUEST_9accff00-e70b-47a8-8399-af1a1d1fed1a?wid=1200&hei=1200&qlt=85 | https://target.scene7.com/is/image/Target/GUEST_6911346e-655a-45d4-9e30-86a507276b75?wid=1200&hei=1200&qlt=85 | https://target.scene7.com/is/image/Target/GUEST_1964c496-71ca-4000-bc6b-165ea004ae9c?wid=1200&hei=1200&qlt=85 | https://target.scene7.com/is/image/Target/GUEST_2079f7ea-e82c-4d7e-bfa7-d07aec7a8686?wid=1200&hei=1200&qlt=85 | https://target.scene7.com/is/image/Target/GUEST_241c720d-c8fd-439f-887a-b6e17012129a?wid=1200&hei=1200&qlt=85 | https://target.scene7.com/is/image/Target/GUEST_ac606ad7-85f6-41c3-b6ef-072012d795a6?wid=1200&hei=1200&qlt=85 | https://target.scene7.com/is/image/Target/GUEST_a087e151-9727-44c2-9962-96652e62bc48?wid=1200&hei=1200&qlt=85 | https://target.scene7.com/is/image/Target/GUEST_90b43cb6-ef4e-4ade-b238-f8efba99de92?wid=1200&hei=1200&qlt=85 | https://target.scene7.com/is/image/Target/GUEST_83683714-2790-4fad-aa93-9521d8ee425c?wid=1200&hei=1200&qlt=85 | https://target.scene7.com/is/image/Target/GUEST_b42e550b-730a-4773-995b-a5856bb41002?wid=1200&hei=1200&qlt=85,"SIZE: The most popular size for everyday use. Holds all daily essentials and then some. Replaces a medium to large handbag. 17 x 9 x 6 inches; COMFORTABLE: A Healthy Back Bag is the perfect combination of fashion and function, making style effortless. Can be worn cross-body for full back health benefits or over the shoulder to grab and be on your way!; ERGONOMIC: Designed to mold to the shape of your spine, minimizing the strain on your back, neck and shoulders. The body-hugging contours and adjustable wearing eliminate twisting or straining your posture. The more places a bag touches your body as you wear it, the lighter it feels...and that’s the secret; SECURE: With the main zip always against your back your stuff is safe and accessible without taking your bag off. Having the double zippers meet in the middle make accessing your belongings a breeze. Simply swing the bag around to the front of your body while wearing it across the back, when finished, close zippers and then swing it back around!; MATERIAL: Machine washable. Made from 100% recycled polyester. Our recycled polyester material is made from post consumer waste like plastic bottles!",,100% Recycled Polyester,"{""H"": ""17"", ""W"": ""9"", ""D"": ""6""}",17 inches (H) x 9 inches (W) x 6 inches (D),Softside,Multiple Compartments,Multiple Compartments,Zip Closure,Adjustable Shoulder Strap,Canvas,Machine Wash,imported,751470035558,,"{""Dimensions (Overall)"": ""17 inches (H) x 9 inches (W) x 6 inches (D)"", ""Shell Material"": ""100% Recycled Polyester"", ""Bag Structure"": ""Softside"", ""Interior Features"": ""Multiple Compartments"", ""Exterior Features"": ""Multiple Compartments"", ""Main Compartment Closure"": ""Zip Closure"", ""Handle Type"": ""Adjustable Shoulder Strap"", ""Fabric Name"": ""Canvas"", ""Care & Cleaning"": ""Machine Wash"", ""TCIN"": ""1001692169"", ""UPC"": ""751470035558"", ""Origin"": ""imported""}",True,2026-02-23T00:41:18.002579
1001673364,"AmeriBag 17"" Leather Crossbody Sling Healthy Back Bag (Grey)",https://www.target.com/p/ameribag-extra-small-leather-healthy-back-bag/-/A-1001673364?preselect=1001673368#lnk=sametab,AmeriBag,"Target > Clothing, Shoes & Accessories > Accessories > Handbags & Purses > Shoulder Bags",Shoulder Bags,200.0,0.0,0.0,False,0.0,0,,False,grey,,https://target.scene7.com/is/image/Target/GUEST_7f427a0b-5a97-4ec7-b3ff-b0a992d24596?wid=1200&hei=1200&qlt=85 | https://target.scene7.com/is/image/Target/GUEST_60a21b80-1733-4f86-9fbd-f6ee7711eb87?wid=1200&hei=1200&qlt=85 | https://target.scene7.com/is/image/Target/GUEST_241c720d-c8fd-439f-887a-b6e17012129a?wid=1200&hei=1200&qlt=85 | https://target.scene7.com/is/image/Target/GUEST_831725d4-bd55-4590-9047-cee408826d68?wid=1200&hei=1200&qlt=85 | https://target.scene7.com/is/image/Target/GUEST_b030eeda-32ec-4b39-aace-3f5f3cdc06f3?wid=1200&hei=1200&qlt=85 | https://target.scene7.com/is/image/Target/GUEST_a91ad97e-93f4-4eba-87cb-1fa092cf1a92?wid=1200&hei=1200&qlt=85 | https://target.scene7.com/is/image/Target/GUEST_4d191a5c-e34d-436f-9e94-7ab074686e3a?wid=1200&hei=1200&qlt=85 | https://target.scene7.com/is/image/Target/baseswatch?wid=1200&hei=1200&qlt=85 | https://target.scene7.com/is/image/Target/GUEST_f5868f83-6d7c-4b75-8827-4d3b29f48f3f?wid=1200&hei=1200&qlt=85 | https://target.scene7.com/is/image/Target/GUEST_966dbd68-537f-4c4b-b97b-9346db464b33?wid=1200&hei=1200&qlt=85,"Replacing a medium to large handbag, this is the most popular size for everyday use. Holds all daily essentials and then some. 17 x 9 x 6 inches; MATERIAL: Our smooth, top grade full-grain leather comes in luxurious shades to keep your look sophisticated and professional. It will develop a rich and beautiful patina with time and use; COMFORTABLE: A Healthy Back Bag is the perfect combination of fashion and function, making style effortless. Can be worn cross-body for full back health benefits or over the shoulder to grab and be on your way!; ERGONOMIC: Designed to mold to the shape of your spine, minimizing the strain on your back, neck and shoulders. The body-hugging contours and adjustable wearing eliminate twisting or straining your posture. The more places a bag touches your body as you wear it, the lighter it feels...and that’s the secret; SECURE: With the main zip always against your back your stuff is safe and accessible without taking your bag off. Having the double zippers meet in the middle make accessing your belongings a breeze. Simply swing the bag around to the front of your body while wearing it across the back, when finished, close zippers and then swing it back around!",,Leather,"{""H"": ""15"", ""W"": ""8"", ""D"": ""5.5""}",15 inches (H) x 8 inches (W) x 5.5 inches (D),Softside,Multiple Compartments,Multiple Compartments,Zip Closure,Adjustable Shoulder Strap,Non-Woven Fabric,Spot or Wipe Clean,imported,751470024149,,"{""Dimensions (Overall)"": ""15 inches (H) x 8 inches (W) x 5.5 inches (D)"", ""Shell Material"": ""Leather"", ""Bag Structure"": ""Softside"", ""Interior Features"": ""Multiple Compartments"", ""Exterior Features"": ""Multiple Compartments"", ""Main Compartment Closure"": ""Zip Closure"", ""Handle Type"": ""Adjustable Shoulder Strap"", ""Fabric Name"": ""Non-Woven Fabric"", ""Care & Cleaning"": ""Spot or Wipe Clean"", ""TCIN"": ""1001673368"", ""UPC"": ""751470024149"", ""Origin"": ""imported""}",True,2026-02-23T00:41:18.002579
1009115398,"Narwey Small Purses for Women, Travel Purses Anti Theft Crossbody Bags for Women",https://www.target.com/p/narwey-small-purses-for-women-travel-purses-anti-theft-crossbody-bags-for-women/-/A-1009115398#lnk=sametab,Narwey,"Target > Clothing, Shoes & Accessories > Accessories > Handbags & Purses > Shoulder Bags",Shoulder Bags,51.99,61.99,16.1,True,0.0,0,,False,,,https://target.scene7.com/is/image/Target/GUEST_45e0a319-c978-4ce1-a776-676156d523a9?wid=1200&hei=1200&qlt=85 | https://target.scene7.com/is/image/Target/GUEST_d669ba40-de58-42fd-bf85-ed1a4b50b3ba?wid=1200&hei=1200&qlt=85 | https://target.scene7.com/is/image/Target/GUEST_f22b72b5-3fb5-4c39-8eb1-13d20dbc5c32?wid=1200&hei=1200&qlt=85 | https://target.scene7.com/is/image/Target/GUEST_759e3df8-525c-45b3-af8b-5d8bfecf5461?wid=1200&hei=1200&qlt=85 | https://target.scene7.com/is/image/Target/GUEST_2bb546f4-2822-4937-84bf-bb7ed1659e39?wid=1200&hei=1200&qlt=85,Crossbody Purse Bag; Safe Zipper Closure; Adjustable & Detachable Strap; Great Practical Gifts,,Nylon,"{""H"": ""6.5"", ""W"": ""3"", ""D"": ""9""}",6.5 inches (H) x 3 inches (W) x 9 inches (D),Structured,Zip Pocket,Multiple Compartments,Zip Closure,Single handle,Novelty,Do Not Wash,imported,894941822667,,"{""Dimensions (Overall)"": ""6.5 inches (H) x 3 inches (W) x 9 inches (D)"", ""Shell Material"": ""Nylon"", ""Bag Structure"": ""Structured"", ""Interior Features"": ""Zip Pocket"", ""Exterior Features"": ""Multiple Compartments"", ""Main Compartment Closure"": ""Zip Closure"", ""Handle Type"": ""Single handle"", ""Fabric Name"": ""Novelty"", ""Care & Cleaning"": ""Do Not Wash"", ""TCIN"": ""1009115398"", ""UPC"": ""894941822667"", ""Origin"": ""imported""}",True,2026-02-23T00:41:18.002579
1008459954,Rhinestone Purse for Women Evening Bag Glitter Sparkly Mini Handbags Silver 10.2 x 6.3 x 0.4,https://www.target.com/p/rhinestone-purse-for-women-evening-bag-glitter-sparkly-mini-handbags/-/A-1008459954?preselect=1008459956#lnk=sametab,Empire DigiLabs,"Target > Clothing, Shoes & Accessories > Accessories > Handbags & Purses > Clutches",Clutches,89.7,179.4,50.0,True,0.0,0,,False,size10.2 x 6.3 x 0.4,,https://target.scene7.com/is/image/Target/GUEST_b75d438b-f2c4-4c85-8044-9535a350ecb8?wid=1200&hei=1200&qlt=85 | https://target.scene7.com/is/image/Target/GUEST_599255f1-43ad-4f3d-8cc5-0f688dfc40c1?wid=1200&hei=1200&qlt=85 | https://target.scene7.com/is/image/Target/GUEST_04e5d603-dd60-40e2-b916-d964115652bc?wid=1200&hei=1200&qlt=85 | https://target.scene7.com/is/image/Target/GUEST_2ab3e9d8-5f6b-4945-b0a7-e03e6ed56da7?wid=1200&hei=1200&qlt=85 | https://target.scene7.com/is/image/Target/GUEST_30362911-e849-48e1-841a-e705f6d6bdbc?wid=1200&hei=1200&qlt=85,,,Polyester,"{""H"": ""6.3"", ""W"": ""10.2"", ""D"": "".4""}",6.3 inches (H) x 10.2 inches (W) x .4 inches (D),Structured,Multiple Compartments,No Compartments or Pockets,Zip Closure,Top Carrying Handle,Novelty,Spot or Wipe Clean,imported,661309792494,,"{""Dimensions (Overall)"": ""6.3 inches (H) x 10.2 inches (W) x .4 inches (D)"", ""Shell Material"": ""Polyester"", ""Bag Structure"": ""Structured"", ""Interior Features"": ""Multiple Compartments"", ""Exterior Features"": ""No Compartments or Pockets"", ""Main Compartment Closure"": ""Zip Closure"", ""Handle Type"": ""Top Carrying Handle"", ""Fabric Name"": ""Novelty"", ""Care & Cleaning"": ""Spot or Wipe Clean"", ""TCIN"": ""1008459956"", ""UPC"": ""661309792494"", ""Origin"": ""imported""}",True,2026-02-23T00:41:18.002579
1007936632,Hobo Bags for Women Shoulder Purses and Handbags Classic Oriental Pink  14.2 x 4 x 12.6,https://www.target.com/p/hobo-bags-for-women-shoulder-purses-and-handbags/-/A-1007936632?preselect=1007936636#lnk=sametab,Empire DigiLabs,"Target > Clothing, Shoes & Accessories > Accessories > Handbags & Purses > Shoulder Bags",Shoulder Bags,74.97,149.94,50.0,True,0.0,0,,False,size14.2 x 4 x 12.6,,https://target.scene7.com/is/image/Target/GUEST_48ea456c-9382-4d17-964d-415db58e33c9?wid=1200&hei=1200&qlt=85 | https://target.scene7.com/is/image/Target/GUEST_cd51dc3f-8f9c-4520-8277-717db8cd6e10?wid=1200&hei=1200&qlt=85 | https://target.scene7.com/is/image/Target/GUEST_894827d8-9b43-4bac-99d6-9218d3ce4e81?wid=1200&hei=1200&qlt=85 | https://target.scene7.com/is/image/Target/GUEST_cd9506ef-1d81-4f69-968d-ab29efa650a5?wid=1200&hei=1200&qlt=85 | https://target.scene7.com/is/image/Target/GUEST_6fe4dcb3-c2f8-4399-b1de-33776560cfdc?wid=1200&hei=1200&qlt=85,,,Leather,"{""H"": ""12.6"", ""W"": ""14.2"", ""D"": ""4""}",12.6 inches (H) x 14.2 inches (W) x 4 inches (D),Softside,Multiple Compartments,Detachable Straps,Zip Closure,Shoulder Strap,Faux Leather,Spot or Wipe Clean,imported,661309841192,,"{""Dimensions (Overall)"": ""12.6 inches (H) x 14.2 inches (W) x 4 inches (D)"", ""Shell Material"": ""Leather"", ""Bag Structure"": ""Softside"", ""Interior Features"": ""Multiple Compartments"", ""Exterior Features"": ""Detachable Straps"", ""Main Compartment Closure"": ""Zip Closure"", ""Handle Type"": ""Shoulder Strap"", ""Fabric Name"": ""Faux Leather"", ""Care & Cleaning"": ""Spot or Wipe Clean"", ""TCIN"": ""1007936636"", ""UPC"": ""661309841192"", ""Origin"": ""imported""}",True,2026-02-23T00:41:18.002579
1009303215,"Narwey Purses and Handbags for Women, Vintage Top Handle Shoulder Bag",https://www.target.com/p/narwey-purses-and-handbags-for-women-vintage-top-handle-shoulder-bag/-/A-1009303215#lnk=sametab,Narwey,"Target > Clothing, Shoes & Accessories > Accessories > Handbags & Purses > Shoulder Bags",Shoulder Bags,63.99,79.99,20.0,True,0.0,0,,False,,,https://target.scene7.com/is/image/Target/GUEST_a145059f-9f65-4593-b29c-c41d8fc04a44?wid=1200&hei=1200&qlt=85 | https://target.scene7.com/is/image/Target/GUEST_e7737071-ed8c-4612-9f33-2c5737f7e5c1?wid=1200&hei=1200&qlt=85 | https://target.scene7.com/is/image/Target/GUEST_f037ebaa-693b-4922-b9b3-f29711312ee4?wid=1200&hei=1200&qlt=85 | https://target.scene7.com/is/image/Target/GUEST_09f485ed-44b6-4559-9602-dc773a4d7efc?wid=1200&hei=1200&qlt=85 | https://target.scene7.com/is/image/Target/GUEST_8ed93386-92b3-4ecf-a687-3c4aee22308e?wid=1200&hei=1200&qlt=85,【Ideal Size for Everyday Life】; 【Fit Many Occasions】; 【Quality Material】; 【Removable Strap and Zipper Pocket】,,Leather,"{""H"": ""4.3"", ""W"": ""8.8"", ""D"": ""12""}",4.3 inches (H) x 8.8 inches (W) x 12 inches (D),Lightweight,Multiple Compartments,No Compartments or Pockets,Zip Closure,Shoulder Strap,1 x 1 Rib,Shake Clean,imported,971761493465,,"{""Dimensions (Overall)"": ""4.3 inches (H) x 8.8 inches (W) x 12 inches (D)"", ""Shell Material"": ""Leather"", ""Bag Structure"": ""Lightweight"", ""Interior Features"": ""Multiple Compartments"", ""Exterior Features"": ""No Compartments or Pockets"", ""Main Compartment Closure"": ""Zip Closure"", ""Handle Type"": ""Shoulder Strap"", ""Fabric Name"": ""1 x 1 Rib"", ""Care & Cleaning"": ""Shake Clean"", ""TCIN"": ""1009303215"", ""UPC"": ""971761493465"", ""Origin"": ""imported""}",True,2026-02-23T00:41:18.002579
1009319632,"Narwey Travel Purses for Women, Waterproof Nylon Crossbody Bags",https://www.target.com/p/narwey-travel-purses-for-women-waterproof-nylon-crossbody-bags/-/A-1009319632#lnk=sametab,Narwey,"Target > Clothing, Shoes & Accessories > Accessories > Handbags & Purses > Crossbody & Messenger Bags",Crossbody & Messenger Bags,59.99,79.99,25.0,True,0.0,0,,False,,,https://target.scene7.com/is/image/Target/GUEST_80601ea7-5662-48e4-ba89-0852ab127f10?wid=1200&hei=1200&qlt=85 | https://target.scene7.com/is/image/Target/GUEST_a317ea61-593b-4b7d-b504-00d4e72ed5be?wid=1200&hei=1200&qlt=85 | https://target.scene7.com/is/image/Target/GUEST_508b6946-a4b5-428d-83e0-ce7290945bfb?wid=1200&hei=1200&qlt=85 | https://target.scene7.com/is/image/Target/GUEST_cf7fed36-7c3e-43a8-ab88-610c63a7396a?wid=1200&hei=1200&qlt=85 | https://target.scene7.com/is/image/Target/GUEST_2c29ca1c-8aee-4289-9e17-0752a01cb27a?wid=1200&hei=1200&qlt=85,【Material】; 【Zipper】; 【Size】; 【Capacity】,,Nylon,"{""H"": ""3.5"", ""W"": ""11"", ""D"": ""13""}",3.5 inches (H) x 11 inches (W) x 13 inches (D),Lightweight,Multiple Compartments,Zip Pocket,Zip Closure,Shoulder Strap,1 x 1 Rib,Hand Wash,imported,927819449793,,"{""Dimensions (Overall)"": ""3.5 inches (H) x 11 inches (W) x 13 inches (D)"", ""Shell Material"": ""Nylon"", ""Bag Structure"": ""Lightweight"", ""Interior Features"": ""Multiple Compartments"", ""Exterior Features"": ""Zip Pocket"", ""Main Compartment Closure"": ""Zip Closure"", ""Handle Type"": ""Shoulder Strap"", ""Fabric Name"": ""1 x 1 Rib"", ""Care & Cleaning"": ""Hand Wash"", ""TCIN"": ""1009319632"", ""UPC"": ""927819449793"", ""Origin"": ""imported""}",True,2026-02-23T00:41:18.002579
1000875552,"The Mardi Gras Krewe Sequin Purse Fanny Bag, Everywhere Belt Bag Great Addition to Mardi Gras Outfit, Mardi Gras Lovers",https://www.target.com/p/the-mardi-gras-krewe-sequin-purse-fanny-bag-everywhere-belt-bag-great-addition-to-mardi-gras-outfit-mardi-gras-lovers/-/A-1000875552#lnk=sametab,The Mardi Gras Krewe,"Target > Clothing, Shoes & Accessories > Accessories > Handbags & Purses > Crossbody & Messenger Bags",Crossbody & Messenger Bags,19.99,0.0,0.0,False,0.0,0,,False,,,https://target.scene7.com/is/image/Target/GUEST_e1f25b1c-3c7d-4d9f-a4e8-afe9eb3e6f2b?wid=1200&hei=1200&qlt=85 | https://target.scene7.com/is/image/Target/GUEST_8880f538-baef-45e2-804a-3c761516a65c?wid=1200&hei=1200&qlt=85 | https://target.scene7.com/is/image/Target/GUEST_509a3d42-eaa4-4879-a789-817b070453e0?wid=1200&hei=1200&qlt=85 | https://target.scene7.com/is/image/Target/GUEST_fa3ac960-37a3-44d0-b7fc-37538a6ef630?wid=1200&hei=1200&qlt=85 | https://target.scene7.com/is/image/Target/GUEST_df0fe7eb-1cfc-4b8a-b3ec-59ecc99deb1b?wid=1200&hei=1200&qlt=85,,,Cotton,"{""H"": ""6.75"", ""W"": "".5"", ""D"": ""9""}",6.75 inches (H) x .5 inches (W) x 9 inches (D),Lightweight,No Compartments or Pockets,Zip Pocket,Zip Closure,Adjustable Strap,Novelty,Spot or Wipe Clean,imported,5061071930288,,"{""Dimensions (Overall)"": ""6.75 inches (H) x .5 inches (W) x 9 inches (D)"", ""Shell Material"": ""Cotton"", ""Bag Structure"": ""Lightweight"", ""Interior Features"": ""No Compartments or Pockets"", ""Exterior Features"": ""Zip Pocket"", ""Main Compartment Closure"": ""Zip Closure"", ""Handle Type"": ""Adjustable Strap"", ""Fabric Name"": ""Novelty"", ""Care & Cleaning"": ""Spot or Wipe Clean"", ""TCIN"": ""1000875552"", ""UPC"": ""5061071930288"", ""Origin"": ""imported""}",True,2026-02-23T00:41:18.002579
1009405819,Narwey Women Classy Satchel Handbag Tote Purse Handle Bag Shoulder Bag,https://www.target.com/p/narwey-women-classy-satchel-handbag-tote-purse-handle-bag-shoulder-bag/-/A-1009405819#lnk=sametab,Narwey,"Target > Clothing, Shoes & Accessories > Accessories > Handbags & Purses > Shoulder Bags",Shoulder Bags,45.99,69.99,34.3,True,0.0,0,,False,,,https://target.scene7.com/is/image/Target/GUEST_8c5da82a-ecc6-4b20-b69c-33900549da09?wid=1200&hei=1200&qlt=85 | https://target.scene7.com/is/image/Target/GUEST_5bd18d8c-065c-4de6-a2d4-2d28f72f1bf3?wid=1200&hei=1200&qlt=85 | https://target.scene7.com/is/image/Target/GUEST_66361f62-abbd-4201-8262-3c1e3801f36d?wid=1200&hei=1200&qlt=85 | https://target.scene7.com/is/image/Target/GUEST_648f7bf8-6fc1-449a-a6bd-9563c9256b98?wid=1200&hei=1200&qlt=85 | https://target.scene7.com/is/image/Target/GUEST_b72a79c5-4526-4c5c-9d09-07842e8c9d8f?wid=1200&hei=1200&qlt=85,MATERIAL: Texture Synthetic Leather; FEATURE; DIMENSIONS; INSIDE:2,,Leather,"{""H"": ""5.1"", ""W"": ""8.6"", ""D"": ""11.8""}",5.1 inches (H) x 8.6 inches (W) x 11.8 inches (D),Lightweight,Multiple Compartments,No Compartments or Pockets,Zip Closure,Shoulder Strap,1 x 1 Rib,Spot or Wipe Clean,imported,745196706793,,"{""Dimensions (Overall)"": ""5.1 inches (H) x 8.6 inches (W) x 11.8 inches (D)"", ""Shell Material"": ""Leather"", ""Bag Structure"": ""Lightweight"", ""Interior Features"": ""Multiple Compartments"", ""Exterior Features"": ""No Compartments or Pockets"", ""Main Compartment Closure"": ""Zip Closure"", ""Handle Type"": ""Shoulder Strap"", ""Fabric Name"": ""1 x 1 Rib"", ""Care & Cleaning"": ""Spot or Wipe Clean"", ""TCIN"": ""1009405819"", ""UPC"": ""745196706793"", ""Origin"": ""imported""}",True,2026-02-23T00:41:18.002579
1007767019,DC Comics Wonder Woman Metal Logo Crossbody Bag Purse Red,https://www.target.com/p/dc-comics-wonder-woman-metal-logo-crossbody-bag-purse-red/-/A-1007767019#lnk=sametab,Seven Times Six,"Target > Clothing, Shoes & Accessories > Accessories > Handbags & Purses > Mini Bags",Mini Bags,15.99,23.95,33.2,True,5.0,1,,False,,,https://target.scene7.com/is/image/Target/GUEST_11a6fdf2-cea7-4332-9571-417dab71f5ae?wid=1200&hei=1200&qlt=85 | https://target.scene7.com/is/image/Target/GUEST_69688e1b-2b0e-4544-a8fb-6e90d79307d2?wid=1200&hei=1200&qlt=85 | https://target.scene7.com/is/image/Target/GUEST_034bde55-1c89-4593-be1d-66e3c2e7ed47?wid=1200&hei=1200&qlt=85 | https://target.scene7.com/is/image/Target/GUEST_10b38edc-893a-4399-aedc-9b05f5e9ddd6?wid=1200&hei=1200&qlt=85 | https://target.scene7.com/is/image/Target/GUEST_8437af15-4dfe-441b-9d49-cb1056946802?wid=1200&hei=1200&qlt=85,"Iconic Character Design: Showcase your fandom with the bold Wonder Woman metal logo featured prominently on the front. The rich red and gold accents complement the structured polyurethane bag for a visually striking accessory. Sleek and heroic design captures the essence of the DC Comics character in a compact size.; Compact & Functional: Designed with an easy-to-use magnetic clasp, this crossbody bag measures approximately 7 1/2"" x 3"" x 7"", providing space for essentials like a phone, wallet, keys, and minor cosmetics. Lightweight construction and an adjustable shoulder strap make carrying comfortable for all-day wear.; Premium Materials & Feel: Crafted from durable polyurethane, the bag offers a smooth, structured texture that maintains its shape over time. The metal logo adds a refined touch, creating a tactile contrast with the purse's soft yet firm body.; Effortless Care: Polyurethane exterior is simple to wipe clean and maintain, keeping your bag looking new. The magnetic closure ensures secure storage of items without the need for complicated fastenings. This bag is built to withstand daily use while keeping your essentials organized.; Everyday Versatility: Perfect for casual outings, shopping trips, conventions, or adding a statement accessory to everyday wear. Its compact size fits easily under a coat or over a jacket, suitable for teens and adults alike. This crossbody bag balances style, convenience, and superhero flair.",,Polyurethane,"{""H"": ""3"", ""W"": ""8"", ""D"": ""7""}",3 inches (H) x 8 inches (W) x 7 inches (D),Structured,Multiple Compartments,Snap Pocket,Zip Closure,Polyurethane,Microplush,Spot or Wipe Clean,made in the USA or imported,197167146426,,"{""Dimensions (Overall)"": ""3 inches (H) x 8 inches (W) x 7 inches (D)"", ""Shell Material"": ""Polyester"", ""Bag Structure"": ""Structured"", ""Interior Features"": ""Multiple Compartments"", ""Exterior Features"": ""Snap Pocket"", ""Main Compartment Closure"": ""Zip Closure"", ""Handle Type"": ""Shoulder Strap"", ""Fabric Name"": ""Microplush"", ""Handle Material"": ""Polyurethane"", ""Fits Laptop"": ""No Laptop Pocket"", ""Battery"": ""No Battery Used"", ""Care & Cleaning"": ""Spot or Wipe Clean"", ""TCIN"": ""1007767019"", ""UPC"": ""197167146426"", ""Origin"": ""made in the USA or imported""}",True,2026-02-23T00:41:18.002579
1009167967,Narwey Hobo Bags for Women Soft Vegan Leather Shoulder Handbag Slouchy Tote Purses (Black),https://www.target.com/p/narwey-hobo-bags-for-women-soft-vegan-leather-shoulder-handbag-slouchy-tote-purses-black/-/A-1009167967#lnk=sametab,Narwey,"Target > Clothing, Shoes & Accessories > Accessories > Handbags & Purses > Shoulder Bags",Shoulder Bags,61.99,79.99,22.5,True,0.0,0,,False,,,https://target.scene7.com/is/image/Target/GUEST_7e1d04d6-347d-4ab9-9aaf-b2315e921735?wid=1200&hei=1200&qlt=85 | https://target.scene7.com/is/image/Target/GUEST_a9fb0d10-51c1-40d4-9e0e-a8e7b69e9965?wid=1200&hei=1200&qlt=85 | https://target.scene7.com/is/image/Target/GUEST_8d23e2b8-f71b-4e01-9955-37f134c42d1d?wid=1200&hei=1200&qlt=85 | https://target.scene7.com/is/image/Target/GUEST_332f4230-72b7-45b2-b8fe-f200519bbde4?wid=1200&hei=1200&qlt=85 | https://target.scene7.com/is/image/Target/GUEST_138cbf5d-fed0-41c6-bc2e-fa634c5fa3aa?wid=1200&hei=1200&qlt=85,Effortlessly stylish and comfortable; Meticulously crafted from premium vegan leather; tote surprises with its spacious interior; unique design,,TPU (Thermoplastic Polyurethane),"{""H"": ""15.7"", ""W"": ""4.7"", ""D"": ""18""}",15.7 inches (H) x 4.7 inches (W) x 18 inches (D),Softside,Multiple Compartments,No Compartments or Pockets,Magnetic Closure,Single handle,2 x 2 Rib,Do Not Dry Clean,imported,820513410604,,"{""Dimensions (Overall)"": ""15.7 inches (H) x 4.7 inches (W) x 18 inches (D)"", ""Shell Material"": ""TPU (Thermoplastic Polyurethane)"", ""Bag Structure"": ""Softside"", ""Interior Features"": ""Multiple Compartments"", ""Exterior Features"": ""No Compartments or Pockets"", ""Main Compartment Closure"": ""Magnetic Closure"", ""Handle Type"": ""Single handle"", ""Fabric Name"": ""2 x 2 Rib"", ""Care & Cleaning"": ""Do Not Dry Clean"", ""TCIN"": ""1009167967"", ""UPC"": ""820513410604"", ""Origin"": ""imported""}",True,2026-02-23T00:41:18.002579
93736183,FAO Schwarz Cliqs Plush Unicorn Purse,https://www.target.com/p/fao-schwarz-cliqs-plush-unicorn-purse/-/A-93736183#lnk=sametab,FAO Schwarz,"Target > Clothing, Shoes & Accessories > Accessories > Kids’ Accessories > Girls’ Accessories > Bags",Bags,14.99,0.0,0.0,False,4.8,10,,False,,,https://target.scene7.com/is/image/Target/GUEST_e3351bfd-0c4a-449a-91c6-cec4ef4a1c8d?wid=1200&hei=1200&qlt=85 | https://target.scene7.com/is/image/Target/GUEST_b0974ea8-963c-4e66-b7b2-aa553530a351?wid=1200&hei=1200&qlt=85 | https://target.scene7.com/is/image/Target/GUEST_e56ef2e4-9cef-4fea-a8dc-679aeb21864c?wid=1200&hei=1200&qlt=85 | https://target.scene7.com/is/image/Target/GUEST_daa452e8-56dc-434a-b6ab-158ea6a40f01?wid=1200&hei=1200&qlt=85 | https://target.scene7.com/is/image/Target/GUEST_4875d719-f98b-4d67-831d-c6b0b09d6a5f?wid=1200&hei=1200&qlt=85 | https://target.scene7.com/is/image/Target/GUEST_0661d9f1-ddab-43c0-b9e2-2e8487799f2f?wid=1200&hei=1200&qlt=85,"Irresistibly fluffy plush unicorn purse for magical style; Colorful mane and shimmering gold horn for enchanted vibes; Zipper pocket keeps your mini essentials close by; Signature FAO Schwarz print lining adds iconic flair; Fun fashion accessory to elevate your outfit instantly; F.A.O. Schwarz®, celebrating the wonder of childhood since 1862",,Polyester,"{""H"": ""3.54"", ""W"": ""9.45"", ""D"": ""3.45"", ""Maximum Strap Length"": ""36 Inches""}",3.54 Inches (H) x 9.45 Inches (W) x 3.45 Inches (D),Collapsible,Accessories Pocket,Zip Pocket,Zip Closure,Carrying Handle,Woven,Clean With Water and Mild Detergent,Imported,840397509843,086-13-7910,"{""Dimensions (Overall)"": ""3.54 Inches (H) x 9.45 Inches (W) x 3.45 Inches (D)"", ""Shell Material"": ""Polyester"", ""Bag Structure"": ""Collapsible"", ""Interior Features"": ""Accessories Pocket"", ""Exterior Features"": ""Zip Pocket"", ""Main Compartment Closure"": ""Zip Closure"", ""Handle Type"": ""Carrying Handle"", ""Fabric Name"": ""Woven"", ""Maximum Strap Length"": ""36 Inches"", ""Care & Cleaning"": ""Clean With Water and Mild Detergent"", ""TCIN"": ""93736183"", ""UPC"": ""840397509843"", ""Item Number (DPCI)"": ""086-13-7910"", ""Origin"": ""Imported""}",True,2026-02-23T00:41:18.002579
88020047,Harry Potter Bag Daily Prophet Newspaper Headlines Hobo Slouch Bag Purse,https://www.target.com/p/harry-potter-bag-daily-prophet-newspaper-headlines-hobo-slouch-bag-purse-multicoloured/-/A-88020047#lnk=sametab,Harry Potter,"Target > Clothing, Shoes & Accessories > Accessories > Handbags & Purses > Shoulder Bags",Shoulder Bags,29.99,35.95,16.6,True,4.0,3,,False,,,https://target.scene7.com/is/image/Target/GUEST_edbcbba5-3589-4111-a81f-bd5e759efd9c?wid=1200&hei=1200&qlt=85 | https://target.scene7.com/is/image/Target/GUEST_9e5ab055-2f4b-421f-b1fb-06307f0e9f53?wid=1200&hei=1200&qlt=85 | https://target.scene7.com/is/image/Target/GUEST_90e404fa-a73d-419a-847e-fa2461390e23?wid=1200&hei=1200&qlt=85 | https://target.scene7.com/is/image/Target/GUEST_00796d2e-ced7-467f-82a4-fb85c937ba72?wid=1200&hei=1200&qlt=85,"HOBO TOTE BAG HARRY POTTER; HOBO HANDBAGS FOR WOMEN: This hobo style shoulder bag is designed for ages 14 and up. One size fits most. Whether you are wearing this to school or to work, or just around town, you are sure to stand out with this awesome Daily Prophet slouch bag.; HOBO CROSSBODY COMFORTABLE & STYLISH – This bag is made of 100% Polyester fabric. This Lightweight satchel features high quality Daily Prophet headlines front print graphics.  Features a magnetic snap closure with a inner open slip pocket, and an adjustable shoulder strap.; HOBO SHOULDER BAG GIFT IDEA: This hobo style bag makes a great gift for a Birthday, Halloween, Christmas, Mother's Day, Valentine’s Day, or any other special occasion.  This cute lightweight shoulder bag is the great gift for the Potter fan in your life.",,Polyester,"{""H"": ""2"", ""W"": ""7"", ""D"": ""8.5""}",2 inches (H) x 7 inches (W) x 8.5 inches (D),Unstructured,Multiple Compartments,Snap Pocket,Zip Closure,Polyester,Novelty,Hand Wash,made in the USA or imported,843743118287,,"{""Dimensions (Overall)"": ""2 inches (H) x 7 inches (W) x 8.5 inches (D)"", ""Shell Material"": ""Polyester"", ""Bag Structure"": ""Unstructured"", ""Interior Features"": ""Multiple Compartments"", ""Exterior Features"": ""Snap Pocket"", ""Main Compartment Closure"": ""Zip Closure"", ""Handle Type"": ""Double Handle"", ""Fabric Name"": ""Novelty"", ""Handle Material"": ""Polyester"", ""Fits Laptop"": ""No Laptop Pocket"", ""Battery"": ""No Battery Used"", ""Care & Cleaning"": ""Hand Wash"", ""TCIN"": ""88020047"", ""UPC"": ""843743118287"", ""Origin"": ""made in the USA or imported""}",True,2026-02-23T00:41:18.002579
1009165002,Narwey Clear Bag for Stadium Events Mini Small Sports Fan Messenger Bag Clear Purse,https://www.target.com/p/narwey-clear-bag-for-stadium-events-mini-small-sports-fan-messenger-bag-clear-purse/-/A-1009165002#lnk=sametab,Narwey,"Target > Clothing, Shoes & Accessories > Accessories > Handbags & Purses > Mini Bags",Mini Bags,26.99,36.99,27.0,True,0.0,0,,False,,,https://target.scene7.com/is/image/Target/GUEST_cfacfc19-ad90-41b3-9be7-1dffd2427699?wid=1200&hei=1200&qlt=85 | https://target.scene7.com/is/image/Target/GUEST_14509a6e-2685-4302-9683-837303467b6d?wid=1200&hei=1200&qlt=85 | https://target.scene7.com/is/image/Target/GUEST_8c7ce136-4f6a-4bda-bb4f-fca861a678d9?wid=1200&hei=1200&qlt=85 | https://target.scene7.com/is/image/Target/GUEST_6dd484a0-b147-44c3-920f-379b746c6261?wid=1200&hei=1200&qlt=85 | https://target.scene7.com/is/image/Target/GUEST_fb6d2271-74ba-4646-b941-1dbcb630c73c?wid=1200&hei=1200&qlt=85,"[Stadium Sports Fan Messenger Bag 12"" x 6"" x 12""]; [Water-Resistant PVC Material]; [Quick & Convenient Security Checks]; [Practical Storage Capacity]",,PVC (Polyvinyl Chloride),"{""H"": ""6.5"", ""W"": ""3.4"", ""D"": ""8.7""}",6.5 inches (H) x 3.4 inches (W) x 8.7 inches (D),Lightweight,No Compartments or Pockets,Multiple Compartments,Zip Closure,Single handle,Novelty,Do Not Wash,imported,145298647763,,"{""Dimensions (Overall)"": ""6.5 inches (H) x 3.4 inches (W) x 8.7 inches (D)"", ""Shell Material"": ""PVC (Polyvinyl Chloride)"", ""Bag Structure"": ""Lightweight"", ""Interior Features"": ""No Compartments or Pockets"", ""Exterior Features"": ""Multiple Compartments"", ""Main Compartment Closure"": ""Zip Closure"", ""Handle Type"": ""Single handle"", ""Fabric Name"": ""Novelty"", ""Care & Cleaning"": ""Do Not Wash"", ""TCIN"": ""1009165002"", ""UPC"": ""145298647763"", ""Origin"": ""imported""}",True,2026-02-23T00:41:18.002579
1007900630,Oversize Pu Leather Tote Women Weekender Bag Shopper Handbag Travel Purse Coffee 22‘’x 6.5''x 15'',https://www.target.com/p/oversize-pu-leather-tote-women-weekender-bag-shopper-handbag-travel-purse/-/A-1007900630?preselect=1007900631#lnk=sametab,Empire DigiLabs,"Target > Clothing, Shoes & Accessories > Accessories > Handbags & Purses > Shoulder Bags",Shoulder Bags,86.7,173.4,50.0,True,0.0,0,,False,size22‘’x 6.5''x 15'',,https://target.scene7.com/is/image/Target/GUEST_04462e93-cbbe-4c3f-b3b8-ac9dc2a2f6a8?wid=1200&hei=1200&qlt=85 | https://target.scene7.com/is/image/Target/GUEST_b0271bab-0d55-457f-996d-22b82f5cdbe8?wid=1200&hei=1200&qlt=85 | https://target.scene7.com/is/image/Target/GUEST_cf9e5be8-be33-44c6-ac4c-b8849f01c00f?wid=1200&hei=1200&qlt=85 | https://target.scene7.com/is/image/Target/GUEST_b1ee106a-7008-4daa-a826-97d3e3e76aa4?wid=1200&hei=1200&qlt=85 | https://target.scene7.com/is/image/Target/GUEST_15bc7964-8ca5-4ea7-9363-560aa81492bf?wid=1200&hei=1200&qlt=85,,,Leather,"{""H"": ""15"", ""W"": ""22"", ""D"": ""6.5""}",15 inches (H) x 22 inches (W) x 6.5 inches (D),Softside,Multiple Compartments,No Compartments or Pockets,Magnetic Strap Closure,Top Carrying Handle,Faux Leather,Spot or Wipe Clean,imported,661309873506,,"{""Dimensions (Overall)"": ""15 inches (H) x 22 inches (W) x 6.5 inches (D)"", ""Shell Material"": ""Leather"", ""Bag Structure"": ""Softside"", ""Interior Features"": ""Multiple Compartments"", ""Exterior Features"": ""No Compartments or Pockets"", ""Main Compartment Closure"": ""Magnetic Strap Closure"", ""Handle Type"": ""Top Carrying Handle"", ""Fabric Name"": ""Faux Leather"", ""Care & Cleaning"": ""Spot or Wipe Clean"", ""TCIN"": ""1007900631"", ""UPC"": ""661309873506"", ""Origin"": ""imported""}",True,2026-02-23T00:41:18.002579
88131097,Loungefly Disney The Little Mermaid Ariel Castle Crossbody Purse,https://www.target.com/p/loungefly-disney-the-little-mermaid-ariel-castle-crossbody-purse/-/A-88131097#lnk=sametab,Disney,"Target > Clothing, Shoes & Accessories > Accessories > Handbags & Purses > Crossbody & Messenger Bags",Crossbody & Messenger Bags,70.0,0.0,0.0,False,0.0,0,,False,,,https://target.scene7.com/is/image/Target/GUEST_3369fede-24a5-47e4-95d8-57717e3ba362?wid=1200&hei=1200&qlt=85 | https://target.scene7.com/is/image/Target/GUEST_0c37abf3-13a1-40aa-ab98-c2626dd32bf0?wid=1200&hei=1200&qlt=85 | https://target.scene7.com/is/image/Target/GUEST_95e0c1b4-23d3-4db6-bb20-a06f6c23af49?wid=1200&hei=1200&qlt=85 | https://target.scene7.com/is/image/Target/GUEST_71b652fe-ceab-4ddb-adc4-4a83e83be3e9?wid=1200&hei=1200&qlt=85,"THE LITTLE MERMAID: Carry your love of Disney's Ariel with this cute crossbody purse!; FUN DESIGN: The pattern depicts King Triton’s underwater castle, while on the back is Prince Eric’s castle is just off the shore. Flounder tags along as a faux leather charm.; QUALITY CONSTRUCTION: The Loungefly Disney The Little Mermaid Ariel Castle Crossbody Purse is made of vegan leather (polyurethane).; BAG DIMENSIONS: Purse measures 13.75”W x 11”H x 4”D.; GREAT GIFT IDEA: Purchase this purse for yourself or gift it to the Disney Little Mermaid fan in your life!",,Plastic,"{""H"": ""11"", ""W"": ""13.75"", ""D"": ""4""}",11 inches (H) x 13.75 inches (W) x 4 inches (D),Softside,Zip Pocket,Detachable Straps,Zip Closure,Plastic,Woven,Care Instructions Not Provided,imported,671803378438,,"{""Dimensions (Overall)"": ""11 inches (H) x 13.75 inches (W) x 4 inches (D)"", ""Shell Material"": ""Polyurethane"", ""Bag Structure"": ""Softside"", ""Interior Features"": ""Zip Pocket"", ""Exterior Features"": ""Detachable Straps"", ""Main Compartment Closure"": ""Zip Closure"", ""Handle Type"": ""Single handle"", ""Fabric Name"": ""Woven"", ""Handle Material"": ""Plastic"", ""Electronics Condition"": ""New"", ""CPSC Choking Hazard Warnings"": ""Choking_hazard_small_parts"", ""Battery"": ""No Battery Used"", ""Care & Cleaning"": ""Care Instructions Not Provided"", ""TCIN"": ""88131097"", ""UPC"": ""671803378438"", ""Origin"": ""imported""}",True,2026-02-23T00:41:18.002579
1009329309,Narwey Women's Cat Shaped Purse - Black Crossbody Shoulder Bag,https://www.target.com/p/narwey-women-s-cat-shaped-purse-black-crossbody-shoulder-bag/-/A-1009329309#lnk=sametab,Narwey,"Target > Clothing, Shoes & Accessories > Accessories > Handbags & Purses > Shoulder Bags",Shoulder Bags,37.99,49.99,24.0,True,0.0,0,,False,,,https://target.scene7.com/is/image/Target/GUEST_7a143c37-9448-4b9a-89e4-c92b8be47165?wid=1200&hei=1200&qlt=85 | https://target.scene7.com/is/image/Target/GUEST_378dbf48-02a6-4c8c-9bde-08028e6207b7?wid=1200&hei=1200&qlt=85 | https://target.scene7.com/is/image/Target/GUEST_136e6a5d-8f6b-462e-9c05-57c87364e9d8?wid=1200&hei=1200&qlt=85 | https://target.scene7.com/is/image/Target/GUEST_50e4daa8-6fe0-4d69-9417-11ce42495a50?wid=1200&hei=1200&qlt=85 | https://target.scene7.com/is/image/Target/GUEST_0d03d5dc-b3f7-491e-9d8d-9c5ba2e40730?wid=1200&hei=1200&qlt=85,Unique Design; Cute Bag; Great Gift; Good Choice,,20% Recycled Polyester,"{""H"": ""7.5"", ""W"": "".8"", ""D"": ""15""}",7.5 inches (H) x .8 inches (W) x 15 inches (D),Dome,No Compartments or Pockets,No Compartments or Pockets,Zip Closure,Adjustable Strap,1 x 1 Rib,Do Not Wash,imported,199808554454,,"{""Dimensions (Overall)"": ""7.5 inches (H) x .8 inches (W) x 15 inches (D)"", ""Shell Material"": ""20% Recycled Polyester"", ""Bag Structure"": ""Dome"", ""Interior Features"": ""No Compartments or Pockets"", ""Exterior Features"": ""No Compartments or Pockets"", ""Main Compartment Closure"": ""Zip Closure"", ""Handle Type"": ""Adjustable Strap"", ""Fabric Name"": ""1 x 1 Rib"", ""Care & Cleaning"": ""Do Not Wash"", ""TCIN"": ""1009329309"", ""UPC"": ""199808554454"", ""Origin"": ""imported""}",True,2026-02-23T00:41:18.002579
1007762153,Hobo Bags for Women Soft Vegan Leather Shoulder Handbag Slouchy Tote Purses Nude 16.2''L x 15.7'' x 4.7,https://www.target.com/p/hobo-bags-for-women-soft-vegan-leather-shoulder-handbag-slouchy-tote-purses/-/A-1007762153?preselect=1007762158#lnk=sametab,Empire DigiLabs,"Target > Clothing, Shoes & Accessories > Accessories > Handbags & Purses > Shoulder Bags",Shoulder Bags,86.7,173.4,50.0,True,0.0,0,,False,size16.2''l x 15.7'' x 4.7,,https://target.scene7.com/is/image/Target/GUEST_549a9a3d-066d-45e9-95fc-d4f35ca4a09d?wid=1200&hei=1200&qlt=85 | https://target.scene7.com/is/image/Target/GUEST_493d6f89-5347-4c91-93f1-dcb558f1d4d8?wid=1200&hei=1200&qlt=85 | https://target.scene7.com/is/image/Target/GUEST_c5ce89fc-f57f-4751-8573-86d84b8a251b?wid=1200&hei=1200&qlt=85 | https://target.scene7.com/is/image/Target/GUEST_9286096a-826c-42c4-89c4-6580362f523e?wid=1200&hei=1200&qlt=85 | https://target.scene7.com/is/image/Target/GUEST_e18fe6da-af68-4e05-99e0-b12743516f5d?wid=1200&hei=1200&qlt=85,,,Leather,"{""H"": ""16.2"", ""W"": ""15.7"", ""D"": ""4.7""}",16.2 inches (H) x 15.7 inches (W) x 4.7 inches (D),Softside,Multiple Compartments,Multiple Compartments,"Open, No Closure",Carrying Handle,Faux Leather,Spot or Wipe Clean,imported,661309913332,,"{""Dimensions (Overall)"": ""16.2 inches (H) x 15.7 inches (W) x 4.7 inches (D)"", ""Shell Material"": ""Leather"", ""Bag Structure"": ""Softside"", ""Interior Features"": ""Multiple Compartments"", ""Exterior Features"": ""Multiple Compartments"", ""Main Compartment Closure"": ""Open, No Closure"", ""Handle Type"": ""Carrying Handle"", ""Fabric Name"": ""Faux Leather"", ""Care & Cleaning"": ""Spot or Wipe Clean"", ""TCIN"": ""1007762158"", ""UPC"": ""661309913332"", ""Origin"": ""imported""}",True,2026-02-23T00:41:18.002579
1009325604,Narwey Small Crossboby Bag for Women - Soft PU Leather Purses Multi-Pocket Shoulder Bag Handbag with Adjustable Strap(Black),https://www.target.com/p/narwey-small-crossboby-bag-for-women-soft-pu-leather-purses-multi-pocket-shoulder-bag-handbag-with-adjustable-strap-black/-/A-1009325604#lnk=sametab,Narwey,"Target > Clothing, Shoes & Accessories > Accessories > Handbags & Purses > Crossbody & Messenger Bags",Crossbody & Messenger Bags,37.99,0.0,0.0,False,0.0,0,,False,,,https://target.scene7.com/is/image/Target/GUEST_f7f49ce6-7f38-43a1-9b41-9ae17fc32825?wid=1200&hei=1200&qlt=85 | https://target.scene7.com/is/image/Target/GUEST_c377988b-b622-4b72-8c41-19cb47aee086?wid=1200&hei=1200&qlt=85 | https://target.scene7.com/is/image/Target/GUEST_af7e484b-f8bc-4cf3-94ce-f6838df450f9?wid=1200&hei=1200&qlt=85 | https://target.scene7.com/is/image/Target/GUEST_1dc301bf-cea0-4e99-b85d-67a13dd6d110?wid=1200&hei=1200&qlt=85 | https://target.scene7.com/is/image/Target/GUEST_8482f70b-5cda-4eab-a6bf-280f89c95d44?wid=1200&hei=1200&qlt=85,Must-read information; Soft & durable; Multiple Zippered Pockets; Practical Design,,TPU (Thermoplastic Polyurethane),"{""H"": ""10.23"", ""W"": ""3.93"", ""D"": ""8.26""}",10.23 inches (H) x 3.93 inches (W) x 8.26 inches (D),Dome,Multiple Compartments,Adjustable Shoulder Strap,Zip Closure,Adjustable Shoulder Strap,2 x 2 Rib,Do Not Wash,imported,959638662688,,"{""Dimensions (Overall)"": ""10.23 inches (H) x 3.93 inches (W) x 8.26 inches (D)"", ""Shell Material"": ""TPU (Thermoplastic Polyurethane)"", ""Bag Structure"": ""Dome"", ""Interior Features"": ""Multiple Compartments"", ""Exterior Features"": ""Adjustable Shoulder Strap"", ""Main Compartment Closure"": ""Zip Closure"", ""Handle Type"": ""Adjustable Shoulder Strap"", ""Fabric Name"": ""2 x 2 Rib"", ""Care & Cleaning"": ""Do Not Wash"", ""TCIN"": ""1009325604"", ""UPC"": ""959638662688"", ""Origin"": ""imported""}",True,2026-02-23T00:41:18.002579
1009115294,Narwey Shoulder Bag for women Clutch Purse Handbag PU Leather Tote Bag with 2 Removable Straps and Zipper Closure,https://www.target.com/p/narwey-shoulder-bag-for-women-clutch-purse-handbag-pu-leather-tote-bag-with-2-removable-straps-and-zipper-closure/-/A-1009115294#lnk=sametab,Narwey,"Target > Clothing, Shoes & Accessories > Accessories > Handbags & Purses > Shoulder Bags",Shoulder Bags,51.99,61.99,16.1,True,0.0,0,,False,,,https://target.scene7.com/is/image/Target/GUEST_b6bdf752-3cd2-41c8-ab8e-dc9f265da2f9?wid=1200&hei=1200&qlt=85 | https://target.scene7.com/is/image/Target/GUEST_bbac7e30-5c64-4cd8-8044-8bcbeb81b464?wid=1200&hei=1200&qlt=85 | https://target.scene7.com/is/image/Target/GUEST_2f1ac439-28aa-451a-906b-23d0742863e2?wid=1200&hei=1200&qlt=85 | https://target.scene7.com/is/image/Target/GUEST_7b970b1b-cd20-41d9-bb7b-405c8381e24c?wid=1200&hei=1200&qlt=85 | https://target.scene7.com/is/image/Target/GUEST_f47b1dd7-8fd6-4418-92f9-595bf247cb5c?wid=1200&hei=1200&qlt=85,【Material】; 【Fashionable design】; 【Use Occasion】,,Polyester,"{""H"": ""5.3"", ""W"": ""9.8"", ""D"": ""2.6""}",5.3 inches (H) x 9.8 inches (W) x 2.6 inches (D),Unstructured,Zip Pocket,No Compartments or Pockets,Zip Closure,Single handle,Novelty,Do Not Wash,imported,894941822612,,"{""Dimensions (Overall)"": ""5.3 inches (H) x 9.8 inches (W) x 2.6 inches (D)"", ""Shell Material"": ""Polyester"", ""Bag Structure"": ""Unstructured"", ""Interior Features"": ""Zip Pocket"", ""Exterior Features"": ""No Compartments or Pockets"", ""Main Compartment Closure"": ""Zip Closure"", ""Handle Type"": ""Single handle"", ""Fabric Name"": ""Novelty"", ""Care & Cleaning"": ""Do Not Wash"", ""TCIN"": ""1009115294"", ""UPC"": ""894941822612"", ""Origin"": ""imported""}",True,2026-02-23T00:41:18.002579
1009369842,Narwey Canvas Tote Bag for Women Top Handle Handbag Women's Purse Crossbody Bag with Zipper Trendy Shoulder Bag,https://www.target.com/p/narwey-canvas-tote-bag-for-women-top-handle-handbag-women-s-purse-crossbody-bag-with-zipper-trendy-shoulder-bag/-/A-1009369842#lnk=sametab,Narwey,"Target > Clothing, Shoes & Accessories > Accessories > Handbags & Purses > Shoulder Bags",Shoulder Bags,50.39,62.99,20.0,True,0.0,0,,False,,,https://target.scene7.com/is/image/Target/GUEST_96846318-65a1-45ce-bf57-a3ebb345c910?wid=1200&hei=1200&qlt=85 | https://target.scene7.com/is/image/Target/GUEST_f2621d49-c449-42fd-a104-c87328fbe2ca?wid=1200&hei=1200&qlt=85 | https://target.scene7.com/is/image/Target/GUEST_a4dd6a30-f89b-4b48-93d3-f72d7a91b198?wid=1200&hei=1200&qlt=85 | https://target.scene7.com/is/image/Target/GUEST_b7088e6d-f696-4686-98a6-b02a47c2d79e?wid=1200&hei=1200&qlt=85 | https://target.scene7.com/is/image/Target/GUEST_e067362e-1686-4412-9b1b-c8d69252d168?wid=1200&hei=1200&qlt=85,Small But Large Capacity Tote Bag; Premium Quality; Multiple Carrying Options; Eye Catching Handbag; Continuous Improvement,,Polyester,"{""H"": ""9.1"", ""W"": ""5.9"", ""D"": ""11.8""}",9.1 inches (H) x 5.9 inches (W) x 11.8 inches (D),Lightweight,No Compartments or Pockets,No Compartments or Pockets,Zip Closure,No Handles or Straps,Novelty,Do Not Wash,imported,642000811356,,"{""Dimensions (Overall)"": ""9.1 inches (H) x 5.9 inches (W) x 11.8 inches (D)"", ""Shell Material"": ""Polyester"", ""Bag Structure"": ""Lightweight"", ""Interior Features"": ""No Compartments or Pockets"", ""Exterior Features"": ""No Compartments or Pockets"", ""Main Compartment Closure"": ""Zip Closure"", ""Handle Type"": ""No Handles or Straps"", ""Fabric Name"": ""Novelty"", ""Care & Cleaning"": ""Do Not Wash"", ""TCIN"": ""1009369842"", ""UPC"": ""642000811356"", ""Origin"": ""imported""}",True,2026-02-23T00:42:02.789672
1009257580,Narwey Shoulder Bag for Women RFID Vegan Leather Crescent Hobo Bag Clutch Underarm Purse Top-Handle Travel Handbags,https://www.target.com/p/narwey-shoulder-bag-for-women-rfid-vegan-leather-crescent-hobo-bag-clutch-underarm-purse-top-handle-travel-handbags/-/A-1009257580#lnk=sametab,Narwey,"Target > Clothing, Shoes & Accessories > Accessories > Handbags & Purses > Satchels",Satchels,58.99,65.99,10.6,True,0.0,0,,False,,,https://target.scene7.com/is/image/Target/GUEST_b100fcb5-72d2-47cc-a69e-db135498207e?wid=1200&hei=1200&qlt=85 | https://target.scene7.com/is/image/Target/GUEST_80511158-9014-4ef8-a501-e3bce1c3de0b?wid=1200&hei=1200&qlt=85 | https://target.scene7.com/is/image/Target/GUEST_da788905-66d8-45d0-a64d-b0b012efac35?wid=1200&hei=1200&qlt=85 | https://target.scene7.com/is/image/Target/GUEST_d7a412e9-2165-4cdd-b2a5-642d34993028?wid=1200&hei=1200&qlt=85 | https://target.scene7.com/is/image/Target/GUEST_612584a2-a651-48c4-aee3-eaf8dc21bc16?wid=1200&hei=1200&qlt=85,RFID Blocking; Premium Craftsmanship; Underarm Bag; Gift Worthy,,TPU (Thermoplastic Polyurethane),"{""H"": ""9.8"", ""W"": ""2.8"", ""D"": ""6.71""}",9.8 inches (H) x 2.8 inches (W) x 6.71 inches (D),Dome,Multiple Compartments,Zip Pocket,Zip Closure,Single handle,2 x 2 Rib,Do Not Wash,imported,945687586198,,"{""Dimensions (Overall)"": ""9.8 inches (H) x 2.8 inches (W) x 6.71 inches (D)"", ""Shell Material"": ""TPU (Thermoplastic Polyurethane)"", ""Bag Structure"": ""Dome"", ""Interior Features"": ""Multiple Compartments"", ""Exterior Features"": ""Zip Pocket"", ""Main Compartment Closure"": ""Zip Closure"", ""Handle Type"": ""Single handle"", ""Fabric Name"": ""2 x 2 Rib"", ""Care & Cleaning"": ""Do Not Wash"", ""TCIN"": ""1009257580"", ""UPC"": ""945687586198"", ""Origin"": ""imported""}",True,2026-02-23T00:42:02.789672
1009149987,Narwey Crossbody Bags for Women Trendy Leather Crossbody Purse Shoulder Handbags,https://www.target.com/p/narwey-crossbody-bags-for-women-trendy-leather-crossbody-purse-shoulder-handbags/-/A-1009149987#lnk=sametab,Narwey,"Target > Clothing, Shoes & Accessories > Accessories > Handbags & Purses > Shoulder Bags",Shoulder Bags,51.99,61.99,16.1,True,0.0,0,,False,,,https://target.scene7.com/is/image/Target/GUEST_e0d07b0f-9e9e-4ab9-b7d0-bf4645205609?wid=1200&hei=1200&qlt=85 | https://target.scene7.com/is/image/Target/GUEST_83a9e151-6b35-4936-a482-678509294502?wid=1200&hei=1200&qlt=85 | https://target.scene7.com/is/image/Target/GUEST_aab90956-ca1a-4b1e-92a2-4d9c358dcfea?wid=1200&hei=1200&qlt=85 | https://target.scene7.com/is/image/Target/GUEST_8d75a0b8-3b22-4598-84c0-3bb705c9853c?wid=1200&hei=1200&qlt=85 | https://target.scene7.com/is/image/Target/GUEST_2bf2a731-4b19-4d73-982f-75497849a7dd?wid=1200&hei=1200&qlt=85,Premium PU Leather; Lightweight; Adjustable Strap & Tassel; Spacious & Organized,,Leather,"{""H"": ""7.67"", ""W"": ""5.31"", ""D"": ""9.84""}",7.67 inches (H) x 5.31 inches (W) x 9.84 inches (D),Unstructured,Multiple Compartments,Multiple Compartments,Zip Closure,Single handle,Novelty,Do Not Wash,imported,316706590326,,"{""Dimensions (Overall)"": ""7.67 inches (H) x 5.31 inches (W) x 9.84 inches (D)"", ""Shell Material"": ""Leather"", ""Bag Structure"": ""Unstructured"", ""Interior Features"": ""Multiple Compartments"", ""Exterior Features"": ""Multiple Compartments"", ""Main Compartment Closure"": ""Zip Closure"", ""Handle Type"": ""Single handle"", ""Fabric Name"": ""Novelty"", ""Care & Cleaning"": ""Do Not Wash"", ""TCIN"": ""1009149987"", ""UPC"": ""316706590326"", ""Origin"": ""imported""}",True,2026-02-23T00:42:02.789672
1009136005,Narwey Bags Vegan Leather Crossbody Bag Guitar Strap Shoulder Purses,https://www.target.com/p/narwey-bags-vegan-leather-crossbody-bag-guitar-strap-shoulder-purses/-/A-1009136005#lnk=sametab,Narwey,"Target > Clothing, Shoes & Accessories > Accessories > Handbags & Purses > Shoulder Bags",Shoulder Bags,41.99,49.99,16.0,True,0.0,0,,False,,,https://target.scene7.com/is/image/Target/GUEST_aa50286b-4082-4ed9-b6fb-6f2265c953d0?wid=1200&hei=1200&qlt=85 | https://target.scene7.com/is/image/Target/GUEST_0f5ba360-2179-4216-9099-a7428d7bf360?wid=1200&hei=1200&qlt=85 | https://target.scene7.com/is/image/Target/GUEST_032cf29d-076c-4256-8d06-a3c11eaf8248?wid=1200&hei=1200&qlt=85 | https://target.scene7.com/is/image/Target/GUEST_e386560d-b6c1-4c9f-9acc-7ef69eb46edd?wid=1200&hei=1200&qlt=85 | https://target.scene7.com/is/image/Target/GUEST_5d21877f-c9c6-4b26-b5a3-e5baa388ec91?wid=1200&hei=1200&qlt=85,【Chic & Stylish】; 【Large Capacity】; 【Quality Material】; 【Multiple Occasions】,,20% Recycled Nylon,"{""H"": ""10.23"", ""W"": ""4.72"", ""D"": ""12.59""}",10.23 inches (H) x 4.72 inches (W) x 12.59 inches (D),Lightweight,Multiple Compartments,No Compartments or Pockets,Zip Closure,Single handle,Novelty,Do Not Wash,imported,718201698123,,"{""Dimensions (Overall)"": ""10.23 inches (H) x 4.72 inches (W) x 12.59 inches (D)"", ""Shell Material"": ""20% Recycled Nylon"", ""Bag Structure"": ""Lightweight"", ""Interior Features"": ""Multiple Compartments"", ""Exterior Features"": ""No Compartments or Pockets"", ""Main Compartment Closure"": ""Zip Closure"", ""Handle Type"": ""Single handle"", ""Fabric Name"": ""Novelty"", ""Care & Cleaning"": ""Do Not Wash"", ""TCIN"": ""1009136005"", ""UPC"": ""718201698123"", ""Origin"": ""imported""}",True,2026-02-23T00:42:02.789672
1007936502,Purses for Women Soft Leather Hobo Handbags Quilted Crossbody Bag Bucket Purse Solid-nude-12 inch 15*6*11.5,https://www.target.com/p/purses-for-women-soft-leather-hobo-handbags-quilted-crossbody-bag-bucket-purse/-/A-1007936502?preselect=1007936504#lnk=sametab,Empire DigiLabs,"Target > Clothing, Shoes & Accessories > Accessories > Handbags & Purses",Handbags & Purses,119.97,239.94,50.0,True,0.0,0,,False,size15*6*11.5,,https://target.scene7.com/is/image/Target/GUEST_ea5266a6-7bbb-4120-bb6c-891c8e20053e?wid=1200&hei=1200&qlt=85 | https://target.scene7.com/is/image/Target/GUEST_20f5e1e4-5a34-4164-bdcd-6a60fe81a68f?wid=1200&hei=1200&qlt=85 | https://target.scene7.com/is/image/Target/GUEST_c4f413c0-43ef-4a12-8611-1fd773c0a662?wid=1200&hei=1200&qlt=85 | https://target.scene7.com/is/image/Target/GUEST_2aa61e76-cefa-4ec2-b5e1-1362ad55c5c3?wid=1200&hei=1200&qlt=85 | https://target.scene7.com/is/image/Target/GUEST_287bea1a-571b-4d2c-b5b9-2c1c7c24059e?wid=1200&hei=1200&qlt=85,,,Leather,"{""H"": ""11.5"", ""W"": ""15"", ""D"": ""6""}",11.5 inches (H) x 15 inches (W) x 6 inches (D),Structured,Multiple Compartments,Adjustable Shoulder Strap,Zip Closure,Top Carrying Handle,Faux Leather,Spot or Wipe Clean,imported,661309841819,,"{""Dimensions (Overall)"": ""11.5 inches (H) x 15 inches (W) x 6 inches (D)"", ""Shell Material"": ""Leather"", ""Bag Structure"": ""Structured"", ""Interior Features"": ""Multiple Compartments"", ""Exterior Features"": ""Adjustable Shoulder Strap"", ""Main Compartment Closure"": ""Zip Closure"", ""Handle Type"": ""Top Carrying Handle"", ""Fabric Name"": ""Faux Leather"", ""Care & Cleaning"": ""Spot or Wipe Clean"", ""TCIN"": ""1007936504"", ""UPC"": ""661309841819"", ""Origin"": ""imported""}",True,2026-02-23T00:42:02.789672
1009302387,Narwey Tote Handbags for Women Black Hobo Handbags Purse and Handbags Shoulder Crossbody,https://www.target.com/p/narwey-tote-handbags-for-women-black-hobo-handbags-purse-and-handbags-shoulder-crossbody/-/A-1009302387#lnk=sametab,Narwey,"Target > Clothing, Shoes & Accessories > Accessories > Handbags & Purses > Shoulder Bags",Shoulder Bags,62.99,69.99,10.0,True,0.0,0,,False,,,https://target.scene7.com/is/image/Target/GUEST_39d18485-993c-42d4-85e3-3670b7b26224?wid=1200&hei=1200&qlt=85 | https://target.scene7.com/is/image/Target/GUEST_e103bedc-fd2c-411f-a7f8-1b80bdd7d2e9?wid=1200&hei=1200&qlt=85 | https://target.scene7.com/is/image/Target/GUEST_6af59842-444f-4e1b-a957-0ebb68116f5d?wid=1200&hei=1200&qlt=85 | https://target.scene7.com/is/image/Target/GUEST_88f7f404-6e85-460d-91b4-de79f5ac9765?wid=1200&hei=1200&qlt=85 | https://target.scene7.com/is/image/Target/GUEST_953fbc32-8be1-4336-9be7-91e5ec1ead68?wid=1200&hei=1200&qlt=85,Large Purses for Women; Multiple Ways to Use; Includes a Coin Purse; Stylish Handbags for Women,,20% Recycled Polyester,"{""H"": ""17.3"", ""W"": ""6.2"", ""D"": ""12.5""}",17.3 inches (H) x 6.2 inches (W) x 12.5 inches (D),Dome,Multiple Compartments,Multiple Compartments,Zip Closure,Adjustable Shoulder Strap,1 x 1 Rib,Do Not Wash,imported,878746121811,,"{""Dimensions (Overall)"": ""17.3 inches (H) x 6.2 inches (W) x 12.5 inches (D)"", ""Shell Material"": ""20% Recycled Polyester"", ""Bag Structure"": ""Dome"", ""Interior Features"": ""Multiple Compartments"", ""Exterior Features"": ""Multiple Compartments"", ""Main Compartment Closure"": ""Zip Closure"", ""Handle Type"": ""Adjustable Shoulder Strap"", ""Fabric Name"": ""1 x 1 Rib"", ""Care & Cleaning"": ""Do Not Wash"", ""TCIN"": ""1009302387"", ""UPC"": ""878746121811"", ""Origin"": ""imported""}",True,2026-02-23T00:42:02.789672
1009443354,Narwey Clear Tote Bag Stadium Events Transparent Clear Purse for Women,https://www.target.com/p/narwey-clear-tote-bag-stadium-events-transparent-clear-purse-for-women/-/A-1009443354#lnk=sametab,Narwey,"Target > Clothing, Shoes & Accessories > Accessories > Handbags & Purses > Shoulder Bags",Shoulder Bags,49.99,69.99,28.6,True,0.0,0,,False,,,https://target.scene7.com/is/image/Target/GUEST_aca5a9c8-b2a0-4788-b88d-a1c603e632ea?wid=1200&hei=1200&qlt=85 | https://target.scene7.com/is/image/Target/GUEST_be22052a-1d67-4256-9e82-3fba2b7db801?wid=1200&hei=1200&qlt=85 | https://target.scene7.com/is/image/Target/GUEST_c89a0894-ab6c-45c4-bdfa-9252205abb08?wid=1200&hei=1200&qlt=85 | https://target.scene7.com/is/image/Target/GUEST_46920c0e-37cf-4116-9031-170878ec32a9?wid=1200&hei=1200&qlt=85 | https://target.scene7.com/is/image/Target/GUEST_1d80ba8a-027e-4feb-b5a9-276e94efb1d1?wid=1200&hei=1200&qlt=85,Clear Bag Stadium Approved; Premium Transparent PVC Material; Design with a spacious main compartment; Multi-way for Carrying,,PVC (Polyvinyl Chloride),"{""H"": ""5.1"", ""W"": ""9.1"", ""D"": ""11.8""}",5.1 inches (H) x 9.1 inches (W) x 11.8 inches (D),Lightweight,No Compartments or Pockets,No Compartments or Pockets,Zip Closure,Shoulder Strap,1 x 1 Rib,Spot or Wipe Clean,imported,163518697190,,"{""Dimensions (Overall)"": ""5.1 inches (H) x 9.1 inches (W) x 11.8 inches (D)"", ""Shell Material"": ""PVC (Polyvinyl Chloride)"", ""Bag Structure"": ""Lightweight"", ""Interior Features"": ""No Compartments or Pockets"", ""Exterior Features"": ""No Compartments or Pockets"", ""Main Compartment Closure"": ""Zip Closure"", ""Handle Type"": ""Shoulder Strap"", ""Fabric Name"": ""1 x 1 Rib"", ""Care & Cleaning"": ""Spot or Wipe Clean"", ""TCIN"": ""1009443354"", ""UPC"": ""163518697190"", ""Origin"": ""imported""}",True,2026-02-23T00:42:02.789672
1008459901,"Bow Evening Bag Sparkly Clutch Purses for Women Wedding Glitter Rhinestone Party Prom Purse Dressy Pink 8.8"" x 2"" x 3.9""",https://www.target.com/p/bow-evening-bag-sparkly-clutch-purses-for-women-wedding-glitter-rhinestone-party-prom-purse-dressy/-/A-1008459901?preselect=1008459904#lnk=sametab,Empire DigiLabs,"Target > Clothing, Shoes & Accessories > Accessories > Handbags & Purses > Clutches",Clutches,56.97,113.94,50.0,True,0.0,0,,False,"size8.8"" x 2"" x 3.9""",,https://target.scene7.com/is/image/Target/GUEST_59f0b3c5-bc72-497c-807b-7087e3a59d7c?wid=1200&hei=1200&qlt=85 | https://target.scene7.com/is/image/Target/GUEST_acdc77db-4ff5-422b-a38d-b7ba5efa7e28?wid=1200&hei=1200&qlt=85 | https://target.scene7.com/is/image/Target/GUEST_640df479-4463-47d6-b8b4-61a2ed71372b?wid=1200&hei=1200&qlt=85 | https://target.scene7.com/is/image/Target/GUEST_1e965980-c9d2-44c9-abaf-05626a60ba97?wid=1200&hei=1200&qlt=85 | https://target.scene7.com/is/image/Target/GUEST_d159d761-042c-49e8-a991-f8faadab19f0?wid=1200&hei=1200&qlt=85,,,Nylon,"{""H"": ""3.9"", ""W"": ""8.8"", ""D"": ""2""}",3.9 inches (H) x 8.8 inches (W) x 2 inches (D),Structured,Multiple Compartments,Detachable Straps,Snap closure,No Handles or Straps,Novelty,Spot or Wipe Clean,imported,661309791923,,"{""Dimensions (Overall)"": ""3.9 inches (H) x 8.8 inches (W) x 2 inches (D)"", ""Shell Material"": ""Nylon"", ""Bag Structure"": ""Structured"", ""Interior Features"": ""Multiple Compartments"", ""Exterior Features"": ""Detachable Straps"", ""Main Compartment Closure"": ""Snap closure"", ""Handle Type"": ""No Handles or Straps"", ""Fabric Name"": ""Novelty"", ""Care & Cleaning"": ""Spot or Wipe Clean"", ""TCIN"": ""1008459904"", ""UPC"": ""661309791923"", ""Origin"": ""imported""}",True,2026-02-23T00:42:02.789672
1009297864,Narwey Purses for Women Pocketbooks Soft PU Leather Ladies Crossbody Purse,https://www.target.com/p/narwey-purses-for-women-pocketbooks-soft-pu-leather-ladies-crossbody-purse/-/A-1009297864#lnk=sametab,Narwey,"Target > Clothing, Shoes & Accessories > Accessories > Handbags & Purses > Crossbody & Messenger Bags",Crossbody & Messenger Bags,51.99,65.99,21.2,True,0.0,0,,False,,,https://target.scene7.com/is/image/Target/GUEST_0b830afb-9709-408a-b055-6de815a11750?wid=1200&hei=1200&qlt=85 | https://target.scene7.com/is/image/Target/GUEST_0b7f6e1c-d03e-441c-b869-3850e08b2955?wid=1200&hei=1200&qlt=85 | https://target.scene7.com/is/image/Target/GUEST_43cffa7d-f5a5-4d62-94b5-2613f241ba7f?wid=1200&hei=1200&qlt=85 | https://target.scene7.com/is/image/Target/GUEST_059fe525-f0c5-4741-87c4-30de8c58c191?wid=1200&hei=1200&qlt=85 | https://target.scene7.com/is/image/Target/GUEST_e0621ec4-be0a-4e17-bf5b-df1b080bd321?wid=1200&hei=1200&qlt=85,"Material; Trendy & Fashionable; Size:10.6""L*9.4""H*4.7''W/27*24*12CM.Weight; Perfect for all occation",,Leather,"{""H"": ""4.7"", ""W"": ""7.8"", ""D"": ""10.6""}",4.7 inches (H) x 7.8 inches (W) x 10.6 inches (D),Lightweight,Multiple Compartments,Zip Pocket,Zip Closure,Shoulder Strap,1 x 1 Rib,Shake Clean,imported,310907652494,,"{""Dimensions (Overall)"": ""4.7 inches (H) x 7.8 inches (W) x 10.6 inches (D)"", ""Shell Material"": ""Leather"", ""Bag Structure"": ""Lightweight"", ""Interior Features"": ""Multiple Compartments"", ""Exterior Features"": ""Zip Pocket"", ""Main Compartment Closure"": ""Zip Closure"", ""Handle Type"": ""Shoulder Strap"", ""Fabric Name"": ""1 x 1 Rib"", ""Care & Cleaning"": ""Shake Clean"", ""TCIN"": ""1009297864"", ""UPC"": ""310907652494"", ""Origin"": ""imported""}",True,2026-02-23T00:42:02.789672
1009277082,Narwey Sparkly Diamond Evening Bag Clutch Purses for Women Rhinestone Purse,https://www.target.com/p/narwey-sparkly-diamond-evening-bag-clutch-purses-for-women-rhinestone-purse/-/A-1009277082#lnk=sametab,Narwey,"Target > Clothing, Shoes & Accessories > Accessories > Handbags & Purses > Shoulder Bags",Shoulder Bags,66.99,79.99,16.3,True,0.0,0,,False,,,https://target.scene7.com/is/image/Target/GUEST_9f47ab14-7c44-4cb3-b8b8-9f42b986e3bd?wid=1200&hei=1200&qlt=85 | https://target.scene7.com/is/image/Target/GUEST_39c4da94-5afc-4b1a-aad1-e655de6bfd37?wid=1200&hei=1200&qlt=85 | https://target.scene7.com/is/image/Target/GUEST_11bb26f1-2d82-496a-a33b-e545556fc9c0?wid=1200&hei=1200&qlt=85 | https://target.scene7.com/is/image/Target/GUEST_ffe22e4f-1594-4ef0-8a33-7adee80efb9f?wid=1200&hei=1200&qlt=85 | https://target.scene7.com/is/image/Target/GUEST_d609631f-5fe8-4901-b6aa-85f692326a30?wid=1200&hei=1200&qlt=85,FEATURES; 3-in-1 STYLE; CAPACITY; OCCASION,,Polyester,"{""H"": ""4.3"", ""W"": ""5.9"", ""D"": ""6.7""}",4.3 inches (H) x 5.9 inches (W) x 6.7 inches (D),Lightweight,Multiple Compartments,No Compartments or Pockets,Drawstring Closure,Single handle,1 x 1 Rib,Dry Clean,imported,653056260289,,"{""Dimensions (Overall)"": ""4.3 inches (H) x 5.9 inches (W) x 6.7 inches (D)"", ""Shell Material"": ""Polyester"", ""Bag Structure"": ""Lightweight"", ""Interior Features"": ""Multiple Compartments"", ""Exterior Features"": ""No Compartments or Pockets"", ""Main Compartment Closure"": ""Drawstring Closure"", ""Handle Type"": ""Single handle"", ""Fabric Name"": ""1 x 1 Rib"", ""Care & Cleaning"": ""Dry Clean"", ""TCIN"": ""1009277082"", ""UPC"": ""653056260289"", ""Origin"": ""imported""}",True,2026-02-23T00:42:02.789672
1007939900,"Clutch Purses for Women PU Leather Evening Clutch Bag Fashion Handbags with Chain Light Gold 11.8"" x 7.2"" x 1.9""",https://www.target.com/p/clutch-purses-for-women-pu-leather-evening-clutch-bag-fashion-handbags-with-chain/-/A-1007939900?preselect=1007939903#lnk=sametab,Empire DigiLabs,"Target > Clothing, Shoes & Accessories > Accessories > Handbags & Purses > Clutches",Clutches,77.97,155.94,50.0,True,0.0,0,,False,"size11.8"" x 7.2"" x 1.9""",,https://target.scene7.com/is/image/Target/GUEST_843c3230-90b5-4f3b-a760-f79d5b4a33b3?wid=1200&hei=1200&qlt=85 | https://target.scene7.com/is/image/Target/GUEST_e33f34c3-f60c-47c8-a451-dd161613e517?wid=1200&hei=1200&qlt=85 | https://target.scene7.com/is/image/Target/GUEST_2c9ed25a-87de-4c82-8e1c-c3afa16ca3e6?wid=1200&hei=1200&qlt=85 | https://target.scene7.com/is/image/Target/GUEST_f3b2453c-5a22-434e-a7b7-4e490ffd62f3?wid=1200&hei=1200&qlt=85 | https://target.scene7.com/is/image/Target/GUEST_793a29a7-dfac-44f5-9aad-15e1f3c7bda5?wid=1200&hei=1200&qlt=85,,,Leather,"{""H"": ""7.2"", ""W"": ""11.8"", ""D"": ""1.9""}",7.2 inches (H) x 11.8 inches (W) x 1.9 inches (D),Structured,Multiple Compartments,Detachable Straps,Magnetic Closure,Top Carrying Handle,Faux Leather,Spot or Wipe Clean,imported,661309842595,,"{""Dimensions (Overall)"": ""7.2 inches (H) x 11.8 inches (W) x 1.9 inches (D)"", ""Shell Material"": ""Leather"", ""Bag Structure"": ""Structured"", ""Interior Features"": ""Multiple Compartments"", ""Exterior Features"": ""Detachable Straps"", ""Main Compartment Closure"": ""Magnetic Closure"", ""Handle Type"": ""Top Carrying Handle"", ""Fabric Name"": ""Faux Leather"", ""Care & Cleaning"": ""Spot or Wipe Clean"", ""TCIN"": ""1007939903"", ""UPC"": ""661309842595"", ""Origin"": ""imported""}",True,2026-02-23T00:42:02.789672
1009318667,"Narwey Red Purse for Women, Y2K Trendy Shoulder Bag Cherry Purses, Leather Hobo Bags Cute Bow Coquette Bag",https://www.target.com/p/narwey-red-purse-for-women-y2k-trendy-shoulder-bag-cherry-purses-leather-hobo-bags-cute-bow-coquette-bag/-/A-1009318667#lnk=sametab,Narwey,"Target > Clothing, Shoes & Accessories > Accessories > Handbags & Purses > Shoulder Bags",Shoulder Bags,41.99,53.99,22.2,True,0.0,0,,False,,,https://target.scene7.com/is/image/Target/GUEST_e5f1b140-805c-44e2-99f4-da05c70464dd?wid=1200&hei=1200&qlt=85 | https://target.scene7.com/is/image/Target/GUEST_b4702ea1-dd15-489a-9cd0-dca0c9505742?wid=1200&hei=1200&qlt=85 | https://target.scene7.com/is/image/Target/GUEST_fa7ef69a-f1fd-45d4-a867-7279192ec592?wid=1200&hei=1200&qlt=85 | https://target.scene7.com/is/image/Target/GUEST_6b773c93-d1d8-4f59-91bc-37383bc93535?wid=1200&hei=1200&qlt=85 | https://target.scene7.com/is/image/Target/GUEST_900966c8-e9ff-409a-94fd-f0464ac8d540?wid=1200&hei=1200&qlt=85,size; high-quality PU leathe; minimalist design,,Leather,"{""H"": ""4.3"", ""W"": ""2.4"", ""D"": ""10.6""}",4.3 inches (H) x 2.4 inches (W) x 10.6 inches (D),Lightweight,No Compartments or Pockets,No Compartments or Pockets,Zip Closure,No Handles or Straps,Novelty,Do Not Wash,imported,743998124326,,"{""Dimensions (Overall)"": ""4.3 inches (H) x 2.4 inches (W) x 10.6 inches (D)"", ""Shell Material"": ""Leather"", ""Bag Structure"": ""Lightweight"", ""Interior Features"": ""No Compartments or Pockets"", ""Exterior Features"": ""No Compartments or Pockets"", ""Main Compartment Closure"": ""Zip Closure"", ""Handle Type"": ""No Handles or Straps"", ""Fabric Name"": ""Novelty"", ""Care & Cleaning"": ""Do Not Wash"", ""TCIN"": ""1009318667"", ""UPC"": ""743998124326"", ""Origin"": ""imported""}",True,2026-02-23T00:42:02.789672
1006085469,YOUZEY Cloud 9 Puffer Crossbody Purse Bag - Baby Blue,https://www.target.com/p/youzey-cloud-9-puffer-crossbody-purse-bag-baby-blue/-/A-1006085469#lnk=sametab,YOUZEY,"Target > Clothing, Shoes & Accessories > Accessories > Handbags & Purses > Shoulder Bags",Shoulder Bags,34.99,0.0,0.0,False,0.0,0,,False,,,https://target.scene7.com/is/image/Target/GUEST_4b0e9d30-527a-4a58-9b5e-6c09b75251e9?wid=1200&hei=1200&qlt=85 | https://target.scene7.com/is/image/Target/GUEST_f1f48668-19d8-450f-9fbf-f2527d686597?wid=1200&hei=1200&qlt=85 | https://target.scene7.com/is/image/Target/GUEST_c45d97c6-4431-4603-932a-3c017f1f2414?wid=1200&hei=1200&qlt=85 | https://target.scene7.com/is/image/Target/GUEST_a40b4132-2fb3-4c84-b8a8-c7c643ec9c79?wid=1200&hei=1200&qlt=85 | https://target.scene7.com/is/image/Target/GUEST_d71b4289-cc20-4b30-9550-c62d79a0c3e9?wid=1200&hei=1200&qlt=85,,,Polyester,"{""H"": ""18"", ""W"": ""12"", ""D"": ""4""}",18 inches (H) x 12 inches (W) x 4 inches (D),Softside,No Compartments or Pockets,No Compartments or Pockets,Zip Closure,Shoulder Strap,Quilted,Spot or Wipe Clean,Imported,810171100979,,"{""Dimensions (Overall)"": ""18 inches (H) x 12 inches (W) x 4 inches (D)"", ""Shell Material"": ""Polyester"", ""Bag Structure"": ""Softside"", ""Interior Features"": ""No Compartments or Pockets"", ""Exterior Features"": ""No Compartments or Pockets"", ""Main Compartment Closure"": ""Zip Closure"", ""Handle Type"": ""Shoulder Strap"", ""Fabric Name"": ""Quilted"", ""Care & Cleaning"": ""Spot or Wipe Clean"", ""TCIN"": ""1006085469"", ""UPC"": ""810171100979"", ""Origin"": ""Imported""}",True,2026-02-23T00:42:02.789672
1009142756,"Narwey Clear Bag for Stadium Events, Clear Crossbody Bag, Small Transparent Purses",https://www.target.com/p/narwey-clear-bag-for-stadium-events-clear-crossbody-bag-small-transparent-purses/-/A-1009142756#lnk=sametab,Narwey,"Target > Clothing, Shoes & Accessories > Accessories > Handbags & Purses > Crossbody & Messenger Bags",Crossbody & Messenger Bags,40.99,50.99,19.6,True,0.0,0,,False,,,https://target.scene7.com/is/image/Target/GUEST_728b627d-aaa6-4f4c-867e-4e06befceb9f?wid=1200&hei=1200&qlt=85 | https://target.scene7.com/is/image/Target/GUEST_0504f93e-a23e-4c6b-8991-5543bb568e2c?wid=1200&hei=1200&qlt=85 | https://target.scene7.com/is/image/Target/GUEST_abd80e63-2c04-4541-be35-8cc6cfe0bc57?wid=1200&hei=1200&qlt=85 | https://target.scene7.com/is/image/Target/GUEST_27d40f9d-5d4b-4233-97cb-5a2fe7d1f96b?wid=1200&hei=1200&qlt=85 | https://target.scene7.com/is/image/Target/GUEST_0cf1b8ce-1ae9-4dbf-b8af-df31d28db32c?wid=1200&hei=1200&qlt=85,Clear Bag Stadium Approved; Lightweight & Functional; Hands Free; Multi Ways to Carry,,20% Recycled Nylon,"{""H"": ""10.62"", ""W"": ""1.96"", ""D"": ""6.29""}",10.62 inches (H) x 1.96 inches (W) x 6.29 inches (D),Unstructured,No Compartments or Pockets,Multiple Compartments,Zip Closure,Single handle,Novelty,Do Not Wash,imported,916867305809,,"{""Dimensions (Overall)"": ""10.62 inches (H) x 1.96 inches (W) x 6.29 inches (D)"", ""Shell Material"": ""20% Recycled Nylon"", ""Bag Structure"": ""Unstructured"", ""Interior Features"": ""No Compartments or Pockets"", ""Exterior Features"": ""Multiple Compartments"", ""Main Compartment Closure"": ""Zip Closure"", ""Handle Type"": ""Single handle"", ""Fabric Name"": ""Novelty"", ""Care & Cleaning"": ""Do Not Wash"", ""TCIN"": ""1009142756"", ""UPC"": ""916867305809"", ""Origin"": ""imported""}",True,2026-02-23T00:42:02.789672
1009339325,Narwey Small Crossbody Bags for Women PU Leather Cell Phone Purse Wallet with Adjustable Guitar Strap,https://www.target.com/p/narwey-small-crossbody-bags-for-women-pu-leather-cell-phone-purse-wallet-with-adjustable-guitar-strap/-/A-1009339325#lnk=sametab,Narwey,"Target > Clothing, Shoes & Accessories > Accessories > Handbags & Purses > Shoulder Bags",Shoulder Bags,33.99,39.99,15.0,True,0.0,0,,False,,,https://target.scene7.com/is/image/Target/GUEST_d5fb4575-9d33-4da4-ad81-091ac5a77e1d?wid=1200&hei=1200&qlt=85 | https://target.scene7.com/is/image/Target/GUEST_1452b4a4-9bf8-4a21-87f5-9e7213b69a33?wid=1200&hei=1200&qlt=85 | https://target.scene7.com/is/image/Target/GUEST_449d90de-c4ba-4227-8f75-5c3731eb6230?wid=1200&hei=1200&qlt=85 | https://target.scene7.com/is/image/Target/GUEST_1cbe0ca8-ab08-4658-82e5-b00985e7dc2e?wid=1200&hei=1200&qlt=85 | https://target.scene7.com/is/image/Target/GUEST_b464088b-a5ed-41ca-8f0b-d44fe4dafe8d?wid=1200&hei=1200&qlt=85,Premium Materials; Spacious Yet Compact; Widely applicable; Unique Design,,TPU (Thermoplastic Polyurethane),"{""H"": ""5.9"", ""W"": ""1.96"", ""D"": ""8.46""}",5.9 inches (H) x 1.96 inches (W) x 8.46 inches (D),Dome,Multiple Compartments,Padded Laptop Compartment,Zip Closure,Carrying Handle,2 x 2 Rib,Do Not Wash,imported,392783376664,,"{""Dimensions (Overall)"": ""5.9 inches (H) x 1.96 inches (W) x 8.46 inches (D)"", ""Shell Material"": ""TPU (Thermoplastic Polyurethane)"", ""Bag Structure"": ""Dome"", ""Interior Features"": ""Multiple Compartments"", ""Exterior Features"": ""Padded Laptop Compartment"", ""Main Compartment Closure"": ""Zip Closure"", ""Handle Type"": ""Carrying Handle"", ""Fabric Name"": ""2 x 2 Rib"", ""Care & Cleaning"": ""Do Not Wash"", ""TCIN"": ""1009339325"", ""UPC"": ""392783376664"", ""Origin"": ""imported""}",True,2026-02-23T00:42:02.789672
1009325053,"Narwey Laptop Bag for Women, Stylish Diamond Quilted Work Tote with Clutch Purse, 15.6-inch Purple Tote",https://www.target.com/p/narwey-laptop-bag-for-women-stylish-diamond-quilted-work-tote-with-clutch-purse-15-6-inch-purple-tote/-/A-1009325053#lnk=sametab,Narwey,"Target > Clothing, Shoes & Accessories > Accessories > Handbags & Purses > Shoulder Bags",Shoulder Bags,71.39,82.56,13.5,True,0.0,0,,False,,,https://target.scene7.com/is/image/Target/GUEST_94aa640f-93c4-4eb9-862d-696ede7ae496?wid=1200&hei=1200&qlt=85 | https://target.scene7.com/is/image/Target/GUEST_23570c39-07be-4a6b-b599-61e94deff60f?wid=1200&hei=1200&qlt=85 | https://target.scene7.com/is/image/Target/GUEST_151bc4ae-3f61-43e3-997e-2e3d26edbfd3?wid=1200&hei=1200&qlt=85 | https://target.scene7.com/is/image/Target/GUEST_0e478e1e-e643-4703-912a-a050238065a5?wid=1200&hei=1200&qlt=85 | https://target.scene7.com/is/image/Target/GUEST_926a4460-8abd-4de2-9ff2-b425c0843e84?wid=1200&hei=1200&qlt=85,Quilted Laptop Tote Bag for Women; Professional Work Tote Bags for Women; Great Travel Tote Bags for Women,,Polyester,"{""H"": ""12"", ""W"": ""15"", ""D"": ""6.5""}",12 inches (H) x 15 inches (W) x 6.5 inches (D),Lightweight,No Compartments or Pockets,No Compartments or Pockets,Zip Closure,No Handles or Straps,Novelty,Do Not Wash,imported,124526114789,,"{""Dimensions (Overall)"": ""12 inches (H) x 15 inches (W) x 6.5 inches (D)"", ""Shell Material"": ""Polyester"", ""Bag Structure"": ""Lightweight"", ""Interior Features"": ""No Compartments or Pockets"", ""Exterior Features"": ""No Compartments or Pockets"", ""Main Compartment Closure"": ""Zip Closure"", ""Handle Type"": ""No Handles or Straps"", ""Fabric Name"": ""Novelty"", ""Care & Cleaning"": ""Do Not Wash"", ""TCIN"": ""1009325053"", ""UPC"": ""124526114789"", ""Origin"": ""imported""}",True,2026-02-23T00:42:02.789672
1009325443,"Narwey Clear Bag Stadium Approved with Front Pocket,Clear Crossbody Purse Bag for Women Men",https://www.target.com/p/narwey-clear-bag-stadium-approved-with-front-pocket-clear-crossbody-purse-bag-for-women-men/-/A-1009325443#lnk=sametab,Narwey,"Target > Clothing, Shoes & Accessories > Accessories > Handbags & Purses",Handbags & Purses,27.29,45.99,40.7,True,0.0,0,,False,,,https://target.scene7.com/is/image/Target/GUEST_0cccac55-a5b4-4f12-8110-6c480c06ce2f?wid=1200&hei=1200&qlt=85 | https://target.scene7.com/is/image/Target/GUEST_008bf935-84e1-4dd2-81ce-0eb6771a90f9?wid=1200&hei=1200&qlt=85 | https://target.scene7.com/is/image/Target/GUEST_076a03de-b40d-4d67-b31e-1627cc1da6e0?wid=1200&hei=1200&qlt=85 | https://target.scene7.com/is/image/Target/GUEST_4cf74188-5978-4fec-bad7-345fac3477aa?wid=1200&hei=1200&qlt=85 | https://target.scene7.com/is/image/Target/GUEST_ee1a5f35-33f8-4828-a5f6-c3fc01de9527?wid=1200&hei=1200&qlt=85,Stadium Approved; Smooth Security Checks; Dual-Zipper Storag; Left-Right Carrying,,PVC (Polyvinyl Chloride),"{""H"": ""1.5"", ""W"": ""10.5"", ""D"": ""6.5""}",1.5 inches (H) x 10.5 inches (W) x 6.5 inches (D),Lightweight,No Compartments or Pockets,No Compartments or Pockets,Zip Closure,No Handles or Straps,Novelty,Do Not Wash,imported,124526114796,,"{""Dimensions (Overall)"": ""1.5 inches (H) x 10.5 inches (W) x 6.5 inches (D)"", ""Shell Material"": ""PVC (Polyvinyl Chloride)"", ""Bag Structure"": ""Lightweight"", ""Interior Features"": ""No Compartments or Pockets"", ""Exterior Features"": ""No Compartments or Pockets"", ""Main Compartment Closure"": ""Zip Closure"", ""Handle Type"": ""No Handles or Straps"", ""Fabric Name"": ""Novelty"", ""Care & Cleaning"": ""Do Not Wash"", ""TCIN"": ""1009325443"", ""UPC"": ""124526114796"", ""Origin"": ""imported""}",True,2026-02-23T00:42:02.789672
1009347902,Narwey Clear Purses For Women Acrylic Clear Clutch Bag Stadium Approved (transparent),https://www.target.com/p/narwey-clear-purses-for-women-acrylic-clear-clutch-bag-stadium-approved-transparent/-/A-1009347902#lnk=sametab,Narwey,"Target > Clothing, Shoes & Accessories > Accessories > Handbags & Purses > Shoulder Bags",Shoulder Bags,37.79,48.99,22.9,True,0.0,0,,False,,,https://target.scene7.com/is/image/Target/GUEST_4ed39a3b-83b0-4dd3-ae84-a800518666d8?wid=1200&hei=1200&qlt=85 | https://target.scene7.com/is/image/Target/GUEST_9015f86d-3fad-4ee9-9818-9efde6d7daca?wid=1200&hei=1200&qlt=85 | https://target.scene7.com/is/image/Target/GUEST_639ebf3a-cbf2-48fe-b180-999ca82fc9b0?wid=1200&hei=1200&qlt=85 | https://target.scene7.com/is/image/Target/GUEST_f441cbcb-6c9e-4457-b2be-10f23e667d4c?wid=1200&hei=1200&qlt=85 | https://target.scene7.com/is/image/Target/GUEST_89d7da25-706a-4ccb-909e-1cfdb03b6e00?wid=1200&hei=1200&qlt=85,Acrylic clutch for every occasion; Portable specs; Easy to match; Material; Cute style,,PVC (Polyvinyl Chloride),"{""H"": ""4"", ""W"": ""24"", ""D"": ""7""}",4 inches (H) x 24 inches (W) x 7 inches (D),Lightweight,No Compartments or Pockets,No Compartments or Pockets,Zip Closure,No Handles or Straps,Novelty,Do Not Wash,imported,124921334607,,"{""Dimensions (Overall)"": ""4 inches (H) x 24 inches (W) x 7 inches (D)"", ""Shell Material"": ""PVC (Polyvinyl Chloride)"", ""Bag Structure"": ""Lightweight"", ""Interior Features"": ""No Compartments or Pockets"", ""Exterior Features"": ""No Compartments or Pockets"", ""Main Compartment Closure"": ""Zip Closure"", ""Handle Type"": ""No Handles or Straps"", ""Fabric Name"": ""Novelty"", ""Care & Cleaning"": ""Do Not Wash"", ""TCIN"": ""1009347902"", ""UPC"": ""124921334607"", ""Origin"": ""imported""}",True,2026-02-23T00:42:02.789672
1009302828,Narwey Small Hobo Bags for Women Retro Crescent Coffee Shoulder Purse,https://www.target.com/p/narwey-small-hobo-bags-for-women-retro-crescent-coffee-shoulder-purse/-/A-1009302828#lnk=sametab,Narwey,"Target > Clothing, Shoes & Accessories > Accessories > Handbags & Purses > Shoulder Bags",Shoulder Bags,42.99,59.0,27.1,True,0.0,0,,False,,,https://target.scene7.com/is/image/Target/GUEST_bd9eb915-0a64-40d2-9ee8-804de09ced80?wid=1200&hei=1200&qlt=85 | https://target.scene7.com/is/image/Target/GUEST_8bfbcbbd-7d47-49b6-81fc-62b48534d5bd?wid=1200&hei=1200&qlt=85 | https://target.scene7.com/is/image/Target/GUEST_6b6ed6a3-33af-4511-abf7-a92c8977e222?wid=1200&hei=1200&qlt=85 | https://target.scene7.com/is/image/Target/GUEST_70162723-4e2a-44fe-bf66-b71f284e2af5?wid=1200&hei=1200&qlt=85 | https://target.scene7.com/is/image/Target/GUEST_73835427-bf01-47e2-aea5-5accfb8e7cf4?wid=1200&hei=1200&qlt=85,Soft Material; Small Size; Adjustable Strap; Occasions,,Leather,"{""H"": ""9.57"", ""W"": ""1.57"", ""D"": ""11.14""}",9.57 inches (H) x 1.57 inches (W) x 11.14 inches (D),Lightweight,Multiple Compartments,No Compartments or Pockets,Zip Closure,Shoulder Strap,1 x 1 Rib,Shake Clean,imported,665851184516,,"{""Dimensions (Overall)"": ""9.57 inches (H) x 1.57 inches (W) x 11.14 inches (D)"", ""Shell Material"": ""Leather"", ""Bag Structure"": ""Lightweight"", ""Interior Features"": ""Multiple Compartments"", ""Exterior Features"": ""No Compartments or Pockets"", ""Main Compartment Closure"": ""Zip Closure"", ""Handle Type"": ""Shoulder Strap"", ""Fabric Name"": ""1 x 1 Rib"", ""Care & Cleaning"": ""Shake Clean"", ""TCIN"": ""1009302828"", ""UPC"": ""665851184516"", ""Origin"": ""imported""}",True,2026-02-23T00:42:02.789672
1007901703,"Ultra Soft Foldable Vegan Leather Shoulder Handbag, Stylish Slouchy Tote Purses Brown 13"" x 3.93"" x 9.75""",https://www.target.com/p/ultra-soft-foldable-vegan-leather-shoulder-handbag-stylish-slouchy-tote-purses/-/A-1007901703?preselect=1007901704#lnk=sametab,Empire DigiLabs,"Target > Clothing, Shoes & Accessories > Accessories > Handbags & Purses > Shoulder Bags",Shoulder Bags,89.97,179.94,50.0,True,0.0,0,,False,"size13"" x 3.93"" x 9.75""",,https://target.scene7.com/is/image/Target/GUEST_c42e2e6d-2f65-43d7-a847-cef6660b3d5c?wid=1200&hei=1200&qlt=85 | https://target.scene7.com/is/image/Target/GUEST_5c78cadc-916c-4e60-9f36-5765fca9830e?wid=1200&hei=1200&qlt=85 | https://target.scene7.com/is/image/Target/GUEST_bfa6980e-5fe3-48a5-abde-946059c5a7fe?wid=1200&hei=1200&qlt=85 | https://target.scene7.com/is/image/Target/GUEST_197a2c37-12da-4e11-b5e1-e9d6c24b66e9?wid=1200&hei=1200&qlt=85 | https://target.scene7.com/is/image/Target/GUEST_31d58e7e-b2ea-4d84-9a0d-ffa8511a68c6?wid=1200&hei=1200&qlt=85,,,Leather,"{""H"": ""9.75"", ""W"": ""13"", ""D"": ""3.93""}",9.75 inches (H) x 13 inches (W) x 3.93 inches (D),Softside,Multiple Compartments,Adjustable Shoulder Strap,Zip Closure,Adjustable Shoulder Strap,Faux Leather,Spot or Wipe Clean,imported,661309873780,,"{""Dimensions (Overall)"": ""9.75 inches (H) x 13 inches (W) x 3.93 inches (D)"", ""Shell Material"": ""Leather"", ""Bag Structure"": ""Softside"", ""Interior Features"": ""Multiple Compartments"", ""Exterior Features"": ""Adjustable Shoulder Strap"", ""Main Compartment Closure"": ""Zip Closure"", ""Handle Type"": ""Adjustable Shoulder Strap"", ""Fabric Name"": ""Faux Leather"", ""Care & Cleaning"": ""Spot or Wipe Clean"", ""TCIN"": ""1007901704"", ""UPC"": ""661309873780"", ""Origin"": ""imported""}",True,2026-02-23T00:42:02.789672
1009254335,"Narwey Evening Bag for Women, Flower Wedding Evening Clutch Purse Bride Floral Clutch Bag (Light Pink)",https://www.target.com/p/narwey-evening-bag-for-women-flower-wedding-evening-clutch-purse-bride-floral-clutch-bag-light-pink/-/A-1009254335#lnk=sametab,Narwey,"Target > Clothing, Shoes & Accessories > Accessories > Handbags & Purses > Shoulder Bags",Shoulder Bags,47.99,54.99,12.7,True,0.0,0,,False,,,https://target.scene7.com/is/image/Target/GUEST_da1b219f-51e2-43c3-bdf8-3b1770ca78a5?wid=1200&hei=1200&qlt=85 | https://target.scene7.com/is/image/Target/GUEST_2e71d4f4-925e-4fd4-9fbf-5e848e9271e1?wid=1200&hei=1200&qlt=85 | https://target.scene7.com/is/image/Target/GUEST_f08add18-872f-4299-9d98-9877f562f0ac?wid=1200&hei=1200&qlt=85 | https://target.scene7.com/is/image/Target/GUEST_eb7615ba-b0b0-4245-8fcc-f48e14874fd3?wid=1200&hei=1200&qlt=85 | https://target.scene7.com/is/image/Target/GUEST_a7a3859a-649d-4d7e-a034-0fe964447a76?wid=1200&hei=1200&qlt=85,Elegant Brand Design; Suitable Occasion; Quality improvement; Easy Clean,,TPU (Thermoplastic Polyurethane),"{""H"": ""7.9"", ""W"": ""1.6"", ""D"": ""5.5""}",7.9 inches (H) x 1.6 inches (W) x 5.5 inches (D),Dome,Multiple Compartments,No Compartments or Pockets,Buckle Closure,No Handles or Straps,1 x 1 Rib,Rinse Clean,imported,831550217460,,"{""Dimensions (Overall)"": ""7.9 inches (H) x 1.6 inches (W) x 5.5 inches (D)"", ""Shell Material"": ""TPU (Thermoplastic Polyurethane)"", ""Bag Structure"": ""Dome"", ""Interior Features"": ""Multiple Compartments"", ""Exterior Features"": ""No Compartments or Pockets"", ""Main Compartment Closure"": ""Buckle Closure"", ""Handle Type"": ""No Handles or Straps"", ""Fabric Name"": ""1 x 1 Rib"", ""Care & Cleaning"": ""Rinse Clean"", ""TCIN"": ""1009254335"", ""UPC"": ""831550217460"", ""Origin"": ""imported""}",True,2026-02-23T00:42:52.901947
1008957841,JANSNO Small Black Vegan Leather Hobo Handbag for Women - Shoulder Purse with Zipper,https://www.target.com/p/jansno-small-vegan-leather-hobo-handbag-for-women-shoulder-purse-with-zipper/-/A-1008957841?preselect=1008957842#lnk=sametab,JANSNO,"Target > Clothing, Shoes & Accessories > Accessories > Handbags & Purses > Shoulder Bags",Shoulder Bags,38.97,121.9,68.0,True,0.0,0,,False,black,,https://target.scene7.com/is/image/Target/GUEST_eb2c934d-fad3-4e54-8467-dfcc80698c45?wid=1200&hei=1200&qlt=85 | https://target.scene7.com/is/image/Target/GUEST_a031914d-2c82-4ddf-b1a7-6d0632cea898?wid=1200&hei=1200&qlt=85 | https://target.scene7.com/is/image/Target/GUEST_c1405f6d-0909-4a75-9453-f310db8983c0?wid=1200&hei=1200&qlt=85 | https://target.scene7.com/is/image/Target/GUEST_51f915a2-9159-439d-b625-30be7d1cbabc?wid=1200&hei=1200&qlt=85 | https://target.scene7.com/is/image/Target/GUEST_e88c8d1d-156d-4e10-8115-9dfa4fa645a7?wid=1200&hei=1200&qlt=85 | https://target.scene7.com/is/image/Target/GUEST_1779351d-aca5-4605-8b04-5eb735b644e9?wid=1200&hei=1200&qlt=85,"Premium Vegan Leather Construction: Made from high-quality faux leather that is soft, waterproof, and resistant to everyday wear, offering a luxurious look while being eco-friendly and easy to maintain.; Compact but Functional Storage: Sized at 9.0"" L × 6.0"" H × 3.4"" W with a secure zippered main compartment and inner pocket to neatly store essentials like your phone, wallet, cards, and cosmetics.; Adjustable Knot Shoulder Strap: The stylish knot strap adjusts from 1.8"" to 17.7"" in drop length, allowing you to switch effortlessly between a handbag and a shoulder bag for versatile styling.; Elegant Minimalist Design: A classic hobo silhouette, clean lines, and gold-stamped logo create a timeless look that pairs beautifully with casual outfits or dressier ensembles.; Perfect Gift Choice: With its refined appearance, comfortable carry, and durable build, this handbag makes a thoughtful and stylish gift for birthdays, holidays, or special occasions.",,Faux Leather,"{""H"": ""6"", ""W"": ""9"", ""D"": ""3.35""}",6 inches (H) x 9 inches (W) x 3.35 inches (D),Lightweight,Zip Pocket,Adjustable Strap,Zip Closure,Adjustable Handle,Faux Leather,Spot or Wipe Clean,imported,746253082836,,"{""Dimensions (Overall)"": ""6 inches (H) x 9 inches (W) x 3.35 inches (D)"", ""Shell Material"": ""Faux Leather"", ""Bag Structure"": ""Lightweight"", ""Interior Features"": ""Zip Pocket"", ""Exterior Features"": ""Adjustable Strap"", ""Main Compartment Closure"": ""Zip Closure"", ""Handle Type"": ""Adjustable Handle"", ""Fabric Name"": ""Faux Leather"", ""Product Name"": ""Handbags"", ""Care & Cleaning"": ""Spot or Wipe Clean"", ""TCIN"": ""1008957842"", ""UPC"": ""746253082836"", ""Origin"": ""imported""}",True,2026-02-23T00:42:52.901947
94694068,FAO Schwarz Cliqs Plush Handbag Purse,https://www.target.com/p/fao-schwarz-cliqs-plush-handbag-purse/-/A-94694068#lnk=sametab,FAO Schwarz,"Target > Clothing, Shoes & Accessories > Accessories > Handbags & Purses",Handbags & Purses,14.99,0.0,0.0,False,4.6,12,,False,,,https://target.scene7.com/is/image/Target/GUEST_a6d1284e-878c-4d5a-bead-2040d8f41374?wid=1200&hei=1200&qlt=85 | https://target.scene7.com/is/image/Target/GUEST_b0974ea8-963c-4e66-b7b2-aa553530a351?wid=1200&hei=1200&qlt=85 | https://target.scene7.com/is/image/Target/GUEST_42fb9808-8062-4cce-a095-f137d8b81c48?wid=1200&hei=1200&qlt=85 | https://target.scene7.com/is/image/Target/GUEST_2e153d43-4ff8-4b70-8f2a-2a2a12455275?wid=1200&hei=1200&qlt=85 | https://target.scene7.com/is/image/Target/GUEST_8c88e207-784a-4f3b-9065-2921e0ad2c93?wid=1200&hei=1200&qlt=85 | https://target.scene7.com/is/image/Target/GUEST_3d67a352-04c6-4295-ba4a-7d32738bf962?wid=1200&hei=1200&qlt=85 | https://target.scene7.com/is/image/Target/GUEST_537c73cc-eb3d-498f-afb6-612e79085160?wid=1200&hei=1200&qlt=85,"Quilted plush handbag style for chic, fluffy charm; Cute smiling face with playful pom-pom accent detail; Zipper pocket keeps your mini essentials close by; Signature FAO Schwarz print lining adds iconic flair; Fun fashion accessory to elevate your outfit instantly; F.A.O. Schwarz®, celebrating the wonder of childhood since 1862",,Polyester,"{""H"": ""4.33"", ""W"": ""6.69"", ""D"": ""1.18""}",4.33 Inches (H) x 6.69 Inches (W) x 1.18 Inches (D),"Lightweight, Collapsible, Pouch, Softside",Accessories Pocket,Zip Pocket,Zip Closure,Single handle,Microplush,"Machine Wash, Clean With Water and Mild Detergent",Imported,840397509386,086-13-7424,"{""Dimensions (Overall)"": ""4.33 Inches (H) x 6.69 Inches (W) x 1.18 Inches (D)"", ""Shell Material"": ""Polyester"", ""Bag Structure"": ""Lightweight, Collapsible, Pouch, Softside"", ""Interior Features"": ""Accessories Pocket"", ""Exterior Features"": ""Zip Pocket"", ""Main Compartment Closure"": ""Zip Closure"", ""Handle Type"": ""Single handle"", ""Fabric Name"": ""Microplush"", ""Care & Cleaning"": ""Machine Wash, Clean With Water and Mild Detergent"", ""TCIN"": ""94694068"", ""UPC"": ""840397509386"", ""Item Number (DPCI)"": ""086-13-7424"", ""Origin"": ""Imported""}",True,2026-02-23T00:42:52.901947
1009254734,"Narwey Cross Body Purse, Mini Crossbody Bags for Women Travel Purse",https://www.target.com/p/narwey-cross-body-purse-mini-crossbody-bags-for-women-travel-purse/-/A-1009254734#lnk=sametab,Narwey,"Target > Clothing, Shoes & Accessories > Accessories > Handbags & Purses > Mini Bags",Mini Bags,42.99,52.99,18.9,True,0.0,0,,False,,,https://target.scene7.com/is/image/Target/GUEST_2c4d0f64-25e2-4285-b3e7-6e616b5539d3?wid=1200&hei=1200&qlt=85 | https://target.scene7.com/is/image/Target/GUEST_12aa6738-46bb-4efb-9290-1d5cbaad120a?wid=1200&hei=1200&qlt=85 | https://target.scene7.com/is/image/Target/GUEST_3c498403-4bcb-47ee-9b10-19531f241409?wid=1200&hei=1200&qlt=85 | https://target.scene7.com/is/image/Target/GUEST_ca4bd543-b099-4508-9343-49229deaaaa8?wid=1200&hei=1200&qlt=85 | https://target.scene7.com/is/image/Target/GUEST_cf02fc34-ad8e-4ebb-a897-8fdc8a66e899?wid=1200&hei=1200&qlt=85,RFID Blocking Security; Material & Size: Lightweight & water-resistant puffy crossbody bag; Dual main compartments; Thoughtful Features,,Nylon,"{""H"": ""2.8"", ""W"": ""6.1"", ""D"": ""8.7""}",2.8 inches (H) x 6.1 inches (W) x 8.7 inches (D),Lightweight,Multiple Compartments,Zip Pocket,Zip Closure,Shoulder Strap,1 x 1 Rib,Hand Wash,imported,190865329108,,"{""Dimensions (Overall)"": ""2.8 inches (H) x 6.1 inches (W) x 8.7 inches (D)"", ""Shell Material"": ""Nylon"", ""Bag Structure"": ""Lightweight"", ""Interior Features"": ""Multiple Compartments"", ""Exterior Features"": ""Zip Pocket"", ""Main Compartment Closure"": ""Zip Closure"", ""Handle Type"": ""Shoulder Strap"", ""Fabric Name"": ""1 x 1 Rib"", ""Care & Cleaning"": ""Hand Wash"", ""TCIN"": ""1009254734"", ""UPC"": ""190865329108"", ""Origin"": ""imported""}",True,2026-02-23T00:42:52.901947
1008460022,Clutch Purses for Women Evening Handbags for Formal Wedding Party Cocktail Prom Envelope Bag A-gold 8.46*4.92*2.16,https://www.target.com/p/clutch-purses-for-women-evening-handbags-for-formal-wedding-party-cocktail-prom-envelope-bag/-/A-1008460022?preselect=1008460023#lnk=sametab,Empire DigiLabs,"Target > Clothing, Shoes & Accessories > Accessories > Handbags & Purses > Clutches",Clutches,55.0,109.99,50.0,True,0.0,0,,False,size8.46*4.92*2.16,,https://target.scene7.com/is/image/Target/GUEST_566b5c74-8f10-4c4e-9838-0e542fe56e8e?wid=1200&hei=1200&qlt=85 | https://target.scene7.com/is/image/Target/GUEST_737ae9f3-2bde-4a0c-a047-5ba9f4fcf537?wid=1200&hei=1200&qlt=85 | https://target.scene7.com/is/image/Target/GUEST_da00204a-3218-4e57-a85b-b534e80608f2?wid=1200&hei=1200&qlt=85 | https://target.scene7.com/is/image/Target/GUEST_f54bb59a-9093-4792-a184-d60a319d1963?wid=1200&hei=1200&qlt=85 | https://target.scene7.com/is/image/Target/GUEST_78747936-a372-482c-a207-9698f4603146?wid=1200&hei=1200&qlt=85,,,Polyester,"{""H"": ""4.92"", ""W"": ""8.46"", ""D"": ""2.16""}",4.92 inches (H) x 8.46 inches (W) x 2.16 inches (D),Structured,Multiple Compartments,Detachable Straps,Magnetic Closure,No Handles or Straps,Novelty,Spot or Wipe Clean,imported,661309792326,,"{""Dimensions (Overall)"": ""4.92 inches (H) x 8.46 inches (W) x 2.16 inches (D)"", ""Shell Material"": ""Polyester"", ""Bag Structure"": ""Structured"", ""Interior Features"": ""Multiple Compartments"", ""Exterior Features"": ""Detachable Straps"", ""Main Compartment Closure"": ""Magnetic Closure"", ""Handle Type"": ""No Handles or Straps"", ""Fabric Name"": ""Novelty"", ""Care & Cleaning"": ""Spot or Wipe Clean"", ""TCIN"": ""1008460023"", ""UPC"": ""661309792326"", ""Origin"": ""imported""}",True,2026-02-23T00:42:52.901947
1009348324,Narwey Crossbody Bags for Women Hobo Purses Shoulder Handbags Vegan Leather with Guitar Strap-7 Pockets,https://www.target.com/p/narwey-crossbody-bags-for-women-hobo-purses-shoulder-handbags-vegan-leather-with-guitar-strap-7-pockets/-/A-1009348324#lnk=sametab,Narwey,"Target > Clothing, Shoes & Accessories > Accessories > Handbags & Purses > Crossbody & Messenger Bags",Crossbody & Messenger Bags,48.29,59.99,19.5,True,0.0,0,,False,,,https://target.scene7.com/is/image/Target/GUEST_e68522ee-241b-4f6f-b218-942e8b45fab6?wid=1200&hei=1200&qlt=85 | https://target.scene7.com/is/image/Target/GUEST_754efbf7-59d1-4189-a496-bc36cc5a5f0d?wid=1200&hei=1200&qlt=85 | https://target.scene7.com/is/image/Target/GUEST_269cead2-3c2c-4dc3-a853-850973680f3b?wid=1200&hei=1200&qlt=85 | https://target.scene7.com/is/image/Target/GUEST_326bd871-0a1d-448e-a41f-a5d96e86876c?wid=1200&hei=1200&qlt=85 | https://target.scene7.com/is/image/Target/GUEST_8be1837e-b608-4144-8423-3555f6889d26?wid=1200&hei=1200&qlt=85,Purse Dimension; Multi-Pocket Womens Purse; Durable Crossbody Bags; Wide Strap Designed; Best Gift Choice,,Polyester,"{""H"": ""10.94"", ""W"": ""2.2"", ""D"": ""12.36""}",10.94 inches (H) x 2.2 inches (W) x 12.36 inches (D),Lightweight,Zip Pocket,No Compartments or Pockets,Zip Closure,No Handles or Straps,Novelty,Do Not Wash,imported,124921334621,,"{""Dimensions (Overall)"": ""10.94 inches (H) x 2.2 inches (W) x 12.36 inches (D)"", ""Shell Material"": ""Polyester"", ""Bag Structure"": ""Lightweight"", ""Interior Features"": ""Zip Pocket"", ""Exterior Features"": ""No Compartments or Pockets"", ""Main Compartment Closure"": ""Zip Closure"", ""Handle Type"": ""No Handles or Straps"", ""Fabric Name"": ""Novelty"", ""Care & Cleaning"": ""Do Not Wash"", ""TCIN"": ""1009348324"", ""UPC"": ""124921334621"", ""Origin"": ""imported""}",True,2026-02-23T00:42:52.901947
1007901884,Suede Handbag Cute Bow Purse Y2K Suede Hobo Handbag Clutch Underarm Purse Coffee-One Size 10.63×2.36×5.12,https://www.target.com/p/suede-handbag-cute-bow-purse-y2k-suede-hobo-handbag-clutch-underarm-purse/-/A-1007901884?preselect=1007901886#lnk=sametab,Empire DigiLabs,"Target > Clothing, Shoes & Accessories > Accessories > Handbags & Purses > Mini Bags",Mini Bags,74.97,149.94,50.0,True,0.0,0,,False,size10.63×2.36×5.12,,https://target.scene7.com/is/image/Target/GUEST_06a6841c-560e-4af0-8fce-d892befd5966?wid=1200&hei=1200&qlt=85 | https://target.scene7.com/is/image/Target/GUEST_cc92f694-bef5-4d7b-ae21-43352fc31d87?wid=1200&hei=1200&qlt=85 | https://target.scene7.com/is/image/Target/GUEST_6feeeddb-c7eb-435a-b0ad-6be6a1caf165?wid=1200&hei=1200&qlt=85 | https://target.scene7.com/is/image/Target/GUEST_6e8b4f2c-4648-4b48-942e-6edb3d080d32?wid=1200&hei=1200&qlt=85 | https://target.scene7.com/is/image/Target/GUEST_e7eba29f-8a13-420e-b484-63734120841d?wid=1200&hei=1200&qlt=85,,,Leather,"{""H"": ""5.12"", ""W"": ""10.63"", ""D"": ""2.36""}",5.12 inches (H) x 10.63 inches (W) x 2.36 inches (D),Structured,Multiple Compartments,No Compartments or Pockets,Zip Closure,Shoulder Strap,Faux Leather,Spot or Wipe Clean,imported,661309873612,,"{""Dimensions (Overall)"": ""5.12 inches (H) x 10.63 inches (W) x 2.36 inches (D)"", ""Shell Material"": ""Leather"", ""Bag Structure"": ""Structured"", ""Interior Features"": ""Multiple Compartments"", ""Exterior Features"": ""No Compartments or Pockets"", ""Main Compartment Closure"": ""Zip Closure"", ""Handle Type"": ""Shoulder Strap"", ""Fabric Name"": ""Faux Leather"", ""Care & Cleaning"": ""Spot or Wipe Clean"", ""TCIN"": ""1007901886"", ""UPC"": ""661309873612"", ""Origin"": ""imported""}",True,2026-02-23T00:42:52.901947
1008459632,"Clutch Purse for Women Soft Pleated PU Wedding Clutch, Elegant Evening Bag for Galas, Proms,Cocktail Parties Gold 10×5.7×2.3",https://www.target.com/p/lovyococo-clutch-purse-for-women-soft-pleated-pu-wedding-clutch-elegant-evening-bag-for-galas-proms-cocktail-parties/-/A-1008459632?preselect=1008459634#lnk=sametab,Empire DigiLabs,"Target > Clothing, Shoes & Accessories > Accessories > Handbags & Purses > Clutches",Clutches,77.97,155.94,50.0,True,0.0,0,,False,size10×5.7×2.3,,https://target.scene7.com/is/image/Target/GUEST_a634894f-45a3-4c3a-a63b-df4e99119963?wid=1200&hei=1200&qlt=85 | https://target.scene7.com/is/image/Target/GUEST_fe76f345-af6e-449a-8f77-05dcbb49bcf8?wid=1200&hei=1200&qlt=85 | https://target.scene7.com/is/image/Target/GUEST_aae349b9-a37b-4eba-ba59-aaa73cec5e48?wid=1200&hei=1200&qlt=85 | https://target.scene7.com/is/image/Target/GUEST_d65d1607-2eb2-4e1a-bccd-ba80081df78d?wid=1200&hei=1200&qlt=85 | https://target.scene7.com/is/image/Target/GUEST_6161b08a-3400-4fa9-83d7-42747890a3bf?wid=1200&hei=1200&qlt=85,,,Leather,"{""H"": ""5.7"", ""W"": ""10"", ""D"": ""2.3""}",5.7 inches (H) x 10 inches (W) x 2.3 inches (D),Structured,Multiple Compartments,Detachable Straps,Zip Closure,No Handles or Straps,Faux Leather,Spot or Wipe Clean,imported,661309791572,,"{""Dimensions (Overall)"": ""5.7 inches (H) x 10 inches (W) x 2.3 inches (D)"", ""Shell Material"": ""Leather"", ""Bag Structure"": ""Structured"", ""Interior Features"": ""Multiple Compartments"", ""Exterior Features"": ""Detachable Straps"", ""Main Compartment Closure"": ""Zip Closure"", ""Handle Type"": ""No Handles or Straps"", ""Fabric Name"": ""Faux Leather"", ""Care & Cleaning"": ""Spot or Wipe Clean"", ""TCIN"": ""1008459634"", ""UPC"": ""661309791572"", ""Origin"": ""imported""}",True,2026-02-23T00:42:52.901947
1009300247,Narwey Tote Bag for Women Quilted Chains Satchel Purse and Handbags,https://www.target.com/p/narwey-tote-bag-for-women-quilted-chains-satchel-purse-and-handbags/-/A-1009300247#lnk=sametab,Narwey,"Target > Clothing, Shoes & Accessories > Accessories > Handbags & Purses > Shoulder Bags",Shoulder Bags,74.99,84.99,11.8,True,0.0,0,,False,,,https://target.scene7.com/is/image/Target/GUEST_6aa4abfe-9f21-4afb-9af5-11a7d8994c3f?wid=1200&hei=1200&qlt=85 | https://target.scene7.com/is/image/Target/GUEST_adc831c9-99eb-413c-a720-2d00b0af026b?wid=1200&hei=1200&qlt=85 | https://target.scene7.com/is/image/Target/GUEST_a820b6ef-b19f-49d5-ad29-c2a357d608e2?wid=1200&hei=1200&qlt=85 | https://target.scene7.com/is/image/Target/GUEST_347546e6-c756-4bb9-ba24-6c6a42b8ac53?wid=1200&hei=1200&qlt=85 | https://target.scene7.com/is/image/Target/GUEST_ceb7b49f-fb66-4298-9e17-130c9214f6b9?wid=1200&hei=1200&qlt=85,Sophisticated and elegant; the purse can be used as a hand-held; Functional and simple design; Measured SMALL,,Leather,"{""H"": ""5.5"", ""W"": ""11"", ""D"": ""14""}",5.5 inches (H) x 11 inches (W) x 14 inches (D),Lightweight,Multiple Compartments,No Compartments or Pockets,Zip Closure,Shoulder Strap,1 x 1 Rib,Dry Clean,imported,977051119114,,"{""Dimensions (Overall)"": ""5.5 inches (H) x 11 inches (W) x 14 inches (D)"", ""Shell Material"": ""Leather"", ""Bag Structure"": ""Lightweight"", ""Interior Features"": ""Multiple Compartments"", ""Exterior Features"": ""No Compartments or Pockets"", ""Main Compartment Closure"": ""Zip Closure"", ""Handle Type"": ""Shoulder Strap"", ""Fabric Name"": ""1 x 1 Rib"", ""Care & Cleaning"": ""Dry Clean"", ""TCIN"": ""1009300247"", ""UPC"": ""977051119114"", ""Origin"": ""imported""}",True,2026-02-23T00:42:52.901947
1007880360,Color-Block Crossbody Bags for Women Leather Cross Body Purses Cute Designer Handbags #2 Green 5.15 x 7.9 x 3.15,https://www.target.com/p/color-block-crossbody-bags-for-women-leather-cross-body-purses-cute-designer-handbags/-/A-1007880360?preselect=1007880364#lnk=sametab,Empire DigiLabs,"Target > Clothing, Shoes & Accessories > Accessories > Handbags & Purses > Crossbody & Messenger Bags",Crossbody & Messenger Bags,89.97,179.94,50.0,True,0.0,0,,False,size5.15 x 7.9 x 3.15,,https://target.scene7.com/is/image/Target/GUEST_f3362f33-d486-4ace-8d74-c474210fa653?wid=1200&hei=1200&qlt=85 | https://target.scene7.com/is/image/Target/GUEST_34232f9a-eba0-4162-b347-3d9a04f4a3dd?wid=1200&hei=1200&qlt=85 | https://target.scene7.com/is/image/Target/GUEST_f527fba8-55dc-4bd4-ad8d-4857eccceee8?wid=1200&hei=1200&qlt=85 | https://target.scene7.com/is/image/Target/GUEST_256830b0-5e38-4fcb-b7e3-b1aed8ce2d80?wid=1200&hei=1200&qlt=85 | https://target.scene7.com/is/image/Target/GUEST_937db902-5c7f-43dd-b1fe-e51be924c4bd?wid=1200&hei=1200&qlt=85,,,Leather,"{""H"": ""5.15"", ""W"": ""7.9"", ""D"": ""3.15""}",5.15 inches (H) x 7.9 inches (W) x 3.15 inches (D),Structured,Multiple Compartments,No Compartments or Pockets,Flap With Easy-Close Fastener,Shoulder Strap,Faux Leather,Spot or Wipe Clean,imported,661309868915,,"{""Dimensions (Overall)"": ""5.15 inches (H) x 7.9 inches (W) x 3.15 inches (D)"", ""Shell Material"": ""Leather"", ""Bag Structure"": ""Structured"", ""Interior Features"": ""Multiple Compartments"", ""Exterior Features"": ""No Compartments or Pockets"", ""Main Compartment Closure"": ""Flap With Easy-Close Fastener"", ""Handle Type"": ""Shoulder Strap"", ""Fabric Name"": ""Faux Leather"", ""Care & Cleaning"": ""Spot or Wipe Clean"", ""TCIN"": ""1007880364"", ""UPC"": ""661309868915"", ""Origin"": ""imported""}",True,2026-02-23T00:42:52.901947
1009277696,Narwey Kawaii Anime Cosplay Purse with Coin Purse Shoulder Crossbody Bag,https://www.target.com/p/narwey-kawaii-anime-cosplay-purse-with-coin-purse-shoulder-crossbody-bag/-/A-1009277696#lnk=sametab,Narwey,"Target > Clothing, Shoes & Accessories > Accessories > Handbags & Purses > Totes",Totes,51.99,62.99,17.5,True,0.0,0,,False,,,https://target.scene7.com/is/image/Target/GUEST_cdf25ae7-1bdf-4c79-98ae-d4b7f24296b7?wid=1200&hei=1200&qlt=85 | https://target.scene7.com/is/image/Target/GUEST_d6be1418-8c56-45fe-97cd-d2355637b694?wid=1200&hei=1200&qlt=85 | https://target.scene7.com/is/image/Target/GUEST_4c3c815c-5d97-4cb5-8511-bdebf3d8b6fe?wid=1200&hei=1200&qlt=85 | https://target.scene7.com/is/image/Target/GUEST_bf96b37a-42db-4419-b088-ecb5a7e2d6a7?wid=1200&hei=1200&qlt=85 | https://target.scene7.com/is/image/Target/GUEST_47965df8-fd80-4a5d-a94e-5f589466ba91?wid=1200&hei=1200&qlt=85,Inspired design; Versatile carrying options; Compact yet spacious; Adjustable strap for added convenience,,Leather,"{""H"": ""6.5"", ""W"": ""3.03"", ""D"": ""9.84""}",6.5 inches (H) x 3.03 inches (W) x 9.84 inches (D),Lightweight,Multiple Compartments,No Compartments or Pockets,Magnetic Closure,Shoulder Strap,1 x 1 Rib,Shake Clean,imported,141200848075,,"{""Dimensions (Overall)"": ""6.5 inches (H) x 3.03 inches (W) x 9.84 inches (D)"", ""Shell Material"": ""Leather"", ""Bag Structure"": ""Lightweight"", ""Interior Features"": ""Multiple Compartments"", ""Exterior Features"": ""No Compartments or Pockets"", ""Main Compartment Closure"": ""Magnetic Closure"", ""Handle Type"": ""Shoulder Strap"", ""Fabric Name"": ""1 x 1 Rib"", ""Care & Cleaning"": ""Shake Clean"", ""TCIN"": ""1009277696"", ""UPC"": ""141200848075"", ""Origin"": ""imported""}",True,2026-02-23T00:42:52.901947
1009442859,Narwey Clear Bag for Stadium Approved Small Crossbody Purse Handbags,https://www.target.com/p/narwey-clear-bag-for-stadium-approved-small-crossbody-purse-handbags/-/A-1009442859#lnk=sametab,Narwey,"Target > Clothing, Shoes & Accessories > Accessories > Handbags & Purses > Shoulder Bags",Shoulder Bags,63.99,79.99,20.0,True,0.0,0,,False,,,https://target.scene7.com/is/image/Target/GUEST_3e9856fb-94da-49fb-9438-a1db4477af71?wid=1200&hei=1200&qlt=85 | https://target.scene7.com/is/image/Target/GUEST_89d2bae2-6f77-4c3d-b2ce-00c6c9865ba0?wid=1200&hei=1200&qlt=85 | https://target.scene7.com/is/image/Target/GUEST_a5c020f8-5eb4-4678-bdc5-807f3e765bb9?wid=1200&hei=1200&qlt=85 | https://target.scene7.com/is/image/Target/GUEST_eb32efe1-2e96-4406-86ce-06e1ef229231?wid=1200&hei=1200&qlt=85 | https://target.scene7.com/is/image/Target/GUEST_26d09891-82b8-46aa-9ce1-30c449fd4d16?wid=1200&hei=1200&qlt=85,Stadium Approved; Stylish Design; Premium Material; Small Clear Bag,,PVC (Polyvinyl Chloride),"{""H"": "".1"", ""W"": "".1"", ""D"": "".1""}",.1 inches (H) x .1 inches (W) x .1 inches (D),Lightweight,Multiple Compartments,No Compartments or Pockets,Buckle Closure,Shoulder Strap,1 x 1 Rib,Spot or Wipe Clean,imported,844986219946,,"{""Dimensions (Overall)"": "".1 inches (H) x .1 inches (W) x .1 inches (D)"", ""Shell Material"": ""PVC (Polyvinyl Chloride)"", ""Bag Structure"": ""Lightweight"", ""Interior Features"": ""Multiple Compartments"", ""Exterior Features"": ""No Compartments or Pockets"", ""Main Compartment Closure"": ""Buckle Closure"", ""Handle Type"": ""Shoulder Strap"", ""Fabric Name"": ""1 x 1 Rib"", ""Care & Cleaning"": ""Spot or Wipe Clean"", ""TCIN"": ""1009442859"", ""UPC"": ""844986219946"", ""Origin"": ""imported""}",True,2026-02-23T00:42:52.901947
1009280815,Narwey Crossbody Bag Purses for Women 2Pcs Leather Hobo Handbag Wallet Set With 2Adjustable,https://www.target.com/p/narwey-crossbody-bag-purses-for-women-2pcs-leather-hobo-handbag-wallet-set-with-2adjustable/-/A-1009280815#lnk=sametab,Narwey,"Target > Clothing, Shoes & Accessories > Accessories > Handbags & Purses > Shoulder Bags",Shoulder Bags,83.99,0.0,0.0,False,0.0,0,,False,,,https://target.scene7.com/is/image/Target/GUEST_cf644046-fd8b-4f6b-8430-ba9c3405a8e1?wid=1200&hei=1200&qlt=85 | https://target.scene7.com/is/image/Target/GUEST_dc442ac0-0a5b-4bbd-9af2-fe7da753c211?wid=1200&hei=1200&qlt=85 | https://target.scene7.com/is/image/Target/GUEST_ebac4eda-1372-428b-9ffc-0ff2b792a190?wid=1200&hei=1200&qlt=85 | https://target.scene7.com/is/image/Target/GUEST_b75aa8f5-c0f3-4737-80ff-3346d231976f?wid=1200&hei=1200&qlt=85 | https://target.scene7.com/is/image/Target/GUEST_906c27f0-7f11-4c57-a3f1-0ac57c03f2f0?wid=1200&hei=1200&qlt=85,Multi-pocket design; Adjustable handle strap; Great Gift; Unique Design,,20% Recycled Polyester,"{""H"": ""9.1"", ""W"": ""3.9"", ""D"": ""9.4""}",9.1 inches (H) x 3.9 inches (W) x 9.4 inches (D),Dome,Multiple Compartments,No Compartments or Pockets,Zip Closure,Double Shoulder Handles,2 x 2 Rib,Do Not Wash,imported,851257228316,,"{""Dimensions (Overall)"": ""9.1 inches (H) x 3.9 inches (W) x 9.4 inches (D)"", ""Shell Material"": ""20% Recycled Polyester"", ""Bag Structure"": ""Dome"", ""Interior Features"": ""Multiple Compartments"", ""Exterior Features"": ""No Compartments or Pockets"", ""Main Compartment Closure"": ""Zip Closure"", ""Handle Type"": ""Double Shoulder Handles"", ""Fabric Name"": ""2 x 2 Rib"", ""Care & Cleaning"": ""Do Not Wash"", ""TCIN"": ""1009280815"", ""UPC"": ""851257228316"", ""Origin"": ""imported""}",True,2026-02-23T00:42:52.901947
1009297556,"Narwey Crossbody Bags for Women, Small Purses Crossbody Purses for Women, Cell Phone Purse",https://www.target.com/p/narwey-crossbody-bags-for-women-small-purses-crossbody-purses-for-women-cell-phone-purse/-/A-1009297556#lnk=sametab,Narwey,"Target > Clothing, Shoes & Accessories > Accessories > Handbags & Purses > Shoulder Bags",Shoulder Bags,31.99,0.0,0.0,False,0.0,0,,False,,,https://target.scene7.com/is/image/Target/GUEST_04b78537-e677-45e4-9fe0-1fea1b51525f?wid=1200&hei=1200&qlt=85 | https://target.scene7.com/is/image/Target/GUEST_f81a335b-e415-4564-af1d-1c4da6d8a068?wid=1200&hei=1200&qlt=85 | https://target.scene7.com/is/image/Target/GUEST_6feddbf4-26ea-4162-85c7-efb804e255e5?wid=1200&hei=1200&qlt=85 | https://target.scene7.com/is/image/Target/GUEST_a53ab977-b803-4e0f-94be-805a7e15f4cd?wid=1200&hei=1200&qlt=85 | https://target.scene7.com/is/image/Target/GUEST_3804895a-1a6b-4510-8c38-ba69460d1e9f?wid=1200&hei=1200&qlt=85,"made of soft Leather; with two main compartment, one zip pocket; Stylish chain design; Great Gift",,TPU (Thermoplastic Polyurethane),"{""H"": ""5.59"", ""W"": ""2.01"", ""D"": ""8.15""}",5.59 inches (H) x 2.01 inches (W) x 8.15 inches (D),Dome,Multiple Compartments,No Compartments or Pockets,Buckle Closure,Carrying Handle,2 x 2 Rib,Do Not Wring,imported,856186761576,,"{""Dimensions (Overall)"": ""5.59 inches (H) x 2.01 inches (W) x 8.15 inches (D)"", ""Shell Material"": ""TPU (Thermoplastic Polyurethane)"", ""Bag Structure"": ""Dome"", ""Interior Features"": ""Multiple Compartments"", ""Exterior Features"": ""No Compartments or Pockets"", ""Main Compartment Closure"": ""Buckle Closure"", ""Handle Type"": ""Carrying Handle"", ""Fabric Name"": ""2 x 2 Rib"", ""Care & Cleaning"": ""Do Not Wring"", ""TCIN"": ""1009297556"", ""UPC"": ""856186761576"", ""Origin"": ""imported""}",True,2026-02-23T00:42:52.901947
1009273931,Narwey Canvas Handbag Multi-Color Striped Lattice Cross Body Shoulder Purse Bag,https://www.target.com/p/narwey-canvas-handbag-multi-color-striped-lattice-cross-body-shoulder-purse-bag/-/A-1009273931#lnk=sametab,Narwey,"Target > Clothing, Shoes & Accessories > Accessories > Handbags & Purses > Shoulder Bags",Shoulder Bags,51.99,61.99,16.1,True,0.0,0,,False,,,https://target.scene7.com/is/image/Target/GUEST_0f303e28-4cec-4c05-ae23-33b647088e49?wid=1200&hei=1200&qlt=85 | https://target.scene7.com/is/image/Target/GUEST_a4766039-0cb8-487f-9fba-963daf6d3ebf?wid=1200&hei=1200&qlt=85 | https://target.scene7.com/is/image/Target/GUEST_fcf54bff-9e81-4048-af8a-cdb4afe10d14?wid=1200&hei=1200&qlt=85 | https://target.scene7.com/is/image/Target/GUEST_eda34a61-2b52-4918-a690-af21ca57d38b?wid=1200&hei=1200&qlt=85 | https://target.scene7.com/is/image/Target/GUEST_7b9a7c50-f256-4ccc-9868-db2157d77226?wid=1200&hei=1200&qlt=85,Material; Made of high-quality materials; Roomly design and durable canvas; With its stylish design and practical features,,Cotton,"{""H"": ""4.33"", ""W"": ""3.9"", ""D"": ""10.71""}",4.33 inches (H) x 3.9 inches (W) x 10.71 inches (D),Lightweight,Multiple Compartments,No Compartments or Pockets,Zip Closure,Double Handle,1 x 1 Rib,Hand Wash,imported,684970117908,,"{""Dimensions (Overall)"": ""4.33 inches (H) x 3.9 inches (W) x 10.71 inches (D)"", ""Shell Material"": ""Cotton"", ""Bag Structure"": ""Lightweight"", ""Interior Features"": ""Multiple Compartments"", ""Exterior Features"": ""No Compartments or Pockets"", ""Main Compartment Closure"": ""Zip Closure"", ""Handle Type"": ""Double Handle"", ""Fabric Name"": ""1 x 1 Rib"", ""Care & Cleaning"": ""Hand Wash"", ""TCIN"": ""1009273931"", ""UPC"": ""684970117908"", ""Origin"": ""imported""}",True,2026-02-23T00:42:52.901947
91814856,Star Wars Darth Vader Classic Messenger Satchel Bag Purse with Crossbody Strap,https://www.target.com/p/star-wars-darth-vader-classic-messenger-satchel-bag-purse-with-crossbody-strap-black/-/A-91814856#lnk=sametab,Star Wars,"Target > Clothing, Shoes & Accessories > Accessories > Handbags & Purses > Satchels",Satchels,29.99,35.95,16.6,True,4.0,1,,False,,,https://target.scene7.com/is/image/Target/GUEST_322d74fb-22b8-4afa-ac85-243730a4f223?wid=1200&hei=1200&qlt=85 | https://target.scene7.com/is/image/Target/GUEST_9915b309-9924-49e6-b21b-d3325c26a023?wid=1200&hei=1200&qlt=85 | https://target.scene7.com/is/image/Target/GUEST_3db129e7-8654-4f87-8314-3724ee718c95?wid=1200&hei=1200&qlt=85 | https://target.scene7.com/is/image/Target/GUEST_643ccac3-a51a-4942-82da-9900df40d6ac?wid=1200&hei=1200&qlt=85 | https://target.scene7.com/is/image/Target/GUEST_31ae64d0-db3d-45fd-9602-0c12357eb944?wid=1200&hei=1200&qlt=85,"Darth Vader Design: Show off your Star Wars fandom with the classic Darth Vader print, making this messenger satchel a stylish accessory for any fan; Versatile Carrying Options: The bag comes with a detachable and adjustable strap (approx. 24"" ~ 48"") for a customizable crossbody fit, ensuring comfort and convenience; Organized Storage: Keep your essentials in order with 1 easily accessible exterior front pocket for small items, 3 interior pockets (2 open and 1 zipped), and a main compartment with button closure; Secure Closure: The magnet button closure ensures that your belongings stay safe and secure while on the go, providing both style and peace of mind; Compact and Stylish: With dimensions of 11"" x 7"" x 2"", this satchel strikes the great balance between compact and spacious, allowing you to carry your essentials in Star Wars-inspired style",,Polyurethane,"{""H"": ""3"", ""W"": ""13"", ""D"": ""9""}",3 inches (H) x 13 inches (W) x 9 inches (D),Unstructured,Multiple Compartments,Snap Pocket,Zip Closure,Polyurethane,Novelty,Hand Wash,made in the USA or imported,197167077973,,"{""Dimensions (Overall)"": ""3 inches (H) x 13 inches (W) x 9 inches (D)"", ""Shell Material"": ""Polyester"", ""Bag Structure"": ""Unstructured"", ""Interior Features"": ""Multiple Compartments"", ""Exterior Features"": ""Snap Pocket"", ""Main Compartment Closure"": ""Zip Closure"", ""Handle Type"": ""Adjustable Strap"", ""Fabric Name"": ""Novelty"", ""Handle Material"": ""Polyurethane"", ""Fits Laptop"": ""No Laptop Pocket"", ""Battery"": ""No Battery Used"", ""Care & Cleaning"": ""Hand Wash"", ""TCIN"": ""91814856"", ""UPC"": ""197167077973"", ""Origin"": ""made in the USA or imported""}",True,2026-02-23T00:42:52.901947
1009304822,Narwey Lightweight Small Crossbody bags Cell Phone Purses Travel Pouch Shoulder Bag for Women,https://www.target.com/p/narwey-lightweight-small-crossbody-bags-cell-phone-purses-travel-pouch-shoulder-bag-for-women/-/A-1009304822#lnk=sametab,Narwey,"Target > Clothing, Shoes & Accessories > Accessories > Handbags & Purses > Crossbody & Messenger Bags",Crossbody & Messenger Bags,20.99,28.99,27.6,True,0.0,0,,False,,,https://target.scene7.com/is/image/Target/GUEST_d8b751b7-42a4-4910-ace7-5a6e23f1efd7?wid=1200&hei=1200&qlt=85 | https://target.scene7.com/is/image/Target/GUEST_66533cb9-cebe-411d-ad3b-635b02178fa6?wid=1200&hei=1200&qlt=85 | https://target.scene7.com/is/image/Target/GUEST_c7a4678e-e6fd-4613-a27b-a44f7bf6c76b?wid=1200&hei=1200&qlt=85 | https://target.scene7.com/is/image/Target/GUEST_92025817-69aa-46a0-8123-5c081fe741b7?wid=1200&hei=1200&qlt=85 | https://target.scene7.com/is/image/Target/GUEST_596b4f7c-e739-4769-9570-0684b7efbd05?wid=1200&hei=1200&qlt=85,Lightweight and functional; Small crossbody bag have adjustable & detachable shoulder strap; Three zipper pockets make organization easier and safer; Unique Design,,65% Recycled Polyester,"{""H"": ""3.9"", ""W"": ""2"", ""D"": ""7.5""}",3.9 inches (H) x 2 inches (W) x 7.5 inches (D),Dome,Multiple Compartments,Adjustable Shoulder Strap,Zip Closure,Carrying Handle,2 x 2 Rib,Do Not Wash,imported,854021884367,,"{""Dimensions (Overall)"": ""3.9 inches (H) x 2 inches (W) x 7.5 inches (D)"", ""Shell Material"": ""65% Recycled Polyester"", ""Bag Structure"": ""Dome"", ""Interior Features"": ""Multiple Compartments"", ""Exterior Features"": ""Adjustable Shoulder Strap"", ""Main Compartment Closure"": ""Zip Closure"", ""Handle Type"": ""Carrying Handle"", ""Fabric Name"": ""2 x 2 Rib"", ""Care & Cleaning"": ""Do Not Wash"", ""TCIN"": ""1009304822"", ""UPC"": ""854021884367"", ""Origin"": ""imported""}",True,2026-02-23T00:42:52.901947
1009365952,Narwey Woven Shoulder Bag for Women Vegan Leather Purse Hobo Handbag,https://www.target.com/p/narwey-woven-shoulder-bag-for-women-vegan-leather-purse-hobo-handbag/-/A-1009365952#lnk=sametab,Narwey,"Target > Clothing, Shoes & Accessories > Accessories > Handbags & Purses > Shoulder Bags",Shoulder Bags,126.99,139.99,9.3,True,0.0,0,,False,,,https://target.scene7.com/is/image/Target/GUEST_b3fe15f9-c80d-4bbd-b308-809bfaa61f52?wid=1200&hei=1200&qlt=85 | https://target.scene7.com/is/image/Target/GUEST_d82964d8-bbbc-40bd-9d4f-87cbfd8b721f?wid=1200&hei=1200&qlt=85 | https://target.scene7.com/is/image/Target/GUEST_87d6bfd9-3940-4df7-9e4e-30a034d7862d?wid=1200&hei=1200&qlt=85 | https://target.scene7.com/is/image/Target/GUEST_534c1213-931a-40b3-bbc3-8df51feefcef?wid=1200&hei=1200&qlt=85 | https://target.scene7.com/is/image/Target/GUEST_3f6b9a39-881c-4a29-94fd-06087fc30757?wid=1200&hei=1200&qlt=85,【Vegan Leather Tote】; 【Dimension】Handbag; 【Structure】Our women's large shoulder handbag; 【Elegant & Truly Hand-Woven】,,Leather,"{""H"": ""4.9"", ""W"": ""7.7"", ""D"": ""11.4""}",4.9 inches (H) x 7.7 inches (W) x 11.4 inches (D),Lightweight,Multiple Compartments,No Compartments or Pockets,Zip Closure,Shoulder Strap,1 x 1 Rib,Spot or Wipe Clean,imported,384287964539,,"{""Dimensions (Overall)"": ""4.9 inches (H) x 7.7 inches (W) x 11.4 inches (D)"", ""Shell Material"": ""Leather"", ""Bag Structure"": ""Lightweight"", ""Interior Features"": ""Multiple Compartments"", ""Exterior Features"": ""No Compartments or Pockets"", ""Main Compartment Closure"": ""Zip Closure"", ""Handle Type"": ""Shoulder Strap"", ""Fabric Name"": ""1 x 1 Rib"", ""Care & Cleaning"": ""Spot or Wipe Clean"", ""TCIN"": ""1009365952"", ""UPC"": ""384287964539"", ""Origin"": ""imported""}",True,2026-02-23T00:42:52.901947
1009339581,Narwey Shoulder Bag for women Clutch Purse Handbag PU Leather Tote Bag with 2 Removable Straps and Zipper Closure Crossbody Bags,https://www.target.com/p/narwey-shoulder-bag-for-women-clutch-purse-handbag-pu-leather-tote-bag-with-2-removable-straps-and-zipper-closure-crossbody-bags/-/A-1009339581#lnk=sametab,Narwey,"Target > Clothing, Shoes & Accessories > Accessories > Handbags & Purses > Shoulder Bags",Shoulder Bags,30.66,42.99,28.7,True,0.0,0,,False,,,https://target.scene7.com/is/image/Target/GUEST_b6bdf752-3cd2-41c8-ab8e-dc9f265da2f9?wid=1200&hei=1200&qlt=85 | https://target.scene7.com/is/image/Target/GUEST_2f1ac439-28aa-451a-906b-23d0742863e2?wid=1200&hei=1200&qlt=85 | https://target.scene7.com/is/image/Target/GUEST_7b970b1b-cd20-41d9-bb7b-405c8381e24c?wid=1200&hei=1200&qlt=85 | https://target.scene7.com/is/image/Target/GUEST_f47b1dd7-8fd6-4418-92f9-595bf247cb5c?wid=1200&hei=1200&qlt=85 | https://target.scene7.com/is/image/Target/GUEST_5718a38e-6fed-462a-8e51-89ebf6941f53?wid=1200&hei=1200&qlt=85,,,Leather,"{""H"": ""5.3"", ""W"": ""2.6"", ""D"": ""9.8""}",5.3 inches (H) x 2.6 inches (W) x 9.8 inches (D),Lightweight,Multiple Compartments,No Compartments or Pockets,Zip Closure,Adjustable Shoulder Strap,Novelty,Do Not Wash,imported,379004199561,,"{""Dimensions (Overall)"": ""5.3 inches (H) x 2.6 inches (W) x 9.8 inches (D)"", ""Shell Material"": ""Leather"", ""Bag Structure"": ""Lightweight"", ""Interior Features"": ""Multiple Compartments"", ""Exterior Features"": ""No Compartments or Pockets"", ""Main Compartment Closure"": ""Zip Closure"", ""Handle Type"": ""Adjustable Shoulder Strap"", ""Fabric Name"": ""Novelty"", ""Care & Cleaning"": ""Do Not Wash"", ""TCIN"": ""1009339581"", ""UPC"": ""379004199561"", ""Origin"": ""imported""}",True,2026-02-23T00:42:52.901947
1007760665,"Laptop Tote Bag for Women,Leather Work Bag,Large Computer Handbag Purse Briefcase Retro Brown-15.6 Inch 17 x 13 x 2 inches",https://www.target.com/p/laptop-tote-bag-for-women-leather-work-bag-large-computer-handbag-purse-briefcase/-/A-1007760665?preselect=1007760671#lnk=sametab,Empire DigiLabs,"Target > Clothing, Shoes & Accessories > Accessories > Handbags & Purses > Totes",Totes,133.97,267.94,50.0,True,0.0,0,,False,size17 x 13 x 2 inches,,https://target.scene7.com/is/image/Target/GUEST_0722261e-77b4-4131-8235-496e0a534511?wid=1200&hei=1200&qlt=85 | https://target.scene7.com/is/image/Target/GUEST_440be6be-c8ef-484e-8912-7375b107f29a?wid=1200&hei=1200&qlt=85 | https://target.scene7.com/is/image/Target/GUEST_b1b400dd-94b7-4aba-a563-c4d3a495d1a4?wid=1200&hei=1200&qlt=85 | https://target.scene7.com/is/image/Target/GUEST_ceddb889-f156-4748-82ed-f6552ab880cf?wid=1200&hei=1200&qlt=85 | https://target.scene7.com/is/image/Target/GUEST_0ae75dc6-a7fe-4802-803a-e9a4cdbd3b21?wid=1200&hei=1200&qlt=85,,,Leather,"{""H"": ""17"", ""W"": ""13"", ""D"": ""2""}",17 inches (H) x 13 inches (W) x 2 inches (D),Structured,Multiple Compartments,Adjustable Strap,Zip Closure,Carrying Handle,Faux Leather,Spot or Wipe Clean,imported,661309912977,,"{""Dimensions (Overall)"": ""17 inches (H) x 13 inches (W) x 2 inches (D)"", ""Shell Material"": ""Leather"", ""Bag Structure"": ""Structured"", ""Interior Features"": ""Multiple Compartments"", ""Exterior Features"": ""Adjustable Strap"", ""Main Compartment Closure"": ""Zip Closure"", ""Handle Type"": ""Carrying Handle"", ""Fabric Name"": ""Faux Leather"", ""Care & Cleaning"": ""Spot or Wipe Clean"", ""TCIN"": ""1007760671"", ""UPC"": ""661309912977"", ""Origin"": ""imported""}",True,2026-02-23T00:42:52.901947
1009275970,Narwey Evening Y2k Shiny Hobo Purse Women Sparkly Silver Purse,https://www.target.com/p/narwey-evening-y2k-shiny-hobo-purse-women-sparkly-silver-purse/-/A-1009275970#lnk=sametab,Narwey,"Target > Clothing, Shoes & Accessories > Accessories > Handbags & Purses > Shoulder Bags",Shoulder Bags,47.99,59.99,20.0,True,0.0,0,,False,,,https://target.scene7.com/is/image/Target/GUEST_60e957bb-dc9b-466a-8a6c-22394bc61780?wid=1200&hei=1200&qlt=85 | https://target.scene7.com/is/image/Target/GUEST_375d5774-c725-4354-b236-aa6d25635806?wid=1200&hei=1200&qlt=85 | https://target.scene7.com/is/image/Target/GUEST_a565f680-1b2d-416e-822f-1d928a1a1caf?wid=1200&hei=1200&qlt=85 | https://target.scene7.com/is/image/Target/GUEST_7f95c8d8-8511-4122-b0ca-76d5513598db?wid=1200&hei=1200&qlt=85 | https://target.scene7.com/is/image/Target/GUEST_e91bd632-89c0-49f4-8e80-d3c0210c8e13?wid=1200&hei=1200&qlt=85,"Trendy Handbags for Women; Fashion Y2K Evening Bag; Eye-catching metallic Bag; Compact size: Measuring 26cm in length,",,Metal,"{""H"": ""2.2"", ""W"": ""5.5"", ""D"": ""11""}",2.2 inches (H) x 5.5 inches (W) x 11 inches (D),Lightweight,Multiple Compartments,No Compartments or Pockets,Zip Closure,Shoulder Strap,1 x 1 Rib,Dry Clean,imported,127785622781,,"{""Dimensions (Overall)"": ""2.2 inches (H) x 5.5 inches (W) x 11 inches (D)"", ""Shell Material"": ""Metal"", ""Bag Structure"": ""Lightweight"", ""Interior Features"": ""Multiple Compartments"", ""Exterior Features"": ""No Compartments or Pockets"", ""Main Compartment Closure"": ""Zip Closure"", ""Handle Type"": ""Shoulder Strap"", ""Fabric Name"": ""1 x 1 Rib"", ""Care & Cleaning"": ""Dry Clean"", ""TCIN"": ""1009275970"", ""UPC"": ""127785622781"", ""Origin"": ""imported""}",True,2026-02-23T00:43:33.791114
1009339906,Narwey Women Pearl Evening Handbags Noble Crystal Beaded Clutch Purse for Wedding Bridal Parites Prom,https://www.target.com/p/narwey-women-pearl-evening-handbags-noble-crystal-beaded-clutch-purse-for-wedding-bridal-parites-prom/-/A-1009339906#lnk=sametab,Narwey,"Target > Clothing, Shoes & Accessories > Accessories > Handbags & Purses > Shoulder Bags",Shoulder Bags,56.99,59.99,5.0,True,0.0,0,,False,,,https://target.scene7.com/is/image/Target/GUEST_8b2059bf-d723-4195-9d76-69d1338fc8d8?wid=1200&hei=1200&qlt=85 | https://target.scene7.com/is/image/Target/GUEST_72eadc7c-ec25-41f3-8eb2-c3ae220f5e64?wid=1200&hei=1200&qlt=85 | https://target.scene7.com/is/image/Target/GUEST_e8489abf-c381-424f-b090-f79d78314da2?wid=1200&hei=1200&qlt=85 | https://target.scene7.com/is/image/Target/GUEST_18a4d202-6cd4-4055-96c2-52b80612830e?wid=1200&hei=1200&qlt=85 | https://target.scene7.com/is/image/Target/GUEST_556b9d55-4a29-4d38-a7ac-aed74fa74578?wid=1200&hei=1200&qlt=85,Decorated by pearl beads and rhinestones; Size: 9.45” x 5.91” x 2.36”(INCH) / 24 x 15 x 6 (CM); Come with one handle +one detachable chain strap; Noble and Elegant Pearl clutch is perfect for weekend,,20% Recycled Polyester,"{""H"": ""9.45"", ""W"": ""2.36"", ""D"": ""5.91""}",9.45 inches (H) x 2.36 inches (W) x 5.91 inches (D),Dome,Multiple Compartments,No Compartments or Pockets,Buckle Closure,Carrying Handle,2 x 2 Rib,Do Not Wash,imported,686589213910,,"{""Dimensions (Overall)"": ""9.45 inches (H) x 2.36 inches (W) x 5.91 inches (D)"", ""Shell Material"": ""20% Recycled Polyester"", ""Bag Structure"": ""Dome"", ""Interior Features"": ""Multiple Compartments"", ""Exterior Features"": ""No Compartments or Pockets"", ""Main Compartment Closure"": ""Buckle Closure"", ""Handle Type"": ""Carrying Handle"", ""Fabric Name"": ""2 x 2 Rib"", ""Care & Cleaning"": ""Do Not Wash"", ""TCIN"": ""1009339906"", ""UPC"": ""686589213910"", ""Origin"": ""imported""}",True,2026-02-23T00:43:33.791114
1009320840,Narwey Purse for Women Leather Tote Bag Purse and Handbags,https://www.target.com/p/narwey-purse-for-women-leather-tote-bag-purse-and-handbags/-/A-1009320840#lnk=sametab,Narwey,"Target > Clothing, Shoes & Accessories > Accessories > Handbags & Purses > Shoulder Bags",Shoulder Bags,53.99,69.99,22.9,True,0.0,0,,False,,,https://target.scene7.com/is/image/Target/GUEST_25935775-ab62-4f93-b6d2-4f9b4fbb753b?wid=1200&hei=1200&qlt=85 | https://target.scene7.com/is/image/Target/GUEST_c9d65139-0799-4537-8f28-99a1496f0faa?wid=1200&hei=1200&qlt=85 | https://target.scene7.com/is/image/Target/GUEST_46112333-4ce1-46a4-83dc-ca1f8133e8e3?wid=1200&hei=1200&qlt=85 | https://target.scene7.com/is/image/Target/GUEST_78ae6cff-31a7-40e2-a4ea-0c8ff9de6296?wid=1200&hei=1200&qlt=85 | https://target.scene7.com/is/image/Target/GUEST_7d75a752-a270-41e7-bf1a-f62a7039d5ae?wid=1200&hei=1200&qlt=85,【Vegan Leather】; 【Dimensions】; 【Multipurpose】; 【Practical Structure】,,Polyester,"{""H"": ""5"", ""W"": ""10"", ""D"": ""13""}",5 inches (H) x 10 inches (W) x 13 inches (D),Lightweight,Multiple Compartments,No Compartments or Pockets,Zip Closure,Shoulder Strap,1 x 1 Rib,Dry Clean,imported,927819449830,,"{""Dimensions (Overall)"": ""5 inches (H) x 10 inches (W) x 13 inches (D)"", ""Shell Material"": ""Polyester"", ""Bag Structure"": ""Lightweight"", ""Interior Features"": ""Multiple Compartments"", ""Exterior Features"": ""No Compartments or Pockets"", ""Main Compartment Closure"": ""Zip Closure"", ""Handle Type"": ""Shoulder Strap"", ""Fabric Name"": ""1 x 1 Rib"", ""Care & Cleaning"": ""Dry Clean"", ""TCIN"": ""1009320840"", ""UPC"": ""927819449830"", ""Origin"": ""imported""}",True,2026-02-23T00:43:33.791114
1008459732,"Evening Purse Women Small Pearl Handbags Soft Leather Ruched Bag Wedding Bridal Clutch Party Prom Black 7.87""x 2.95""x 4.33""",https://www.target.com/p/evening-purse-women-small-pearl-handbags-soft-leather-ruched-bag-wedding-bridal-clutch-party-prom/-/A-1008459732?preselect=1008459731#lnk=sametab,Empire DigiLabs,"Target > Clothing, Shoes & Accessories > Accessories > Handbags & Purses > Clutches",Clutches,59.97,119.94,50.0,True,0.0,0,,False,"size7.87""x 2.95""x 4.33""",,https://target.scene7.com/is/image/Target/GUEST_47b1ddf5-1ec1-4e7b-a38e-1af1705a35a7?wid=1200&hei=1200&qlt=85 | https://target.scene7.com/is/image/Target/GUEST_d5117171-dabb-4c66-8d51-78619458ed44?wid=1200&hei=1200&qlt=85 | https://target.scene7.com/is/image/Target/GUEST_013e56b1-b0d9-4bc1-a551-377b8f9b36e2?wid=1200&hei=1200&qlt=85 | https://target.scene7.com/is/image/Target/GUEST_d3ef487b-8ea5-496b-8d0a-028f57760ac2?wid=1200&hei=1200&qlt=85 | https://target.scene7.com/is/image/Target/GUEST_f47de471-cbff-4870-8208-06e50fc77c63?wid=1200&hei=1200&qlt=85,,,Polyester,"{""H"": ""4.33"", ""W"": ""7.87"", ""D"": ""2.95""}",4.33 inches (H) x 7.87 inches (W) x 2.95 inches (D),Structured,Multiple Compartments,Detachable Straps,Magnetic Closure,Top Carrying Handle,Faux Leather,Spot or Wipe Clean,imported,661309792111,,"{""Dimensions (Overall)"": ""4.33 inches (H) x 7.87 inches (W) x 2.95 inches (D)"", ""Shell Material"": ""Polyester"", ""Bag Structure"": ""Structured"", ""Interior Features"": ""Multiple Compartments"", ""Exterior Features"": ""Detachable Straps"", ""Main Compartment Closure"": ""Magnetic Closure"", ""Handle Type"": ""Top Carrying Handle"", ""Fabric Name"": ""Faux Leather"", ""Care & Cleaning"": ""Spot or Wipe Clean"", ""TCIN"": ""1008459731"", ""UPC"": ""661309792111"", ""Origin"": ""imported""}",True,2026-02-23T00:43:33.791114
1007883111,"Hobo Bags Purse for Women Ultra Soft Foldable Shoulder Slouchy Handbags with Cosmetic bag Classic-khaki 11.5""x4.5""x9.5""",https://www.target.com/p/hobo-bags-purse-for-women-ultra-soft-foldable-shoulder-slouchy-handbags-with-cosmetic-bag/-/A-1007883111?preselect=1007883120#lnk=sametab,Empire DigiLabs,"Target > Clothing, Shoes & Accessories > Accessories > Handbags & Purses > Shoulder Bags",Shoulder Bags,74.97,149.94,50.0,True,1.0,1,,False,"size11.5""x4.5""x9.5""",,https://target.scene7.com/is/image/Target/GUEST_f5a96573-bc7b-4d31-95d0-a55a0d0a2902?wid=1200&hei=1200&qlt=85 | https://target.scene7.com/is/image/Target/GUEST_f430f066-dc4c-4d07-bb7a-c1ff16ffde3f?wid=1200&hei=1200&qlt=85 | https://target.scene7.com/is/image/Target/GUEST_2e82a9d2-1f86-4102-b64b-11998effa056?wid=1200&hei=1200&qlt=85 | https://target.scene7.com/is/image/Target/GUEST_418ffd3c-6afb-43d8-bc08-81b1b2614838?wid=1200&hei=1200&qlt=85 | https://target.scene7.com/is/image/Target/GUEST_60d99625-1733-4efb-bccc-f1148e341868?wid=1200&hei=1200&qlt=85,,,Leather,"{""H"": ""9.5"", ""W"": ""11.5"", ""D"": ""4.5""}",9.5 inches (H) x 11.5 inches (W) x 4.5 inches (D),Softside,Multiple Compartments,No Compartments or Pockets,Magnetic Closure,Adjustable Handle,Faux Leather,Spot or Wipe Clean,imported,661309869981,,"{""Dimensions (Overall)"": ""9.5 inches (H) x 11.5 inches (W) x 4.5 inches (D)"", ""Shell Material"": ""Leather"", ""Bag Structure"": ""Softside"", ""Interior Features"": ""Multiple Compartments"", ""Exterior Features"": ""No Compartments or Pockets"", ""Main Compartment Closure"": ""Magnetic Closure"", ""Handle Type"": ""Adjustable Handle"", ""Fabric Name"": ""Faux Leather"", ""Care & Cleaning"": ""Spot or Wipe Clean"", ""TCIN"": ""1007883120"", ""UPC"": ""661309869981"", ""Origin"": ""imported""}",True,2026-02-23T00:43:33.791114
1009298701,Narwey Tote Bag for Women Top Handle Shoulder Handbag Medium Satchel Purse,https://www.target.com/p/narwey-tote-bag-for-women-top-handle-shoulder-handbag-medium-satchel-purse/-/A-1009298701#lnk=sametab,Narwey,"Target > Clothing, Shoes & Accessories > Accessories > Handbags & Purses > Shoulder Bags",Shoulder Bags,63.99,79.99,20.0,True,0.0,0,,False,,,https://target.scene7.com/is/image/Target/GUEST_450aa9b1-9545-444e-8859-f53721709c49?wid=1200&hei=1200&qlt=85 | https://target.scene7.com/is/image/Target/GUEST_ec1b5ce1-1e7b-42b4-ba8e-f5bb5eead9c2?wid=1200&hei=1200&qlt=85 | https://target.scene7.com/is/image/Target/GUEST_6e68832e-0e90-4cc0-aac4-3ba84832d6de?wid=1200&hei=1200&qlt=85 | https://target.scene7.com/is/image/Target/GUEST_c6059353-30fc-4fc5-897e-625735643e9a?wid=1200&hei=1200&qlt=85 | https://target.scene7.com/is/image/Target/GUEST_03a6099c-7467-463c-b700-e79cf9ce6d96?wid=1200&hei=1200&qlt=85,This tote bag is designed with rich patterns as decoration.; The shoulder bag; The satchel bag measures; Montana West purse has a signature fabric,,Leather,"{""H"": ""5"", ""W"": ""12.2"", ""D"": ""13.5""}",5 inches (H) x 12.2 inches (W) x 13.5 inches (D),Lightweight,Multiple Compartments,No Compartments or Pockets,Zip Closure,Double Handle,1 x 1 Rib,Shake Clean,imported,134703539205,,"{""Dimensions (Overall)"": ""5 inches (H) x 12.2 inches (W) x 13.5 inches (D)"", ""Shell Material"": ""Leather"", ""Bag Structure"": ""Lightweight"", ""Interior Features"": ""Multiple Compartments"", ""Exterior Features"": ""No Compartments or Pockets"", ""Main Compartment Closure"": ""Zip Closure"", ""Handle Type"": ""Double Handle"", ""Fabric Name"": ""1 x 1 Rib"", ""Care & Cleaning"": ""Shake Clean"", ""TCIN"": ""1009298701"", ""UPC"": ""134703539205"", ""Origin"": ""imported""}",True,2026-02-23T00:43:33.791114
1007901827,Women Canvas Hobo Purse Multi Pocket Tote Shopper Shoulder Bag Casual Top Handle handbag Be06grey 11.8 x 13.3 x 4.7,https://www.target.com/p/women-canvas-hobo-purse-multi-pocket-tote-shopper-shoulder-bag-casual-top-handle-handbag/-/A-1007901827?preselect=1007901832#lnk=sametab,Empire DigiLabs,"Target > Clothing, Shoes & Accessories > Accessories > Handbags & Purses",Handbags & Purses,89.97,179.94,50.0,True,0.0,0,,False,size11.8 x 13.3 x 4.7,,https://target.scene7.com/is/image/Target/GUEST_77384c7c-cfbf-42d0-ba70-9b545999bc62?wid=1200&hei=1200&qlt=85 | https://target.scene7.com/is/image/Target/GUEST_80a12688-a62b-4923-a61b-0f0df4f9bc8f?wid=1200&hei=1200&qlt=85 | https://target.scene7.com/is/image/Target/GUEST_1ff4f672-2a62-447a-8062-77c4bda53dba?wid=1200&hei=1200&qlt=85 | https://target.scene7.com/is/image/Target/GUEST_6aba7849-02ad-4954-aeb2-8c34bc39d3c4?wid=1200&hei=1200&qlt=85 | https://target.scene7.com/is/image/Target/GUEST_e824c40e-c04b-439f-83d6-75a910b56e48?wid=1200&hei=1200&qlt=85,,,Leather,"{""H"": ""11.8"", ""W"": ""13.3"", ""D"": ""4.7""}",11.8 inches (H) x 13.3 inches (W) x 4.7 inches (D),Structured,Multiple Compartments,No Compartments or Pockets,Zip Closure,Top Carrying Handle,Faux Leather,Spot or Wipe Clean,imported,661309873766,,"{""Dimensions (Overall)"": ""11.8 inches (H) x 13.3 inches (W) x 4.7 inches (D)"", ""Shell Material"": ""Leather"", ""Bag Structure"": ""Structured"", ""Interior Features"": ""Multiple Compartments"", ""Exterior Features"": ""No Compartments or Pockets"", ""Main Compartment Closure"": ""Zip Closure"", ""Handle Type"": ""Top Carrying Handle"", ""Fabric Name"": ""Faux Leather"", ""Care & Cleaning"": ""Spot or Wipe Clean"", ""TCIN"": ""1007901832"", ""UPC"": ""661309873766"", ""Origin"": ""imported""}",True,2026-02-23T00:43:33.791114
1009302717,Narwey Woven Crossbody Bags for Women Small Fall Cross Body Purse and Boho Handbags with Tassels,https://www.target.com/p/narwey-woven-crossbody-bags-for-women-small-fall-cross-body-purse-and-boho-handbags-with-tassels/-/A-1009302717#lnk=sametab,Narwey,"Target > Clothing, Shoes & Accessories > Accessories > Handbags & Purses > Mini Bags",Mini Bags,41.99,0.0,0.0,False,0.0,0,,False,,,https://target.scene7.com/is/image/Target/GUEST_51181a06-8879-4dc5-a6d1-ddc7102c340c?wid=1200&hei=1200&qlt=85 | https://target.scene7.com/is/image/Target/GUEST_35423c1c-b8d8-4dc0-b333-da5b7bc273d4?wid=1200&hei=1200&qlt=85 | https://target.scene7.com/is/image/Target/GUEST_0f93af94-3d04-45cc-b3f5-d8a5ab24f518?wid=1200&hei=1200&qlt=85 | https://target.scene7.com/is/image/Target/GUEST_9c660fd6-fc03-465c-82cf-1ce28f06d493?wid=1200&hei=1200&qlt=85 | https://target.scene7.com/is/image/Target/GUEST_32bcc54a-122f-4442-85a3-32c812e697d5?wid=1200&hei=1200&qlt=85,Super Soft Faux Leather; Large Capacity & Versatile style; Great choice for gifts; Unique Design,,30% Recycled Polyester,"{""H"": ""6"", ""W"": ""2.8"", ""D"": ""8.5""}",6 inches (H) x 2.8 inches (W) x 8.5 inches (D),Dome,Multiple Compartments,Adjustable Shoulder Strap,Zip Closure,Carrying Handle,1 x 1 Rib,Do Not Wash,imported,854021884275,,"{""Dimensions (Overall)"": ""6 inches (H) x 2.8 inches (W) x 8.5 inches (D)"", ""Shell Material"": ""30% Recycled Polyester"", ""Bag Structure"": ""Dome"", ""Interior Features"": ""Multiple Compartments"", ""Exterior Features"": ""Adjustable Shoulder Strap"", ""Main Compartment Closure"": ""Zip Closure"", ""Handle Type"": ""Carrying Handle"", ""Fabric Name"": ""1 x 1 Rib"", ""Care & Cleaning"": ""Do Not Wash"", ""TCIN"": ""1009302717"", ""UPC"": ""854021884275"", ""Origin"": ""imported""}",True,2026-02-23T00:43:33.791114
1009323135,Narwey Clutch Purses Evening Bag for Women Party Prom Black-Tie Events Velvet Handbag,https://www.target.com/p/narwey-clutch-purses-evening-bag-for-women-party-prom-black-tie-events-velvet-handbag/-/A-1009323135#lnk=sametab,Narwey,"Target > Clothing, Shoes & Accessories > Accessories > Handbags & Purses > Crossbody & Messenger Bags",Crossbody & Messenger Bags,28.99,38.99,25.6,True,0.0,0,,False,,,https://target.scene7.com/is/image/Target/GUEST_9e7a759d-8b26-49f8-8aab-60a6cddfe10d?wid=1200&hei=1200&qlt=85 | https://target.scene7.com/is/image/Target/GUEST_a575a6f9-ff4c-4025-8a3b-e42e48becf91?wid=1200&hei=1200&qlt=85 | https://target.scene7.com/is/image/Target/GUEST_7a1357ef-3c15-4ddb-afbe-18b5c38fa335?wid=1200&hei=1200&qlt=85 | https://target.scene7.com/is/image/Target/GUEST_220247d7-9a25-4f9f-b2c8-7fd1770c2453?wid=1200&hei=1200&qlt=85 | https://target.scene7.com/is/image/Target/GUEST_acd129a2-393d-44a4-b482-7a487d8dc1e9?wid=1200&hei=1200&qlt=85,SOFT MATERIAL; PERFECT SIZE; SUIT ANY EVENTS; SURPRISE GIFT,,,{},,,,,,,,,,,,{},True,2026-02-23T00:43:33.791114
1009121463,Narwey Canvas Handbag Multi-Color Striped Lattice Cross Body Shoulder Purse Bag,https://www.target.com/p/narwey-canvas-handbag-multi-color-striped-lattice-cross-body-shoulder-purse-bag/-/A-1009121463#lnk=sametab,Narwey,"Target > Clothing, Shoes & Accessories > Accessories > Handbags & Purses > Shoulder Bags",Shoulder Bags,51.99,61.99,16.1,True,0.0,0,,False,,,https://target.scene7.com/is/image/Target/GUEST_c45a51fc-ab60-4917-b732-2962fd6beb2b?wid=1200&hei=1200&qlt=85 | https://target.scene7.com/is/image/Target/GUEST_6441153f-7410-4518-b0f4-e2dc4c4ceae0?wid=1200&hei=1200&qlt=85 | https://target.scene7.com/is/image/Target/GUEST_726352aa-831c-44bd-97dd-fbbcf5a81193?wid=1200&hei=1200&qlt=85 | https://target.scene7.com/is/image/Target/GUEST_71d06476-4b7c-4d28-8610-c2cc19d81029?wid=1200&hei=1200&qlt=85 | https://target.scene7.com/is/image/Target/GUEST_263c6aa5-6d36-4268-8538-316c473dccce?wid=1200&hei=1200&qlt=85,Material; Removable and adjustable shoulder strap,,,{},,,,,,,,,,,,{},True,2026-02-23T00:43:33.791114
1009162404,Narwey Little Girls Toddler Crossbody Purse Mini Princess Handbag Pearl Handle Shoulder Bag,https://www.target.com/p/narwey-little-girls-toddler-crossbody-purse-mini-princess-handbag-pearl-handle-shoulder-bag/-/A-1009162404#lnk=sametab,Narwey,"Target > Clothing, Shoes & Accessories > Accessories > Kids’ Accessories > Girls’ Accessories > Bags",Bags,38.99,45.99,15.2,True,0.0,0,,False,,,https://target.scene7.com/is/image/Target/GUEST_6cca948c-c42e-4cfb-93d6-ab046656dce1?wid=1200&hei=1200&qlt=85 | https://target.scene7.com/is/image/Target/GUEST_b0545dab-d19a-4357-bfa6-44aa19c2575d?wid=1200&hei=1200&qlt=85 | https://target.scene7.com/is/image/Target/GUEST_30033398-642f-453b-a7c9-33a76de8a41c?wid=1200&hei=1200&qlt=85 | https://target.scene7.com/is/image/Target/GUEST_a1ad4a00-9f40-4c6a-911a-2e223f290499?wid=1200&hei=1200&qlt=85 | https://target.scene7.com/is/image/Target/GUEST_bd8433a3-edac-43fc-a6d5-82ba382ed01c?wid=1200&hei=1200&qlt=85,❀Suggest Age: over 3 years old.; ❀PREMIUM QUALITY; ❀UNIQUE DESIGN; ❀GIFT FOR GIRLS,,,{},,,,,,,,,,,,{},True,2026-02-23T00:43:33.791114
1009443583,"Narwey Crossbody Purses for Women Trendy,Vegan Leather Crossbody Bags",https://www.target.com/p/narwey-crossbody-purses-for-women-trendy-vegan-leather-crossbody-bags/-/A-1009443583#lnk=sametab,Narwey,"Target > Clothing, Shoes & Accessories > Accessories > Handbags & Purses > Crossbody & Messenger Bags",Crossbody & Messenger Bags,59.99,79.99,25.0,True,0.0,0,,False,,,https://target.scene7.com/is/image/Target/GUEST_77896545-d3e3-4773-b2a1-0532e27b4485?wid=1200&hei=1200&qlt=85 | https://target.scene7.com/is/image/Target/GUEST_0966d71a-4e00-4172-8160-e63d08343f04?wid=1200&hei=1200&qlt=85 | https://target.scene7.com/is/image/Target/GUEST_357441b4-aa5f-422a-ad3e-d1fd200ca788?wid=1200&hei=1200&qlt=85 | https://target.scene7.com/is/image/Target/GUEST_62dd0350-d6d3-461e-bcc5-9cab3e6ce2e8?wid=1200&hei=1200&qlt=85 | https://target.scene7.com/is/image/Target/GUEST_8bdf7ee3-9ee2-4157-9c42-9c322c5741aa?wid=1200&hei=1200&qlt=85,Soft Leather Crossbody Bag; Lightweight Crossbody Purse; Multi Pockets Shoulder Handbags; Multi-Functional Shoulder Bag,,Leather,"{""H"": ""6.42"", ""W"": ""2.68"", ""D"": ""12.24""}",6.42 inches (H) x 2.68 inches (W) x 12.24 inches (D),Lightweight,Multiple Compartments,Zip Pocket,Zip Closure,Shoulder Strap,1 x 1 Rib,Spot or Wipe Clean,imported,163518697275,,"{""Dimensions (Overall)"": ""6.42 inches (H) x 2.68 inches (W) x 12.24 inches (D)"", ""Shell Material"": ""Leather"", ""Bag Structure"": ""Lightweight"", ""Interior Features"": ""Multiple Compartments"", ""Exterior Features"": ""Zip Pocket"", ""Main Compartment Closure"": ""Zip Closure"", ""Handle Type"": ""Shoulder Strap"", ""Fabric Name"": ""1 x 1 Rib"", ""Care & Cleaning"": ""Spot or Wipe Clean"", ""TCIN"": ""1009443583"", ""UPC"": ""163518697275"", ""Origin"": ""imported""}",True,2026-02-23T00:43:33.791114
1007936551,Cherry Shoulder Bag Purse Faux Leather Tote Handbag Trendy Chain Crossbody Bag Coffee 9.84‘’x7.87''x3.54'',https://www.target.com/p/cherry-shoulder-bag-purse-faux-leather-tote-handbag-trendy-chain-crossbody-bag/-/A-1007936551?preselect=1007936556#lnk=sametab,Empire DigiLabs,"Target > Clothing, Shoes & Accessories > Accessories > Handbags & Purses",Handbags & Purses,158.97,317.94,50.0,True,0.0,0,,False,size9.84‘’x7.87''x3.54'',,https://target.scene7.com/is/image/Target/GUEST_0ff35337-58bd-47a0-933b-56d0dca750a1?wid=1200&hei=1200&qlt=85 | https://target.scene7.com/is/image/Target/GUEST_2bd3cda6-59ef-46a5-825e-51e157e926b1?wid=1200&hei=1200&qlt=85 | https://target.scene7.com/is/image/Target/GUEST_41b557ec-1d94-45a5-808e-621766bd3404?wid=1200&hei=1200&qlt=85 | https://target.scene7.com/is/image/Target/GUEST_f7b999ba-299c-4bf6-8864-74d735d42368?wid=1200&hei=1200&qlt=85 | https://target.scene7.com/is/image/Target/GUEST_9561caec-3a7e-4eb6-af3d-902ef78a97d2?wid=1200&hei=1200&qlt=85,,,,{},,,,,,,,,,,,{},True,2026-02-23T00:43:33.791114
1004940412,Sanrio Hello Kitty and Friends Kuromi Women's Top Handle Satchel Handbag Faux Leather Cossbody Purse Black,https://www.target.com/p/sanrio-hello-kitty-and-friends-kuromi-women-s-top-handle-satchel-handbag-faux-leather-cossbody-purse-black/-/A-1004940412#lnk=sametab,Fast Forward,"Target > Clothing, Shoes & Accessories > Accessories > Handbags & Purses > Satchels",Satchels,37.49,58.95,36.4,True,0.0,0,,False,,,https://target.scene7.com/is/image/Target/GUEST_e9314cd3-72cd-4a36-9e2e-69be15265301?wid=1200&hei=1200&qlt=85 | https://target.scene7.com/is/image/Target/GUEST_a512a688-3b2c-436e-87eb-98ba0f9e492c?wid=1200&hei=1200&qlt=85 | https://target.scene7.com/is/image/Target/GUEST_cd365a33-5b2c-4ae3-8d98-9cb42a5c9631?wid=1200&hei=1200&qlt=85 | https://target.scene7.com/is/image/Target/GUEST_aac09c1d-29c9-46c6-a5b5-11f46585a322?wid=1200&hei=1200&qlt=85 | https://target.scene7.com/is/image/Target/GUEST_12ae27fd-ee0b-4a6f-be7d-bdace062359a?wid=1200&hei=1200&qlt=85,"Structured Base with Protective Features: Metal feet on the bottom of the bag shield it from damage when placed on surfaces. Measuring 10.5 x 10.5 x 5 inches, this satchel provides ample space for daily essentials while keeps a compact and easy-to-carry design.; Convertible Wear with Top Handle or Strap: Carry it your way — the 4"" drop top handles are designed for hand-carrying or forearm wear, while the adjustable, removable shoulder strap provides a crossbody option for hands-free use. The main compartment secures with double zippers, along with flap closures that snap into place.; Character Design in 3D Detail: This satchel features Kuromi’s face on the front panel, complete with her signature jester-style hat points extending from the body of the bag. The 3D character details add personality to the structured silhouette in a matte black finish with pink and white accents.; Textured Finish and Lined Interior: Made from durable saffiano faux leather, the exterior maintains its shape and resists surface scratches. Inside, the soft pink lining includes a zippered pocket and two slip compartments to help organize your phone, wallet, and small items.; Everyday Fit and Use: With its combination of size, character design, and interior storage, this bag is suitable for daily wear or light outings. Spot clean only. Not intended for children under 3 years of age.",,Polyurethane,"{""H"": ""5"", ""W"": ""13"", ""D"": ""15""}",5 inches (H) x 13 inches (W) x 15 inches (D),Structured,Multiple Compartments,Snap Pocket,Zip Closure,Polyurethane,Microplush,Spot or Wipe Clean,made in the USA or imported,840716286219,,"{""Dimensions (Overall)"": ""5 inches (H) x 13 inches (W) x 15 inches (D)"", ""Shell Material"": ""Polyester"", ""Bag Structure"": ""Structured"", ""Interior Features"": ""Multiple Compartments"", ""Exterior Features"": ""Snap Pocket"", ""Main Compartment Closure"": ""Zip Closure"", ""Handle Type"": ""Shoulder Strap"", ""Fabric Name"": ""Microplush"", ""Handle Material"": ""Polyurethane"", ""Fits Laptop"": ""No Laptop Pocket"", ""Battery"": ""No Battery Used"", ""Care & Cleaning"": ""Spot or Wipe Clean"", ""TCIN"": ""1004940412"", ""UPC"": ""840716286219"", ""Origin"": ""made in the USA or imported""}",True,2026-02-23T00:43:33.791114
1009414302,Narwey Satchel Purses and Handbags for Women Leather Crossbody Bags Shoulder Tote Bags,https://www.target.com/p/narwey-satchel-purses-and-handbags-for-women-leather-crossbody-bags-shoulder-tote-bags/-/A-1009414302#lnk=sametab,Narwey,"Target > Clothing, Shoes & Accessories > Accessories > Handbags & Purses > Mini Bags",Mini Bags,65.99,69.99,5.7,True,0.0,0,,False,,,https://target.scene7.com/is/image/Target/GUEST_12b6b947-758b-4a2e-b996-87b322baccdf?wid=1200&hei=1200&qlt=85 | https://target.scene7.com/is/image/Target/GUEST_32e5ceed-d9d2-42ec-83fd-342ee926de3c?wid=1200&hei=1200&qlt=85 | https://target.scene7.com/is/image/Target/GUEST_fcb78980-ce36-4e6e-ba72-fc087b68bc32?wid=1200&hei=1200&qlt=85 | https://target.scene7.com/is/image/Target/GUEST_b7256c92-edc5-4a50-bcc5-0d32e6a31087?wid=1200&hei=1200&qlt=85 | https://target.scene7.com/is/image/Target/GUEST_9dbcd5cc-43fc-41a3-a304-0d4df4860248?wid=1200&hei=1200&qlt=85,"Pu Leather; Different Ways to Carry; Synthetic Material; The bag can hold an iPad mini, phone, wallet ,cosmetic and some small stuff.",,TPU (Thermoplastic Polyurethane),"{""H"": ""11.81"", ""W"": ""5.12"", ""D"": ""8.27""}",11.81 inches (H) x 5.12 inches (W) x 8.27 inches (D),Dome,Multiple Compartments,Adjustable Shoulder Strap,Zip Closure,Adjustable Shoulder Strap,2 x 2 Rib,Do Not Wash,imported,698932467260,,"{""Dimensions (Overall)"": ""11.81 inches (H) x 5.12 inches (W) x 8.27 inches (D)"", ""Shell Material"": ""TPU (Thermoplastic Polyurethane)"", ""Bag Structure"": ""Dome"", ""Interior Features"": ""Multiple Compartments"", ""Exterior Features"": ""Adjustable Shoulder Strap"", ""Main Compartment Closure"": ""Zip Closure"", ""Handle Type"": ""Adjustable Shoulder Strap"", ""Fabric Name"": ""2 x 2 Rib"", ""Care & Cleaning"": ""Do Not Wash"", ""TCIN"": ""1009414302"", ""UPC"": ""698932467260"", ""Origin"": ""imported""}",True,2026-02-23T00:43:33.791114
1009443880,Narwey Top-Handle Crocodile Purses For Women Crossbody Leather Bags,https://www.target.com/p/narwey-top-handle-crocodile-purses-for-women-crossbody-leather-bags/-/A-1009443880#lnk=sametab,Narwey,"Target > Clothing, Shoes & Accessories > Accessories > Handbags & Purses > Shoulder Bags",Shoulder Bags,80.99,99.99,19.0,True,0.0,0,,False,,,https://target.scene7.com/is/image/Target/GUEST_f9138809-a72e-470d-a55c-4f91c22f45dc?wid=1200&hei=1200&qlt=85 | https://target.scene7.com/is/image/Target/GUEST_9138fd29-0d76-41f9-af28-3fa24fa1ab1e?wid=1200&hei=1200&qlt=85 | https://target.scene7.com/is/image/Target/GUEST_d3ffe15e-cb03-4936-bebc-b9386254e128?wid=1200&hei=1200&qlt=85 | https://target.scene7.com/is/image/Target/GUEST_d97b3a4e-9e5b-45b7-8638-520a3b1dcc75?wid=1200&hei=1200&qlt=85 | https://target.scene7.com/is/image/Target/GUEST_7a0dc7ef-6bfd-49c7-b91c-23c4a96b1375?wid=1200&hei=1200&qlt=85,PU leather; Imported; High-Quality Materials:; Fashion Crocodile,,Leather,"{""H"": ""10.51"", ""W"": ""4.72"", ""D"": ""12.87""}",10.51 inches (H) x 4.72 inches (W) x 12.87 inches (D),Lightweight,Multiple Compartments,No Compartments or Pockets,Zip Closure,Shoulder Strap,1 x 1 Rib,Spot or Wipe Clean,imported,782843969989,,"{""Dimensions (Overall)"": ""10.51 inches (H) x 4.72 inches (W) x 12.87 inches (D)"", ""Shell Material"": ""Leather"", ""Bag Structure"": ""Lightweight"", ""Interior Features"": ""Multiple Compartments"", ""Exterior Features"": ""No Compartments or Pockets"", ""Main Compartment Closure"": ""Zip Closure"", ""Handle Type"": ""Shoulder Strap"", ""Fabric Name"": ""1 x 1 Rib"", ""Care & Cleaning"": ""Spot or Wipe Clean"", ""TCIN"": ""1009443880"", ""UPC"": ""782843969989"", ""Origin"": ""imported""}",True,2026-02-23T00:43:33.791114
1009116649,Narwey Crossbody Bags for Women Hobo Purses Shoulder Handbags Vegan Leather,https://www.target.com/p/narwey-crossbody-bags-for-women-hobo-purses-shoulder-handbags-vegan-leather/-/A-1009116649#lnk=sametab,Narwey,"Target > Clothing, Shoes & Accessories > Accessories > Handbags & Purses > Shoulder Bags",Shoulder Bags,49.99,59.99,16.7,True,0.0,0,,False,,,https://target.scene7.com/is/image/Target/GUEST_2cbe0824-ebcd-45de-ae66-a6f5ea06d3c8?wid=1200&hei=1200&qlt=85 | https://target.scene7.com/is/image/Target/GUEST_754efbf7-59d1-4189-a496-bc36cc5a5f0d?wid=1200&hei=1200&qlt=85 | https://target.scene7.com/is/image/Target/GUEST_946abda1-a799-4a54-84ca-04d77c7bee5f?wid=1200&hei=1200&qlt=85 | https://target.scene7.com/is/image/Target/GUEST_0ed36031-6fd1-4115-a160-0ae8edbc5163?wid=1200&hei=1200&qlt=85 | https://target.scene7.com/is/image/Target/GUEST_816228dc-00d3-402d-a722-6fe2f2364bbd?wid=1200&hei=1200&qlt=85,Purse Dimension; Multi-Pocket Womens Purse; Durable Crossbody Bags; Wide Strap Designed,,Nylon,"{""H"": ""10.43"", ""W"": ""4.13"", ""D"": ""12.6""}",10.43 inches (H) x 4.13 inches (W) x 12.6 inches (D),Unstructured,Zip Pocket,Multiple Compartments,Zip Closure,Single handle,Novelty,Do Not Wash,imported,185723374017,,"{""Dimensions (Overall)"": ""10.43 inches (H) x 4.13 inches (W) x 12.6 inches (D)"", ""Shell Material"": ""Nylon"", ""Bag Structure"": ""Unstructured"", ""Interior Features"": ""Zip Pocket"", ""Exterior Features"": ""Multiple Compartments"", ""Main Compartment Closure"": ""Zip Closure"", ""Handle Type"": ""Single handle"", ""Fabric Name"": ""Novelty"", ""Care & Cleaning"": ""Do Not Wash"", ""TCIN"": ""1009116649"", ""UPC"": ""185723374017"", ""Origin"": ""imported""}",True,2026-02-23T00:43:33.791114
1008459931,"Clutch Purses for Women Evening Bag Pleated Clutch Bag with Chain for Wedding Party Gold 7.5""x 3.9""x 1.5""",https://www.target.com/p/clutch-purses-for-women-evening-bag-pleated-clutch-bag-with-chain-for-wedding-party/-/A-1008459931?preselect=1008459934#lnk=sametab,Empire DigiLabs,"Target > Clothing, Shoes & Accessories > Accessories > Handbags & Purses > Clutches",Clutches,74.97,149.94,50.0,True,0.0,0,,False,"size7.5""x 3.9""x 1.5""",,https://target.scene7.com/is/image/Target/GUEST_7beee274-1000-48fb-beb1-0ee5c22fb618?wid=1200&hei=1200&qlt=85 | https://target.scene7.com/is/image/Target/GUEST_7821d74f-7a45-4dd7-864b-e7323ce4084c?wid=1200&hei=1200&qlt=85 | https://target.scene7.com/is/image/Target/GUEST_1f8f0217-7fc2-4308-80e4-e4f896f75e2c?wid=1200&hei=1200&qlt=85 | https://target.scene7.com/is/image/Target/GUEST_754c1cd7-190e-4af7-98d5-440a18acde62?wid=1200&hei=1200&qlt=85 | https://target.scene7.com/is/image/Target/GUEST_a6a158a5-4332-401d-a067-5631430379e4?wid=1200&hei=1200&qlt=85,,,Polyester,"{""H"": ""3.9"", ""W"": ""7.5"", ""D"": ""1.5""}",3.9 inches (H) x 7.5 inches (W) x 1.5 inches (D),Structured,Multiple Compartments,Detachable Straps,Buckle Closure,No Handles or Straps,Novelty,Spot or Wipe Clean,imported,661309792548,,"{""Dimensions (Overall)"": ""3.9 inches (H) x 7.5 inches (W) x 1.5 inches (D)"", ""Shell Material"": ""Polyester"", ""Bag Structure"": ""Structured"", ""Interior Features"": ""Multiple Compartments"", ""Exterior Features"": ""Detachable Straps"", ""Main Compartment Closure"": ""Buckle Closure"", ""Handle Type"": ""No Handles or Straps"", ""Fabric Name"": ""Novelty"", ""Care & Cleaning"": ""Spot or Wipe Clean"", ""TCIN"": ""1008459934"", ""UPC"": ""661309792548"", ""Origin"": ""imported""}",True,2026-02-23T00:43:33.791114
1009361329,Narwey Crossbody Bags for Women Trendy Leather Crossbody Purse,https://www.target.com/p/narwey-crossbody-bags-for-women-trendy-leather-crossbody-purse/-/A-1009361329#lnk=sametab,Narwey,"Target > Clothing, Shoes & Accessories > Accessories > Handbags & Purses > Crossbody & Messenger Bags",Crossbody & Messenger Bags,51.99,69.99,25.7,True,0.0,0,,False,,,https://target.scene7.com/is/image/Target/GUEST_e6dbd360-495d-4a1d-a428-dfa7065414cb?wid=1200&hei=1200&qlt=85 | https://target.scene7.com/is/image/Target/GUEST_b77a4717-6f5e-4e87-b189-158b91583100?wid=1200&hei=1200&qlt=85 | https://target.scene7.com/is/image/Target/GUEST_0590bd6a-9a53-470d-9045-8c19e1c0a692?wid=1200&hei=1200&qlt=85 | https://target.scene7.com/is/image/Target/GUEST_460bbf35-4e14-4a85-b055-e5a14c9fbb42?wid=1200&hei=1200&qlt=85 | https://target.scene7.com/is/image/Target/GUEST_d9752d87-e9f7-4687-9f52-163c9a2c5373?wid=1200&hei=1200&qlt=85,Premium PU Leather; Lightweight; Adjustable Strap & Tassel:; Spacious & Organized,,Nylon,"{""H"": ""7.56"", ""W"": ""2.05"", ""D"": ""10.16""}",7.56 inches (H) x 2.05 inches (W) x 10.16 inches (D),Lightweight,Multiple Compartments,Zip Pocket,Zip Closure,Shoulder Strap,1 x 1 Rib,Spot or Wipe Clean,imported,342301711323,,"{""Dimensions (Overall)"": ""7.56 inches (H) x 2.05 inches (W) x 10.16 inches (D)"", ""Shell Material"": ""Nylon"", ""Bag Structure"": ""Lightweight"", ""Interior Features"": ""Multiple Compartments"", ""Exterior Features"": ""Zip Pocket"", ""Main Compartment Closure"": ""Zip Closure"", ""Handle Type"": ""Shoulder Strap"", ""Fabric Name"": ""1 x 1 Rib"", ""Care & Cleaning"": ""Spot or Wipe Clean"", ""TCIN"": ""1009361329"", ""UPC"": ""342301711323"", ""Origin"": ""imported""}",True,2026-02-23T00:43:33.791114
1008450859,Sparkly Diamond Evening Bag Clutch Purses for Women Rhinestone for Party Prom Cocktail Wedding Silver  6.69*4.33*5.91,https://www.target.com/p/sparkly-diamond-evening-bag-clutch-purses-for-women-rhinestone-for-party-prom-cocktail-wedding/-/A-1008450859?preselect=1008450861#lnk=sametab,Empire DigiLabs,"Target > Clothing, Shoes & Accessories > Accessories > Handbags & Purses > Clutches",Clutches,89.97,179.94,50.0,True,0.0,0,,False,size6.69*4.33*5.91,,https://target.scene7.com/is/image/Target/GUEST_8066b851-9529-4745-85a0-5ed55b9a3e81?wid=1200&hei=1200&qlt=85 | https://target.scene7.com/is/image/Target/GUEST_dac5790d-78f9-4e06-a89d-cfb4507247ea?wid=1200&hei=1200&qlt=85 | https://target.scene7.com/is/image/Target/GUEST_f3c60192-4db8-4cac-9609-79254b94a7ba?wid=1200&hei=1200&qlt=85 | https://target.scene7.com/is/image/Target/GUEST_8744e179-0777-49f4-acc7-a3a43e0f5e1b?wid=1200&hei=1200&qlt=85 | https://target.scene7.com/is/image/Target/GUEST_12cada0b-8127-40cd-881a-60b97e2555d9?wid=1200&hei=1200&qlt=85,,,Polyester,"{""H"": ""5.91"", ""W"": ""6.69"", ""D"": ""4.33""}",5.91 inches (H) x 6.69 inches (W) x 4.33 inches (D),Structured,Multiple Compartments,Detachable Straps,Cinched closure,Top Carrying Handle,Novelty,Spot or Wipe Clean,imported,661309791497,,"{""Dimensions (Overall)"": ""5.91 inches (H) x 6.69 inches (W) x 4.33 inches (D)"", ""Shell Material"": ""Polyester"", ""Bag Structure"": ""Structured"", ""Interior Features"": ""Multiple Compartments"", ""Exterior Features"": ""Detachable Straps"", ""Main Compartment Closure"": ""Cinched closure"", ""Handle Type"": ""Top Carrying Handle"", ""Fabric Name"": ""Novelty"", ""Care & Cleaning"": ""Spot or Wipe Clean"", ""TCIN"": ""1008450861"", ""UPC"": ""661309791497"", ""Origin"": ""imported""}",True,2026-02-23T00:43:33.791114
1008708666,"Women's Clutch Purses Formal, Evening Bag with Detachable Chain and Trendy Metal Handle for Formal Events Dinners Weddings Parties",https://www.target.com/p/women-s-clutch-purses-formal-evening-bag-with-detachable-chain-and-trendy-metal-handle-for-formal-events-dinners-weddings-parties/-/A-1008708666#lnk=sametab,CuisinSmart,"Target > Clothing, Shoes & Accessories > Accessories > Handbags & Purses > Crossbody & Messenger Bags",Crossbody & Messenger Bags,36.99,50.99,27.5,True,0.0,0,,False,,,https://target.scene7.com/is/image/Target/GUEST_0f08f2f4-b635-4d21-be9d-4dfbd89b0166?wid=1200&hei=1200&qlt=85 | https://target.scene7.com/is/image/Target/GUEST_61438616-4a38-428e-a246-bf0353bee8a0?wid=1200&hei=1200&qlt=85 | https://target.scene7.com/is/image/Target/GUEST_905fe69e-9abd-457b-bde6-31d8728886ae?wid=1200&hei=1200&qlt=85 | https://target.scene7.com/is/image/Target/GUEST_55aeb095-c5a6-4ea9-8bb0-6ad3fe55cd3b?wid=1200&hei=1200&qlt=85 | https://target.scene7.com/is/image/Target/GUEST_ff98dc32-b127-4905-9b1a-61dcb8302f38?wid=1200&hei=1200&qlt=85,"CHIC MODERN-VINTAGE DESIGN – Make an unforgettable impression with this elegant evening purse for women. Designed with premium PU leather and a stylish arched metal handle, it perfectly combines classic vintage charm with a sleek modern twist.; COMPACT YET ROOMY INTERIOR – Measuring 7.7 × 2.7 × 4.1 inches, this small evening purse comfortably fits your —phone, lipstick, cash, cards, tissues, and makeup. Stay organized while exuding effortless sophistication.; LUXURIOUS MATERIAL & LASTING FINISH – Crafted from high-quality PU leather with an electroplated metal handle, this women’s bag features a smooth, soft texture and a polished shine that resists scratches and fading—keeping your look flawless.; DETACHABLE CHAIN FOR MULTIPLE STYLES – Includes a removable metal chain strap for versatile wear. Carry it as a classy , a shoulder bag, or a crossbody purse—switch styles instantly to suit any occasion or outfit.; PERFECT FOR ANY ELEGANT OCCASION – A must-have accessory for weddings, proms, date nights, and formal dinners. This women’s evening handbag adds timeless elegance and practicality to every ensemble, making it an ideal gift or wardrobe essential.",,10% Recycled Cotton,"{""H"": ""2.1"", ""W"": ""4.7"", ""D"": ""7.7""}",2.1 inches (H) x 4.7 inches (W) x 7.7 inches (D),Dome,Credit Card Pockets,Cell Phone Pocket,Zip Closure,Comfort-Grip Handle,Elastic,Air Dry,imported,820567107871,,"{""Dimensions (Overall)"": ""2.1 inches (H) x 4.7 inches (W) x 7.7 inches (D)"", ""Shell Material"": ""10% Recycled Cotton"", ""Bag Structure"": ""Dome"", ""Interior Features"": ""Credit Card Pockets"", ""Exterior Features"": ""Cell Phone Pocket"", ""Main Compartment Closure"": ""Zip Closure"", ""Handle Type"": ""Comfort-Grip Handle"", ""Fabric Name"": ""Elastic"", ""Care & Cleaning"": ""Air Dry"", ""TCIN"": ""1008708666"", ""UPC"": ""820567107871"", ""Origin"": ""imported""}",True,2026-02-23T00:44:30.487427
1009282618,"Narwey Purse for Women, Vintage Leather Shoulder Handbag",https://www.target.com/p/narwey-purse-for-women-vintage-leather-shoulder-handbag/-/A-1009282618#lnk=sametab,Narwey,"Target > Clothing, Shoes & Accessories > Accessories > Handbags & Purses > Shoulder Bags",Shoulder Bags,68.99,79.99,13.8,True,0.0,0,,False,,,https://target.scene7.com/is/image/Target/GUEST_df19653f-571b-4887-852e-0c320f3fdd3d?wid=1200&hei=1200&qlt=85 | https://target.scene7.com/is/image/Target/GUEST_d57bcca2-aff4-4979-a087-77d6c2f7fbbe?wid=1200&hei=1200&qlt=85 | https://target.scene7.com/is/image/Target/GUEST_9429f6c2-edfe-4d4a-be2c-b189419a608c?wid=1200&hei=1200&qlt=85 | https://target.scene7.com/is/image/Target/GUEST_8168cff1-eecf-4ecb-9da9-979ee9c526c1?wid=1200&hei=1200&qlt=85 | https://target.scene7.com/is/image/Target/GUEST_89191403-eaf6-4fa2-b964-d75b4ae4804d?wid=1200&hei=1200&qlt=85,Timeless Front Seams; Effortless Chic for Every Day; Vintage-Style Leather; Compact Yet Efficient Storage,,Leather,"{""H"": ""1"", ""W"": ""2"", ""D"": ""2""}",1 inches (H) x 2 inches (W) x 2 inches (D),Lightweight,Multiple Compartments,Multiple Compartments,Zip Closure,Double Handle,1 x 1 Rib,Shake Clean,imported,687252807368,,"{""Dimensions (Overall)"": ""1 inches (H) x 2 inches (W) x 2 inches (D)"", ""Shell Material"": ""Leather"", ""Bag Structure"": ""Lightweight"", ""Interior Features"": ""Multiple Compartments"", ""Exterior Features"": ""Multiple Compartments"", ""Main Compartment Closure"": ""Zip Closure"", ""Handle Type"": ""Double Handle"", ""Fabric Name"": ""1 x 1 Rib"", ""Care & Cleaning"": ""Shake Clean"", ""TCIN"": ""1009282618"", ""UPC"": ""687252807368"", ""Origin"": ""imported""}",True,2026-02-23T00:44:30.487427
1009319558,Narwey Clear Crossbody Clutch Purse Bag for Women Stadium Events with Gold Studded Rivet,https://www.target.com/p/narwey-clear-crossbody-clutch-purse-bag-for-women-stadium-events-with-gold-studded-rivet/-/A-1009319558#lnk=sametab,Narwey,"Target > Clothing, Shoes & Accessories > Accessories > Handbags & Purses > Crossbody & Messenger Bags",Crossbody & Messenger Bags,40.99,59.99,31.7,True,0.0,0,,False,,,https://target.scene7.com/is/image/Target/GUEST_117dd63e-849a-42f8-b903-ece2caeccb47?wid=1200&hei=1200&qlt=85 | https://target.scene7.com/is/image/Target/GUEST_c1705ea8-6473-4a8d-862c-9acf9022a5be?wid=1200&hei=1200&qlt=85 | https://target.scene7.com/is/image/Target/GUEST_34c9603d-cce0-4a51-bea8-aac2366d06f5?wid=1200&hei=1200&qlt=85 | https://target.scene7.com/is/image/Target/GUEST_ddb16c15-3659-40a1-b8b3-6865093299ea?wid=1200&hei=1200&qlt=85 | https://target.scene7.com/is/image/Target/GUEST_646d6cdc-64e1-409c-bc01-46d1906d8ff6?wid=1200&hei=1200&qlt=85,Clear Bag for Stadium Events; Practical For All Occasions; Rivet Decor & Removable Crossbody Strap; Sturdy Material & Roomy Space,,PVC (Polyvinyl Chloride),"{""H"": ""7.5"", ""W"": ""2"", ""D"": ""6""}",7.5 inches (H) x 2 inches (W) x 6 inches (D),Dome,Multiple Compartments,No Compartments or Pockets,Buckle Closure,Single handle,2 x 2 Rib,Do Not Wash,imported,733360750475,,"{""Dimensions (Overall)"": ""7.5 inches (H) x 2 inches (W) x 6 inches (D)"", ""Shell Material"": ""PVC (Polyvinyl Chloride)"", ""Bag Structure"": ""Dome"", ""Interior Features"": ""Multiple Compartments"", ""Exterior Features"": ""No Compartments or Pockets"", ""Main Compartment Closure"": ""Buckle Closure"", ""Handle Type"": ""Single handle"", ""Fabric Name"": ""2 x 2 Rib"", ""Care & Cleaning"": ""Do Not Wash"", ""TCIN"": ""1009319558"", ""UPC"": ""733360750475"", ""Origin"": ""imported""}",True,2026-02-23T00:44:30.487427
1009329238,Narwey Clear Purse for Stadium Events Clear Messenger Crossbody Bag,https://www.target.com/p/narwey-clear-purse-for-stadium-events-clear-messenger-crossbody-bag/-/A-1009329238#lnk=sametab,Narwey,"Target > Clothing, Shoes & Accessories > Accessories > Handbags & Purses",Handbags & Purses,30.99,45.99,32.6,True,0.0,0,,False,,,https://target.scene7.com/is/image/Target/GUEST_bbc1608e-188a-4faf-910a-6df7d3f66bc6?wid=1200&hei=1200&qlt=85 | https://target.scene7.com/is/image/Target/GUEST_aa43cd6f-31e3-46a6-ae18-501f2b0eba75?wid=1200&hei=1200&qlt=85 | https://target.scene7.com/is/image/Target/GUEST_6963c384-a5f1-41d8-a778-6a8061aba202?wid=1200&hei=1200&qlt=85 | https://target.scene7.com/is/image/Target/GUEST_c7c06f01-c5fc-4f2e-ae34-4950f59d1375?wid=1200&hei=1200&qlt=85 | https://target.scene7.com/is/image/Target/GUEST_e8b383c5-eb0d-4b1a-a633-5d63b5f4d4d3?wid=1200&hei=1200&qlt=85,Stadium Approved Clear Bag; Sturdy Clear Purse; Convenient Front Pocket; Waterproof - Keeps Items Dry,,PVC (Polyvinyl Chloride),"{""H"": ""7.2"", ""W"": ""2.8"", ""D"": ""8.6""}",7.2 inches (H) x 2.8 inches (W) x 8.6 inches (D),Dome,Multiple Compartments,No Compartments or Pockets,Zip Closure,Single handle,2 x 2 Rib,Do Not Wash,imported,199808554478,,"{""Dimensions (Overall)"": ""7.2 inches (H) x 2.8 inches (W) x 8.6 inches (D)"", ""Shell Material"": ""PVC (Polyvinyl Chloride)"", ""Bag Structure"": ""Dome"", ""Interior Features"": ""Multiple Compartments"", ""Exterior Features"": ""No Compartments or Pockets"", ""Main Compartment Closure"": ""Zip Closure"", ""Handle Type"": ""Single handle"", ""Fabric Name"": ""2 x 2 Rib"", ""Care & Cleaning"": ""Do Not Wash"", ""TCIN"": ""1009329238"", ""UPC"": ""199808554478"", ""Origin"": ""imported""}",True,2026-02-23T00:44:30.487427
1003529616,Signare USA British Museum Egyptian Convertible Top Handle Purse Handbag,https://www.target.com/p/signare-usa-british-museum-egyptian-convertible-top-handle-purse-handbag/-/A-1003529616#lnk=sametab,Signare USA,"Target > Clothing, Shoes & Accessories > Accessories > Handbags & Purses",Handbags & Purses,46.99,76.99,39.0,True,0.0,0,,False,,,https://target.scene7.com/is/image/Target/GUEST_98f6006d-bf63-4ec7-92fe-8d466d6759d5?wid=1200&hei=1200&qlt=85 | https://target.scene7.com/is/image/Target/GUEST_b7f73f7a-1a41-435f-9a7c-49d828e5547f?wid=1200&hei=1200&qlt=85 | https://target.scene7.com/is/image/Target/GUEST_73711180-7499-47fb-a1e5-a42136b3e983?wid=1200&hei=1200&qlt=85 | https://target.scene7.com/is/image/Target/GUEST_63b0e898-b4f0-457a-b384-d84c994d390a?wid=1200&hei=1200&qlt=85 | https://target.scene7.com/is/image/Target/GUEST_eedc3d06-f377-40be-8a65-bc0ad0e8367d?wid=1200&hei=1200&qlt=85,"Perfect as a day or night bag for all your essentials; With removable shoulder strap included, you have the option to wear it as a cross body or shoulder bag; Faux leather handle and detachable shoulder strap included; Shoulder drop length: 21”, Max strap length: 45”",,Polyester,"{""H"": ""9"", ""W"": ""14"", ""D"": ""5""}",9 inches (H) x 14 inches (W) x 5 inches (D),Structured,Slip Pocket,Detachable Straps,Zip Closure,Grab Handle,Woven,Spot or Wipe Clean,Imported,5060920986902,,"{""Dimensions (Overall)"": ""9 inches (H) x 14 inches (W) x 5 inches (D)"", ""Shell Material"": ""Polyester"", ""Bag Structure"": ""Structured"", ""Interior Features"": ""Slip Pocket"", ""Exterior Features"": ""Detachable Straps"", ""Main Compartment Closure"": ""Zip Closure"", ""Handle Type"": ""Grab Handle"", ""Fabric Name"": ""Woven"", ""Care & Cleaning"": ""Spot or Wipe Clean"", ""TCIN"": ""1003529616"", ""UPC"": ""5060920986902"", ""Origin"": ""Imported""}",True,2026-02-23T00:44:30.487427
1009117650,Narwey Quilted Crossbody Bags for Women RFID Vegan Leather Travel Purse Small Shoulder Handbags,https://www.target.com/p/narwey-quilted-crossbody-bags-for-women-rfid-vegan-leather-travel-purse-small-shoulder-handbags/-/A-1009117650#lnk=sametab,Narwey,"Target > Clothing, Shoes & Accessories > Accessories > Handbags & Purses > Shoulder Bags",Shoulder Bags,63.99,73.99,13.5,True,0.0,0,,False,,,https://target.scene7.com/is/image/Target/GUEST_9690470b-eb7d-440a-ae1e-60679a5bbe8e?wid=1200&hei=1200&qlt=85 | https://target.scene7.com/is/image/Target/GUEST_4eeaeaa4-a443-411a-aa64-75e92132d507?wid=1200&hei=1200&qlt=85 | https://target.scene7.com/is/image/Target/GUEST_e0f85672-a141-447b-afbd-4d2b7c21a29c?wid=1200&hei=1200&qlt=85 | https://target.scene7.com/is/image/Target/GUEST_289ab0f0-5969-48ea-8e51-98e5b5fbefb5?wid=1200&hei=1200&qlt=85 | https://target.scene7.com/is/image/Target/GUEST_90dd9adf-9f7b-4344-bed2-0132ce0457b6?wid=1200&hei=1200&qlt=85,Functional Design; Built in RFID Blocking Wallet; Small & Lightweight; Ideal Choice for Everyday Bag,,Leather,"{""H"": ""6.3"", ""W"": ""3.4"", ""D"": ""9""}",6.3 inches (H) x 3.4 inches (W) x 9 inches (D),Lightweight,Zip Pocket,No Compartments or Pockets,Zip Closure,Adjustable Shoulder Strap,Novelty,Do Not Wash,imported,185723374079,,"{""Dimensions (Overall)"": ""6.3 inches (H) x 3.4 inches (W) x 9 inches (D)"", ""Shell Material"": ""Leather"", ""Bag Structure"": ""Lightweight"", ""Interior Features"": ""Zip Pocket"", ""Exterior Features"": ""No Compartments or Pockets"", ""Main Compartment Closure"": ""Zip Closure"", ""Handle Type"": ""Adjustable Shoulder Strap"", ""Fabric Name"": ""Novelty"", ""Care & Cleaning"": ""Do Not Wash"", ""TCIN"": ""1009117650"", ""UPC"": ""185723374079"", ""Origin"": ""imported""}",True,2026-02-23T00:44:30.487427
1009257615,Narwey Bow Evening Bag Sparkly Clutch Purses for Women Wedding Glitter Rhinestone Party Prom Purse Dressy Clutch Bags,https://www.target.com/p/narwey-bow-evening-bag-sparkly-clutch-purses-for-women-wedding-glitter-rhinestone-party-prom-purse-dressy-clutch-bags/-/A-1009257615#lnk=sametab,Narwey,"Target > Clothing, Shoes & Accessories > Accessories > Handbags & Purses > Shoulder Bags",Shoulder Bags,39.99,43.99,9.1,True,0.0,0,,False,,,https://target.scene7.com/is/image/Target/GUEST_695e4b88-352d-464e-859c-3fbde94c5729?wid=1200&hei=1200&qlt=85 | https://target.scene7.com/is/image/Target/GUEST_d121252a-512b-4f34-9f7b-40c2a2ab4041?wid=1200&hei=1200&qlt=85 | https://target.scene7.com/is/image/Target/GUEST_bbbc3195-c0d3-41c1-8f1a-5b41d00107c6?wid=1200&hei=1200&qlt=85 | https://target.scene7.com/is/image/Target/GUEST_3799d888-37e3-4143-9292-ede4c0ecb649?wid=1200&hei=1200&qlt=85 | https://target.scene7.com/is/image/Target/GUEST_8e5eae9f-ebf4-478c-9214-66f30e19c29c?wid=1200&hei=1200&qlt=85,Rhinestone Bow Clutch; Evening Bag; Glitter Clutch Purse; Chain Crossbody Purse; Dressy Clutch Bags,,Polyester,"{""H"": ""3.9"", ""W"": ""2"", ""D"": ""8.8""}",3.9 inches (H) x 2 inches (W) x 8.8 inches (D),Lightweight,Multiple Compartments,No Compartments or Pockets,Zip Closure,Single Strap,1 x 1 Rib,Do Not Wash,imported,944928908713,,"{""Dimensions (Overall)"": ""3.9 inches (H) x 2 inches (W) x 8.8 inches (D)"", ""Shell Material"": ""Polyester"", ""Bag Structure"": ""Lightweight"", ""Interior Features"": ""Multiple Compartments"", ""Exterior Features"": ""No Compartments or Pockets"", ""Main Compartment Closure"": ""Zip Closure"", ""Handle Type"": ""Single Strap"", ""Fabric Name"": ""1 x 1 Rib"", ""Care & Cleaning"": ""Do Not Wash"", ""TCIN"": ""1009257615"", ""UPC"": ""944928908713"", ""Origin"": ""imported""}",True,2026-02-23T00:44:30.487427
1009328513,Narwey Purses and Handbags for Women Leather Tote Shoulder Bag Medium Satchel Purse Top Handle Bags for Ladies,https://www.target.com/p/narwey-purses-and-handbags-for-women-leather-tote-shoulder-bag-medium-satchel-purse-top-handle-bags-for-ladies/-/A-1009328513#lnk=sametab,Narwey,"Target > Clothing, Shoes & Accessories > Accessories > Handbags & Purses > Shoulder Bags",Shoulder Bags,56.66,69.99,19.0,True,0.0,0,,False,,,https://target.scene7.com/is/image/Target/GUEST_4fc47292-031a-4278-9242-1ae611d5115a?wid=1200&hei=1200&qlt=85 | https://target.scene7.com/is/image/Target/GUEST_d5f77306-2b6a-4563-bb42-485c6555c287?wid=1200&hei=1200&qlt=85 | https://target.scene7.com/is/image/Target/GUEST_8b627493-2a8f-4f24-9c43-283e8b222485?wid=1200&hei=1200&qlt=85 | https://target.scene7.com/is/image/Target/GUEST_457cf3c4-b031-4b28-93ca-155081039668?wid=1200&hei=1200&qlt=85 | https://target.scene7.com/is/image/Target/GUEST_51c269e4-054f-408e-802d-067b0342aca4?wid=1200&hei=1200&qlt=85,The Only Purses You Need; Unique Design Tote Bag; Quality You Can Feel; Multi-pocket Design for Real Life,,Leather,"{""H"": ""9"", ""W"": ""5.2"", ""D"": ""11.8""}",9 inches (H) x 5.2 inches (W) x 11.8 inches (D),Lightweight,No Compartments or Pockets,No Compartments or Pockets,Zip Closure,No Handles or Straps,Novelty,Do Not Wash,imported,370954608844,,"{""Dimensions (Overall)"": ""9 inches (H) x 5.2 inches (W) x 11.8 inches (D)"", ""Shell Material"": ""Leather"", ""Bag Structure"": ""Lightweight"", ""Interior Features"": ""No Compartments or Pockets"", ""Exterior Features"": ""No Compartments or Pockets"", ""Main Compartment Closure"": ""Zip Closure"", ""Handle Type"": ""No Handles or Straps"", ""Fabric Name"": ""Novelty"", ""Care & Cleaning"": ""Do Not Wash"", ""TCIN"": ""1009328513"", ""UPC"": ""370954608844"", ""Origin"": ""imported""}",True,2026-02-23T00:44:30.487427
1009443668,Narwey Small Crossbody Purse for Women Triple Zip Cell Phone Leather Shoulder Handbag,https://www.target.com/p/narwey-small-crossbody-purse-for-women-triple-zip-cell-phone-leather-shoulder-handbag/-/A-1009443668#lnk=sametab,Narwey,"Target > Clothing, Shoes & Accessories > Accessories > Handbags & Purses > Crossbody & Messenger Bags",Crossbody & Messenger Bags,68.99,79.99,13.8,True,0.0,0,,False,,,https://target.scene7.com/is/image/Target/GUEST_d31d4168-6129-4223-b2ad-c444e7dd1c66?wid=1200&hei=1200&qlt=85 | https://target.scene7.com/is/image/Target/GUEST_8cd2c340-858b-4d62-84d0-cc493be1abf8?wid=1200&hei=1200&qlt=85 | https://target.scene7.com/is/image/Target/GUEST_b5fe2e84-2ffb-467d-a54f-5f3c917c065c?wid=1200&hei=1200&qlt=85 | https://target.scene7.com/is/image/Target/GUEST_b6f5f4e3-424a-40c0-b223-a3758051f72b?wid=1200&hei=1200&qlt=85 | https://target.scene7.com/is/image/Target/GUEST_85eabe7e-5364-4d41-b70e-9f97d8d35079?wid=1200&hei=1200&qlt=85,Structure; Premium Leather Material; Lightweight & Wide Guitar Strap; Multi Wear Way,,Leather,"{""H"": "".1"", ""W"": "".1"", ""D"": "".1""}",.1 inches (H) x .1 inches (W) x .1 inches (D),Lightweight,Multiple Compartments,Zip Pocket,Zip Closure,Shoulder Strap,1 x 1 Rib,Spot or Wipe Clean,imported,782843969972,,"{""Dimensions (Overall)"": "".1 inches (H) x .1 inches (W) x .1 inches (D)"", ""Shell Material"": ""Leather"", ""Bag Structure"": ""Lightweight"", ""Interior Features"": ""Multiple Compartments"", ""Exterior Features"": ""Zip Pocket"", ""Main Compartment Closure"": ""Zip Closure"", ""Handle Type"": ""Shoulder Strap"", ""Fabric Name"": ""1 x 1 Rib"", ""Care & Cleaning"": ""Spot or Wipe Clean"", ""TCIN"": ""1009443668"", ""UPC"": ""782843969972"", ""Origin"": ""imported""}",True,2026-02-23T00:44:30.487427
1007881648,"Purses and Handbags Classic Top Handle Shoulder Satchel Bags with Detachable Strap 2 Straps Hot Pink 15""x 10""x 4.5""",https://www.target.com/p/purses-and-handbags-classic-top-handle-shoulder-satchel-bags-with-detachable-strap/-/A-1007881648?preselect=1007881659#lnk=sametab,Empire DigiLabs,"Target > Clothing, Shoes & Accessories > Accessories > Handbags & Purses",Handbags & Purses,79.77,159.54,50.0,True,0.0,0,,False,"size15""x 10""x 4.5""",,https://target.scene7.com/is/image/Target/GUEST_d89464e6-eccc-4041-94f5-7cb1170df7f2?wid=1200&hei=1200&qlt=85 | https://target.scene7.com/is/image/Target/GUEST_3ac35674-6cf5-4362-9b45-a7a12ee803a5?wid=1200&hei=1200&qlt=85 | https://target.scene7.com/is/image/Target/GUEST_610ab39c-5b2c-4890-8389-ec975df77c84?wid=1200&hei=1200&qlt=85 | https://target.scene7.com/is/image/Target/GUEST_fbaa4e81-05bc-4d0d-b600-5334165fc1b6?wid=1200&hei=1200&qlt=85 | https://target.scene7.com/is/image/Target/GUEST_a6eeeab5-d9c5-49a7-90c7-926df4e1eccd?wid=1200&hei=1200&qlt=85,,,Leather,"{""H"": ""10"", ""W"": ""15"", ""D"": ""4.5""}",10 inches (H) x 15 inches (W) x 4.5 inches (D),Softside,Multiple Compartments,Adjustable Shoulder Strap,Zip Closure,Carrying Handle,Faux Leather,Spot or Wipe Clean,imported,661309869639,,"{""Dimensions (Overall)"": ""10 inches (H) x 15 inches (W) x 4.5 inches (D)"", ""Shell Material"": ""Leather"", ""Bag Structure"": ""Softside"", ""Interior Features"": ""Multiple Compartments"", ""Exterior Features"": ""Adjustable Shoulder Strap"", ""Main Compartment Closure"": ""Zip Closure"", ""Handle Type"": ""Carrying Handle"", ""Fabric Name"": ""Faux Leather"", ""Care & Cleaning"": ""Spot or Wipe Clean"", ""TCIN"": ""1007881659"", ""UPC"": ""661309869639"", ""Origin"": ""imported""}",True,2026-02-23T00:44:30.487427
1009324398,Narwey Purses for Women Crossbody Bags for Women Cross Body Bag,https://www.target.com/p/narwey-purses-for-women-crossbody-bags-for-women-cross-body-bag/-/A-1009324398#lnk=sametab,Narwey,"Target > Clothing, Shoes & Accessories > Accessories > Handbags & Purses > Crossbody & Messenger Bags",Crossbody & Messenger Bags,59.99,79.99,25.0,True,0.0,0,,False,,,https://target.scene7.com/is/image/Target/GUEST_183428c8-920b-48b9-b828-a87a438c2a19?wid=1200&hei=1200&qlt=85 | https://target.scene7.com/is/image/Target/GUEST_0f58a961-be70-4ca5-9bf4-a0a31a6fe1e9?wid=1200&hei=1200&qlt=85 | https://target.scene7.com/is/image/Target/GUEST_52684b3e-b5a7-4760-96d4-a266d37b75e7?wid=1200&hei=1200&qlt=85 | https://target.scene7.com/is/image/Target/GUEST_4ffdcc93-fdab-47c2-9012-0f488a90d73d?wid=1200&hei=1200&qlt=85 | https://target.scene7.com/is/image/Target/GUEST_663ff4e7-b576-40bc-a7b7-823e8189d623?wid=1200&hei=1200&qlt=85,High Quality Leather Material; Multi Functional Pocket; Adjustable Guitar Strap; Multi Functional Pocket,,Leather,"{""H"": ""2.8"", ""W"": ""7.1"", ""D"": ""8.9""}",2.8 inches (H) x 7.1 inches (W) x 8.9 inches (D),Lightweight,Multiple Compartments,Zip Pocket,Zip Closure,Shoulder Strap,1 x 1 Rib,Shake Clean,imported,361208739971,,"{""Dimensions (Overall)"": ""2.8 inches (H) x 7.1 inches (W) x 8.9 inches (D)"", ""Shell Material"": ""Leather"", ""Bag Structure"": ""Lightweight"", ""Interior Features"": ""Multiple Compartments"", ""Exterior Features"": ""Zip Pocket"", ""Main Compartment Closure"": ""Zip Closure"", ""Handle Type"": ""Shoulder Strap"", ""Fabric Name"": ""1 x 1 Rib"", ""Care & Cleaning"": ""Shake Clean"", ""TCIN"": ""1009324398"", ""UPC"": ""361208739971"", ""Origin"": ""imported""}",True,2026-02-23T00:44:30.487427
1009339918,Narwey Small Tote Shoulder Bags Purses for Women Retro Classic Crossbody Bags,https://www.target.com/p/narwey-small-tote-shoulder-bags-purses-for-women-retro-classic-crossbody-bags/-/A-1009339918#lnk=sametab,Narwey,"Target > Clothing, Shoes & Accessories > Accessories > Handbags & Purses > Mini Bags",Mini Bags,40.99,59.99,31.7,True,0.0,0,,False,,,https://target.scene7.com/is/image/Target/GUEST_ea06cb84-73ca-43e3-86d3-1d0f9dd0e740?wid=1200&hei=1200&qlt=85 | https://target.scene7.com/is/image/Target/GUEST_c6d76898-3954-484e-981f-091acceb77d8?wid=1200&hei=1200&qlt=85 | https://target.scene7.com/is/image/Target/GUEST_a6966b49-a360-4e2f-80f0-6e6b9b3c5cfe?wid=1200&hei=1200&qlt=85 | https://target.scene7.com/is/image/Target/GUEST_2aa1879c-ea01-41a9-ba9c-2efa0474ef9d?wid=1200&hei=1200&qlt=85 | https://target.scene7.com/is/image/Target/GUEST_1a1ae434-30c4-415d-8eb3-8505c0196878?wid=1200&hei=1200&qlt=85,"ULTRA ELEGANT; DESIGN FOR CONVENENCE; PERFECT SIZE:10.8"" x 5.5"" x 2.2"".; BUY WITH CONFINDENCE",,Leather,"{""H"": ""2.2"", ""W"": ""5.5"", ""D"": ""10.8""}",2.2 inches (H) x 5.5 inches (W) x 10.8 inches (D),Lightweight,Multiple Compartments,No Compartments or Pockets,Zip Closure,Shoulder Strap,1 x 1 Rib,Shake Clean,imported,730649209624,,"{""Dimensions (Overall)"": ""2.2 inches (H) x 5.5 inches (W) x 10.8 inches (D)"", ""Shell Material"": ""Leather"", ""Bag Structure"": ""Lightweight"", ""Interior Features"": ""Multiple Compartments"", ""Exterior Features"": ""No Compartments or Pockets"", ""Main Compartment Closure"": ""Zip Closure"", ""Handle Type"": ""Shoulder Strap"", ""Fabric Name"": ""1 x 1 Rib"", ""Care & Cleaning"": ""Shake Clean"", ""TCIN"": ""1009339918"", ""UPC"": ""730649209624"", ""Origin"": ""imported""}",True,2026-02-23T00:44:30.487427
1007761333,"Crossbody Bags for Women Trendy Vegan Leather Hobo Purses With Wide Shoulder Strap A01-brown 10.3"" * 3""  * 9.6""",https://www.target.com/p/crossbody-bags-for-women-trendy-vegan-leather-hobo-purses-with-wide-shoulder-strap/-/A-1007761333?preselect=1007761332#lnk=sametab,Empire DigiLabs,"Target > Clothing, Shoes & Accessories > Accessories > Handbags & Purses > Crossbody & Messenger Bags",Crossbody & Messenger Bags,95.97,191.94,50.0,True,0.0,0,,False,"size10.3"" * 3""  * 9.6""",,https://target.scene7.com/is/image/Target/GUEST_a4b03432-0fb0-48f0-a969-7919541371e4?wid=1200&hei=1200&qlt=85 | https://target.scene7.com/is/image/Target/GUEST_371b9eff-4e08-4a80-b709-500b3ed97f1e?wid=1200&hei=1200&qlt=85 | https://target.scene7.com/is/image/Target/GUEST_6c87b917-435f-4593-87a7-0ff02df028bb?wid=1200&hei=1200&qlt=85 | https://target.scene7.com/is/image/Target/GUEST_0d50bdc1-540f-446c-865a-70c1d9e9423f?wid=1200&hei=1200&qlt=85 | https://target.scene7.com/is/image/Target/GUEST_855211c8-a83a-4ac3-b3d4-f55fc9f76a01?wid=1200&hei=1200&qlt=85,,,Leather,"{""H"": ""9.6"", ""W"": ""10.3"", ""D"": ""3""}",9.6 inches (H) x 10.3 inches (W) x 3 inches (D),Structured,Multiple Compartments,Adjustable Strap,Zip Closure,Adjustable Strap,Faux Leather,Spot or Wipe Clean,imported,661309912458,,"{""Dimensions (Overall)"": ""9.6 inches (H) x 10.3 inches (W) x 3 inches (D)"", ""Shell Material"": ""Leather"", ""Bag Structure"": ""Structured"", ""Interior Features"": ""Multiple Compartments"", ""Exterior Features"": ""Adjustable Strap"", ""Main Compartment Closure"": ""Zip Closure"", ""Handle Type"": ""Adjustable Strap"", ""Fabric Name"": ""Faux Leather"", ""Care & Cleaning"": ""Spot or Wipe Clean"", ""TCIN"": ""1007761332"", ""UPC"": ""661309912458"", ""Origin"": ""imported""}",True,2026-02-23T00:44:30.487427
1009442933,Narwey 3PCS Purses for Women Tote Bag and Wallet Set Shoulder Satchel Crossbody Bags,https://www.target.com/p/narwey-3pcs-purses-for-women-tote-bag-and-wallet-set-shoulder-satchel-crossbody-bags/-/A-1009442933#lnk=sametab,Narwey,"Target > Clothing, Shoes & Accessories > Accessories > Handbags & Purses > Shoulder Bags",Shoulder Bags,80.99,99.99,19.0,True,0.0,0,,False,,,https://target.scene7.com/is/image/Target/GUEST_8de7befc-385e-4bfa-a85e-8ce25e4d2a4c?wid=1200&hei=1200&qlt=85 | https://target.scene7.com/is/image/Target/GUEST_88f14382-845a-4201-a9ea-a0225a3d842b?wid=1200&hei=1200&qlt=85 | https://target.scene7.com/is/image/Target/GUEST_82c889bf-3b30-4b7e-a1d3-3e13dec1842d?wid=1200&hei=1200&qlt=85 | https://target.scene7.com/is/image/Target/GUEST_54d30c0a-4671-484e-a7f6-b06726c73bad?wid=1200&hei=1200&qlt=85 | https://target.scene7.com/is/image/Target/GUEST_ba5c790f-012c-415f-803c-2203bf07d55f?wid=1200&hei=1200&qlt=85,Montana West Classic Handbags; Multi-function; Superb Material; Exquisite Detail:,,Leather,"{""H"": ""4.69"", ""W"": "".79"", ""D"": ""17.56""}",4.69 inches (H) x .79 inches (W) x 17.56 inches (D),Lightweight,Multiple Compartments,No Compartments or Pockets,Zip Closure,Shoulder Strap,1 x 1 Rib,Spot or Wipe Clean,imported,729078625358,,"{""Dimensions (Overall)"": ""4.69 inches (H) x .79 inches (W) x 17.56 inches (D)"", ""Shell Material"": ""Leather"", ""Bag Structure"": ""Lightweight"", ""Interior Features"": ""Multiple Compartments"", ""Exterior Features"": ""No Compartments or Pockets"", ""Main Compartment Closure"": ""Zip Closure"", ""Handle Type"": ""Shoulder Strap"", ""Fabric Name"": ""1 x 1 Rib"", ""Care & Cleaning"": ""Spot or Wipe Clean"", ""TCIN"": ""1009442933"", ""UPC"": ""729078625358"", ""Origin"": ""imported""}",True,2026-02-23T00:44:30.487427
1009326750,"Narwey Small Tote Bags for Women, Puffer Purse and Handbags",https://www.target.com/p/narwey-small-tote-bags-for-women-puffer-purse-and-handbags/-/A-1009326750#lnk=sametab,Narwey,"Target > Clothing, Shoes & Accessories > Accessories > Handbags & Purses > Mini Bags",Mini Bags,61.99,79.99,22.5,True,0.0,0,,False,,,https://target.scene7.com/is/image/Target/GUEST_c9d57a2a-50b5-4b5a-a0e7-caa893ab4051?wid=1200&hei=1200&qlt=85 | https://target.scene7.com/is/image/Target/GUEST_98827d1f-ec2c-45a3-bbb9-bdae1b16c249?wid=1200&hei=1200&qlt=85 | https://target.scene7.com/is/image/Target/GUEST_25802875-891a-4879-b2aa-6adb41d02ca7?wid=1200&hei=1200&qlt=85 | https://target.scene7.com/is/image/Target/GUEST_75b55188-1e99-4ee6-a957-6b2cf01268f4?wid=1200&hei=1200&qlt=85 | https://target.scene7.com/is/image/Target/GUEST_4ad0bbdf-5857-43d3-b235-99189f017362?wid=1200&hei=1200&qlt=85,【Soft & Lightweight】; 【Smart Organization】; 【Fashionable & Versatile】; 【Thoughtful Details】,,Nylon,"{""H"": ""4.5"", ""W"": ""9.5"", ""D"": ""12.3""}",4.5 inches (H) x 9.5 inches (W) x 12.3 inches (D),Lightweight,Multiple Compartments,No Compartments or Pockets,Zip Closure,Shoulder Strap,1 x 1 Rib,Hand Wash,imported,128386145693,,"{""Dimensions (Overall)"": ""4.5 inches (H) x 9.5 inches (W) x 12.3 inches (D)"", ""Shell Material"": ""Nylon"", ""Bag Structure"": ""Lightweight"", ""Interior Features"": ""Multiple Compartments"", ""Exterior Features"": ""No Compartments or Pockets"", ""Main Compartment Closure"": ""Zip Closure"", ""Handle Type"": ""Shoulder Strap"", ""Fabric Name"": ""1 x 1 Rib"", ""Care & Cleaning"": ""Hand Wash"", ""TCIN"": ""1009326750"", ""UPC"": ""128386145693"", ""Origin"": ""imported""}",True,2026-02-23T00:44:30.487427
1009346684,Narwey Clear Shoulder Handbag Classic 90s Purse Women Vegan Leather,https://www.target.com/p/narwey-clear-shoulder-handbag-classic-90s-purse-women-vegan-leather/-/A-1009346684#lnk=sametab,Narwey,"Target > Clothing, Shoes & Accessories > Accessories > Handbags & Purses > Crossbody & Messenger Bags",Crossbody & Messenger Bags,46.99,59.99,21.7,True,0.0,0,,False,,,https://target.scene7.com/is/image/Target/GUEST_0e38d70f-0603-4b18-ac89-6c611a9e5dcd?wid=1200&hei=1200&qlt=85 | https://target.scene7.com/is/image/Target/GUEST_4c280aff-1f90-4bf8-8bcd-bd1584861b65?wid=1200&hei=1200&qlt=85 | https://target.scene7.com/is/image/Target/GUEST_1f8d867e-ca69-49e3-9435-c2c5de4089c4?wid=1200&hei=1200&qlt=85 | https://target.scene7.com/is/image/Target/GUEST_77226f4e-87fd-4733-a958-1ed5e1ac6d9f?wid=1200&hei=1200&qlt=85 | https://target.scene7.com/is/image/Target/GUEST_1243efef-44c8-46a7-ad75-1063a7531623?wid=1200&hei=1200&qlt=85,The Clear Version Shoulder bag with 90s; This cool see-through purse; Carefully designed and sized at 11”L x 5.9”Hx 2''W; -This clear bag come with two differents,,Leather,"{""H"": ""7.01"", ""W"": ""1.26"", ""D"": ""11.85""}",7.01 inches (H) x 1.26 inches (W) x 11.85 inches (D),Lightweight,Multiple Compartments,No Compartments or Pockets,Zip Closure,Shoulder Strap,1 x 1 Rib,Spot or Wipe Clean,imported,871676111211,,"{""Dimensions (Overall)"": ""7.01 inches (H) x 1.26 inches (W) x 11.85 inches (D)"", ""Shell Material"": ""Leather"", ""Bag Structure"": ""Lightweight"", ""Interior Features"": ""Multiple Compartments"", ""Exterior Features"": ""No Compartments or Pockets"", ""Main Compartment Closure"": ""Zip Closure"", ""Handle Type"": ""Shoulder Strap"", ""Fabric Name"": ""1 x 1 Rib"", ""Care & Cleaning"": ""Spot or Wipe Clean"", ""TCIN"": ""1009346684"", ""UPC"": ""871676111211"", ""Origin"": ""imported""}",True,2026-02-23T00:44:30.487427
1009368190,Narwey Women's Y2k Shoulder Bag Buckle Western Vintage Hobo Pu Leather Handbags with Coin Purse Brown One Size,https://www.target.com/p/narwey-women-s-y2k-shoulder-bag-buckle-western-vintage-hobo-pu-leather-handbags-with-coin-purse-brown-one-size/-/A-1009368190#lnk=sametab,Narwey,"Target > Clothing, Shoes & Accessories > Accessories > Handbags & Purses > Mini Bags",Mini Bags,54.99,59.99,8.3,True,0.0,0,,False,,,https://target.scene7.com/is/image/Target/GUEST_a22adb3d-e974-47b6-9d37-15c83caca5b3?wid=1200&hei=1200&qlt=85 | https://target.scene7.com/is/image/Target/GUEST_748d3a31-0acb-425d-b33d-b9ddaf4e2d54?wid=1200&hei=1200&qlt=85 | https://target.scene7.com/is/image/Target/GUEST_5c593fc1-9a8c-4577-8f50-fd350c7762f5?wid=1200&hei=1200&qlt=85 | https://target.scene7.com/is/image/Target/GUEST_143328e2-4a9f-4d07-9ad0-9a9278dd7663?wid=1200&hei=1200&qlt=85 | https://target.scene7.com/is/image/Target/GUEST_39f90eff-6388-442d-9072-199157b52e83?wid=1200&hei=1200&qlt=85,Great quality soft and smooth pu leather; The hobo bag is mini in size but large enough; Fashionable style embellished; This vintage y2k bag is your ideal choice,,TPU (Thermoplastic Polyurethane),"{""H"": ""13.07"", ""W"": ""3.15"", ""D"": ""10.43""}",13.07 inches (H) x 3.15 inches (W) x 10.43 inches (D),Dome,Multiple Compartments,No Compartments or Pockets,Buckle Closure,Single handle,Novelty,Do Not Wash,imported,363618307825,,"{""Dimensions (Overall)"": ""13.07 inches (H) x 3.15 inches (W) x 10.43 inches (D)"", ""Shell Material"": ""TPU (Thermoplastic Polyurethane)"", ""Bag Structure"": ""Dome"", ""Interior Features"": ""Multiple Compartments"", ""Exterior Features"": ""No Compartments or Pockets"", ""Main Compartment Closure"": ""Buckle Closure"", ""Handle Type"": ""Single handle"", ""Fabric Name"": ""Novelty"", ""Care & Cleaning"": ""Do Not Wash"", ""TCIN"": ""1009368190"", ""UPC"": ""363618307825"", ""Origin"": ""imported""}",True,2026-02-23T00:44:30.487427
1009296161,Narwey Crossbody Bags for Women Trendy Leather Crossbody Purse,https://www.target.com/p/narwey-crossbody-bags-for-women-trendy-leather-crossbody-purse/-/A-1009296161#lnk=sametab,Narwey,"Target > Clothing, Shoes & Accessories > Accessories > Handbags & Purses > Crossbody & Messenger Bags",Crossbody & Messenger Bags,51.99,65.99,21.2,True,5.0,1,,False,,,https://target.scene7.com/is/image/Target/GUEST_a1813538-24d8-4e66-adab-ff77c47f7a4b?wid=1200&hei=1200&qlt=85 | https://target.scene7.com/is/image/Target/GUEST_e36ffa96-b184-4e42-b81d-2a949db41b95?wid=1200&hei=1200&qlt=85 | https://target.scene7.com/is/image/Target/GUEST_0e73b660-0ecc-4640-9d6e-47aec71f2ed1?wid=1200&hei=1200&qlt=85 | https://target.scene7.com/is/image/Target/GUEST_4aca458e-4da2-4b09-9818-095b58b01c98?wid=1200&hei=1200&qlt=85 | https://target.scene7.com/is/image/Target/GUEST_8abbfc97-de49-4e7a-86e6-04bba9004320?wid=1200&hei=1200&qlt=85,Premium PU Leather; Lightweight; Adjustable Strap & Tassel; Spacious & Organized,,Nylon,"{""H"": ""8.27"", ""W"": ""2.05"", ""D"": ""11.85""}",8.27 inches (H) x 2.05 inches (W) x 11.85 inches (D),Lightweight,Multiple Compartments,Zip Pocket,Zip Closure,Shoulder Strap,1 x 1 Rib,Shake Clean,imported,356337987928,,"{""Dimensions (Overall)"": ""8.27 inches (H) x 2.05 inches (W) x 11.85 inches (D)"", ""Shell Material"": ""Nylon"", ""Bag Structure"": ""Lightweight"", ""Interior Features"": ""Multiple Compartments"", ""Exterior Features"": ""Zip Pocket"", ""Main Compartment Closure"": ""Zip Closure"", ""Handle Type"": ""Shoulder Strap"", ""Fabric Name"": ""1 x 1 Rib"", ""Care & Cleaning"": ""Shake Clean"", ""TCIN"": ""1009296161"", ""UPC"": ""356337987928"", ""Origin"": ""imported""}",True,2026-02-23T00:44:30.487427
89809558,Harry Potter The Marauder's Map Hogwarts Shoulder Crossbody Purse Hobo Bag,https://www.target.com/p/harry-potter-the-marauder-s-map-hogwarts-shoulder-crossbody-purse-hobo-bag-black/-/A-89809558#lnk=sametab,Harry Potter,"Target > Clothing, Shoes & Accessories > Accessories > Handbags & Purses > Shoulder Bags",Shoulder Bags,26.99,35.95,24.9,True,3.0,2,,False,,,https://target.scene7.com/is/image/Target/GUEST_d3fc7ee6-7aec-4108-be8e-692219751c19?wid=1200&hei=1200&qlt=85 | https://target.scene7.com/is/image/Target/GUEST_b26231d4-995f-40c2-af8b-55c92f3e41f0?wid=1200&hei=1200&qlt=85 | https://target.scene7.com/is/image/Target/GUEST_f0f53b45-560d-44d6-845a-d32c004b0030?wid=1200&hei=1200&qlt=85 | https://target.scene7.com/is/image/Target/GUEST_8271892e-e3f0-434c-961c-96edbdbbbbc4?wid=1200&hei=1200&qlt=85 | https://target.scene7.com/is/image/Target/GUEST_5f40b47e-6fcf-4dd7-a9bb-f34d51cd64b2?wid=1200&hei=1200&qlt=85,"HOBO TOTE BAG HARRY POTTER  : Bioworld specializes in great, pop funure apparel and accessories. Featuring everything from classic cartoon characters to video games, to superheroes, and all the newest, most popular movie, toy, and television characters in between.; HOBO HANDBAGS FOR WOMEN: This hobo-style shoulder bag is designed for ages 14 and up. One size fits most. Whether you wear this to school, work, or just around town, you will surely stand out with this awesome Marauder's Map slouch bag.; HOBO CROSSBODY COMFORTABLE & STYLISH – This bag is made of 100% Polyester fabric. This Lightweight satchel features great Marauder's Map print graphics. Features a magnetic snap closure with an inner open slip pocket and an adjustable shoulder strap.; GREAT HOBO SHOULDER BAG GIFT IDEA: Whether it's a birthday, holiday, or a special occasion, our Harry Potter Marauder's Map Crossbody Hobo Bag makes for a remarkable gift that will delight any fan. Watch their face light up as they unwrap the ultimate blend of style and fandom.; Stylish Harry Potter crossbody purse featuring The Marauder’s Map and Hogwarts design",,Polyester,"{""H"": ""1"", ""W"": ""12"", ""D"": ""15""}",1 inches (H) x 12 inches (W) x 15 inches (D),Unstructured,Multiple Compartments,Snap Pocket,Zip Closure,Polyester,Novelty,Hand Wash,made in the USA or imported,197394228414,,"{""Dimensions (Overall)"": ""1 inches (H) x 12 inches (W) x 15 inches (D)"", ""Shell Material"": ""Polyester"", ""Bag Structure"": ""Unstructured"", ""Interior Features"": ""Multiple Compartments"", ""Exterior Features"": ""Snap Pocket"", ""Main Compartment Closure"": ""Zip Closure"", ""Handle Type"": ""Shoulder Strap"", ""Fabric Name"": ""Novelty"", ""Handle Material"": ""Polyester"", ""Fits Laptop"": ""No Laptop Pocket"", ""Battery"": ""No Battery Used"", ""Care & Cleaning"": ""Hand Wash"", ""TCIN"": ""89809558"", ""UPC"": ""197394228414"", ""Origin"": ""made in the USA or imported""}",True,2026-02-23T00:44:30.487427
1009367945,"Narwey Tote Bag for Women Nylon Top-Handle Purse,Shoulder Hobo handBag with Zipper Leisure Foldable Weekend Beige",https://www.target.com/p/narwey-tote-bag-for-women-nylon-top-handle-purse-shoulder-hobo-handbag-with-zipper-leisure-foldable-weekend-beige/-/A-1009367945#lnk=sametab,Narwey,"Target > Clothing, Shoes & Accessories > Accessories > Handbags & Purses > Shoulder Bags",Shoulder Bags,52.49,69.99,25.0,True,0.0,0,,False,,,https://target.scene7.com/is/image/Target/GUEST_58a16993-dc91-48fa-aa4f-498fe2c7ede1?wid=1200&hei=1200&qlt=85 | https://target.scene7.com/is/image/Target/GUEST_da5f663d-62b5-4cc9-8485-6519551b02dc?wid=1200&hei=1200&qlt=85 | https://target.scene7.com/is/image/Target/GUEST_b28299fc-27a2-4b28-897b-127a19542ec2?wid=1200&hei=1200&qlt=85 | https://target.scene7.com/is/image/Target/GUEST_4e1b2185-458d-4f6d-98fb-99aa3a6c295f?wid=1200&hei=1200&qlt=85 | https://target.scene7.com/is/image/Target/GUEST_56e9c569-5af8-48a4-b49a-1488d0113653?wid=1200&hei=1200&qlt=85,Generously Sized; Detailed structure; Large Capacity; Versatile Tote,,Polyester,"{""H"": ""9.4"", ""W"": ""6.4"", ""D"": ""16.8""}",9.4 inches (H) x 6.4 inches (W) x 16.8 inches (D),Lightweight,Zip Pocket,No Compartments or Pockets,Zip Closure,No Handles or Straps,Novelty,Do Not Wash,imported,747799291690,,"{""Dimensions (Overall)"": ""9.4 inches (H) x 6.4 inches (W) x 16.8 inches (D)"", ""Shell Material"": ""Polyester"", ""Bag Structure"": ""Lightweight"", ""Interior Features"": ""Zip Pocket"", ""Exterior Features"": ""No Compartments or Pockets"", ""Main Compartment Closure"": ""Zip Closure"", ""Handle Type"": ""No Handles or Straps"", ""Fabric Name"": ""Novelty"", ""Care & Cleaning"": ""Do Not Wash"", ""TCIN"": ""1009367945"", ""UPC"": ""747799291690"", ""Origin"": ""imported""}",True,2026-02-23T00:44:30.487427
1007883195,Purses for Women Hobo Shoulder Handbags with Zipper A-cow Brown 13.3 x 10.23 x 5.1,https://www.target.com/p/purses-for-women-hobo-shoulder-handbags-with-zipper/-/A-1007883195?preselect=1007883201#lnk=sametab,Empire DigiLabs,"Target > Clothing, Shoes & Accessories > Accessories > Handbags & Purses > Shoulder Bags",Shoulder Bags,65.52,131.04,50.0,True,0.0,0,,False,size13.3 x 10.23 x 5.1,,https://target.scene7.com/is/image/Target/GUEST_4c50ba00-fe10-4e2b-931e-bd5fe4417779?wid=1200&hei=1200&qlt=85 | https://target.scene7.com/is/image/Target/GUEST_99118687-5c3f-4025-9719-b3932533a4b7?wid=1200&hei=1200&qlt=85 | https://target.scene7.com/is/image/Target/GUEST_dd0671d5-a64b-42ae-8c05-07d179fed74c?wid=1200&hei=1200&qlt=85 | https://target.scene7.com/is/image/Target/GUEST_e00f4085-fbc2-4d87-a231-cc3738ec847f?wid=1200&hei=1200&qlt=85 | https://target.scene7.com/is/image/Target/GUEST_7f9fb453-a632-4ae8-8491-2a88c41b46a6?wid=1200&hei=1200&qlt=85,,,Leather,"{""H"": ""10.23"", ""W"": ""13.3"", ""D"": ""5.1""}",10.23 inches (H) x 13.3 inches (W) x 5.1 inches (D),Softside,Multiple Compartments,No Compartments or Pockets,Zip Closure,Adjustable Handle,Faux Leather,Spot or Wipe Clean,imported,661309869738,,"{""Dimensions (Overall)"": ""10.23 inches (H) x 13.3 inches (W) x 5.1 inches (D)"", ""Shell Material"": ""Leather"", ""Bag Structure"": ""Softside"", ""Interior Features"": ""Multiple Compartments"", ""Exterior Features"": ""No Compartments or Pockets"", ""Main Compartment Closure"": ""Zip Closure"", ""Handle Type"": ""Adjustable Handle"", ""Fabric Name"": ""Faux Leather"", ""Care & Cleaning"": ""Spot or Wipe Clean"", ""TCIN"": ""1007883201"", ""UPC"": ""661309869738"", ""Origin"": ""imported""}",True,2026-02-23T00:44:30.487427
1003529087,Signare USA British Museum Chinoiserie Convertible Top Handle Purse Handbag,https://www.target.com/p/signare-usa-british-museum-chinoiserie-convertible-top-handle-purse-handbag/-/A-1003529087#lnk=sametab,Signare USA,"Target > Clothing, Shoes & Accessories > Accessories > Handbags & Purses",Handbags & Purses,66.0,0.0,0.0,False,0.0,0,,False,,,https://target.scene7.com/is/image/Target/GUEST_227baa3e-338d-4e27-8109-38ea70d85a7c?wid=1200&hei=1200&qlt=85 | https://target.scene7.com/is/image/Target/GUEST_1af72077-4e0e-4b62-ad08-3981020c57dd?wid=1200&hei=1200&qlt=85 | https://target.scene7.com/is/image/Target/GUEST_e37bd9dc-94d9-47b9-ad2b-463bea151042?wid=1200&hei=1200&qlt=85 | https://target.scene7.com/is/image/Target/GUEST_cb393abf-5e89-4b9c-98ff-bcb00eb38874?wid=1200&hei=1200&qlt=85 | https://target.scene7.com/is/image/Target/GUEST_05fab843-7208-41c8-b49d-6970e56b75ec?wid=1200&hei=1200&qlt=85,"Perfect as a day or night bag for all your essentials; With removable shoulder strap included, you have the option to wear it as a cross body or shoulder bag; Faux leather handle and detachable shoulder strap included; Shoulder drop length: 21”, Max strap length: 45”",,Polyester,"{""H"": ""9"", ""W"": ""14"", ""D"": ""5""}",9 inches (H) x 14 inches (W) x 5 inches (D),Structured,Slip Pocket,Detachable Straps,Zip Closure,Grab Handle,Woven,Spot or Wipe Clean,Imported,5060920986780,,"{""Dimensions (Overall)"": ""9 inches (H) x 14 inches (W) x 5 inches (D)"", ""Shell Material"": ""Polyester"", ""Bag Structure"": ""Structured"", ""Interior Features"": ""Slip Pocket"", ""Exterior Features"": ""Detachable Straps"", ""Main Compartment Closure"": ""Zip Closure"", ""Handle Type"": ""Grab Handle"", ""Fabric Name"": ""Woven"", ""Care & Cleaning"": ""Spot or Wipe Clean"", ""TCIN"": ""1003529087"", ""UPC"": ""5060920986780"", ""Origin"": ""Imported""}",True,2026-02-23T00:44:30.487427
1007901537,"Shoulder Bags for Women Retro Crescent Hobo Handbag Y2K Underarm Purse Cream White 10.5""x 3"" x 6""",https://www.target.com/p/shoulder-bags-for-women-retro-crescent-hobo-handbag-y2k-underarm-purse/-/A-1007901537?preselect=1007901540#lnk=sametab,Empire DigiLabs,"Target > Clothing, Shoes & Accessories > Accessories > Handbags & Purses > Shoulder Bags",Shoulder Bags,74.97,149.94,50.0,True,0.0,0,,False,"size10.5""x 3"" x 6""",,https://target.scene7.com/is/image/Target/GUEST_21f3f619-527b-4bb1-b2c6-c08609936199?wid=1200&hei=1200&qlt=85 | https://target.scene7.com/is/image/Target/GUEST_8fac6762-68d3-49b2-b0ee-f8107d37769c?wid=1200&hei=1200&qlt=85 | https://target.scene7.com/is/image/Target/GUEST_ae3f37b1-f5b4-44a2-bde2-d5c4f99403d2?wid=1200&hei=1200&qlt=85 | https://target.scene7.com/is/image/Target/GUEST_2a613dd6-ba83-4e06-a198-57f85086a747?wid=1200&hei=1200&qlt=85 | https://target.scene7.com/is/image/Target/GUEST_9a6ad72d-e3f1-4103-9e57-2a983c8bb5af?wid=1200&hei=1200&qlt=85,,,Leather,"{""H"": ""6"", ""W"": ""10.5"", ""D"": ""3""}",6 inches (H) x 10.5 inches (W) x 3 inches (D),Structured,Multiple Compartments,Adjustable Shoulder Strap,Zip Closure,Shoulder Strap,Faux Leather,Spot or Wipe Clean,imported,661309873933,,"{""Dimensions (Overall)"": ""6 inches (H) x 10.5 inches (W) x 3 inches (D)"", ""Shell Material"": ""Leather"", ""Bag Structure"": ""Structured"", ""Interior Features"": ""Multiple Compartments"", ""Exterior Features"": ""Adjustable Shoulder Strap"", ""Main Compartment Closure"": ""Zip Closure"", ""Handle Type"": ""Shoulder Strap"", ""Fabric Name"": ""Faux Leather"", ""Care & Cleaning"": ""Spot or Wipe Clean"", ""TCIN"": ""1007901540"", ""UPC"": ""661309873933"", ""Origin"": ""imported""}",True,2026-02-23T00:44:30.487427
1009363965,"Narwey Straw Purse for Women, Summer Woven Beach Purse Trendy",https://www.target.com/p/narwey-straw-purse-for-women-summer-woven-beach-purse-trendy/-/A-1009363965#lnk=sametab,Narwey,"Target > Clothing, Shoes & Accessories > Accessories > Handbags & Purses > Crossbody & Messenger Bags",Crossbody & Messenger Bags,47.99,59.99,20.0,True,0.0,0,,False,,,https://target.scene7.com/is/image/Target/GUEST_9f85447c-80b6-4749-8af6-ea313962d1ee?wid=1200&hei=1200&qlt=85 | https://target.scene7.com/is/image/Target/GUEST_ea91c851-32b8-43a5-9165-8d0487d36b17?wid=1200&hei=1200&qlt=85 | https://target.scene7.com/is/image/Target/GUEST_b0a60a6c-8d28-45bc-a6bd-64655f8c4f31?wid=1200&hei=1200&qlt=85 | https://target.scene7.com/is/image/Target/GUEST_788195bf-1cfd-465c-8df8-b27bdaccb8ca?wid=1200&hei=1200&qlt=85 | https://target.scene7.com/is/image/Target/GUEST_2cbb0d8d-fc33-4e4b-86ee-2a20634513cb?wid=1200&hei=1200&qlt=85,Elevate Fashion Style; Practical Luxury: Measuring 8 x 5.2 x 2.2 inches; Natural Craftsmanship; Multi-functional Design,,Polyester,"{""H"": ""2.17"", ""W"": ""5.24"", ""D"": ""7.99""}",2.17 inches (H) x 5.24 inches (W) x 7.99 inches (D),Lightweight,No Compartments or Pockets,No Compartments or Pockets,Snap-Clip Closure,Shoulder Strap,1 x 1 Rib,Spot or Wipe Clean,imported,389964844616,,"{""Dimensions (Overall)"": ""2.17 inches (H) x 5.24 inches (W) x 7.99 inches (D)"", ""Shell Material"": ""Polyester"", ""Bag Structure"": ""Lightweight"", ""Interior Features"": ""No Compartments or Pockets"", ""Exterior Features"": ""No Compartments or Pockets"", ""Main Compartment Closure"": ""Snap-Clip Closure"", ""Handle Type"": ""Shoulder Strap"", ""Fabric Name"": ""1 x 1 Rib"", ""Care & Cleaning"": ""Spot or Wipe Clean"", ""TCIN"": ""1009363965"", ""UPC"": ""389964844616"", ""Origin"": ""imported""}",True,2026-02-23T00:44:30.487427
1008702824,"Women's Metallic Purse with Detachable Chain, Handbag for Wedding, Party, and Evening Events",https://www.target.com/p/women-s-metallic-purse-with-detachable-chain-handbag-for-wedding-party-and-evening-events/-/A-1008702824?preselect=1008702823#lnk=sametab,Fulvari,"Target > Clothing, Shoes & Accessories > Accessories > Handbags & Purses",Handbags & Purses,41.99,83.99,50.0,True,0.0,0,,False,gold,,https://target.scene7.com/is/image/Target/GUEST_a27ae4d0-4b9a-48df-a1b8-8b09e1e021e3?wid=1200&hei=1200&qlt=85 | https://target.scene7.com/is/image/Target/GUEST_0189e2cc-5ac1-4bc0-aa96-b69ca87bc09c?wid=1200&hei=1200&qlt=85 | https://target.scene7.com/is/image/Target/GUEST_8dc4fe91-ed18-4521-9a0e-959ea7f304aa?wid=1200&hei=1200&qlt=85 | https://target.scene7.com/is/image/Target/GUEST_e697a5df-c53b-4094-afa5-d7b210edd67c?wid=1200&hei=1200&qlt=85 | https://target.scene7.com/is/image/Target/GUEST_61ee80d6-1562-4cd6-87b2-72044a3e34f5?wid=1200&hei=1200&qlt=85,"Durable Material: Crafted from premium metal alloy, effortlessly complements any outfit. An ideal gift for wives, brides, mothers, partners, or cherished friends.; Convertible Strap Design: Includes a detachable metal chain, transforming into a clutch, shoulder bag, or crossbody bag for versatile styling.; Spacious and Practical: Dimensions of 6.9 inches × 3.14 inches × 7.5 inches easily accommodate your phone, cosmetics, gum, tissues, lipstick, cash, and daily essentials.; Elegant and Fashionable Design: Features a structured tote silhouette with a minimalist metallic finish, perfectly suited for dates, shopping, and special occasions, showcasing your unique style.; Versatile for Multiple Occasions: Ideal for weekend getaways, cocktail parties, weddings, dances, evening events, and formal gatherings.",,Metal,"{""H"": ""7.5"", ""W"": ""6.9"", ""D"": ""3.14""}",7.5 inches (H) x 6.9 inches (W) x 3.14 inches (D),Pouch,No Compartments or Pockets,No Compartments or Pockets,Fold Closure,Adjustable Strap,Knit,Air Dry,imported,820567020736,,"{""Dimensions (Overall)"": ""7.5 inches (H) x 6.9 inches (W) x 3.14 inches (D)"", ""Shell Material"": ""Metal"", ""Bag Structure"": ""Pouch"", ""Interior Features"": ""No Compartments or Pockets"", ""Exterior Features"": ""No Compartments or Pockets"", ""Main Compartment Closure"": ""Fold Closure"", ""Handle Type"": ""Adjustable Strap"", ""Fabric Name"": ""Knit"", ""Care & Cleaning"": ""Air Dry"", ""TCIN"": ""1008702823"", ""UPC"": ""820567020736"", ""Origin"": ""imported""}",True,2026-02-23T00:45:17.423003
1009322332,Narwey Large Crossbody Bags Ladies Shoulder Handbags Purse and Wallet Set,https://www.target.com/p/narwey-large-crossbody-bags-ladies-shoulder-handbags-purse-and-wallet-set/-/A-1009322332#lnk=sametab,Narwey,"Target > Clothing, Shoes & Accessories > Accessories > Handbags & Purses > Shoulder Bags",Shoulder Bags,84.99,99.99,15.0,True,0.0,0,,False,,,https://target.scene7.com/is/image/Target/GUEST_49fdd8e4-0f55-4648-9788-86c303f70844?wid=1200&hei=1200&qlt=85 | https://target.scene7.com/is/image/Target/GUEST_2cd26752-c42a-4f0d-a5d8-c0eae5c66a52?wid=1200&hei=1200&qlt=85 | https://target.scene7.com/is/image/Target/GUEST_c7e8ffab-6043-4621-951e-2dec417b49ee?wid=1200&hei=1200&qlt=85 | https://target.scene7.com/is/image/Target/GUEST_198762dd-d131-4f8b-8310-24c02cea8ad0?wid=1200&hei=1200&qlt=85 | https://target.scene7.com/is/image/Target/GUEST_0b543549-078c-4c6a-83af-b421767e1a20?wid=1200&hei=1200&qlt=85,Well made purses sets; ❀Hobo handbags--dimension; ❀Crossbody bags; ❀Wallet clutch,,Polyester,"{""H"": ""5.5"", ""W"": ""10.5"", ""D"": ""12.8""}",5.5 inches (H) x 10.5 inches (W) x 12.8 inches (D),Lightweight,Multiple Compartments,Zip Pocket,Zip Closure,Shoulder Strap,1 x 1 Rib,Shake Clean,imported,138961999597,,"{""Dimensions (Overall)"": ""5.5 inches (H) x 10.5 inches (W) x 12.8 inches (D)"", ""Shell Material"": ""Polyester"", ""Bag Structure"": ""Lightweight"", ""Interior Features"": ""Multiple Compartments"", ""Exterior Features"": ""Zip Pocket"", ""Main Compartment Closure"": ""Zip Closure"", ""Handle Type"": ""Shoulder Strap"", ""Fabric Name"": ""1 x 1 Rib"", ""Care & Cleaning"": ""Shake Clean"", ""TCIN"": ""1009322332"", ""UPC"": ""138961999597"", ""Origin"": ""imported""}",True,2026-02-23T00:45:17.423003
1009407480,Narwey Purses for Women Vegan Leather Shoulder Purses and Handbags Hobo Bags for Women,https://www.target.com/p/narwey-purses-for-women-vegan-leather-shoulder-purses-and-handbags-hobo-bags-for-women/-/A-1009407480#lnk=sametab,Narwey,"Target > Clothing, Shoes & Accessories > Accessories > Handbags & Purses > Crossbody & Messenger Bags",Crossbody & Messenger Bags,56.69,68.99,17.8,True,0.0,0,,False,,,https://target.scene7.com/is/image/Target/GUEST_0cde8ba3-dfa1-4e9c-bddb-739fb588388a?wid=1200&hei=1200&qlt=85 | https://target.scene7.com/is/image/Target/GUEST_c1ee4035-8d53-4d5b-95a4-6832000c83b7?wid=1200&hei=1200&qlt=85 | https://target.scene7.com/is/image/Target/GUEST_51cc0534-8885-4bd5-84f9-830100d9b0ba?wid=1200&hei=1200&qlt=85 | https://target.scene7.com/is/image/Target/GUEST_e9fc3575-a6c5-45ed-a474-121cf302e67e?wid=1200&hei=1200&qlt=85 | https://target.scene7.com/is/image/Target/GUEST_8b192203-1faf-4bac-9516-b082f1900070?wid=1200&hei=1200&qlt=85,Superb Material; Classic; Dimensions; Multifunction,,Leather,"{""H"": ""11"", ""W"": ""4.7"", ""D"": ""13""}",11 inches (H) x 4.7 inches (W) x 13 inches (D),Lightweight,No Compartments or Pockets,No Compartments or Pockets,Zip Closure,No Handles or Straps,Novelty,Do Not Wash,imported,845178614228,,"{""Dimensions (Overall)"": ""11 inches (H) x 4.7 inches (W) x 13 inches (D)"", ""Shell Material"": ""Leather"", ""Bag Structure"": ""Lightweight"", ""Interior Features"": ""No Compartments or Pockets"", ""Exterior Features"": ""No Compartments or Pockets"", ""Main Compartment Closure"": ""Zip Closure"", ""Handle Type"": ""No Handles or Straps"", ""Fabric Name"": ""Novelty"", ""Care & Cleaning"": ""Do Not Wash"", ""TCIN"": ""1009407480"", ""UPC"": ""845178614228"", ""Origin"": ""imported""}",True,2026-02-23T00:45:17.423003
1007926274,"Women Satchel Handbags Top Handle Purse Vegan Leather Shoulder Bag Brown 13"" x 8""x 6""",https://www.target.com/p/women-satchel-handbags-top-handle-purse-vegan-leather-shoulder-bag/-/A-1007926274?preselect=1007926276#lnk=sametab,Empire DigiLabs,"Target > Clothing, Shoes & Accessories > Accessories > Handbags & Purses",Handbags & Purses,116.97,233.94,50.0,True,0.0,0,,False,"size13"" x 8""x 6""",,https://target.scene7.com/is/image/Target/GUEST_7738fc36-caff-4c92-9be9-c5c40f4b6891?wid=1200&hei=1200&qlt=85 | https://target.scene7.com/is/image/Target/GUEST_4aeadc08-ba14-4a46-924a-36bea75cb55c?wid=1200&hei=1200&qlt=85 | https://target.scene7.com/is/image/Target/GUEST_5e381671-08b5-4949-bb57-a67d11f94718?wid=1200&hei=1200&qlt=85 | https://target.scene7.com/is/image/Target/GUEST_20283891-cea8-4eb1-bab6-f98b672b5d0f?wid=1200&hei=1200&qlt=85 | https://target.scene7.com/is/image/Target/GUEST_525b201e-9cbc-4a88-a52c-0c67e81ac1e4?wid=1200&hei=1200&qlt=85,,,Leather,"{""H"": ""8"", ""W"": ""13"", ""D"": ""6""}",8 inches (H) x 13 inches (W) x 6 inches (D),Structured,Multiple Compartments,Detachable Straps,Zip Closure,Top Carrying Handle,Faux Leather,Spot or Wipe Clean,imported,661309840331,,"{""Dimensions (Overall)"": ""8 inches (H) x 13 inches (W) x 6 inches (D)"", ""Shell Material"": ""Leather"", ""Bag Structure"": ""Structured"", ""Interior Features"": ""Multiple Compartments"", ""Exterior Features"": ""Detachable Straps"", ""Main Compartment Closure"": ""Zip Closure"", ""Handle Type"": ""Top Carrying Handle"", ""Fabric Name"": ""Faux Leather"", ""Care & Cleaning"": ""Spot or Wipe Clean"", ""TCIN"": ""1007926276"", ""UPC"": ""661309840331"", ""Origin"": ""imported""}",True,2026-02-23T00:45:17.423003
1007928137,"Small Quilted Crossbody Purse for Women, Faux Leather Top Handle Bag with Chain Strap White 9.4"" x 3.5"" x 5.5""",https://www.target.com/p/small-quilted-crossbody-purse-for-women-faux-leather-top-handle-bag-with-chain-strap/-/A-1007928137?preselect=1007928138#lnk=sametab,Empire DigiLabs,"Target > Clothing, Shoes & Accessories > Accessories > Handbags & Purses > Mini Bags",Mini Bags,71.97,143.94,50.0,True,0.0,0,,False,"size9.4"" x 3.5"" x 5.5""",,https://target.scene7.com/is/image/Target/GUEST_06bb5dd6-320d-43e2-bc12-9a21b8943255?wid=1200&hei=1200&qlt=85 | https://target.scene7.com/is/image/Target/GUEST_f7053e8e-9af2-4426-80e5-3bf9197ef10a?wid=1200&hei=1200&qlt=85 | https://target.scene7.com/is/image/Target/GUEST_e6a50eff-4d16-4b17-b7ae-b45c10ddd1bf?wid=1200&hei=1200&qlt=85 | https://target.scene7.com/is/image/Target/GUEST_db2d592b-9e15-45e6-b5d7-2a5dbfa19b97?wid=1200&hei=1200&qlt=85 | https://target.scene7.com/is/image/Target/GUEST_19c20ef3-7287-4a50-9db7-a8925af3c614?wid=1200&hei=1200&qlt=85,,,Leather,"{""H"": ""5.5"", ""W"": ""9.4"", ""D"": ""3.5""}",5.5 inches (H) x 9.4 inches (W) x 3.5 inches (D),Structured,Multiple Compartments,Detachable Straps,Turn Key Closure,Top Carrying Handle,Faux Leather,Spot or Wipe Clean,imported,661309842250,,"{""Dimensions (Overall)"": ""5.5 inches (H) x 9.4 inches (W) x 3.5 inches (D)"", ""Shell Material"": ""Leather"", ""Bag Structure"": ""Structured"", ""Interior Features"": ""Multiple Compartments"", ""Exterior Features"": ""Detachable Straps"", ""Main Compartment Closure"": ""Turn Key Closure"", ""Handle Type"": ""Top Carrying Handle"", ""Fabric Name"": ""Faux Leather"", ""Care & Cleaning"": ""Spot or Wipe Clean"", ""TCIN"": ""1007928138"", ""UPC"": ""661309842250"", ""Origin"": ""imported""}",True,2026-02-23T00:45:17.423003
1007941719,Women Formal Vegan Leather Evening Envelope Clutch Purses and Handbags A-black 9*2*6.5,https://www.target.com/p/women-formal-vegan-leather-evening-envelope-clutch-purses-and-handbags/-/A-1007941719?preselect=1007941726#lnk=sametab,Empire DigiLabs,"Target > Clothing, Shoes & Accessories > Accessories > Handbags & Purses > Clutches",Clutches,68.67,137.34,50.0,True,0.0,0,,False,size9*2*6.5,,https://target.scene7.com/is/image/Target/GUEST_548c00ea-f8d8-4279-aca4-99e647b80569?wid=1200&hei=1200&qlt=85 | https://target.scene7.com/is/image/Target/GUEST_b2ed1def-4d28-4658-9f58-7dc598a007ef?wid=1200&hei=1200&qlt=85 | https://target.scene7.com/is/image/Target/GUEST_6a2dad9c-1ec1-4a58-860a-282f2cfff3c1?wid=1200&hei=1200&qlt=85 | https://target.scene7.com/is/image/Target/GUEST_94bd2064-2db3-4c9c-b207-a923d392d11e?wid=1200&hei=1200&qlt=85 | https://target.scene7.com/is/image/Target/GUEST_17b77902-7ad0-443b-a177-597c0244485d?wid=1200&hei=1200&qlt=85,,,Leather,"{""H"": ""6.5"", ""W"": ""9"", ""D"": ""2""}",6.5 inches (H) x 9 inches (W) x 2 inches (D),Structured,Multiple Compartments,Detachable Straps,Magnetic Closure,No Handles or Straps,Faux Leather,Spot or Wipe Clean,imported,661309847538,,"{""Dimensions (Overall)"": ""6.5 inches (H) x 9 inches (W) x 2 inches (D)"", ""Shell Material"": ""Leather"", ""Bag Structure"": ""Structured"", ""Interior Features"": ""Multiple Compartments"", ""Exterior Features"": ""Detachable Straps"", ""Main Compartment Closure"": ""Magnetic Closure"", ""Handle Type"": ""No Handles or Straps"", ""Fabric Name"": ""Faux Leather"", ""Care & Cleaning"": ""Spot or Wipe Clean"", ""TCIN"": ""1007941726"", ""UPC"": ""661309847538"", ""Origin"": ""imported""}",True,2026-02-23T00:45:17.423003
1009321087,"Narwey Mini Hole Handbag Toddler Purse with 20 Charms, Small Rubber Beach Bag",https://www.target.com/p/narwey-mini-hole-handbag-toddler-purse-with-20-charms-small-rubber-beach-bag/-/A-1009321087#lnk=sametab,Narwey,"Target > Clothing, Shoes & Accessories > Accessories > Handbags & Purses > Mini Bags",Mini Bags,36.99,49.99,26.0,True,0.0,0,,False,,,https://target.scene7.com/is/image/Target/GUEST_079a173e-426a-4a4f-a733-a7f01ed6dbb0?wid=1200&hei=1200&qlt=85 | https://target.scene7.com/is/image/Target/GUEST_4b116d76-d96c-43f0-8097-aabca41bf797?wid=1200&hei=1200&qlt=85 | https://target.scene7.com/is/image/Target/GUEST_407fe587-c026-475d-bd9b-01ec340e08ae?wid=1200&hei=1200&qlt=85 | https://target.scene7.com/is/image/Target/GUEST_09f2d9c0-fd8f-4bfe-ba00-3ffccda4039b?wid=1200&hei=1200&qlt=85 | https://target.scene7.com/is/image/Target/GUEST_600cf8b5-7da7-494e-afb3-48f2096e4d02?wid=1200&hei=1200&qlt=85,【Premium Material】; 【Compact Yet Spacious】; 【20 Stylish Charms】; 【Versatile & Customizable】,,Rubber,"{""H"": ""6.3"", ""W"": ""2.13"", ""D"": ""9.09""}",6.3 inches (H) x 2.13 inches (W) x 9.09 inches (D),Lightweight,No Compartments or Pockets,No Compartments or Pockets,Open Top,Double Handle,1 x 1 Rib,Hand Wash,imported,859194193889,,"{""Dimensions (Overall)"": ""6.3 inches (H) x 2.13 inches (W) x 9.09 inches (D)"", ""Shell Material"": ""Rubber"", ""Bag Structure"": ""Lightweight"", ""Interior Features"": ""No Compartments or Pockets"", ""Exterior Features"": ""No Compartments or Pockets"", ""Main Compartment Closure"": ""Open Top"", ""Handle Type"": ""Double Handle"", ""Fabric Name"": ""1 x 1 Rib"", ""Care & Cleaning"": ""Hand Wash"", ""TCIN"": ""1009321087"", ""UPC"": ""859194193889"", ""Origin"": ""imported""}",True,2026-02-23T00:45:17.423003
1009351797,"Narwey Crossbody Bags for Women Trendy,Vegan Leather Small Crossbody Purses",https://www.target.com/p/narwey-crossbody-bags-for-women-trendy-vegan-leather-small-crossbody-purses/-/A-1009351797#lnk=sametab,Narwey,"Target > Clothing, Shoes & Accessories > Accessories > Handbags & Purses > Crossbody & Messenger Bags",Crossbody & Messenger Bags,47.99,59.99,20.0,True,0.0,0,,False,,,https://target.scene7.com/is/image/Target/GUEST_503eb7a7-a2c2-4bda-af00-74c5f0cad8ee?wid=1200&hei=1200&qlt=85 | https://target.scene7.com/is/image/Target/GUEST_0d732e26-53b1-48d0-b5e5-cdcf03b026fe?wid=1200&hei=1200&qlt=85 | https://target.scene7.com/is/image/Target/GUEST_10a915ab-1c8d-4c91-994a-1c9299e8372e?wid=1200&hei=1200&qlt=85 | https://target.scene7.com/is/image/Target/GUEST_d7d56571-b022-48fc-95ef-6f63031ba99f?wid=1200&hei=1200&qlt=85 | https://target.scene7.com/is/image/Target/GUEST_1ce2e735-66f7-4b6f-a738-a7191ae39f27?wid=1200&hei=1200&qlt=85,Size: This women's crossbody handbags measures 9.3 in; Premium Material; Multi-Function Pockets; Stylish Design,,Leather,"{""H"": ""7.4"", ""W"": ""2.13"", ""D"": ""10.47""}",7.4 inches (H) x 2.13 inches (W) x 10.47 inches (D),Lightweight,Multiple Compartments,No Compartments or Pockets,Zip Closure,Shoulder Strap,1 x 1 Rib,Spot or Wipe Clean,imported,773572396900,,"{""Dimensions (Overall)"": ""7.4 inches (H) x 2.13 inches (W) x 10.47 inches (D)"", ""Shell Material"": ""Leather"", ""Bag Structure"": ""Lightweight"", ""Interior Features"": ""Multiple Compartments"", ""Exterior Features"": ""No Compartments or Pockets"", ""Main Compartment Closure"": ""Zip Closure"", ""Handle Type"": ""Shoulder Strap"", ""Fabric Name"": ""1 x 1 Rib"", ""Care & Cleaning"": ""Spot or Wipe Clean"", ""TCIN"": ""1009351797"", ""UPC"": ""773572396900"", ""Origin"": ""imported""}",True,2026-02-23T00:45:17.423003
1008459724,Women's Evening Bag Bridal Party Clutch Purses Cocktail Prom Handbags with Patent Leather Black 9.45*2.95*9,https://www.target.com/p/women-s-evening-bag-bridal-party-clutch-purses-cocktail-prom-handbags-with-patent-leather/-/A-1008459724?preselect=1008459723#lnk=sametab,Empire DigiLabs,"Target > Clothing, Shoes & Accessories > Accessories > Handbags & Purses > Clutches",Clutches,80.97,161.94,50.0,True,0.0,0,,False,size9.45*2.95*9,,https://target.scene7.com/is/image/Target/GUEST_b12c8d84-98bd-42a6-951a-b55d60be10d1?wid=1200&hei=1200&qlt=85 | https://target.scene7.com/is/image/Target/GUEST_774226e2-4814-4b84-b610-ac02057f6f97?wid=1200&hei=1200&qlt=85 | https://target.scene7.com/is/image/Target/GUEST_d69b7283-f181-4826-9e28-33ec6b278b58?wid=1200&hei=1200&qlt=85 | https://target.scene7.com/is/image/Target/GUEST_e9006d22-2b7b-41fa-a46f-af7215ec0888?wid=1200&hei=1200&qlt=85 | https://target.scene7.com/is/image/Target/GUEST_d137c6b0-bc47-40a1-b823-1093cf8ebd7a?wid=1200&hei=1200&qlt=85,,,Polyester,"{""H"": ""9"", ""W"": ""9.45"", ""D"": ""2.95""}",9 inches (H) x 9.45 inches (W) x 2.95 inches (D),Structured,Multiple Compartments,Detachable Straps,Magnetic Closure,Top Carrying Handle,Faux Leather,Spot or Wipe Clean,imported,661309792166,,"{""Dimensions (Overall)"": ""9 inches (H) x 9.45 inches (W) x 2.95 inches (D)"", ""Shell Material"": ""Polyester"", ""Bag Structure"": ""Structured"", ""Interior Features"": ""Multiple Compartments"", ""Exterior Features"": ""Detachable Straps"", ""Main Compartment Closure"": ""Magnetic Closure"", ""Handle Type"": ""Top Carrying Handle"", ""Fabric Name"": ""Faux Leather"", ""Care & Cleaning"": ""Spot or Wipe Clean"", ""TCIN"": ""1008459723"", ""UPC"": ""661309792166"", ""Origin"": ""imported""}",True,2026-02-23T00:45:17.423003
1007942801,Women's Small Classy Crossbody Purse Top Handle Handbags A-black(2035) 8 x 3 x 5.5,https://www.target.com/p/women-s-small-classy-crossbody-purse-top-handle-handbags/-/A-1007942801?preselect=1007942802#lnk=sametab,Empire DigiLabs,"Target > Clothing, Shoes & Accessories > Accessories > Handbags & Purses > Shoulder Bags",Shoulder Bags,89.97,179.94,50.0,True,0.0,0,,False,size8 x 3 x 5.5,,https://target.scene7.com/is/image/Target/GUEST_2ce67c38-47ed-4f49-8273-d2f1d9500ab5?wid=1200&hei=1200&qlt=85 | https://target.scene7.com/is/image/Target/GUEST_120c7da1-833d-448d-8c6a-7ea09300e5b7?wid=1200&hei=1200&qlt=85 | https://target.scene7.com/is/image/Target/GUEST_8b6f6d48-d745-4b72-b948-f704b0ca2b69?wid=1200&hei=1200&qlt=85 | https://target.scene7.com/is/image/Target/GUEST_cc14717f-1c9d-4753-a2fb-33df67129dd3?wid=1200&hei=1200&qlt=85 | https://target.scene7.com/is/image/Target/GUEST_ed422d31-9103-4164-bcfd-fa979e462eb4?wid=1200&hei=1200&qlt=85,,,Leather,"{""H"": ""5.5"", ""W"": ""8"", ""D"": ""3""}",5.5 inches (H) x 8 inches (W) x 3 inches (D),Structured,Multiple Compartments,Detachable Straps,Zip Closure,Top Carrying Handle,Faux Leather,Spot or Wipe Clean,imported,661309847194,,"{""Dimensions (Overall)"": ""5.5 inches (H) x 8 inches (W) x 3 inches (D)"", ""Shell Material"": ""Leather"", ""Bag Structure"": ""Structured"", ""Interior Features"": ""Multiple Compartments"", ""Exterior Features"": ""Detachable Straps"", ""Main Compartment Closure"": ""Zip Closure"", ""Handle Type"": ""Top Carrying Handle"", ""Fabric Name"": ""Faux Leather"", ""Care & Cleaning"": ""Spot or Wipe Clean"", ""TCIN"": ""1007942802"", ""UPC"": ""661309847194"", ""Origin"": ""imported""}",True,2026-02-23T00:45:17.423003
1009367560,"Narwey Crossbody Bags for Women Trendy, Leather Crossbody purse",https://www.target.com/p/narwey-crossbody-bags-for-women-trendy-leather-crossbody-purse/-/A-1009367560#lnk=sametab,Narwey,"Target > Clothing, Shoes & Accessories > Accessories > Handbags & Purses > Crossbody & Messenger Bags",Crossbody & Messenger Bags,46.99,49.99,6.0,True,0.0,0,,False,,,https://target.scene7.com/is/image/Target/GUEST_ef1015ac-2ae2-47be-9d59-3ae5a67628bc?wid=1200&hei=1200&qlt=85 | https://target.scene7.com/is/image/Target/GUEST_2f547488-a0d4-4b3f-acc3-ee39c04d404e?wid=1200&hei=1200&qlt=85 | https://target.scene7.com/is/image/Target/GUEST_0ddd6154-072c-4593-bd3f-1a6b22e5dbf0?wid=1200&hei=1200&qlt=85 | https://target.scene7.com/is/image/Target/GUEST_a6ef32e4-ad4d-4cf1-a01f-a9c342282c3a?wid=1200&hei=1200&qlt=85 | https://target.scene7.com/is/image/Target/GUEST_6a4da1b0-1a63-470c-87a5-a58209b472c8?wid=1200&hei=1200&qlt=85,Size: 11.90 inches (L) x 3.90 inches (W) x 8.50 inches; Premium Vegan Leather; Spacious Design; Durable Construction,,Leather,"{""H"": ""9.41"", ""W"": ""1.73"", ""D"": ""11.89""}",9.41 inches (H) x 1.73 inches (W) x 11.89 inches (D),Lightweight,Multiple Compartments,No Compartments or Pockets,Zip Closure,Shoulder Strap,1 x 1 Rib,Spot or Wipe Clean,imported,636742308113,,"{""Dimensions (Overall)"": ""9.41 inches (H) x 1.73 inches (W) x 11.89 inches (D)"", ""Shell Material"": ""Leather"", ""Bag Structure"": ""Lightweight"", ""Interior Features"": ""Multiple Compartments"", ""Exterior Features"": ""No Compartments or Pockets"", ""Main Compartment Closure"": ""Zip Closure"", ""Handle Type"": ""Shoulder Strap"", ""Fabric Name"": ""1 x 1 Rib"", ""Care & Cleaning"": ""Spot or Wipe Clean"", ""TCIN"": ""1009367560"", ""UPC"": ""636742308113"", ""Origin"": ""imported""}",True,2026-02-23T00:45:17.423003
1009298269,Narwey Crossbody Purses and Handbags for Women,https://www.target.com/p/narwey-crossbody-purses-and-handbags-for-women/-/A-1009298269#lnk=sametab,Narwey,"Target > Clothing, Shoes & Accessories > Accessories > Handbags & Purses > Shoulder Bags",Shoulder Bags,63.99,79.99,20.0,True,0.0,0,,False,,,https://target.scene7.com/is/image/Target/GUEST_8512456f-7608-4bf5-87e3-2be67e0f78eb?wid=1200&hei=1200&qlt=85 | https://target.scene7.com/is/image/Target/GUEST_29823fd5-a7d9-4a2d-81d8-9954fdbc1047?wid=1200&hei=1200&qlt=85 | https://target.scene7.com/is/image/Target/GUEST_b43b17de-0b13-4633-ad5d-8b570a6acf67?wid=1200&hei=1200&qlt=85 | https://target.scene7.com/is/image/Target/GUEST_b612eb9f-5a4e-4b2a-a639-80a1da2424f3?wid=1200&hei=1200&qlt=85 | https://target.scene7.com/is/image/Target/GUEST_364ee169-7c09-44f6-8ff4-f594ae341eb7?wid=1200&hei=1200&qlt=85,Different Ways to Carry; Synthetic Material; Removable Crossbody Shoulder Strap with Adjustable; Multi-pocket Design,,Leather,"{""H"": ""5"", ""W"": ""9"", ""D"": ""12""}",5 inches (H) x 9 inches (W) x 12 inches (D),Lightweight,Multiple Compartments,No Compartments or Pockets,Zip Closure,Shoulder Strap,1 x 1 Rib,Dry Clean,imported,310907652548,,"{""Dimensions (Overall)"": ""5 inches (H) x 9 inches (W) x 12 inches (D)"", ""Shell Material"": ""Leather"", ""Bag Structure"": ""Lightweight"", ""Interior Features"": ""Multiple Compartments"", ""Exterior Features"": ""No Compartments or Pockets"", ""Main Compartment Closure"": ""Zip Closure"", ""Handle Type"": ""Shoulder Strap"", ""Fabric Name"": ""1 x 1 Rib"", ""Care & Cleaning"": ""Dry Clean"", ""TCIN"": ""1009298269"", ""UPC"": ""310907652548"", ""Origin"": ""imported""}",True,2026-02-23T00:45:17.423503
1005003228,"AmeriLeather Hazelle Leather Shoulder Bag – Lambskin, Multicolor Weave Panels, Dual Handles, 16"" Everyday Handbag with Bonus Coin Purse",https://www.target.com/p/amerileather-hazelle-leather-shoulder-bag-lambskin-multicolor-weave-panels-dual-handles-16-everyday-handbag-with-bonus-coin-purse/-/A-1005003228#lnk=sametab,AmeriLeather,"Target > Clothing, Shoes & Accessories > Accessories > Handbags & Purses",Handbags & Purses,124.6,148.57,16.1,True,0.0,0,,False,,,https://target.scene7.com/is/image/Target/GUEST_4cf166f8-6b05-4e26-abba-352b2527c8c6?wid=1200&hei=1200&qlt=85 | https://target.scene7.com/is/image/Target/GUEST_d8a8f6cb-577f-4b13-86d5-5f211f92a6f1?wid=1200&hei=1200&qlt=85 | https://target.scene7.com/is/image/Target/GUEST_d9311d20-28ed-4969-aff2-6ac726ed55a2?wid=1200&hei=1200&qlt=85,"Material: Top grain lambskin leather; Size: 16"" L × 10.75"" H × 5.25"" W; Closure: Top zip main compartment with rear zip pocket; Strap: Adjustable leather/cotton shoulder strap; Handles: Double flat handles with 11"" drop",,Leather,"{""H"": ""10.75"", ""W"": ""16"", ""D"": ""5.25""}",10.75 inches (H) x 16 inches (W) x 5.25 inches (D),Structured,Accessories Pocket,Adjustable Shoulder Strap,Zip Closure,Double Handle,Woven,Spot or Wipe Clean,imported,791336170399,,"{""Dimensions (Overall)"": ""10.75 inches (H) x 16 inches (W) x 5.25 inches (D)"", ""Shell Material"": ""Leather"", ""Bag Structure"": ""Structured"", ""Interior Features"": ""Accessories Pocket"", ""Exterior Features"": ""Adjustable Shoulder Strap"", ""Main Compartment Closure"": ""Zip Closure"", ""Handle Type"": ""Double Handle"", ""Fabric Name"": ""Woven"", ""Care & Cleaning"": ""Spot or Wipe Clean"", ""TCIN"": ""1005003228"", ""UPC"": ""791336170399"", ""Origin"": ""imported""}",True,2026-02-23T00:45:17.423503
1009216286,Narwey Purses for Women Pocketbooks Soft PU Leather Ladies Crossbody Purse,https://www.target.com/p/narwey-purses-for-women-pocketbooks-soft-pu-leather-ladies-crossbody-purse/-/A-1009216286#lnk=sametab,Narwey,"Target > Clothing, Shoes & Accessories > Accessories > Handbags & Purses > Crossbody & Messenger Bags",Crossbody & Messenger Bags,50.99,0.0,0.0,False,0.0,0,,False,,,https://target.scene7.com/is/image/Target/GUEST_e3c30a9e-ab11-4893-81c2-cb1a38a57c76?wid=1200&hei=1200&qlt=85 | https://target.scene7.com/is/image/Target/GUEST_ff70751e-0fcb-456d-8672-4e08e836ab57?wid=1200&hei=1200&qlt=85 | https://target.scene7.com/is/image/Target/GUEST_d9b126e0-cdbc-4623-8a4a-04bf0a6afcdf?wid=1200&hei=1200&qlt=85 | https://target.scene7.com/is/image/Target/GUEST_f73292b5-e196-490e-ae3c-845334762942?wid=1200&hei=1200&qlt=85 | https://target.scene7.com/is/image/Target/GUEST_ceeac440-f531-40be-bddb-1783f4e06082?wid=1200&hei=1200&qlt=85,High quality soft and durable PU; Trendy & Fashionable; Perfect for all occations; perfect gift,,TPU (Thermoplastic Polyurethane),"{""H"": ""10.6"", ""W"": ""4.7"", ""D"": ""7.8""}",10.6 inches (H) x 4.7 inches (W) x 7.8 inches (D),Miniature,Zip Pocket,No Compartments or Pockets,Zip Closure,Adjustable Strap,1 x 1 Rib,Hand Wash,imported,181626312316,,"{""Dimensions (Overall)"": ""10.6 inches (H) x 4.7 inches (W) x 7.8 inches (D)"", ""Shell Material"": ""TPU (Thermoplastic Polyurethane)"", ""Bag Structure"": ""Miniature"", ""Interior Features"": ""Zip Pocket"", ""Exterior Features"": ""No Compartments or Pockets"", ""Main Compartment Closure"": ""Zip Closure"", ""Handle Type"": ""Adjustable Strap"", ""Fabric Name"": ""1 x 1 Rib"", ""Care & Cleaning"": ""Hand Wash"", ""TCIN"": ""1009216286"", ""UPC"": ""181626312316"", ""Origin"": ""imported""}",True,2026-02-23T00:45:17.423503
1009406342,Narwey Purses and Handbags Top Handle Satchel Shoulder Bags,https://www.target.com/p/narwey-purses-and-handbags-top-handle-satchel-shoulder-bags/-/A-1009406342#lnk=sametab,Narwey,"Target > Clothing, Shoes & Accessories > Accessories > Handbags & Purses > Mini Bags",Mini Bags,57.99,69.99,17.1,True,0.0,0,,False,,,https://target.scene7.com/is/image/Target/GUEST_77745b7f-8108-4be7-9f49-1d410ac95b2d?wid=1200&hei=1200&qlt=85 | https://target.scene7.com/is/image/Target/GUEST_89655897-eae8-4dc0-b19e-7dfb758b3d42?wid=1200&hei=1200&qlt=85 | https://target.scene7.com/is/image/Target/GUEST_fcb78980-ce36-4e6e-ba72-fc087b68bc32?wid=1200&hei=1200&qlt=85 | https://target.scene7.com/is/image/Target/GUEST_192a260a-4c61-4689-b629-a140512774e4?wid=1200&hei=1200&qlt=85 | https://target.scene7.com/is/image/Target/GUEST_3ce43202-86ae-4131-885d-038068babc00?wid=1200&hei=1200&qlt=85,Different Ways to Carry; Synthetic Material; Pockets:6 Pockets(3* Main Compartments; DIMENSIONS: 11.81L * 8.27H * 5.12W inches,,20% Recycled Polyester,"{""H"": ""11.81"", ""W"": ""5.12"", ""D"": ""8.27""}",11.81 inches (H) x 5.12 inches (W) x 8.27 inches (D),Dome,Multiple Compartments,No Compartments or Pockets,Zip Closure,Adjustable Shoulder Strap,1 x 1 Rib,Do Not Wash,imported,742485565031,,"{""Dimensions (Overall)"": ""11.81 inches (H) x 5.12 inches (W) x 8.27 inches (D)"", ""Shell Material"": ""20% Recycled Polyester"", ""Bag Structure"": ""Dome"", ""Interior Features"": ""Multiple Compartments"", ""Exterior Features"": ""No Compartments or Pockets"", ""Main Compartment Closure"": ""Zip Closure"", ""Handle Type"": ""Adjustable Shoulder Strap"", ""Fabric Name"": ""1 x 1 Rib"", ""Care & Cleaning"": ""Do Not Wash"", ""TCIN"": ""1009406342"", ""UPC"": ""742485565031"", ""Origin"": ""imported""}",True,2026-02-23T00:45:17.423503
1009407539,"Narwey Clear Purse Stadium Approved for Women, Small Clear Crossbody Bag Fashion, Cute See Through Clutch",https://www.target.com/p/narwey-clear-purse-stadium-approved-for-women-small-clear-crossbody-bag-fashion-cute-see-through-clutch/-/A-1009407539#lnk=sametab,Narwey,Target > Sports & Outdoors > Sports Fan Shop > MLB Fan Shop,MLB Fan Shop,23.99,29.99,20.0,True,0.0,0,,False,,,https://target.scene7.com/is/image/Target/GUEST_c3bfd373-12c4-4289-b50f-d4fec9ea7dbd?wid=1200&hei=1200&qlt=85 | https://target.scene7.com/is/image/Target/GUEST_df1f07cf-e256-42a4-acf7-857991743e48?wid=1200&hei=1200&qlt=85 | https://target.scene7.com/is/image/Target/GUEST_2140a3ee-2644-41b6-9978-31f50f791196?wid=1200&hei=1200&qlt=85 | https://target.scene7.com/is/image/Target/GUEST_2295fd17-7985-4e02-864f-520fb4ae7897?wid=1200&hei=1200&qlt=85 | https://target.scene7.com/is/image/Target/GUEST_1e48ebf0-abd1-4aa6-8902-286c2a4f2afc?wid=1200&hei=1200&qlt=85,Stadium Approved; Perfect Size & No Smell; Removable & Long Chain; Multi-purpose for All Situations,,PVC (Polyvinyl Chloride),"{""H"": ""7.3"", ""W"": ""2.7"", ""D"": ""5.3""}",7.3 inches (H) x 2.7 inches (W) x 5.3 inches (D),Dome,Multiple Compartments,No Compartments or Pockets,Buckle Closure,Carrying Handle,2 x 2 Rib,Do Not Wash,imported,363618307832,,"{""Dimensions (Overall)"": ""7.3 inches (H) x 2.7 inches (W) x 5.3 inches (D)"", ""Shell Material"": ""PVC (Polyvinyl Chloride)"", ""Bag Structure"": ""Dome"", ""Interior Features"": ""Multiple Compartments"", ""Exterior Features"": ""No Compartments or Pockets"", ""Main Compartment Closure"": ""Buckle Closure"", ""Handle Type"": ""Carrying Handle"", ""Fabric Name"": ""2 x 2 Rib"", ""Care & Cleaning"": ""Do Not Wash"", ""TCIN"": ""1009407539"", ""UPC"": ""363618307832"", ""Origin"": ""imported""}",True,2026-02-23T00:45:17.423503
1009322804,"Narwey Quilted Shoulder Bag for Women, Medium Flap Crossbody Handbag with Chain Strap, Soft Vegan Leather Clutch Purse",https://www.target.com/p/narwey-quilted-shoulder-bag-for-women-medium-flap-crossbody-handbag-with-chain-strap-soft-vegan-leather-clutch-purse/-/A-1009322804#lnk=sametab,Narwey,"Target > Clothing, Shoes & Accessories > Accessories > Handbags & Purses > Shoulder Bags",Shoulder Bags,54.59,66.74,18.2,True,0.0,0,,False,,,https://target.scene7.com/is/image/Target/GUEST_196515f5-0262-4e15-ae9c-1ee7c35298e9?wid=1200&hei=1200&qlt=85 | https://target.scene7.com/is/image/Target/GUEST_db42881b-9459-4938-a57b-0f89ec57c650?wid=1200&hei=1200&qlt=85 | https://target.scene7.com/is/image/Target/GUEST_80daf357-9108-47df-8cd4-1260fac8f1c3?wid=1200&hei=1200&qlt=85 | https://target.scene7.com/is/image/Target/GUEST_a10fc150-84e6-405d-aa3a-2368a9e3db13?wid=1200&hei=1200&qlt=85 | https://target.scene7.com/is/image/Target/GUEST_a9e0f935-4b35-4b41-aace-94542e200654?wid=1200&hei=1200&qlt=85,FASHION DESIGN; LARGE CAPACITY; OCCASION; EASY TO MATCH; Gifts for Women,,Leather,"{""H"": ""6.1"", ""W"": ""2.55"", ""D"": ""9.05""}",6.1 inches (H) x 2.55 inches (W) x 9.05 inches (D),Lightweight,No Compartments or Pockets,No Compartments or Pockets,Zip Closure,No Handles or Straps,Novelty,Do Not Wash,imported,124526114710,,"{""Dimensions (Overall)"": ""6.1 inches (H) x 2.55 inches (W) x 9.05 inches (D)"", ""Shell Material"": ""Leather"", ""Bag Structure"": ""Lightweight"", ""Interior Features"": ""No Compartments or Pockets"", ""Exterior Features"": ""No Compartments or Pockets"", ""Main Compartment Closure"": ""Zip Closure"", ""Handle Type"": ""No Handles or Straps"", ""Fabric Name"": ""Novelty"", ""Care & Cleaning"": ""Do Not Wash"", ""TCIN"": ""1009322804"", ""UPC"": ""124526114710"", ""Origin"": ""imported""}",True,2026-02-23T00:45:17.423503
1007761661,"Crossbody Bags for Women Trendy Vegan Leather Hobo Handbags Fashion Shoulder Purse A02-black 10.2"" x 2.9""x 9.6""",https://www.target.com/p/crossbody-bags-for-women-trendy-vegan-leather-hobo-handbags-fashion-shoulder-purse/-/A-1007761661?preselect=1007761662#lnk=sametab,Empire DigiLabs,"Target > Clothing, Shoes & Accessories > Accessories > Handbags & Purses > Crossbody & Messenger Bags",Crossbody & Messenger Bags,128.67,257.34,50.0,True,0.0,0,,False,"size10.2"" x 2.9""x 9.6""",,https://target.scene7.com/is/image/Target/GUEST_475836d3-126b-4fa9-b4f9-da8ddb4edc85?wid=1200&hei=1200&qlt=85 | https://target.scene7.com/is/image/Target/GUEST_cee3a934-32f5-4470-86bc-619714397265?wid=1200&hei=1200&qlt=85 | https://target.scene7.com/is/image/Target/GUEST_4580c743-2b2f-4ac4-89cd-005d3489ced2?wid=1200&hei=1200&qlt=85 | https://target.scene7.com/is/image/Target/GUEST_01772f52-1b7a-4c31-a460-00b25093c2fe?wid=1200&hei=1200&qlt=85 | https://target.scene7.com/is/image/Target/GUEST_d91dc539-ae0d-44d6-a554-a8ba36b65889?wid=1200&hei=1200&qlt=85,,,Leather,"{""H"": ""9.6"", ""W"": ""10.2"", ""D"": ""2.9""}",9.6 inches (H) x 10.2 inches (W) x 2.9 inches (D),Structured,Multiple Compartments,Adjustable Strap,Zip Closure,Adjustable Strap,Faux Leather,Spot or Wipe Clean,imported,661309913165,,"{""Dimensions (Overall)"": ""9.6 inches (H) x 10.2 inches (W) x 2.9 inches (D)"", ""Shell Material"": ""Leather"", ""Bag Structure"": ""Structured"", ""Interior Features"": ""Multiple Compartments"", ""Exterior Features"": ""Adjustable Strap"", ""Main Compartment Closure"": ""Zip Closure"", ""Handle Type"": ""Adjustable Strap"", ""Fabric Name"": ""Faux Leather"", ""Care & Cleaning"": ""Spot or Wipe Clean"", ""TCIN"": ""1007761662"", ""UPC"": ""661309913165"", ""Origin"": ""imported""}",True,2026-02-23T00:45:17.423503
1002176824,C&F Home Primavera Quilted Twin Straps Purse,https://www.target.com/p/c-f-home-primavera-quilted-twin-straps-purse/-/A-1002176824#lnk=sametab,C&F Home,"Target > Clothing, Shoes & Accessories > Accessories > Handbags & Purses",Handbags & Purses,25.99,57.19,54.6,True,5.0,1,,False,,,https://target.scene7.com/is/image/Target/GUEST_14243828-d7a3-48af-af28-c6a3fb926882?wid=1200&hei=1200&qlt=85 | https://target.scene7.com/is/image/Target/GUEST_dc16c666-aa5c-49bc-8fc9-c7078dbbf635?wid=1200&hei=1200&qlt=85,"100% Quilted Cotton; C&F Home strives to provide exceptional, high-quality products to fit every style",,Cotton,"{""H"": ""13.5"", ""W"": ""4.5"", ""D"": ""13.5""}",13.5 inches (H) x 4.5 inches (W) x 13.5 inches (D),Softside,No Compartments or Pockets,No Compartments or Pockets,Zip Closure,Cotton,Woven,Spot or Wipe Clean,imported,008246378204,,"{""Dimensions (Overall)"": ""13.5 inches (H) x 4.5 inches (W) x 13.5 inches (D)"", ""Shell Material"": ""Cotton"", ""Bag Structure"": ""Softside"", ""Interior Features"": ""No Compartments or Pockets"", ""Exterior Features"": ""No Compartments or Pockets"", ""Main Compartment Closure"": ""Zip Closure"", ""Handle Type"": ""Shoulder Strap"", ""Fabric Name"": ""Woven"", ""Handle Material"": ""Cotton"", ""Industry or Government Certifications"": ""Meets ASTM Standards"", ""Fits Laptop"": ""No Laptop Pocket"", ""Battery"": ""No Battery Used"", ""Care & Cleaning"": ""Spot or Wipe Clean"", ""TCIN"": ""1002176824"", ""UPC"": ""008246378204"", ""Origin"": ""imported""}",True,2026-02-23T00:45:17.423503
1009318506,Narwey Rhinestones Clutch Purses for Women Chain Shoulder Bags Sparkly Evening Bags Handbags,https://www.target.com/p/narwey-rhinestones-clutch-purses-for-women-chain-shoulder-bags-sparkly-evening-bags-handbags/-/A-1009318506#lnk=sametab,Narwey,"Target > Clothing, Shoes & Accessories > Accessories > Handbags & Purses > Crossbody & Messenger Bags",Crossbody & Messenger Bags,62.99,69.99,10.0,True,0.0,0,,False,,,https://target.scene7.com/is/image/Target/GUEST_418e81fb-8d37-476b-96ad-e79d4672cc0c?wid=1200&hei=1200&qlt=85 | https://target.scene7.com/is/image/Target/GUEST_89160173-08a4-43f2-9f86-5af58d569664?wid=1200&hei=1200&qlt=85 | https://target.scene7.com/is/image/Target/GUEST_c2cd27f3-1356-4671-9815-6406abee40f4?wid=1200&hei=1200&qlt=85 | https://target.scene7.com/is/image/Target/GUEST_b224ff22-b5fe-4da2-a797-0fadd6c9a1a3?wid=1200&hei=1200&qlt=85 | https://target.scene7.com/is/image/Target/GUEST_08ef2bef-16d1-426e-9cd1-4a5b0301fae6?wid=1200&hei=1200&qlt=85,Glittering Elegance; Spacious Design; Versatile Style; Multi-Purpose Use,,20% Recycled Polyester,"{""H"": ""7.6"", ""W"": ""2.3"", ""D"": ""4.3""}",7.6 inches (H) x 2.3 inches (W) x 4.3 inches (D),Dome,Multiple Compartments,No Compartments or Pockets,Buckle Closure,Single handle,1 x 1 Rib,Do Not Wring,imported,733360750444,,"{""Dimensions (Overall)"": ""7.6 inches (H) x 2.3 inches (W) x 4.3 inches (D)"", ""Shell Material"": ""20% Recycled Polyester"", ""Bag Structure"": ""Dome"", ""Interior Features"": ""Multiple Compartments"", ""Exterior Features"": ""No Compartments or Pockets"", ""Main Compartment Closure"": ""Buckle Closure"", ""Handle Type"": ""Single handle"", ""Fabric Name"": ""1 x 1 Rib"", ""Care & Cleaning"": ""Do Not Wring"", ""TCIN"": ""1009318506"", ""UPC"": ""733360750444"", ""Origin"": ""imported""}",True,2026-02-23T00:45:17.423503
1009163458,"Narwey Tote Bag for Women Nylon Top-Handle Purse,Shoulder Hobo handBag with Zipper",https://www.target.com/p/narwey-tote-bag-for-women-nylon-top-handle-purse-shoulder-hobo-handbag-with-zipper/-/A-1009163458#lnk=sametab,Narwey,"Target > Clothing, Shoes & Accessories > Accessories > Handbags & Purses > Shoulder Bags",Shoulder Bags,47.99,57.99,17.2,True,0.0,0,,False,,,https://target.scene7.com/is/image/Target/GUEST_4e2ed092-cf07-4c1f-a0b9-478250923ae4?wid=1200&hei=1200&qlt=85 | https://target.scene7.com/is/image/Target/GUEST_789be2b9-3080-4832-a4af-40bffb5c1232?wid=1200&hei=1200&qlt=85 | https://target.scene7.com/is/image/Target/GUEST_e383dce9-626f-4e6e-adbe-7f5bcb250ec6?wid=1200&hei=1200&qlt=85 | https://target.scene7.com/is/image/Target/GUEST_0b9fed97-b19d-4c1f-9cdd-96aa4faa51d3?wid=1200&hei=1200&qlt=85 | https://target.scene7.com/is/image/Target/GUEST_2106d7a0-03ef-48a7-a769-0cd403f09775?wid=1200&hei=1200&qlt=85,Generously Sized; Ultra Lightweight; Detailed structure; Large Capacity,,10% Recycled Nylon,"{""H"": ""9.4"", ""W"": ""6.8"", ""D"": ""16.8""}",9.4 inches (H) x 6.8 inches (W) x 16.8 inches (D),Lightweight,No Compartments or Pockets,Multiple Compartments,Zip Closure,Single handle,Novelty,Do Not Wash,imported,955099383117,,"{""Dimensions (Overall)"": ""9.4 inches (H) x 6.8 inches (W) x 16.8 inches (D)"", ""Shell Material"": ""10% Recycled Nylon"", ""Bag Structure"": ""Lightweight"", ""Interior Features"": ""No Compartments or Pockets"", ""Exterior Features"": ""Multiple Compartments"", ""Main Compartment Closure"": ""Zip Closure"", ""Handle Type"": ""Single handle"", ""Fabric Name"": ""Novelty"", ""Care & Cleaning"": ""Do Not Wash"", ""TCIN"": ""1009163458"", ""UPC"": ""955099383117"", ""Origin"": ""imported""}",True,2026-02-23T00:46:00.918683
1009253528,Women Clutch Wallet Bags For Party Wedding Soft Handbag Portable Thin Envelop Evening Purse for Bridal Dating,https://www.target.com/p/women-clutch-wallet-bags-for-party-wedding-soft-handbag-portable-thin-envelop-evening-purse-for-bridal-dating/-/A-1009253528?preselect=1009253527#lnk=sametab,AZ Importer,"Target > Clothing, Shoes & Accessories > Accessories > Handbags & Purses > Clutches",Clutches,34.99,99.99,65.0,True,0.0,0,,False,sizeone size,,https://target.scene7.com/is/image/Target/GUEST_839a7313-9fdb-4f0f-9018-b61e4fe72287?wid=1200&hei=1200&qlt=85 | https://target.scene7.com/is/image/Target/GUEST_dada3d1d-78bf-49c6-b8f6-893c57f30fc5?wid=1200&hei=1200&qlt=85 | https://target.scene7.com/is/image/Target/GUEST_e3278f6f-6098-4e85-96f3-1ef810a3c603?wid=1200&hei=1200&qlt=85 | https://target.scene7.com/is/image/Target/GUEST_bc55da79-85be-4a3c-ae08-849210bceeaf?wid=1200&hei=1200&qlt=85 | https://target.scene7.com/is/image/Target/GUEST_14e2cb2f-1a20-4f88-b51c-248df6f474f3?wid=1200&hei=1200&qlt=85,"Soft Frosted Velvet Finish – Crafted from premium frosted velvet with fine stitching workmanship, offering a soft touch and elegant durability.; Slim & Elegant Envelope Design – Lightweight, portable, and stylish clutch silhouette perfect for weddings, parties, and evening events.; Surprisingly Spacious Interior – Main compartment with a card slot comfortably holds a phone, lipstick, BB cream, earrings, tissues, and small essentials.; Secure Snap Closure – Quick snap closure keeps personal belongings protected while allowing easy access when needed.; Detachable Shoulder Chain – Includes a removable metal chain for versatile use as a handheld clutch or shoulder bag.; Chic V-Shaped Surface Detail – Shining V-shaped design adds a fashionable statement to any outfit.; Comfortable & Lightweight Carry – Designed for long events without adding bulk or strain.; Easy to Match with Any Outfit – Simple yet glamorous style pairs effortlessly with dresses, gowns, and casual evening wear.; Perfect for Multiple Occasions – Ideal for dating, weddings, parties, theater nights, and shopping outings.; Thoughtful Gift Choice – A stylish and practical gift option for girlfriends, colleagues, or mothers.",,Velvet,"{""H"": ""5.23"", ""W"": ""11.22"", ""D"": ""2.04""}",5.23 inches (H) x 11.22 inches (W) x 2.04 inches (D),Structured,Credit Card Pockets,No Compartments or Pockets,Snap closure,Chain Strap Handle,Velvet,Spot or Wipe Clean,Imported,616043333885,,"{""Dimensions (Overall)"": ""5.23 inches (H) x 11.22 inches (W) x 2.04 inches (D)"", ""Shell Material"": ""Velvet"", ""Bag Structure"": ""Structured"", ""Interior Features"": ""Credit Card Pockets"", ""Exterior Features"": ""No Compartments or Pockets"", ""Main Compartment Closure"": ""Snap closure"", ""Handle Type"": ""Chain Strap Handle"", ""Fabric Name"": ""Velvet"", ""Care & Cleaning"": ""Spot or Wipe Clean"", ""TCIN"": ""1009253527"", ""UPC"": ""616043333885"", ""Origin"": ""Imported""}",True,2026-02-23T00:46:00.918683
1007261934,Signare USA Pomegranate and Lemon Sling Bag Purse Crossbody,https://www.target.com/p/signare-usa-pomegranate-and-lemon-sling-bag-purse-crossbody/-/A-1007261934#lnk=sametab,Signare USA,"Target > Clothing, Shoes & Accessories > Accessories > Handbags & Purses > Crossbody & Messenger Bags",Crossbody & Messenger Bags,32.99,0.0,0.0,False,5.0,1,,False,,,https://target.scene7.com/is/image/Target/GUEST_bb3a4a11-c146-4555-bad0-0157c54d1dab?wid=1200&hei=1200&qlt=85 | https://target.scene7.com/is/image/Target/GUEST_1c61e7e7-78f2-4ea0-b848-43b0cdf4218e?wid=1200&hei=1200&qlt=85 | https://target.scene7.com/is/image/Target/GUEST_8b6d603e-82ae-409d-859d-be2b5e407818?wid=1200&hei=1200&qlt=85 | https://target.scene7.com/is/image/Target/GUEST_9b209847-2ed7-4dbc-a120-b278b4084fcc?wid=1200&hei=1200&qlt=85 | https://target.scene7.com/is/image/Target/GUEST_5a84cb14-ecb5-4c7e-800c-53361dc348b6?wid=1200&hei=1200&qlt=85,"Can be worn as a cross body sling or shoulder style bag.; Adjustable shoulder strap, max shoulder strap drop 21”; Features an inside slip pocket and lined with a patterned nylon; Ideal to hold your travel documents when on holiday",,Polyester,"{""H"": ""7.5"", ""W"": ""6.1"", ""D"": ""2.5""}",7.5 inches (H) x 6.1 inches (W) x 2.5 inches (D),Lightweight,Slip Pocket,No Compartments or Pockets,Zip Closure,Adjustable Shoulder Strap,Woven,Spot or Wipe Clean,Imported,5060943714681,,"{""Dimensions (Overall)"": ""7.5 inches (H) x 6.1 inches (W) x 2.5 inches (D)"", ""Shell Material"": ""Polyester"", ""Bag Structure"": ""Lightweight"", ""Interior Features"": ""Slip Pocket"", ""Exterior Features"": ""No Compartments or Pockets"", ""Main Compartment Closure"": ""Zip Closure"", ""Handle Type"": ""Adjustable Shoulder Strap"", ""Fabric Name"": ""Woven"", ""Care & Cleaning"": ""Spot or Wipe Clean"", ""TCIN"": ""1007261934"", ""UPC"": ""5060943714681"", ""Origin"": ""Imported""}",True,2026-02-23T00:46:00.918683
1004994307,Amerileather Stella Slim Shoulder Bag – Top Grain Lambskin Purse with Sleek Silhouette and Lightweight Everyday Function,https://www.target.com/p/amerileather-stella-slim-shoulder-bag-top-grain-lambskin-purse-with-sleek-silhouette-and-lightweight-everyday-function/-/A-1004994307#lnk=sametab,AmeriLeather,"Target > Clothing, Shoes & Accessories > Accessories > Handbags & Purses",Handbags & Purses,136.19,163.35,16.6,True,0.0,0,,False,,,https://target.scene7.com/is/image/Target/GUEST_f17478e3-9831-4b8c-810b-90f5cdc9cad4?wid=1200&hei=1200&qlt=85 | https://target.scene7.com/is/image/Target/GUEST_d3fbccb2-3e85-448e-862d-7851a92616ff?wid=1200&hei=1200&qlt=85 | https://target.scene7.com/is/image/Target/GUEST_c0080930-265e-4a4b-a96d-36c89d7daae1?wid=1200&hei=1200&qlt=85 | https://target.scene7.com/is/image/Target/GUEST_73af1d40-7b6e-4e2f-8984-6157c91ae818?wid=1200&hei=1200&qlt=85 | https://target.scene7.com/is/image/Target/GUEST_1224f83d-d51d-4e6f-914c-4dc75e0b641a?wid=1200&hei=1200&qlt=85,"Material: Top grain lambskin leather for smooth, supple texture; Design: Slim, low-profile shoulder bag with clean lines; Interior: Compact main compartment with interior organizer pockets; Strap: Single leather shoulder strap with comfortable drop length; Dimensions: 11 in. L x 10 in. H x 3.5 in. W",,Leather,"{""H"": ""10"", ""W"": ""3.5"", ""D"": ""11""}",10 inches (H) x 3.5 inches (W) x 11 inches (D),Lightweight,Accessories Pocket,Pouch Pocket,Zip Closure,Shoulder Strap,Microfiber,Care Instructions Not Provided,imported,791336173598,,"{""Dimensions (Overall)"": ""10 inches (H) x 3.5 inches (W) x 11 inches (D)"", ""Shell Material"": ""Leather"", ""Bag Structure"": ""Lightweight"", ""Interior Features"": ""Accessories Pocket"", ""Exterior Features"": ""Pouch Pocket"", ""Main Compartment Closure"": ""Zip Closure"", ""Handle Type"": ""Shoulder Strap"", ""Fabric Name"": ""Microfiber"", ""Care & Cleaning"": ""Care Instructions Not Provided"", ""TCIN"": ""1004994307"", ""UPC"": ""791336173598"", ""Origin"": ""imported""}",True,2026-02-23T00:46:00.918683
1007903176,"Clutch Evening Bag Elegant Pleated Satin Formal Handbag Simple Classy Purse for Women Blush Pink 11"" x 5.9"" x 2.1""",https://www.target.com/p/clutch-evening-bag-elegant-pleated-satin-formal-handbag-simple-classy-purse-for-women/-/A-1007903176?preselect=1007903177#lnk=sametab,Empire DigiLabs,"Target > Clothing, Shoes & Accessories > Accessories > Handbags & Purses > Clutches",Clutches,88.29,176.58,50.0,True,0.0,0,,False,"size11"" x 5.9"" x 2.1""",,https://target.scene7.com/is/image/Target/GUEST_823016ea-4921-4675-97f5-8e046790d02f?wid=1200&hei=1200&qlt=85 | https://target.scene7.com/is/image/Target/GUEST_b6b7ad3f-6341-4b55-a095-953e3354ada3?wid=1200&hei=1200&qlt=85 | https://target.scene7.com/is/image/Target/GUEST_30092b0c-8de4-411d-8098-0c2e0a00653d?wid=1200&hei=1200&qlt=85 | https://target.scene7.com/is/image/Target/GUEST_e4236bc7-04a4-48f4-9418-415699ef0796?wid=1200&hei=1200&qlt=85 | https://target.scene7.com/is/image/Target/GUEST_ea9d4ddb-8ad9-46ea-aa86-7c6a1e6f1398?wid=1200&hei=1200&qlt=85,,,Leather,"{""H"": ""5.9"", ""W"": ""11"", ""D"": ""2.1""}",5.9 inches (H) x 11 inches (W) x 2.1 inches (D),Structured,No Compartments or Pockets,Detachable Straps,Button Closure,No Handles or Straps,Faux Leather,Spot or Wipe Clean,imported,661309874954,,"{""Dimensions (Overall)"": ""5.9 inches (H) x 11 inches (W) x 2.1 inches (D)"", ""Shell Material"": ""Leather"", ""Bag Structure"": ""Structured"", ""Interior Features"": ""No Compartments or Pockets"", ""Exterior Features"": ""Detachable Straps"", ""Main Compartment Closure"": ""Button Closure"", ""Handle Type"": ""No Handles or Straps"", ""Fabric Name"": ""Faux Leather"", ""Care & Cleaning"": ""Spot or Wipe Clean"", ""TCIN"": ""1007903177"", ""UPC"": ""661309874954"", ""Origin"": ""imported""}",True,2026-02-23T00:46:00.918683
1009139294,Narwey Purses for Women CrossBody Bag Waterproof Purse Shoulder Handbag Multiple,https://www.target.com/p/narwey-purses-for-women-crossbody-bag-waterproof-purse-shoulder-handbag-multiple/-/A-1009139294#lnk=sametab,Narwey,"Target > Clothing, Shoes & Accessories > Accessories > Handbags & Purses",Handbags & Purses,32.99,45.99,28.3,True,0.0,0,,False,,,https://target.scene7.com/is/image/Target/GUEST_229d0c2a-18e4-4e5e-9280-727d463b7b7e?wid=1200&hei=1200&qlt=85 | https://target.scene7.com/is/image/Target/GUEST_def57c76-acbc-4a10-a450-48fc7e3d89d7?wid=1200&hei=1200&qlt=85 | https://target.scene7.com/is/image/Target/GUEST_23f0b237-d675-4915-9f41-acf6b1cae412?wid=1200&hei=1200&qlt=85 | https://target.scene7.com/is/image/Target/GUEST_e3854660-b844-47a2-957c-3b047393dab1?wid=1200&hei=1200&qlt=85 | https://target.scene7.com/is/image/Target/GUEST_052300f3-aaae-42e7-994e-c30048ba1c7e?wid=1200&hei=1200&qlt=85,Ample Storage Space; Adjustable Strap; Durable Material; Versatile Design,,30% Recycled Cotton,"{""H"": ""11.87"", ""W"": ""4.72"", ""D"": ""11.02""}",11.87 inches (H) x 4.72 inches (W) x 11.02 inches (D),Lightweight,Multiple Compartments,Multiple Compartments,Zip Closure,Adjustable Handle,Novelty,Do Not Wash,imported,688846850609,,"{""Dimensions (Overall)"": ""11.87 inches (H) x 4.72 inches (W) x 11.02 inches (D)"", ""Shell Material"": ""30% Recycled Cotton"", ""Bag Structure"": ""Lightweight"", ""Interior Features"": ""Multiple Compartments"", ""Exterior Features"": ""Multiple Compartments"", ""Main Compartment Closure"": ""Zip Closure"", ""Handle Type"": ""Adjustable Handle"", ""Fabric Name"": ""Novelty"", ""Care & Cleaning"": ""Do Not Wash"", ""TCIN"": ""1009139294"", ""UPC"": ""688846850609"", ""Origin"": ""imported""}",True,2026-02-23T00:46:00.918683
1007925914,Trendy Crocodile Designer Leather Flap Top Handle Purses Shoulder Bag Maroon 9 x 3.5x 6.3,https://www.target.com/p/trendy-crocodile-designer-leather-flap-top-handle-purses-shoulder-bag/-/A-1007925914?preselect=1007925916#lnk=sametab,Empire DigiLabs,"Target > Clothing, Shoes & Accessories > Accessories > Handbags & Purses",Handbags & Purses,95.88,191.76,50.0,True,0.0,0,,False,size9 x 3.5x 6.3,,https://target.scene7.com/is/image/Target/GUEST_76aed5ee-a253-4845-9f1b-32e7e77c1b11?wid=1200&hei=1200&qlt=85 | https://target.scene7.com/is/image/Target/GUEST_3252aaf7-28cd-437c-bf30-f8eca58a95de?wid=1200&hei=1200&qlt=85 | https://target.scene7.com/is/image/Target/GUEST_08eae761-90bc-4ca2-ab45-0f11f86f1470?wid=1200&hei=1200&qlt=85 | https://target.scene7.com/is/image/Target/GUEST_0856459c-73be-4bf7-b3dd-652ec4adc81e?wid=1200&hei=1200&qlt=85 | https://target.scene7.com/is/image/Target/GUEST_445774b6-155e-471e-8077-a003406aa4a6?wid=1200&hei=1200&qlt=85,,,Leather,"{""H"": ""6.3"", ""W"": ""9"", ""D"": ""3.5""}",6.3 inches (H) x 9 inches (W) x 3.5 inches (D),Structured,Multiple Compartments,Detachable Straps,Zip Closure,Top Carrying Handle,Faux Leather,Spot or Wipe Clean,imported,661309846593,,"{""Dimensions (Overall)"": ""6.3 inches (H) x 9 inches (W) x 3.5 inches (D)"", ""Shell Material"": ""Leather"", ""Bag Structure"": ""Structured"", ""Interior Features"": ""Multiple Compartments"", ""Exterior Features"": ""Detachable Straps"", ""Main Compartment Closure"": ""Zip Closure"", ""Handle Type"": ""Top Carrying Handle"", ""Fabric Name"": ""Faux Leather"", ""Care & Cleaning"": ""Spot or Wipe Clean"", ""TCIN"": ""1007925916"", ""UPC"": ""661309846593"", ""Origin"": ""imported""}",True,2026-02-23T00:46:00.918683
1007882073,"Soft Women Leather Purses and Handbags Satchel Tote Shoulder Bag Black-Large 12.20""x4.33""x10.24""",https://www.target.com/p/soft-women-leather-purses-and-handbags-satchel-tote-shoulder-bag/-/A-1007882073?preselect=1007882072#lnk=sametab,Empire DigiLabs,"Target > Clothing, Shoes & Accessories > Accessories > Handbags & Purses",Handbags & Purses,210.0,420.0,50.0,True,0.0,0,,False,"size12.20""x4.33""x10.24""",,https://target.scene7.com/is/image/Target/GUEST_2f239d26-a4f2-429c-8ddd-0cf860425cd7?wid=1200&hei=1200&qlt=85 | https://target.scene7.com/is/image/Target/GUEST_68b97ed0-d033-477c-9e57-1f7a4ee95263?wid=1200&hei=1200&qlt=85 | https://target.scene7.com/is/image/Target/GUEST_3bda7aea-10fd-4588-9084-08af83558cc8?wid=1200&hei=1200&qlt=85 | https://target.scene7.com/is/image/Target/GUEST_5c8057b7-2dc6-4805-b164-b539878c15d5?wid=1200&hei=1200&qlt=85 | https://target.scene7.com/is/image/Target/GUEST_f9a9f188-090f-49c3-9566-116cb2f43d86?wid=1200&hei=1200&qlt=85,,,Leather,"{""H"": ""10.24"", ""W"": ""12.2"", ""D"": ""4.33""}",10.24 inches (H) x 12.2 inches (W) x 4.33 inches (D),Structured,Multiple Compartments,Adjustable Shoulder Strap,Zip Closure,Carrying Handle,Faux Leather,Spot or Wipe Clean,imported,661309869271,,"{""Dimensions (Overall)"": ""10.24 inches (H) x 12.2 inches (W) x 4.33 inches (D)"", ""Shell Material"": ""Leather"", ""Bag Structure"": ""Structured"", ""Interior Features"": ""Multiple Compartments"", ""Exterior Features"": ""Adjustable Shoulder Strap"", ""Main Compartment Closure"": ""Zip Closure"", ""Handle Type"": ""Carrying Handle"", ""Fabric Name"": ""Faux Leather"", ""Care & Cleaning"": ""Spot or Wipe Clean"", ""TCIN"": ""1007882072"", ""UPC"": ""661309869271"", ""Origin"": ""imported""}",True,2026-02-23T00:46:00.918683
1009323121,Narwey Small Shoulder Bag Y2K Purses for Women Crocodile Handbag Clutch Purse Classic Crossbody Bag,https://www.target.com/p/narwey-small-shoulder-bag-y2k-purses-for-women-crocodile-handbag-clutch-purse-classic-crossbody-bag/-/A-1009323121#lnk=sametab,Narwey,"Target > Clothing, Shoes & Accessories > Accessories > Handbags & Purses > Shoulder Bags",Shoulder Bags,44.99,59.99,25.0,True,0.0,0,,False,,,https://target.scene7.com/is/image/Target/GUEST_d0babcb5-1bca-4ce6-bbb8-9b553841fcb8?wid=1200&hei=1200&qlt=85 | https://target.scene7.com/is/image/Target/GUEST_f0f78769-96d3-46c0-8ade-2f0aac470b0a?wid=1200&hei=1200&qlt=85 | https://target.scene7.com/is/image/Target/GUEST_97f5d9d2-b468-4f47-86bb-c9b10f3810ec?wid=1200&hei=1200&qlt=85 | https://target.scene7.com/is/image/Target/GUEST_2568335f-a6cf-4c64-87dc-0c3e387d3f2a?wid=1200&hei=1200&qlt=85 | https://target.scene7.com/is/image/Target/GUEST_d8f26a3c-72a1-4ba5-8e9d-529dd3d0f000?wid=1200&hei=1200&qlt=85,FAUX LEATHER MATERIAL; SIZE AND CAPACITY; Y2K FALL FASHION; NEW GO TO PURSE,,Leather,"{""H"": ""2.76"", ""W"": ""6.3"", ""D"": ""9.84""}",2.76 inches (H) x 6.3 inches (W) x 9.84 inches (D),Lightweight,No Compartments or Pockets,No Compartments or Pockets,Zip Closure,No Handles or Straps,Novelty,Do Not Wash,imported,124526114727,,"{""Dimensions (Overall)"": ""2.76 inches (H) x 6.3 inches (W) x 9.84 inches (D)"", ""Shell Material"": ""Leather"", ""Bag Structure"": ""Lightweight"", ""Interior Features"": ""No Compartments or Pockets"", ""Exterior Features"": ""No Compartments or Pockets"", ""Main Compartment Closure"": ""Zip Closure"", ""Handle Type"": ""No Handles or Straps"", ""Fabric Name"": ""Novelty"", ""Care & Cleaning"": ""Do Not Wash"", ""TCIN"": ""1009323121"", ""UPC"": ""124526114727"", ""Origin"": ""imported""}",True,2026-02-23T00:46:00.918683
1009324968,Narwey Womens Purses and Handbags Shoulder Bag,https://www.target.com/p/narwey-womens-purses-and-handbags-shoulder-bag/-/A-1009324968#lnk=sametab,Narwey,"Target > Clothing, Shoes & Accessories > Accessories > Handbags & Purses > Mini Bags",Mini Bags,59.99,79.99,25.0,True,0.0,0,,False,,,https://target.scene7.com/is/image/Target/GUEST_120fab71-0b6f-4e66-81ca-673ae8a5eaf5?wid=1200&hei=1200&qlt=85 | https://target.scene7.com/is/image/Target/GUEST_7b6865d5-866e-4d0f-80b5-378c6d800bc3?wid=1200&hei=1200&qlt=85 | https://target.scene7.com/is/image/Target/GUEST_1bbe6fad-8746-4801-97a6-439ddb60cb11?wid=1200&hei=1200&qlt=85 | https://target.scene7.com/is/image/Target/GUEST_9884257e-3749-4e59-9d22-cfef120e928c?wid=1200&hei=1200&qlt=85 | https://target.scene7.com/is/image/Target/GUEST_e7a315d7-d827-4bc2-b3a4-a4774a40d6dc?wid=1200&hei=1200&qlt=85,MATERIAL: High Quality PU Leather; DIMENSIONS:; INTERNAL:7 Pocket; FEATURES: Come with a long removable shoulder strap,,Leather,"{""H"": ""5.1"", ""W"": ""2.9"", ""D"": ""11.8""}",5.1 inches (H) x 2.9 inches (W) x 11.8 inches (D),Lightweight,Multiple Compartments,No Compartments or Pockets,Zip Closure,Shoulder Strap,1 x 1 Rib,Shake Clean,imported,361208740021,,"{""Dimensions (Overall)"": ""5.1 inches (H) x 2.9 inches (W) x 11.8 inches (D)"", ""Shell Material"": ""Leather"", ""Bag Structure"": ""Lightweight"", ""Interior Features"": ""Multiple Compartments"", ""Exterior Features"": ""No Compartments or Pockets"", ""Main Compartment Closure"": ""Zip Closure"", ""Handle Type"": ""Shoulder Strap"", ""Fabric Name"": ""1 x 1 Rib"", ""Care & Cleaning"": ""Shake Clean"", ""TCIN"": ""1009324968"", ""UPC"": ""361208740021"", ""Origin"": ""imported""}",True,2026-02-23T00:46:00.918683
1009347200,Narwey Toddler Purse for Girls Gifts Mini Purse Kids Shoulder Bag Crossbody Wallet 3-6Year Little Girl,https://www.target.com/p/narwey-toddler-purse-for-girls-gifts-mini-purse-kids-shoulder-bag-crossbody-wallet-3-6year-little-girl/-/A-1009347200#lnk=sametab,Narwey,"Target > Clothing, Shoes & Accessories > Accessories > Kids’ Accessories > Girls’ Accessories > Bags",Bags,27.99,35.99,22.2,True,0.0,0,,False,,,https://target.scene7.com/is/image/Target/GUEST_4164bbc9-45c2-44e6-b208-d0f70ef72b99?wid=1200&hei=1200&qlt=85 | https://target.scene7.com/is/image/Target/GUEST_ef97b4c7-cec3-41e0-af3c-894c59373497?wid=1200&hei=1200&qlt=85 | https://target.scene7.com/is/image/Target/GUEST_e00c038e-553e-4a48-b81a-c21ee727a1f9?wid=1200&hei=1200&qlt=85 | https://target.scene7.com/is/image/Target/GUEST_c1775069-fe8e-4a65-a0f5-f04f5ccfb5e3?wid=1200&hei=1200&qlt=85 | https://target.scene7.com/is/image/Target/GUEST_ea01950b-e8e7-4a61-b1ff-206910501c7b?wid=1200&hei=1200&qlt=85 | https://target.scene7.com/is/image/Target/GUEST_537c73cc-eb3d-498f-afb6-612e79085160?wid=1200&hei=1200&qlt=85,Original And Trendy Design; Perfect Size; Premium Material; A Great Gift Choice,,20% Recycled Poly-Fiber,"{""H"": ""7.08"", ""W"": ""1.37"", ""D"": ""4.33""}",7.08 inches (H) x 1.37 inches (W) x 4.33 inches (D),Dome,Multiple Compartments,Adjustable Shoulder Strap,Zip Closure,Adjustable Strap,2 x 2 Rib,Machine Wash,imported,183803886665,,"{""Dimensions (Overall)"": ""7.08 inches (H) x 1.37 inches (W) x 4.33 inches (D)"", ""Shell Material"": ""20% Recycled Poly-Fiber"", ""Bag Structure"": ""Dome"", ""Interior Features"": ""Multiple Compartments"", ""Exterior Features"": ""Adjustable Shoulder Strap"", ""Main Compartment Closure"": ""Zip Closure"", ""Handle Type"": ""Adjustable Strap"", ""Fabric Name"": ""2 x 2 Rib"", ""Care & Cleaning"": ""Machine Wash"", ""TCIN"": ""1009347200"", ""UPC"": ""183803886665"", ""Origin"": ""imported""}",True,2026-02-23T00:46:00.918683
1009363932,"Narwey 7L Crossbody Purses for Women, Pocketbooks Medium Crossbody Bags",https://www.target.com/p/narwey-7l-crossbody-purses-for-women-pocketbooks-medium-crossbody-bags/-/A-1009363932#lnk=sametab,Narwey,"Target > Clothing, Shoes & Accessories > Accessories > Handbags & Purses > Crossbody & Messenger Bags",Crossbody & Messenger Bags,76.99,96.99,20.6,True,0.0,0,,False,,,https://target.scene7.com/is/image/Target/GUEST_a61a4b1a-ca82-43b9-a6ad-b16b0b51a626?wid=1200&hei=1200&qlt=85 | https://target.scene7.com/is/image/Target/GUEST_f12f4dc1-7f81-40fb-9283-689e8410c00c?wid=1200&hei=1200&qlt=85 | https://target.scene7.com/is/image/Target/GUEST_e2ac857b-48a4-44fa-9fb4-d8c9ef06051f?wid=1200&hei=1200&qlt=85 | https://target.scene7.com/is/image/Target/GUEST_815d58ba-75fa-4bca-8f41-29b4c6f2a2e4?wid=1200&hei=1200&qlt=85 | https://target.scene7.com/is/image/Target/GUEST_0823e6dc-6e4c-43be-a3f6-821b92ec4f51?wid=1200&hei=1200&qlt=85,"【Smart Storage for Everyday Essentials】; 【Comfortable, Adjustable Wide Strap】; 【Lightweight, Durable & Everyday Ready】; 【Stylish & Perfect for Gifting】",,Leather,"{""H"": ""7"", ""W"": ""5.5"", ""D"": ""10""}",7 inches (H) x 5.5 inches (W) x 10 inches (D),Lightweight,Multiple Compartments,Zip Pocket,Zip Closure,Shoulder Strap,1 x 1 Rib,Spot or Wipe Clean,imported,389964844555,,"{""Dimensions (Overall)"": ""7 inches (H) x 5.5 inches (W) x 10 inches (D)"", ""Shell Material"": ""Leather"", ""Bag Structure"": ""Lightweight"", ""Interior Features"": ""Multiple Compartments"", ""Exterior Features"": ""Zip Pocket"", ""Main Compartment Closure"": ""Zip Closure"", ""Handle Type"": ""Shoulder Strap"", ""Fabric Name"": ""1 x 1 Rib"", ""Care & Cleaning"": ""Spot or Wipe Clean"", ""TCIN"": ""1009363932"", ""UPC"": ""389964844555"", ""Origin"": ""imported""}",True,2026-02-23T00:46:00.918683
1009442787,Narwey Hobo Bag for Women Designer Purses and Handbags,https://www.target.com/p/narwey-hobo-bag-for-women-designer-purses-and-handbags/-/A-1009442787#lnk=sametab,Narwey,"Target > Clothing, Shoes & Accessories > Accessories > Handbags & Purses > Shoulder Bags",Shoulder Bags,53.99,69.99,22.9,True,0.0,0,,False,,,https://target.scene7.com/is/image/Target/GUEST_aee2df1c-83fa-42bb-a1fd-eb7c3649dba9?wid=1200&hei=1200&qlt=85 | https://target.scene7.com/is/image/Target/GUEST_c4a3bfe7-ce95-422b-8196-9b1f11e5efaf?wid=1200&hei=1200&qlt=85 | https://target.scene7.com/is/image/Target/GUEST_46d114ea-6e54-48ce-acf0-4ce8db00b6e1?wid=1200&hei=1200&qlt=85 | https://target.scene7.com/is/image/Target/GUEST_a54130b3-8064-4d57-8231-dfd7a012732d?wid=1200&hei=1200&qlt=85 | https://target.scene7.com/is/image/Target/GUEST_59943070-ff10-4fcb-8b40-5ab04bdb7187?wid=1200&hei=1200&qlt=85,Vegan Leather; Large Capacity; Well-organized Structure; Well-organized Structure,,Leather,"{""H"": ""5.83"", ""W"": ""2.64"", ""D"": ""15.24""}",5.83 inches (H) x 2.64 inches (W) x 15.24 inches (D),Lightweight,Multiple Compartments,No Compartments or Pockets,Zip Closure,Shoulder Strap,1 x 1 Rib,Spot or Wipe Clean,imported,844986219939,,"{""Dimensions (Overall)"": ""5.83 inches (H) x 2.64 inches (W) x 15.24 inches (D)"", ""Shell Material"": ""Leather"", ""Bag Structure"": ""Lightweight"", ""Interior Features"": ""Multiple Compartments"", ""Exterior Features"": ""No Compartments or Pockets"", ""Main Compartment Closure"": ""Zip Closure"", ""Handle Type"": ""Shoulder Strap"", ""Fabric Name"": ""1 x 1 Rib"", ""Care & Cleaning"": ""Spot or Wipe Clean"", ""TCIN"": ""1009442787"", ""UPC"": ""844986219939"", ""Origin"": ""imported""}",True,2026-02-23T00:46:00.918683
1008459988,"Evening Bag for Women Sparkly Handbag with Chain, Pleated Clutch Purse for Wedding, Prom, Party Gold Y  9.3"" x 7.7"" x 2""",https://www.target.com/p/evening-bag-for-women-sparkly-handbag-with-chain-pleated-clutch-purse-for-wedding-prom-party/-/A-1008459988?preselect=1008459989#lnk=sametab,Empire DigiLabs,"Target > Clothing, Shoes & Accessories > Accessories > Handbags & Purses > Clutches",Clutches,83.94,167.88,50.0,True,0.0,0,,False,"size9.3"" x 7.7"" x 2""",,https://target.scene7.com/is/image/Target/GUEST_e15d7495-e012-482f-be79-cc71582d414b?wid=1200&hei=1200&qlt=85 | https://target.scene7.com/is/image/Target/GUEST_a5a51759-94b0-47b6-a3f0-7fcfb90887a0?wid=1200&hei=1200&qlt=85 | https://target.scene7.com/is/image/Target/GUEST_33370407-5006-4f88-bffb-1c215645278f?wid=1200&hei=1200&qlt=85 | https://target.scene7.com/is/image/Target/GUEST_6cfda2e0-fbe6-466e-b369-876e29f5361f?wid=1200&hei=1200&qlt=85 | https://target.scene7.com/is/image/Target/GUEST_eb07de5a-6e83-4a66-b96b-15bc4425ba46?wid=1200&hei=1200&qlt=85,,,Polyester,"{""H"": ""7.7"", ""W"": ""9.3"", ""D"": ""2""}",7.7 inches (H) x 9.3 inches (W) x 2 inches (D),Structured,Multiple Compartments,Detachable Straps,Pushlock,Top Carrying Handle,Novelty,Spot or Wipe Clean,imported,661309792432,,"{""Dimensions (Overall)"": ""7.7 inches (H) x 9.3 inches (W) x 2 inches (D)"", ""Shell Material"": ""Polyester"", ""Bag Structure"": ""Structured"", ""Interior Features"": ""Multiple Compartments"", ""Exterior Features"": ""Detachable Straps"", ""Main Compartment Closure"": ""Pushlock"", ""Handle Type"": ""Top Carrying Handle"", ""Fabric Name"": ""Novelty"", ""Care & Cleaning"": ""Spot or Wipe Clean"", ""TCIN"": ""1008459989"", ""UPC"": ""661309792432"", ""Origin"": ""imported""}",True,2026-02-23T00:46:00.918683
1008459609,"Envelope Clutch Purse Vegan Leather Evening Bag with Chain Strap, Wedding Cocktail Party Formal Handbag White 8.7×4.4×2.1",https://www.target.com/p/envelope-clutch-purse-vegan-leather-evening-bag-with-chain-strap-wedding-cocktail-party-formal-handbag/-/A-1008459609?preselect=1008459612#lnk=sametab,Empire DigiLabs,"Target > Clothing, Shoes & Accessories > Accessories > Handbags & Purses > Clutches",Clutches,59.97,119.94,50.0,True,0.0,0,,False,size8.7×4.4×2.1,,https://target.scene7.com/is/image/Target/GUEST_eee9e0a8-3142-47f7-9bba-4f6754ca337c?wid=1200&hei=1200&qlt=85 | https://target.scene7.com/is/image/Target/GUEST_48e7bd56-b513-4ffc-a929-77960105cecd?wid=1200&hei=1200&qlt=85 | https://target.scene7.com/is/image/Target/GUEST_e6cddeba-5b7c-4089-9c19-37dc1fd430d6?wid=1200&hei=1200&qlt=85 | https://target.scene7.com/is/image/Target/GUEST_73743ab6-d553-4c56-a391-e6bee510a059?wid=1200&hei=1200&qlt=85 | https://target.scene7.com/is/image/Target/GUEST_9b00c9fc-535b-43ce-a5fa-2a46723f3c51?wid=1200&hei=1200&qlt=85,,,Leather,"{""H"": ""4.4"", ""W"": ""8.7"", ""D"": ""2.1""}",4.4 inches (H) x 8.7 inches (W) x 2.1 inches (D),Structured,Multiple Compartments,Detachable Straps,Snap closure,No Handles or Straps,Faux Leather,Spot or Wipe Clean,imported,661309791688,,"{""Dimensions (Overall)"": ""4.4 inches (H) x 8.7 inches (W) x 2.1 inches (D)"", ""Shell Material"": ""Leather"", ""Bag Structure"": ""Structured"", ""Interior Features"": ""Multiple Compartments"", ""Exterior Features"": ""Detachable Straps"", ""Main Compartment Closure"": ""Snap closure"", ""Handle Type"": ""No Handles or Straps"", ""Fabric Name"": ""Faux Leather"", ""Care & Cleaning"": ""Spot or Wipe Clean"", ""TCIN"": ""1008459612"", ""UPC"": ""661309791688"", ""Origin"": ""imported""}",True,2026-02-23T00:46:00.918683
1009300681,Narwey Burgundy Purse Large Tote Bags for Women Slouchy Hobo Bag Leather Hobo Bags,https://www.target.com/p/narwey-burgundy-purse-large-tote-bags-for-women-slouchy-hobo-bag-leather-hobo-bags/-/A-1009300681#lnk=sametab,Narwey,"Target > Clothing, Shoes & Accessories > Accessories > Handbags & Purses > Shoulder Bags",Shoulder Bags,54.99,0.0,0.0,False,0.0,0,,False,,,https://target.scene7.com/is/image/Target/GUEST_12a6e71a-1356-4b5e-909b-c480052a4c44?wid=1200&hei=1200&qlt=85 | https://target.scene7.com/is/image/Target/GUEST_5f18693b-b9f6-40f7-a0c7-fbfd1e934e27?wid=1200&hei=1200&qlt=85 | https://target.scene7.com/is/image/Target/GUEST_ea05b6e7-3e94-43f3-8da0-faa344dcb41d?wid=1200&hei=1200&qlt=85 | https://target.scene7.com/is/image/Target/GUEST_e0234a53-811c-466b-b331-94a9b2da18ac?wid=1200&hei=1200&qlt=85 | https://target.scene7.com/is/image/Target/GUEST_1e159d66-e9be-4c80-bfad-e41b9c243e93?wid=1200&hei=1200&qlt=85,Upgraded Odor-Free Craftsmanship; Rich Burgundy Boho-Vintage Hue; Slouchy Work Tote Silhouette; Durable Faux Leather Build,,20% Recycled Polyester,"{""H"": ""10.2"", ""W"": ""4.72"", ""D"": ""16.1""}",10.2 inches (H) x 4.72 inches (W) x 16.1 inches (D),Softside,Multiple Compartments,No Compartments or Pockets,Button Closure,Carrying Handle,1 x 1 Rib,Do Not Wash,imported,856186761637,,"{""Dimensions (Overall)"": ""10.2 inches (H) x 4.72 inches (W) x 16.1 inches (D)"", ""Shell Material"": ""20% Recycled Polyester"", ""Bag Structure"": ""Softside"", ""Interior Features"": ""Multiple Compartments"", ""Exterior Features"": ""No Compartments or Pockets"", ""Main Compartment Closure"": ""Button Closure"", ""Handle Type"": ""Carrying Handle"", ""Fabric Name"": ""1 x 1 Rib"", ""Care & Cleaning"": ""Do Not Wash"", ""TCIN"": ""1009300681"", ""UPC"": ""856186761637"", ""Origin"": ""imported""}",True,2026-02-23T00:46:00.918683
1009352354,Narwey Purses for Women Vegan Leather Hobo bag Large Handbag Shoulder Bag,https://www.target.com/p/narwey-purses-for-women-vegan-leather-hobo-bag-large-handbag-shoulder-bag/-/A-1009352354#lnk=sametab,Narwey,"Target > Clothing, Shoes & Accessories > Accessories > Handbags & Purses > Shoulder Bags",Shoulder Bags,118.99,129.99,8.5,True,0.0,0,,False,,,https://target.scene7.com/is/image/Target/GUEST_5d4afb0d-e74b-4b0e-9ccc-6dc753a4ec85?wid=1200&hei=1200&qlt=85 | https://target.scene7.com/is/image/Target/GUEST_20af8191-9670-435f-93fc-d0ce8ad32ff7?wid=1200&hei=1200&qlt=85 | https://target.scene7.com/is/image/Target/GUEST_21a48877-68c5-462f-810d-413eb7568ec1?wid=1200&hei=1200&qlt=85 | https://target.scene7.com/is/image/Target/GUEST_dd310e3e-2dbf-425c-9dc4-d02fdd830e33?wid=1200&hei=1200&qlt=85 | https://target.scene7.com/is/image/Target/GUEST_b15de27a-c453-47d3-9c07-61c7108d3a5c?wid=1200&hei=1200&qlt=85,【Superior Material】; 【Easy to organize】; 【Practical Size】; 【3 in 3 Multipurpose Bag】,,Leather,"{""H"": ""6.5"", ""W"": ""11.5"", ""D"": ""16""}",6.5 inches (H) x 11.5 inches (W) x 16 inches (D),Lightweight,Multiple Compartments,Zip Pocket,Zip Closure,Shoulder Strap,1 x 1 Rib,Spot or Wipe Clean,imported,773572396955,,"{""Dimensions (Overall)"": ""6.5 inches (H) x 11.5 inches (W) x 16 inches (D)"", ""Shell Material"": ""Leather"", ""Bag Structure"": ""Lightweight"", ""Interior Features"": ""Multiple Compartments"", ""Exterior Features"": ""Zip Pocket"", ""Main Compartment Closure"": ""Zip Closure"", ""Handle Type"": ""Shoulder Strap"", ""Fabric Name"": ""1 x 1 Rib"", ""Care & Cleaning"": ""Spot or Wipe Clean"", ""TCIN"": ""1009352354"", ""UPC"": ""773572396955"", ""Origin"": ""imported""}",True,2026-02-23T00:46:00.918683
1002176853,C&F Home Sunshine Quilted Twin Straps Purse,https://www.target.com/p/c-f-home-sunshine-quilted-twin-straps-purse/-/A-1002176853#lnk=sametab,C&F Home,"Target > Clothing, Shoes & Accessories > Accessories > Handbags & Purses",Handbags & Purses,25.99,57.19,54.6,True,0.0,0,,False,,,https://target.scene7.com/is/image/Target/GUEST_fcdd510a-b440-48fb-bb90-00bc9402db4d?wid=1200&hei=1200&qlt=85 | https://target.scene7.com/is/image/Target/GUEST_dc16c666-aa5c-49bc-8fc9-c7078dbbf635?wid=1200&hei=1200&qlt=85,"100% Quilted Cotton; C&F Home strives to provide exceptional, high-quality products to fit every style",,Cotton,"{""H"": ""13.5"", ""W"": ""4.5"", ""D"": ""13.5""}",13.5 inches (H) x 4.5 inches (W) x 13.5 inches (D),Softside,No Compartments or Pockets,No Compartments or Pockets,Zip Closure,Cotton,Woven,Spot or Wipe Clean,imported,008246321880,,"{""Dimensions (Overall)"": ""13.5 inches (H) x 4.5 inches (W) x 13.5 inches (D)"", ""Shell Material"": ""Cotton"", ""Bag Structure"": ""Softside"", ""Interior Features"": ""No Compartments or Pockets"", ""Exterior Features"": ""No Compartments or Pockets"", ""Main Compartment Closure"": ""Zip Closure"", ""Handle Type"": ""Shoulder Strap"", ""Fabric Name"": ""Woven"", ""Handle Material"": ""Cotton"", ""Industry or Government Certifications"": ""Meets ASTM Standards"", ""Fits Laptop"": ""No Laptop Pocket"", ""Battery"": ""No Battery Used"", ""Care & Cleaning"": ""Spot or Wipe Clean"", ""TCIN"": ""1002176853"", ""UPC"": ""008246321880"", ""Origin"": ""imported""}",True,2026-02-23T00:46:00.918683
1009406363,"Narwey Crossbody Bag for Women, Waterproof Leather Crossbody Purses",https://www.target.com/p/narwey-crossbody-bag-for-women-waterproof-leather-crossbody-purses/-/A-1009406363#lnk=sametab,Narwey,"Target > Clothing, Shoes & Accessories > Accessories > Handbags & Purses > Shoulder Bags",Shoulder Bags,63.99,79.99,20.0,True,0.0,0,,False,,,https://target.scene7.com/is/image/Target/GUEST_c717a55c-c30f-4296-b6bc-0f5c9f03d4f1?wid=1200&hei=1200&qlt=85 | https://target.scene7.com/is/image/Target/GUEST_6b7e19cf-8a1e-4638-8ec2-3d9d1c5d3b55?wid=1200&hei=1200&qlt=85 | https://target.scene7.com/is/image/Target/GUEST_8ebed430-c9bb-4c62-bc1f-09f38feeb9c1?wid=1200&hei=1200&qlt=85 | https://target.scene7.com/is/image/Target/GUEST_803b9d0d-e9da-4780-8321-40e35c4f99c2?wid=1200&hei=1200&qlt=85 | https://target.scene7.com/is/image/Target/GUEST_d26934d9-c774-4075-8bb6-f91359e9cdac?wid=1200&hei=1200&qlt=85,Waterproof Leather Crossbody Bag; Lightweight and Comfortable Crossbody Purse; Great Gift Choice; Large Capacity & Practical,,20% Recycled Plastic,"{""H"": ""10.2"", ""W"": ""4.3"", ""D"": ""9.4""}",10.2 inches (H) x 4.3 inches (W) x 9.4 inches (D),Dome,Multiple Compartments,No Compartments or Pockets,Zip Closure,Adjustable Shoulder Strap,2 x 2 Rib,Do Not Wash,imported,742485565048,,"{""Dimensions (Overall)"": ""10.2 inches (H) x 4.3 inches (W) x 9.4 inches (D)"", ""Shell Material"": ""20% Recycled Plastic"", ""Bag Structure"": ""Dome"", ""Interior Features"": ""Multiple Compartments"", ""Exterior Features"": ""No Compartments or Pockets"", ""Main Compartment Closure"": ""Zip Closure"", ""Handle Type"": ""Adjustable Shoulder Strap"", ""Fabric Name"": ""2 x 2 Rib"", ""Care & Cleaning"": ""Do Not Wash"", ""TCIN"": ""1009406363"", ""UPC"": ""742485565048"", ""Origin"": ""imported""}",True,2026-02-23T00:46:00.918683
1006993932,"Acrylic Purses for Women, Square Marbled Acrylic Evening Handbag with Detachable Chain, Modern Evening Bag for Wedding, Party",https://www.target.com/p/acrylic-purses-for-women-square-marbled-acrylic-evening-handbag-with-detachable-chain-modern-evening-bag-for-wedding-party/-/A-1006993932#lnk=sametab,Garvee,"Target > Clothing, Shoes & Accessories > Accessories > Handbags & Purses",Handbags & Purses,39.99,0.0,0.0,False,0.0,0,,False,,,https://target.scene7.com/is/image/Target/GUEST_4e4151d2-6b2e-4e22-be01-455bf9c779ae?wid=1200&hei=1200&qlt=85 | https://target.scene7.com/is/image/Target/GUEST_3ae73840-4c18-4732-8cfc-a9898a2d0b71?wid=1200&hei=1200&qlt=85 | https://target.scene7.com/is/image/Target/GUEST_f00a5c6e-917b-4cca-9a32-5835b3a99ae4?wid=1200&hei=1200&qlt=85 | https://target.scene7.com/is/image/Target/GUEST_4a5f33f8-4caf-4ec8-bc65-36784d411745?wid=1200&hei=1200&qlt=85 | https://target.scene7.com/is/image/Target/GUEST_cfacf073-7bae-4bb4-8f3c-772b69c60a88?wid=1200&hei=1200&qlt=85,"Elegant, Fashion-Forward Design: Show off your style with this women's evening handbag featuring a sleek square silhouette and chic striped pattern. Perfect for date nights, shopping, and standing out at any gathering or social event; Durable Acrylic, Versatile Gift: Crafted from sturdy acrylic materials, this evening bag for women pairs effortlessly with any outfit. A thoughtful gift idea for wives, brides, mothers, girlfriends, or friends who love fashion and quality; Perfect for Every Occasion: Make a statement at weddings, cocktail parties, formal events, or weekend outings. This formal evening purse is ideal as a wedding guest purse, evening shoulder bag, or accessory for any special night; Roomy Interior, Smart Size: Measuring 8.07 x 2.36 x 3.9 inches, this formal purse for women fits your phone, makeup, mints, tissues, lipstick, and cash. Stay organized and fashionable at every event, from dinners to dances; Detachable Chain for Multiple Styles: Featuring a detachable metal chain, this women's evening bag adapts to your needs—carry it as a handbag, shoulder bag, or crossbody, and match any dress code from casual dinners to upscale occasions",,Acrylic,"{""H"": ""3.81"", ""W"": ""2.28"", ""D"": ""8.07""}",3.81 inches (H) x 2.28 inches (W) x 8.07 inches (D),Lightweight,Cell Phone Pocket,Back Pocket,Buckle Closure,Single handle,1 x 1 Rib,Clean With Brush,imported,199913028574,,"{""Dimensions (Overall)"": ""3.81 inches (H) x 2.28 inches (W) x 8.07 inches (D)"", ""Shell Material"": ""Acrylic"", ""Bag Structure"": ""Lightweight"", ""Interior Features"": ""Cell Phone Pocket"", ""Exterior Features"": ""Back Pocket"", ""Main Compartment Closure"": ""Buckle Closure"", ""Handle Type"": ""Single handle"", ""Fabric Name"": ""1 x 1 Rib"", ""Care & Cleaning"": ""Clean With Brush"", ""TCIN"": ""1006993932"", ""UPC"": ""199913028574"", ""Origin"": ""imported""}",True,2026-02-23T00:46:00.918683
1005620862,"Paaaawaters Leather Coin Purse, Small Change Purse Keychain Wallet for Women, Mini Coin Pouch with Zipper",https://www.target.com/p/paaaawaters-leather-coin-purse-small-change-purse-keychain-wallet-for-women-mini-coin-pouch-with-zipper/-/A-1005620862?preselect=1005620863#lnk=sametab,Paaaawaters,"Target > Clothing, Shoes & Accessories > Accessories > Handbags & Purses > Mini Bags",Mini Bags,29.85,33.3,10.4,True,1.0,1,,False,size4.5,,https://target.scene7.com/is/image/Target/GUEST_b1b5e89f-6486-4473-a72b-caba9d8bb551?wid=1200&hei=1200&qlt=85 | https://target.scene7.com/is/image/Target/GUEST_8230ccd1-1f32-4790-af29-1f8ec5522288?wid=1200&hei=1200&qlt=85 | https://target.scene7.com/is/image/Target/GUEST_82dc2960-97ce-4637-8d9e-6e26a939061e?wid=1200&hei=1200&qlt=85 | https://target.scene7.com/is/image/Target/GUEST_1386415e-e269-454e-acea-0f49ba8b5682?wid=1200&hei=1200&qlt=85 | https://target.scene7.com/is/image/Target/GUEST_3735fd8c-7565-4dda-830b-d393ae611066?wid=1200&hei=1200&qlt=85,Large capacity; Convenience; Fashion,,Leather,"{""H"": ""4.5"", ""W"": ""2"", ""D"": ""1""}",4.5 inches (H) x 2 inches (W) x 1 inches (D),Miniature,Zip Pocket,Zip Pocket,Zip Closure,No Handles or Straps,Faux Leather,Do Not Submerge in Water,imported,9322180692273,,"{""Dimensions (Overall)"": ""4.5 inches (H) x 2 inches (W) x 1 inches (D)"", ""Shell Material"": ""Leather"", ""Bag Structure"": ""Miniature"", ""Interior Features"": ""Zip Pocket"", ""Exterior Features"": ""Zip Pocket"", ""Main Compartment Closure"": ""Zip Closure"", ""Handle Type"": ""No Handles or Straps"", ""Fabric Name"": ""Faux Leather"", ""Care & Cleaning"": ""Do Not Submerge in Water"", ""TCIN"": ""1005620863"", ""UPC"": ""9322180692273"", ""Origin"": ""imported""}",True,2026-02-23T00:46:44.825492
1009414349,"Narwey Small Crossbody Bag for Women, Leather Shoulder Bags for Women, Travel Purse with Adjustable Shoulder Strap",https://www.target.com/p/narwey-small-crossbody-bag-for-women-leather-shoulder-bags-for-women-travel-purse-with-adjustable-shoulder-strap/-/A-1009414349#lnk=sametab,Narwey,"Target > Clothing, Shoes & Accessories > Accessories > Handbags & Purses > Crossbody & Messenger Bags",Crossbody & Messenger Bags,41.99,58.99,28.8,True,0.0,0,,False,,,https://target.scene7.com/is/image/Target/GUEST_c07c683d-0dec-4168-a921-05a61079746b?wid=1200&hei=1200&qlt=85 | https://target.scene7.com/is/image/Target/GUEST_e6831f9b-2186-4571-9197-73d6ef868b54?wid=1200&hei=1200&qlt=85 | https://target.scene7.com/is/image/Target/GUEST_6d729ffb-ad44-40e2-bc08-1a36dd4163db?wid=1200&hei=1200&qlt=85 | https://target.scene7.com/is/image/Target/GUEST_a86afa86-9bde-46d8-95e0-78070ade5c46?wid=1200&hei=1200&qlt=85 | https://target.scene7.com/is/image/Target/GUEST_d3087a82-56b3-4445-89e5-9ba6ac4e0083?wid=1200&hei=1200&qlt=85,Dimensions; Durable Microfiber Leather:; Lightweight but Large Capacity; Gift for Every Occasion,,Polyester,"{""H"": ""6.22"", ""W"": ""2.4"", ""D"": ""9.65""}",6.22 inches (H) x 2.4 inches (W) x 9.65 inches (D),Lightweight,No Compartments or Pockets,No Compartments or Pockets,Zip Closure,No Handles or Straps,Novelty,Do Not Wash,imported,796887536151,,"{""Dimensions (Overall)"": ""6.22 inches (H) x 2.4 inches (W) x 9.65 inches (D)"", ""Shell Material"": ""Polyester"", ""Bag Structure"": ""Lightweight"", ""Interior Features"": ""No Compartments or Pockets"", ""Exterior Features"": ""No Compartments or Pockets"", ""Main Compartment Closure"": ""Zip Closure"", ""Handle Type"": ""No Handles or Straps"", ""Fabric Name"": ""Novelty"", ""Care & Cleaning"": ""Do Not Wash"", ""TCIN"": ""1009414349"", ""UPC"": ""796887536151"", ""Origin"": ""imported""}",True,2026-02-23T00:46:44.825492
93996380,"CTM Women's Leather Shoulder Bag Purse w/ Side Organizer (Larger Version), Classic Navy",https://www.target.com/p/ili-women-s-leather-shoulder-bag-purse-w-side-organizer-larger-version/-/A-93996380?preselect=93996384#lnk=sametab,CTM,"Target > Clothing, Shoes & Accessories > Accessories > Handbags & Purses > Crossbody & Messenger Bags",Crossbody & Messenger Bags,135.0,150.0,10.0,True,5.0,1,,False,classic navy,,https://target.scene7.com/is/image/Target/GUEST_a41bd020-4572-4698-a42e-29bb6a551557?wid=1200&hei=1200&qlt=85 | https://target.scene7.com/is/image/Target/GUEST_ddd466a1-8b52-41e3-94af-b8a40182451a?wid=1200&hei=1200&qlt=85 | https://target.scene7.com/is/image/Target/GUEST_3bf55203-083d-4d23-8594-df39118151fe?wid=1200&hei=1200&qlt=85 | https://target.scene7.com/is/image/Target/GUEST_fff47b00-37f2-4002-a019-c74962c50284?wid=1200&hei=1200&qlt=85 | https://target.scene7.com/is/image/Target/GUEST_0050595f-1706-42d3-9759-d60abfe17dba?wid=1200&hei=1200&qlt=85 | https://target.scene7.com/is/image/Target/baseswatch?wid=1200&hei=1200&qlt=85 | https://target.scene7.com/is/image/Target/GUEST_f638e1e5-fa13-4f13-8dbb-c49441e97dea?wid=1200&hei=1200&qlt=85 | https://target.scene7.com/is/image/Target/GUEST_abcd0201-2214-4540-9099-73fa9cdeb31a?wid=1200&hei=1200&qlt=85,"Dimensions: 12 inches in length x 7.5 inches in height x 2.75 inches in depth; Size: It is important to note that this is larger than your typical compact crossbody handbag, see images for scale of size; Features: This purse is 100% genuine leather and includes RFID blocking lining to protect you from identity theft; Strap: The strap is adjustable with the length being 24 inches so you can wear it as a crossbody or on the side as a shoulder bag; Compartments: Front open pocket with magnetic snap and zip around compartment, inside center zip divider, nine credit card slots, two ID windows, three slip pockets",,Plastic,"{""H"": ""4.0"", ""W"": ""10.5"", ""D"": ""13.3"", ""Maximum Strap Length"": ""24 inches""}",4.0 inches (H) x 10.5 inches (W) x 13.3 inches (D),Softside,Multiple Compartments,Front Pocket,Zip Closure,Plastic,Woven,Spot or Wipe Clean,imported,191362285560,,"{""Dimensions (Overall)"": ""4.0 inches (H) x 10.5 inches (W) x 13.3 inches (D)"", ""Shell Material"": ""Leather"", ""Bag Structure"": ""Softside"", ""Interior Features"": ""Multiple Compartments"", ""Exterior Features"": ""Front Pocket"", ""Main Compartment Closure"": ""Zip Closure"", ""Handle Type"": ""Adjustable Shoulder Strap"", ""Fabric Name"": ""Woven"", ""Handle Material"": ""Plastic"", ""Maximum Strap Length"": ""24 inches"", ""Care & Cleaning"": ""Spot or Wipe Clean"", ""TCIN"": ""93996384"", ""UPC"": ""191362285560"", ""Origin"": ""imported""}",True,2026-02-23T00:46:44.825492
1000008721,"CTM Women's Leather Shoulder Bag Purse with Side Organizer, Mauve",https://www.target.com/p/ctm-women-s-leather-shoulder-bag-purse-with-side-organizer/-/A-1000008721?preselect=93996259#lnk=sametab,CTM,"Target > Clothing, Shoes & Accessories > Accessories > Handbags & Purses > Shoulder Bags",Shoulder Bags,130.0,150.0,13.3,True,0.0,0,,False,mauve,,https://target.scene7.com/is/image/Target/GUEST_5898ffa2-62bf-4775-85c1-df0c21788a54?wid=1200&hei=1200&qlt=85 | https://target.scene7.com/is/image/Target/GUEST_8dfe195a-a761-4b84-820e-1aae475c11c1?wid=1200&hei=1200&qlt=85 | https://target.scene7.com/is/image/Target/GUEST_c1cd6370-fbcb-4880-af16-eda7e5cc0def?wid=1200&hei=1200&qlt=85 | https://target.scene7.com/is/image/Target/GUEST_951636ad-de4f-48b9-82a7-998ec6fac9ba?wid=1200&hei=1200&qlt=85 | https://target.scene7.com/is/image/Target/GUEST_4e45f6b2-f82e-4bdd-80ab-b6897d218c26?wid=1200&hei=1200&qlt=85 | https://target.scene7.com/is/image/Target/GUEST_9a3981f6-dde7-4ee1-8d50-430bd5220e79?wid=1200&hei=1200&qlt=85 | https://target.scene7.com/is/image/Target/GUEST_9ca8fe87-1e63-49d2-b29e-144632fa26c2?wid=1200&hei=1200&qlt=85 | https://target.scene7.com/is/image/Target/GUEST_916dabfd-6a8a-4b0e-abb4-8c7840941217?wid=1200&hei=1200&qlt=85 | https://target.scene7.com/is/image/Target/GUEST_2f5a38cf-9f2a-438e-9b67-1ed74ac2dee7?wid=1200&hei=1200&qlt=85 | https://target.scene7.com/is/image/Target/GUEST_e7dc5d79-f83b-4b80-892c-1a9ba846f62c?wid=1200&hei=1200&qlt=85,"Measures 9.5 x 7 x 2.25 inches; Adjustable shoulder strap from 44-51 inches; Zipper main closure with front and back slip pockets; Front organizer has 8 card slots, 2 ID windows, 1 zipper coin pouch, 2 gusseted money slots; handbag interior has 2 slip pockets and 1 zipper pocket; RFID blocking lining. Made of 100% Leather",,Plastic,"{""H"": ""4.5"", ""W"": ""9.7"", ""D"": ""11.0"", ""Maximum Strap Length"": ""20 inches""}",4.5 inches (H) x 9.7 inches (W) x 11.0 inches (D),Softside,Multiple Compartments,Front Pocket,Zip Closure,Plastic,Woven,Spot or Wipe Clean,imported,191362195449,,"{""Dimensions (Overall)"": ""4.5 inches (H) x 9.7 inches (W) x 11.0 inches (D)"", ""Shell Material"": ""Leather"", ""Bag Structure"": ""Softside"", ""Interior Features"": ""Multiple Compartments"", ""Exterior Features"": ""Front Pocket"", ""Main Compartment Closure"": ""Zip Closure"", ""Handle Type"": ""Adjustable Shoulder Strap"", ""Fabric Name"": ""Woven"", ""Handle Material"": ""Plastic"", ""Maximum Strap Length"": ""20 inches"", ""Care & Cleaning"": ""Spot or Wipe Clean"", ""TCIN"": ""93996259"", ""UPC"": ""191362195449"", ""Origin"": ""imported""}",True,2026-02-23T00:46:44.825492
1009446665,"Narwey Sparkly Rhinestone Purse Evening Bag, Clutch Purses for Women Going Out Dressy Small Handbag (Silver)",https://www.target.com/p/narwey-sparkly-rhinestone-purse-evening-bag-clutch-purses-for-women-going-out-dressy-small-handbag-silver/-/A-1009446665#lnk=sametab,Narwey,"Target > Clothing, Shoes & Accessories > Accessories > Handbags & Purses",Handbags & Purses,35.99,45.99,21.7,True,0.0,0,,False,,,https://target.scene7.com/is/image/Target/GUEST_3835f715-964e-4ae1-ba35-2ca8337b56c1?wid=1200&hei=1200&qlt=85 | https://target.scene7.com/is/image/Target/GUEST_6686cdc9-de26-48c0-9b18-cff49ff5da9c?wid=1200&hei=1200&qlt=85 | https://target.scene7.com/is/image/Target/GUEST_001a5129-ff33-4941-9225-ff1eb0228669?wid=1200&hei=1200&qlt=85 | https://target.scene7.com/is/image/Target/GUEST_547bb80b-9c75-4a8b-ab66-a743df2a8210?wid=1200&hei=1200&qlt=85 | https://target.scene7.com/is/image/Target/GUEST_2aea52b3-ee5e-4bb7-90ca-6dd57413f450?wid=1200&hei=1200&qlt=85,Full Shiny Rhinestone Surface; Prevent your personal items from falling out; Stylish Knotted Shoulder Straps; perfect for night out,,80% Recycled Plastic,"{""H"": ""6.3"", ""W"": "".4"", ""D"": ""10.2""}",6.3 inches (H) x .4 inches (W) x 10.2 inches (D),Softside,Multiple Compartments,No Compartments or Pockets,Zip Closure,Single handle,2 x 2 Rib,Do Not Wash,imported,911062360578,,"{""Dimensions (Overall)"": ""6.3 inches (H) x .4 inches (W) x 10.2 inches (D)"", ""Shell Material"": ""80% Recycled Plastic"", ""Bag Structure"": ""Softside"", ""Interior Features"": ""Multiple Compartments"", ""Exterior Features"": ""No Compartments or Pockets"", ""Main Compartment Closure"": ""Zip Closure"", ""Handle Type"": ""Single handle"", ""Fabric Name"": ""2 x 2 Rib"", ""Care & Cleaning"": ""Do Not Wash"", ""TCIN"": ""1009446665"", ""UPC"": ""911062360578"", ""Origin"": ""imported""}",True,2026-02-23T00:46:44.825492
1009303546,"Narwey Small Crossbody Bags for Women, Vegan Leather Cell Phone Purse",https://www.target.com/p/narwey-small-crossbody-bags-for-women-vegan-leather-cell-phone-purse/-/A-1009303546#lnk=sametab,Narwey,"Target > Clothing, Shoes & Accessories > Accessories > Handbags & Purses > Totes",Totes,59.99,79.99,25.0,True,0.0,0,,False,,,https://target.scene7.com/is/image/Target/GUEST_d4f7e2ae-bdc5-4174-b3d1-9f7d77fcf6b3?wid=1200&hei=1200&qlt=85 | https://target.scene7.com/is/image/Target/GUEST_2a883121-d01a-44ff-867a-8813f27abc4a?wid=1200&hei=1200&qlt=85 | https://target.scene7.com/is/image/Target/GUEST_3df746fb-c36c-41a2-b3dd-ddba38771eb8?wid=1200&hei=1200&qlt=85 | https://target.scene7.com/is/image/Target/GUEST_1f6c611d-35ca-49ee-811d-d83ebc60d00b?wid=1200&hei=1200&qlt=85 | https://target.scene7.com/is/image/Target/GUEST_be8d8d14-2c9f-4507-be40-6a66dcff487e?wid=1200&hei=1200&qlt=85,Upgrade Your Style; Convenient Phone Pocket; Roomy and Organized; Perfect Size and Lightweight,,Leather,"{""H"": ""1.6"", ""W"": ""6.3"", ""D"": ""8.4""}",1.6 inches (H) x 6.3 inches (W) x 8.4 inches (D),Lightweight,Multiple Compartments,No Compartments or Pockets,Magnetic Closure,Shoulder Strap,1 x 1 Rib,Shake Clean,imported,971761493502,,"{""Dimensions (Overall)"": ""1.6 inches (H) x 6.3 inches (W) x 8.4 inches (D)"", ""Shell Material"": ""Leather"", ""Bag Structure"": ""Lightweight"", ""Interior Features"": ""Multiple Compartments"", ""Exterior Features"": ""No Compartments or Pockets"", ""Main Compartment Closure"": ""Magnetic Closure"", ""Handle Type"": ""Shoulder Strap"", ""Fabric Name"": ""1 x 1 Rib"", ""Care & Cleaning"": ""Shake Clean"", ""TCIN"": ""1009303546"", ""UPC"": ""971761493502"", ""Origin"": ""imported""}",True,2026-02-23T00:46:44.825492
1009326824,Narwey Shoulder Bags for Women Hobo Tote Handbag Mini Clutch Purse,https://www.target.com/p/narwey-shoulder-bags-for-women-hobo-tote-handbag-mini-clutch-purse/-/A-1009326824#lnk=sametab,Narwey,"Target > Clothing, Shoes & Accessories > Accessories > Handbags & Purses > Mini Bags",Mini Bags,30.99,45.99,32.6,True,0.0,0,,False,,,https://target.scene7.com/is/image/Target/GUEST_28e3a0a3-81e8-4f14-9db9-95edf853e891?wid=1200&hei=1200&qlt=85 | https://target.scene7.com/is/image/Target/GUEST_518d5893-b463-4780-a503-26e1a7f2e9f6?wid=1200&hei=1200&qlt=85 | https://target.scene7.com/is/image/Target/GUEST_80c9bd1d-4e41-4fa3-9374-386165848714?wid=1200&hei=1200&qlt=85 | https://target.scene7.com/is/image/Target/GUEST_c34ed8b9-2f17-4a4a-a0b8-11b3ddbc5b4d?wid=1200&hei=1200&qlt=85 | https://target.scene7.com/is/image/Target/GUEST_e3f06110-b0be-4fc3-ba5c-5c48044da9bc?wid=1200&hei=1200&qlt=85,PU Material: High-quality PU leather; Daily Capacity: 9.06 inches x 7.9 inches x 2.6 inches.; Fashion Design:; Occasion Use:,,Nylon,"{""H"": ""2.6"", ""W"": ""7.9"", ""D"": ""9.06""}",2.6 inches (H) x 7.9 inches (W) x 9.06 inches (D),Lightweight,Multiple Compartments,No Compartments or Pockets,Zip Closure,Shoulder Strap,1 x 1 Rib,Shake Clean,imported,128386145716,,"{""Dimensions (Overall)"": ""2.6 inches (H) x 7.9 inches (W) x 9.06 inches (D)"", ""Shell Material"": ""Nylon"", ""Bag Structure"": ""Lightweight"", ""Interior Features"": ""Multiple Compartments"", ""Exterior Features"": ""No Compartments or Pockets"", ""Main Compartment Closure"": ""Zip Closure"", ""Handle Type"": ""Shoulder Strap"", ""Fabric Name"": ""1 x 1 Rib"", ""Care & Cleaning"": ""Shake Clean"", ""TCIN"": ""1009326824"", ""UPC"": ""128386145716"", ""Origin"": ""imported""}",True,2026-02-23T00:46:44.825492
1009346957,"Narwey Purses Tote Bag for Women, Handbags Large Purses Shoulder Bag, Vintage Leather Work Bags",https://www.target.com/p/narwey-purses-tote-bag-for-women-handbags-large-purses-shoulder-bag-vintage-leather-work-bags/-/A-1009346957#lnk=sametab,Narwey,"Target > Clothing, Shoes & Accessories > Accessories > Handbags & Purses > Shoulder Bags",Shoulder Bags,69.99,75.99,7.9,True,0.0,0,,False,,,https://target.scene7.com/is/image/Target/GUEST_75e9126d-d11f-4408-894b-5b201a773a6d?wid=1200&hei=1200&qlt=85 | https://target.scene7.com/is/image/Target/GUEST_5a614c25-df76-4185-b699-b81bd1487b6a?wid=1200&hei=1200&qlt=85 | https://target.scene7.com/is/image/Target/GUEST_71e19136-427b-481c-b2cc-79f9ffec2cd6?wid=1200&hei=1200&qlt=85 | https://target.scene7.com/is/image/Target/GUEST_d3c60310-a378-4c4f-94ed-611d3a840588?wid=1200&hei=1200&qlt=85 | https://target.scene7.com/is/image/Target/GUEST_f56aa062-378e-4911-9d26-b5ea35ecd3cb?wid=1200&hei=1200&qlt=85,Classic Vintage Elegance; Multi-Pocket Design; Superior Craftsmanship; Comfortable Versatility,,TPU (Thermoplastic Polyurethane),"{""H"": ""12.4"", ""W"": ""4"", ""D"": ""10.2""}",12.4 inches (H) x 4 inches (W) x 10.2 inches (D),Dome,Multiple Compartments,No Compartments or Pockets,Zip Closure,Double Strap,2 x 2 Rib,Do Not Wash,imported,664869527940,,"{""Dimensions (Overall)"": ""12.4 inches (H) x 4 inches (W) x 10.2 inches (D)"", ""Shell Material"": ""TPU (Thermoplastic Polyurethane)"", ""Bag Structure"": ""Dome"", ""Interior Features"": ""Multiple Compartments"", ""Exterior Features"": ""No Compartments or Pockets"", ""Main Compartment Closure"": ""Zip Closure"", ""Handle Type"": ""Double Strap"", ""Fabric Name"": ""2 x 2 Rib"", ""Care & Cleaning"": ""Do Not Wash"", ""TCIN"": ""1009346957"", ""UPC"": ""664869527940"", ""Origin"": ""imported""}",True,2026-02-23T00:46:44.825492
1009524590,"Narwey Crossbody Bags for Women, 6-Pockets Cross Body Purse, Vegan Leather Handbags Shoulder Bag",https://www.target.com/p/narwey-crossbody-bags-for-women-6-pockets-cross-body-purse-vegan-leather-handbags-shoulder-bag/-/A-1009524590#lnk=sametab,Narwey,"Target > Clothing, Shoes & Accessories > Accessories > Handbags & Purses",Handbags & Purses,39.99,45.99,13.0,True,0.0,0,,False,,,https://target.scene7.com/is/image/Target/GUEST_1718859d-ef44-4204-8f79-1c3e229046e3?wid=1200&hei=1200&qlt=85 | https://target.scene7.com/is/image/Target/GUEST_8071662c-78bb-4b33-a998-7bcea7ba9c21?wid=1200&hei=1200&qlt=85 | https://target.scene7.com/is/image/Target/GUEST_c7fc1b79-6bf8-4884-80c9-3a18b72ba93d?wid=1200&hei=1200&qlt=85 | https://target.scene7.com/is/image/Target/GUEST_4aebb587-6681-4db3-b792-451c51439eee?wid=1200&hei=1200&qlt=85 | https://target.scene7.com/is/image/Target/GUEST_d1a9562f-643a-404c-a398-8abf0288836d?wid=1200&hei=1200&qlt=85,Multi-Pockets&Roomy Crossbody Bag; High Quality&Perfect Size; Fashionable&Multi-Functional Purses; Multi-Occasion&Hands-Free,,TPU (Thermoplastic Polyurethane),"{""H"": ""9.05"", ""W"": ""2.75"", ""D"": ""6.29""}",9.05 inches (H) x 2.75 inches (W) x 6.29 inches (D),Dome,Multiple Compartments,No Compartments or Pockets,Zip Closure,Adjustable Shoulder Strap,1 x 1 Rib,Do Not Wash,imported,891081531954,,"{""Dimensions (Overall)"": ""9.05 inches (H) x 2.75 inches (W) x 6.29 inches (D)"", ""Shell Material"": ""TPU (Thermoplastic Polyurethane)"", ""Bag Structure"": ""Dome"", ""Interior Features"": ""Multiple Compartments"", ""Exterior Features"": ""No Compartments or Pockets"", ""Main Compartment Closure"": ""Zip Closure"", ""Handle Type"": ""Adjustable Shoulder Strap"", ""Fabric Name"": ""1 x 1 Rib"", ""Care & Cleaning"": ""Do Not Wash"", ""TCIN"": ""1009524590"", ""UPC"": ""891081531954"", ""Origin"": ""imported""}",True,2026-02-23T00:46:44.825492
1009303373,Narwey Crossbody Bags for Women Leather Cross Body Purses Cute Color-Block Designer Handbags,https://www.target.com/p/narwey-crossbody-bags-for-women-leather-cross-body-purses-cute-color-block-designer-handbags/-/A-1009303373#lnk=sametab,Narwey,"Target > Clothing, Shoes & Accessories > Accessories > Handbags & Purses > Shoulder Bags",Shoulder Bags,62.99,69.99,10.0,True,0.0,0,,False,,,https://target.scene7.com/is/image/Target/GUEST_e4bddcf8-6822-41d2-96a3-8972e97aad29?wid=1200&hei=1200&qlt=85 | https://target.scene7.com/is/image/Target/GUEST_1b95ad9b-e11d-4258-bf97-b5bb6e60a329?wid=1200&hei=1200&qlt=85 | https://target.scene7.com/is/image/Target/GUEST_90acf205-33cd-4c9e-ba61-70f5969b3cd3?wid=1200&hei=1200&qlt=85 | https://target.scene7.com/is/image/Target/GUEST_e134d6a1-fdd9-42dd-bfd5-f47e34ef811e?wid=1200&hei=1200&qlt=85 | https://target.scene7.com/is/image/Target/GUEST_a46bdddf-c315-4509-8131-36aca7f45ebd?wid=1200&hei=1200&qlt=85,TRENDY & FASHION DESGIN; HIGH QUALITY; VERSATILE CROSSBODY & SUITABLE FOR ANY AGE; PERFECT SIZE,,TPU (Thermoplastic Polyurethane),"{""H"": ""7.9"", ""W"": ""3.15"", ""D"": ""5.15""}",7.9 inches (H) x 3.15 inches (W) x 5.15 inches (D),Dome,Multiple Compartments,No Compartments or Pockets,Buckle Closure,Carrying Handle,2 x 2 Rib,Do Not Wash,imported,854021884336,,"{""Dimensions (Overall)"": ""7.9 inches (H) x 3.15 inches (W) x 5.15 inches (D)"", ""Shell Material"": ""TPU (Thermoplastic Polyurethane)"", ""Bag Structure"": ""Dome"", ""Interior Features"": ""Multiple Compartments"", ""Exterior Features"": ""No Compartments or Pockets"", ""Main Compartment Closure"": ""Buckle Closure"", ""Handle Type"": ""Carrying Handle"", ""Fabric Name"": ""2 x 2 Rib"", ""Care & Cleaning"": ""Do Not Wash"", ""TCIN"": ""1009303373"", ""UPC"": ""854021884336"", ""Origin"": ""imported""}",True,2026-02-23T00:46:44.825492
1009339433,Narwey Hobo Bags for Women Soft Vegan Leather Shoulder Handbag Slouchy Tote Purses (Orange-brown),https://www.target.com/p/narwey-hobo-bags-for-women-soft-vegan-leather-shoulder-handbag-slouchy-tote-purses-orange-brown/-/A-1009339433#lnk=sametab,Narwey,"Target > Clothing, Shoes & Accessories > Accessories > Handbags & Purses > Shoulder Bags",Shoulder Bags,61.99,79.9,22.4,True,0.0,0,,False,,,https://target.scene7.com/is/image/Target/GUEST_0c28e3e8-b279-4ad6-8506-e7fd8f467c26?wid=1200&hei=1200&qlt=85 | https://target.scene7.com/is/image/Target/GUEST_c7fa6333-92a2-46b8-8b4c-0c47a09f923d?wid=1200&hei=1200&qlt=85 | https://target.scene7.com/is/image/Target/GUEST_889a6390-8628-4130-9782-015637b69a97?wid=1200&hei=1200&qlt=85 | https://target.scene7.com/is/image/Target/GUEST_df06abc5-7773-4077-a680-4a48d93d98d7?wid=1200&hei=1200&qlt=85 | https://target.scene7.com/is/image/Target/GUEST_3e7cd190-f7b6-453d-8ba9-7a0c9bef1104?wid=1200&hei=1200&qlt=85,Effortlessly stylish and comfortable; With dimensions of 16.2''L x 15.7'' x 4.7'' inches; Meticulously crafted from premium vegan leather(PU + Polyester); surprises with its spacious interior,,90% Recycled Polyester,"{""H"": ""15.7"", ""W"": ""4.7"", ""D"": ""16.2""}",15.7 inches (H) x 4.7 inches (W) x 16.2 inches (D),Softside,Multiple Compartments,No Compartments or Pockets,Button Closure,Carrying Handle,2 x 2 Rib,Do Not Wash,imported,977050503808,,"{""Dimensions (Overall)"": ""15.7 inches (H) x 4.7 inches (W) x 16.2 inches (D)"", ""Shell Material"": ""90% Recycled Polyester"", ""Bag Structure"": ""Softside"", ""Interior Features"": ""Multiple Compartments"", ""Exterior Features"": ""No Compartments or Pockets"", ""Main Compartment Closure"": ""Button Closure"", ""Handle Type"": ""Carrying Handle"", ""Fabric Name"": ""2 x 2 Rib"", ""Care & Cleaning"": ""Do Not Wash"", ""TCIN"": ""1009339433"", ""UPC"": ""977050503808"", ""Origin"": ""imported""}",True,2026-02-23T00:46:44.825492
1009446987,Narwey Shoulder Bag for Women with 2 Removable Straps and Zipper Closure Crossbody Bags Clutch Tote HandBags Purses (Black),https://www.target.com/p/narwey-shoulder-bag-for-women-with-2-removable-straps-and-zipper-closure-crossbody-bags-clutch-tote-handbags-purses-black/-/A-1009446987#lnk=sametab,Narwey,"Target > Clothing, Shoes & Accessories > Accessories > Handbags & Purses",Handbags & Purses,32.88,39.99,17.8,True,0.0,0,,False,,,https://target.scene7.com/is/image/Target/GUEST_5fd44005-ce13-497a-8d7b-1549effecece?wid=1200&hei=1200&qlt=85 | https://target.scene7.com/is/image/Target/GUEST_34a538e7-d200-4294-b857-eecc9bc3bdf7?wid=1200&hei=1200&qlt=85 | https://target.scene7.com/is/image/Target/GUEST_17cfc6ee-926e-4ab7-903f-3f46a0eb40ca?wid=1200&hei=1200&qlt=85 | https://target.scene7.com/is/image/Target/GUEST_b3f50f6f-53bc-454a-ac7a-6745a15607ba?wid=1200&hei=1200&qlt=85 | https://target.scene7.com/is/image/Target/GUEST_ee498cf2-6d1f-4c2e-896b-322038d80aef?wid=1200&hei=1200&qlt=85,High-Quality Material; Removable Shoulder Strap; Zipper Closure; Use all  Occasion,,80% Recycled Poly-Fiber,"{""H"": ""6"", ""W"": ""2.7"", ""D"": ""10.5""}",6 inches (H) x 2.7 inches (W) x 10.5 inches (D),Softside,Multiple Compartments,No Compartments or Pockets,Zip Closure,Adjustable Shoulder Strap,1 x 1 Rib,Do Not Wash,imported,852275583593,,"{""Dimensions (Overall)"": ""6 inches (H) x 2.7 inches (W) x 10.5 inches (D)"", ""Shell Material"": ""80% Recycled Poly-Fiber"", ""Bag Structure"": ""Softside"", ""Interior Features"": ""Multiple Compartments"", ""Exterior Features"": ""No Compartments or Pockets"", ""Main Compartment Closure"": ""Zip Closure"", ""Handle Type"": ""Adjustable Shoulder Strap"", ""Fabric Name"": ""1 x 1 Rib"", ""Care & Cleaning"": ""Do Not Wash"", ""TCIN"": ""1009446987"", ""UPC"": ""852275583593"", ""Origin"": ""imported""}",True,2026-02-23T00:46:44.825492
1009254020,Narwey Cute Crossboby Purse with Bowknot Shoulder Bag,https://www.target.com/p/narwey-cute-crossboby-purse-with-bowknot-shoulder-bag/-/A-1009254020#lnk=sametab,Narwey,"Target > Clothing, Shoes & Accessories > Accessories > Handbags & Purses",Handbags & Purses,28.99,38.99,25.6,True,0.0,0,,False,,,https://target.scene7.com/is/image/Target/GUEST_23134fcc-3805-459d-abc5-5bdbc71edde9?wid=1200&hei=1200&qlt=85 | https://target.scene7.com/is/image/Target/GUEST_7dce2e5f-e779-4f41-8845-9c0df08f2b83?wid=1200&hei=1200&qlt=85 | https://target.scene7.com/is/image/Target/GUEST_b33c9073-1199-4dc1-99b9-cd711372de4b?wid=1200&hei=1200&qlt=85 | https://target.scene7.com/is/image/Target/GUEST_c80826fa-636d-4086-bd6f-e553710488ad?wid=1200&hei=1200&qlt=85 | https://target.scene7.com/is/image/Target/GUEST_57b8c49a-4df8-431f-9ada-eb15f43e1b31?wid=1200&hei=1200&qlt=85,Material; Small size; Cute Bowknot design; Fashionable and cute for your princess daily use,,Cotton Canvas,"{""H"": ""1.7"", ""W"": ""3.9"", ""D"": ""4.9""}",1.7 inches (H) x 3.9 inches (W) x 4.9 inches (D),Lightweight,Multiple Compartments,No Compartments or Pockets,Zip Closure,Single handle,1 x 1 Rib,Do Not Wash,imported,151463301408,,"{""Dimensions (Overall)"": ""1.7 inches (H) x 3.9 inches (W) x 4.9 inches (D)"", ""Shell Material"": ""Cotton Canvas"", ""Bag Structure"": ""Lightweight"", ""Interior Features"": ""Multiple Compartments"", ""Exterior Features"": ""No Compartments or Pockets"", ""Main Compartment Closure"": ""Zip Closure"", ""Handle Type"": ""Single handle"", ""Fabric Name"": ""1 x 1 Rib"", ""Care & Cleaning"": ""Do Not Wash"", ""TCIN"": ""1009254020"", ""UPC"": ""151463301408"", ""Origin"": ""imported""}",True,2026-02-23T00:46:44.825492
1008459688,"Clutch Purses Evening Bag for Women Party Prom Black-Tie Events Velvet Handbag With Detachable Chain Black 9.2""* 3.9""* 2.1""",https://www.target.com/p/clutch-purses-evening-bag-for-women-party-prom-black-tie-events-velvet-handbag-with-detachable-chain/-/A-1008459688?preselect=1008459687#lnk=sametab,Empire DigiLabs,"Target > Clothing, Shoes & Accessories > Accessories > Handbags & Purses > Clutches",Clutches,41.97,83.94,50.0,True,0.0,0,,False,"size9.2""* 3.9""* 2.1""",,https://target.scene7.com/is/image/Target/GUEST_8ac63542-1f09-478f-b65f-6adfb3197603?wid=1200&hei=1200&qlt=85 | https://target.scene7.com/is/image/Target/GUEST_e67950d9-97cc-47d5-b18b-b0cfc4abf449?wid=1200&hei=1200&qlt=85 | https://target.scene7.com/is/image/Target/GUEST_c5647c09-1a4d-4f08-bba6-b85e61cc37c3?wid=1200&hei=1200&qlt=85 | https://target.scene7.com/is/image/Target/GUEST_0feacbeb-2861-44e6-90c8-fd32701ddd26?wid=1200&hei=1200&qlt=85 | https://target.scene7.com/is/image/Target/GUEST_39a483b5-0cff-496b-b5e5-7ca2456bf9a1?wid=1200&hei=1200&qlt=85,,,Velvet,"{""H"": ""3.9"", ""W"": ""9.2"", ""D"": ""2.1""}",3.9 inches (H) x 9.2 inches (W) x 2.1 inches (D),Structured,Multiple Compartments,Detachable Straps,Magnetic Closure,No Handles or Straps,Velvet,Spot or Wipe Clean,imported,661309791527,,"{""Dimensions (Overall)"": ""3.9 inches (H) x 9.2 inches (W) x 2.1 inches (D)"", ""Shell Material"": ""Velvet"", ""Bag Structure"": ""Structured"", ""Interior Features"": ""Multiple Compartments"", ""Exterior Features"": ""Detachable Straps"", ""Main Compartment Closure"": ""Magnetic Closure"", ""Handle Type"": ""No Handles or Straps"", ""Fabric Name"": ""Velvet"", ""Care & Cleaning"": ""Spot or Wipe Clean"", ""TCIN"": ""1008459687"", ""UPC"": ""661309791527"", ""Origin"": ""imported""}",True,2026-02-23T00:46:44.825492
1009328006,Narwey Clutch Purses for Women Formal Dressy Evening Bag Handbags Crossbody Bag,https://www.target.com/p/narwey-clutch-purses-for-women-formal-dressy-evening-bag-handbags-crossbody-bag/-/A-1009328006#lnk=sametab,Narwey,"Target > Clothing, Shoes & Accessories > Accessories > Handbags & Purses > Shoulder Bags",Shoulder Bags,35.69,49.99,28.6,True,0.0,0,,False,,,https://target.scene7.com/is/image/Target/GUEST_5eac7eab-072e-48ab-818f-b67166031b9c?wid=1200&hei=1200&qlt=85 | https://target.scene7.com/is/image/Target/GUEST_8de48a10-9fd0-4caf-a58c-9fadedd2047d?wid=1200&hei=1200&qlt=85 | https://target.scene7.com/is/image/Target/GUEST_a04042fa-2ce4-4cab-a8ba-cb50e3acbb76?wid=1200&hei=1200&qlt=85 | https://target.scene7.com/is/image/Target/GUEST_2d8f66be-8586-4759-8b76-85d7942609ef?wid=1200&hei=1200&qlt=85 | https://target.scene7.com/is/image/Target/GUEST_cf034ec1-0978-43b4-9bf4-a33e5ebc8fae?wid=1200&hei=1200&qlt=85,Fashion Design; Premium Materials; Versatile Carrying Options; Ideal for Special Occasions,,Polyester,"{""H"": ""4.7"", ""W"": ""2.5"", ""D"": ""8.26""}",4.7 inches (H) x 2.5 inches (W) x 8.26 inches (D),Lightweight,No Compartments or Pockets,No Compartments or Pockets,Zip Closure,No Handles or Straps,Novelty,Do Not Wash,imported,655605236219,,"{""Dimensions (Overall)"": ""4.7 inches (H) x 2.5 inches (W) x 8.26 inches (D)"", ""Shell Material"": ""Polyester"", ""Bag Structure"": ""Lightweight"", ""Interior Features"": ""No Compartments or Pockets"", ""Exterior Features"": ""No Compartments or Pockets"", ""Main Compartment Closure"": ""Zip Closure"", ""Handle Type"": ""No Handles or Straps"", ""Fabric Name"": ""Novelty"", ""Care & Cleaning"": ""Do Not Wash"", ""TCIN"": ""1009328006"", ""UPC"": ""655605236219"", ""Origin"": ""imported""}",True,2026-02-23T00:46:44.825492
1009250690,Narwey Crossbody Bags for Women Satchel Purse Medium Shoulder Handbags,https://www.target.com/p/narwey-crossbody-bags-for-women-satchel-purse-medium-shoulder-handbags/-/A-1009250690#lnk=sametab,Narwey,"Target > Clothing, Shoes & Accessories > Accessories > Handbags & Purses > Shoulder Bags",Shoulder Bags,78.99,89.99,12.2,True,0.0,0,,False,,,https://target.scene7.com/is/image/Target/GUEST_1fdafac6-7409-44c9-bc76-df5c69c7e285?wid=1200&hei=1200&qlt=85 | https://target.scene7.com/is/image/Target/GUEST_113ee9b0-0705-4803-9781-5d25ca3f4519?wid=1200&hei=1200&qlt=85 | https://target.scene7.com/is/image/Target/GUEST_9b138d60-fa37-4062-8a16-47c6e26d5d2a?wid=1200&hei=1200&qlt=85 | https://target.scene7.com/is/image/Target/GUEST_5b30357d-441e-407a-a1d1-5f130ff61d17?wid=1200&hei=1200&qlt=85 | https://target.scene7.com/is/image/Target/GUEST_c3a6afe0-e3e5-4038-bbcc-125e931cd202?wid=1200&hei=1200&qlt=85,Stylish and versatile crossbody bags; Wrangler purse features; Satchel purse comes more storage space; Western purses,,Leather,"{""H"": ""2.5"", ""W"": ""8.8"", ""D"": ""10""}",2.5 inches (H) x 8.8 inches (W) x 10 inches (D),Lightweight,Multiple Compartments,Zip Pocket,Zip Closure,Shoulder Strap,1 x 1 Rib,Dry Clean,imported,757375162443,,"{""Dimensions (Overall)"": ""2.5 inches (H) x 8.8 inches (W) x 10 inches (D)"", ""Shell Material"": ""Leather"", ""Bag Structure"": ""Lightweight"", ""Interior Features"": ""Multiple Compartments"", ""Exterior Features"": ""Zip Pocket"", ""Main Compartment Closure"": ""Zip Closure"", ""Handle Type"": ""Shoulder Strap"", ""Fabric Name"": ""1 x 1 Rib"", ""Care & Cleaning"": ""Dry Clean"", ""TCIN"": ""1009250690"", ""UPC"": ""757375162443"", ""Origin"": ""imported""}",True,2026-02-23T00:46:44.825492
1007902316,"Shoulder Bag with Lock Buckle, Medium Size,Shoulder Bag Underarm Purse",https://www.target.com/p/shoulder-bag-with-lock-buckle-medium-size-shoulder-bag-underarm-purse/-/A-1007902316#lnk=sametab,Empire DigiLabs,"Target > Clothing, Shoes & Accessories > Accessories > Handbags & Purses > Shoulder Bags",Shoulder Bags,86.97,173.94,50.0,True,0.0,0,,False,,,https://target.scene7.com/is/image/Target/GUEST_f4aa1c9b-dd10-4133-8f3c-e68c80987894?wid=1200&hei=1200&qlt=85 | https://target.scene7.com/is/image/Target/GUEST_99c262c1-0604-4f9a-a50c-3d6cb65b55b5?wid=1200&hei=1200&qlt=85 | https://target.scene7.com/is/image/Target/GUEST_73643800-47c6-4128-af6c-424798e0995d?wid=1200&hei=1200&qlt=85 | https://target.scene7.com/is/image/Target/GUEST_7726c353-d5fc-4092-9e84-47c8bdad06b2?wid=1200&hei=1200&qlt=85 | https://target.scene7.com/is/image/Target/GUEST_0beb5771-3316-4c88-b5b3-259bfdcdf525?wid=1200&hei=1200&qlt=85,,,Leather,"{""H"": ""3"", ""W"": ""10"", ""D"": ""4.3""}",3 inches (H) x 10 inches (W) x 4.3 inches (D),Structured,Multiple Compartments,No Compartments or Pockets,Flap With Easy-Close Fastener,Shoulder Strap,Faux Leather,Spot or Wipe Clean,imported,661309874640,,"{""Dimensions (Overall)"": ""3 inches (H) x 10 inches (W) x 4.3 inches (D)"", ""Shell Material"": ""Leather"", ""Bag Structure"": ""Structured"", ""Interior Features"": ""Multiple Compartments"", ""Exterior Features"": ""No Compartments or Pockets"", ""Main Compartment Closure"": ""Flap With Easy-Close Fastener"", ""Handle Type"": ""Shoulder Strap"", ""Fabric Name"": ""Faux Leather"", ""Care & Cleaning"": ""Spot or Wipe Clean"", ""TCIN"": ""1007902316"", ""UPC"": ""661309874640"", ""Origin"": ""imported""}",True,2026-02-23T00:46:44.825492
1009407596,Narwey Tote Bags for Women Medium Top Handle Satchel Purses Large Shoulder Handbag,https://www.target.com/p/narwey-tote-bags-for-women-medium-top-handle-satchel-purses-large-shoulder-handbag/-/A-1009407596#lnk=sametab,Narwey,"Target > Clothing, Shoes & Accessories > Accessories > Handbags & Purses > Shoulder Bags",Shoulder Bags,63.99,79.99,20.0,True,0.0,0,,False,,,https://target.scene7.com/is/image/Target/GUEST_11606ec0-db36-486c-a138-436f95dfa1ec?wid=1200&hei=1200&qlt=85 | https://target.scene7.com/is/image/Target/GUEST_ad12c85c-21d5-48d8-bf65-e8f75cacdf42?wid=1200&hei=1200&qlt=85 | https://target.scene7.com/is/image/Target/GUEST_e99be64e-8f15-4d1c-a353-05307ee9c975?wid=1200&hei=1200&qlt=85 | https://target.scene7.com/is/image/Target/GUEST_cf1a5ea4-d9d2-457e-8ca6-99436d229570?wid=1200&hei=1200&qlt=85 | https://target.scene7.com/is/image/Target/GUEST_8ebc76e0-021e-43aa-90f4-9a139b0bdc0f?wid=1200&hei=1200&qlt=85,Designed to fit all of life's essentials; A work bags for women; This womens purses; Different ways,,Polyester,"{""H"": ""13.1"", ""W"": ""11.4"", ""D"": ""4.3""}",13.1 inches (H) x 11.4 inches (W) x 4.3 inches (D),Lightweight,Multiple Compartments,No Compartments or Pockets,Zip Closure,Shoulder Strap,1 x 1 Rib,Spot or Wipe Clean,imported,750769368551,,"{""Dimensions (Overall)"": ""13.1 inches (H) x 11.4 inches (W) x 4.3 inches (D)"", ""Shell Material"": ""Polyester"", ""Bag Structure"": ""Lightweight"", ""Interior Features"": ""Multiple Compartments"", ""Exterior Features"": ""No Compartments or Pockets"", ""Main Compartment Closure"": ""Zip Closure"", ""Handle Type"": ""Shoulder Strap"", ""Fabric Name"": ""1 x 1 Rib"", ""Care & Cleaning"": ""Spot or Wipe Clean"", ""TCIN"": ""1009407596"", ""UPC"": ""750769368551"", ""Origin"": ""imported""}",True,2026-02-23T00:46:44.825492
1009498327,Narwey Corduroy Tote Bag for Women Travel Crossbody Bag Purse Women Shoulder Bags Work Handbags,https://www.target.com/p/narwey-corduroy-tote-bag-for-women-travel-crossbody-bag-purse-women-shoulder-bags-work-handbags/-/A-1009498327#lnk=sametab,Narwey,"Target > Clothing, Shoes & Accessories > Accessories > Handbags & Purses > Totes",Totes,25.99,29.99,13.3,True,0.0,0,,False,,,https://target.scene7.com/is/image/Target/GUEST_96c69a46-c9b1-457b-82d7-755c04c0db3c?wid=1200&hei=1200&qlt=85 | https://target.scene7.com/is/image/Target/GUEST_772f2393-65d6-4d60-811e-d5a39a364eb0?wid=1200&hei=1200&qlt=85 | https://target.scene7.com/is/image/Target/GUEST_66cbf328-018b-4aca-ae80-ac57187339b1?wid=1200&hei=1200&qlt=85 | https://target.scene7.com/is/image/Target/GUEST_189151e0-4f8d-4678-af85-4311453a4a8c?wid=1200&hei=1200&qlt=85 | https://target.scene7.com/is/image/Target/GUEST_8f193170-b26a-4757-b225-a9fb07543354?wid=1200&hei=1200&qlt=85 | https://target.scene7.com/is/image/Target/GUEST_537c73cc-eb3d-498f-afb6-612e79085160?wid=1200&hei=1200&qlt=85,This Corduroy Tote Bag for Women is made of high quality corduroy; Large Capacity: Large Size: about 35*30*12 cm / 13.78*11.81*4.72 inch; Practical Design: Adjustable shoulder straps; Multifunctional Handbag,,Corduroy,"{""H"": ""13.78"", ""W"": ""4.72"", ""D"": ""11.81""}",13.78 inches (H) x 4.72 inches (W) x 11.81 inches (D),Structured,Multiple Compartments,Adjustable Shoulder Strap,Magnetic Closure,Adjustable Shoulder Strap,2 x 2 Rib,Machine Wash,imported,675811617497,,"{""Dimensions (Overall)"": ""13.78 inches (H) x 4.72 inches (W) x 11.81 inches (D)"", ""Shell Material"": ""Corduroy"", ""Bag Structure"": ""Structured"", ""Interior Features"": ""Multiple Compartments"", ""Exterior Features"": ""Adjustable Shoulder Strap"", ""Main Compartment Closure"": ""Magnetic Closure"", ""Handle Type"": ""Adjustable Shoulder Strap"", ""Fabric Name"": ""2 x 2 Rib"", ""Care & Cleaning"": ""Machine Wash"", ""TCIN"": ""1009498327"", ""UPC"": ""675811617497"", ""Origin"": ""imported""}",True,2026-02-23T00:46:44.825492
1009452142,Narwey Small Leather Crossbody Bags for Women Anti theft Purses and Handbag,https://www.target.com/p/narwey-small-leather-crossbody-bags-for-women-anti-theft-purses-and-handbag/-/A-1009452142#lnk=sametab,Narwey,"Target > Clothing, Shoes & Accessories > Accessories > Handbags & Purses > Shoulder Bags",Shoulder Bags,57.99,69.99,17.1,True,0.0,0,,False,,,https://target.scene7.com/is/image/Target/GUEST_5e0a08d9-e28f-4454-bb4a-2ce4d1134505?wid=1200&hei=1200&qlt=85 | https://target.scene7.com/is/image/Target/GUEST_b5a036b7-1106-43b6-81b3-b5244fbf999f?wid=1200&hei=1200&qlt=85 | https://target.scene7.com/is/image/Target/GUEST_73954237-f433-458f-9487-98047ea052e6?wid=1200&hei=1200&qlt=85 | https://target.scene7.com/is/image/Target/GUEST_afb0ca28-6b5f-4d3d-a008-8ccf78d11119?wid=1200&hei=1200&qlt=85 | https://target.scene7.com/is/image/Target/GUEST_c8f23d00-9fe5-4a0e-b0e0-2c8d5cd2bf78?wid=1200&hei=1200&qlt=85,[Multi-Compartment Design for Organization]; [Anti-Theft Zippers for Added Security]; [Premium Faux Leather & Durable Hardware]; [Adjustable & Versatile Strap],,Leather,"{""H"": ""8.9"", ""W"": ""3.5"", ""D"": ""13.2""}",8.9 inches (H) x 3.5 inches (W) x 13.2 inches (D),Lightweight,Multiple Compartments,Zip Pocket,Zip Closure,Shoulder Strap,1 x 1 Rib,Spot or Wipe Clean,imported,960483841241,,"{""Dimensions (Overall)"": ""8.9 inches (H) x 3.5 inches (W) x 13.2 inches (D)"", ""Shell Material"": ""Leather"", ""Bag Structure"": ""Lightweight"", ""Interior Features"": ""Multiple Compartments"", ""Exterior Features"": ""Zip Pocket"", ""Main Compartment Closure"": ""Zip Closure"", ""Handle Type"": ""Shoulder Strap"", ""Fabric Name"": ""1 x 1 Rib"", ""Care & Cleaning"": ""Spot or Wipe Clean"", ""TCIN"": ""1009452142"", ""UPC"": ""960483841241"", ""Origin"": ""imported""}",True,2026-02-23T00:46:44.825492
1009365176,"Narwey Crossbody Hobo Bag for Women with Adjustable Strap, Quilted Puffy Purses for Women Fluffy Compact Shoulder Handbag",https://www.target.com/p/narwey-crossbody-hobo-bag-for-women-with-adjustable-strap-quilted-puffy-purses-for-women-fluffy-compact-shoulder-handbag/-/A-1009365176#lnk=sametab,Narwey,"Target > Clothing, Shoes & Accessories > Accessories > Handbags & Purses > Crossbody & Messenger Bags",Crossbody & Messenger Bags,58.79,69.99,16.0,True,0.0,0,,False,,,https://target.scene7.com/is/image/Target/GUEST_eb09f6c1-8cff-4e0c-953b-17bc8d6c6df8?wid=1200&hei=1200&qlt=85 | https://target.scene7.com/is/image/Target/GUEST_38d9fd8d-5b29-477f-91d1-54456f391535?wid=1200&hei=1200&qlt=85 | https://target.scene7.com/is/image/Target/GUEST_2b6c1795-8b80-457d-b7e8-26b3af2a144d?wid=1200&hei=1200&qlt=85 | https://target.scene7.com/is/image/Target/GUEST_3dcb2437-f74b-45bc-91d2-babe45b983b3?wid=1200&hei=1200&qlt=85 | https://target.scene7.com/is/image/Target/GUEST_59959465-2ee8-4b2f-8d4e-c72eb91fdda3?wid=1200&hei=1200&qlt=85,Dimensions; Compact Yet Surprisingly Spacious; All-Day Comfort; Easy-Access Zipper Pocket; Durable for Active Lifestyles,,Polyester,"{""H"": ""4"", ""W"": ""8"", ""D"": ""13""}",4 inches (H) x 8 inches (W) x 13 inches (D),Lightweight,No Compartments or Pockets,No Compartments or Pockets,Zip Closure,No Handles or Straps,Novelty,Do Not Wash,imported,747799291669,,"{""Dimensions (Overall)"": ""4 inches (H) x 8 inches (W) x 13 inches (D)"", ""Shell Material"": ""Polyester"", ""Bag Structure"": ""Lightweight"", ""Interior Features"": ""No Compartments or Pockets"", ""Exterior Features"": ""No Compartments or Pockets"", ""Main Compartment Closure"": ""Zip Closure"", ""Handle Type"": ""No Handles or Straps"", ""Fabric Name"": ""Novelty"", ""Care & Cleaning"": ""Do Not Wash"", ""TCIN"": ""1009365176"", ""UPC"": ""747799291669"", ""Origin"": ""imported""}",True,2026-02-23T00:47:23.024709
1009503277,Narwey Coated Canvas Bucket Crossbody Bags for Women Top-Handle Handbags Small Satchel Purse Trendy,https://www.target.com/p/narwey-coated-canvas-bucket-crossbody-bags-for-women-top-handle-handbags-small-satchel-purse-trendy/-/A-1009503277#lnk=sametab,Narwey,"Target > Clothing, Shoes & Accessories > Accessories > Handbags & Purses > Totes",Totes,81.99,89.99,8.9,True,0.0,0,,False,,,https://target.scene7.com/is/image/Target/GUEST_c9fcb590-76d8-436f-bf21-8af9a82fdc90?wid=1200&hei=1200&qlt=85 | https://target.scene7.com/is/image/Target/GUEST_04432135-75a7-44ed-9259-ce7d95697d84?wid=1200&hei=1200&qlt=85 | https://target.scene7.com/is/image/Target/GUEST_06739456-b69a-402c-971e-838fe2844b71?wid=1200&hei=1200&qlt=85 | https://target.scene7.com/is/image/Target/GUEST_95ca6870-a5a5-4a4e-b1d3-62ec6466fbe6?wid=1200&hei=1200&qlt=85 | https://target.scene7.com/is/image/Target/GUEST_58e6034e-1823-4cc7-b0d0-50a0b8504c3d?wid=1200&hei=1200&qlt=85,"PREMIUM QUALITY MATERIAL; ADJUSTABLE SHOULDER STRAP, EASY TO CARRY; PLENTY OF STORAGE SPACE; STYLISH TWIST LOCK DESIGN",,Fabric,"{""H"": ""9.84"", ""W"": ""3.93"", ""D"": ""8.26""}",9.84 inches (H) x 3.93 inches (W) x 8.26 inches (D),Dome,Multiple Compartments,No Compartments or Pockets,Buckle Closure,Adjustable Shoulder Strap,2 x 2 Rib,Do Not Wash,imported,670770801529,,"{""Dimensions (Overall)"": ""9.84 inches (H) x 3.93 inches (W) x 8.26 inches (D)"", ""Shell Material"": ""Fabric"", ""Bag Structure"": ""Dome"", ""Interior Features"": ""Multiple Compartments"", ""Exterior Features"": ""No Compartments or Pockets"", ""Main Compartment Closure"": ""Buckle Closure"", ""Handle Type"": ""Adjustable Shoulder Strap"", ""Fabric Name"": ""2 x 2 Rib"", ""Care & Cleaning"": ""Do Not Wash"", ""TCIN"": ""1009503277"", ""UPC"": ""670770801529"", ""Origin"": ""imported""}",True,2026-02-23T00:47:23.024709
1009406661,"Narwey Women's Foldable Nylon Tote Bag, Lightweight Shoulder Purse with Top Handle, Spacious Hobo Bag for Work and Travel",https://www.target.com/p/narwey-women-s-foldable-nylon-tote-bag-lightweight-shoulder-purse-with-top-handle-spacious-hobo-bag-for-work-and-travel/-/A-1009406661#lnk=sametab,Narwey,"Target > Clothing, Shoes & Accessories > Accessories > Handbags & Purses > Shoulder Bags",Shoulder Bags,48.99,59.99,18.3,True,0.0,0,,False,,,https://target.scene7.com/is/image/Target/GUEST_b808e21c-4e02-479b-b4f3-0efce99b5bb8?wid=1200&hei=1200&qlt=85 | https://target.scene7.com/is/image/Target/GUEST_03ed407e-e063-4d2d-bbf2-06dd824b878a?wid=1200&hei=1200&qlt=85 | https://target.scene7.com/is/image/Target/GUEST_77255179-96fc-4a67-8984-e412b5ed91ca?wid=1200&hei=1200&qlt=85 | https://target.scene7.com/is/image/Target/GUEST_d8db7b0c-af43-42eb-b3bc-c1a72fe4fbe7?wid=1200&hei=1200&qlt=85 | https://target.scene7.com/is/image/Target/GUEST_d639d878-e2c7-4b07-a08b-2280e63411f1?wid=1200&hei=1200&qlt=85,Minimalist Design; Dimensions; Multiple Pockets,,Polyester,"{""H"": ""11.8"", ""W"": ""7.28"", ""D"": ""18.5""}",11.8 inches (H) x 7.28 inches (W) x 18.5 inches (D),Lightweight,No Compartments or Pockets,No Compartments or Pockets,Zip Closure,No Handles or Straps,Novelty,Do Not Wash,imported,842228887410,,"{""Dimensions (Overall)"": ""11.8 inches (H) x 7.28 inches (W) x 18.5 inches (D)"", ""Shell Material"": ""Polyester"", ""Bag Structure"": ""Lightweight"", ""Interior Features"": ""No Compartments or Pockets"", ""Exterior Features"": ""No Compartments or Pockets"", ""Main Compartment Closure"": ""Zip Closure"", ""Handle Type"": ""No Handles or Straps"", ""Fabric Name"": ""Novelty"", ""Care & Cleaning"": ""Do Not Wash"", ""TCIN"": ""1009406661"", ""UPC"": ""842228887410"", ""Origin"": ""imported""}",True,2026-02-23T00:47:23.024709
1009141155,"Narwey Bag for Women, Hobo Handbags Trendy Y2K Purses Patent Leather Clutch Bag",https://www.target.com/p/narwey-bag-for-women-hobo-handbags-trendy-y2k-purses-patent-leather-clutch-bag/-/A-1009141155#lnk=sametab,Narwey,"Target > Clothing, Shoes & Accessories > Accessories > Handbags & Purses > Shoulder Bags",Shoulder Bags,42.99,49.99,14.0,True,0.0,0,,False,,,https://target.scene7.com/is/image/Target/GUEST_cf836f55-74f6-4f41-9415-ea1fc7b6314f?wid=1200&hei=1200&qlt=85 | https://target.scene7.com/is/image/Target/GUEST_41545438-01f3-4df9-9ea7-5bbe3236659c?wid=1200&hei=1200&qlt=85 | https://target.scene7.com/is/image/Target/GUEST_fa7ef69a-f1fd-45d4-a867-7279192ec592?wid=1200&hei=1200&qlt=85 | https://target.scene7.com/is/image/Target/GUEST_7597a64b-ce3d-429c-a5e9-2a1f500484e1?wid=1200&hei=1200&qlt=85 | https://target.scene7.com/is/image/Target/GUEST_37048dd5-71f3-4165-b67a-e42016cd5130?wid=1200&hei=1200&qlt=85,"The sleek, minimalist design is complemented by a comfortable shoulder strap, making the bow bag easy to carry throughout the day.; Our designer hobo handbags for women have a handy magnetic buckle lock and zipper closure that protects your items safety.",,Leather,"{""H"": ""4.3"", ""W"": ""2.6"", ""D"": ""10.6""}",4.3 inches (H) x 2.6 inches (W) x 10.6 inches (D),Lightweight,Zip Pocket,No Compartments or Pockets,Zip Closure,Single handle,Novelty,Do Not Wash,imported,688846850661,,"{""Dimensions (Overall)"": ""4.3 inches (H) x 2.6 inches (W) x 10.6 inches (D)"", ""Shell Material"": ""Leather"", ""Bag Structure"": ""Lightweight"", ""Interior Features"": ""Zip Pocket"", ""Exterior Features"": ""No Compartments or Pockets"", ""Main Compartment Closure"": ""Zip Closure"", ""Handle Type"": ""Single handle"", ""Fabric Name"": ""Novelty"", ""Care & Cleaning"": ""Do Not Wash"", ""TCIN"": ""1009141155"", ""UPC"": ""688846850661"", ""Origin"": ""imported""}",True,2026-02-23T00:47:23.024709
1009277337,Narwey Crossbody Sling Bag Nylon Purse Small Shoulder Handbag,https://www.target.com/p/narwey-crossbody-sling-bag-nylon-purse-small-shoulder-handbag/-/A-1009277337#lnk=sametab,Narwey,"Target > Clothing, Shoes & Accessories > Accessories > Handbags & Purses > Shoulder Bags",Shoulder Bags,40.99,55.99,26.8,True,0.0,0,,False,,,https://target.scene7.com/is/image/Target/GUEST_58b94e63-14f2-47b2-949a-cbd631f96ba8?wid=1200&hei=1200&qlt=85 | https://target.scene7.com/is/image/Target/GUEST_6969aafe-ce10-4b4a-a4d7-2fbf0795b48b?wid=1200&hei=1200&qlt=85 | https://target.scene7.com/is/image/Target/GUEST_3e5282ae-924d-4dd7-af5a-9158842c4d39?wid=1200&hei=1200&qlt=85 | https://target.scene7.com/is/image/Target/GUEST_877c541a-2b54-4499-868b-50b634ca918b?wid=1200&hei=1200&qlt=85 | https://target.scene7.com/is/image/Target/GUEST_88b6b687-43df-493a-a7f1-71fd2a4b800b?wid=1200&hei=1200&qlt=85,Multifunctional 6 Zipper Pocket; Good Stuff Organizer for small items; Premium nylon fabric material; Multi Wear Way,,Nylon,"{""H"": ""7.87"", ""W"": "".71"", ""D"": ""3.94""}",7.87 inches (H) x .71 inches (W) x 3.94 inches (D),Lightweight,Multiple Compartments,Zip Pocket,Zip Closure,Shoulder Strap,1 x 1 Rib,Hand Wash,imported,653056260333,,"{""Dimensions (Overall)"": ""7.87 inches (H) x .71 inches (W) x 3.94 inches (D)"", ""Shell Material"": ""Nylon"", ""Bag Structure"": ""Lightweight"", ""Interior Features"": ""Multiple Compartments"", ""Exterior Features"": ""Zip Pocket"", ""Main Compartment Closure"": ""Zip Closure"", ""Handle Type"": ""Shoulder Strap"", ""Fabric Name"": ""1 x 1 Rib"", ""Care & Cleaning"": ""Hand Wash"", ""TCIN"": ""1009277337"", ""UPC"": ""653056260333"", ""Origin"": ""imported""}",True,2026-02-23T00:47:23.024709
1007882204,"Medium Hobo Purse for Women Bucket Shoulder Bag with Crossbody Strap Brown 11"" x 5"" x 10.3""",https://www.target.com/p/medium-hobo-purse-for-women-bucket-shoulder-bag-with-crossbody-strap/-/A-1007882204?preselect=1007882205#lnk=sametab,Empire DigiLabs,"Target > Clothing, Shoes & Accessories > Accessories > Handbags & Purses",Handbags & Purses,107.97,215.94,50.0,True,0.0,0,,False,"size11"" x 5"" x 10.3""",,https://target.scene7.com/is/image/Target/GUEST_3ec8da2b-9efd-49c6-8722-933816f71d38?wid=1200&hei=1200&qlt=85 | https://target.scene7.com/is/image/Target/GUEST_ff381831-091a-4a5b-a802-52d06c12bd42?wid=1200&hei=1200&qlt=85 | https://target.scene7.com/is/image/Target/GUEST_6d3e50d4-1e4f-4cd4-971f-2eefce1b8a0e?wid=1200&hei=1200&qlt=85 | https://target.scene7.com/is/image/Target/GUEST_8cb188e2-59c0-4886-a69a-240872e9c13b?wid=1200&hei=1200&qlt=85 | https://target.scene7.com/is/image/Target/GUEST_346be72a-82d3-4e51-bda2-31d0ea958453?wid=1200&hei=1200&qlt=85,,,Leather,"{""H"": ""10.3"", ""W"": ""11"", ""D"": ""5""}",10.3 inches (H) x 11 inches (W) x 5 inches (D),Softside,Multiple Compartments,Pouch Pocket,Magnetic Closure,Carrying Handle,Faux Leather,Spot or Wipe Clean,imported,661309870215,,"{""Dimensions (Overall)"": ""10.3 inches (H) x 11 inches (W) x 5 inches (D)"", ""Shell Material"": ""Leather"", ""Bag Structure"": ""Softside"", ""Interior Features"": ""Multiple Compartments"", ""Exterior Features"": ""Pouch Pocket"", ""Main Compartment Closure"": ""Magnetic Closure"", ""Handle Type"": ""Carrying Handle"", ""Fabric Name"": ""Faux Leather"", ""Care & Cleaning"": ""Spot or Wipe Clean"", ""TCIN"": ""1007882205"", ""UPC"": ""661309870215"", ""Origin"": ""imported""}",True,2026-02-23T00:47:23.024709
1009348805,Narwey Crossbody Bag Mini Toddler Purse with Signle Handle,https://www.target.com/p/narwey-crossbody-bag-mini-toddler-purse-with-signle-handle/-/A-1009348805#lnk=sametab,Narwey,"Target > Clothing, Shoes & Accessories > Accessories > Handbags & Purses > Mini Bags",Mini Bags,21.99,39.99,45.0,True,0.0,0,,False,,,https://target.scene7.com/is/image/Target/GUEST_94669622-8250-4a61-a908-ce7d38b7a0e4?wid=1200&hei=1200&qlt=85 | https://target.scene7.com/is/image/Target/GUEST_f458c7b1-5dc4-45a3-b651-61c04670dff5?wid=1200&hei=1200&qlt=85 | https://target.scene7.com/is/image/Target/GUEST_61d88379-fec5-4722-bf3a-191d1e21f372?wid=1200&hei=1200&qlt=85 | https://target.scene7.com/is/image/Target/GUEST_c42d249c-8bd6-42d7-a785-1eea8253074e?wid=1200&hei=1200&qlt=85 | https://target.scene7.com/is/image/Target/GUEST_7b26a8de-e1d3-44e9-9f77-88dd2770f6ad?wid=1200&hei=1200&qlt=85,NOTE: This min purse could not place; MATERIAL: Made of high quality; STYLISH- It has a cute appearance; MINI SIZE: Convenient and comfortable,,PVC (Polyvinyl Chloride),"{""H"": "".1"", ""W"": "".1"", ""D"": "".1""}",.1 inches (H) x .1 inches (W) x .1 inches (D),Lightweight,Multiple Compartments,No Compartments or Pockets,Magnetic Closure,Shoulder Strap,1 x 1 Rib,Spot or Wipe Clean,imported,971794453375,,"{""Dimensions (Overall)"": "".1 inches (H) x .1 inches (W) x .1 inches (D)"", ""Shell Material"": ""PVC (Polyvinyl Chloride)"", ""Bag Structure"": ""Lightweight"", ""Interior Features"": ""Multiple Compartments"", ""Exterior Features"": ""No Compartments or Pockets"", ""Main Compartment Closure"": ""Magnetic Closure"", ""Handle Type"": ""Shoulder Strap"", ""Fabric Name"": ""1 x 1 Rib"", ""Care & Cleaning"": ""Spot or Wipe Clean"", ""TCIN"": ""1009348805"", ""UPC"": ""971794453375"", ""Origin"": ""imported""}",True,2026-02-23T00:47:23.024709
1009366053,"Narwey Small Purses for Women Trendy, Vegan leather Shoulder Bag",https://www.target.com/p/narwey-small-purses-for-women-trendy-vegan-leather-shoulder-bag/-/A-1009366053#lnk=sametab,Narwey,"Target > Clothing, Shoes & Accessories > Accessories > Handbags & Purses > Crossbody & Messenger Bags",Crossbody & Messenger Bags,70.99,89.99,21.1,True,0.0,0,,False,,,https://target.scene7.com/is/image/Target/GUEST_0d1f52d2-9cf1-4bb3-a3a9-b34677252738?wid=1200&hei=1200&qlt=85 | https://target.scene7.com/is/image/Target/GUEST_c107216d-376e-458c-a636-c78310c15698?wid=1200&hei=1200&qlt=85 | https://target.scene7.com/is/image/Target/GUEST_70f2ca4f-d7b8-4a85-ae8c-57a5ce6c971a?wid=1200&hei=1200&qlt=85 | https://target.scene7.com/is/image/Target/GUEST_bb0764e9-e444-4f67-8529-06693d87b5d7?wid=1200&hei=1200&qlt=85 | https://target.scene7.com/is/image/Target/GUEST_d94e440c-6281-4b33-8c1b-8be4a0c16902?wid=1200&hei=1200&qlt=85,【Size】: The Crossbody Purse for Women; 【Material】; 【Multifunctional】; 【Usage scenarios】,,Leather,"{""H"": ""5"", ""W"": ""7"", ""D"": ""9.5""}",5 inches (H) x 7 inches (W) x 9.5 inches (D),Lightweight,Multiple Compartments,No Compartments or Pockets,Zip Closure,Shoulder Strap,1 x 1 Rib,Spot or Wipe Clean,imported,384287964546,,"{""Dimensions (Overall)"": ""5 inches (H) x 7 inches (W) x 9.5 inches (D)"", ""Shell Material"": ""Leather"", ""Bag Structure"": ""Lightweight"", ""Interior Features"": ""Multiple Compartments"", ""Exterior Features"": ""No Compartments or Pockets"", ""Main Compartment Closure"": ""Zip Closure"", ""Handle Type"": ""Shoulder Strap"", ""Fabric Name"": ""1 x 1 Rib"", ""Care & Cleaning"": ""Spot or Wipe Clean"", ""TCIN"": ""1009366053"", ""UPC"": ""384287964546"", ""Origin"": ""imported""}",True,2026-02-23T00:47:23.024709
1007902435,"Small Saddle Purse and Boho Crossbody Handbags,Vegan Leather Brown 9.0""x2.8"" x7.1""",https://www.target.com/p/small-saddle-purse-and-boho-crossbody-handbags-vegan-leather/-/A-1007902435?preselect=1007902437#lnk=sametab,Empire DigiLabs,"Target > Clothing, Shoes & Accessories > Accessories > Handbags & Purses > Shoulder Bags",Shoulder Bags,71.97,143.94,50.0,True,0.0,0,,False,"size9.0""x2.8"" x7.1""",,https://target.scene7.com/is/image/Target/GUEST_acfa3118-481f-49ad-9a86-ce2ff41144bd?wid=1200&hei=1200&qlt=85 | https://target.scene7.com/is/image/Target/GUEST_77d834c1-de5c-493c-ae27-59c152e0cecd?wid=1200&hei=1200&qlt=85 | https://target.scene7.com/is/image/Target/GUEST_30cb3975-2abe-4837-bd26-524b6ab44a3f?wid=1200&hei=1200&qlt=85 | https://target.scene7.com/is/image/Target/GUEST_cf9c27e8-112a-4e1b-92e7-298810021685?wid=1200&hei=1200&qlt=85 | https://target.scene7.com/is/image/Target/GUEST_257c1ea7-6319-4539-a83a-47d10ba7e7a0?wid=1200&hei=1200&qlt=85,,,Leather,"{""H"": ""7.1"", ""W"": ""9"", ""D"": ""2.8""}",7.1 inches (H) x 9 inches (W) x 2.8 inches (D),Structured,Multiple Compartments,Adjustable Shoulder Strap,Flap Closure,Adjustable Shoulder Strap,Faux Leather,Spot or Wipe Clean,imported,661309874565,,"{""Dimensions (Overall)"": ""7.1 inches (H) x 9 inches (W) x 2.8 inches (D)"", ""Shell Material"": ""Leather"", ""Bag Structure"": ""Structured"", ""Interior Features"": ""Multiple Compartments"", ""Exterior Features"": ""Adjustable Shoulder Strap"", ""Main Compartment Closure"": ""Flap Closure"", ""Handle Type"": ""Adjustable Shoulder Strap"", ""Fabric Name"": ""Faux Leather"", ""Care & Cleaning"": ""Spot or Wipe Clean"", ""TCIN"": ""1007902437"", ""UPC"": ""661309874565"", ""Origin"": ""imported""}",True,2026-02-23T00:47:23.024709
1009451473,Narwey Small Soft Pebbled Real Leather Crossbody Handbags Purses,https://www.target.com/p/narwey-small-soft-pebbled-real-leather-crossbody-handbags-purses/-/A-1009451473#lnk=sametab,Narwey,"Target > Clothing, Shoes & Accessories > Accessories > Handbags & Purses > Mini Bags",Mini Bags,95.99,116.99,18.0,True,0.0,0,,False,,,https://target.scene7.com/is/image/Target/GUEST_28d33dec-0ace-4a61-a879-393dec665096?wid=1200&hei=1200&qlt=85 | https://target.scene7.com/is/image/Target/GUEST_475ae817-10a9-4dbe-8ecd-ac999c6a628e?wid=1200&hei=1200&qlt=85 | https://target.scene7.com/is/image/Target/GUEST_2279f6df-d377-4d62-9723-e3018eafeeef?wid=1200&hei=1200&qlt=85 | https://target.scene7.com/is/image/Target/GUEST_31332260-3971-40e7-9187-939f3e664151?wid=1200&hei=1200&qlt=85 | https://target.scene7.com/is/image/Target/GUEST_893b85a4-780e-485e-8829-3361f43421cf?wid=1200&hei=1200&qlt=85,"✔ Handmade by skilled craftsmen in INDIA; ✔8”Height x 10.5"" Length x 1.75” Width; ✔High Quality Soft Nappa Leather; ✔ This bag is perfect",,Leather,"{""H"": ""8"", ""W"": ""1.7"", ""D"": ""10.5""}",8 inches (H) x 1.7 inches (W) x 10.5 inches (D),Lightweight,Multiple Compartments,Zip Pocket,Zip Closure,Shoulder Strap,1 x 1 Rib,Spot or Wipe Clean,imported,960483841180,,"{""Dimensions (Overall)"": ""8 inches (H) x 1.7 inches (W) x 10.5 inches (D)"", ""Shell Material"": ""Leather"", ""Bag Structure"": ""Lightweight"", ""Interior Features"": ""Multiple Compartments"", ""Exterior Features"": ""Zip Pocket"", ""Main Compartment Closure"": ""Zip Closure"", ""Handle Type"": ""Shoulder Strap"", ""Fabric Name"": ""1 x 1 Rib"", ""Care & Cleaning"": ""Spot or Wipe Clean"", ""TCIN"": ""1009451473"", ""UPC"": ""960483841180"", ""Origin"": ""imported""}",True,2026-02-23T00:47:23.024709
1007926727,"Purses and Handbags for Women, Tote Shoulder Bag Satchel Purse and PU Leather Black-s 14.4*4.8*9.6",https://www.target.com/p/purses-and-handbags-for-women-tote-shoulder-bag-satchel-purse-and-pu-leather/-/A-1007926727?preselect=1007926725#lnk=sametab,Empire DigiLabs,"Target > Clothing, Shoes & Accessories > Accessories > Handbags & Purses > Shoulder Bags",Shoulder Bags,89.94,179.88,50.0,True,0.0,0,,False,size14.4*4.8*9.6,,https://target.scene7.com/is/image/Target/GUEST_04209da9-94ed-4f55-8169-f88fd9f87ffe?wid=1200&hei=1200&qlt=85 | https://target.scene7.com/is/image/Target/GUEST_cc3ee794-6256-4da5-bd53-c336b33e0406?wid=1200&hei=1200&qlt=85 | https://target.scene7.com/is/image/Target/GUEST_56489f49-c5a2-4923-8262-b0526f8f4253?wid=1200&hei=1200&qlt=85 | https://target.scene7.com/is/image/Target/GUEST_2613cd3e-9d9b-43a9-82ae-f6899a7e5019?wid=1200&hei=1200&qlt=85 | https://target.scene7.com/is/image/Target/GUEST_c1280cb8-8d74-4f75-8103-b0bd9ccef2c2?wid=1200&hei=1200&qlt=85,,,Leather,"{""H"": ""9.6"", ""W"": ""14.4"", ""D"": ""4.8""}",9.6 inches (H) x 14.4 inches (W) x 4.8 inches (D),Structured,Multiple Compartments,Detachable Straps,Zip Closure,Top Carrying Handle,Faux Leather,Spot or Wipe Clean,imported,661309839991,,"{""Dimensions (Overall)"": ""9.6 inches (H) x 14.4 inches (W) x 4.8 inches (D)"", ""Shell Material"": ""Leather"", ""Bag Structure"": ""Structured"", ""Interior Features"": ""Multiple Compartments"", ""Exterior Features"": ""Detachable Straps"", ""Main Compartment Closure"": ""Zip Closure"", ""Handle Type"": ""Top Carrying Handle"", ""Fabric Name"": ""Faux Leather"", ""Care & Cleaning"": ""Spot or Wipe Clean"", ""TCIN"": ""1007926725"", ""UPC"": ""661309839991"", ""Origin"": ""imported""}",True,2026-02-23T00:47:23.024709
1007882166,"Premium Suede Leather Crossbody Purses for Women, Small Shoulder Bag with Adjustable Strap Red 7.48” x 3.93” x 3.15”",https://www.target.com/p/premium-suede-leather-crossbody-purses-for-women-small-shoulder-bag-with-adjustable-strap/-/A-1007882166?preselect=1007882173#lnk=sametab,Empire DigiLabs,"Target > Clothing, Shoes & Accessories > Accessories > Handbags & Purses > Crossbody & Messenger Bags",Crossbody & Messenger Bags,178.8,357.6,50.0,True,0.0,0,,False,size7.48” x 3.93” x 3.15”,,https://target.scene7.com/is/image/Target/GUEST_c80f7538-d1f1-4628-9ff9-684723797ca1?wid=1200&hei=1200&qlt=85 | https://target.scene7.com/is/image/Target/GUEST_ed7fb182-59bb-4107-89e5-5ebf48531499?wid=1200&hei=1200&qlt=85 | https://target.scene7.com/is/image/Target/GUEST_9794726d-38cf-4c53-a346-c7d8af1681a3?wid=1200&hei=1200&qlt=85 | https://target.scene7.com/is/image/Target/GUEST_13198cff-7f08-4a5f-94a7-3002184fc1f8?wid=1200&hei=1200&qlt=85 | https://target.scene7.com/is/image/Target/GUEST_6fae451a-b736-4d76-abfc-dea9f7914422?wid=1200&hei=1200&qlt=85,,,Leather,"{""H"": ""7.48"", ""W"": ""3.93"", ""D"": ""3.15""}",7.48 inches (H) x 3.93 inches (W) x 3.15 inches (D),Softside,Multiple Compartments,Adjustable Shoulder Strap,Zip Closure,Adjustable Shoulder Strap,Faux Leather,Spot or Wipe Clean,imported,661309869110,,"{""Dimensions (Overall)"": ""7.48 inches (H) x 3.93 inches (W) x 3.15 inches (D)"", ""Shell Material"": ""Leather"", ""Bag Structure"": ""Softside"", ""Interior Features"": ""Multiple Compartments"", ""Exterior Features"": ""Adjustable Shoulder Strap"", ""Main Compartment Closure"": ""Zip Closure"", ""Handle Type"": ""Adjustable Shoulder Strap"", ""Fabric Name"": ""Faux Leather"", ""Care & Cleaning"": ""Spot or Wipe Clean"", ""TCIN"": ""1007882173"", ""UPC"": ""661309869110"", ""Origin"": ""imported""}",True,2026-02-23T00:47:23.024709
92147786,"Saro Lifestyle Artisanal Leather Patchwork Purse, Gray, 17""x11""x5""",https://www.target.com/p/saro-lifestyle-artisanal-leather-patchwork-purse/-/A-92147786?preselect=92147788#lnk=sametab,Saro Lifestyle,"Target > Clothing, Shoes & Accessories > Accessories > Handbags & Purses",Handbags & Purses,49.14,0.0,0.0,False,0.0,0,,False,gray,,https://target.scene7.com/is/image/Target/GUEST_08aa851d-d6b0-462c-9b74-46931d81b6d3?wid=1200&hei=1200&qlt=85 | https://target.scene7.com/is/image/Target/GUEST_36dd58f8-497c-4c87-b8e6-af75c66ddbe6?wid=1200&hei=1200&qlt=85 | https://target.scene7.com/is/image/Target/GUEST_068503de-ee26-4bed-b9a3-2858c1880691?wid=1200&hei=1200&qlt=85 | https://target.scene7.com/is/image/Target/GUEST_5b931eb6-83cd-407e-9978-53051743017b?wid=1200&hei=1200&qlt=85,"Size: 17""x11""x5""; Meticulously crafted with high-quality leather patches, showcasing artisanal skill; Ideal for those who appreciate handmade and one-of-a-kind accessories; The color of the product may exhibit slight variations due to the nature of the dyeing process, difference in lighting conditions, and individual monitor settings.; Material: outer shell: 100% leather, inner lining: 100% cotton + Suggested care: dry clean only",,Leather,"{""H"": ""17.0"", ""W"": ""5.0"", ""D"": ""11.0""}",17.0 inches (H) x 5.0 inches (W) x 11.0 inches (D),Lightweight,Zip Pocket,No Compartments or Pockets,Magnetic Closure,Single handle,Woven,Dry Clean,imported,789323448248,,"{""Dimensions (Overall)"": ""17.0 inches (H) x 5.0 inches (W) x 11.0 inches (D)"", ""Shell Material"": ""Leather"", ""Bag Structure"": ""Lightweight"", ""Interior Features"": ""Zip Pocket"", ""Exterior Features"": ""No Compartments or Pockets"", ""Main Compartment Closure"": ""Magnetic Closure"", ""Handle Type"": ""Single handle"", ""Fabric Name"": ""Woven"", ""Sustainability Claims"": ""Renewable Material"", ""Battery"": ""No Battery Used"", ""Care & Cleaning"": ""Dry Clean"", ""TCIN"": ""92147788"", ""UPC"": ""789323448248"", ""Origin"": ""imported""}",True,2026-02-23T00:47:23.024709
1009254277,"Narwey Hobo Bags for Women, Ultra Soft Foldable Vegan Leather Shoulder Handbag, Stylish Slouchy Tote Purses (Black)",https://www.target.com/p/narwey-hobo-bags-for-women-ultra-soft-foldable-vegan-leather-shoulder-handbag-stylish-slouchy-tote-purses-black/-/A-1009254277#lnk=sametab,Narwey,"Target > Clothing, Shoes & Accessories > Accessories > Handbags & Purses > Shoulder Bags",Shoulder Bags,53.99,69.99,22.9,True,0.0,0,,False,,,https://target.scene7.com/is/image/Target/GUEST_02c0e112-26f8-4d25-9a87-d430f4f74db1?wid=1200&hei=1200&qlt=85 | https://target.scene7.com/is/image/Target/GUEST_034bc1ab-abb4-4fcf-95c7-a54647f51dc1?wid=1200&hei=1200&qlt=85 | https://target.scene7.com/is/image/Target/GUEST_f06a8338-254d-413e-b06e-72a924d27930?wid=1200&hei=1200&qlt=85 | https://target.scene7.com/is/image/Target/GUEST_061cda6d-2393-4808-b125-1106489652ea?wid=1200&hei=1200&qlt=85 | https://target.scene7.com/is/image/Target/GUEST_2043a213-6fa2-44fa-8932-33ecfa5e5d09?wid=1200&hei=1200&qlt=85,Made of premium PU leather; Cute purses for women; Timeless Style; Practical Gift Choice,,TPU (Thermoplastic Polyurethane),"{""H"": ""13"", ""W"": ""3.93"", ""D"": ""9.45""}",13 inches (H) x 3.93 inches (W) x 9.45 inches (D),Lightweight,Multiple Compartments,No Compartments or Pockets,Zip Closure,Adjustable Handle,2 x 2 Rib,Do Not Wash,imported,831550217453,,"{""Dimensions (Overall)"": ""13 inches (H) x 3.93 inches (W) x 9.45 inches (D)"", ""Shell Material"": ""TPU (Thermoplastic Polyurethane)"", ""Bag Structure"": ""Lightweight"", ""Interior Features"": ""Multiple Compartments"", ""Exterior Features"": ""No Compartments or Pockets"", ""Main Compartment Closure"": ""Zip Closure"", ""Handle Type"": ""Adjustable Handle"", ""Fabric Name"": ""2 x 2 Rib"", ""Care & Cleaning"": ""Do Not Wash"", ""TCIN"": ""1009254277"", ""UPC"": ""831550217453"", ""Origin"": ""imported""}",True,2026-02-23T00:47:23.024709
1009276831,Narwey Sparkly Diamond Evening Bag Clutch Purses for Women,https://www.target.com/p/narwey-sparkly-diamond-evening-bag-clutch-purses-for-women/-/A-1009276831#lnk=sametab,Narwey,"Target > Clothing, Shoes & Accessories > Accessories > Handbags & Purses > Shoulder Bags",Shoulder Bags,66.99,76.99,13.0,True,0.0,0,,False,,,https://target.scene7.com/is/image/Target/GUEST_7b5b740f-5b87-4736-be2c-9b5562147b01?wid=1200&hei=1200&qlt=85 | https://target.scene7.com/is/image/Target/GUEST_bb042c80-71a4-4c5f-a4e6-a221fca1907f?wid=1200&hei=1200&qlt=85 | https://target.scene7.com/is/image/Target/GUEST_2c7d226f-cb43-4ccb-bd8a-5d01d43eff25?wid=1200&hei=1200&qlt=85 | https://target.scene7.com/is/image/Target/GUEST_7faafb0e-fedb-4535-bb25-4b483e859138?wid=1200&hei=1200&qlt=85 | https://target.scene7.com/is/image/Target/GUEST_6eda10e0-cb78-4106-b650-d8ba7fe2b6c7?wid=1200&hei=1200&qlt=85,FEATURES; 3-in-1 STYLE; CAPACITY; OCCASION,,Polyester,"{""H"": ""4.33"", ""W"": ""5.91"", ""D"": ""6.69""}",4.33 inches (H) x 5.91 inches (W) x 6.69 inches (D),Lightweight,Multiple Compartments,No Compartments or Pockets,Drawstring Closure,Single handle,1 x 1 Rib,Dry Clean,imported,127785622859,,"{""Dimensions (Overall)"": ""4.33 inches (H) x 5.91 inches (W) x 6.69 inches (D)"", ""Shell Material"": ""Polyester"", ""Bag Structure"": ""Lightweight"", ""Interior Features"": ""Multiple Compartments"", ""Exterior Features"": ""No Compartments or Pockets"", ""Main Compartment Closure"": ""Drawstring Closure"", ""Handle Type"": ""Single handle"", ""Fabric Name"": ""1 x 1 Rib"", ""Care & Cleaning"": ""Dry Clean"", ""TCIN"": ""1009276831"", ""UPC"": ""127785622859"", ""Origin"": ""imported""}",True,2026-02-23T00:47:23.024709
1007925995,"Fault Leather Shoulder Purses lightweight Handbags Clutches with Zipper closure Brown 11.8""x 10.6” x 2.5”",https://www.target.com/p/fault-leather-shoulder-purses-lightweight-handbags-clutches-with-zipper-closure/-/A-1007925995?preselect=1007925999#lnk=sametab,Empire DigiLabs,"Target > Clothing, Shoes & Accessories > Accessories > Handbags & Purses > Shoulder Bags",Shoulder Bags,89.97,179.94,50.0,True,0.0,0,,False,"size11.8""x 10.6” x 2.5”",,https://target.scene7.com/is/image/Target/GUEST_9243fadb-159b-4b6a-aeef-799eac8fa23b?wid=1200&hei=1200&qlt=85 | https://target.scene7.com/is/image/Target/GUEST_c049e953-bce0-4232-9b47-ddcd06fe1e65?wid=1200&hei=1200&qlt=85 | https://target.scene7.com/is/image/Target/GUEST_c4ad9698-680c-4d35-911b-51bf0e0fc4e7?wid=1200&hei=1200&qlt=85 | https://target.scene7.com/is/image/Target/GUEST_812f58ac-a4f4-4937-b371-01776f597fc2?wid=1200&hei=1200&qlt=85 | https://target.scene7.com/is/image/Target/GUEST_f3546910-d2cb-4e40-b392-bba78c71d627?wid=1200&hei=1200&qlt=85,,,,{},,,,,,,,,,,,{},True,2026-02-23T00:47:23.024709
1007928342,Top-Handle Handbags PU Vegan Leather Satchel Purses for Women with Cute Pom Pom Khaki 8.8*12*5.5,https://www.target.com/p/top-handle-handbags-pu-vegan-leather-satchel-purses-for-women-with-cute-pom-pom/-/A-1007928342?preselect=1007928345#lnk=sametab,Empire DigiLabs,"Target > Clothing, Shoes & Accessories > Accessories > Handbags & Purses",Handbags & Purses,83.97,167.94,50.0,True,0.0,0,,False,size8.8*12*5.5,,https://target.scene7.com/is/image/Target/GUEST_9791d7fd-f655-42ab-92e4-8eb016d0b958?wid=1200&hei=1200&qlt=85 | https://target.scene7.com/is/image/Target/GUEST_9a65b405-5fa6-45b5-ae0c-662605f75368?wid=1200&hei=1200&qlt=85 | https://target.scene7.com/is/image/Target/GUEST_daf42d57-f36d-4a00-87f9-071e683b1301?wid=1200&hei=1200&qlt=85 | https://target.scene7.com/is/image/Target/GUEST_329761cc-4350-4fb1-b88e-6982586c40a5?wid=1200&hei=1200&qlt=85 | https://target.scene7.com/is/image/Target/GUEST_c50e7753-a42d-4812-bd51-6126af6956d7?wid=1200&hei=1200&qlt=85,,,Leather,"{""H"": ""8.8"", ""W"": ""12"", ""D"": ""5.5""}",8.8 inches (H) x 12 inches (W) x 5.5 inches (D),Structured,Multiple Compartments,Detachable Straps,Zip Closure,Top Carrying Handle,Faux Leather,Spot or Wipe Clean,imported,661309842236,,"{""Dimensions (Overall)"": ""8.8 inches (H) x 12 inches (W) x 5.5 inches (D)"", ""Shell Material"": ""Leather"", ""Bag Structure"": ""Structured"", ""Interior Features"": ""Multiple Compartments"", ""Exterior Features"": ""Detachable Straps"", ""Main Compartment Closure"": ""Zip Closure"", ""Handle Type"": ""Top Carrying Handle"", ""Fabric Name"": ""Faux Leather"", ""Care & Cleaning"": ""Spot or Wipe Clean"", ""TCIN"": ""1007928345"", ""UPC"": ""661309842236"", ""Origin"": ""imported""}",True,2026-02-23T00:47:23.024709
1009405710,"Narwey Small Purses for Women, Travel Purses Anti Theft Crossbody Bags",https://www.target.com/p/narwey-small-purses-for-women-travel-purses-anti-theft-crossbody-bags/-/A-1009405710#lnk=sametab,Narwey,"Target > Clothing, Shoes & Accessories > Accessories > Handbags & Purses > Crossbody & Messenger Bags",Crossbody & Messenger Bags,47.99,59.99,20.0,True,0.0,0,,False,,,https://target.scene7.com/is/image/Target/GUEST_d933bc4f-e9f8-4d27-981c-d12ebed295ce?wid=1200&hei=1200&qlt=85 | https://target.scene7.com/is/image/Target/GUEST_16290037-b736-4634-b3d2-7d0122291698?wid=1200&hei=1200&qlt=85 | https://target.scene7.com/is/image/Target/GUEST_b8d574e6-e9e5-4a35-8fe0-ce304c2a7860?wid=1200&hei=1200&qlt=85 | https://target.scene7.com/is/image/Target/GUEST_5241cdec-3405-407b-a773-87d81c192fab?wid=1200&hei=1200&qlt=85 | https://target.scene7.com/is/image/Target/GUEST_0dc5668a-b313-4f1a-8bd1-82aa8baea940?wid=1200&hei=1200&qlt=85,Crossbody Purse Bag; Safe Zipper Closure; Adjustable & Detachable Strap:; Great Practical Gifts,,,{},,,,,,,,,,,,{},True,2026-02-23T00:47:23.024709
1009348841,Narwey Quilted Crossbody Bags for Women RFID Vegan Leather Travel Purse Small Shoulder Handbags,https://www.target.com/p/narwey-quilted-crossbody-bags-for-women-rfid-vegan-leather-travel-purse-small-shoulder-handbags/-/A-1009348841#lnk=sametab,Narwey,"Target > Clothing, Shoes & Accessories > Accessories > Handbags & Purses > Crossbody & Messenger Bags",Crossbody & Messenger Bags,62.99,69.99,10.0,True,0.0,0,,False,,,https://target.scene7.com/is/image/Target/GUEST_eccc4fb0-d10a-4978-8910-c8108c04d4dc?wid=1200&hei=1200&qlt=85 | https://target.scene7.com/is/image/Target/GUEST_49e244fc-f460-44c0-bd2a-537586e405c1?wid=1200&hei=1200&qlt=85 | https://target.scene7.com/is/image/Target/GUEST_cc3f8633-03e6-4ce6-8418-4e53246a87b0?wid=1200&hei=1200&qlt=85 | https://target.scene7.com/is/image/Target/GUEST_d83e80d9-ba90-4d4c-968a-18cab65a5f31?wid=1200&hei=1200&qlt=85 | https://target.scene7.com/is/image/Target/GUEST_337afbfb-203d-4251-8969-4f2b364e3650?wid=1200&hei=1200&qlt=85,Functional Design; Built in RFID Blocking Wallet; Small & Lightweight; Ideal Choice for Everyday Bag,,,{},,,,,,,,,,,,{},True,2026-02-23T00:47:23.024709
1009257245,"Narwey Crossbody Purses for Women Trendy,Vegan Leather Medium Crossbody Bag",https://www.target.com/p/narwey-crossbody-purses-for-women-trendy-vegan-leather-medium-crossbody-bag/-/A-1009257245#lnk=sametab,Narwey,"Target > Clothing, Shoes & Accessories > Accessories > Handbags & Purses > Totes",Totes,70.99,80.99,12.3,True,0.0,0,,False,,,https://target.scene7.com/is/image/Target/GUEST_9757c907-64d5-4927-b55e-82924dd1d992?wid=1200&hei=1200&qlt=85 | https://target.scene7.com/is/image/Target/GUEST_cacf5815-de46-4480-a703-efba8cf87a50?wid=1200&hei=1200&qlt=85 | https://target.scene7.com/is/image/Target/GUEST_71926d79-1f56-4844-916d-bc514ac81f93?wid=1200&hei=1200&qlt=85 | https://target.scene7.com/is/image/Target/GUEST_5a71df2f-e9d8-49d8-906d-d8814a014594?wid=1200&hei=1200&qlt=85 | https://target.scene7.com/is/image/Target/GUEST_950725dc-c7ff-4f2d-8099-c0417c87274d?wid=1200&hei=1200&qlt=85,Soft Leather Crossbody Purse; Built-in RFID Wallet:Front RFID zippered wallet; Upgraded Version Wallet Purse:; Special Four-Compartment Design:Size,,,{},,,,,,,,,,,,{},True,2026-02-23T00:47:23.024709
1007882332,"Tote Bag for Women Western Cow Print Purse Designer Top Handle Handbags L Pink 16.3"" x 12.7"" x 4.5""",https://www.target.com/p/tote-bag-for-women-western-cow-print-purse-designer-top-handle-handbags/-/A-1007882332?preselect=1007882337#lnk=sametab,Empire DigiLabs,"Target > Clothing, Shoes & Accessories > Accessories > Handbags & Purses",Handbags & Purses,182.94,365.88,50.0,True,0.0,0,,False,"size16.3"" x 12.7"" x 4.5""",,https://target.scene7.com/is/image/Target/GUEST_9a586923-9c98-4b03-816b-468ed599e11d?wid=1200&hei=1200&qlt=85 | https://target.scene7.com/is/image/Target/GUEST_05736e2c-ce1d-4d9a-841f-7807d93298b7?wid=1200&hei=1200&qlt=85 | https://target.scene7.com/is/image/Target/GUEST_0bfe7bde-8096-48c8-a9ec-d0e657ddc921?wid=1200&hei=1200&qlt=85 | https://target.scene7.com/is/image/Target/GUEST_c21f663e-d470-4998-a97d-513bd048206c?wid=1200&hei=1200&qlt=85,,,Leather,"{""H"": ""12.7"", ""W"": ""16.3"", ""D"": ""4.5""}",12.7 inches (H) x 16.3 inches (W) x 4.5 inches (D),Structured,Multiple Compartments,Multiple Compartments,Zip Closure,Carrying Handle,Faux Leather,Spot or Wipe Clean,imported,661309870109,,"{""Dimensions (Overall)"": ""12.7 inches (H) x 16.3 inches (W) x 4.5 inches (D)"", ""Shell Material"": ""Leather"", ""Bag Structure"": ""Structured"", ""Interior Features"": ""Multiple Compartments"", ""Exterior Features"": ""Multiple Compartments"", ""Main Compartment Closure"": ""Zip Closure"", ""Handle Type"": ""Carrying Handle"", ""Fabric Name"": ""Faux Leather"", ""Care & Cleaning"": ""Spot or Wipe Clean"", ""TCIN"": ""1007882337"", ""UPC"": ""661309870109"", ""Origin"": ""imported""}",True,2026-02-23T00:48:14.633293
1006825093,"AI ACCESSORY INNOVATIONS The Grinch Mini Cosplay PU Backpack Purse, Shoulder Bag with Epoxy Filled Metal Max Charm, 10.5 Inch",https://www.target.com/p/ai-accessory-innovations-the-grinch-mini-cosplay-pu-backpack-purse-shoulder-bag-with-epoxy-filled-metal-max-charm-10-5-inch/-/A-1006825093#lnk=sametab,The Grinch,"Target > Clothing, Shoes & Accessories > Accessories > Handbags & Purses > Mini Bags",Mini Bags,0.0,0.0,0.0,False,5.0,1,,False,,,https://target.scene7.com/is/image/Target/GUEST_67bc1017-6c81-45cb-a647-c38d1827e6be?wid=1200&hei=1200&qlt=85 | https://target.scene7.com/is/image/Target/GUEST_ebbd966e-fa89-4805-94b9-2880d64ec6f1?wid=1200&hei=1200&qlt=85 | https://target.scene7.com/is/image/Target/GUEST_85e6bff9-6430-4870-9e6d-427ca56c153e?wid=1200&hei=1200&qlt=85 | https://target.scene7.com/is/image/Target/GUEST_023c37ca-8e9b-43f0-86f6-2beda95b06d9?wid=1200&hei=1200&qlt=85 | https://target.scene7.com/is/image/Target/GUEST_2d5434c5-c4d9-4349-843c-d82691970041?wid=1200&hei=1200&qlt=85,,,Polyester,"{""H"": ""3"", ""W"": ""3"", ""D"": ""3""}",3 inches (H) x 3 inches (W) x 3 inches (D),Structured,Zip Pocket,Zip Pocket,Zip Closure,Loop Handle,Woven,Hand Wash,imported,198849014736,,"{""Dimensions (Overall)"": ""3 inches (H) x 3 inches (W) x 3 inches (D)"", ""Shell Material"": ""Polyester"", ""Bag Structure"": ""Structured"", ""Interior Features"": ""Zip Pocket"", ""Exterior Features"": ""Zip Pocket"", ""Main Compartment Closure"": ""Zip Closure"", ""Handle Type"": ""Loop Handle"", ""Fabric Name"": ""Woven"", ""Care & Cleaning"": ""Hand Wash"", ""TCIN"": ""1006825093"", ""UPC"": ""198849014736"", ""Origin"": ""imported""}",True,2026-02-23T00:48:14.633293
1002176836,C&F Home Sonnet Quilted Twin Straps Purse,https://www.target.com/p/c-f-home-sonnet-quilted-twin-straps-purse/-/A-1002176836#lnk=sametab,C&F Home,"Target > Clothing, Shoes & Accessories > Accessories > Handbags & Purses",Handbags & Purses,25.99,57.19,54.6,True,0.0,0,,False,,,https://target.scene7.com/is/image/Target/GUEST_6dcc2e24-0d36-47c3-a307-9b0816af104e?wid=1200&hei=1200&qlt=85 | https://target.scene7.com/is/image/Target/GUEST_dc16c666-aa5c-49bc-8fc9-c7078dbbf635?wid=1200&hei=1200&qlt=85,"100% Quilted Cotton; C&F Home strives to provide exceptional, high-quality products to fit every style",,Cotton,"{""H"": ""13.5"", ""W"": ""4.5"", ""D"": ""13.5""}",13.5 inches (H) x 4.5 inches (W) x 13.5 inches (D),Softside,No Compartments or Pockets,No Compartments or Pockets,Zip Closure,Cotton,Woven,Spot or Wipe Clean,imported,008246322214,,"{""Dimensions (Overall)"": ""13.5 inches (H) x 4.5 inches (W) x 13.5 inches (D)"", ""Shell Material"": ""Cotton"", ""Bag Structure"": ""Softside"", ""Interior Features"": ""No Compartments or Pockets"", ""Exterior Features"": ""No Compartments or Pockets"", ""Main Compartment Closure"": ""Zip Closure"", ""Handle Type"": ""Shoulder Strap"", ""Fabric Name"": ""Woven"", ""Handle Material"": ""Cotton"", ""Industry or Government Certifications"": ""Meets ASTM Standards"", ""Fits Laptop"": ""No Laptop Pocket"", ""Battery"": ""No Battery Used"", ""Care & Cleaning"": ""Spot or Wipe Clean"", ""TCIN"": ""1002176836"", ""UPC"": ""008246322214"", ""Origin"": ""imported""}",True,2026-02-23T00:48:14.633293
1007903477,Women Tote Bags Ladies Satchel Shoulder Bag Retro Top Handle Hobo Purse Khaki001 10.23*5.1*8.26,https://www.target.com/p/women-tote-bags-ladies-satchel-shoulder-bag-retro-top-handle-hobo-purse/-/A-1007903477?preselect=1007903476#lnk=sametab,Empire DigiLabs,"Target > Clothing, Shoes & Accessories > Accessories > Handbags & Purses",Handbags & Purses,89.97,179.94,50.0,True,0.0,0,,False,size10.23*5.1*8.26,,https://target.scene7.com/is/image/Target/GUEST_c944ce35-ac56-4040-bed5-ff7267378a1b?wid=1200&hei=1200&qlt=85 | https://target.scene7.com/is/image/Target/GUEST_58e55e12-ae22-4582-8102-7761d7d238d8?wid=1200&hei=1200&qlt=85 | https://target.scene7.com/is/image/Target/GUEST_49834f75-92c1-42c8-919d-3460d3541264?wid=1200&hei=1200&qlt=85 | https://target.scene7.com/is/image/Target/GUEST_2a83d72e-d2d8-45d3-8c2d-57bba1e9fd99?wid=1200&hei=1200&qlt=85 | https://target.scene7.com/is/image/Target/GUEST_b4650f45-8f2b-4fc3-bc4c-7c015802d4c1?wid=1200&hei=1200&qlt=85,,,Leather,"{""H"": ""8.26"", ""W"": ""10.24"", ""D"": ""5.1""}",8.26 inches (H) x 10.24 inches (W) x 5.1 inches (D),Structured,Multiple Compartments,Detachable Straps,Zip Closure,Top Carrying Handle,Faux Leather,Spot or Wipe Clean,imported,661309872721,,"{""Dimensions (Overall)"": ""8.26 inches (H) x 10.24 inches (W) x 5.1 inches (D)"", ""Shell Material"": ""Leather"", ""Bag Structure"": ""Structured"", ""Interior Features"": ""Multiple Compartments"", ""Exterior Features"": ""Detachable Straps"", ""Main Compartment Closure"": ""Zip Closure"", ""Handle Type"": ""Top Carrying Handle"", ""Fabric Name"": ""Faux Leather"", ""Care & Cleaning"": ""Spot or Wipe Clean"", ""TCIN"": ""1007903476"", ""UPC"": ""661309872721"", ""Origin"": ""imported""}",True,2026-02-23T00:48:14.633293
1009536357,"Narwey Small Crossbody Bags for Women, Lightweight Vegan Leather Cell Phone Purse",https://www.target.com/p/narwey-small-crossbody-bags-for-women-lightweight-vegan-leather-cell-phone-purse/-/A-1009536357#lnk=sametab,Narwey,"Target > Clothing, Shoes & Accessories > Accessories > Handbags & Purses > Shoulder Bags",Shoulder Bags,41.99,0.0,0.0,False,0.0,0,,False,,,https://target.scene7.com/is/image/Target/GUEST_7f3d2f9d-fd9c-4a2a-a9b1-5f41688bf5d5?wid=1200&hei=1200&qlt=85 | https://target.scene7.com/is/image/Target/GUEST_195ce359-b796-4900-845e-a9ad10a886fd?wid=1200&hei=1200&qlt=85 | https://target.scene7.com/is/image/Target/GUEST_2978cb4a-6147-40aa-b9db-d27cb2cf8539?wid=1200&hei=1200&qlt=85 | https://target.scene7.com/is/image/Target/GUEST_5f999f1f-bd3d-473e-a99f-07d4bde8c464?wid=1200&hei=1200&qlt=85 | https://target.scene7.com/is/image/Target/GUEST_be992faf-8ddb-4895-8f7a-c7d356ce9eda?wid=1200&hei=1200&qlt=85,"Upgraded Phone Purse; Front Phone Pocket Convenience; Spacious & Organized Design; Dimensions: Measuring 4.5"" (L) x 1.4"" (W) x 7.3"" (H)",,TPU (Thermoplastic Polyurethane),"{""H"": ""4.53"", ""W"": ""1.38"", ""D"": ""7.28""}",4.53 inches (H) x 1.38 inches (W) x 7.28 inches (D),Dome,Multiple Compartments,Adjustable Shoulder Strap,Button Closure,Adjustable Shoulder Strap,2 x 2 Rib,Do Not Wash,imported,986883978912,,"{""Dimensions (Overall)"": ""4.53 inches (H) x 1.38 inches (W) x 7.28 inches (D)"", ""Shell Material"": ""TPU (Thermoplastic Polyurethane)"", ""Bag Structure"": ""Dome"", ""Interior Features"": ""Multiple Compartments"", ""Exterior Features"": ""Adjustable Shoulder Strap"", ""Main Compartment Closure"": ""Button Closure"", ""Handle Type"": ""Adjustable Shoulder Strap"", ""Fabric Name"": ""2 x 2 Rib"", ""Care & Cleaning"": ""Do Not Wash"", ""TCIN"": ""1009536357"", ""UPC"": ""986883978912"", ""Origin"": ""imported""}",True,2026-02-23T00:48:14.633293
1009504597,Narwey Large Sling Bag for Women Crossbody Purse Leather Fashionable,https://www.target.com/p/narwey-large-sling-bag-for-women-crossbody-purse-leather-fashionable/-/A-1009504597#lnk=sametab,Narwey,"Target > Clothing, Shoes & Accessories > Accessories > Handbags & Purses > Crossbody & Messenger Bags",Crossbody & Messenger Bags,70.99,89.99,21.1,True,0.0,0,,False,,,https://target.scene7.com/is/image/Target/GUEST_7ee2e113-11f1-46b5-b44e-b7737f7029b2?wid=1200&hei=1200&qlt=85 | https://target.scene7.com/is/image/Target/GUEST_257f8cbe-41dd-4390-8bcf-e0bfd6d6760c?wid=1200&hei=1200&qlt=85 | https://target.scene7.com/is/image/Target/GUEST_a2c07af8-65b8-479c-8c0f-3c9f18e829a4?wid=1200&hei=1200&qlt=85 | https://target.scene7.com/is/image/Target/GUEST_be95f1f2-fc5c-454c-84b1-56f1905352be?wid=1200&hei=1200&qlt=85 | https://target.scene7.com/is/image/Target/GUEST_1d67eab2-8fd5-4f26-9db7-ef8572c67ea6?wid=1200&hei=1200&qlt=85,Dimensions:; Spacious and Versatile; High-Quality Material; Versatile and Hands-Free,,Leather,"{""H"": ""11.8"", ""W"": ""11.8"", ""D"": ""3.5""}",11.8 inches (H) x 11.8 inches (W) x 3.5 inches (D),Lightweight,Multiple Compartments,Zip Pocket,Zip Closure,Shoulder Strap,1 x 1 Rib,Spot or Wipe Clean,imported,953526368645,,"{""Dimensions (Overall)"": ""11.8 inches (H) x 11.8 inches (W) x 3.5 inches (D)"", ""Shell Material"": ""Leather"", ""Bag Structure"": ""Lightweight"", ""Interior Features"": ""Multiple Compartments"", ""Exterior Features"": ""Zip Pocket"", ""Main Compartment Closure"": ""Zip Closure"", ""Handle Type"": ""Shoulder Strap"", ""Fabric Name"": ""1 x 1 Rib"", ""Care & Cleaning"": ""Spot or Wipe Clean"", ""TCIN"": ""1009504597"", ""UPC"": ""953526368645"", ""Origin"": ""imported""}",True,2026-02-23T00:48:14.633293
1009442893,"Narwey Leather Crossbody Bags for Women Trendy, Small Purses Handbags",https://www.target.com/p/narwey-leather-crossbody-bags-for-women-trendy-small-purses-handbags/-/A-1009442893#lnk=sametab,Narwey,"Target > Clothing, Shoes & Accessories > Accessories > Handbags & Purses > Shoulder Bags",Shoulder Bags,93.99,99.99,6.0,True,0.0,0,,False,,,https://target.scene7.com/is/image/Target/GUEST_7037aab2-ca96-4867-82e4-9670db63028e?wid=1200&hei=1200&qlt=85 | https://target.scene7.com/is/image/Target/GUEST_b1fa8fb0-c532-4f1f-87c7-973fd15fa8f0?wid=1200&hei=1200&qlt=85 | https://target.scene7.com/is/image/Target/GUEST_b1242ef4-468a-432c-a3f9-dd8e4241a1ca?wid=1200&hei=1200&qlt=85 | https://target.scene7.com/is/image/Target/GUEST_568de0a3-61ed-4c31-ae07-6f6606da7bca?wid=1200&hei=1200&qlt=85 | https://target.scene7.com/is/image/Target/GUEST_46ff60e8-870e-45a5-8938-5950fe90d07a?wid=1200&hei=1200&qlt=85,GENUINE LEATHER; ADJUSTABLE STRAPS; ORGANIZED STRUCTURE; IDEAL CHOICE,,Leather,"{""H"": ""3.4"", ""W"": ""6.7"", ""D"": ""9.1""}",3.4 inches (H) x 6.7 inches (W) x 9.1 inches (D),Lightweight,Multiple Compartments,No Compartments or Pockets,Zip Closure,Shoulder Strap,1 x 1 Rib,Spot or Wipe Clean,imported,844986219953,,"{""Dimensions (Overall)"": ""3.4 inches (H) x 6.7 inches (W) x 9.1 inches (D)"", ""Shell Material"": ""Leather"", ""Bag Structure"": ""Lightweight"", ""Interior Features"": ""Multiple Compartments"", ""Exterior Features"": ""No Compartments or Pockets"", ""Main Compartment Closure"": ""Zip Closure"", ""Handle Type"": ""Shoulder Strap"", ""Fabric Name"": ""1 x 1 Rib"", ""Care & Cleaning"": ""Spot or Wipe Clean"", ""TCIN"": ""1009442893"", ""UPC"": ""844986219953"", ""Origin"": ""imported""}",True,2026-02-23T00:48:14.633293
1003311462,"Slickblue Mobile Phone Pouch with Handle, Faux Leather, Clutch Purse, Colorblock Style, 5.7""x3.3"", Blue",https://www.target.com/p/slickblue-mobile-phone-pouch-with-handle-faux-leather-clutch-purse-colorblock-style-5-7-x3-3-color-options/-/A-1003311462?preselect=1003311465#lnk=sametab,Slickblue,"Target > Clothing, Shoes & Accessories > Accessories > Handbags & Purses > Clutches",Clutches,25.99,0.0,0.0,False,0.0,0,,False,blue,,https://target.scene7.com/is/image/Target/GUEST_17819d8d-31cd-4bf2-9bcd-574e86c99422?wid=1200&hei=1200&qlt=85 | https://target.scene7.com/is/image/Target/GUEST_2210ec9d-cd67-4c61-94aa-63a4f9d0ad10?wid=1200&hei=1200&qlt=85 | https://target.scene7.com/is/image/Target/GUEST_1436d1a9-3f01-415f-bf7c-f6be12ab2487?wid=1200&hei=1200&qlt=85 | https://target.scene7.com/is/image/Target/GUEST_9567013d-3072-4d53-8b67-8cb63f85670e?wid=1200&hei=1200&qlt=85 | https://target.scene7.com/is/image/Target/GUEST_c40cba80-1232-47ac-be69-80794f9c6a1a?wid=1200&hei=1200&qlt=85 | https://target.scene7.com/is/image/Target/GUEST_92fa6b21-77bf-4e84-8451-bdc39cc16db7?wid=1200&hei=1200&qlt=85 | https://target.scene7.com/is/image/Target/GUEST_293647d4-4221-4e9d-8ab2-1db6c230a748?wid=1200&hei=1200&qlt=85 | https://target.scene7.com/is/image/Target/GUEST_22d15ba6-5a39-4ca7-b3d9-b98769a18c4d?wid=1200&hei=1200&qlt=85 | https://target.scene7.com/is/image/Target/GUEST_3932a4cb-9e40-4a35-933c-16c3ff1ffe53?wid=1200&hei=1200&qlt=85,"Fits most standard-size mobile phones; Available in Green, Yellow, Pink, Blue, Orange, Black, Rose Red Color Options; Compact size for pockets and handbags; Great for cards, cash, small accessories; Faux leather design with soft texture; Oval handles make it easy to carry; Ideal for casual use or quick outings; Easy to match with everyday outfits; Lightweight option for daily convenience",,Polyurethane,"{""H"": "".3"", ""W"": ""3.3"", ""D"": ""5.7""}",.3 inches (H) x 3.3 inches (W) x 5.7 inches (D),Pouch,Cell Phone Pocket,No Compartments or Pockets,Zip Closure,Wrist Strap,Faux Leather,Care Instructions Not Provided,imported,639195996302,,"{""Dimensions (Overall)"": "".3 inches (H) x 3.3 inches (W) x 5.7 inches (D)"", ""Shell Material"": ""Polyurethane"", ""Bag Structure"": ""Pouch"", ""Interior Features"": ""Cell Phone Pocket"", ""Exterior Features"": ""No Compartments or Pockets"", ""Main Compartment Closure"": ""Zip Closure"", ""Handle Type"": ""Wrist Strap"", ""Fabric Name"": ""Faux Leather"", ""Care & Cleaning"": ""Care Instructions Not Provided"", ""TCIN"": ""1003311465"", ""UPC"": ""639195996302"", ""Origin"": ""imported""}",True,2026-02-23T00:48:14.633293
1002293239,Crown & Ivy Purse | The Lakeside Collection,https://www.target.com/p/the-lakeside-collection-crown-ivy-handbag/-/A-1002293239#lnk=sametab,Lakeside,"Target > Clothing, Shoes & Accessories > Accessories > Handbags & Purses > Totes",Totes,37.05,0.0,0.0,False,5.0,2,,False,,,https://target.scene7.com/is/image/Target/GUEST_dd15fb14-0e3f-4c41-b77f-f8e3286eae11?wid=1200&hei=1200&qlt=85 | https://target.scene7.com/is/image/Target/GUEST_a21c43a7-c724-4ed2-b0ea-185254765754?wid=1200&hei=1200&qlt=85 | https://target.scene7.com/is/image/Target/GUEST_2d97ee16-de9e-4987-a871-3d93aee69740?wid=1200&hei=1200&qlt=85 | https://target.scene7.com/is/image/Target/GUEST_709458b1-9435-45a7-a74d-b3f1bb3d585e?wid=1200&hei=1200&qlt=85 | https://target.scene7.com/is/image/Target/GUEST_329af81e-e58d-46e6-966a-53e4f8f1f23a?wid=1200&hei=1200&qlt=85 | https://target.scene7.com/is/image/Target/GUEST_537c73cc-eb3d-498f-afb6-612e79085160?wid=1200&hei=1200&qlt=85,"Stylish and Functional Design: The Crown Ivy Handbag seamlessly blends style with functionality, featuring a zippered main compartment and additional interior pockets to keep your essentials organized and easily accessible.; Chic Interior Detailing: The handbag boasts a playful blue and white striped interior, adding a touch of elegance and fun to your everyday routine, making it a standout accessory.; Versatile Carrying Options: Designed with a versatile handle, this handbag can be comfortably carried under your arm, providing convenience and comfort for busy women on the go.; Durable Polyester Construction: Made from high-quality polyester, this handbag ensures durability and longevity, making it a reliable choice for daily use.; Perfect Size for Everyday Use: With dimensions of 14""""W x 6""""D x 21""""H and strap length of 9-1/4"""", this handbag offers ample space for your belongings while maintaining a sleek and manageable size.",,Polyester,"{""H"": ""5.25"", ""W"": ""11.0"", ""D"": ""5.25""}",5.25 inches (H) x 11.0 inches (W) x 5.25 inches (D),Softside,No Compartments or Pockets,No Compartments or Pockets,Zip Closure,Single handle,Pressed or Molded,Machine Wash,made in the USA,605398295603,,"{""Dimensions (Overall)"": ""5.25 inches (H) x 11.0 inches (W) x 5.25 inches (D)"", ""Shell Material"": ""Polyester"", ""Bag Structure"": ""Softside"", ""Interior Features"": ""No Compartments or Pockets"", ""Exterior Features"": ""No Compartments or Pockets"", ""Main Compartment Closure"": ""Zip Closure"", ""Handle Type"": ""Single handle"", ""Fabric Name"": ""Pressed or Molded"", ""Battery"": ""Alkaline, No Battery Used"", ""Care & Cleaning"": ""Machine Wash"", ""TCIN"": ""1002293239"", ""UPC"": ""605398295603"", ""Origin"": ""made in the USA""}",True,2026-02-23T00:48:14.633792
93997096,"CTM Women's Western Leather Cow Print Crossbody Purse, Toffee",https://www.target.com/p/ili-women-s-western-leather-cow-print-crossbody-purse/-/A-93997096?preselect=93997097#lnk=sametab,CTM,"Target > Clothing, Shoes & Accessories > Accessories > Handbags & Purses > Crossbody & Messenger Bags",Crossbody & Messenger Bags,79.0,99.0,20.2,True,0.0,0,,False,toffee,,https://target.scene7.com/is/image/Target/GUEST_29ad7d63-2595-4965-b91e-de665e2ca7ea?wid=1200&hei=1200&qlt=85 | https://target.scene7.com/is/image/Target/GUEST_5e8a68f3-2c2a-418e-8391-83cbc750ec54?wid=1200&hei=1200&qlt=85 | https://target.scene7.com/is/image/Target/GUEST_e679bcc3-d2fe-4d0c-8c9b-e98907ec8f7f?wid=1200&hei=1200&qlt=85 | https://target.scene7.com/is/image/Target/GUEST_d682673f-56a0-47f4-b9a1-ab0dbfdb01b6?wid=1200&hei=1200&qlt=85 | https://target.scene7.com/is/image/Target/GUEST_a1706cd0-63ea-45f1-a716-5340f811ff71?wid=1200&hei=1200&qlt=85 | https://target.scene7.com/is/image/Target/GUEST_84870129-8208-4ced-9fd3-227e1e0015e1?wid=1200&hei=1200&qlt=85,Measures 6 x 7.5 x 1.5 inches; Made of 100% Leather; Asymmetrical Cow Hide Flap; Zippered Closure with RFID blocking capabilities; Crossbody Strap 28 in.,,Plastic,"{""H"": ""2.0"", ""W"": ""8.0"", ""D"": ""9.0"", ""Maximum Strap Length"": ""28 inches""}",2.0 inches (H) x 8.0 inches (W) x 9.0 inches (D),Softside,Zip Pocket,Back Pocket,Flap Closure,Plastic,Woven,Spot or Wipe Clean,imported,191362276520,,"{""Dimensions (Overall)"": ""2.0 inches (H) x 8.0 inches (W) x 9.0 inches (D)"", ""Shell Material"": ""Leather"", ""Bag Structure"": ""Softside"", ""Interior Features"": ""Zip Pocket"", ""Exterior Features"": ""Back Pocket"", ""Main Compartment Closure"": ""Flap Closure"", ""Handle Type"": ""Adjustable Shoulder Strap"", ""Fabric Name"": ""Woven"", ""Handle Material"": ""Plastic"", ""Maximum Strap Length"": ""28 inches"", ""Care & Cleaning"": ""Spot or Wipe Clean"", ""TCIN"": ""93997097"", ""UPC"": ""191362276520"", ""Origin"": ""imported""}",True,2026-02-23T00:48:14.633792
1009443611,Narwey Small crossbody bags for women RFID Phone Wallet Purse Wristlet Clucth Handbag Laether,https://www.target.com/p/narwey-small-crossbody-bags-for-women-rfid-phone-wallet-purse-wristlet-clucth-handbag-laether/-/A-1009443611#lnk=sametab,Narwey,"Target > Clothing, Shoes & Accessories > Accessories > Handbags & Purses > Crossbody & Messenger Bags",Crossbody & Messenger Bags,48.29,59.99,19.5,True,0.0,0,,False,,,https://target.scene7.com/is/image/Target/GUEST_bd91e428-0b30-49f2-b0ef-68c2f5985917?wid=1200&hei=1200&qlt=85 | https://target.scene7.com/is/image/Target/GUEST_3d5dacee-b511-4544-a382-7b225c8c346e?wid=1200&hei=1200&qlt=85 | https://target.scene7.com/is/image/Target/GUEST_f604c137-83a3-4546-955a-ea3f79780738?wid=1200&hei=1200&qlt=85 | https://target.scene7.com/is/image/Target/GUEST_8a39f08c-c5fb-4599-9061-2843b8994b78?wid=1200&hei=1200&qlt=85 | https://target.scene7.com/is/image/Target/GUEST_78e13d63-a330-492a-850a-84d7c81d29dd?wid=1200&hei=1200&qlt=85,leather; ALL IN ONE CROSSBODY PURSE; RFID BLOCKING; Dimensions; MULTIPURPOSE,,Polyester,"{""H"": ""4"", ""W"": ""2.5"", ""D"": ""7.5""}",4 inches (H) x 2.5 inches (W) x 7.5 inches (D),Lightweight,No Compartments or Pockets,No Compartments or Pockets,Zip Closure,No Handles or Straps,Novelty,Do Not Wash,imported,841177685146,,"{""Dimensions (Overall)"": ""4 inches (H) x 2.5 inches (W) x 7.5 inches (D)"", ""Shell Material"": ""Polyester"", ""Bag Structure"": ""Lightweight"", ""Interior Features"": ""No Compartments or Pockets"", ""Exterior Features"": ""No Compartments or Pockets"", ""Main Compartment Closure"": ""Zip Closure"", ""Handle Type"": ""No Handles or Straps"", ""Fabric Name"": ""Novelty"", ""Care & Cleaning"": ""Do Not Wash"", ""TCIN"": ""1009443611"", ""UPC"": ""841177685146"", ""Origin"": ""imported""}",True,2026-02-23T00:48:14.633792
1007903292,Wallet for Women Clutch RFID Blocking Wristlet Leather Purse Large Capacity Credit Card Holder A10 Retro Light Pink-1 7.87 * 4.33 * 1.57,https://www.target.com/p/wallet-for-women-clutch-rfid-blocking-wristlet-leather-purse-large-capacity-credit-card-holder/-/A-1007903292?preselect=1007903295#lnk=sametab,Empire DigiLabs,"Target > Clothing, Shoes & Accessories > Accessories > Handbags & Purses > Clutches",Clutches,74.97,149.94,50.0,True,0.0,0,,False,size7.87 * 4.33 * 1.57,,https://target.scene7.com/is/image/Target/GUEST_049ebfe6-458b-4879-aa17-92b9226f82e7?wid=1200&hei=1200&qlt=85 | https://target.scene7.com/is/image/Target/GUEST_e82d9a2e-e16e-4a07-bef0-f598755eb528?wid=1200&hei=1200&qlt=85 | https://target.scene7.com/is/image/Target/GUEST_172bb694-edf1-4224-ad4a-eb67cd9f29e8?wid=1200&hei=1200&qlt=85 | https://target.scene7.com/is/image/Target/GUEST_e80505dc-7d42-44d0-95f3-a48446adee6f?wid=1200&hei=1200&qlt=85 | https://target.scene7.com/is/image/Target/GUEST_9c51f0ac-e5f6-4df8-ad5f-4399cdae64ab?wid=1200&hei=1200&qlt=85,,,Leather,"{""H"": ""4.33"", ""W"": ""7.87"", ""D"": ""1.57""}",4.33 inches (H) x 7.87 inches (W) x 1.57 inches (D),Structured,Multiple Compartments,No Compartments or Pockets,Zip Closure,Wrist Strap,Faux Leather,Spot or Wipe Clean,imported,661309874794,,"{""Dimensions (Overall)"": ""4.33 inches (H) x 7.87 inches (W) x 1.57 inches (D)"", ""Shell Material"": ""Leather"", ""Bag Structure"": ""Structured"", ""Interior Features"": ""Multiple Compartments"", ""Exterior Features"": ""No Compartments or Pockets"", ""Main Compartment Closure"": ""Zip Closure"", ""Handle Type"": ""Wrist Strap"", ""Fabric Name"": ""Faux Leather"", ""Care & Cleaning"": ""Spot or Wipe Clean"", ""TCIN"": ""1007903295"", ""UPC"": ""661309874794"", ""Origin"": ""imported""}",True,2026-02-23T00:48:14.633792
1009305127,"Narwey Clear Purse,Clear Bag For Stadium Events,Stadium Approved Crossbody Bag Purses for Women with Adjustable Strap",https://www.target.com/p/narwey-clear-purse-clear-bag-for-stadium-events-stadium-approved-crossbody-bag-purses-for-women-with-adjustable-strap/-/A-1009305127#lnk=sametab,Narwey,"Target > Clothing, Shoes & Accessories > Accessories > Handbags & Purses > Shoulder Bags",Shoulder Bags,54.99,57.99,5.2,True,0.0,0,,False,,,https://target.scene7.com/is/image/Target/GUEST_6fc7c3b5-2a1f-491b-9106-4afe0a8639c2?wid=1200&hei=1200&qlt=85 | https://target.scene7.com/is/image/Target/GUEST_9aca50ed-fc99-4fdd-a9ed-d17c2be44a4a?wid=1200&hei=1200&qlt=85 | https://target.scene7.com/is/image/Target/GUEST_dc250019-d3c4-42df-a8b3-861d3c695f83?wid=1200&hei=1200&qlt=85 | https://target.scene7.com/is/image/Target/GUEST_311d73bd-466d-4b59-92c6-f3f860e0a7a4?wid=1200&hei=1200&qlt=85 | https://target.scene7.com/is/image/Target/GUEST_bf8d14e5-fe44-4464-98bc-a0940dc543cf?wid=1200&hei=1200&qlt=85,transparent bag; shoulder bag; Ready-to-Gift,,PVC (Polyvinyl Chloride),"{""H"": ""3.9"", ""W"": ""9.4"", ""D"": ""9.1""}",3.9 inches (H) x 9.4 inches (W) x 9.1 inches (D),Lightweight,No Compartments or Pockets,No Compartments or Pockets,Zip Closure,No Handles or Straps,Novelty,Do Not Wash,imported,352274284014,,"{""Dimensions (Overall)"": ""3.9 inches (H) x 9.4 inches (W) x 9.1 inches (D)"", ""Shell Material"": ""PVC (Polyvinyl Chloride)"", ""Bag Structure"": ""Lightweight"", ""Interior Features"": ""No Compartments or Pockets"", ""Exterior Features"": ""No Compartments or Pockets"", ""Main Compartment Closure"": ""Zip Closure"", ""Handle Type"": ""No Handles or Straps"", ""Fabric Name"": ""Novelty"", ""Care & Cleaning"": ""Do Not Wash"", ""TCIN"": ""1009305127"", ""UPC"": ""352274284014"", ""Origin"": ""imported""}",True,2026-02-23T00:48:14.633792
1009535791,Narwey Crossbody Purses for Women Lightweight Small Travel Bag Shoulder,https://www.target.com/p/narwey-crossbody-purses-for-women-lightweight-small-travel-bag-shoulder/-/A-1009535791#lnk=sametab,Narwey,"Target > Clothing, Shoes & Accessories > Accessories > Handbags & Purses > Shoulder Bags",Shoulder Bags,48.99,55.99,12.5,True,0.0,0,,False,,,https://target.scene7.com/is/image/Target/GUEST_d319f344-b2f2-4d8f-bbb0-9bca745fe028?wid=1200&hei=1200&qlt=85 | https://target.scene7.com/is/image/Target/GUEST_46dd0e24-b10f-4dd8-8fda-ddf2a6920d43?wid=1200&hei=1200&qlt=85 | https://target.scene7.com/is/image/Target/GUEST_dcde5e77-e869-4535-9730-8b60aa0805f9?wid=1200&hei=1200&qlt=85 | https://target.scene7.com/is/image/Target/GUEST_ae52f900-6e9b-427c-843c-ed91c37be493?wid=1200&hei=1200&qlt=85 | https://target.scene7.com/is/image/Target/GUEST_46886aa2-cbcb-4b16-aa51-a514aa2c3b69?wid=1200&hei=1200&qlt=85,Dimension and material; Small But Roomy; Multiple Carrying Options; Widly Use,,30% Recycled Nylon,"{""H"": ""8.5"", ""W"": ""1.5"", ""D"": ""9""}",8.5 inches (H) x 1.5 inches (W) x 9 inches (D),Dome,Multiple Compartments,Adjustable Shoulder Strap,Zip Closure,Adjustable Shoulder Strap,1 x 1 Rib,Clean With Water,imported,986883978929,,"{""Dimensions (Overall)"": ""8.5 inches (H) x 1.5 inches (W) x 9 inches (D)"", ""Shell Material"": ""30% Recycled Nylon"", ""Bag Structure"": ""Dome"", ""Interior Features"": ""Multiple Compartments"", ""Exterior Features"": ""Adjustable Shoulder Strap"", ""Main Compartment Closure"": ""Zip Closure"", ""Handle Type"": ""Adjustable Shoulder Strap"", ""Fabric Name"": ""1 x 1 Rib"", ""Care & Cleaning"": ""Clean With Water"", ""TCIN"": ""1009535791"", ""UPC"": ""986883978929"", ""Origin"": ""imported""}",True,2026-02-23T00:48:14.633792
1009216480,"Narwey Triple Zip Small Crossbody Bag Lightweight Purses Vegan Leather Wristlet Clutch,(Gold)",https://www.target.com/p/narwey-triple-zip-small-crossbody-bag-lightweight-purses-vegan-leather-wristlet-clutch-gold/-/A-1009216480#lnk=sametab,Narwey,"Target > Clothing, Shoes & Accessories > Accessories > Handbags & Purses > Crossbody & Messenger Bags",Crossbody & Messenger Bags,39.99,0.0,0.0,False,0.0,0,,False,,,https://target.scene7.com/is/image/Target/GUEST_e4ee84dd-f36f-4922-a464-53f155a9f866?wid=1200&hei=1200&qlt=85 | https://target.scene7.com/is/image/Target/GUEST_8e9f8b35-0eec-441a-92bc-89dcbf1b03f4?wid=1200&hei=1200&qlt=85 | https://target.scene7.com/is/image/Target/GUEST_0815105d-8e2b-4132-8ef5-2d426f753ee8?wid=1200&hei=1200&qlt=85 | https://target.scene7.com/is/image/Target/GUEST_e2951f39-0a60-445c-ad99-c7eaf760dcbf?wid=1200&hei=1200&qlt=85 | https://target.scene7.com/is/image/Target/GUEST_4fd83cf2-b045-4db7-a7e8-f71a3889cc72?wid=1200&hei=1200&qlt=85,HIGH QUALITY MATERIAL; LADIES HANDBAG SIZE; EXQUISITE INTERNAL STRUCTURE; FASHION & CASUAL PURSE,,TPU (Thermoplastic Polyurethane),"{""H"": ""9.06"", ""W"": ""1.38"", ""D"": ""5.5""}",9.06 inches (H) x 1.38 inches (W) x 5.5 inches (D),Lightweight,Multiple Compartments,No Compartments or Pockets,Zip Closure,Single handle,2 x 2 Rib,Hand Wash,imported,181626312347,,"{""Dimensions (Overall)"": ""9.06 inches (H) x 1.38 inches (W) x 5.5 inches (D)"", ""Shell Material"": ""TPU (Thermoplastic Polyurethane)"", ""Bag Structure"": ""Lightweight"", ""Interior Features"": ""Multiple Compartments"", ""Exterior Features"": ""No Compartments or Pockets"", ""Main Compartment Closure"": ""Zip Closure"", ""Handle Type"": ""Single handle"", ""Fabric Name"": ""2 x 2 Rib"", ""Care & Cleaning"": ""Hand Wash"", ""TCIN"": ""1009216480"", ""UPC"": ""181626312347"", ""Origin"": ""imported""}",True,2026-02-23T00:48:14.633792
1007883246,Soft Genuine Leather Purses and Handbags for Women Tote Shoulder Bag Satchel Purse Black 14.96x11.81x4.72,https://www.target.com/p/soft-genuine-leather-purses-and-handbags-for-women-tote-shoulder-bag-satchel-purse/-/A-1007883246?preselect=1007883245#lnk=sametab,Empire DigiLabs,"Target > Clothing, Shoes & Accessories > Accessories > Handbags & Purses",Handbags & Purses,209.97,419.94,50.0,True,0.0,0,,False,size14.96x11.81x4.72,,https://target.scene7.com/is/image/Target/GUEST_731a0945-5003-4cfa-a1a3-767f8d25e2a2?wid=1200&hei=1200&qlt=85 | https://target.scene7.com/is/image/Target/GUEST_745a64e1-2a6d-4b39-a06e-93b6f0117339?wid=1200&hei=1200&qlt=85 | https://target.scene7.com/is/image/Target/GUEST_5e88f7a5-4be2-4057-b0ed-13c8eebc3466?wid=1200&hei=1200&qlt=85 | https://target.scene7.com/is/image/Target/GUEST_50a0cf11-00fc-4349-b9b2-ed80e401760e?wid=1200&hei=1200&qlt=85 | https://target.scene7.com/is/image/Target/GUEST_86d9717a-011e-4c35-871e-9c4c61bc377d?wid=1200&hei=1200&qlt=85,,,Leather,"{""H"": ""11.81"", ""W"": ""14.96"", ""D"": ""4.72""}",11.81 inches (H) x 14.96 inches (W) x 4.72 inches (D),Softside,Multiple Compartments,Adjustable Shoulder Strap,Zip Closure,Adjustable Handle,Faux Leather,Spot or Wipe Clean,imported,661309870437,,"{""Dimensions (Overall)"": ""11.81 inches (H) x 14.96 inches (W) x 4.72 inches (D)"", ""Shell Material"": ""Leather"", ""Bag Structure"": ""Softside"", ""Interior Features"": ""Multiple Compartments"", ""Exterior Features"": ""Adjustable Shoulder Strap"", ""Main Compartment Closure"": ""Zip Closure"", ""Handle Type"": ""Adjustable Handle"", ""Fabric Name"": ""Faux Leather"", ""Care & Cleaning"": ""Spot or Wipe Clean"", ""TCIN"": ""1007883245"", ""UPC"": ""661309870437"", ""Origin"": ""imported""}",True,2026-02-23T00:48:14.633792
1004994316,Amerileather Beckett Woven Handbag – Top Grain Cowhide Leather Purse with Textured Basket Weave and Structured Everyday Design,https://www.target.com/p/amerileather-beckett-woven-handbag-top-grain-cowhide-leather-purse-with-textured-basket-weave-and-structured-everyday-design/-/A-1004994316#lnk=sametab,AmeriLeather,"Target > Clothing, Shoes & Accessories > Accessories > Handbags & Purses",Handbags & Purses,119.34,163.32,26.9,True,0.0,0,,False,,,https://target.scene7.com/is/image/Target/GUEST_5630ab17-faf9-4149-b558-54b276d976dc?wid=1200&hei=1200&qlt=85 | https://target.scene7.com/is/image/Target/GUEST_eb1538c1-04e4-4279-b816-236c15c77ae4?wid=1200&hei=1200&qlt=85 | https://target.scene7.com/is/image/Target/GUEST_ec27d956-30f7-4f55-96f1-67a3a7f352dc?wid=1200&hei=1200&qlt=85 | https://target.scene7.com/is/image/Target/GUEST_ff3d94cf-16eb-46be-872d-459b0a90e634?wid=1200&hei=1200&qlt=85,Material: Top grain cowhide leather with hand-woven exterior finish; Design: Basket weave pattern for depth and visual texture; Interior: Open main compartment with zippered and slip pockets; Dimensions: 12.5 in. L x 8 in. H x 4 in. W,,Leather,"{""H"": ""8"", ""W"": ""4"", ""D"": ""12.5""}",8 inches (H) x 4 inches (W) x 12.5 inches (D),Lightweight,Accessories Pocket,No Compartments or Pockets,Zip Closure,Adjustable Shoulder Strap,Microfiber,Care Instructions Not Provided,imported,791336193497,,"{""Dimensions (Overall)"": ""8 inches (H) x 4 inches (W) x 12.5 inches (D)"", ""Shell Material"": ""Leather"", ""Bag Structure"": ""Lightweight"", ""Interior Features"": ""Accessories Pocket"", ""Exterior Features"": ""No Compartments or Pockets"", ""Main Compartment Closure"": ""Zip Closure"", ""Handle Type"": ""Adjustable Shoulder Strap"", ""Fabric Name"": ""Microfiber"", ""Care & Cleaning"": ""Care Instructions Not Provided"", ""TCIN"": ""1004994316"", ""UPC"": ""791336193497"", ""Origin"": ""imported""}",True,2026-02-23T00:48:14.633792
1009323921,Narwey Toddler Purse for Girls Gifts Mini Purse Kids Shoulder Bag Crossbody Wallet,https://www.target.com/p/narwey-toddler-purse-for-girls-gifts-mini-purse-kids-shoulder-bag-crossbody-wallet/-/A-1009323921#lnk=sametab,Narwey,"Target > Clothing, Shoes & Accessories > Accessories > Handbags & Purses > Crossbody & Messenger Bags",Crossbody & Messenger Bags,32.99,49.99,34.0,True,0.0,0,,False,,,https://target.scene7.com/is/image/Target/GUEST_720bc0a4-033c-4e0b-be3e-af8a37f73686?wid=1200&hei=1200&qlt=85 | https://target.scene7.com/is/image/Target/GUEST_e8cc92c3-5d56-455f-9954-900e41bc550c?wid=1200&hei=1200&qlt=85 | https://target.scene7.com/is/image/Target/GUEST_1a379ce3-45f8-43b9-a6eb-1e7ef6eb335e?wid=1200&hei=1200&qlt=85 | https://target.scene7.com/is/image/Target/GUEST_7b564a3f-db75-4629-a4c9-032d440c91f2?wid=1200&hei=1200&qlt=85 | https://target.scene7.com/is/image/Target/GUEST_f1434fab-da28-42a5-8535-b833434868e0?wid=1200&hei=1200&qlt=85,"The Perfect Birthday Gift for Girls; Great Shape & Cute Design; Soft & Comfortable; Lightweight, Practical",,Leather,"{""H"": ""6.4"", ""W"": ""3.1"", ""D"": ""6.8""}",6.4 inches (H) x 3.1 inches (W) x 6.8 inches (D),Lightweight,Multiple Compartments,No Compartments or Pockets,Snap-Clip Closure,Shoulder Strap,1 x 1 Rib,Shake Clean,imported,955309425552,,"{""Dimensions (Overall)"": ""6.4 inches (H) x 3.1 inches (W) x 6.8 inches (D)"", ""Shell Material"": ""Leather"", ""Bag Structure"": ""Lightweight"", ""Interior Features"": ""Multiple Compartments"", ""Exterior Features"": ""No Compartments or Pockets"", ""Main Compartment Closure"": ""Snap-Clip Closure"", ""Handle Type"": ""Shoulder Strap"", ""Fabric Name"": ""1 x 1 Rib"", ""Care & Cleaning"": ""Shake Clean"", ""TCIN"": ""1009323921"", ""UPC"": ""955309425552"", ""Origin"": ""imported""}",True,2026-02-23T00:48:14.633792
1009273517,Narwey Shoulder Bag for Women Y2K Trendy Purse Vegan Leather Hobo Handbags Clutch Saddle Bag,https://www.target.com/p/narwey-shoulder-bag-for-women-y2k-trendy-purse-vegan-leather-hobo-handbags-clutch-saddle-bag/-/A-1009273517#lnk=sametab,Narwey,"Target > Clothing, Shoes & Accessories > Accessories > Handbags & Purses > Shoulder Bags",Shoulder Bags,49.99,69.99,28.6,True,0.0,0,,False,,,https://target.scene7.com/is/image/Target/GUEST_413dd8ca-30b3-4c83-b8ed-ac9ab97366a8?wid=1200&hei=1200&qlt=85 | https://target.scene7.com/is/image/Target/GUEST_7c2626b6-b347-4471-88e2-06a93dbf612c?wid=1200&hei=1200&qlt=85 | https://target.scene7.com/is/image/Target/GUEST_e43c77f5-af6d-4a2b-a7ae-3ae9c00f80b4?wid=1200&hei=1200&qlt=85 | https://target.scene7.com/is/image/Target/GUEST_027617f1-619a-464a-9405-8b02d8b6a527?wid=1200&hei=1200&qlt=85 | https://target.scene7.com/is/image/Target/GUEST_d6f46595-f6a4-436f-a54a-56b458e459b3?wid=1200&hei=1200&qlt=85,Premium Material; Multiple Carrying; Fashionable Design; Occasion; Lovely Saddle Purse for Women,,Leather,"{""H"": ""6.4"", ""W"": ""2.2"", ""D"": ""10""}",6.4 inches (H) x 2.2 inches (W) x 10 inches (D),Lightweight,No Compartments or Pockets,No Compartments or Pockets,Zip Closure,No Handles or Straps,Novelty,Do Not Wash,imported,944928908737,,"{""Dimensions (Overall)"": ""6.4 inches (H) x 2.2 inches (W) x 10 inches (D)"", ""Shell Material"": ""Leather"", ""Bag Structure"": ""Lightweight"", ""Interior Features"": ""No Compartments or Pockets"", ""Exterior Features"": ""No Compartments or Pockets"", ""Main Compartment Closure"": ""Zip Closure"", ""Handle Type"": ""No Handles or Straps"", ""Fabric Name"": ""Novelty"", ""Care & Cleaning"": ""Do Not Wash"", ""TCIN"": ""1009273517"", ""UPC"": ""944928908737"", ""Origin"": ""imported""}",True,2026-02-23T00:48:14.633792
1009351918,"Narwey Small Puffer Crescent Shoulder Bag for Women, Nylon Quilted Shoulder Purses, Puffy Handbags",https://www.target.com/p/narwey-small-puffer-crescent-shoulder-bag-for-women-nylon-quilted-shoulder-purses-puffy-handbags/-/A-1009351918#lnk=sametab,Narwey,"Target > Clothing, Shoes & Accessories > Accessories > Handbags & Purses > Shoulder Bags",Shoulder Bags,76.99,89.99,14.4,True,0.0,0,,False,,,https://target.scene7.com/is/image/Target/GUEST_47452168-3ac5-49ca-af45-e69c29c8feef?wid=1200&hei=1200&qlt=85 | https://target.scene7.com/is/image/Target/GUEST_b4b6e932-70ec-4564-9f47-08c03088afa6?wid=1200&hei=1200&qlt=85 | https://target.scene7.com/is/image/Target/GUEST_410b2fe8-3a48-40c6-adf2-e8c5182a9a74?wid=1200&hei=1200&qlt=85 | https://target.scene7.com/is/image/Target/GUEST_8819de39-0c7d-450c-8985-ea661073e102?wid=1200&hei=1200&qlt=85 | https://target.scene7.com/is/image/Target/GUEST_7f3c4f73-75cb-45e6-a63b-67ce4b4537c3?wid=1200&hei=1200&qlt=85 | https://target.scene7.com/is/image/Target/GUEST_537c73cc-eb3d-498f-afb6-612e79085160?wid=1200&hei=1200&qlt=85,Premium Craftsmanship; Comfy & Multi-Functional; Trend-Setting Style; Organized & Spacious,,20% Recycled Polyester,"{""H"": ""10.3"", ""W"": ""4.1"", ""D"": ""6.4""}",10.3 inches (H) x 4.1 inches (W) x 6.4 inches (D),Dome,Multiple Compartments,Adjustable Shoulder Strap,Zip Closure,Carrying Handle,1 x 1 Rib,Machine Wash,imported,956587124243,,"{""Dimensions (Overall)"": ""10.3 inches (H) x 4.1 inches (W) x 6.4 inches (D)"", ""Shell Material"": ""20% Recycled Polyester"", ""Bag Structure"": ""Dome"", ""Interior Features"": ""Multiple Compartments"", ""Exterior Features"": ""Adjustable Shoulder Strap"", ""Main Compartment Closure"": ""Zip Closure"", ""Handle Type"": ""Carrying Handle"", ""Fabric Name"": ""1 x 1 Rib"", ""Care & Cleaning"": ""Machine Wash"", ""TCIN"": ""1009351918"", ""UPC"": ""956587124243"", ""Origin"": ""imported""}",True,2026-02-23T00:48:14.633792
1009502903,Narwey Cross Body Bag Vegan Leather Hobo Handbags Designer Crossbody Purses Bucket Bag For Women,https://www.target.com/p/narwey-cross-body-bag-vegan-leather-hobo-handbags-designer-crossbody-purses-bucket-bag-for-women/-/A-1009502903#lnk=sametab,Narwey,"Target > Clothing, Shoes & Accessories > Accessories > Handbags & Purses",Handbags & Purses,69.99,0.0,0.0,False,0.0,0,,False,,,https://target.scene7.com/is/image/Target/GUEST_d8c95d2f-e0d0-4007-948c-9f49220a04f2?wid=1200&hei=1200&qlt=85 | https://target.scene7.com/is/image/Target/GUEST_6a293cd1-af46-4d64-bb1d-b3a4abfc117a?wid=1200&hei=1200&qlt=85 | https://target.scene7.com/is/image/Target/GUEST_f26b00e5-b119-4fba-8020-0f2e7918555d?wid=1200&hei=1200&qlt=85 | https://target.scene7.com/is/image/Target/GUEST_2bafb875-9bc5-44ab-85c3-e1158b2eeba5?wid=1200&hei=1200&qlt=85 | https://target.scene7.com/is/image/Target/GUEST_a2f50040-9a3a-4e68-ad25-7cd7b092a544?wid=1200&hei=1200&qlt=85,Premium Leather Material; 2-PCS Adjustable Removable Straps; Crossbody Bag Dimension; Crossbody Bag Structure,,TPU (Thermoplastic Polyurethane),"{""H"": ""12.8"", ""W"": ""1.81"", ""D"": ""11.46""}",12.8 inches (H) x 1.81 inches (W) x 11.46 inches (D),Dome,Multiple Compartments,No Compartments or Pockets,Zip Closure,Adjustable Shoulder Strap,2 x 2 Rib,Do Not Wash,imported,765639975562,,"{""Dimensions (Overall)"": ""12.8 inches (H) x 1.81 inches (W) x 11.46 inches (D)"", ""Shell Material"": ""TPU (Thermoplastic Polyurethane)"", ""Bag Structure"": ""Dome"", ""Interior Features"": ""Multiple Compartments"", ""Exterior Features"": ""No Compartments or Pockets"", ""Main Compartment Closure"": ""Zip Closure"", ""Handle Type"": ""Adjustable Shoulder Strap"", ""Fabric Name"": ""2 x 2 Rib"", ""Care & Cleaning"": ""Do Not Wash"", ""TCIN"": ""1009502903"", ""UPC"": ""765639975562"", ""Origin"": ""imported""}",True,2026-02-23T00:48:54.700460
1007880345,"Genuine Leather Hobo Bags for Women, Anti Theft Soft Leather Shoulder Handbags Purses Gray 11.81”x7.87”x3.94”",https://www.target.com/p/genuine-leather-hobo-bags-for-women-anti-theft-soft-leather-shoulder-handbags-purses/-/A-1007880345?preselect=1007880347#lnk=sametab,Empire DigiLabs,"Target > Clothing, Shoes & Accessories > Accessories > Handbags & Purses > Crossbody & Messenger Bags",Crossbody & Messenger Bags,149.97,299.94,50.0,True,0.0,0,,False,size11.81”x7.87”x3.94”,,https://target.scene7.com/is/image/Target/GUEST_e47f321e-c880-4d61-bcc8-091247745234?wid=1200&hei=1200&qlt=85 | https://target.scene7.com/is/image/Target/GUEST_99adb428-b289-44e1-9a03-ed2a5611eb58?wid=1200&hei=1200&qlt=85 | https://target.scene7.com/is/image/Target/GUEST_d2ff6135-b6ca-4198-8264-b22797572457?wid=1200&hei=1200&qlt=85 | https://target.scene7.com/is/image/Target/GUEST_78d40b5b-363d-4637-8dad-162a1f82a57d?wid=1200&hei=1200&qlt=85 | https://target.scene7.com/is/image/Target/GUEST_c7cfa423-aa75-4d06-9c8e-9d68175cccbc?wid=1200&hei=1200&qlt=85,,,Leather,"{""H"": ""7.87"", ""W"": ""11.81"", ""D"": ""3.94""}",7.87 inches (H) x 11.81 inches (W) x 3.94 inches (D),Softside,Multiple Compartments,Adjustable Shoulder Strap,Zip Closure,Adjustable Shoulder Strap,Faux Leather,Spot or Wipe Clean,imported,661309868960,,"{""Dimensions (Overall)"": ""7.87 inches (H) x 11.81 inches (W) x 3.94 inches (D)"", ""Shell Material"": ""Leather"", ""Bag Structure"": ""Softside"", ""Interior Features"": ""Multiple Compartments"", ""Exterior Features"": ""Adjustable Shoulder Strap"", ""Main Compartment Closure"": ""Zip Closure"", ""Handle Type"": ""Adjustable Shoulder Strap"", ""Fabric Name"": ""Faux Leather"", ""Care & Cleaning"": ""Spot or Wipe Clean"", ""TCIN"": ""1007880347"", ""UPC"": ""661309868960"", ""Origin"": ""imported""}",True,2026-02-23T00:48:54.700460
88042309,DC Comics Classic Batman Logo Junior's Hobo Bag Shoulder Purse,https://www.target.com/p/dc-comics-classic-batman-logo-junior-s-hobo-bag-shoulder-purse-black/-/A-88042309#lnk=sametab,Batman,"Target > Clothing, Shoes & Accessories > Accessories > Handbags & Purses > Shoulder Bags",Shoulder Bags,25.49,35.95,29.1,True,5.0,1,,False,,,https://target.scene7.com/is/image/Target/GUEST_d035207d-ecd4-4340-bb0b-4c5633974c1a?wid=1200&hei=1200&qlt=85 | https://target.scene7.com/is/image/Target/GUEST_fc2aa7da-2881-43d2-a719-d002a16d67d8?wid=1200&hei=1200&qlt=85 | https://target.scene7.com/is/image/Target/GUEST_a1d5d61f-9788-4513-aa83-f5a4b474bf0a?wid=1200&hei=1200&qlt=85 | https://target.scene7.com/is/image/Target/GUEST_854875e1-3187-434b-8133-d69f803577ff?wid=1200&hei=1200&qlt=85,"DC Comics Merchandise from Bioworld; COMIC LOGO - Features a classic yellow Batman logo with yellow and grey stripes. Graphics are on front side only.; HOBO STYLE - This comfortable to wear hobo purse features a magnetic snap closure, and two interior open slip pockets.; WOMENS/TEENS - This bag has an adjustable fit. Can be used by womens, and teens. Intended for ages 14 and up; great GIFT - Treat yourself or a Batman fan to this awesome hobo bag",,Polyester,"{""H"": ""2"", ""W"": ""8"", ""D"": ""12""}",2 inches (H) x 8 inches (W) x 12 inches (D),Unstructured,Multiple Compartments,Snap Pocket,Zip Closure,Polyester,Novelty,Hand Wash,made in the USA or imported,846556463803,,"{""Dimensions (Overall)"": ""2 inches (H) x 8 inches (W) x 12 inches (D)"", ""Shell Material"": ""Polyester"", ""Bag Structure"": ""Unstructured"", ""Interior Features"": ""Multiple Compartments"", ""Exterior Features"": ""Snap Pocket"", ""Main Compartment Closure"": ""Zip Closure"", ""Handle Type"": ""Double Handle"", ""Fabric Name"": ""Novelty"", ""Handle Material"": ""Polyester"", ""Fits Laptop"": ""No Laptop Pocket"", ""Battery"": ""No Battery Used"", ""Care & Cleaning"": ""Hand Wash"", ""TCIN"": ""88042309"", ""UPC"": ""846556463803"", ""Origin"": ""made in the USA or imported""}",True,2026-02-23T00:48:54.700460
1009409097,"Narwey Crossbody Bags for Women Trendy,Leather Crossbody Purses Embossed Design",https://www.target.com/p/narwey-crossbody-bags-for-women-trendy-leather-crossbody-purses-embossed-design/-/A-1009409097#lnk=sametab,Narwey,"Target > Clothing, Shoes & Accessories > Accessories > Handbags & Purses > Crossbody & Messenger Bags",Crossbody & Messenger Bags,55.99,69.99,20.0,True,0.0,0,,False,,,https://target.scene7.com/is/image/Target/GUEST_d3584dfc-e40f-49e6-b553-c0324b8b73d1?wid=1200&hei=1200&qlt=85 | https://target.scene7.com/is/image/Target/GUEST_2e223f13-469e-45a9-ba1b-3bffed6a6790?wid=1200&hei=1200&qlt=85 | https://target.scene7.com/is/image/Target/GUEST_999600c0-c86e-4430-8aad-9bffdf643b1d?wid=1200&hei=1200&qlt=85 | https://target.scene7.com/is/image/Target/GUEST_406d90e8-35fe-40f5-9f4f-240f147b7286?wid=1200&hei=1200&qlt=85 | https://target.scene7.com/is/image/Target/GUEST_26d062f1-f5f1-4e55-9536-789c2e74c5a0?wid=1200&hei=1200&qlt=85,Ideal Choice for Everyday Bag; Elegant Embossed Flower Design; High Quality Leather Purse; Compact and Lightweight,,Leather,"{""H"": ""5.3"", ""W"": ""7.2"", ""D"": ""9.4""}",5.3 inches (H) x 7.2 inches (W) x 9.4 inches (D),Lightweight,Multiple Compartments,Zip Pocket,Zip Closure,Shoulder Strap,1 x 1 Rib,Spot or Wipe Clean,imported,183907534059,,"{""Dimensions (Overall)"": ""5.3 inches (H) x 7.2 inches (W) x 9.4 inches (D)"", ""Shell Material"": ""Leather"", ""Bag Structure"": ""Lightweight"", ""Interior Features"": ""Multiple Compartments"", ""Exterior Features"": ""Zip Pocket"", ""Main Compartment Closure"": ""Zip Closure"", ""Handle Type"": ""Shoulder Strap"", ""Fabric Name"": ""1 x 1 Rib"", ""Care & Cleaning"": ""Spot or Wipe Clean"", ""TCIN"": ""1009409097"", ""UPC"": ""183907534059"", ""Origin"": ""imported""}",True,2026-02-23T00:48:54.700460
1009321276,"Narwey Crossbody Purses for Women Trendy,Vegan Leather Medium Crossbody Bag",https://www.target.com/p/narwey-crossbody-purses-for-women-trendy-vegan-leather-medium-crossbody-bag/-/A-1009321276#lnk=sametab,Narwey,"Target > Clothing, Shoes & Accessories > Accessories > Handbags & Purses > Totes",Totes,70.99,89.99,21.1,True,0.0,0,,False,,,https://target.scene7.com/is/image/Target/GUEST_ddfddc2a-cdb2-48c6-8dee-cfc4bf0be2b3?wid=1200&hei=1200&qlt=85 | https://target.scene7.com/is/image/Target/GUEST_974dee2b-9ce9-4ee0-9c52-504f66473454?wid=1200&hei=1200&qlt=85 | https://target.scene7.com/is/image/Target/GUEST_6dee147a-96e1-47dd-b551-2f0283be48c7?wid=1200&hei=1200&qlt=85 | https://target.scene7.com/is/image/Target/GUEST_8d7cfbed-bdc4-4f81-80a4-89941be682a7?wid=1200&hei=1200&qlt=85 | https://target.scene7.com/is/image/Target/GUEST_cb8e9900-7e9d-4fc2-9d43-495f17fa517d?wid=1200&hei=1200&qlt=85,Soft Leather Crossbody Purse; Built-in RFID Wallet; Upgraded Version Wallet Purse; Special Four-Compartment Design:Size,,Leather,"{""H"": ""6.73"", ""W"": ""2.56"", ""D"": ""12.17""}",6.73 inches (H) x 2.56 inches (W) x 12.17 inches (D),Lightweight,Multiple Compartments,Zip Pocket,Zip Closure,Shoulder Strap,1 x 1 Rib,Shake Clean,imported,859194193919,,"{""Dimensions (Overall)"": ""6.73 inches (H) x 2.56 inches (W) x 12.17 inches (D)"", ""Shell Material"": ""Leather"", ""Bag Structure"": ""Lightweight"", ""Interior Features"": ""Multiple Compartments"", ""Exterior Features"": ""Zip Pocket"", ""Main Compartment Closure"": ""Zip Closure"", ""Handle Type"": ""Shoulder Strap"", ""Fabric Name"": ""1 x 1 Rib"", ""Care & Cleaning"": ""Shake Clean"", ""TCIN"": ""1009321276"", ""UPC"": ""859194193919"", ""Origin"": ""imported""}",True,2026-02-23T00:48:54.700460
1009450255,Narwey Crossbody Bags for Women Trendy Leather Crossbody Purse Shoulder Handbags,https://www.target.com/p/narwey-crossbody-bags-for-women-trendy-leather-crossbody-purse-shoulder-handbags/-/A-1009450255#lnk=sametab,Narwey,"Target > Clothing, Shoes & Accessories > Accessories > Handbags & Purses > Shoulder Bags",Shoulder Bags,55.99,69.99,20.0,True,0.0,0,,False,,,https://target.scene7.com/is/image/Target/GUEST_384eb241-34d6-49b2-a89d-1111964e12c2?wid=1200&hei=1200&qlt=85 | https://target.scene7.com/is/image/Target/GUEST_a74b075e-569a-4160-8a00-df22b0803b21?wid=1200&hei=1200&qlt=85 | https://target.scene7.com/is/image/Target/GUEST_52bd3e30-574b-49a2-aafb-953247141b6e?wid=1200&hei=1200&qlt=85 | https://target.scene7.com/is/image/Target/GUEST_d1abdf5f-6b7c-4acb-95cb-e4b49ebfdd9a?wid=1200&hei=1200&qlt=85 | https://target.scene7.com/is/image/Target/GUEST_56437559-e253-497b-b910-03da43e30d0f?wid=1200&hei=1200&qlt=85,Premium PU Leather; Lightweight; Adjustable Strap & Tassel; Spacious & Organized,,Leather,"{""H"": ""8.46"", ""W"": ""1.85"", ""D"": ""12.48""}",8.46 inches (H) x 1.85 inches (W) x 12.48 inches (D),Lightweight,Multiple Compartments,Zip Pocket,Zip Closure,Shoulder Strap,1 x 1 Rib,Spot or Wipe Clean,imported,137541157587,,"{""Dimensions (Overall)"": ""8.46 inches (H) x 1.85 inches (W) x 12.48 inches (D)"", ""Shell Material"": ""Leather"", ""Bag Structure"": ""Lightweight"", ""Interior Features"": ""Multiple Compartments"", ""Exterior Features"": ""Zip Pocket"", ""Main Compartment Closure"": ""Zip Closure"", ""Handle Type"": ""Shoulder Strap"", ""Fabric Name"": ""1 x 1 Rib"", ""Care & Cleaning"": ""Spot or Wipe Clean"", ""TCIN"": ""1009450255"", ""UPC"": ""137541157587"", ""Origin"": ""imported""}",True,2026-02-23T00:48:54.700460
1009298166,Narwey Fashion Purses and Handbags for Women Ladies Crossbody Bags Top Handle Satchel Shoulder,https://www.target.com/p/narwey-fashion-purses-and-handbags-for-women-ladies-crossbody-bags-top-handle-satchel-shoulder/-/A-1009298166#lnk=sametab,Narwey,"Target > Clothing, Shoes & Accessories > Accessories > Handbags & Purses > Mini Bags",Mini Bags,50.99,59.99,15.0,True,0.0,0,,False,,,https://target.scene7.com/is/image/Target/GUEST_597065f8-2f65-40c7-8ced-5d658327cca8?wid=1200&hei=1200&qlt=85 | https://target.scene7.com/is/image/Target/GUEST_72d56df2-2a14-4b9a-972f-055f188aa91b?wid=1200&hei=1200&qlt=85 | https://target.scene7.com/is/image/Target/GUEST_41402b75-c22f-4a3b-b25c-ff8e687aef84?wid=1200&hei=1200&qlt=85 | https://target.scene7.com/is/image/Target/GUEST_e8debcd8-e24a-432a-bfa2-13f75ab482ff?wid=1200&hei=1200&qlt=85 | https://target.scene7.com/is/image/Target/GUEST_9effe4b8-beac-4004-bc69-70c9997ead45?wid=1200&hei=1200&qlt=85,High Quality PU Leather; Kitten Purse Pendant; Different Ways to Carry; Perfect Gift,,TPU (Thermoplastic Polyurethane),"{""H"": ""7.5"", ""W"": ""3.9"", ""D"": ""9.8""}",7.5 inches (H) x 3.9 inches (W) x 9.8 inches (D),Dome,Multiple Compartments,Adjustable Shoulder Strap,Zip Closure,Carrying Handle,2 x 2 Rib,Do Not Wash,imported,686589213903,,"{""Dimensions (Overall)"": ""7.5 inches (H) x 3.9 inches (W) x 9.8 inches (D)"", ""Shell Material"": ""TPU (Thermoplastic Polyurethane)"", ""Bag Structure"": ""Dome"", ""Interior Features"": ""Multiple Compartments"", ""Exterior Features"": ""Adjustable Shoulder Strap"", ""Main Compartment Closure"": ""Zip Closure"", ""Handle Type"": ""Carrying Handle"", ""Fabric Name"": ""2 x 2 Rib"", ""Care & Cleaning"": ""Do Not Wash"", ""TCIN"": ""1009298166"", ""UPC"": ""686589213903"", ""Origin"": ""imported""}",True,2026-02-23T00:48:54.700460
1004914641,Disney Mickey and Minnie Mouse Purse 3D Character Two-Sided Hand Bag Multicolored,https://www.target.com/p/disney-mickey-and-minnie-mouse-purse-3d-character-two-sided-hand-bag-multicolored/-/A-1004914641#lnk=sametab,Disney,"Target > Clothing, Shoes & Accessories > Accessories > Handbags & Purses > Shoulder Bags",Shoulder Bags,37.49,58.95,36.4,True,0.0,0,,False,,,https://target.scene7.com/is/image/Target/GUEST_9c611634-6101-46d4-be31-cdd038acdf9f?wid=1200&hei=1200&qlt=85 | https://target.scene7.com/is/image/Target/GUEST_9907c504-440e-4424-94a0-3a6f59ccd880?wid=1200&hei=1200&qlt=85 | https://target.scene7.com/is/image/Target/GUEST_a4a03767-3245-4185-be45-3dc8f83bb167?wid=1200&hei=1200&qlt=85 | https://target.scene7.com/is/image/Target/GUEST_fe35dd97-8f3b-4e39-accf-3114467031aa?wid=1200&hei=1200&qlt=85 | https://target.scene7.com/is/image/Target/GUEST_b5311817-ddc4-47a0-9c80-114be443ad54?wid=1200&hei=1200&qlt=85,"Double the Fun: This handbag features a unique two-sided design—Mickey Mouse on one side with a black background, and Minnie Mouse on the other, surrounded by playful red and white polka dots. Both character faces are slightly raised for texture and paired with 3D accents like Minnie’s signature bow and Mickey’s ears; Smart Interior Layout: Inside, you’ll find two main compartments separated by a center zipper pouch—great for organizing small essentials like keys, wallet, and phone. The magnetic snap closure helps keep everything secure while still giving you quick access when needed; Carry It Your Way: Whether you're running errands or heading out for the day, this purse adapts to your needs. Use the sturdy top handles for classic hand-carry style, or switch to the adjustable shoulder strap to wear it crossbody or over the shoulder. The detachable strap makes it easy to change up your look or pack the bag away flat when not in use; Easy to Clean: Made from durable polyurethane (PU) material, this bag is built for everyday use. The exterior can be wiped down with a soft, damp cloth—no special cleaners required; A Must-Have: The character-driven design adds a playful flair to everyday outfits, making it a great addition to any fan's collection of accessories or character-themed merch. Not recommended for children under 3",,Polyurethane,"{""H"": ""1"", ""W"": ""10"", ""D"": ""13""}",1 inches (H) x 10 inches (W) x 13 inches (D),Structured,Multiple Compartments,Snap Pocket,Zip Closure,Polyurethane,Microplush,Spot or Wipe Clean,made in the USA or imported,840716286233,,"{""Dimensions (Overall)"": ""1 inches (H) x 10 inches (W) x 13 inches (D)"", ""Shell Material"": ""Polyester"", ""Bag Structure"": ""Structured"", ""Interior Features"": ""Multiple Compartments"", ""Exterior Features"": ""Snap Pocket"", ""Main Compartment Closure"": ""Zip Closure"", ""Handle Type"": ""Shoulder Strap"", ""Fabric Name"": ""Microplush"", ""Handle Material"": ""Polyurethane"", ""Fits Laptop"": ""No Laptop Pocket"", ""Battery"": ""No Battery Used"", ""Care & Cleaning"": ""Spot or Wipe Clean"", ""TCIN"": ""1004914641"", ""UPC"": ""840716286233"", ""Origin"": ""made in the USA or imported""}",True,2026-02-23T00:48:54.700460
1003311473,"Slickblue Colorful Faux Leather Clutch Purse, Multicolor Design, Shoulder Bag, Casual Style, Brown, 5.5"" x 5.1""",https://www.target.com/p/slickblue-colorful-faux-leather-clutch-purse-multicolor-design-shoulder-bag-casual-style-5-options-5-5-x-5-1/-/A-1003311473?preselect=1003311475#lnk=sametab,Slickblue,"Target > Clothing, Shoes & Accessories > Accessories > Handbags & Purses > Clutches",Clutches,32.99,0.0,0.0,False,0.0,0,,False,brown,,https://target.scene7.com/is/image/Target/GUEST_af49405e-cc27-41a9-b63e-84af64144400?wid=1200&hei=1200&qlt=85 | https://target.scene7.com/is/image/Target/GUEST_fc6a54df-7fa0-4e56-bff5-a563d9aaf288?wid=1200&hei=1200&qlt=85 | https://target.scene7.com/is/image/Target/GUEST_7417b84e-6fbf-462a-b88e-a40257a129a7?wid=1200&hei=1200&qlt=85 | https://target.scene7.com/is/image/Target/GUEST_d38e7d5f-d22f-4793-8b50-02e48abbb909?wid=1200&hei=1200&qlt=85 | https://target.scene7.com/is/image/Target/GUEST_4149a02e-49c1-41eb-a297-750a3d601dcf?wid=1200&hei=1200&qlt=85,"Faux leather clutch with detachable shoulder strap; Multicolor design adds vibrant accent to outfits; Compact size fits phone, cards, and small items; Neat stitching and polished alloy hardware; Oval dual handle for easy grip and carry; Includes strap for hands-free convenience; Smooth magnetic closure for quick access; Available in Black, Blue, Brown, Pink, Red; Ideal for everyday use and casual outings",,Polyurethane,"{""H"": ""1.3"", ""W"": ""5.1"", ""D"": ""5.5""}",1.3 inches (H) x 5.1 inches (W) x 5.5 inches (D),Pouch,Cell Phone Pocket,Detachable Straps,Flap Closure,Removable Strap,Faux Leather,Care Instructions Not Provided,imported,639195996388,,"{""Dimensions (Overall)"": ""1.3 inches (H) x 5.1 inches (W) x 5.5 inches (D)"", ""Shell Material"": ""Polyurethane"", ""Bag Structure"": ""Pouch"", ""Interior Features"": ""Cell Phone Pocket"", ""Exterior Features"": ""Detachable Straps"", ""Main Compartment Closure"": ""Flap Closure"", ""Handle Type"": ""Removable Strap"", ""Fabric Name"": ""Faux Leather"", ""Care & Cleaning"": ""Care Instructions Not Provided"", ""TCIN"": ""1003311475"", ""UPC"": ""639195996388"", ""Origin"": ""imported""}",True,2026-02-23T00:48:54.700460
1009366122,Narwey Small Crossbody bags for Women Cross body Purse Shoulder Bag,https://www.target.com/p/narwey-small-crossbody-bags-for-women-cross-body-purse-shoulder-bag/-/A-1009366122#lnk=sametab,Narwey,"Target > Clothing, Shoes & Accessories > Accessories > Handbags & Purses > Shoulder Bags",Shoulder Bags,42.99,59.99,28.3,True,0.0,0,,False,,,https://target.scene7.com/is/image/Target/GUEST_183c6f2d-e47f-4952-9c48-f6dd7dcfa234?wid=1200&hei=1200&qlt=85 | https://target.scene7.com/is/image/Target/GUEST_ac2623b1-5bf1-496d-aacf-2f0a32d38048?wid=1200&hei=1200&qlt=85 | https://target.scene7.com/is/image/Target/GUEST_404f7c16-8842-4d2a-a033-321ada5ac00a?wid=1200&hei=1200&qlt=85 | https://target.scene7.com/is/image/Target/GUEST_f195a395-1c40-4ba5-af3e-5a9f760ad895?wid=1200&hei=1200&qlt=85 | https://target.scene7.com/is/image/Target/GUEST_f1595ec7-3986-438b-b093-6a76a5f2477e?wid=1200&hei=1200&qlt=85,FUNCTIONAL; EASY TO MAINTAIN; TRENDY; THOUGHTFUL GIFT,,Leather,"{""H"": ""2.5"", ""W"": ""6.06"", ""D"": ""8""}",2.5 inches (H) x 6.06 inches (W) x 8 inches (D),Lightweight,Multiple Compartments,No Compartments or Pockets,Zip Closure,Shoulder Strap,1 x 1 Rib,Spot or Wipe Clean,imported,950429602517,,"{""Dimensions (Overall)"": ""2.5 inches (H) x 6.06 inches (W) x 8 inches (D)"", ""Shell Material"": ""Leather"", ""Bag Structure"": ""Lightweight"", ""Interior Features"": ""Multiple Compartments"", ""Exterior Features"": ""No Compartments or Pockets"", ""Main Compartment Closure"": ""Zip Closure"", ""Handle Type"": ""Shoulder Strap"", ""Fabric Name"": ""1 x 1 Rib"", ""Care & Cleaning"": ""Spot or Wipe Clean"", ""TCIN"": ""1009366122"", ""UPC"": ""950429602517"", ""Origin"": ""imported""}",True,2026-02-23T00:48:54.700460
1009297270,"Narwey Puffer Crossbody Bags for Women, Quilted Purses, Lightweight Shoulder Bag Puffy Bag",https://www.target.com/p/narwey-puffer-crossbody-bags-for-women-quilted-purses-lightweight-shoulder-bag-puffy-bag/-/A-1009297270#lnk=sametab,Narwey,"Target > Clothing, Shoes & Accessories > Accessories > Handbags & Purses > Shoulder Bags",Shoulder Bags,74.99,89.99,16.7,True,0.0,0,,False,,,https://target.scene7.com/is/image/Target/GUEST_cf0dd67e-0457-45e8-a195-34d18e1c8a10?wid=1200&hei=1200&qlt=85 | https://target.scene7.com/is/image/Target/GUEST_3bc9523f-5b23-4a76-8aa1-bbcbf6c24732?wid=1200&hei=1200&qlt=85 | https://target.scene7.com/is/image/Target/GUEST_445feb53-69fd-4e83-9947-11913382aec3?wid=1200&hei=1200&qlt=85 | https://target.scene7.com/is/image/Target/GUEST_b9bf3eda-0b04-4b74-a0ac-6fdf90fd2c5b?wid=1200&hei=1200&qlt=85 | https://target.scene7.com/is/image/Target/GUEST_5ae8281f-541f-4b11-a62b-92f33b406758?wid=1200&hei=1200&qlt=85 | https://target.scene7.com/is/image/Target/GUEST_537c73cc-eb3d-498f-afb6-612e79085160?wid=1200&hei=1200&qlt=85,PREMIUM PROTECTION; SPACIOUS & LIGHTWEIGHT; DETACHABLE & ADJUSTABLE STRAP; VERSATILE BAG,,100% Recycled Polyester,"{""H"": ""11"", ""W"": ""4.5"", ""D"": ""11""}",11 inches (H) x 4.5 inches (W) x 11 inches (D),Dome,Multiple Compartments,Adjustable Shoulder Strap,Zip Closure,Carrying Handle,2 x 2 Rib,Machine Wash,imported,921929811679,,"{""Dimensions (Overall)"": ""11 inches (H) x 4.5 inches (W) x 11 inches (D)"", ""Shell Material"": ""100% Recycled Polyester"", ""Bag Structure"": ""Dome"", ""Interior Features"": ""Multiple Compartments"", ""Exterior Features"": ""Adjustable Shoulder Strap"", ""Main Compartment Closure"": ""Zip Closure"", ""Handle Type"": ""Carrying Handle"", ""Fabric Name"": ""2 x 2 Rib"", ""Care & Cleaning"": ""Machine Wash"", ""TCIN"": ""1009297270"", ""UPC"": ""921929811679"", ""Origin"": ""imported""}",True,2026-02-23T00:48:54.700460
1009414269,Narwey Crossbody Purses for Women Fabric Bucket Bag Trendy Ladies Satchel Handbag Shoulder Purse with Multi Pockets,https://www.target.com/p/narwey-crossbody-purses-for-women-fabric-bucket-bag-trendy-ladies-satchel-handbag-shoulder-purse-with-multi-pockets/-/A-1009414269#lnk=sametab,Narwey,"Target > Clothing, Shoes & Accessories > Accessories > Handbags & Purses > Shoulder Bags",Shoulder Bags,41.99,56.99,26.3,True,0.0,0,,False,,,https://target.scene7.com/is/image/Target/GUEST_b478dd3b-32bb-487b-8037-a01aef2f896e?wid=1200&hei=1200&qlt=85 | https://target.scene7.com/is/image/Target/GUEST_09219b97-8daa-4b04-a54c-4ba71a60b041?wid=1200&hei=1200&qlt=85 | https://target.scene7.com/is/image/Target/GUEST_6776d4ae-6460-4642-928d-3494239027c4?wid=1200&hei=1200&qlt=85 | https://target.scene7.com/is/image/Target/GUEST_101a1945-14ee-4864-9c8d-47ee7ab471ac?wid=1200&hei=1200&qlt=85 | https://target.scene7.com/is/image/Target/GUEST_bfedca7c-6ead-4739-ac26-4abe9c013ab6?wid=1200&hei=1200&qlt=85,Adjustable Shoulder Strap Bucket Bag; Premium Quality Material; Multiple Compartments; Best Gift,,Polyester,"{""H"": ""3.9"", ""W"": ""7.8"", ""D"": ""8.97""}",3.9 inches (H) x 7.8 inches (W) x 8.97 inches (D),Lightweight,No Compartments or Pockets,No Compartments or Pockets,Zip Closure,No Handles or Straps,Novelty,Do Not Wash,imported,682584803309,,"{""Dimensions (Overall)"": ""3.9 inches (H) x 7.8 inches (W) x 8.97 inches (D)"", ""Shell Material"": ""Polyester"", ""Bag Structure"": ""Lightweight"", ""Interior Features"": ""No Compartments or Pockets"", ""Exterior Features"": ""No Compartments or Pockets"", ""Main Compartment Closure"": ""Zip Closure"", ""Handle Type"": ""No Handles or Straps"", ""Fabric Name"": ""Novelty"", ""Care & Cleaning"": ""Do Not Wash"", ""TCIN"": ""1009414269"", ""UPC"": ""682584803309"", ""Origin"": ""imported""}",True,2026-02-23T00:48:54.700460
1009524368,Narwey Straw Shoulder Bag For Women Woven Purse Beach Envelope,https://www.target.com/p/narwey-straw-shoulder-bag-for-women-woven-purse-beach-envelope/-/A-1009524368#lnk=sametab,Narwey,"Target > Clothing, Shoes & Accessories > Accessories > Handbags & Purses > Shoulder Bags",Shoulder Bags,38.99,59.99,35.0,True,0.0,0,,False,,,https://target.scene7.com/is/image/Target/GUEST_c9a7373a-cd19-4b59-862e-4557391ba15a?wid=1200&hei=1200&qlt=85 | https://target.scene7.com/is/image/Target/GUEST_9dcbc508-f965-4129-93b8-7ccd6f950e60?wid=1200&hei=1200&qlt=85 | https://target.scene7.com/is/image/Target/GUEST_912f7505-9113-4a8a-bd16-819c29e78040?wid=1200&hei=1200&qlt=85 | https://target.scene7.com/is/image/Target/GUEST_27c3b3d7-c667-499b-9e4e-231a5478b6eb?wid=1200&hei=1200&qlt=85 | https://target.scene7.com/is/image/Target/GUEST_5ee2f4c4-ae40-4b70-8eea-d5c58e95bdc3?wid=1200&hei=1200&qlt=85,【Handmade and Nature Straw Bag】; 【Straw Clutch Dimension】; 【Fashion Summer Beach Purse Design】; 【Two Ways to Wear】,,Hardwood,"{""H"": ""1.7"", ""W"": ""8.27"", ""D"": ""11""}",1.7 inches (H) x 8.27 inches (W) x 11 inches (D),Lightweight,Multiple Compartments,No Compartments or Pockets,Button Closure,Shoulder Strap,1 x 1 Rib,Spot or Wipe Clean,imported,125659539470,,"{""Dimensions (Overall)"": ""1.7 inches (H) x 8.27 inches (W) x 11 inches (D)"", ""Shell Material"": ""Hardwood"", ""Bag Structure"": ""Lightweight"", ""Interior Features"": ""Multiple Compartments"", ""Exterior Features"": ""No Compartments or Pockets"", ""Main Compartment Closure"": ""Button Closure"", ""Handle Type"": ""Shoulder Strap"", ""Fabric Name"": ""1 x 1 Rib"", ""Care & Cleaning"": ""Spot or Wipe Clean"", ""TCIN"": ""1009524368"", ""UPC"": ""125659539470"", ""Origin"": ""imported""}",True,2026-02-23T00:48:54.700460
1009501813,"Narwey Evening Bag for Women, Suede Envelope Evening Purses",https://www.target.com/p/narwey-evening-bag-for-women-suede-envelope-evening-purses/-/A-1009501813#lnk=sametab,Narwey,"Target > Clothing, Shoes & Accessories > Accessories > Handbags & Purses > Shoulder Bags",Shoulder Bags,40.99,59.99,31.7,True,0.0,0,,False,,,https://target.scene7.com/is/image/Target/GUEST_1f980e89-e21b-489b-9231-3fa21b353d4b?wid=1200&hei=1200&qlt=85 | https://target.scene7.com/is/image/Target/GUEST_e3dcd675-7650-4ff8-9a12-72499d59b8a4?wid=1200&hei=1200&qlt=85 | https://target.scene7.com/is/image/Target/GUEST_01e5d6f9-a1d0-485e-8d72-9ba4e21aed8b?wid=1200&hei=1200&qlt=85 | https://target.scene7.com/is/image/Target/GUEST_d246f5b8-fc60-4603-8bbf-79aa0644acc2?wid=1200&hei=1200&qlt=85 | https://target.scene7.com/is/image/Target/GUEST_7eaf21a3-7597-45ad-8a68-ebc5613c8fb3?wid=1200&hei=1200&qlt=85,√【Material】; 【Feature】; √【Capacity】; √【Style】,,Polyester,"{""H"": ""2.3"", ""W"": ""5.9"", ""D"": ""9.4""}",2.3 inches (H) x 5.9 inches (W) x 9.4 inches (D),Lightweight,Multiple Compartments,No Compartments or Pockets,Magnetic Closure,Shoulder Strap,1 x 1 Rib,Spot or Wipe Clean,imported,685030533898,,"{""Dimensions (Overall)"": ""2.3 inches (H) x 5.9 inches (W) x 9.4 inches (D)"", ""Shell Material"": ""Polyester"", ""Bag Structure"": ""Lightweight"", ""Interior Features"": ""Multiple Compartments"", ""Exterior Features"": ""No Compartments or Pockets"", ""Main Compartment Closure"": ""Magnetic Closure"", ""Handle Type"": ""Shoulder Strap"", ""Fabric Name"": ""1 x 1 Rib"", ""Care & Cleaning"": ""Spot or Wipe Clean"", ""TCIN"": ""1009501813"", ""UPC"": ""685030533898"", ""Origin"": ""imported""}",True,2026-02-23T00:48:54.700460
1009323361,Narwey Small Tote Shoulder Bags Purses for Women Retro Classic Crossbody Bags Cute Clutch Purse,https://www.target.com/p/narwey-small-tote-shoulder-bags-purses-for-women-retro-classic-crossbody-bags-cute-clutch-purse/-/A-1009323361#lnk=sametab,Narwey,"Target > Clothing, Shoes & Accessories > Accessories > Handbags & Purses > Mini Bags",Mini Bags,39.99,45.99,13.0,True,0.0,0,,False,,,https://target.scene7.com/is/image/Target/GUEST_bd8d764d-6e6e-4534-8b72-173fe221d191?wid=1200&hei=1200&qlt=85 | https://target.scene7.com/is/image/Target/GUEST_c6d76898-3954-484e-981f-091acceb77d8?wid=1200&hei=1200&qlt=85 | https://target.scene7.com/is/image/Target/GUEST_a6966b49-a360-4e2f-80f0-6e6b9b3c5cfe?wid=1200&hei=1200&qlt=85 | https://target.scene7.com/is/image/Target/GUEST_2aa1879c-ea01-41a9-ba9c-2efa0474ef9d?wid=1200&hei=1200&qlt=85 | https://target.scene7.com/is/image/Target/GUEST_1a1ae434-30c4-415d-8eb3-8505c0196878?wid=1200&hei=1200&qlt=85,ULTRA ELEGANT; DESIGN FOR CONVENENCE; PERFECT SIZE; BUY WITH CONFINDENCE,,20% Recycled Polyester,"{""H"": ""10.8"", ""W"": ""2.2"", ""D"": ""5.5""}",10.8 inches (H) x 2.2 inches (W) x 5.5 inches (D),Dome,Multiple Compartments,Adjustable Shoulder Strap,Zip Closure,Carrying Handle,1 x 1 Rib,Do Not Wash,imported,892654676867,,"{""Dimensions (Overall)"": ""10.8 inches (H) x 2.2 inches (W) x 5.5 inches (D)"", ""Shell Material"": ""20% Recycled Polyester"", ""Bag Structure"": ""Dome"", ""Interior Features"": ""Multiple Compartments"", ""Exterior Features"": ""Adjustable Shoulder Strap"", ""Main Compartment Closure"": ""Zip Closure"", ""Handle Type"": ""Carrying Handle"", ""Fabric Name"": ""1 x 1 Rib"", ""Care & Cleaning"": ""Do Not Wash"", ""TCIN"": ""1009323361"", ""UPC"": ""892654676867"", ""Origin"": ""imported""}",True,2026-02-23T00:48:54.700460
93736179,FAO Schwarz Cliqs Plush Kitty Purse,https://www.target.com/p/fao-schwarz-cliqs-plush-kitty-purse/-/A-93736179#lnk=sametab,FAO Schwarz,"Target > Clothing, Shoes & Accessories > Accessories > Kids’ Accessories > Girls’ Accessories > Bags",Bags,14.99,0.0,0.0,False,4.5,11,,False,,,https://target.scene7.com/is/image/Target/GUEST_3fe5c2d0-bb25-46e4-9686-5adce7390d47?wid=1200&hei=1200&qlt=85 | https://target.scene7.com/is/image/Target/GUEST_b0974ea8-963c-4e66-b7b2-aa553530a351?wid=1200&hei=1200&qlt=85 | https://target.scene7.com/is/image/Target/GUEST_21085ac7-6941-4c18-8415-b5b2908592c4?wid=1200&hei=1200&qlt=85 | https://target.scene7.com/is/image/Target/GUEST_cda7b3c9-b04c-4727-9038-cabd727ee7df?wid=1200&hei=1200&qlt=85 | https://target.scene7.com/is/image/Target/GUEST_e9cbc68f-d9f9-42d1-a391-4f9c9b453a40?wid=1200&hei=1200&qlt=85 | https://target.scene7.com/is/image/Target/GUEST_c1baa850-77e2-4a01-8ab5-19c357a9e156?wid=1200&hei=1200&qlt=85,"Fluffy plush kitty purse with adorable feline charm; Cute kitten face holds playful yarn ball detail; Zipper pocket keeps your mini essentials close by; Signature FAO Schwarz print lining adds iconic flair; Fun fashion accessory to elevate your outfit instantly; F.A.O. Schwarz®, celebrating the wonder of childhood since 1862",,Polyester,"{""H"": ""3.54"", ""W"": ""9.45"", ""D"": ""3.45"", ""Maximum Strap Length"": ""36 Inches""}",3.54 Inches (H) x 9.45 Inches (W) x 3.45 Inches (D),Collapsible,Accessories Pocket,Zip Pocket,Zip Closure,Carrying Handle,Woven,Clean With Water and Mild Detergent,Imported,840397509904,086-13-3683,"{""Dimensions (Overall)"": ""3.54 Inches (H) x 9.45 Inches (W) x 3.45 Inches (D)"", ""Shell Material"": ""Polyester"", ""Bag Structure"": ""Collapsible"", ""Interior Features"": ""Accessories Pocket"", ""Exterior Features"": ""Zip Pocket"", ""Main Compartment Closure"": ""Zip Closure"", ""Handle Type"": ""Carrying Handle"", ""Fabric Name"": ""Woven"", ""Maximum Strap Length"": ""36 Inches"", ""Care & Cleaning"": ""Clean With Water and Mild Detergent"", ""TCIN"": ""93736179"", ""UPC"": ""840397509904"", ""Item Number (DPCI)"": ""086-13-3683"", ""Origin"": ""Imported""}",True,2026-02-23T00:48:54.700460
1009144242,"Narwey Small Crossbody Bags for Women Trendy, Leather Crossbody Phone Purses",https://www.target.com/p/narwey-small-crossbody-bags-for-women-trendy-leather-crossbody-phone-purses/-/A-1009144242#lnk=sametab,Narwey,"Target > Clothing, Shoes & Accessories > Accessories > Handbags & Purses > Mini Bags",Mini Bags,42.99,69.99,38.6,True,0.0,0,,False,,,https://target.scene7.com/is/image/Target/GUEST_56da3d1a-f52a-47be-a3e4-402d67f8eac5?wid=1200&hei=1200&qlt=85 | https://target.scene7.com/is/image/Target/GUEST_27df0cb4-fbb1-4a59-9db8-ec36f0ca9128?wid=1200&hei=1200&qlt=85 | https://target.scene7.com/is/image/Target/GUEST_65f09d6f-23ce-4965-b4bc-2c107edb74cf?wid=1200&hei=1200&qlt=85 | https://target.scene7.com/is/image/Target/GUEST_e1633e72-01a8-49d2-90e3-dd3c76e19067?wid=1200&hei=1200&qlt=85 | https://target.scene7.com/is/image/Target/GUEST_c9dde929-604f-47be-b749-da781dd063b0?wid=1200&hei=1200&qlt=85,"Sunflower Phone Purse; Front Phone Pocket; Compact Yet Spacious; this small crossbody bag comes with a detachable,",,20% Recycled Cotton,"{""H"": ""7.81"", ""W"": ""5.21"", ""D"": ""5.5""}",7.81 inches (H) x 5.21 inches (W) x 5.5 inches (D),Lightweight,Multiple Compartments,Zip Pocket,Zip Closure,Single handle,Novelty,Do Not Wash,imported,662150356705,,"{""Dimensions (Overall)"": ""7.81 inches (H) x 5.21 inches (W) x 5.5 inches (D)"", ""Shell Material"": ""20% Recycled Cotton"", ""Bag Structure"": ""Lightweight"", ""Interior Features"": ""Multiple Compartments"", ""Exterior Features"": ""Zip Pocket"", ""Main Compartment Closure"": ""Zip Closure"", ""Handle Type"": ""Single handle"", ""Fabric Name"": ""Novelty"", ""Care & Cleaning"": ""Do Not Wash"", ""TCIN"": ""1009144242"", ""UPC"": ""662150356705"", ""Origin"": ""imported""}",True,2026-02-23T00:48:54.700460
1009364487,Narwey Womens Leather Handbags Purses Top-handle Totes Satchel Shoulder Bag,https://www.target.com/p/narwey-womens-leather-handbags-purses-top-handle-totes-satchel-shoulder-bag/-/A-1009364487#lnk=sametab,Narwey,"Target > Clothing, Shoes & Accessories > Accessories > Handbags & Purses > Mini Bags",Mini Bags,61.99,77.99,20.5,True,0.0,0,,False,,,https://target.scene7.com/is/image/Target/GUEST_c2ea1522-70dd-4e4d-a3df-6a210950d192?wid=1200&hei=1200&qlt=85 | https://target.scene7.com/is/image/Target/GUEST_22bf6b55-a331-4c0d-93e5-81b39cf3d739?wid=1200&hei=1200&qlt=85 | https://target.scene7.com/is/image/Target/GUEST_08ce740f-3c23-42ea-82dd-8397941967ba?wid=1200&hei=1200&qlt=85 | https://target.scene7.com/is/image/Target/GUEST_312f280c-3e1f-47ea-9ff4-81a342e5db2b?wid=1200&hei=1200&qlt=85 | https://target.scene7.com/is/image/Target/GUEST_3fcb3771-385f-4223-ba4d-027f344c3b46?wid=1200&hei=1200&qlt=85,[√ MATERIAL] We use the soft high quality PU leather; [√ Enough Space]; [√ Shoulder Strap]; [√ Fashionable Design],,Leather,"{""H"": ""3.15"", ""W"": ""5.91"", ""D"": ""9.84""}",3.15 inches (H) x 5.91 inches (W) x 9.84 inches (D),Lightweight,Multiple Compartments,No Compartments or Pockets,Zip Closure,Shoulder Strap,1 x 1 Rib,Spot or Wipe Clean,imported,917570172474,,"{""Dimensions (Overall)"": ""3.15 inches (H) x 5.91 inches (W) x 9.84 inches (D)"", ""Shell Material"": ""Leather"", ""Bag Structure"": ""Lightweight"", ""Interior Features"": ""Multiple Compartments"", ""Exterior Features"": ""No Compartments or Pockets"", ""Main Compartment Closure"": ""Zip Closure"", ""Handle Type"": ""Shoulder Strap"", ""Fabric Name"": ""1 x 1 Rib"", ""Care & Cleaning"": ""Spot or Wipe Clean"", ""TCIN"": ""1009364487"", ""UPC"": ""917570172474"", ""Origin"": ""imported""}",True,2026-02-23T00:48:54.700460
1007877782,"Girls Velvet Bloom Handbag – Quilted Velvet Purse with Pearl Handle, Floral Charms & Detachable Strap | Dress-Up, Parties & Gifting",https://www.target.com/p/girls-velvet-bloom-handbag-quilted-velvet-purse-with-pearl-handle-floral-charms-detachable-strap-dress-up-parties-gifting/-/A-1007877782#lnk=sametab,Puttisu,"Target > Clothing, Shoes & Accessories > Accessories > Kids’ Accessories > Girls’ Accessories > Bags",Bags,40.0,0.0,0.0,False,0.0,0,,False,,,https://target.scene7.com/is/image/Target/GUEST_e064537e-98ef-4dab-9db8-8e0624d34ad9?wid=1200&hei=1200&qlt=85 | https://target.scene7.com/is/image/Target/GUEST_25bab67b-b4f5-43f7-8fc2-972a2f0b3ad2?wid=1200&hei=1200&qlt=85 | https://target.scene7.com/is/image/Target/GUEST_0c911908-fa93-47fd-89e8-a02665df1835?wid=1200&hei=1200&qlt=85 | https://target.scene7.com/is/image/Target/GUEST_b05813b4-b57a-498f-b91f-90312de42d3d?wid=1200&hei=1200&qlt=85 | https://target.scene7.com/is/image/Target/GUEST_062d4977-7bd7-43f5-9d97-05d28b671241?wid=1200&hei=1200&qlt=85,"LUXE QUILTED VELVET: Soft midnight velvet with elegant quilting creates a rich, premium look perfect for special occasions.; SIGNATURE FLORAL CHARMS: Features sparkling flower details, a perfume-bottle gem, and a sweet “LOVE” accent for extra charm and personality.; PEARL-BEADED HANDLE: Playful oversized pearl handle adds sophistication while making the bag easy and comfortable to carry.; SECURE & SOFT INTERIOR: Magnetic flap closure opens to a gentle, fabric-lined interior that protects small treasures.; DETACHABLE GOLD CHAIN: Offers crossbody convenience, transitioning easily from handheld to hands-free wear.; GIFT-READY ACCESSORY: A stylish choice for birthdays, parties, dress-up moments, and everyday glamour.",,Polyester,"{""H"": ""6.5"", ""W"": "".72"", ""D"": ""6"", ""Maximum Strap Length"": ""40.5 inches"", ""Minimum Strap Length"": ""10 inches""}",6.5 inches (H) x .72 inches (W) x 6 inches (D),"Structured, Lightweight, Miniature",No Compartments or Pockets,"No Compartments or Pockets, Detachable Straps",Magnetic Closure,Beaded Handle,Velour,Spot or Wipe Clean,imported,643556249181,,"{""Dimensions (Overall)"": ""6.5 inches (H) x .72 inches (W) x 6 inches (D)"", ""Shell Material"": ""Polyester"", ""Bag Structure"": ""Structured, Lightweight, Miniature"", ""Interior Features"": ""No Compartments or Pockets"", ""Exterior Features"": ""No Compartments or Pockets, Detachable Straps"", ""Main Compartment Closure"": ""Magnetic Closure"", ""Handle Type"": ""Beaded Handle"", ""Fabric Name"": ""Velour"", ""CPSC Choking Hazard Warnings"": ""Choking_hazard_small_parts"", ""Maximum Strap Length"": ""40.5 inches"", ""Minimum Strap Length"": ""10 inches"", ""Care & Cleaning"": ""Spot or Wipe Clean"", ""TCIN"": ""1007877782"", ""UPC"": ""643556249181"", ""Origin"": ""imported""}",True,2026-02-23T00:48:54.700460
1008459923,Shoulder Bags Crossbody Bag Purses Handbags Crystals Rhinestone Evening Bag for Women Clutch Purse with Chain Style 1: Champagne 5.3×2.4×7.9,https://www.target.com/p/shoulder-bags-crossbody-bag-purses-handbags-crystals-rhinestone-evening-bag-for-women-clutch-purse-with-chain/-/A-1008459923?preselect=1008459924#lnk=sametab,Empire DigiLabs,"Target > Clothing, Shoes & Accessories > Accessories > Handbags & Purses > Clutches",Clutches,77.97,155.94,50.0,True,0.0,0,,False,size5.3×2.4×7.9,,https://target.scene7.com/is/image/Target/GUEST_e9b2ccc9-f9ae-4269-8fbd-a75647f9da9d?wid=1200&hei=1200&qlt=85 | https://target.scene7.com/is/image/Target/GUEST_d8efbccf-8ef2-48d7-8476-4545688ac222?wid=1200&hei=1200&qlt=85 | https://target.scene7.com/is/image/Target/GUEST_ee86edad-35aa-4aad-b787-e80f1c74eb21?wid=1200&hei=1200&qlt=85 | https://target.scene7.com/is/image/Target/GUEST_c50f7401-5127-448a-a925-59fabcc115da?wid=1200&hei=1200&qlt=85 | https://target.scene7.com/is/image/Target/GUEST_863fc770-4d12-4e5e-a7c0-103c7874321e?wid=1200&hei=1200&qlt=85,,,Polyester,"{""H"": ""5.3"", ""W"": ""7.9"", ""D"": ""2.4""}",5.3 inches (H) x 7.9 inches (W) x 2.4 inches (D),Structured,Multiple Compartments,Adjustable Shoulder Strap,Magnetic Closure,Adjustable Shoulder Strap,Novelty,Spot or Wipe Clean,imported,661309791831,,"{""Dimensions (Overall)"": ""5.3 inches (H) x 7.9 inches (W) x 2.4 inches (D)"", ""Shell Material"": ""Polyester"", ""Bag Structure"": ""Structured"", ""Interior Features"": ""Multiple Compartments"", ""Exterior Features"": ""Adjustable Shoulder Strap"", ""Main Compartment Closure"": ""Magnetic Closure"", ""Handle Type"": ""Adjustable Shoulder Strap"", ""Fabric Name"": ""Novelty"", ""Care & Cleaning"": ""Spot or Wipe Clean"", ""TCIN"": ""1008459924"", ""UPC"": ""661309791831"", ""Origin"": ""imported""}",True,2026-02-23T00:48:54.700460
1005030819,"AmeriLeather Beckett Woven Leather Handbag – Top Zip Cowhide Shoulder Bag with Bonus Coin Purse, 12.5"" L x 8"" H x 4"" W",https://www.target.com/p/amerileather-beckett-woven-leather-handbag-top-zip-cowhide-shoulder-bag-with-bonus-coin-purse-12-5-l-x-8-h-x-4-w/-/A-1005030819#lnk=sametab,AmeriLeather,"Target > Clothing, Shoes & Accessories > Accessories > Handbags & Purses",Handbags & Purses,113.02,139.1,18.7,True,0.0,0,,False,,,https://target.scene7.com/is/image/Target/GUEST_08f72d39-9a6b-4f0e-9f16-112ba804c2f5?wid=1200&hei=1200&qlt=85 | https://target.scene7.com/is/image/Target/GUEST_430986de-8cf9-4d4f-bf74-b61ade66a2da?wid=1200&hei=1200&qlt=85 | https://target.scene7.com/is/image/Target/GUEST_aba085ee-047a-4c9f-8b8a-850e09fed99e?wid=1200&hei=1200&qlt=85 | https://target.scene7.com/is/image/Target/GUEST_28dc5023-7735-4e8c-836a-9bcd86eb586c?wid=1200&hei=1200&qlt=85,"Durable Build: Crafted from premium cowhide with quality hardware; Practical Size: 12.5"" L x 8"" H x 4"" W, ideal for business or travel use; Organized Storage: Inner pockets keep essentials secure and accessible; Stylish Texture: Woven facade adds playful elegance to everyday style; Multi-Way Carry: Use as a hand-carry or shoulder bag with adjustable strap",,Leather,"{""H"": ""8"", ""W"": ""12.5"", ""D"": ""4""}",8 inches (H) x 12.5 inches (W) x 4 inches (D),Structured,Accessories Pocket,Detachable Straps,Zip Closure,Adjustable Handle,Non-Woven Fabric,Spot or Wipe Clean,imported,791336193404,,"{""Dimensions (Overall)"": ""8 inches (H) x 12.5 inches (W) x 4 inches (D)"", ""Shell Material"": ""Leather"", ""Bag Structure"": ""Structured"", ""Interior Features"": ""Accessories Pocket"", ""Exterior Features"": ""Detachable Straps"", ""Main Compartment Closure"": ""Zip Closure"", ""Handle Type"": ""Adjustable Handle"", ""Fabric Name"": ""Non-Woven Fabric"", ""Care & Cleaning"": ""Spot or Wipe Clean"", ""TCIN"": ""1005030819"", ""UPC"": ""791336193404"", ""Origin"": ""imported""}",True,2026-02-23T00:49:38.453635
93736182,FAO Schwarz Cliqs Plush Controller Purse,https://www.target.com/p/fao-schwarz-cliqs-plush-controller-purse/-/A-93736182#lnk=sametab,FAO Schwarz,"Target > Clothing, Shoes & Accessories > Accessories > Kids’ Accessories > Girls’ Accessories > Bags",Bags,14.99,0.0,0.0,False,4.9,11,,False,,,https://target.scene7.com/is/image/Target/GUEST_4628eaa5-1b94-4528-b6bc-46dbf694ccda?wid=1200&hei=1200&qlt=85 | https://target.scene7.com/is/image/Target/GUEST_b0974ea8-963c-4e66-b7b2-aa553530a351?wid=1200&hei=1200&qlt=85 | https://target.scene7.com/is/image/Target/GUEST_16d1a1c7-3466-4fa2-9a2e-f22b6587e79e?wid=1200&hei=1200&qlt=85 | https://target.scene7.com/is/image/Target/GUEST_d07eed3f-42c1-4d33-b283-7565b9761f4f?wid=1200&hei=1200&qlt=85 | https://target.scene7.com/is/image/Target/GUEST_fe58d9b9-01be-4a1f-8a5b-3858e7ac0b6b?wid=1200&hei=1200&qlt=85 | https://target.scene7.com/is/image/Target/GUEST_8bba3800-97b2-405a-b570-a68e1ee5ce27?wid=1200&hei=1200&qlt=85,"Soft plush game controller purse for playful everyday style; Colorful embroidered buttons bring fun gamer-inspired flair; Zipper pocket keeps your mini essentials close by; Signature FAO Schwarz print lining adds iconic flair; Fun fashion accessory to elevate your outfit instantly; F.A.O. Schwarz®, celebrating the wonder of childhood since 1862",,Polyester,"{""H"": ""3.54"", ""W"": ""9.45"", ""D"": ""3.45"", ""Maximum Strap Length"": ""36 Inches""}",3.54 Inches (H) x 9.45 Inches (W) x 3.45 Inches (D),Collapsible,Accessories Pocket,Zip Pocket,Zip Closure,Carrying Handle,Woven,Clean With Water and Mild Detergent,Imported,840397509874,086-13-2655,"{""Dimensions (Overall)"": ""3.54 Inches (H) x 9.45 Inches (W) x 3.45 Inches (D)"", ""Shell Material"": ""Polyester"", ""Bag Structure"": ""Collapsible"", ""Interior Features"": ""Accessories Pocket"", ""Exterior Features"": ""Zip Pocket"", ""Main Compartment Closure"": ""Zip Closure"", ""Handle Type"": ""Carrying Handle"", ""Fabric Name"": ""Woven"", ""Maximum Strap Length"": ""36 Inches"", ""Care & Cleaning"": ""Clean With Water and Mild Detergent"", ""TCIN"": ""93736182"", ""UPC"": ""840397509874"", ""Item Number (DPCI)"": ""086-13-2655"", ""Origin"": ""Imported""}",True,2026-02-23T00:49:38.453635
1008459942,"Glitter Top Handle Evening Clutch Purse with/Chain for Party Prom Wedding Cocktail Club Champagne 7.9"" x 2.2"" x 5.3""",https://www.target.com/p/glitter-top-handle-evening-clutch-purse-with-chain-for-party-prom-wedding-cocktail-club/-/A-1008459942?preselect=1008459941#lnk=sametab,Empire DigiLabs,"Target > Clothing, Shoes & Accessories > Accessories > Handbags & Purses > Clutches",Clutches,59.97,119.94,50.0,True,0.0,0,,False,"size7.9"" x 2.2"" x 5.3""",,https://target.scene7.com/is/image/Target/GUEST_8d4a7d13-beeb-439a-879c-ecdc6d04d88f?wid=1200&hei=1200&qlt=85 | https://target.scene7.com/is/image/Target/GUEST_9c2b0ba4-3f77-4551-a7c8-4e6801e4b3dd?wid=1200&hei=1200&qlt=85 | https://target.scene7.com/is/image/Target/GUEST_7008a2bf-15dd-47bd-8a74-f4da878ba288?wid=1200&hei=1200&qlt=85 | https://target.scene7.com/is/image/Target/GUEST_fcf2b988-cc3b-4abf-98a1-ea12722a2d03?wid=1200&hei=1200&qlt=85 | https://target.scene7.com/is/image/Target/GUEST_a3e014ac-758c-4a5e-8b91-6f7bc3a31d37?wid=1200&hei=1200&qlt=85,,,Polyester,"{""H"": ""5.3"", ""W"": ""7.9"", ""D"": ""2.2""}",5.3 inches (H) x 7.9 inches (W) x 2.2 inches (D),Structured,Multiple Compartments,Detachable Straps,Snap closure,Top Carrying Handle,Novelty,Spot or Wipe Clean,imported,661309792500,,"{""Dimensions (Overall)"": ""5.3 inches (H) x 7.9 inches (W) x 2.2 inches (D)"", ""Shell Material"": ""Polyester"", ""Bag Structure"": ""Structured"", ""Interior Features"": ""Multiple Compartments"", ""Exterior Features"": ""Detachable Straps"", ""Main Compartment Closure"": ""Snap closure"", ""Handle Type"": ""Top Carrying Handle"", ""Fabric Name"": ""Novelty"", ""Care & Cleaning"": ""Spot or Wipe Clean"", ""TCIN"": ""1008459941"", ""UPC"": ""661309792500"", ""Origin"": ""imported""}",True,2026-02-23T00:49:38.453635
1005622063,Paaaawaters Small Crescent Crossbody Bags for Women Leather Sling Crossbody Purse Shoulder Bag with Adjustable Wide Strap,https://www.target.com/p/paaaawaters-small-crescent-crossbody-bags-for-women-leather-sling-crossbody-purse-shoulder-bag-with-adjustable-wide-strap/-/A-1005622063?preselect=1005622062#lnk=sametab,Paaaawaters,"Target > Clothing, Shoes & Accessories > Accessories > Handbags & Purses > Crossbody & Messenger Bags",Crossbody & Messenger Bags,54.26,59.28,8.5,True,0.0,0,,False,size8,,https://target.scene7.com/is/image/Target/GUEST_afa2d208-8257-41d0-9b49-5e71f11a722d?wid=1200&hei=1200&qlt=85 | https://target.scene7.com/is/image/Target/GUEST_35be5710-17fa-4757-9515-fdf8f726156a?wid=1200&hei=1200&qlt=85 | https://target.scene7.com/is/image/Target/GUEST_9a53befe-edcc-45fd-88f1-f6c25b510200?wid=1200&hei=1200&qlt=85 | https://target.scene7.com/is/image/Target/GUEST_05c7c30f-302f-4548-aea3-5fd692458825?wid=1200&hei=1200&qlt=85 | https://target.scene7.com/is/image/Target/GUEST_227efafb-a93a-4bdb-9b6e-fd5263e2f388?wid=1200&hei=1200&qlt=85 | https://target.scene7.com/is/image/Target/GUEST_58fe132c-d950-45bf-9a33-ed856a806ebf?wid=1200&hei=1200&qlt=85 | https://target.scene7.com/is/image/Target/baseswatch?wid=1200&hei=1200&qlt=85,Large capacity; Convenience; Fashion,,Leather,"{""H"": ""7"", ""W"": ""8"", ""D"": ""3""}",7 inches (H) x 8 inches (W) x 3 inches (D),Softside,Zip Pocket,Zip Pocket,Zip Closure,Adjustable Shoulder Strap,Faux Leather,Do Not Submerge in Water,imported,9322180692488,,"{""Dimensions (Overall)"": ""7 inches (H) x 8 inches (W) x 3 inches (D)"", ""Shell Material"": ""Leather"", ""Bag Structure"": ""Softside"", ""Interior Features"": ""Zip Pocket"", ""Exterior Features"": ""Zip Pocket"", ""Main Compartment Closure"": ""Zip Closure"", ""Handle Type"": ""Adjustable Shoulder Strap"", ""Fabric Name"": ""Faux Leather"", ""Care & Cleaning"": ""Do Not Submerge in Water"", ""TCIN"": ""1005622062"", ""UPC"": ""9322180692488"", ""Origin"": ""imported""}",True,2026-02-23T00:49:38.453635
1009350499,"Narwey Small Crossbody Bags for Women, Triple Zip Crossbody Cell Phone Purse",https://www.target.com/p/narwey-small-crossbody-bags-for-women-triple-zip-crossbody-cell-phone-purse/-/A-1009350499#lnk=sametab,Narwey,"Target > Clothing, Shoes & Accessories > Accessories > Handbags & Purses > Shoulder Bags",Shoulder Bags,45.99,68.99,33.3,True,0.0,0,,False,,,https://target.scene7.com/is/image/Target/GUEST_5efb8569-6928-4c4b-8bf0-6952a4d96f3d?wid=1200&hei=1200&qlt=85 | https://target.scene7.com/is/image/Target/GUEST_f4b74df4-7232-4911-93bf-0b467b1d8e63?wid=1200&hei=1200&qlt=85 | https://target.scene7.com/is/image/Target/GUEST_cc61f1dd-955b-45af-ae05-325b4eb1fb3d?wid=1200&hei=1200&qlt=85 | https://target.scene7.com/is/image/Target/GUEST_871454ce-37eb-4049-bede-73da9e7b893e?wid=1200&hei=1200&qlt=85 | https://target.scene7.com/is/image/Target/GUEST_6c352059-7fc0-442f-bada-40c26cbc2967?wid=1200&hei=1200&qlt=85,Premium Material:; Size : Measures 9.3 in (L) x 3.3 in (W) x 6.5 in (H); Functional and Spacious Design; Lightweight and Multi Wear Way,,Leather,"{""H"": ""7.32"", ""W"": ""1.97"", ""D"": ""11.5""}",7.32 inches (H) x 1.97 inches (W) x 11.5 inches (D),Lightweight,Multiple Compartments,No Compartments or Pockets,Zip Closure,Shoulder Strap,2 x 2 Rib,Spot or Wipe Clean,imported,773572396894,,"{""Dimensions (Overall)"": ""7.32 inches (H) x 1.97 inches (W) x 11.5 inches (D)"", ""Shell Material"": ""Leather"", ""Bag Structure"": ""Lightweight"", ""Interior Features"": ""Multiple Compartments"", ""Exterior Features"": ""No Compartments or Pockets"", ""Main Compartment Closure"": ""Zip Closure"", ""Handle Type"": ""Shoulder Strap"", ""Fabric Name"": ""2 x 2 Rib"", ""Care & Cleaning"": ""Spot or Wipe Clean"", ""TCIN"": ""1009350499"", ""UPC"": ""773572396894"", ""Origin"": ""imported""}",True,2026-02-23T00:49:38.453635
1009300418,Narwey 3PCS Purses for Women Tote Bag and Wallet Set Shoulder Satchel Crossbody Bags,https://www.target.com/p/narwey-3pcs-purses-for-women-tote-bag-and-wallet-set-shoulder-satchel-crossbody-bags/-/A-1009300418#lnk=sametab,Narwey,"Target > Clothing, Shoes & Accessories > Accessories > Handbags & Purses > Shoulder Bags",Shoulder Bags,80.99,99.99,19.0,True,0.0,0,,False,,,https://target.scene7.com/is/image/Target/GUEST_e20e330c-48ff-456e-b4f8-efe163544c90?wid=1200&hei=1200&qlt=85 | https://target.scene7.com/is/image/Target/GUEST_5086865b-bb6f-4f58-ab2e-db98dbad79f8?wid=1200&hei=1200&qlt=85 | https://target.scene7.com/is/image/Target/GUEST_23771830-8581-4a60-8b90-e365e1fe3254?wid=1200&hei=1200&qlt=85 | https://target.scene7.com/is/image/Target/GUEST_9e093b50-efdf-4146-85cb-1042e20b835e?wid=1200&hei=1200&qlt=85 | https://target.scene7.com/is/image/Target/GUEST_aa7f95dd-6de7-4471-a758-6298b68fe18c?wid=1200&hei=1200&qlt=85,Montana West Classic Handbags; Multi-function; Superb Material:; Exquisite Detail,,Leather,"{""H"": ""11"", ""W"": ""3"", ""D"": ""15""}",11 inches (H) x 3 inches (W) x 15 inches (D),Lightweight,Multiple Compartments,No Compartments or Pockets,Zip Closure,Shoulder Strap,1 x 1 Rib,Shake Clean,imported,977051119145,,"{""Dimensions (Overall)"": ""11 inches (H) x 3 inches (W) x 15 inches (D)"", ""Shell Material"": ""Leather"", ""Bag Structure"": ""Lightweight"", ""Interior Features"": ""Multiple Compartments"", ""Exterior Features"": ""No Compartments or Pockets"", ""Main Compartment Closure"": ""Zip Closure"", ""Handle Type"": ""Shoulder Strap"", ""Fabric Name"": ""1 x 1 Rib"", ""Care & Cleaning"": ""Shake Clean"", ""TCIN"": ""1009300418"", ""UPC"": ""977051119145"", ""Origin"": ""imported""}",True,2026-02-23T00:49:38.453635
1003311490,"Slickblue Compact Faux Leather Purse, Inner Pocket Feature, Clutch Style Bag, Red",https://www.target.com/p/slickblue-compact-faux-leather-purse-inner-pocket-feature-clutch-style-bag-multiple-color-options-5-7/-/A-1003311490?preselect=1003311496#lnk=sametab,Slickblue,"Target > Clothing, Shoes & Accessories > Accessories > Handbags & Purses > Clutches",Clutches,23.99,0.0,0.0,False,1.0,1,,False,red,,https://target.scene7.com/is/image/Target/GUEST_3189768d-2ae8-44bb-b15f-c25925eb780f?wid=1200&hei=1200&qlt=85 | https://target.scene7.com/is/image/Target/GUEST_0e547cd8-f49a-48cd-bcba-6a2b95c60d99?wid=1200&hei=1200&qlt=85 | https://target.scene7.com/is/image/Target/GUEST_8980bdd4-dfd9-47ea-8a0e-e3df451891cf?wid=1200&hei=1200&qlt=85 | https://target.scene7.com/is/image/Target/GUEST_29663256-a82f-49b0-9423-f83ed5881d2c?wid=1200&hei=1200&qlt=85 | https://target.scene7.com/is/image/Target/GUEST_10e1cd83-637e-4353-a4dd-cf567fafe1b3?wid=1200&hei=1200&qlt=85 | https://target.scene7.com/is/image/Target/GUEST_62d05a2b-7498-420a-927b-2449aaa98a3f?wid=1200&hei=1200&qlt=85 | https://target.scene7.com/is/image/Target/GUEST_83a8de7c-4e8c-409f-af26-b8409182d065?wid=1200&hei=1200&qlt=85 | https://target.scene7.com/is/image/Target/GUEST_7e87183b-2cca-47de-bc36-050628632b2e?wid=1200&hei=1200&qlt=85 | https://target.scene7.com/is/image/Target/GUEST_95385d67-222e-49dc-ab5f-125c8fbe4828?wid=1200&hei=1200&qlt=85,"Faux leather with vibrant multicolored design; Compact size fits phones and small items; Oval dual handles for easy and comfortable carry; Neat stitching and metallic hardware accents; Organizes essentials with interior pockets; Available in Blue, Green-Pink, Green-Black, Orange, Pink, Pink-Orange, Red, Rosered; Ideal for casual, everyday use; Matches easily with different outfits; A great gift for friends and loved ones",,Polyurethane,"{""H"": "".3"", ""W"": ""3.3"", ""D"": ""5.7""}",.3 inches (H) x 3.3 inches (W) x 5.7 inches (D),Pouch,Cell Phone Pocket,Detachable Straps,Flap Closure,Removable Strap,Faux Leather,Care Instructions Not Provided,imported,639195996524,,"{""Dimensions (Overall)"": "".3 inches (H) x 3.3 inches (W) x 5.7 inches (D)"", ""Shell Material"": ""Polyurethane"", ""Bag Structure"": ""Pouch"", ""Interior Features"": ""Cell Phone Pocket"", ""Exterior Features"": ""Detachable Straps"", ""Main Compartment Closure"": ""Flap Closure"", ""Handle Type"": ""Removable Strap"", ""Fabric Name"": ""Faux Leather"", ""Care & Cleaning"": ""Care Instructions Not Provided"", ""TCIN"": ""1003311496"", ""UPC"": ""639195996524"", ""Origin"": ""imported""}",True,2026-02-23T00:49:38.453635
1009277808,Narwey Multi-Ways Moon Purse 2000s Y2k Crossbody Crescent Handbag,https://www.target.com/p/narwey-multi-ways-moon-purse-2000s-y2k-crossbody-crescent-handbag/-/A-1009277808#lnk=sametab,Narwey,"Target > Clothing, Shoes & Accessories > Accessories > Handbags & Purses > Mini Bags",Mini Bags,47.99,57.99,17.2,True,0.0,0,,False,,,https://target.scene7.com/is/image/Target/GUEST_cef83ee9-c87d-4adf-a91c-6bf938f85f25?wid=1200&hei=1200&qlt=85 | https://target.scene7.com/is/image/Target/GUEST_5b27c738-3e58-489b-b060-2e3b83659043?wid=1200&hei=1200&qlt=85 | https://target.scene7.com/is/image/Target/GUEST_e82dc8db-22b1-483c-bd76-4951a42a726e?wid=1200&hei=1200&qlt=85 | https://target.scene7.com/is/image/Target/GUEST_f48b00f0-a028-412b-aee2-98c14745597e?wid=1200&hei=1200&qlt=85 | https://target.scene7.com/is/image/Target/GUEST_0b397066-ffde-42eb-b04c-894b7b85a6aa?wid=1200&hei=1200&qlt=85,Materials; Neat Internal; Silver megnet snap closure; Mini Sized Purse Measures,,Leather,"{""H"": ""1.57"", ""W"": ""4.72"", ""D"": ""9.84""}",1.57 inches (H) x 4.72 inches (W) x 9.84 inches (D),Lightweight,Multiple Compartments,No Compartments or Pockets,Magnetic Closure,Single handle,1 x 1 Rib,Shake Clean,imported,141200848082,,"{""Dimensions (Overall)"": ""1.57 inches (H) x 4.72 inches (W) x 9.84 inches (D)"", ""Shell Material"": ""Leather"", ""Bag Structure"": ""Lightweight"", ""Interior Features"": ""Multiple Compartments"", ""Exterior Features"": ""No Compartments or Pockets"", ""Main Compartment Closure"": ""Magnetic Closure"", ""Handle Type"": ""Single handle"", ""Fabric Name"": ""1 x 1 Rib"", ""Care & Cleaning"": ""Shake Clean"", ""TCIN"": ""1009277808"", ""UPC"": ""141200848082"", ""Origin"": ""imported""}",True,2026-02-23T00:49:38.453635
1009340261,Narwey Quilted Crossbody Bags for Women Purses Handbags Small Vegan Leather,https://www.target.com/p/narwey-quilted-crossbody-bags-for-women-purses-handbags-small-vegan-leather/-/A-1009340261#lnk=sametab,Narwey,"Target > Clothing, Shoes & Accessories > Accessories > Handbags & Purses > Crossbody & Messenger Bags",Crossbody & Messenger Bags,47.99,59.99,20.0,True,0.0,0,,False,,,https://target.scene7.com/is/image/Target/GUEST_8cfc520d-3593-43ac-92e2-e7972116318d?wid=1200&hei=1200&qlt=85 | https://target.scene7.com/is/image/Target/GUEST_e5c718ee-dae0-4f5c-8e3d-d901b9bd001a?wid=1200&hei=1200&qlt=85 | https://target.scene7.com/is/image/Target/GUEST_35f2874f-d40a-437a-bafa-e9f7290e1e69?wid=1200&hei=1200&qlt=85 | https://target.scene7.com/is/image/Target/GUEST_a72fc6e9-50e0-4d27-bb6a-e84ca43935c2?wid=1200&hei=1200&qlt=85 | https://target.scene7.com/is/image/Target/GUEST_651afe9d-386f-4410-828f-6c570f2ba41a?wid=1200&hei=1200&qlt=85,【Material 】The crossbody bags; 【Size】; 【Design】; 【Good Choice for Gifts】,,Leather,"{""H"": ""3"", ""W"": ""7.5"", ""D"": ""9.5""}",3 inches (H) x 7.5 inches (W) x 9.5 inches (D),Lightweight,Multiple Compartments,Zip Pocket,Zip Closure,Shoulder Strap,1 x 1 Rib,Spot or Wipe Clean,imported,842046945972,,"{""Dimensions (Overall)"": ""3 inches (H) x 7.5 inches (W) x 9.5 inches (D)"", ""Shell Material"": ""Leather"", ""Bag Structure"": ""Lightweight"", ""Interior Features"": ""Multiple Compartments"", ""Exterior Features"": ""Zip Pocket"", ""Main Compartment Closure"": ""Zip Closure"", ""Handle Type"": ""Shoulder Strap"", ""Fabric Name"": ""1 x 1 Rib"", ""Care & Cleaning"": ""Spot or Wipe Clean"", ""TCIN"": ""1009340261"", ""UPC"": ""842046945972"", ""Origin"": ""imported""}",True,2026-02-23T00:49:38.453635
1009528049,Narwey Purses and Handbags for Women Synthetic Leather Tote Crossbody,https://www.target.com/p/narwey-purses-and-handbags-for-women-synthetic-leather-tote-crossbody/-/A-1009528049#lnk=sametab,Narwey,"Target > Clothing, Shoes & Accessories > Accessories > Handbags & Purses > Totes",Totes,68.99,75.99,9.2,True,0.0,0,,False,,,https://target.scene7.com/is/image/Target/GUEST_0112be87-c372-4350-8a1b-a9f119f27e9d?wid=1200&hei=1200&qlt=85 | https://target.scene7.com/is/image/Target/GUEST_2e5eb1b6-7b91-473c-8e31-fad009c80944?wid=1200&hei=1200&qlt=85 | https://target.scene7.com/is/image/Target/GUEST_785c2114-4ee7-4e47-aafa-2178121df224?wid=1200&hei=1200&qlt=85 | https://target.scene7.com/is/image/Target/GUEST_abfec01a-cf2b-4d28-bf1d-88ce1a48a93b?wid=1200&hei=1200&qlt=85 | https://target.scene7.com/is/image/Target/GUEST_4aaaf314-67e1-4191-8561-a8e167f769f7?wid=1200&hei=1200&qlt=85,Purses and handbags for women use synthetic leather as fabric material.; Tote bags:13.4x11x5.1 inch(W*H*D);; 6pcs purse set:One large tote bag; Classic and fashionable women purses and handbags,,TPU (Thermoplastic Polyurethane),"{""H"": ""11.4"", ""W"": ""4.7"", ""D"": ""11""}",11.4 inches (H) x 4.7 inches (W) x 11 inches (D),Dome,Multiple Compartments,No Compartments or Pockets,Zip Closure,Adjustable Shoulder Strap,2 x 2 Rib,Do Not Wash,imported,891081532005,,"{""Dimensions (Overall)"": ""11.4 inches (H) x 4.7 inches (W) x 11 inches (D)"", ""Shell Material"": ""TPU (Thermoplastic Polyurethane)"", ""Bag Structure"": ""Dome"", ""Interior Features"": ""Multiple Compartments"", ""Exterior Features"": ""No Compartments or Pockets"", ""Main Compartment Closure"": ""Zip Closure"", ""Handle Type"": ""Adjustable Shoulder Strap"", ""Fabric Name"": ""2 x 2 Rib"", ""Care & Cleaning"": ""Do Not Wash"", ""TCIN"": ""1009528049"", ""UPC"": ""891081532005"", ""Origin"": ""imported""}",True,2026-02-23T00:49:38.453635
1007928429,"Leather Purse For Women Ladies Shoulder Handbag For Work, Travel, Casual Use Deep Brown Vintage  10.5 x 15 x 3",https://www.target.com/p/leather-purse-for-women-ladies-shoulder-handbag-for-work-travel-casual-use/-/A-1007928429?preselect=1007928430#lnk=sametab,Empire DigiLabs,"Target > Clothing, Shoes & Accessories > Accessories > Handbags & Purses > Mini Bags",Mini Bags,149.97,299.94,50.0,True,0.0,0,,False,size10.5 x 15 x 3,,https://target.scene7.com/is/image/Target/GUEST_e8e8fcff-7ab0-43ae-abfd-463e794f4978?wid=1200&hei=1200&qlt=85 | https://target.scene7.com/is/image/Target/GUEST_d1a71458-5e2a-4099-8c90-3cda8d7e2d0e?wid=1200&hei=1200&qlt=85 | https://target.scene7.com/is/image/Target/GUEST_4c69af56-ec7a-4566-808c-0c04fd045ce7?wid=1200&hei=1200&qlt=85 | https://target.scene7.com/is/image/Target/GUEST_07906b83-9d2a-43f0-a124-2322cfd24243?wid=1200&hei=1200&qlt=85 | https://target.scene7.com/is/image/Target/GUEST_9ff1aabf-14d4-4809-8a9e-06238abea51e?wid=1200&hei=1200&qlt=85,,,Leather,"{""H"": ""10.5"", ""W"": ""15"", ""D"": ""3""}",10.5 inches (H) x 15 inches (W) x 3 inches (D),Structured,Multiple Compartments,No Compartments or Pockets,Zip Closure,Top Carrying Handle,Faux Leather,Spot or Wipe Clean,imported,661309841963,,"{""Dimensions (Overall)"": ""10.5 inches (H) x 15 inches (W) x 3 inches (D)"", ""Shell Material"": ""Leather"", ""Bag Structure"": ""Structured"", ""Interior Features"": ""Multiple Compartments"", ""Exterior Features"": ""No Compartments or Pockets"", ""Main Compartment Closure"": ""Zip Closure"", ""Handle Type"": ""Top Carrying Handle"", ""Fabric Name"": ""Faux Leather"", ""Care & Cleaning"": ""Spot or Wipe Clean"", ""TCIN"": ""1007928430"", ""UPC"": ""661309841963"", ""Origin"": ""imported""}",True,2026-02-23T00:49:38.453635
1009142432,"Narwey Crossbody Bags for Women, Medium Size Shoulder Handbags, Satchel Purse",https://www.target.com/p/narwey-crossbody-bags-for-women-medium-size-shoulder-handbags-satchel-purse/-/A-1009142432#lnk=sametab,Narwey,"Target > Clothing, Shoes & Accessories > Accessories > Handbags & Purses > Shoulder Bags",Shoulder Bags,70.99,76.99,7.8,True,0.0,0,,False,,,https://target.scene7.com/is/image/Target/GUEST_c2b5235a-53e7-41a9-b2a5-98c0b538589f?wid=1200&hei=1200&qlt=85 | https://target.scene7.com/is/image/Target/GUEST_7313ee4e-2dda-4559-a56e-819a360de06e?wid=1200&hei=1200&qlt=85 | https://target.scene7.com/is/image/Target/GUEST_7fc85421-e4f1-449a-8607-1ac77f6e2e67?wid=1200&hei=1200&qlt=85 | https://target.scene7.com/is/image/Target/GUEST_35931aef-e668-410b-af3f-4df38eebf4df?wid=1200&hei=1200&qlt=85 | https://target.scene7.com/is/image/Target/GUEST_ece7f811-9fd8-4a29-915d-fb9f6c516b56?wid=1200&hei=1200&qlt=85,👜Stylish and practical; 👜 Premium vegan leather; 👜Stay organized; 👜Easy-access design,,100% Recycled Nylon,"{""H"": "".1"", ""W"": "".1"", ""D"": "".1""}",.1 inches (H) x .1 inches (W) x .1 inches (D),Unstructured,Multiple Compartments,No Compartments or Pockets,Zip Closure,Single handle,Novelty,Do Not Wash,imported,916867305779,,"{""Dimensions (Overall)"": "".1 inches (H) x .1 inches (W) x .1 inches (D)"", ""Shell Material"": ""100% Recycled Nylon"", ""Bag Structure"": ""Unstructured"", ""Interior Features"": ""Multiple Compartments"", ""Exterior Features"": ""No Compartments or Pockets"", ""Main Compartment Closure"": ""Zip Closure"", ""Handle Type"": ""Single handle"", ""Fabric Name"": ""Novelty"", ""Care & Cleaning"": ""Do Not Wash"", ""TCIN"": ""1009142432"", ""UPC"": ""916867305779"", ""Origin"": ""imported""}",True,2026-02-23T00:49:38.453635
1009352343,Narwey Fashion shoulder Bag for Women's Cute Hobo Tote Handbag Mini Clutch Underarm Purse,https://www.target.com/p/narwey-fashion-shoulder-bag-for-women-s-cute-hobo-tote-handbag-mini-clutch-underarm-purse/-/A-1009352343#lnk=sametab,Narwey,"Target > Clothing, Shoes & Accessories > Accessories > Handbags & Purses > Mini Bags",Mini Bags,31.99,0.0,0.0,False,0.0,0,,False,,,https://target.scene7.com/is/image/Target/GUEST_ed15ffd8-8fbc-49e3-a266-5f34ef6f718b?wid=1200&hei=1200&qlt=85 | https://target.scene7.com/is/image/Target/GUEST_c9bd7676-c11b-4952-8509-af754678d77e?wid=1200&hei=1200&qlt=85 | https://target.scene7.com/is/image/Target/GUEST_7ca64ff3-9c76-4c5e-8427-1e624b3cf0db?wid=1200&hei=1200&qlt=85 | https://target.scene7.com/is/image/Target/GUEST_9ba28ca9-a2bc-4aa8-a8cb-65416450746b?wid=1200&hei=1200&qlt=85 | https://target.scene7.com/is/image/Target/GUEST_0add06be-8127-4863-b135-7cfd8842b12e?wid=1200&hei=1200&qlt=85,Lightweight and fashionable design; High quality materials; Large capacity space; Multi functional usage scenarios,,20% Recycled Poly-Fiber,"{""H"": ""10.3"", ""W"": ""3"", ""D"": ""7""}",10.3 inches (H) x 3 inches (W) x 7 inches (D),Dome,Multiple Compartments,No Compartments or Pockets,Zip Closure,Single handle,2 x 2 Rib,Do Not Wash,imported,636742308069,,"{""Dimensions (Overall)"": ""10.3 inches (H) x 3 inches (W) x 7 inches (D)"", ""Shell Material"": ""20% Recycled Poly-Fiber"", ""Bag Structure"": ""Dome"", ""Interior Features"": ""Multiple Compartments"", ""Exterior Features"": ""No Compartments or Pockets"", ""Main Compartment Closure"": ""Zip Closure"", ""Handle Type"": ""Single handle"", ""Fabric Name"": ""2 x 2 Rib"", ""Care & Cleaning"": ""Do Not Wash"", ""TCIN"": ""1009352343"", ""UPC"": ""636742308069"", ""Origin"": ""imported""}",True,2026-02-23T00:49:38.453635
1009172534,Narwey Crossbody Bag Purse For Women Bohemian Shoulder Bag Woven Crochet Purse Handbag,https://www.target.com/p/narwey-crossbody-bag-purse-for-women-bohemian-shoulder-bag-woven-crochet-purse-handbag/-/A-1009172534#lnk=sametab,Narwey,"Target > Clothing, Shoes & Accessories > Accessories > Handbags & Purses > Shoulder Bags",Shoulder Bags,37.99,41.99,9.5,True,0.0,0,,False,,,https://target.scene7.com/is/image/Target/GUEST_4b659a79-8e6e-4a76-b47b-134ff77bfe9e?wid=1200&hei=1200&qlt=85 | https://target.scene7.com/is/image/Target/GUEST_c4694d5d-2209-472b-8379-fa760be609ea?wid=1200&hei=1200&qlt=85 | https://target.scene7.com/is/image/Target/GUEST_99bf1fd1-4497-44fd-b850-6373aadec147?wid=1200&hei=1200&qlt=85 | https://target.scene7.com/is/image/Target/GUEST_4d458b8c-d34f-42ca-b624-bd3f6eed4c0f?wid=1200&hei=1200&qlt=85 | https://target.scene7.com/is/image/Target/GUEST_a64a4034-85bd-4533-a446-be13a4d2232e?wid=1200&hei=1200&qlt=85,Beautiful woven pattern; Large Capacity; Protable Size; Versatile,,Polyester,"{""H"": ""1.73"", ""W"": ""8.5"", ""D"": ""9.92""}",1.73 inches (H) x 8.5 inches (W) x 9.92 inches (D),Lightweight,Multiple Compartments,No Compartments or Pockets,Zip Closure,Single handle,2 x 2 Rib,Do Not Wash,imported,139821859761,,"{""Dimensions (Overall)"": ""1.73 inches (H) x 8.5 inches (W) x 9.92 inches (D)"", ""Shell Material"": ""Polyester"", ""Bag Structure"": ""Lightweight"", ""Interior Features"": ""Multiple Compartments"", ""Exterior Features"": ""No Compartments or Pockets"", ""Main Compartment Closure"": ""Zip Closure"", ""Handle Type"": ""Single handle"", ""Fabric Name"": ""2 x 2 Rib"", ""Care & Cleaning"": ""Do Not Wash"", ""TCIN"": ""1009172534"", ""UPC"": ""139821859761"", ""Origin"": ""imported""}",True,2026-02-23T00:49:38.453635
1009363921,Narwey Fashion Purses and Handbags for Women Elegant Crossbody bag,https://www.target.com/p/narwey-fashion-purses-and-handbags-for-women-elegant-crossbody-bag/-/A-1009363921#lnk=sametab,Narwey,"Target > Clothing, Shoes & Accessories > Accessories > Handbags & Purses > Shoulder Bags",Shoulder Bags,53.99,69.99,22.9,True,0.0,0,,False,,,https://target.scene7.com/is/image/Target/GUEST_a0c1265e-a439-4e6a-b795-a10562e5db30?wid=1200&hei=1200&qlt=85 | https://target.scene7.com/is/image/Target/GUEST_7df2fa9e-d49e-4edb-8834-b3bbcb64846e?wid=1200&hei=1200&qlt=85 | https://target.scene7.com/is/image/Target/GUEST_b2a05218-c325-43fb-bfc4-f71d33d9db3f?wid=1200&hei=1200&qlt=85 | https://target.scene7.com/is/image/Target/GUEST_d3f726cb-4b57-4b67-848b-3a7a76d04b17?wid=1200&hei=1200&qlt=85 | https://target.scene7.com/is/image/Target/GUEST_a832fdc2-7d78-4411-aa3c-3276081364a3?wid=1200&hei=1200&qlt=85,"Material: High Quality PU Leather; This is a simple and versatile small handbag; 2 Main pockets: It has 2 main pockets.; Perfect Gift: It's a perfect gift for birthdays,",,Polyester,"{""H"": ""7.95"", ""W"": ""5.31"", ""D"": ""10.24""}",7.95 inches (H) x 5.31 inches (W) x 10.24 inches (D),Lightweight,Multiple Compartments,No Compartments or Pockets,Zip Closure,Shoulder Strap,1 x 1 Rib,Spot or Wipe Clean,imported,389964844548,,"{""Dimensions (Overall)"": ""7.95 inches (H) x 5.31 inches (W) x 10.24 inches (D)"", ""Shell Material"": ""Polyester"", ""Bag Structure"": ""Lightweight"", ""Interior Features"": ""Multiple Compartments"", ""Exterior Features"": ""No Compartments or Pockets"", ""Main Compartment Closure"": ""Zip Closure"", ""Handle Type"": ""Shoulder Strap"", ""Fabric Name"": ""1 x 1 Rib"", ""Care & Cleaning"": ""Spot or Wipe Clean"", ""TCIN"": ""1009363921"", ""UPC"": ""389964844548"", ""Origin"": ""imported""}",True,2026-02-23T00:49:38.453635
1009249171,Narwey Shoulder Bag for Women Small Purse Trendy Clutch Hobo Bag Vegan Leather Mini Handbag Black,https://www.target.com/p/narwey-shoulder-bag-for-women-small-purse-trendy-clutch-hobo-bag-vegan-leather-mini-handbag-black/-/A-1009249171#lnk=sametab,Narwey,"Target > Clothing, Shoes & Accessories > Accessories > Handbags & Purses > Mini Bags",Mini Bags,56.99,0.0,0.0,False,0.0,0,,False,,,https://target.scene7.com/is/image/Target/GUEST_dc9887e6-aa48-4c7e-955d-154d5bbc2a0c?wid=1200&hei=1200&qlt=85 | https://target.scene7.com/is/image/Target/GUEST_7dd0af3c-ba1e-4151-86a2-e8d4a1a0a326?wid=1200&hei=1200&qlt=85 | https://target.scene7.com/is/image/Target/GUEST_6e04374f-7973-4bed-9eab-578219f2af72?wid=1200&hei=1200&qlt=85 | https://target.scene7.com/is/image/Target/GUEST_1c9c6b2d-63f7-47e3-97ac-956431dd0fcd?wid=1200&hei=1200&qlt=85 | https://target.scene7.com/is/image/Target/GUEST_1a359130-b223-46a6-bfbe-8d513ce304b6?wid=1200&hei=1200&qlt=85,Classics and Innovations; Three-compartment Design; Great Gift; Unique Design,,TPU (Thermoplastic Polyurethane),"{""H"": ""8.26"", ""W"": ""2.75"", ""D"": ""5.12""}",8.26 inches (H) x 2.75 inches (W) x 5.12 inches (D),Lightweight,Multiple Compartments,No Compartments or Pockets,Zip Closure,Single handle,Slub,Do Not Wash,imported,184817717969,,"{""Dimensions (Overall)"": ""8.26 inches (H) x 2.75 inches (W) x 5.12 inches (D)"", ""Shell Material"": ""TPU (Thermoplastic Polyurethane)"", ""Bag Structure"": ""Lightweight"", ""Interior Features"": ""Multiple Compartments"", ""Exterior Features"": ""No Compartments or Pockets"", ""Main Compartment Closure"": ""Zip Closure"", ""Handle Type"": ""Single handle"", ""Fabric Name"": ""Slub"", ""Care & Cleaning"": ""Do Not Wash"", ""TCIN"": ""1009249171"", ""UPC"": ""184817717969"", ""Origin"": ""imported""}",True,2026-02-23T00:49:38.453635
1009443382,Narwey Hobo Bag for Women Designer Ladies Hobo Bucket Purse Totes Bag,https://www.target.com/p/narwey-hobo-bag-for-women-designer-ladies-hobo-bucket-purse-totes-bag/-/A-1009443382#lnk=sametab,Narwey,"Target > Clothing, Shoes & Accessories > Accessories > Handbags & Purses > Shoulder Bags",Shoulder Bags,53.99,69.99,22.9,True,0.0,0,,False,,,https://target.scene7.com/is/image/Target/GUEST_d07db0f5-1918-4e53-925d-00d6c6b9bb75?wid=1200&hei=1200&qlt=85 | https://target.scene7.com/is/image/Target/GUEST_dea1f2a7-1946-41eb-b393-e1b7da984d19?wid=1200&hei=1200&qlt=85 | https://target.scene7.com/is/image/Target/GUEST_807e1d88-0416-4393-86f3-ae6b6fd1d9ec?wid=1200&hei=1200&qlt=85 | https://target.scene7.com/is/image/Target/GUEST_b17882fc-d612-4b05-9c00-10448710eb8c?wid=1200&hei=1200&qlt=85 | https://target.scene7.com/is/image/Target/GUEST_93242d56-c789-4cf4-b647-7d6987e1c1c7?wid=1200&hei=1200&qlt=85,Stylish Hobo Bags for Women; Large Capacity Shoulder Bag; Functional and Organized; Convertible Crossbody Purse,,Leather,"{""H"": ""5"", ""W"": ""10"", ""D"": ""11""}",5 inches (H) x 10 inches (W) x 11 inches (D),Lightweight,Multiple Compartments,No Compartments or Pockets,Zip Closure,Shoulder Strap,1 x 1 Rib,Spot or Wipe Clean,imported,163518697206,,"{""Dimensions (Overall)"": ""5 inches (H) x 10 inches (W) x 11 inches (D)"", ""Shell Material"": ""Leather"", ""Bag Structure"": ""Lightweight"", ""Interior Features"": ""Multiple Compartments"", ""Exterior Features"": ""No Compartments or Pockets"", ""Main Compartment Closure"": ""Zip Closure"", ""Handle Type"": ""Shoulder Strap"", ""Fabric Name"": ""1 x 1 Rib"", ""Care & Cleaning"": ""Spot or Wipe Clean"", ""TCIN"": ""1009443382"", ""UPC"": ""163518697206"", ""Origin"": ""imported""}",True,2026-02-23T00:49:38.453635
1007836470,"Paaaawaters Small Shoulder Handbag for Women, Soft Designer Cloud Pouch Bag Lightweight Crossbody Clutch Purse dark green",https://www.target.com/p/paaaawaters-small-shoulder-handbag-for-women-soft-designer-cloud-pouch-bag-lightweight-crossbody-clutch-purse/-/A-1007836470?preselect=1007836478#lnk=sametab,Paaaawaters,"Target > Clothing, Shoes & Accessories > Accessories > Handbags & Purses > Crossbody & Messenger Bags",Crossbody & Messenger Bags,58.79,64.89,9.4,True,0.0,0,,False,size9.4,,https://target.scene7.com/is/image/Target/GUEST_103c23ec-3929-49ae-bf6b-a89e274ec521?wid=1200&hei=1200&qlt=85 | https://target.scene7.com/is/image/Target/GUEST_3a74d88b-c859-47f5-b5c3-e9dff1433289?wid=1200&hei=1200&qlt=85 | https://target.scene7.com/is/image/Target/GUEST_c8c318c9-e18b-41a3-8ea9-e1c5324aeb8e?wid=1200&hei=1200&qlt=85 | https://target.scene7.com/is/image/Target/GUEST_20e69623-1724-4744-88ca-05ccfa5b9a6f?wid=1200&hei=1200&qlt=85 | https://target.scene7.com/is/image/Target/GUEST_7a7166d0-946f-40c4-94a5-4352ee7a9aa7?wid=1200&hei=1200&qlt=85,,,Leather,"{""H"": ""1"", ""W"": ""1"", ""D"": ""1""}",1 inches (H) x 1 inches (W) x 1 inches (D),Softside,Zip Pocket,Zip Pocket,Zip Closure,Single handle,Faux Leather,Do Not Wash,imported,9322186652011,,"{""Dimensions (Overall)"": ""1 inches (H) x 1 inches (W) x 1 inches (D)"", ""Shell Material"": ""Leather"", ""Bag Structure"": ""Softside"", ""Interior Features"": ""Zip Pocket"", ""Exterior Features"": ""Zip Pocket"", ""Main Compartment Closure"": ""Zip Closure"", ""Handle Type"": ""Single handle"", ""Fabric Name"": ""Faux Leather"", ""Care & Cleaning"": ""Do Not Wash"", ""TCIN"": ""1007836478"", ""UPC"": ""9322186652011"", ""Origin"": ""imported""}",True,2026-02-23T00:49:38.453635
1009414284,Narwey Crossbody Bag for Women Nylon Waterproof Shoulder Purse Messenger Bag Lightweight Pocketbooks,https://www.target.com/p/narwey-crossbody-bag-for-women-nylon-waterproof-shoulder-purse-messenger-bag-lightweight-pocketbooks/-/A-1009414284#lnk=sametab,Narwey,"Target > Clothing, Shoes & Accessories > Accessories > Handbags & Purses",Handbags & Purses,62.99,69.99,10.0,True,0.0,0,,False,,,https://target.scene7.com/is/image/Target/GUEST_52d07ea8-f7d6-41e8-9d10-dcd40b5a8cd4?wid=1200&hei=1200&qlt=85 | https://target.scene7.com/is/image/Target/GUEST_edfe02e3-3420-47f6-9e95-b00f005b76ba?wid=1200&hei=1200&qlt=85 | https://target.scene7.com/is/image/Target/GUEST_0c47087a-c9e1-4c1f-8b57-45e563553e9d?wid=1200&hei=1200&qlt=85 | https://target.scene7.com/is/image/Target/GUEST_854a0ec1-cd4d-4fb4-a5f2-b44ecb77fcbf?wid=1200&hei=1200&qlt=85 | https://target.scene7.com/is/image/Target/GUEST_6c14decd-a767-4172-8975-b767a918e33e?wid=1200&hei=1200&qlt=85,Crossbody Bag Material: Made of durable water resistant; Multi-Pockets: 3 front zipper pockets; Large Capacity Crossbody Bag; Adjustable shoulder strap,,Nylon,"{""H"": ""12.5"", ""W"": ""4.3"", ""D"": ""11.9""}",12.5 inches (H) x 4.3 inches (W) x 11.9 inches (D),Dome,Multiple Compartments,Adjustable Shoulder Strap,Zip Closure,Adjustable Shoulder Strap,1 x 1 Rib,Do Not Wash,imported,698932467253,,"{""Dimensions (Overall)"": ""12.5 inches (H) x 4.3 inches (W) x 11.9 inches (D)"", ""Shell Material"": ""Nylon"", ""Bag Structure"": ""Dome"", ""Interior Features"": ""Multiple Compartments"", ""Exterior Features"": ""Adjustable Shoulder Strap"", ""Main Compartment Closure"": ""Zip Closure"", ""Handle Type"": ""Adjustable Shoulder Strap"", ""Fabric Name"": ""1 x 1 Rib"", ""Care & Cleaning"": ""Do Not Wash"", ""TCIN"": ""1009414284"", ""UPC"": ""698932467253"", ""Origin"": ""imported""}",True,2026-02-23T00:49:38.453635
1007902926,"Large Crossbody Purses for Women Crossbody Bag, Multi Pocket Shoulder Bag Black Brown Retro Style 12 *2.25  * 10",https://www.target.com/p/large-crossbody-purses-for-women-crossbody-bag-multi-pocket-shoulder-bag/-/A-1007902926?preselect=1007902925#lnk=sametab,Empire DigiLabs,"Target > Clothing, Shoes & Accessories > Accessories > Handbags & Purses > Shoulder Bags",Shoulder Bags,95.97,191.94,50.0,True,0.0,0,,False,size12 *2.25  * 10,,https://target.scene7.com/is/image/Target/GUEST_2d4b2c96-8637-414c-b9e4-b73b5e37297d?wid=1200&hei=1200&qlt=85 | https://target.scene7.com/is/image/Target/GUEST_439e0315-785c-4d15-b83e-f3caff963508?wid=1200&hei=1200&qlt=85 | https://target.scene7.com/is/image/Target/GUEST_0f64cd93-8ed0-44ef-bfdc-82bcb55fca42?wid=1200&hei=1200&qlt=85 | https://target.scene7.com/is/image/Target/GUEST_bc29c239-2e36-4b31-83ee-b191d5bf056a?wid=1200&hei=1200&qlt=85 | https://target.scene7.com/is/image/Target/GUEST_a309a68a-9e17-4c59-8cbc-c67150eec07b?wid=1200&hei=1200&qlt=85,,,Leather,"{""H"": ""10"", ""W"": ""12"", ""D"": ""2.25""}",10 inches (H) x 12 inches (W) x 2.25 inches (D),Structured,Multiple Compartments,Multiple Compartments,Zip Closure,Adjustable Shoulder Strap,Faux Leather,Spot or Wipe Clean,imported,661309874008,,"{""Dimensions (Overall)"": ""10 inches (H) x 12 inches (W) x 2.25 inches (D)"", ""Shell Material"": ""Leather"", ""Bag Structure"": ""Structured"", ""Interior Features"": ""Multiple Compartments"", ""Exterior Features"": ""Multiple Compartments"", ""Main Compartment Closure"": ""Zip Closure"", ""Handle Type"": ""Adjustable Shoulder Strap"", ""Fabric Name"": ""Faux Leather"", ""Care & Cleaning"": ""Spot or Wipe Clean"", ""TCIN"": ""1007902925"", ""UPC"": ""661309874008"", ""Origin"": ""imported""}",True,2026-02-23T00:49:38.453635
1009323199,Narwey Women's Top-Handle Handbags Vegan Leather Purses for Women,https://www.target.com/p/narwey-women-s-top-handle-handbags-vegan-leather-purses-for-women/-/A-1009323199#lnk=sametab,Narwey,"Target > Clothing, Shoes & Accessories > Accessories > Handbags & Purses > Shoulder Bags",Shoulder Bags,63.99,79.99,20.0,True,0.0,0,,False,,,https://target.scene7.com/is/image/Target/GUEST_620ab92a-0a10-4698-b9ca-d775d2c025c5?wid=1200&hei=1200&qlt=85 | https://target.scene7.com/is/image/Target/GUEST_60d8ddf0-763a-48ff-979d-d14f440f12b8?wid=1200&hei=1200&qlt=85 | https://target.scene7.com/is/image/Target/GUEST_320a424c-cf23-418e-a647-c1cb816a2a9c?wid=1200&hei=1200&qlt=85 | https://target.scene7.com/is/image/Target/GUEST_3bc9b6df-325c-4588-aa56-e92cf29685e6?wid=1200&hei=1200&qlt=85 | https://target.scene7.com/is/image/Target/GUEST_f8019554-1d65-41aa-9f43-0bc08ac53b39?wid=1200&hei=1200&qlt=85,Fashion & Luxury; Portability & Versatility; Large Capacity & Multiple Compartments; Convenient & Practical,,Leather,"{""H"": ""5.51"", ""W"": ""8.66"", ""D"": ""11.81""}",5.51 inches (H) x 8.66 inches (W) x 11.81 inches (D),Lightweight,Multiple Compartments,No Compartments or Pockets,Zip Closure,Shoulder Strap,1 x 1 Rib,Shake Clean,imported,713881436409,,"{""Dimensions (Overall)"": ""5.51 inches (H) x 8.66 inches (W) x 11.81 inches (D)"", ""Shell Material"": ""Leather"", ""Bag Structure"": ""Lightweight"", ""Interior Features"": ""Multiple Compartments"", ""Exterior Features"": ""No Compartments or Pockets"", ""Main Compartment Closure"": ""Zip Closure"", ""Handle Type"": ""Shoulder Strap"", ""Fabric Name"": ""1 x 1 Rib"", ""Care & Cleaning"": ""Shake Clean"", ""TCIN"": ""1009323199"", ""UPC"": ""713881436409"", ""Origin"": ""imported""}",True,2026-02-23T00:50:20.107721
1007767030,Disney Hocus Pocus The Sanderson Sisters Book Design Women's Purse Shoulder Crossbody Bag Multicolored,https://www.target.com/p/disney-hocus-pocus-the-sanderson-sisters-book-design-women-s-purse-shoulder-crossbody-bag-multicolored/-/A-1007767030#lnk=sametab,Bioworld,"Target > Clothing, Shoes & Accessories > Accessories > Handbags & Purses > Shoulder Bags",Shoulder Bags,40.49,52.95,23.5,True,0.0,0,,False,,,https://target.scene7.com/is/image/Target/GUEST_52f7b993-06a7-4c24-ae1e-bc2ba9f97ebb?wid=1200&hei=1200&qlt=85 | https://target.scene7.com/is/image/Target/GUEST_c3267501-2d6b-48da-b60f-222721b8144e?wid=1200&hei=1200&qlt=85 | https://target.scene7.com/is/image/Target/GUEST_b1aba693-f9dd-4afb-ade6-8f22af6dae10?wid=1200&hei=1200&qlt=85 | https://target.scene7.com/is/image/Target/GUEST_306d826f-cca5-4c02-bb4e-c04eac3f62d9?wid=1200&hei=1200&qlt=85 | https://target.scene7.com/is/image/Target/GUEST_a66943db-6da5-47b2-ac25-30f07ebbbc83?wid=1200&hei=1200&qlt=85,"Enchanting Design: The exterior flap features a bold “The Sanderson Sisters” design, while the interior under-flap showcases a detailed “Black Cat Curse” print. This creative artwork adds character and a distinctive look to this book replica bag; Spacious Interior: The main compartment provides ample space to carry your daily essentials, including your wallet, phone, and small accessories. A convenient zipper pocket inside keeps smaller items organized and secure; Durable Faux Leather: Crafted from quality faux leather, this bag delivers long-lasting durability and a polished finish. The smooth material is easy to wipe clean, making this bag easy to keep looking pristine; Versatile Chain Strap: Equipped with a metal chain strap featuring a comfortable faux leather top, this bag can be worn as a shoulder bag or crossbody purse. The chain adds strength and a chic design element; Everyday Versatility: Designed for daily use, this handbag works well for commuting, casual outings, or errands. Its medium size and multiple carrying options make it an adaptable choice for any wardrobe.",,Polyurethane,"{""H"": ""2"", ""W"": ""7"", ""D"": ""9""}",2 inches (H) x 7 inches (W) x 9 inches (D),Structured,Multiple Compartments,Snap Pocket,Zip Closure,Polyurethane,Microplush,Spot or Wipe Clean,made in the USA or imported,198996501370,,"{""Dimensions (Overall)"": ""2 inches (H) x 7 inches (W) x 9 inches (D)"", ""Shell Material"": ""Polyester"", ""Bag Structure"": ""Structured"", ""Interior Features"": ""Multiple Compartments"", ""Exterior Features"": ""Snap Pocket"", ""Main Compartment Closure"": ""Zip Closure"", ""Handle Type"": ""Shoulder Strap"", ""Fabric Name"": ""Microplush"", ""Handle Material"": ""Polyurethane"", ""Fits Laptop"": ""No Laptop Pocket"", ""Battery"": ""No Battery Used"", ""Care & Cleaning"": ""Spot or Wipe Clean"", ""TCIN"": ""1007767030"", ""UPC"": ""198996501370"", ""Origin"": ""made in the USA or imported""}",True,2026-02-23T00:50:20.107721
1007881593,"Vegan Leather Purses for Women with Detachable Satchel Strap, Ladies Handbags Brown 13.5"" x 5.3"" x 8.1""",https://www.target.com/p/vegan-leather-purses-for-women-with-detachable-satchel-strap-ladies-handbags/-/A-1007881593?preselect=1007881595#lnk=sametab,Empire DigiLabs,"Target > Clothing, Shoes & Accessories > Accessories > Handbags & Purses",Handbags & Purses,149.97,299.94,50.0,True,0.0,0,,False,"size13.5"" x 5.3"" x 8.1""",,https://target.scene7.com/is/image/Target/GUEST_a0b3b2e5-f079-4c46-a9a8-b0b004e05022?wid=1200&hei=1200&qlt=85 | https://target.scene7.com/is/image/Target/GUEST_e9a8ef60-cb84-44e2-b9ce-7a16747101ec?wid=1200&hei=1200&qlt=85 | https://target.scene7.com/is/image/Target/GUEST_3e045832-510f-4bc0-a4c7-2aec410ac775?wid=1200&hei=1200&qlt=85 | https://target.scene7.com/is/image/Target/GUEST_270cf86f-f3e7-40c3-a647-17049d83d024?wid=1200&hei=1200&qlt=85 | https://target.scene7.com/is/image/Target/GUEST_4e46e68c-56eb-4f23-8ad3-2d399722715e?wid=1200&hei=1200&qlt=85,,,Leather,"{""H"": ""8.1"", ""W"": ""13.5"", ""D"": ""5.3""}",8.1 inches (H) x 13.5 inches (W) x 5.3 inches (D),Softside,Multiple Compartments,Zip Pocket,Zip Closure,Carrying Handle,Faux Fur,Spot or Wipe Clean,imported,661309868748,,"{""Dimensions (Overall)"": ""8.1 inches (H) x 13.5 inches (W) x 5.3 inches (D)"", ""Shell Material"": ""Leather"", ""Bag Structure"": ""Softside"", ""Interior Features"": ""Multiple Compartments"", ""Exterior Features"": ""Zip Pocket"", ""Main Compartment Closure"": ""Zip Closure"", ""Handle Type"": ""Carrying Handle"", ""Fabric Name"": ""Faux Fur"", ""Care & Cleaning"": ""Spot or Wipe Clean"", ""TCIN"": ""1007881595"", ""UPC"": ""661309868748"", ""Origin"": ""imported""}",True,2026-02-23T00:50:20.107721
1006002465,Stephen Joseph Gifts Girls Quilted Purse Butterfly Blue,https://www.target.com/p/stephen-joseph-gifts-girls-quilted-purses/-/A-1006002465?preselect=1006002464#lnk=sametab,Stephen Joseph Gifts,"Target > Clothing, Shoes & Accessories > Accessories > Kids’ Accessories > Girls’ Accessories > Bags",Bags,25.99,0.0,0.0,False,0.0,0,,False,sizeone size,,https://target.scene7.com/is/image/Target/GUEST_fd0cc218-1c43-4c75-b262-165fe48ee80f?wid=1200&hei=1200&qlt=85 | https://target.scene7.com/is/image/Target/GUEST_667f31af-cefe-4cc1-a2b9-bd2b772bec4f?wid=1200&hei=1200&qlt=85 | https://target.scene7.com/is/image/Target/GUEST_ec5cc4d3-c238-46ea-a0f2-dab6f2007396?wid=1200&hei=1200&qlt=85 | https://target.scene7.com/is/image/Target/GUEST_537c73cc-eb3d-498f-afb6-612e79085160?wid=1200&hei=1200&qlt=85,"Embroidery and appliqué designs;; Hook and loop closure, and inner zipper pocket; Approx. 7.5”x 7” (19cm x 17.8cm); Machine wash cold on delicate setting. Hang to dry",,Cotton,"{""H"": ""1"", ""W"": ""7.7"", ""D"": ""7""}",1 inches (H) x 7.7 inches (W) x 7 inches (D),Lightweight,Zip Pocket,Front Pocket,Hook and Loop Closure,Carrying Handle,Quilted,Machine Wash,imported,794866194477,,"{""Dimensions (Overall)"": ""1 inches (H) x 7.7 inches (W) x 7 inches (D)"", ""Shell Material"": ""Cotton"", ""Bag Structure"": ""Lightweight"", ""Interior Features"": ""Zip Pocket"", ""Exterior Features"": ""Front Pocket"", ""Main Compartment Closure"": ""Hook and Loop Closure"", ""Handle Type"": ""Carrying Handle"", ""Fabric Name"": ""Quilted"", ""Care & Cleaning"": ""Machine Wash"", ""TCIN"": ""1006002464"", ""UPC"": ""794866194477"", ""Origin"": ""imported""}",True,2026-02-23T00:50:20.107721
1009443046,Narwey 3 Zippered Compartments Purses and Handbags for Women,https://www.target.com/p/narwey-3-zippered-compartments-purses-and-handbags-for-women/-/A-1009443046#lnk=sametab,Narwey,"Target > Clothing, Shoes & Accessories > Accessories > Handbags & Purses > Shoulder Bags",Shoulder Bags,72.99,89.99,18.9,True,0.0,0,,False,,,https://target.scene7.com/is/image/Target/GUEST_b1931699-d04f-4912-ace6-a9d2a60c658c?wid=1200&hei=1200&qlt=85 | https://target.scene7.com/is/image/Target/GUEST_fe0487d4-2c23-4d42-bb17-c2259e2ec221?wid=1200&hei=1200&qlt=85 | https://target.scene7.com/is/image/Target/GUEST_ed887efd-4f11-4302-b295-e2e0c3325dfd?wid=1200&hei=1200&qlt=85 | https://target.scene7.com/is/image/Target/GUEST_baf0d2a4-6dfb-494c-904f-ecdd0f674240?wid=1200&hei=1200&qlt=85 | https://target.scene7.com/is/image/Target/GUEST_97695f32-3a2c-4784-8500-a6ba3694c4dc?wid=1200&hei=1200&qlt=85,MORE SPACIOUS & STYLISH; MATERIAL & HARDWARE; DIMENSION & STRUCTURE; GREAT GIFT,,Leather,"{""H"": ""9.3"", ""W"": ""2.4"", ""D"": ""14.3""}",9.3 inches (H) x 2.4 inches (W) x 14.3 inches (D),Lightweight,Multiple Compartments,No Compartments or Pockets,Zip Closure,Shoulder Strap,1 x 1 Rib,Spot or Wipe Clean,imported,729078625402,,"{""Dimensions (Overall)"": ""9.3 inches (H) x 2.4 inches (W) x 14.3 inches (D)"", ""Shell Material"": ""Leather"", ""Bag Structure"": ""Lightweight"", ""Interior Features"": ""Multiple Compartments"", ""Exterior Features"": ""No Compartments or Pockets"", ""Main Compartment Closure"": ""Zip Closure"", ""Handle Type"": ""Shoulder Strap"", ""Fabric Name"": ""1 x 1 Rib"", ""Care & Cleaning"": ""Spot or Wipe Clean"", ""TCIN"": ""1009443046"", ""UPC"": ""729078625402"", ""Origin"": ""imported""}",True,2026-02-23T00:50:20.107721
1009322580,"Narwey Black Leather Purses, Y2K Trendy Shoulder Bag for Women, Patent Leather Hobo Bags Clutch",https://www.target.com/p/narwey-black-leather-purses-y2k-trendy-shoulder-bag-for-women-patent-leather-hobo-bags-clutch/-/A-1009322580#lnk=sametab,Narwey,"Target > Clothing, Shoes & Accessories > Accessories > Handbags & Purses > Shoulder Bags",Shoulder Bags,41.99,0.0,0.0,False,0.0,0,,False,,,https://target.scene7.com/is/image/Target/GUEST_a1a69ccd-2ad2-4f21-b55c-c25f9361c83d?wid=1200&hei=1200&qlt=85 | https://target.scene7.com/is/image/Target/GUEST_f6ba144c-192d-45c9-a8eb-afc0281e3941?wid=1200&hei=1200&qlt=85 | https://target.scene7.com/is/image/Target/GUEST_fa7ef69a-f1fd-45d4-a867-7279192ec592?wid=1200&hei=1200&qlt=85 | https://target.scene7.com/is/image/Target/GUEST_c0a3d15c-0c22-4cc2-ae97-160aef478f75?wid=1200&hei=1200&qlt=85 | https://target.scene7.com/is/image/Target/GUEST_36c9e4aa-a66a-4b4f-9f2e-6242c7f70471?wid=1200&hei=1200&qlt=85,"Our trendy Y2K shoulder bag is crafted; The sleek, minimalist design is complemented by a comfortable shoulder strap; hobo handbags for women; black purse measures 27x6x11cm",,85% Recycled Polyester,"{""H"": ""10.6"", ""W"": ""2.4"", ""D"": ""4.3""}",10.6 inches (H) x 2.4 inches (W) x 4.3 inches (D),Dome,Multiple Compartments,No Compartments or Pockets,Buckle Closure,Carrying Handle,1 x 1 Rib,Do Not Wash,imported,841084289635,,"{""Dimensions (Overall)"": ""10.6 inches (H) x 2.4 inches (W) x 4.3 inches (D)"", ""Shell Material"": ""85% Recycled Polyester"", ""Bag Structure"": ""Dome"", ""Interior Features"": ""Multiple Compartments"", ""Exterior Features"": ""No Compartments or Pockets"", ""Main Compartment Closure"": ""Buckle Closure"", ""Handle Type"": ""Carrying Handle"", ""Fabric Name"": ""1 x 1 Rib"", ""Care & Cleaning"": ""Do Not Wash"", ""TCIN"": ""1009322580"", ""UPC"": ""841084289635"", ""Origin"": ""imported""}",True,2026-02-23T00:50:20.107721
1009535368,Narwey Hobo Bag for Women Retro Leather Purses and Handbags Roomy Soft Ladies Satchel Bags,https://www.target.com/p/narwey-hobo-bag-for-women-retro-leather-purses-and-handbags-roomy-soft-ladies-satchel-bags/-/A-1009535368#lnk=sametab,Narwey,"Target > Clothing, Shoes & Accessories > Accessories > Handbags & Purses",Handbags & Purses,83.99,0.0,0.0,False,0.0,0,,False,,,https://target.scene7.com/is/image/Target/GUEST_6b202cb1-0bfc-4b63-8f2c-24db61854cb5?wid=1200&hei=1200&qlt=85 | https://target.scene7.com/is/image/Target/GUEST_10bc32aa-bc8b-45a7-924f-0d268a1a654a?wid=1200&hei=1200&qlt=85 | https://target.scene7.com/is/image/Target/GUEST_9ae91645-f371-4fba-9299-e20f0df4a9bf?wid=1200&hei=1200&qlt=85 | https://target.scene7.com/is/image/Target/GUEST_1feaa165-800d-4825-956d-a75923ca107c?wid=1200&hei=1200&qlt=85 | https://target.scene7.com/is/image/Target/GUEST_5f7e2750-5f30-4220-a825-68208381c6c6?wid=1200&hei=1200&qlt=85,Retro Washed Vegan Leather; Perfect Size & Versatility; Designer handbags; Timeless and Adaptable Style,,20% Recycled Polyester,"{""H"": ""14.9"", ""W"": ""4.7"", ""D"": ""9""}",14.9 inches (H) x 4.7 inches (W) x 9 inches (D),Softside,Multiple Compartments,No Compartments or Pockets,Zip Closure,Adjustable Shoulder Strap,1 x 1 Rib,Do Not Wash,imported,986883978882,,"{""Dimensions (Overall)"": ""14.9 inches (H) x 4.7 inches (W) x 9 inches (D)"", ""Shell Material"": ""20% Recycled Polyester"", ""Bag Structure"": ""Softside"", ""Interior Features"": ""Multiple Compartments"", ""Exterior Features"": ""No Compartments or Pockets"", ""Main Compartment Closure"": ""Zip Closure"", ""Handle Type"": ""Adjustable Shoulder Strap"", ""Fabric Name"": ""1 x 1 Rib"", ""Care & Cleaning"": ""Do Not Wash"", ""TCIN"": ""1009535368"", ""UPC"": ""986883978882"", ""Origin"": ""imported""}",True,2026-02-23T00:50:20.107721
1007763046,Tote Bags for Women Medium Top Handle Satchel Purses Amber Brown 4.3 x 13.1 x 10.8 inches,https://www.target.com/p/tote-bags-for-women-medium-top-handle-satchel-purses/-/A-1007763046?preselect=1007763045#lnk=sametab,Empire DigiLabs,"Target > Clothing, Shoes & Accessories > Accessories > Handbags & Purses > Shoulder Bags",Shoulder Bags,98.97,197.94,50.0,True,0.0,0,,False,size4.3 x 13.1 x 10.8 inches,,https://target.scene7.com/is/image/Target/GUEST_60f4e657-e960-45fc-850b-08ce3e9e3d61?wid=1200&hei=1200&qlt=85 | https://target.scene7.com/is/image/Target/GUEST_a98bee29-fcbb-4399-9b5f-5be48b9043da?wid=1200&hei=1200&qlt=85 | https://target.scene7.com/is/image/Target/GUEST_2cc2ac5e-9536-4f73-b967-68189539bd77?wid=1200&hei=1200&qlt=85 | https://target.scene7.com/is/image/Target/GUEST_8dd7d0a1-a3bd-4851-9ddf-fe6920dedc8a?wid=1200&hei=1200&qlt=85 | https://target.scene7.com/is/image/Target/GUEST_d77f4a82-8036-4946-ae9b-dff6ff255472?wid=1200&hei=1200&qlt=85,,,Leather,"{""H"": ""10.8"", ""W"": ""13.1"", ""D"": ""4.3""}",10.8 inches (H) x 13.1 inches (W) x 4.3 inches (D),Structured,Multiple Compartments,Multiple Compartments,Zip Closure,Carrying Handle,Faux Leather,Spot or Wipe Clean,imported,661309912984,,"{""Dimensions (Overall)"": ""10.8 inches (H) x 13.1 inches (W) x 4.3 inches (D)"", ""Shell Material"": ""Leather"", ""Bag Structure"": ""Structured"", ""Interior Features"": ""Multiple Compartments"", ""Exterior Features"": ""Multiple Compartments"", ""Main Compartment Closure"": ""Zip Closure"", ""Handle Type"": ""Carrying Handle"", ""Fabric Name"": ""Faux Leather"", ""Care & Cleaning"": ""Spot or Wipe Clean"", ""TCIN"": ""1007763045"", ""UPC"": ""661309912984"", ""Origin"": ""imported""}",True,2026-02-23T00:50:20.107721
1009243941,Narwey Women's Small Shoulder Bag Clutch Y2K Purse Handbag,https://www.target.com/p/narwey-women-s-small-shoulder-bag-clutch-y2k-purse-handbag/-/A-1009243941#lnk=sametab,Narwey,"Target > Clothing, Shoes & Accessories > Accessories > Handbags & Purses > Shoulder Bags",Shoulder Bags,51.99,61.99,16.1,True,0.0,0,,False,,,https://target.scene7.com/is/image/Target/GUEST_78f9cfda-0d32-40e9-a740-9d8abdb74759?wid=1200&hei=1200&qlt=85 | https://target.scene7.com/is/image/Target/GUEST_6a755d9d-f2e2-458d-ad8e-164c1930478f?wid=1200&hei=1200&qlt=85 | https://target.scene7.com/is/image/Target/GUEST_9d882e0b-86d0-4c66-8cbe-6abb85b2dd79?wid=1200&hei=1200&qlt=85 | https://target.scene7.com/is/image/Target/GUEST_c3cf3e50-a977-438b-b12e-1d8b79f2c498?wid=1200&hei=1200&qlt=85 | https://target.scene7.com/is/image/Target/GUEST_62d19751-65ac-4de3-9d27-dfdf33720d93?wid=1200&hei=1200&qlt=85,【High-quality】; 【Capacity】; 【Retro Design】; 【Suitable Occasions】,,Leather,"{""H"": ""2.76"", ""W"": ""6.3"", ""D"": ""9.84""}",2.76 inches (H) x 6.3 inches (W) x 9.84 inches (D),Lightweight,Multiple Compartments,No Compartments or Pockets,Zip Closure,Shoulder Strap,1 x 1 Rib,Dry Clean,imported,141200848136,,"{""Dimensions (Overall)"": ""2.76 inches (H) x 6.3 inches (W) x 9.84 inches (D)"", ""Shell Material"": ""Leather"", ""Bag Structure"": ""Lightweight"", ""Interior Features"": ""Multiple Compartments"", ""Exterior Features"": ""No Compartments or Pockets"", ""Main Compartment Closure"": ""Zip Closure"", ""Handle Type"": ""Shoulder Strap"", ""Fabric Name"": ""1 x 1 Rib"", ""Care & Cleaning"": ""Dry Clean"", ""TCIN"": ""1009243941"", ""UPC"": ""141200848136"", ""Origin"": ""imported""}",True,2026-02-23T00:50:20.107721
1009406689,Narwey Clear Purse Stadium Transparent Messenger Bag,https://www.target.com/p/narwey-clear-purse-stadium-transparent-messenger-bag/-/A-1009406689#lnk=sametab,Narwey,"Target > Clothing, Shoes & Accessories > Accessories > Handbags & Purses",Handbags & Purses,30.99,45.99,32.6,True,0.0,0,,False,,,https://target.scene7.com/is/image/Target/GUEST_c19b00b0-fbc7-46f7-9af4-356bcf4be62f?wid=1200&hei=1200&qlt=85 | https://target.scene7.com/is/image/Target/GUEST_6da4971e-e29c-4972-be6e-8e67160a4d2f?wid=1200&hei=1200&qlt=85 | https://target.scene7.com/is/image/Target/GUEST_9ff4bf2a-1a1a-4364-83dd-c1bc96249f86?wid=1200&hei=1200&qlt=85 | https://target.scene7.com/is/image/Target/GUEST_2137093f-406a-4d9f-80ee-e81cf61a6c2d?wid=1200&hei=1200&qlt=85 | https://target.scene7.com/is/image/Target/GUEST_a445e1dd-abaa-4f94-81d2-e17ce14e042e?wid=1200&hei=1200&qlt=85,Stadium Approved Size; Time-saving and Convenient; Suitable Capacity; Multiple Ways to Carry,,PVC Coated Polyester,"{""H"": ""5.5"", ""W"": ""2.8"", ""D"": ""7.5""}",5.5 inches (H) x 2.8 inches (W) x 7.5 inches (D),Dome,Multiple Compartments,No Compartments or Pockets,Zip Closure,Adjustable Strap,2 x 2 Rib,Do Not Wash,imported,351364457666,,"{""Dimensions (Overall)"": ""5.5 inches (H) x 2.8 inches (W) x 7.5 inches (D)"", ""Shell Material"": ""PVC Coated Polyester"", ""Bag Structure"": ""Dome"", ""Interior Features"": ""Multiple Compartments"", ""Exterior Features"": ""No Compartments or Pockets"", ""Main Compartment Closure"": ""Zip Closure"", ""Handle Type"": ""Adjustable Strap"", ""Fabric Name"": ""2 x 2 Rib"", ""Care & Cleaning"": ""Do Not Wash"", ""TCIN"": ""1009406689"", ""UPC"": ""351364457666"", ""Origin"": ""imported""}",True,2026-02-23T00:50:20.107721
1009327355,"Narwey Small Quilted Crossbody Bag, Trendy Designer Shoulder Bag, Phone Wallet Purse",https://www.target.com/p/narwey-small-quilted-crossbody-bag-trendy-designer-shoulder-bag-phone-wallet-purse/-/A-1009327355#lnk=sametab,Narwey,"Target > Clothing, Shoes & Accessories > Accessories > Handbags & Purses > Shoulder Bags",Shoulder Bags,48.99,0.0,0.0,False,0.0,0,,False,,,https://target.scene7.com/is/image/Target/GUEST_4baddb42-ebd8-4977-85b6-945908dc2b7f?wid=1200&hei=1200&qlt=85 | https://target.scene7.com/is/image/Target/GUEST_23f93b42-d449-484c-a43c-c97ae73752ba?wid=1200&hei=1200&qlt=85 | https://target.scene7.com/is/image/Target/GUEST_4394f3fe-7f22-4dce-adab-a08dc88e33e2?wid=1200&hei=1200&qlt=85 | https://target.scene7.com/is/image/Target/GUEST_36cfa9a6-d388-402f-af97-db7fcec205d3?wid=1200&hei=1200&qlt=85 | https://target.scene7.com/is/image/Target/GUEST_de5aa427-8507-4c39-becd-c20134ea2827?wid=1200&hei=1200&qlt=85,STYLISH & FUNCTIONAL; ECO FRIENLY; TRENDY & FASHIONABLE; SMALL & LIGHTWEIGHT,,TPU (Thermoplastic Polyurethane),"{""H"": ""7.25"", ""W"": ""2.5"", ""D"": ""4.75""}",7.25 inches (H) x 2.5 inches (W) x 4.75 inches (D),Dome,Multiple Compartments,No Compartments or Pockets,Buckle Closure,Single handle,2 x 2 Rib,Do Not Wash,imported,959638662749,,"{""Dimensions (Overall)"": ""7.25 inches (H) x 2.5 inches (W) x 4.75 inches (D)"", ""Shell Material"": ""TPU (Thermoplastic Polyurethane)"", ""Bag Structure"": ""Dome"", ""Interior Features"": ""Multiple Compartments"", ""Exterior Features"": ""No Compartments or Pockets"", ""Main Compartment Closure"": ""Buckle Closure"", ""Handle Type"": ""Single handle"", ""Fabric Name"": ""2 x 2 Rib"", ""Care & Cleaning"": ""Do Not Wash"", ""TCIN"": ""1009327355"", ""UPC"": ""959638662749"", ""Origin"": ""imported""}",True,2026-02-23T00:50:20.107721
1009452723,Narwey Small Crossbody Bags for Women Fashion Purses,https://www.target.com/p/narwey-small-crossbody-bags-for-women-fashion-purses/-/A-1009452723#lnk=sametab,Narwey,"Target > Clothing, Shoes & Accessories > Accessories > Handbags & Purses > Shoulder Bags",Shoulder Bags,47.99,69.99,31.4,True,0.0,0,,False,,,https://target.scene7.com/is/image/Target/GUEST_21b8c4e4-20ee-4fc7-af98-84188e7b741f?wid=1200&hei=1200&qlt=85 | https://target.scene7.com/is/image/Target/GUEST_fe27aac2-7e2c-4b3c-804a-78c583274bdd?wid=1200&hei=1200&qlt=85 | https://target.scene7.com/is/image/Target/GUEST_3c846dac-3633-433c-806f-4378b5b22bd1?wid=1200&hei=1200&qlt=85 | https://target.scene7.com/is/image/Target/GUEST_e308ebb5-237f-4f00-a68d-510054956fdc?wid=1200&hei=1200&qlt=85 | https://target.scene7.com/is/image/Target/GUEST_a733edd2-be29-4d51-beb0-6ee2c7e128ba?wid=1200&hei=1200&qlt=85,"Size: 9.0""L x 4.3""W x 6.7""H.; 2 removable straps; 3 Main pockets; Perfect Gift",,Leather,"{""H"": ""7.3"", ""W"": ""4.5"", ""D"": ""10.2""}",7.3 inches (H) x 4.5 inches (W) x 10.2 inches (D),Lightweight,Multiple Compartments,No Compartments or Pockets,Zip Closure,Shoulder Strap,1 x 1 Rib,Spot or Wipe Clean,imported,679613323235,,"{""Dimensions (Overall)"": ""7.3 inches (H) x 4.5 inches (W) x 10.2 inches (D)"", ""Shell Material"": ""Leather"", ""Bag Structure"": ""Lightweight"", ""Interior Features"": ""Multiple Compartments"", ""Exterior Features"": ""No Compartments or Pockets"", ""Main Compartment Closure"": ""Zip Closure"", ""Handle Type"": ""Shoulder Strap"", ""Fabric Name"": ""1 x 1 Rib"", ""Care & Cleaning"": ""Spot or Wipe Clean"", ""TCIN"": ""1009452723"", ""UPC"": ""679613323235"", ""Origin"": ""imported""}",True,2026-02-23T00:50:20.107721
1007882097,Tote Bag Handbag Shopper Purse Shoulder Bag for Women Office Laptop Bag Brown 16 x 13 x 6.2,https://www.target.com/p/tote-bag-handbag-shopper-purse-shoulder-bag-for-women-office-laptop-bag/-/A-1007882097?preselect=1007882098#lnk=sametab,Empire DigiLabs,"Target > Clothing, Shoes & Accessories > Accessories > Handbags & Purses",Handbags & Purses,209.97,419.94,50.0,True,0.0,0,,False,size16 x 13 x 6.2,,https://target.scene7.com/is/image/Target/GUEST_94dc50e5-8a51-4929-a2c6-d6d3b58e69d4?wid=1200&hei=1200&qlt=85 | https://target.scene7.com/is/image/Target/GUEST_159c39bb-be04-4441-9bad-3041b396f5b6?wid=1200&hei=1200&qlt=85 | https://target.scene7.com/is/image/Target/GUEST_a46955f3-86d9-4c48-b994-f62168c66c34?wid=1200&hei=1200&qlt=85 | https://target.scene7.com/is/image/Target/GUEST_f95719d7-6061-418f-b094-f0a1e983ef7c?wid=1200&hei=1200&qlt=85 | https://target.scene7.com/is/image/Target/GUEST_0831146b-c369-453c-a9d5-6f3f283f36bc?wid=1200&hei=1200&qlt=85,,,Leather,"{""H"": ""13"", ""W"": ""16"", ""D"": ""6.2""}",13 inches (H) x 16 inches (W) x 6.2 inches (D),Softside,Multiple Compartments,No Compartments or Pockets,Cinched closure,Carrying Handle,Faux Leather,Spot or Wipe Clean,imported,661309869257,,"{""Dimensions (Overall)"": ""13 inches (H) x 16 inches (W) x 6.2 inches (D)"", ""Shell Material"": ""Leather"", ""Bag Structure"": ""Softside"", ""Interior Features"": ""Multiple Compartments"", ""Exterior Features"": ""No Compartments or Pockets"", ""Main Compartment Closure"": ""Cinched closure"", ""Handle Type"": ""Carrying Handle"", ""Fabric Name"": ""Faux Leather"", ""Care & Cleaning"": ""Spot or Wipe Clean"", ""TCIN"": ""1007882098"", ""UPC"": ""661309869257"", ""Origin"": ""imported""}",True,2026-02-23T00:50:20.107721
1004422823,Signare USA Rosina Cat Cappia Convertible Top Handle Purse Handbag,https://www.target.com/p/signare-usa-rosina-cat-cappia-convertible-top-handle-purse-handbag/-/A-1004422823#lnk=sametab,Signare USA,"Target > Clothing, Shoes & Accessories > Accessories > Handbags & Purses",Handbags & Purses,66.0,0.0,0.0,False,0.0,0,,False,,,https://target.scene7.com/is/image/Target/GUEST_2e0c7b54-d9cc-41c4-82c2-8cdf0e470287?wid=1200&hei=1200&qlt=85 | https://target.scene7.com/is/image/Target/GUEST_0080ee42-eda1-45cf-a115-2f8b8522a212?wid=1200&hei=1200&qlt=85 | https://target.scene7.com/is/image/Target/GUEST_cde3aef9-2be5-45a9-abe8-acee651b9d70?wid=1200&hei=1200&qlt=85 | https://target.scene7.com/is/image/Target/GUEST_a5badfdc-9596-442b-aa3f-7f622e0485df?wid=1200&hei=1200&qlt=85 | https://target.scene7.com/is/image/Target/GUEST_babdcdd8-580c-407a-a978-560e81cb04e5?wid=1200&hei=1200&qlt=85,"Perfect as a day or night bag for all your essentials; With removable shoulder strap included, you have the option to wear it as a cross body or shoulder bag; Faux leather handle and detachable shoulder strap included; Shoulder drop length: 21”, Max strap length: 45”",,Polyester,"{""H"": ""9"", ""W"": ""14"", ""D"": ""5""}",9 inches (H) x 14 inches (W) x 5 inches (D),Structured,Slip Pocket,Detachable Straps,Zip Closure,Grab Handle,Woven,Spot or Wipe Clean,Imported,5060943712052,,"{""Dimensions (Overall)"": ""9 inches (H) x 14 inches (W) x 5 inches (D)"", ""Shell Material"": ""Polyester"", ""Bag Structure"": ""Structured"", ""Interior Features"": ""Slip Pocket"", ""Exterior Features"": ""Detachable Straps"", ""Main Compartment Closure"": ""Zip Closure"", ""Handle Type"": ""Grab Handle"", ""Fabric Name"": ""Woven"", ""Care & Cleaning"": ""Spot or Wipe Clean"", ""TCIN"": ""1004422823"", ""UPC"": ""5060943712052"", ""Origin"": ""Imported""}",True,2026-02-23T00:50:20.107721
1005620150,"Paaaawaters Mini Quilted Crossbody Purse for Women, Soft Small Summer Shoulder Purse",https://www.target.com/p/paaaawaters-mini-quilted-crossbody-purse-for-women-soft-small-summer-shoulder-purse/-/A-1005620150?preselect=1005620149#lnk=sametab,Paaaawaters,"Target > Clothing, Shoes & Accessories > Accessories > Handbags & Purses > Crossbody & Messenger Bags",Crossbody & Messenger Bags,50.75,56.75,10.6,True,0.0,0,,False,size8,,https://target.scene7.com/is/image/Target/GUEST_0e84763e-2f61-426f-8915-868608d5b8c4?wid=1200&hei=1200&qlt=85 | https://target.scene7.com/is/image/Target/GUEST_a915c95a-d132-4989-9162-57960bb93ffe?wid=1200&hei=1200&qlt=85 | https://target.scene7.com/is/image/Target/GUEST_59d8c2a4-340c-4aca-8bf8-8814adef1ed2?wid=1200&hei=1200&qlt=85 | https://target.scene7.com/is/image/Target/GUEST_d9724379-b9c8-47fa-95ae-febe457bf097?wid=1200&hei=1200&qlt=85 | https://target.scene7.com/is/image/Target/GUEST_0aa559ee-8a10-472a-a3ac-11e8b3e380b1?wid=1200&hei=1200&qlt=85,Large capacity; Convenience; Fashion,,Leather,"{""H"": ""8"", ""W"": ""5"", ""D"": ""1""}",8 inches (H) x 5 inches (W) x 1 inches (D),Lightweight,No Compartments or Pockets,Adjustable Shoulder Strap,Magnetic Closure,Braided Handle,Faux Leather,Do Not Submerge in Water,imported,9322180692181,,"{""Dimensions (Overall)"": ""8 inches (H) x 5 inches (W) x 1 inches (D)"", ""Shell Material"": ""Leather"", ""Bag Structure"": ""Lightweight"", ""Interior Features"": ""No Compartments or Pockets"", ""Exterior Features"": ""Adjustable Shoulder Strap"", ""Main Compartment Closure"": ""Magnetic Closure"", ""Handle Type"": ""Braided Handle"", ""Fabric Name"": ""Faux Leather"", ""Care & Cleaning"": ""Do Not Submerge in Water"", ""TCIN"": ""1005620149"", ""UPC"": ""9322180692181"", ""Origin"": ""imported""}",True,2026-02-23T00:50:20.107721
1009345982,Narwey Clutch Purse Evening Bag for Women，White Envelope Handbag,https://www.target.com/p/narwey-clutch-purse-evening-bag-for-women-white-envelope-handbag/-/A-1009345982#lnk=sametab,Narwey,"Target > Clothing, Shoes & Accessories > Accessories > Handbags & Purses > Shoulder Bags",Shoulder Bags,38.99,49.99,22.0,True,0.0,0,,False,,,https://target.scene7.com/is/image/Target/GUEST_1781d45d-0726-4bff-8e99-45c68922e0f0?wid=1200&hei=1200&qlt=85 | https://target.scene7.com/is/image/Target/GUEST_d2914f32-6f5f-4b8c-9e32-db7da98a7f25?wid=1200&hei=1200&qlt=85 | https://target.scene7.com/is/image/Target/GUEST_295727d7-3c39-45d1-b907-b56289a00bc6?wid=1200&hei=1200&qlt=85 | https://target.scene7.com/is/image/Target/GUEST_642ae64f-e1a0-4e6f-8cbf-8933d968abbc?wid=1200&hei=1200&qlt=85 | https://target.scene7.com/is/image/Target/GUEST_72302e5e-1ad8-4113-9a2c-2e051d3aeb28?wid=1200&hei=1200&qlt=85,Minimalist classic envelope; 3-in-1 style: clutch/handbag/shoulder chain bag; The perfect size for special occasions; Occasion: A decent and portable clutch,,Leather,"{""H"": ""6.81"", ""W"": ""1.65"", ""D"": ""8.23""}",6.81 inches (H) x 1.65 inches (W) x 8.23 inches (D),Lightweight,Multiple Compartments,No Compartments or Pockets,Zip Closure,Shoulder Strap,1 x 1 Rib,Spot or Wipe Clean,imported,944144684958,,"{""Dimensions (Overall)"": ""6.81 inches (H) x 1.65 inches (W) x 8.23 inches (D)"", ""Shell Material"": ""Leather"", ""Bag Structure"": ""Lightweight"", ""Interior Features"": ""Multiple Compartments"", ""Exterior Features"": ""No Compartments or Pockets"", ""Main Compartment Closure"": ""Zip Closure"", ""Handle Type"": ""Shoulder Strap"", ""Fabric Name"": ""1 x 1 Rib"", ""Care & Cleaning"": ""Spot or Wipe Clean"", ""TCIN"": ""1009345982"", ""UPC"": ""944144684958"", ""Origin"": ""imported""}",True,2026-02-23T00:50:20.107721
1009451662,"Narwey Woven Women's Crossbody Bag & Evening Purse, Trendy Dumpling Clutch & Hobo Cloud Shoulder Bag Trendy Dumpling Clutch Vegan Leather",https://www.target.com/p/narwey-woven-women-s-crossbody-bag-evening-purse-trendy-dumpling-clutch-hobo-cloud-shoulder-bag-trendy-dumpling-clutch-vegan-leather/-/A-1009451662#lnk=sametab,Narwey,"Target > Clothing, Shoes & Accessories > Accessories > Handbags & Purses > Mini Bags",Mini Bags,54.59,67.99,19.7,True,0.0,0,,False,,,https://target.scene7.com/is/image/Target/GUEST_2e89933a-b9e6-4f96-9529-a44fd17e94b5?wid=1200&hei=1200&qlt=85 | https://target.scene7.com/is/image/Target/GUEST_3ce4b325-ae15-4152-b682-9b7cd81bc778?wid=1200&hei=1200&qlt=85 | https://target.scene7.com/is/image/Target/GUEST_70a4b6e9-f00e-4f13-a4c9-e5212c18b3fd?wid=1200&hei=1200&qlt=85 | https://target.scene7.com/is/image/Target/GUEST_aff10527-1efc-47c4-84b4-e93270ccba1d?wid=1200&hei=1200&qlt=85 | https://target.scene7.com/is/image/Target/GUEST_5a1359be-a8f3-499b-89e4-0ac18cb9cd82?wid=1200&hei=1200&qlt=85,Design; Adjustable and Detachable Shoulder Strap; Roomy for Daily Essentials; Ideal Gift for Women,,Leather,"{""H"": ""3.2"", ""W"": ""5.9"", ""D"": ""8.6""}",3.2 inches (H) x 5.9 inches (W) x 8.6 inches (D),Lightweight,No Compartments or Pockets,No Compartments or Pockets,Zip Closure,No Handles or Straps,Novelty,Do Not Wash,imported,629949147791,,"{""Dimensions (Overall)"": ""3.2 inches (H) x 5.9 inches (W) x 8.6 inches (D)"", ""Shell Material"": ""Leather"", ""Bag Structure"": ""Lightweight"", ""Interior Features"": ""No Compartments or Pockets"", ""Exterior Features"": ""No Compartments or Pockets"", ""Main Compartment Closure"": ""Zip Closure"", ""Handle Type"": ""No Handles or Straps"", ""Fabric Name"": ""Novelty"", ""Care & Cleaning"": ""Do Not Wash"", ""TCIN"": ""1009451662"", ""UPC"": ""629949147791"", ""Origin"": ""imported""}",True,2026-02-23T00:50:20.107721
1007942894,"Leather Crossbody Bags for Women Trendy, Small Purses Handbags Shoulder Bag Genuine Leather - Dark Brown 9.1” x 3.4” x 6.7”",https://www.target.com/p/leather-crossbody-bags-for-women-trendy-small-purses-handbags-shoulder-bag/-/A-1007942894?preselect=1007942895#lnk=sametab,Empire DigiLabs,"Target > Clothing, Shoes & Accessories > Accessories > Handbags & Purses > Shoulder Bags",Shoulder Bags,144.0,288.0,50.0,True,0.0,0,,False,size9.1” x 3.4” x 6.7”,,https://target.scene7.com/is/image/Target/GUEST_5d52a096-edbb-41ea-87fc-06247c910ce5?wid=1200&hei=1200&qlt=85 | https://target.scene7.com/is/image/Target/GUEST_cff7abc0-55c1-47d4-bd77-f3a4415aabfe?wid=1200&hei=1200&qlt=85 | https://target.scene7.com/is/image/Target/GUEST_281d3279-6223-4051-af72-249d0f2f6b0e?wid=1200&hei=1200&qlt=85 | https://target.scene7.com/is/image/Target/GUEST_9caf9c60-9d6f-4461-abd4-6ecfcd812e06?wid=1200&hei=1200&qlt=85 | https://target.scene7.com/is/image/Target/GUEST_5055b1d2-91a5-444e-8ce6-3dd924b3bc24?wid=1200&hei=1200&qlt=85,,,Leather,"{""H"": ""6.7"", ""W"": ""9.1"", ""D"": ""3.4""}",6.7 inches (H) x 9.1 inches (W) x 3.4 inches (D),Structured,Multiple Compartments,Adjustable Shoulder Strap,Zip Closure,Adjustable Shoulder Strap,Faux Leather,Spot or Wipe Clean,imported,661309847231,,"{""Dimensions (Overall)"": ""6.7 inches (H) x 9.1 inches (W) x 3.4 inches (D)"", ""Shell Material"": ""Leather"", ""Bag Structure"": ""Structured"", ""Interior Features"": ""Multiple Compartments"", ""Exterior Features"": ""Adjustable Shoulder Strap"", ""Main Compartment Closure"": ""Zip Closure"", ""Handle Type"": ""Adjustable Shoulder Strap"", ""Fabric Name"": ""Faux Leather"", ""Care & Cleaning"": ""Spot or Wipe Clean"", ""TCIN"": ""1007942895"", ""UPC"": ""661309847231"", ""Origin"": ""imported""}",True,2026-02-23T00:50:20.108221
1008460030,Evening Clutch - Women's Evening Bag Party Purses Handbag for Cocktail/Prom/Party/Wedding/Formal E Style 5-light Pink 7.9*2.4*5.1,https://www.target.com/p/evening-clutch-women-s-evening-bag-party-purses-handbag-for-cocktail-prom-party-wedding-formal/-/A-1008460030?preselect=1008460031#lnk=sametab,Empire DigiLabs,"Target > Clothing, Shoes & Accessories > Accessories > Handbags & Purses > Clutches",Clutches,74.97,149.94,50.0,True,0.0,0,,False,size7.9*2.4*5.1,,https://target.scene7.com/is/image/Target/GUEST_492e8bfe-6e1f-4503-85df-d33e5221cead?wid=1200&hei=1200&qlt=85 | https://target.scene7.com/is/image/Target/GUEST_ee4c9873-dc9d-4b89-8739-104987ecfdf0?wid=1200&hei=1200&qlt=85 | https://target.scene7.com/is/image/Target/GUEST_5e10db07-6e50-4123-9f1a-c7c6f936ba95?wid=1200&hei=1200&qlt=85 | https://target.scene7.com/is/image/Target/GUEST_2fc1bc74-d319-4f4b-bccc-133526f55a6d?wid=1200&hei=1200&qlt=85,,,Polyester,"{""H"": ""5.1"", ""W"": ""7.9"", ""D"": ""2.4""}",5.1 inches (H) x 7.9 inches (W) x 2.4 inches (D),Structured,Multiple Compartments,Detachable Straps,Pushlock,No Handles or Straps,Novelty,Spot or Wipe Clean,imported,661309792302,,"{""Dimensions (Overall)"": ""5.1 inches (H) x 7.9 inches (W) x 2.4 inches (D)"", ""Shell Material"": ""Polyester"", ""Bag Structure"": ""Structured"", ""Interior Features"": ""Multiple Compartments"", ""Exterior Features"": ""Detachable Straps"", ""Main Compartment Closure"": ""Pushlock"", ""Handle Type"": ""No Handles or Straps"", ""Fabric Name"": ""Novelty"", ""Care & Cleaning"": ""Spot or Wipe Clean"", ""TCIN"": ""1008460031"", ""UPC"": ""661309792302"", ""Origin"": ""imported""}",True,2026-02-23T00:50:20.108221
1002176813,C&F Home Salinas Coin Purse,https://www.target.com/p/c-f-home-coin-purse/-/A-1002176813?preselect=1002176816#lnk=sametab,C&F Home,"Target > Clothing, Shoes & Accessories > Accessories > Handbags & Purses",Handbags & Purses,14.99,16.49,9.1,True,0.0,0,,False,dark pink,,https://target.scene7.com/is/image/Target/GUEST_7d04a5a3-f2d4-4ec4-88c7-ac1d7c7b5f06?wid=1200&hei=1200&qlt=85 | https://target.scene7.com/is/image/Target/GUEST_dc16c666-aa5c-49bc-8fc9-c7078dbbf635?wid=1200&hei=1200&qlt=85,"100% Quilted Cotton; Perfect to carry cash, cards and coins; Measures 4.5"" x 3.5""; C&F Home strives to provide exceptional, high-quality products to fit every style",,Cotton,"{""H"": "".33"", ""W"": ""3.5"", ""D"": ""4.5""}",.33 inches (H) x 3.5 inches (W) x 4.5 inches (D),Softside,Credit Card Pockets,No Compartments or Pockets,Zip Closure,Cotton,Woven,Spot or Wipe Clean,imported,008246274896,,"{""Dimensions (Overall)"": "".33 inches (H) x 3.5 inches (W) x 4.5 inches (D)"", ""Shell Material"": ""Cotton"", ""Bag Structure"": ""Softside"", ""Interior Features"": ""Credit Card Pockets"", ""Exterior Features"": ""No Compartments or Pockets"", ""Main Compartment Closure"": ""Zip Closure"", ""Handle Type"": ""Shoulder Strap"", ""Fabric Name"": ""Woven"", ""Handle Material"": ""Cotton"", ""Industry or Government Certifications"": ""Meets ASTM Standards"", ""Fits Laptop"": ""No Laptop Pocket"", ""Battery"": ""No Battery Used"", ""Care & Cleaning"": ""Spot or Wipe Clean"", ""TCIN"": ""1002176816"", ""UPC"": ""008246274896"", ""Origin"": ""imported""}",True,2026-02-23T00:50:20.108221
1009143535,Narwey Casual Nylon Purse Handbag Crossbody Bag Waterproof Shoulder Bag,https://www.target.com/p/narwey-casual-nylon-purse-handbag-crossbody-bag-waterproof-shoulder-bag/-/A-1009143535#lnk=sametab,Narwey,"Target > Clothing, Shoes & Accessories > Accessories > Handbags & Purses",Handbags & Purses,45.99,59.99,23.3,True,0.0,0,,False,,,https://target.scene7.com/is/image/Target/GUEST_e94f8e1c-10fd-4ce8-84d2-d7cbd09c4e9c?wid=1200&hei=1200&qlt=85 | https://target.scene7.com/is/image/Target/GUEST_be8027b8-8a4b-45d6-9e02-0a4fd192447f?wid=1200&hei=1200&qlt=85 | https://target.scene7.com/is/image/Target/GUEST_2979b317-2f13-44a9-9dc3-f63b0dbf993e?wid=1200&hei=1200&qlt=85 | https://target.scene7.com/is/image/Target/GUEST_bc26ca95-c116-460f-873b-a29bc755afc6?wid=1200&hei=1200&qlt=85 | https://target.scene7.com/is/image/Target/GUEST_423b48b6-76d8-4420-9da0-8cd5cd01db03?wid=1200&hei=1200&qlt=85,Qulity Nylon Material; Multifunctional Structure:Exterior; Large Capacity; Multi-Functional crossbody bag,,20% Recycled Nylon,"{""H"": ""9"", ""W"": ""4.7"", ""D"": ""8.2""}",9 inches (H) x 4.7 inches (W) x 8.2 inches (D),Unstructured,Zip Pocket,Zip Pocket,Zip Closure,Single handle,Novelty,Do Not Wash,imported,662150356675,,"{""Dimensions (Overall)"": ""9 inches (H) x 4.7 inches (W) x 8.2 inches (D)"", ""Shell Material"": ""20% Recycled Nylon"", ""Bag Structure"": ""Unstructured"", ""Interior Features"": ""Zip Pocket"", ""Exterior Features"": ""Zip Pocket"", ""Main Compartment Closure"": ""Zip Closure"", ""Handle Type"": ""Single handle"", ""Fabric Name"": ""Novelty"", ""Care & Cleaning"": ""Do Not Wash"", ""TCIN"": ""1009143535"", ""UPC"": ""662150356675"", ""Origin"": ""imported""}",True,2026-02-23T00:51:04.471492
1009500171,"Narwey Crossbody Bags for Women Trendy, Leather Crossbody purse",https://www.target.com/p/narwey-crossbody-bags-for-women-trendy-leather-crossbody-purse/-/A-1009500171#lnk=sametab,Narwey,"Target > Clothing, Shoes & Accessories > Accessories > Handbags & Purses > Crossbody & Messenger Bags",Crossbody & Messenger Bags,51.99,69.99,25.7,True,0.0,0,,False,,,https://target.scene7.com/is/image/Target/GUEST_271576f7-68e1-4141-bc77-cec86c95276b?wid=1200&hei=1200&qlt=85 | https://target.scene7.com/is/image/Target/GUEST_42a3446d-dc2f-4045-a442-13d795a4a640?wid=1200&hei=1200&qlt=85 | https://target.scene7.com/is/image/Target/GUEST_ff6098ce-4dc5-47bd-a27c-947c7f4f30bf?wid=1200&hei=1200&qlt=85 | https://target.scene7.com/is/image/Target/GUEST_b205eda8-ca5d-423b-96f9-437f32b85e50?wid=1200&hei=1200&qlt=85 | https://target.scene7.com/is/image/Target/GUEST_6d05e470-2369-45c3-97fc-8dc54a407186?wid=1200&hei=1200&qlt=85,Size: 11.90 inches (L) x 3.90 inches (W) x 8.50 inches; Premium Vegan Leather:; Spacious Design; Durable Construction,,Leather,"{""H"": ""8.82"", ""W"": ""1.73"", ""D"": ""12.24""}",8.82 inches (H) x 1.73 inches (W) x 12.24 inches (D),Lightweight,Multiple Compartments,Front Pocket,Zip Closure,Shoulder Strap,1 x 1 Rib,Dry Clean,imported,789780911996,,"{""Dimensions (Overall)"": ""8.82 inches (H) x 1.73 inches (W) x 12.24 inches (D)"", ""Shell Material"": ""Leather"", ""Bag Structure"": ""Lightweight"", ""Interior Features"": ""Multiple Compartments"", ""Exterior Features"": ""Front Pocket"", ""Main Compartment Closure"": ""Zip Closure"", ""Handle Type"": ""Shoulder Strap"", ""Fabric Name"": ""1 x 1 Rib"", ""Care & Cleaning"": ""Dry Clean"", ""TCIN"": ""1009500171"", ""UPC"": ""789780911996"", ""Origin"": ""imported""}",True,2026-02-23T00:51:04.471492
1009348445,"Narwey Small Shoulder Bags,Purses for Women Vegan Leather Crossbody Handbag Clutch Hobo Purse",https://www.target.com/p/narwey-small-shoulder-bags-purses-for-women-vegan-leather-crossbody-handbag-clutch-hobo-purse/-/A-1009348445#lnk=sametab,Narwey,"Target > Clothing, Shoes & Accessories > Accessories > Handbags & Purses > Crossbody & Messenger Bags",Crossbody & Messenger Bags,57.99,69.99,17.1,True,0.0,0,,False,,,https://target.scene7.com/is/image/Target/GUEST_ddaa5f4b-6809-4d8d-908b-e617e1af6660?wid=1200&hei=1200&qlt=85 | https://target.scene7.com/is/image/Target/GUEST_d8676496-a174-469b-8748-f0de13a73faf?wid=1200&hei=1200&qlt=85 | https://target.scene7.com/is/image/Target/GUEST_9868a3d7-bdaf-4e49-8fee-585d89424079?wid=1200&hei=1200&qlt=85 | https://target.scene7.com/is/image/Target/GUEST_031bbb4a-01f9-482c-8c5d-4d73246af46e?wid=1200&hei=1200&qlt=85 | https://target.scene7.com/is/image/Target/GUEST_1c8afb02-94b4-4bb5-b85a-81ab26a3125e?wid=1200&hei=1200&qlt=85,Size; Material; Fashionable design; Use Occasion; Holidays Gifts Ready,,Leather,"{""H"": ""5"", ""W"": ""10"", ""D"": ""3.5""}",5 inches (H) x 10 inches (W) x 3.5 inches (D),Lightweight,No Compartments or Pockets,No Compartments or Pockets,Zip Closure,No Handles or Straps,Novelty,Do Not Wash,imported,124921334645,,"{""Dimensions (Overall)"": ""5 inches (H) x 10 inches (W) x 3.5 inches (D)"", ""Shell Material"": ""Leather"", ""Bag Structure"": ""Lightweight"", ""Interior Features"": ""No Compartments or Pockets"", ""Exterior Features"": ""No Compartments or Pockets"", ""Main Compartment Closure"": ""Zip Closure"", ""Handle Type"": ""No Handles or Straps"", ""Fabric Name"": ""Novelty"", ""Care & Cleaning"": ""Do Not Wash"", ""TCIN"": ""1009348445"", ""UPC"": ""124921334645"", ""Origin"": ""imported""}",True,2026-02-23T00:51:04.471492
1009300174,"Narwey Small Nylon Crossbody Bags for Women,RFID Wristlet Purse",https://www.target.com/p/narwey-small-nylon-crossbody-bags-for-women-rfid-wristlet-purse/-/A-1009300174#lnk=sametab,Narwey,"Target > Clothing, Shoes & Accessories > Accessories > Handbags & Purses > Crossbody & Messenger Bags",Crossbody & Messenger Bags,51.99,61.99,16.1,True,0.0,0,,False,,,https://target.scene7.com/is/image/Target/GUEST_3486cfc5-d1b1-4555-b6cb-6368c6f0d372?wid=1200&hei=1200&qlt=85 | https://target.scene7.com/is/image/Target/GUEST_850ba88a-4ca0-4616-abf8-aa525aca9ef1?wid=1200&hei=1200&qlt=85 | https://target.scene7.com/is/image/Target/GUEST_b0e5fa7d-f9a3-4d33-8d52-267b491c4e73?wid=1200&hei=1200&qlt=85 | https://target.scene7.com/is/image/Target/GUEST_9aaffad7-2fb6-4162-83a0-60b4c611df85?wid=1200&hei=1200&qlt=85 | https://target.scene7.com/is/image/Target/GUEST_b068bcef-9825-4df0-9452-967744832661?wid=1200&hei=1200&qlt=85,Versatile 2-in-1 Design; Lightweight Nylon Material; Smart Organizational Compartments; RFID-blocking Nylon Wristlet,,Polyester,"{""H"": ""2"", ""W"": ""3.94"", ""D"": ""7.87""}",2 inches (H) x 3.94 inches (W) x 7.87 inches (D),Lightweight,Multiple Compartments,Zip Pocket,Zip Closure,Single handle,1 x 1 Rib,Hand Wash,imported,977051119107,,"{""Dimensions (Overall)"": ""2 inches (H) x 3.94 inches (W) x 7.87 inches (D)"", ""Shell Material"": ""Polyester"", ""Bag Structure"": ""Lightweight"", ""Interior Features"": ""Multiple Compartments"", ""Exterior Features"": ""Zip Pocket"", ""Main Compartment Closure"": ""Zip Closure"", ""Handle Type"": ""Single handle"", ""Fabric Name"": ""1 x 1 Rib"", ""Care & Cleaning"": ""Hand Wash"", ""TCIN"": ""1009300174"", ""UPC"": ""977051119107"", ""Origin"": ""imported""}",True,2026-02-23T00:51:04.471492
94255397,"Slickblue 6"" Handmade Coin Purse - Vibrant Lime Design",https://www.target.com/p/slickblue-6-handmade-coin-purse-vibrant-watermelon-lime-or-slice-apple-design/-/A-94255397?preselect=1000099387#lnk=sametab,Slickblue,"Target > Clothing, Shoes & Accessories > Accessories > Handbags & Purses",Handbags & Purses,29.99,0.0,0.0,False,1.0,1,,False,lime,,https://target.scene7.com/is/image/Target/GUEST_0950a9d0-ca59-4bdd-a011-dc2ca58b33ed?wid=1200&hei=1200&qlt=85 | https://target.scene7.com/is/image/Target/GUEST_72da335e-2613-4b02-9d19-28ffc9aac7a9?wid=1200&hei=1200&qlt=85 | https://target.scene7.com/is/image/Target/GUEST_3fe58cd5-16f5-48be-bb06-b4b37b41656f?wid=1200&hei=1200&qlt=85 | https://target.scene7.com/is/image/Target/GUEST_c5d5e853-dbb6-4f26-986f-18d6e31fb28e?wid=1200&hei=1200&qlt=85 | https://target.scene7.com/is/image/Target/GUEST_27f3348e-325b-4240-abf5-ec9b5fa26a24?wid=1200&hei=1200&qlt=85,"Handmade using traditional hand-felting technique; Fun designs: Watermelon, Lime, or Apple; Measures 6 inches for compact convenience; Perfect for coins, cards, and small items; Unique and vibrant felt construction; Great gift for lovers of handmade goods; Lightweight and easy to carry; Artisan-crafted for quality and individuality",,Polyester,"{""H"": ""6"", ""W"": ""6"", ""D"": ""1""}",6 inches (H) x 6 inches (W) x 1 inches (D),Pouch,No Compartments or Pockets,No Compartments or Pockets,Zip Closure,No Handles or Straps,Felt,Care Instructions Not Provided,imported,632829397353,,"{""Dimensions (Overall)"": ""6 inches (H) x 6 inches (W) x 1 inches (D)"", ""Shell Material"": ""Polyester"", ""Bag Structure"": ""Pouch"", ""Interior Features"": ""No Compartments or Pockets"", ""Exterior Features"": ""No Compartments or Pockets"", ""Main Compartment Closure"": ""Zip Closure"", ""Handle Type"": ""No Handles or Straps"", ""Fabric Name"": ""Felt"", ""Care & Cleaning"": ""Care Instructions Not Provided"", ""TCIN"": ""1000099387"", ""UPC"": ""632829397353"", ""Origin"": ""imported""}",True,2026-02-23T00:51:04.471492
1007882134,"Top Handle Purse Hobo Shoulder Barrel Satchel Handbags for Women Awake Saddle Brown 12.5"" x 5"" x 9""",https://www.target.com/p/top-handle-purse-hobo-shoulder-barrel-satchel-handbags-for-women/-/A-1007882134?preselect=1007882133#lnk=sametab,Empire DigiLabs,"Target > Clothing, Shoes & Accessories > Accessories > Handbags & Purses",Handbags & Purses,149.97,299.94,50.0,True,0.0,0,,False,"size12.5"" x 5"" x 9""",,https://target.scene7.com/is/image/Target/GUEST_7d9c3789-6399-4bc7-a74e-9d1db80de6ee?wid=1200&hei=1200&qlt=85 | https://target.scene7.com/is/image/Target/GUEST_6e478dfc-1979-469a-a7f1-fd0d617bf13e?wid=1200&hei=1200&qlt=85 | https://target.scene7.com/is/image/Target/GUEST_42d96c60-1207-4625-9e23-366a4e6e0bda?wid=1200&hei=1200&qlt=85 | https://target.scene7.com/is/image/Target/GUEST_1ed73ac6-4927-47a9-abb3-fc8246c774e6?wid=1200&hei=1200&qlt=85 | https://target.scene7.com/is/image/Target/GUEST_9efa759b-1d50-4f79-84f6-0859d871f4dd?wid=1200&hei=1200&qlt=85,,,Leather,"{""H"": ""9"", ""W"": ""12.5"", ""D"": ""5""}",9 inches (H) x 12.5 inches (W) x 5 inches (D),Structured,Multiple Compartments,Adjustable Shoulder Strap,Zip Closure,Carrying Handle,Faux Leather,Spot or Wipe Clean,imported,661309869127,,"{""Dimensions (Overall)"": ""9 inches (H) x 12.5 inches (W) x 5 inches (D)"", ""Shell Material"": ""Leather"", ""Bag Structure"": ""Structured"", ""Interior Features"": ""Multiple Compartments"", ""Exterior Features"": ""Adjustable Shoulder Strap"", ""Main Compartment Closure"": ""Zip Closure"", ""Handle Type"": ""Carrying Handle"", ""Fabric Name"": ""Faux Leather"", ""Care & Cleaning"": ""Spot or Wipe Clean"", ""TCIN"": ""1007882133"", ""UPC"": ""661309869127"", ""Origin"": ""imported""}",True,2026-02-23T00:51:04.471492
1009446469,"Narwey Hobo Bags for Women, Ultra Soft Foldable Vegan Leather Shoulder Handbag, Stylish Slouchy Tote Purses (Black)",https://www.target.com/p/narwey-hobo-bags-for-women-ultra-soft-foldable-vegan-leather-shoulder-handbag-stylish-slouchy-tote-purses-black/-/A-1009446469#lnk=sametab,Narwey,"Target > Clothing, Shoes & Accessories > Accessories > Handbags & Purses",Handbags & Purses,28.66,39.99,28.3,True,0.0,0,,False,,,https://target.scene7.com/is/image/Target/GUEST_02c0e112-26f8-4d25-9a87-d430f4f74db1?wid=1200&hei=1200&qlt=85 | https://target.scene7.com/is/image/Target/GUEST_034bc1ab-abb4-4fcf-95c7-a54647f51dc1?wid=1200&hei=1200&qlt=85 | https://target.scene7.com/is/image/Target/GUEST_f06a8338-254d-413e-b06e-72a924d27930?wid=1200&hei=1200&qlt=85 | https://target.scene7.com/is/image/Target/GUEST_061cda6d-2393-4808-b125-1106489652ea?wid=1200&hei=1200&qlt=85 | https://target.scene7.com/is/image/Target/GUEST_2043a213-6fa2-44fa-8932-33ecfa5e5d09?wid=1200&hei=1200&qlt=85,Made of premium PU leather and polyester lining; Ideal as a multifunctional shoulder bag for work or a stylish business handbag; Cute purses for women with a minimalist; bags for women feature an elegant,,TPU (Thermoplastic Polyurethane),"{""H"": ""13"", ""W"": ""3.93"", ""D"": ""9.45""}",13 inches (H) x 3.93 inches (W) x 9.45 inches (D),Softside,Multiple Compartments,No Compartments or Pockets,Zip Closure,Adjustable Shoulder Strap,2 x 2 Rib,Do Not Wash,imported,852275583548,,"{""Dimensions (Overall)"": ""13 inches (H) x 3.93 inches (W) x 9.45 inches (D)"", ""Shell Material"": ""TPU (Thermoplastic Polyurethane)"", ""Bag Structure"": ""Softside"", ""Interior Features"": ""Multiple Compartments"", ""Exterior Features"": ""No Compartments or Pockets"", ""Main Compartment Closure"": ""Zip Closure"", ""Handle Type"": ""Adjustable Shoulder Strap"", ""Fabric Name"": ""2 x 2 Rib"", ""Care & Cleaning"": ""Do Not Wash"", ""TCIN"": ""1009446469"", ""UPC"": ""852275583548"", ""Origin"": ""imported""}",True,2026-02-23T00:51:04.471492
1009523842,Narwey Womens Purse and Wallet set Satchel Shoulder Bags Purses for Women Tote Handbags 2pcs IceBlue,https://www.target.com/p/narwey-womens-purse-and-wallet-set-satchel-shoulder-bags-purses-for-women-tote-handbags-2pcs-iceblue/-/A-1009523842#lnk=sametab,Narwey,"Target > Clothing, Shoes & Accessories > Accessories > Handbags & Purses > Shoulder Bags",Shoulder Bags,77.99,89.99,13.3,True,0.0,0,,False,,,https://target.scene7.com/is/image/Target/GUEST_f3ec79fc-e8d4-4632-9348-912b7a83c43a?wid=1200&hei=1200&qlt=85 | https://target.scene7.com/is/image/Target/GUEST_080868ea-fd72-411c-989c-7bfceb1da6ca?wid=1200&hei=1200&qlt=85 | https://target.scene7.com/is/image/Target/GUEST_b96ce8a1-cb2f-4058-b844-d0fb34046086?wid=1200&hei=1200&qlt=85 | https://target.scene7.com/is/image/Target/GUEST_60587eb4-6d34-4ca6-950b-e7d14a943f0d?wid=1200&hei=1200&qlt=85 | https://target.scene7.com/is/image/Target/GUEST_7a1a1159-41c7-458f-8358-0df8029fcb53?wid=1200&hei=1200&qlt=85,2-In-1 Value Set for Daily Needs; Ideal Gift Choice for Women; DIMENSION; POCKETS,,Leather,"{""H"": ""10.2"", ""W"": ""5"", ""D"": ""12.6""}",10.2 inches (H) x 5 inches (W) x 12.6 inches (D),Lightweight,No Compartments or Pockets,No Compartments or Pockets,Zip Closure,No Handles or Straps,Novelty,Do Not Wash,imported,883410182623,,"{""Dimensions (Overall)"": ""10.2 inches (H) x 5 inches (W) x 12.6 inches (D)"", ""Shell Material"": ""Leather"", ""Bag Structure"": ""Lightweight"", ""Interior Features"": ""No Compartments or Pockets"", ""Exterior Features"": ""No Compartments or Pockets"", ""Main Compartment Closure"": ""Zip Closure"", ""Handle Type"": ""No Handles or Straps"", ""Fabric Name"": ""Novelty"", ""Care & Cleaning"": ""Do Not Wash"", ""TCIN"": ""1009523842"", ""UPC"": ""883410182623"", ""Origin"": ""imported""}",True,2026-02-23T00:51:04.471492
1009529284,Narwey Purses And Wallets Set For Women Work Tote Handbags Shoulder Bag,https://www.target.com/p/narwey-purses-and-wallets-set-for-women-work-tote-handbags-shoulder-bag/-/A-1009529284#lnk=sametab,Narwey,"Target > Clothing, Shoes & Accessories > Accessories > Handbags & Purses > Shoulder Bags",Shoulder Bags,75.99,85.99,11.6,True,0.0,0,,False,,,https://target.scene7.com/is/image/Target/GUEST_d8641e55-e52a-4e55-9eb4-e368ee078c0d?wid=1200&hei=1200&qlt=85 | https://target.scene7.com/is/image/Target/GUEST_10341f52-4d24-4f3d-a648-c17ccafbcfb0?wid=1200&hei=1200&qlt=85 | https://target.scene7.com/is/image/Target/GUEST_7f0172ed-5c6d-43f2-bde6-4d6f8740b9d9?wid=1200&hei=1200&qlt=85 | https://target.scene7.com/is/image/Target/GUEST_e5e54044-6a36-4b59-bb87-f910df37a0ba?wid=1200&hei=1200&qlt=85 | https://target.scene7.com/is/image/Target/GUEST_a832858f-bd45-4e65-9660-0cdc85d2cb6c?wid=1200&hei=1200&qlt=85,"MATERIAL: Made of high quality synthetic leather and polyester lining; Handbag:13''x10.2''x5''(W*H*D), Shoulder strap drop:10.8''; Handbag for women:1 main zipper compartment with 1 inner zipper pocket; Handbag for women:1 main zipper compartment with 1 inner zipper pocket",,TPU (Thermoplastic Polyurethane),"{""H"": ""12.6"", ""W"": ""5"", ""D"": ""10.2""}",12.6 inches (H) x 5 inches (W) x 10.2 inches (D),Dome,Multiple Compartments,No Compartments or Pockets,Zip Closure,Carrying Handle,2 x 2 Rib,Do Not Wash,imported,365332208310,,"{""Dimensions (Overall)"": ""12.6 inches (H) x 5 inches (W) x 10.2 inches (D)"", ""Shell Material"": ""TPU (Thermoplastic Polyurethane)"", ""Bag Structure"": ""Dome"", ""Interior Features"": ""Multiple Compartments"", ""Exterior Features"": ""No Compartments or Pockets"", ""Main Compartment Closure"": ""Zip Closure"", ""Handle Type"": ""Carrying Handle"", ""Fabric Name"": ""2 x 2 Rib"", ""Care & Cleaning"": ""Do Not Wash"", ""TCIN"": ""1009529284"", ""UPC"": ""365332208310"", ""Origin"": ""imported""}",True,2026-02-23T00:51:04.471492
1009443667,Narwey Tote Bags Large Leather Purses and Handbags for Women,https://www.target.com/p/narwey-tote-bags-large-leather-purses-and-handbags-for-women/-/A-1009443667#lnk=sametab,Narwey,"Target > Clothing, Shoes & Accessories > Accessories > Handbags & Purses > Shoulder Bags",Shoulder Bags,47.99,59.99,20.0,True,0.0,0,,False,,,https://target.scene7.com/is/image/Target/GUEST_8611c201-829d-4162-9fd4-439f6ceba4a3?wid=1200&hei=1200&qlt=85 | https://target.scene7.com/is/image/Target/GUEST_5a2e6996-08dc-46c7-a90f-bde45d547596?wid=1200&hei=1200&qlt=85 | https://target.scene7.com/is/image/Target/GUEST_72beea07-0b9e-44b4-9eed-3b69bc53d790?wid=1200&hei=1200&qlt=85 | https://target.scene7.com/is/image/Target/GUEST_386fa6ed-fb10-4671-b84e-848375a64ba0?wid=1200&hei=1200&qlt=85 | https://target.scene7.com/is/image/Target/GUEST_46e21592-87ca-41cf-b81c-008b0fdb8a7e?wid=1200&hei=1200&qlt=85,CARRY-ALL TOTE; MATERIAL; CLASSIC DESIGN; POUCH INCLUDED,,Polyester,"{""H"": ""4.3"", ""W"": ""12"", ""D"": ""11.5""}",4.3 inches (H) x 12 inches (W) x 11.5 inches (D),Lightweight,Multiple Compartments,No Compartments or Pockets,Zip Closure,Shoulder Strap,1 x 1 Rib,Spot or Wipe Clean,imported,782843969965,,"{""Dimensions (Overall)"": ""4.3 inches (H) x 12 inches (W) x 11.5 inches (D)"", ""Shell Material"": ""Polyester"", ""Bag Structure"": ""Lightweight"", ""Interior Features"": ""Multiple Compartments"", ""Exterior Features"": ""No Compartments or Pockets"", ""Main Compartment Closure"": ""Zip Closure"", ""Handle Type"": ""Shoulder Strap"", ""Fabric Name"": ""1 x 1 Rib"", ""Care & Cleaning"": ""Spot or Wipe Clean"", ""TCIN"": ""1009443667"", ""UPC"": ""782843969965"", ""Origin"": ""imported""}",True,2026-02-23T00:51:04.471492
1009502066,Narwey Tote Bag for Women Nylon Top-Handle Purse,https://www.target.com/p/narwey-tote-bag-for-women-nylon-top-handle-purse/-/A-1009502066#lnk=sametab,Narwey,"Target > Clothing, Shoes & Accessories > Accessories > Handbags & Purses > Shoulder Bags",Shoulder Bags,53.99,69.99,22.9,True,0.0,0,,False,,,https://target.scene7.com/is/image/Target/GUEST_61740c16-79c7-432a-ab00-ee4f12fdd613?wid=1200&hei=1200&qlt=85 | https://target.scene7.com/is/image/Target/GUEST_572d8008-bcbf-44f2-95a6-e1a892fc791d?wid=1200&hei=1200&qlt=85 | https://target.scene7.com/is/image/Target/GUEST_cab0a4a2-67d4-44e3-abad-6bdb3154c5c9?wid=1200&hei=1200&qlt=85 | https://target.scene7.com/is/image/Target/GUEST_a11025f2-327a-448a-a856-47c8d34daad4?wid=1200&hei=1200&qlt=85 | https://target.scene7.com/is/image/Target/GUEST_e5bc8211-8055-4bdd-a782-d73d1924e071?wid=1200&hei=1200&qlt=85,Generously Sized:Bottom Length; Detailed structure; Large Capacity:; Versatile Tote,,Polyester,"{""H"": ""7.28"", ""W"": ""11.8"", ""D"": ""18.5""}",7.28 inches (H) x 11.8 inches (W) x 18.5 inches (D),Lightweight,Multiple Compartments,No Compartments or Pockets,Zip Closure,Shoulder Strap,1 x 1 Rib,Hand Wash,imported,685030533942,,"{""Dimensions (Overall)"": ""7.28 inches (H) x 11.8 inches (W) x 18.5 inches (D)"", ""Shell Material"": ""Polyester"", ""Bag Structure"": ""Lightweight"", ""Interior Features"": ""Multiple Compartments"", ""Exterior Features"": ""No Compartments or Pockets"", ""Main Compartment Closure"": ""Zip Closure"", ""Handle Type"": ""Shoulder Strap"", ""Fabric Name"": ""1 x 1 Rib"", ""Care & Cleaning"": ""Hand Wash"", ""TCIN"": ""1009502066"", ""UPC"": ""685030533942"", ""Origin"": ""imported""}",True,2026-02-23T00:51:04.471492
1009449679,Narwey Small Clutch Purses for Women Formal Evening Bag Crossbody and Wristlet Handbags,https://www.target.com/p/narwey-small-clutch-purses-for-women-formal-evening-bag-crossbody-and-wristlet-handbags/-/A-1009449679#lnk=sametab,Narwey,"Target > Clothing, Shoes & Accessories > Accessories > Handbags & Purses > Mini Bags",Mini Bags,31.99,39.99,20.0,True,0.0,0,,False,,,https://target.scene7.com/is/image/Target/GUEST_80bb5343-5d5f-4df7-b36e-a4b975748db8?wid=1200&hei=1200&qlt=85 | https://target.scene7.com/is/image/Target/GUEST_e832ab08-e996-44b1-9f34-dba006988e86?wid=1200&hei=1200&qlt=85 | https://target.scene7.com/is/image/Target/GUEST_69425311-87f0-4a86-8273-0ad175044ec6?wid=1200&hei=1200&qlt=85 | https://target.scene7.com/is/image/Target/GUEST_5630aee5-c4a4-47de-9c2d-5f1f3993ab79?wid=1200&hei=1200&qlt=85 | https://target.scene7.com/is/image/Target/GUEST_32b1c3a1-c82e-48e0-9f35-91b301519da0?wid=1200&hei=1200&qlt=85,Women's clutch handbags; Black Clutch Purses for Women; Small Crossbody Purse; Wristlet Purses for Women,,TPU (Thermoplastic Polyurethane),"{""H"": ""8"", ""W"": ""1.5"", ""D"": ""5""}",8 inches (H) x 1.5 inches (W) x 5 inches (D),Dome,Multiple Compartments,No Compartments or Pockets,Buckle Closure,Single handle,2 x 2 Rib,Do Not Wash,imported,698781513071,,"{""Dimensions (Overall)"": ""8 inches (H) x 1.5 inches (W) x 5 inches (D)"", ""Shell Material"": ""TPU (Thermoplastic Polyurethane)"", ""Bag Structure"": ""Dome"", ""Interior Features"": ""Multiple Compartments"", ""Exterior Features"": ""No Compartments or Pockets"", ""Main Compartment Closure"": ""Buckle Closure"", ""Handle Type"": ""Single handle"", ""Fabric Name"": ""2 x 2 Rib"", ""Care & Cleaning"": ""Do Not Wash"", ""TCIN"": ""1009449679"", ""UPC"": ""698781513071"", ""Origin"": ""imported""}",True,2026-02-23T00:51:04.471492
1009528473,Narwey Women Satchel Handbag Shoulder Purse Top Handle Work Bag,https://www.target.com/p/narwey-women-satchel-handbag-shoulder-purse-top-handle-work-bag/-/A-1009528473#lnk=sametab,Narwey,"Target > Clothing, Shoes & Accessories > Accessories > Handbags & Purses > Shoulder Bags",Shoulder Bags,95.99,109.99,12.7,True,0.0,0,,False,,,https://target.scene7.com/is/image/Target/GUEST_8f86c7eb-1e95-4852-a0f2-ae00e451fac4?wid=1200&hei=1200&qlt=85 | https://target.scene7.com/is/image/Target/GUEST_e33e59d8-3b9b-494c-8fba-21a777b9479c?wid=1200&hei=1200&qlt=85 | https://target.scene7.com/is/image/Target/GUEST_5696ee8e-beae-4bcb-8d79-31c3aba0b499?wid=1200&hei=1200&qlt=85 | https://target.scene7.com/is/image/Target/GUEST_2babfd46-9862-4b4e-a22a-e86514f3210c?wid=1200&hei=1200&qlt=85 | https://target.scene7.com/is/image/Target/GUEST_a6779519-532b-4c72-8f9f-89a97d301a05?wid=1200&hei=1200&qlt=85,"High Quality Material; Stylish Design; Functional Pockets; Dimension: Approx. Size: 14""W x 10.5""H x 5""D. Ipad",,Leather,"{""H"": ""5"", ""W"": ""10.5"", ""D"": ""14""}",5 inches (H) x 10.5 inches (W) x 14 inches (D),Lightweight,Multiple Compartments,No Compartments or Pockets,Zip Closure,Shoulder Strap,1 x 1 Rib,Spot or Wipe Clean,imported,999418195081,,"{""Dimensions (Overall)"": ""5 inches (H) x 10.5 inches (W) x 14 inches (D)"", ""Shell Material"": ""Leather"", ""Bag Structure"": ""Lightweight"", ""Interior Features"": ""Multiple Compartments"", ""Exterior Features"": ""No Compartments or Pockets"", ""Main Compartment Closure"": ""Zip Closure"", ""Handle Type"": ""Shoulder Strap"", ""Fabric Name"": ""1 x 1 Rib"", ""Care & Cleaning"": ""Spot or Wipe Clean"", ""TCIN"": ""1009528473"", ""UPC"": ""999418195081"", ""Origin"": ""imported""}",True,2026-02-23T00:51:04.471492
1003529080,Signare USA Almond Blossom And Swallow Convertible Top Handle Purse Handbag,https://www.target.com/p/signare-usa-almond-blossom-and-swallow-convertible-top-handle-purse-handbag/-/A-1003529080#lnk=sametab,Signare USA,"Target > Clothing, Shoes & Accessories > Accessories > Handbags & Purses",Handbags & Purses,66.0,0.0,0.0,False,0.0,0,,False,,,https://target.scene7.com/is/image/Target/GUEST_b5d06d9d-3399-4bb6-a890-d244ea9388ab?wid=1200&hei=1200&qlt=85 | https://target.scene7.com/is/image/Target/GUEST_48758a6c-895f-4cc3-b312-f827565ce17d?wid=1200&hei=1200&qlt=85 | https://target.scene7.com/is/image/Target/GUEST_4978a10c-483d-41f7-b2ca-efaa31242b68?wid=1200&hei=1200&qlt=85 | https://target.scene7.com/is/image/Target/GUEST_c05f3942-8d2f-4be6-b780-1495e615d40a?wid=1200&hei=1200&qlt=85 | https://target.scene7.com/is/image/Target/GUEST_ae08e88f-c08b-4ec7-a255-58ee05de3d66?wid=1200&hei=1200&qlt=85,,,Polyester,"{""H"": ""9"", ""W"": ""14"", ""D"": ""5""}",9 inches (H) x 14 inches (W) x 5 inches (D),Structured,Slip Pocket,Detachable Straps,Zip Closure,Grab Handle,Woven,Spot or Wipe Clean,Imported,5060309477458,,"{""Dimensions (Overall)"": ""9 inches (H) x 14 inches (W) x 5 inches (D)"", ""Shell Material"": ""Polyester"", ""Bag Structure"": ""Structured"", ""Interior Features"": ""Slip Pocket"", ""Exterior Features"": ""Detachable Straps"", ""Main Compartment Closure"": ""Zip Closure"", ""Handle Type"": ""Grab Handle"", ""Fabric Name"": ""Woven"", ""Care & Cleaning"": ""Spot or Wipe Clean"", ""TCIN"": ""1003529080"", ""UPC"": ""5060309477458"", ""Origin"": ""Imported""}",True,2026-02-23T00:51:04.471492
1002563743,C&F Home Salinas Purse Organizer,https://www.target.com/p/c-f-home-purse-organizer/-/A-1002563743?preselect=1002563777#lnk=sametab,C&F Home,"Target > Clothing, Shoes & Accessories > Accessories > Handbags & Purses",Handbags & Purses,17.75,39.04,54.5,True,0.0,0,,False,dark pink,,https://target.scene7.com/is/image/Target/GUEST_1534a01c-cc43-426f-bade-a632604f830d?wid=1200&hei=1200&qlt=85 | https://target.scene7.com/is/image/Target/GUEST_dc16c666-aa5c-49bc-8fc9-c7078dbbf635?wid=1200&hei=1200&qlt=85,"Organizational Excellence: Keep everything in its place with multiple compartments, including slip pockets for cards or cash, ensuring easy access and organization on the go.; Versatile Design: Features a removable carrying strap for convenient handling and adaptability to different situations.; Secure Closure: Button closure ensures your items stay securely in place while adding a touch of style.; Premium Material: Crafted from high-quality cotton quilted material, combining durability with a soft, luxurious feel.; Stylish and Practical: Designed not only for functionality but also to complement any outfit, making it a fashionable accessory.",,Cotton,"{""H"": ""1.0"", ""W"": ""4.5"", ""D"": ""8.0""}",1.0 inches (H) x 4.5 inches (W) x 8.0 inches (D),Softside,No Compartments or Pockets,Multiple Compartments,Fold Closure,Cotton,Woven,Spot or Wipe Clean,imported,008246274841,,"{""Dimensions (Overall)"": ""1.0 inches (H) x 4.5 inches (W) x 8.0 inches (D)"", ""Shell Material"": ""Cotton"", ""Bag Structure"": ""Softside"", ""Interior Features"": ""No Compartments or Pockets"", ""Exterior Features"": ""Multiple Compartments"", ""Main Compartment Closure"": ""Fold Closure"", ""Handle Type"": ""Shoulder Strap"", ""Fabric Name"": ""Woven"", ""Handle Material"": ""Cotton"", ""Industry or Government Certifications"": ""Meets ASTM Standards"", ""Fits Laptop"": ""No Laptop Pocket"", ""Battery"": ""No Battery Used"", ""Care & Cleaning"": ""Spot or Wipe Clean"", ""TCIN"": ""1002563777"", ""UPC"": ""008246274841"", ""Origin"": ""imported""}",True,2026-02-23T00:51:04.471492
1009501538,"Narwey Purses Tote Bag for Women, Handbags Large Shoulder Bag",https://www.target.com/p/narwey-purses-tote-bag-for-women-handbags-large-shoulder-bag/-/A-1009501538#lnk=sametab,Narwey,"Target > Clothing, Shoes & Accessories > Accessories > Handbags & Purses > Shoulder Bags",Shoulder Bags,110.99,129.99,14.6,True,0.0,0,,False,,,https://target.scene7.com/is/image/Target/GUEST_86d0ca24-2343-4884-9a59-35d14772aba0?wid=1200&hei=1200&qlt=85 | https://target.scene7.com/is/image/Target/GUEST_4b7ee850-709a-4443-b7f0-06c36497d7f0?wid=1200&hei=1200&qlt=85 | https://target.scene7.com/is/image/Target/GUEST_240fe34f-f7c4-4e5b-86ed-60dedb8c2f81?wid=1200&hei=1200&qlt=85 | https://target.scene7.com/is/image/Target/GUEST_40c0452b-66b3-44ce-bf00-521a877a643c?wid=1200&hei=1200&qlt=85 | https://target.scene7.com/is/image/Target/GUEST_407ca121-bc57-42bd-b3cf-1a4b6c17873a?wid=1200&hei=1200&qlt=85,【Classic Vintage Elegance】; 【Multi-Pocket Design】; 【Superior Craftsmanship】; 【Comfortable Versatility】,,Leather,"{""H"": ""10.32"", ""W"": ""2.76"", ""D"": ""16.35""}",10.32 inches (H) x 2.76 inches (W) x 16.35 inches (D),Lightweight,Multiple Compartments,Zip Pocket,Zip Closure,Shoulder Strap,1 x 1 Rib,Spot or Wipe Clean,imported,157949567931,,"{""Dimensions (Overall)"": ""10.32 inches (H) x 2.76 inches (W) x 16.35 inches (D)"", ""Shell Material"": ""Leather"", ""Bag Structure"": ""Lightweight"", ""Interior Features"": ""Multiple Compartments"", ""Exterior Features"": ""Zip Pocket"", ""Main Compartment Closure"": ""Zip Closure"", ""Handle Type"": ""Shoulder Strap"", ""Fabric Name"": ""1 x 1 Rib"", ""Care & Cleaning"": ""Spot or Wipe Clean"", ""TCIN"": ""1009501538"", ""UPC"": ""157949567931"", ""Origin"": ""imported""}",True,2026-02-23T00:51:04.471492
1009506502,"Narwey 3pc Sets Laptop Bag Work Bags for Women,15.6 Inch Laptop Tote Bag Purses Waterproof Vegan Leather Computer Briefcase",https://www.target.com/p/narwey-3pc-sets-laptop-bag-work-bags-for-women-15-6-inch-laptop-tote-bag-purses-waterproof-vegan-leather-computer-briefcase/-/A-1009506502#lnk=sametab,Narwey,"Target > Clothing, Shoes & Accessories > Accessories > Handbags & Purses > Shoulder Bags",Shoulder Bags,75.59,0.0,0.0,False,0.0,0,,False,,,https://target.scene7.com/is/image/Target/GUEST_2b35c74b-6879-41df-a2bf-e965a24adb15?wid=1200&hei=1200&qlt=85 | https://target.scene7.com/is/image/Target/GUEST_4cb5d08a-fadb-441e-967f-edbaefd4f6f6?wid=1200&hei=1200&qlt=85 | https://target.scene7.com/is/image/Target/GUEST_07ea0d80-b1b7-4aa0-a1dd-a3bc2efc4920?wid=1200&hei=1200&qlt=85 | https://target.scene7.com/is/image/Target/GUEST_2f4e7748-cc4e-4180-9b7a-b9f81c4deacc?wid=1200&hei=1200&qlt=85 | https://target.scene7.com/is/image/Target/GUEST_289823e8-294e-44eb-a56a-024ac483d372?wid=1200&hei=1200&qlt=85,Large Capacity And Versatile USage; 3pc Sets Stylish Laptop Bag; Multi-Compartment Function; Practical; Versatile Laptop Bags for Women,,Leather,"{""H"": ""11.5"", ""W"": ""5.8"", ""D"": ""16""}",11.5 inches (H) x 5.8 inches (W) x 16 inches (D),Lightweight,No Compartments or Pockets,No Compartments or Pockets,Zip Closure,No Handles or Straps,Novelty,Do Not Wash,imported,961474592401,,"{""Dimensions (Overall)"": ""11.5 inches (H) x 5.8 inches (W) x 16 inches (D)"", ""Shell Material"": ""Leather"", ""Bag Structure"": ""Lightweight"", ""Interior Features"": ""No Compartments or Pockets"", ""Exterior Features"": ""No Compartments or Pockets"", ""Main Compartment Closure"": ""Zip Closure"", ""Handle Type"": ""No Handles or Straps"", ""Fabric Name"": ""Novelty"", ""Care & Cleaning"": ""Do Not Wash"", ""TCIN"": ""1009506502"", ""UPC"": ""961474592401"", ""Origin"": ""imported""}",True,2026-02-23T00:51:04.471492
1007007625,"2PCS Purses for Women, Woven Texture Design PU Leather Women's Handbags with Chain, Modern Gold Evening Bag for Wedding, Party",https://www.target.com/p/2pcs-purses-for-women-woven-texture-design-pu-leather-women-s-handbags-with-chain-modern-black-evening-bag-for-wedding-party/-/A-1007007625?preselect=1007007623#lnk=sametab,Garvee,"Target > Clothing, Shoes & Accessories > Accessories > Handbags & Purses > Clutches",Clutches,39.99,0.0,0.0,False,0.0,0,,False,gold,,https://target.scene7.com/is/image/Target/GUEST_5b4856ab-c071-499d-ad33-701d51285771?wid=1200&hei=1200&qlt=85 | https://target.scene7.com/is/image/Target/GUEST_44eacb6c-a1a9-429a-813e-045c3cddb189?wid=1200&hei=1200&qlt=85 | https://target.scene7.com/is/image/Target/GUEST_a2638a93-927f-4dc3-a810-7770d54f0f01?wid=1200&hei=1200&qlt=85 | https://target.scene7.com/is/image/Target/GUEST_e7ba0fe6-8bc6-4956-a4eb-c8a4102262aa?wid=1200&hei=1200&qlt=85 | https://target.scene7.com/is/image/Target/GUEST_4a5e1d59-16ca-4d75-8ec0-fe39204b1ab1?wid=1200&hei=1200&qlt=85,,,Leather,"{""H"": ""7.5"", ""W"": ""2"", ""D"": ""11.3""}",7.5 inches (H) x 2 inches (W) x 11.3 inches (D),Lightweight,Accessories Pocket,Pouch Pocket,Button Closure,Carrying Handle,2 x 2 Rib,Clean With Brush,imported,199913222118,,"{""Dimensions (Overall)"": ""7.5 inches (H) x 2 inches (W) x 11.3 inches (D)"", ""Shell Material"": ""Leather"", ""Bag Structure"": ""Lightweight"", ""Interior Features"": ""Accessories Pocket"", ""Exterior Features"": ""Pouch Pocket"", ""Main Compartment Closure"": ""Button Closure"", ""Handle Type"": ""Carrying Handle"", ""Fabric Name"": ""2 x 2 Rib"", ""Care & Cleaning"": ""Clean With Brush"", ""TCIN"": ""1007007623"", ""UPC"": ""199913222118"", ""Origin"": ""imported""}",True,2026-02-23T00:51:04.471492
1007900121,"Vintage-Style Top Handle Shoulder Bag,Faux Leather Small Purse for Women with Zipper Beige-Small 12.99×3.94×11.02",https://www.target.com/p/vintage-style-top-handle-shoulder-bag-faux-leather-small-purse-for-women-with-zipper/-/A-1007900121?preselect=1007900123#lnk=sametab,Empire DigiLabs,"Target > Clothing, Shoes & Accessories > Accessories > Handbags & Purses",Handbags & Purses,89.97,179.94,50.0,True,0.0,0,,False,size12.99×3.94×11.02,,https://target.scene7.com/is/image/Target/GUEST_cf85f107-7a54-45bf-9bcc-31ad70f1c090?wid=1200&hei=1200&qlt=85 | https://target.scene7.com/is/image/Target/GUEST_9a7a1169-6e82-4bca-a5db-31eccfc2537a?wid=1200&hei=1200&qlt=85 | https://target.scene7.com/is/image/Target/GUEST_310fcaa7-636a-4ad1-93c4-659f7b6e2796?wid=1200&hei=1200&qlt=85 | https://target.scene7.com/is/image/Target/GUEST_d3cf3221-ba49-4e67-84c1-e02dce72e0e0?wid=1200&hei=1200&qlt=85 | https://target.scene7.com/is/image/Target/GUEST_72308bc2-5c21-40c9-be07-37ab70a14ea9?wid=1200&hei=1200&qlt=85,,,Leather,"{""H"": ""11.02"", ""W"": ""12.99"", ""D"": ""3.94""}",11.02 inches (H) x 12.99 inches (W) x 3.94 inches (D),Structured,Multiple Compartments,No Compartments or Pockets,Zip Closure,Top Carrying Handle,Faux Leather,Spot or Wipe Clean,imported,661309873056,,"{""Dimensions (Overall)"": ""11.02 inches (H) x 12.99 inches (W) x 3.94 inches (D)"", ""Shell Material"": ""Leather"", ""Bag Structure"": ""Structured"", ""Interior Features"": ""Multiple Compartments"", ""Exterior Features"": ""No Compartments or Pockets"", ""Main Compartment Closure"": ""Zip Closure"", ""Handle Type"": ""Top Carrying Handle"", ""Fabric Name"": ""Faux Leather"", ""Care & Cleaning"": ""Spot or Wipe Clean"", ""TCIN"": ""1007900123"", ""UPC"": ""661309873056"", ""Origin"": ""imported""}",True,2026-02-23T00:51:04.471492
1009413334,"Narwey Hobo Purse, PU Leather Shoulder Bag, Tote Handbag",https://www.target.com/p/narwey-hobo-purse-pu-leather-shoulder-bag-tote-handbag/-/A-1009413334#lnk=sametab,Narwey,"Target > Clothing, Shoes & Accessories > Accessories > Handbags & Purses > Shoulder Bags",Shoulder Bags,63.99,79.99,20.0,True,0.0,0,,False,,,https://target.scene7.com/is/image/Target/GUEST_c53ff6e8-130e-4b7d-bf10-6d9fd2539813?wid=1200&hei=1200&qlt=85 | https://target.scene7.com/is/image/Target/GUEST_cb7faae1-46bf-437f-b798-b20e53ec8645?wid=1200&hei=1200&qlt=85 | https://target.scene7.com/is/image/Target/GUEST_0a2e1024-f59f-4f2e-a223-2546ab2ac9ab?wid=1200&hei=1200&qlt=85 | https://target.scene7.com/is/image/Target/GUEST_3cc13a2e-cce1-474b-81e2-5d125217b035?wid=1200&hei=1200&qlt=85 | https://target.scene7.com/is/image/Target/GUEST_82fb6d08-eb3f-40c5-a9cf-5ed3aedc7182?wid=1200&hei=1200&qlt=85,VERSATILE DESIGN; PREMIUM MATERIAL; PRACTICAL STORAGE; COMFORTABLE CARRY,,Leather,"{""H"": ""4.33"", ""W"": ""14.17"", ""D"": ""13.39""}",4.33 inches (H) x 14.17 inches (W) x 13.39 inches (D),Lightweight,Multiple Compartments,No Compartments or Pockets,Zip Closure,Shoulder Strap,1 x 1 Rib,Spot or Wipe Clean,imported,886646781721,,"{""Dimensions (Overall)"": ""4.33 inches (H) x 14.17 inches (W) x 13.39 inches (D)"", ""Shell Material"": ""Leather"", ""Bag Structure"": ""Lightweight"", ""Interior Features"": ""Multiple Compartments"", ""Exterior Features"": ""No Compartments or Pockets"", ""Main Compartment Closure"": ""Zip Closure"", ""Handle Type"": ""Shoulder Strap"", ""Fabric Name"": ""1 x 1 Rib"", ""Care & Cleaning"": ""Spot or Wipe Clean"", ""TCIN"": ""1009413334"", ""UPC"": ""886646781721"", ""Origin"": ""imported""}",True,2026-02-23T00:51:04.471492
1009408831,"Narwey Tote Bag for Women Nylon Top-Handle Purse,Shoulder Hobo handBag",https://www.target.com/p/narwey-tote-bag-for-women-nylon-top-handle-purse-shoulder-hobo-handbag/-/A-1009408831#lnk=sametab,Narwey,"Target > Clothing, Shoes & Accessories > Accessories > Handbags & Purses > Shoulder Bags",Shoulder Bags,53.99,69.99,22.9,True,0.0,0,,False,,,https://target.scene7.com/is/image/Target/GUEST_e5188298-bbce-4666-b256-8eafed87a23b?wid=1200&hei=1200&qlt=85 | https://target.scene7.com/is/image/Target/GUEST_bc54ae5e-ecd1-439d-9a10-3a330ecb68c8?wid=1200&hei=1200&qlt=85 | https://target.scene7.com/is/image/Target/GUEST_d0189c65-84f1-4599-a910-19fb519b70c5?wid=1200&hei=1200&qlt=85 | https://target.scene7.com/is/image/Target/GUEST_d4ab5185-b4c0-4648-a773-4b00bdce022a?wid=1200&hei=1200&qlt=85 | https://target.scene7.com/is/image/Target/GUEST_1d816dfd-ebd1-48f1-a427-e7754019c0a1?wid=1200&hei=1200&qlt=85,"Generously Sized:Bottom Length 16.8"" x 6.4""(W) x 9.4""(H); Ultra Lightweight; Detailed structure; Large Capacity:",,Polyester,"{""H"": ""7.28"", ""W"": ""11.8"", ""D"": ""18.5""}",7.28 inches (H) x 11.8 inches (W) x 18.5 inches (D),Lightweight,Multiple Compartments,No Compartments or Pockets,Zip Closure,Shoulder Strap,1 x 1 Rib,Hand Wash,imported,183907533984,,"{""Dimensions (Overall)"": ""7.28 inches (H) x 11.8 inches (W) x 18.5 inches (D)"", ""Shell Material"": ""Polyester"", ""Bag Structure"": ""Lightweight"", ""Interior Features"": ""Multiple Compartments"", ""Exterior Features"": ""No Compartments or Pockets"", ""Main Compartment Closure"": ""Zip Closure"", ""Handle Type"": ""Shoulder Strap"", ""Fabric Name"": ""1 x 1 Rib"", ""Care & Cleaning"": ""Hand Wash"", ""TCIN"": ""1009408831"", ""UPC"": ""183907533984"", ""Origin"": ""imported""}",True,2026-02-23T00:51:48.529073
1009524174,Narwey Shoulder Hobo Bags for Women Trendy Purses Leather,https://www.target.com/p/narwey-shoulder-hobo-bags-for-women-trendy-purses-leather/-/A-1009524174#lnk=sametab,Narwey,"Target > Clothing, Shoes & Accessories > Accessories > Handbags & Purses > Shoulder Bags",Shoulder Bags,47.99,69.99,31.4,True,0.0,0,,False,,,https://target.scene7.com/is/image/Target/GUEST_ebb59a8e-a9de-41a6-b1cf-02d494da5873?wid=1200&hei=1200&qlt=85 | https://target.scene7.com/is/image/Target/GUEST_526219f7-ec87-42f6-bcd9-0e16aaa19bf2?wid=1200&hei=1200&qlt=85 | https://target.scene7.com/is/image/Target/GUEST_5bc365e6-835f-4eaf-bad7-14d1849ba488?wid=1200&hei=1200&qlt=85 | https://target.scene7.com/is/image/Target/GUEST_79a690d5-421f-4603-9f07-1de4af974273?wid=1200&hei=1200&qlt=85 | https://target.scene7.com/is/image/Target/GUEST_d9c57482-e927-44b8-814b-869bf6d3f003?wid=1200&hei=1200&qlt=85,"Soft and comfortable,; this shoulder bag is made from vegan leather.; Medium crescent bag measures 12""x5.5""x1.5"".; Removable and adjustable handle on women's purse.",,Leather,"{""H"": ""1.5"", ""W"": ""5.5"", ""D"": ""12""}",1.5 inches (H) x 5.5 inches (W) x 12 inches (D),Lightweight,Multiple Compartments,No Compartments or Pockets,Zip Closure,Shoulder Strap,1 x 1 Rib,Spot or Wipe Clean,imported,125659539456,,"{""Dimensions (Overall)"": ""1.5 inches (H) x 5.5 inches (W) x 12 inches (D)"", ""Shell Material"": ""Leather"", ""Bag Structure"": ""Lightweight"", ""Interior Features"": ""Multiple Compartments"", ""Exterior Features"": ""No Compartments or Pockets"", ""Main Compartment Closure"": ""Zip Closure"", ""Handle Type"": ""Shoulder Strap"", ""Fabric Name"": ""1 x 1 Rib"", ""Care & Cleaning"": ""Spot or Wipe Clean"", ""TCIN"": ""1009524174"", ""UPC"": ""125659539456"", ""Origin"": ""imported""}",True,2026-02-23T00:51:48.529073
1009277330,Narwey Clutch Purses for Women Soft PU Leather Handbag,https://www.target.com/p/narwey-clutch-purses-for-women-soft-pu-leather-handbag/-/A-1009277330#lnk=sametab,Narwey,"Target > Clothing, Shoes & Accessories > Accessories > Handbags & Purses > Shoulder Bags",Shoulder Bags,74.99,85.99,12.8,True,0.0,0,,False,,,https://target.scene7.com/is/image/Target/GUEST_fba80496-1eeb-4ac4-b12d-22087e48f598?wid=1200&hei=1200&qlt=85 | https://target.scene7.com/is/image/Target/GUEST_c39365b3-ec58-4e4d-9d17-c462a5ef8526?wid=1200&hei=1200&qlt=85 | https://target.scene7.com/is/image/Target/GUEST_d9191821-f774-4520-bd92-6f8f5562cfa6?wid=1200&hei=1200&qlt=85 | https://target.scene7.com/is/image/Target/GUEST_f484eb29-185c-45c4-8e88-2ca0f385af38?wid=1200&hei=1200&qlt=85 | https://target.scene7.com/is/image/Target/GUEST_a6c43582-c5ca-4058-b6fd-3f9f31bac671?wid=1200&hei=1200&qlt=85,"Sleek Geometric Design; Two Styles, Same Spacious Interior; Versatile Wearing Options; Organized & Secure Interior",,Leather,"{""H"": ""7.01"", ""W"": ""5.63"", ""D"": ""13.5""}",7.01 inches (H) x 5.63 inches (W) x 13.5 inches (D),Lightweight,Multiple Compartments,No Compartments or Pockets,Zip Closure,Single handle,1 x 1 Rib,Shake Clean,imported,653056260340,,"{""Dimensions (Overall)"": ""7.01 inches (H) x 5.63 inches (W) x 13.5 inches (D)"", ""Shell Material"": ""Leather"", ""Bag Structure"": ""Lightweight"", ""Interior Features"": ""Multiple Compartments"", ""Exterior Features"": ""No Compartments or Pockets"", ""Main Compartment Closure"": ""Zip Closure"", ""Handle Type"": ""Single handle"", ""Fabric Name"": ""1 x 1 Rib"", ""Care & Cleaning"": ""Shake Clean"", ""TCIN"": ""1009277330"", ""UPC"": ""653056260340"", ""Origin"": ""imported""}",True,2026-02-23T00:51:48.529073
1009243972,Narwey Shoulder Bag for women Clutch Purse Handbag PU Leather Tote Bag,https://www.target.com/p/narwey-shoulder-bag-for-women-clutch-purse-handbag-pu-leather-tote-bag/-/A-1009243972#lnk=sametab,Narwey,"Target > Clothing, Shoes & Accessories > Accessories > Handbags & Purses > Shoulder Bags",Shoulder Bags,51.99,61.99,16.1,True,0.0,0,,False,,,https://target.scene7.com/is/image/Target/GUEST_3cbd40e6-9c30-437e-9bad-f5b6ad77827b?wid=1200&hei=1200&qlt=85 | https://target.scene7.com/is/image/Target/GUEST_15779a73-18b7-4365-ab5c-b886cc3f649c?wid=1200&hei=1200&qlt=85 | https://target.scene7.com/is/image/Target/GUEST_4299aa99-6ab8-432e-9f5c-3b0e884ef9bc?wid=1200&hei=1200&qlt=85 | https://target.scene7.com/is/image/Target/GUEST_4b354de2-f1d0-4c6d-a5ba-cdda0f29ad66?wid=1200&hei=1200&qlt=85 | https://target.scene7.com/is/image/Target/GUEST_3fd888ee-a877-4e17-8542-9c48bf94c15f?wid=1200&hei=1200&qlt=85,【Material】High-quality PU leather bag; 【Size】; 【Fashionable design】; 【Use Occasion】,,Leather,"{""H"": ""2.6"", ""W"": ""6"", ""D"": ""10""}",2.6 inches (H) x 6 inches (W) x 10 inches (D),Lightweight,Multiple Compartments,No Compartments or Pockets,Magnetic Closure,Shoulder Strap,1 x 1 Rib,Dry Clean,imported,141200848129,,"{""Dimensions (Overall)"": ""2.6 inches (H) x 6 inches (W) x 10 inches (D)"", ""Shell Material"": ""Leather"", ""Bag Structure"": ""Lightweight"", ""Interior Features"": ""Multiple Compartments"", ""Exterior Features"": ""No Compartments or Pockets"", ""Main Compartment Closure"": ""Magnetic Closure"", ""Handle Type"": ""Shoulder Strap"", ""Fabric Name"": ""1 x 1 Rib"", ""Care & Cleaning"": ""Dry Clean"", ""TCIN"": ""1009243972"", ""UPC"": ""141200848129"", ""Origin"": ""imported""}",True,2026-02-23T00:51:48.529073
1008745754,The Mandalorian The Child Precious Cargo Crossbody Vegan Leather Purse,https://www.target.com/p/the-mandalorian-the-child-precious-cargo-crossbody-vegan-leather-purse/-/A-1008745754#lnk=sametab,Star Wars,"Target > Clothing, Shoes & Accessories > Accessories > Handbags & Purses > Crossbody & Messenger Bags",Crossbody & Messenger Bags,29.99,39.99,25.0,True,0.0,0,,False,,,https://target.scene7.com/is/image/Target/GUEST_f0439913-9cea-4722-9ed0-136cdcdefce8?wid=1200&hei=1200&qlt=85 | https://target.scene7.com/is/image/Target/GUEST_32f38aa1-2712-4e71-8d82-108d8b5b0097?wid=1200&hei=1200&qlt=85 | https://target.scene7.com/is/image/Target/GUEST_447173f2-8aff-4d50-8e19-ba42bade8cfe?wid=1200&hei=1200&qlt=85,Officially licensed Star Wars bag; High quality design; Comfortable and durable; Great gift idea!,,PVC (Polyvinyl Chloride),"{""H"": ""6"", ""W"": ""5"", ""D"": ""10""}",6 inches (H) x 5 inches (W) x 10 inches (D),Structured,Multiple Compartments,Adjustable Strap,Zip Closure,Single Strap,1 x 1 Rib,Spot or Wipe Clean,made in the USA or imported,190882865658,,"{""Dimensions (Overall)"": ""6 inches (H) x 5 inches (W) x 10 inches (D)"", ""Shell Material"": ""PVC (Polyvinyl Chloride)"", ""Bag Structure"": ""Structured"", ""Interior Features"": ""Multiple Compartments"", ""Exterior Features"": ""Adjustable Strap"", ""Main Compartment Closure"": ""Zip Closure"", ""Handle Type"": ""Single Strap"", ""Fabric Name"": ""1 x 1 Rib"", ""Care & Cleaning"": ""Spot or Wipe Clean"", ""TCIN"": ""1008745754"", ""UPC"": ""190882865658"", ""Origin"": ""made in the USA or imported""}",True,2026-02-23T00:51:48.529073
1009362127,"Narwey Clutch Purse for Women, glitter Envelope Evening Purses Crossbody Shoulder Clutch Bag",https://www.target.com/p/narwey-clutch-purse-for-women-glitter-envelope-evening-purses-crossbody-shoulder-clutch-bag/-/A-1009362127#lnk=sametab,Narwey,"Target > Clothing, Shoes & Accessories > Accessories > Handbags & Purses > Mini Bags",Mini Bags,39.99,51.99,23.1,True,0.0,0,,False,,,https://target.scene7.com/is/image/Target/GUEST_250038c1-85ca-40c7-a56c-e22d8e1af48e?wid=1200&hei=1200&qlt=85 | https://target.scene7.com/is/image/Target/GUEST_b7e0bfab-b4fe-4876-a0d1-e43af549d9c1?wid=1200&hei=1200&qlt=85 | https://target.scene7.com/is/image/Target/GUEST_8a08729e-11c6-41c4-a460-c898b9e6c95c?wid=1200&hei=1200&qlt=85 | https://target.scene7.com/is/image/Target/GUEST_23f12357-a757-4bbe-96ff-ea78a44e4277?wid=1200&hei=1200&qlt=85 | https://target.scene7.com/is/image/Target/GUEST_4bdd37d7-bf85-4193-9153-ecaf502701c8?wid=1200&hei=1200&qlt=85,Small Size Mode; Our purse dimension; Note,,Polyester,"{""H"": ""2"", ""W"": ""5.3"", ""D"": ""8.9""}",2 inches (H) x 5.3 inches (W) x 8.9 inches (D),Lightweight,No Compartments or Pockets,No Compartments or Pockets,Zip Closure,No Handles or Straps,Novelty,Do Not Wash,imported,747799291652,,"{""Dimensions (Overall)"": ""2 inches (H) x 5.3 inches (W) x 8.9 inches (D)"", ""Shell Material"": ""Polyester"", ""Bag Structure"": ""Lightweight"", ""Interior Features"": ""No Compartments or Pockets"", ""Exterior Features"": ""No Compartments or Pockets"", ""Main Compartment Closure"": ""Zip Closure"", ""Handle Type"": ""No Handles or Straps"", ""Fabric Name"": ""Novelty"", ""Care & Cleaning"": ""Do Not Wash"", ""TCIN"": ""1009362127"", ""UPC"": ""747799291652"", ""Origin"": ""imported""}",True,2026-02-23T00:51:48.529073
1009346863,Narwey Purses and Handbags for Women Multicolor Perspex Geometric Patterns Box Clutch Elegant,https://www.target.com/p/narwey-purses-and-handbags-for-women-multicolor-perspex-geometric-patterns-box-clutch-elegant/-/A-1009346863#lnk=sametab,Narwey,"Target > Clothing, Shoes & Accessories > Accessories > Handbags & Purses > Shoulder Bags",Shoulder Bags,63.99,79.99,20.0,True,0.0,0,,False,,,https://target.scene7.com/is/image/Target/GUEST_0571f711-ddfc-42e1-9571-61995d247f5c?wid=1200&hei=1200&qlt=85 | https://target.scene7.com/is/image/Target/GUEST_3f7e3e6e-1394-4536-a508-bc57902dc5d0?wid=1200&hei=1200&qlt=85 | https://target.scene7.com/is/image/Target/GUEST_fb7f193d-5c57-4ad1-9a18-12661b42febd?wid=1200&hei=1200&qlt=85 | https://target.scene7.com/is/image/Target/GUEST_270abb68-12ab-4a23-bd18-05d5a104c1e2?wid=1200&hei=1200&qlt=85 | https://target.scene7.com/is/image/Target/GUEST_df8a33c0-8faf-49a6-97ef-4ed17f0e94a9?wid=1200&hei=1200&qlt=85,Made of high quality Acrylic and metal; Perfect Size---18cm/7.08in*5cm/1.96in*12cm/4.72in; Multiple Functions; Applicable Occasion--Suitable for weekend,,Acrylic,"{""H"": ""7.09"", ""W"": ""1.97"", ""D"": ""4.72""}",7.09 inches (H) x 1.97 inches (W) x 4.72 inches (D),Dome,Multiple Compartments,No Compartments or Pockets,Buckle Closure,Single handle,1 x 1 Rib,Do Not Wash,imported,664869527926,,"{""Dimensions (Overall)"": ""7.09 inches (H) x 1.97 inches (W) x 4.72 inches (D)"", ""Shell Material"": ""Acrylic"", ""Bag Structure"": ""Dome"", ""Interior Features"": ""Multiple Compartments"", ""Exterior Features"": ""No Compartments or Pockets"", ""Main Compartment Closure"": ""Buckle Closure"", ""Handle Type"": ""Single handle"", ""Fabric Name"": ""1 x 1 Rib"", ""Care & Cleaning"": ""Do Not Wash"", ""TCIN"": ""1009346863"", ""UPC"": ""664869527926"", ""Origin"": ""imported""}",True,2026-02-23T00:51:48.529073
1009346356,"Narwey Small Triple Zip Crossbody Purse for Women, Vegan Leather Phone Bag with Wide Shoulder Strap",https://www.target.com/p/narwey-small-triple-zip-crossbody-purse-for-women-vegan-leather-phone-bag-with-wide-shoulder-strap/-/A-1009346356#lnk=sametab,Narwey,"Target > Clothing, Shoes & Accessories > Accessories > Handbags & Purses > Shoulder Bags",Shoulder Bags,62.99,0.0,0.0,False,0.0,0,,False,,,https://target.scene7.com/is/image/Target/GUEST_c3227213-0195-4449-8387-8e86ac883496?wid=1200&hei=1200&qlt=85 | https://target.scene7.com/is/image/Target/GUEST_39d51d74-2ac3-4f6c-9e67-f8bf6dd12539?wid=1200&hei=1200&qlt=85 | https://target.scene7.com/is/image/Target/GUEST_b7babc56-65a1-4073-b0bb-c62e874f3326?wid=1200&hei=1200&qlt=85 | https://target.scene7.com/is/image/Target/GUEST_48f5cef9-7188-412e-a918-0fcbcbd844b3?wid=1200&hei=1200&qlt=85 | https://target.scene7.com/is/image/Target/GUEST_bb36eb28-37b9-4b98-be4c-eeea4231e83f?wid=1200&hei=1200&qlt=85,"High-quality, eco-friendly vegan leather; The simple design is complemented by high-quality; 3 zipper compartments, main zipper pocket; With a removable and adjustable wide shoulder strap",,20% Recycled Polyester,"{""H"": ""8.26"", ""W"": ""3.14"", ""D"": ""6.29""}",8.26 inches (H) x 3.14 inches (W) x 6.29 inches (D),Dome,Multiple Compartments,Adjustable Shoulder Strap,Zip Closure,Adjustable Shoulder Strap,2 x 2 Rib,Do Not Wash,imported,664869527902,,"{""Dimensions (Overall)"": ""8.26 inches (H) x 3.14 inches (W) x 6.29 inches (D)"", ""Shell Material"": ""20% Recycled Polyester"", ""Bag Structure"": ""Dome"", ""Interior Features"": ""Multiple Compartments"", ""Exterior Features"": ""Adjustable Shoulder Strap"", ""Main Compartment Closure"": ""Zip Closure"", ""Handle Type"": ""Adjustable Shoulder Strap"", ""Fabric Name"": ""2 x 2 Rib"", ""Care & Cleaning"": ""Do Not Wash"", ""TCIN"": ""1009346356"", ""UPC"": ""664869527902"", ""Origin"": ""imported""}",True,2026-02-23T00:51:48.529073
1002176784,C&F Home Avian Quilted Twin Straps Purse,https://www.target.com/p/c-f-home-avian-quilted-twin-straps-purse/-/A-1002176784#lnk=sametab,C&F Home,"Target > Clothing, Shoes & Accessories > Accessories > Handbags & Purses",Handbags & Purses,25.99,57.19,54.6,True,0.0,0,,False,,,https://target.scene7.com/is/image/Target/GUEST_d1552226-7ffb-43bf-a82a-bbea3f5619dd?wid=1200&hei=1200&qlt=85 | https://target.scene7.com/is/image/Target/GUEST_dc16c666-aa5c-49bc-8fc9-c7078dbbf635?wid=1200&hei=1200&qlt=85,"100% Quilted Cotton; C&F Home strives to provide exceptional, high-quality products to fit every style",,Cotton,"{""H"": ""13.5"", ""W"": ""4.5"", ""D"": ""13.5""}",13.5 inches (H) x 4.5 inches (W) x 13.5 inches (D),Softside,No Compartments or Pockets,No Compartments or Pockets,Zip Closure,Cotton,Woven,Spot or Wipe Clean,imported,008246322436,,"{""Dimensions (Overall)"": ""13.5 inches (H) x 4.5 inches (W) x 13.5 inches (D)"", ""Shell Material"": ""Cotton"", ""Bag Structure"": ""Softside"", ""Interior Features"": ""No Compartments or Pockets"", ""Exterior Features"": ""No Compartments or Pockets"", ""Main Compartment Closure"": ""Zip Closure"", ""Handle Type"": ""Shoulder Strap"", ""Fabric Name"": ""Woven"", ""Handle Material"": ""Cotton"", ""Industry or Government Certifications"": ""Meets ASTM Standards"", ""Fits Laptop"": ""No Laptop Pocket"", ""Battery"": ""No Battery Used"", ""Care & Cleaning"": ""Spot or Wipe Clean"", ""TCIN"": ""1002176784"", ""UPC"": ""008246322436"", ""Origin"": ""imported""}",True,2026-02-23T00:51:48.529073
1009451709,Narwey Women Tote Handbags Chic Vegan Leather Tote Bag Purse Stylish Casual Trendy Large Soft Shoulder Bag,https://www.target.com/p/narwey-women-tote-handbags-chic-vegan-leather-tote-bag-purse-stylish-casual-trendy-large-soft-shoulder-bag/-/A-1009451709#lnk=sametab,Narwey,"Target > Clothing, Shoes & Accessories > Accessories > Handbags & Purses > Totes",Totes,54.99,59.99,8.3,True,0.0,0,,False,,,https://target.scene7.com/is/image/Target/GUEST_f8e1b4f8-24fc-4bb8-837b-da00441bb078?wid=1200&hei=1200&qlt=85 | https://target.scene7.com/is/image/Target/GUEST_bd832964-1bd8-4a9b-bbfd-955ac00a1f0a?wid=1200&hei=1200&qlt=85 | https://target.scene7.com/is/image/Target/GUEST_36b18b07-800a-4810-8d57-a640a8cd8351?wid=1200&hei=1200&qlt=85 | https://target.scene7.com/is/image/Target/GUEST_e31adc0b-5139-4c4f-a205-820d6984a879?wid=1200&hei=1200&qlt=85 | https://target.scene7.com/is/image/Target/GUEST_1a476f19-2ad3-40c7-b410-5f15c8e880af?wid=1200&hei=1200&qlt=85,"High Quality Material; Shoulder Bag Size: 12.60"" * 4.72"" * 9.84""(L*W*H); Large Capacity; The casual shoulder bag adopts soild color",,,{},,,,,,,,,imported,698781513118,,"{""TCIN"": ""1009451709"", ""UPC"": ""698781513118"", ""Origin"": ""imported""}",True,2026-02-23T00:51:48.529073
1000099465,"Slickblue Adorable Felted Wool Rose Petal Purse - 6.5"" Diameter, 42"" Strap, Handmade, Color Pink",https://www.target.com/p/slickblue-adorable-felted-wool-rose-petal-purse-6-5-diameter-42-strap-handmade-color-options-red-or-pink/-/A-1000099465?preselect=94255481#lnk=sametab,Slickblue,"Target > Clothing, Shoes & Accessories > Accessories > Handbags & Purses",Handbags & Purses,39.99,0.0,0.0,False,0.0,0,,False,pink,,https://target.scene7.com/is/image/Target/GUEST_9d8f9c58-3957-4e04-8362-039ef943da4d?wid=1200&hei=1200&qlt=85 | https://target.scene7.com/is/image/Target/GUEST_43c23cf4-95b0-4da6-8ac4-b2f000f96c26?wid=1200&hei=1200&qlt=85 | https://target.scene7.com/is/image/Target/GUEST_dee5bcbe-6704-4cdf-8e05-8d67f5625856?wid=1200&hei=1200&qlt=85 | https://target.scene7.com/is/image/Target/GUEST_ae54a804-0b84-4288-bdde-280dc08fe674?wid=1200&hei=1200&qlt=85,Handmade from 100% felted wool; Cute rose petal design; Measures 6.5 inches in diameter; Lined interior with zipper closure; 42-inch felted strap for comfortable wear; Spot clean with damp cloth and mild soap; Available colors: Red or Pink; Perfect for casual outings and special occasions,,Cotton,"{""H"": ""6.5"", ""W"": ""6.5"", ""D"": ""1""}",6.5 inches (H) x 6.5 inches (W) x 1 inches (D),Pouch,No Compartments or Pockets,No Compartments or Pockets,Zip Closure,Single Strap,Felt,Spot or Wipe Clean,imported,632829397582,,"{""Dimensions (Overall)"": ""6.5 inches (H) x 6.5 inches (W) x 1 inches (D)"", ""Shell Material"": ""Cotton"", ""Bag Structure"": ""Pouch"", ""Interior Features"": ""No Compartments or Pockets"", ""Exterior Features"": ""No Compartments or Pockets"", ""Main Compartment Closure"": ""Zip Closure"", ""Handle Type"": ""Single Strap"", ""Fabric Name"": ""Felt"", ""Care & Cleaning"": ""Spot or Wipe Clean"", ""TCIN"": ""94255481"", ""UPC"": ""632829397582"", ""Origin"": ""imported""}",True,2026-02-23T00:51:48.529073
1009409522,"Narwey Purses and Handbags for Women, Trendy Satchel Tote Purse",https://www.target.com/p/narwey-purses-and-handbags-for-women-trendy-satchel-tote-purse/-/A-1009409522#lnk=sametab,Narwey,"Target > Clothing, Shoes & Accessories > Accessories > Handbags & Purses > Shoulder Bags",Shoulder Bags,53.99,69.99,22.9,True,0.0,0,,False,,,https://target.scene7.com/is/image/Target/GUEST_06fcbb8c-2df9-452e-bfc0-9a7308bd8467?wid=1200&hei=1200&qlt=85 | https://target.scene7.com/is/image/Target/GUEST_a31c5af8-0414-4f81-8e5b-8b603a308ea4?wid=1200&hei=1200&qlt=85 | https://target.scene7.com/is/image/Target/GUEST_7b978d9c-082d-4855-95e4-7ed925a4d31b?wid=1200&hei=1200&qlt=85 | https://target.scene7.com/is/image/Target/GUEST_ec7c7b82-14c8-4c95-bd1e-4c56774bc427?wid=1200&hei=1200&qlt=85 | https://target.scene7.com/is/image/Target/GUEST_7650e729-7846-4544-b7ec-dd80793e1ce7?wid=1200&hei=1200&qlt=85,Crafted for Effortless Elegance; Secure & Streamlined Access; Lightweight Spacious Interior; Every-Event Versatility,,Leather,"{""H"": ""4.5"", ""W"": ""8"", ""D"": ""11""}",4.5 inches (H) x 8 inches (W) x 11 inches (D),Lightweight,Multiple Compartments,No Compartments or Pockets,Zip Closure,Shoulder Strap,1 x 1 Rib,Spot or Wipe Clean,imported,388499841640,,"{""Dimensions (Overall)"": ""4.5 inches (H) x 8 inches (W) x 11 inches (D)"", ""Shell Material"": ""Leather"", ""Bag Structure"": ""Lightweight"", ""Interior Features"": ""Multiple Compartments"", ""Exterior Features"": ""No Compartments or Pockets"", ""Main Compartment Closure"": ""Zip Closure"", ""Handle Type"": ""Shoulder Strap"", ""Fabric Name"": ""1 x 1 Rib"", ""Care & Cleaning"": ""Spot or Wipe Clean"", ""TCIN"": ""1009409522"", ""UPC"": ""388499841640"", ""Origin"": ""imported""}",True,2026-02-23T00:51:48.529073
1009528441,Narwey Genuine Leather Women Tote Bag Soft Handbags Vintage Shoulder Purses Fashion Top,https://www.target.com/p/narwey-genuine-leather-women-tote-bag-soft-handbags-vintage-shoulder-purses-fashion-top/-/A-1009528441#lnk=sametab,Narwey,"Target > Clothing, Shoes & Accessories > Accessories > Handbags & Purses > Totes",Totes,136.99,145.99,6.2,True,0.0,0,,False,,,https://target.scene7.com/is/image/Target/GUEST_6e848d38-756f-4073-8351-d5ddaa42304c?wid=1200&hei=1200&qlt=85 | https://target.scene7.com/is/image/Target/GUEST_5f45bc34-7477-4992-b1d5-a360332eecf2?wid=1200&hei=1200&qlt=85 | https://target.scene7.com/is/image/Target/GUEST_501c2bce-fe21-4abf-b5da-d0d76ac7352e?wid=1200&hei=1200&qlt=85 | https://target.scene7.com/is/image/Target/GUEST_5a75f711-dd49-4738-9a5d-71277177041a?wid=1200&hei=1200&qlt=85 | https://target.scene7.com/is/image/Target/GUEST_960f2483-c9fa-4709-80b1-b399a2843067?wid=1200&hei=1200&qlt=85,"MATERIAL: 100% Vintage waxed cowhide leather; STRAPS ＆ BOTTOM OF BAG; WELL CONSTRUCTED; SPACIOUS: (Dimensions: L13.4"" * H11.8"" * D4.7"")",,Leather,"{""H"": ""12.6"", ""W"": ""4.33"", ""D"": ""11.42""}",12.6 inches (H) x 4.33 inches (W) x 11.42 inches (D),Dome,Multiple Compartments,No Compartments or Pockets,Zip Closure,Adjustable Handle,2 x 2 Rib,Do Not Wash,imported,365332208273,,"{""Dimensions (Overall)"": ""12.6 inches (H) x 4.33 inches (W) x 11.42 inches (D)"", ""Shell Material"": ""Leather"", ""Bag Structure"": ""Dome"", ""Interior Features"": ""Multiple Compartments"", ""Exterior Features"": ""No Compartments or Pockets"", ""Main Compartment Closure"": ""Zip Closure"", ""Handle Type"": ""Adjustable Handle"", ""Fabric Name"": ""2 x 2 Rib"", ""Care & Cleaning"": ""Do Not Wash"", ""TCIN"": ""1009528441"", ""UPC"": ""365332208273"", ""Origin"": ""imported""}",True,2026-02-23T00:51:48.529073
1006851747,"Pavilion Gift Company - Anissa Pyrite - 14"" x 9.5"" Metallic Leather Purse/Handbag - Handbags",https://www.target.com/p/pavilion-gift-company-anissa-pyrite-14-x-9-5-metallic-leather-purse-handbag-handbags/-/A-1006851747#lnk=sametab,Pavilion Gift Company,"Target > Clothing, Shoes & Accessories > Accessories > Handbags & Purses > Totes",Totes,135.0,0.0,0.0,False,0.0,0,,False,,,https://target.scene7.com/is/image/Target/GUEST_7c798ef7-4781-439f-8fde-95fa0f2fa59b?wid=1200&hei=1200&qlt=85 | https://target.scene7.com/is/image/Target/GUEST_949303c9-0377-4d6f-8a44-443462705709?wid=1200&hei=1200&qlt=85 | https://target.scene7.com/is/image/Target/GUEST_ddcb284d-c604-4815-92cc-35e1a9523a60?wid=1200&hei=1200&qlt=85 | https://target.scene7.com/is/image/Target/GUEST_f3557950-4a79-4f34-a91b-7c4364f3b9d6?wid=1200&hei=1200&qlt=85 | https://target.scene7.com/is/image/Target/GUEST_c7d234b4-6e5f-43a6-88b1-aea58b4ff645?wid=1200&hei=1200&qlt=85,"PREMIUM QUALITY Large bag, packaged in a plastic polybag, is made from 100% real leather and features a snap and zipper closure.; IN-HOUSE DESIGN: Features exterior open pocket, two carrying handles, a detachable strap, and a matching bag insert.; PERFECT GIFT: Great for gifting to a friend.; CARE INSTRUCTIONS: Wipe clean with a damp cloth.; MORE PRODUCTS: Wallets, tote bags, and make-up bags in a similar theme are also available.",,Leather,"{""H"": ""9.5"", ""W"": ""6.0"", ""D"": ""11.0""}",9.5 inches (H) x 6.0 inches (W) x 11.0 inches (D),Lightweight,Side Pockets,Adjustable Strap,Snap closure,Carrying Handle,Flat,Spot or Wipe Clean,imported,664843210554,,"{""Dimensions (Overall)"": ""9.5 inches (H) x 6.0 inches (W) x 11.0 inches (D)"", ""Shell Material"": ""Leather"", ""Bag Structure"": ""Lightweight"", ""Interior Features"": ""Side Pockets"", ""Exterior Features"": ""Adjustable Strap"", ""Main Compartment Closure"": ""Snap closure"", ""Handle Type"": ""Carrying Handle"", ""Fabric Name"": ""Flat"", ""Care & Cleaning"": ""Spot or Wipe Clean"", ""TCIN"": ""1006851747"", ""UPC"": ""664843210554"", ""Origin"": ""imported""}",True,2026-02-23T00:51:48.529073
1009539183,Narwey Puffer Wristlet Wallets for Women RFID Nylon Wallet with Zipper Quilted Purse for Travel Passport Credit Card Holder Phone,https://www.target.com/p/narwey-puffer-wristlet-wallets-for-women-rfid-nylon-wallet-with-zipper-quilted-purse-for-travel-passport-credit-card-holder-phone/-/A-1009539183#lnk=sametab,Narwey,"Target > Clothing, Shoes & Accessories > Accessories > Handbags & Purses > Clutches",Clutches,41.99,52.99,20.8,True,0.0,0,,False,,,https://target.scene7.com/is/image/Target/GUEST_327a9874-d71b-4c1b-b7bb-0444fc951bef?wid=1200&hei=1200&qlt=85 | https://target.scene7.com/is/image/Target/GUEST_b9a4917c-0980-4753-8b47-1bd4c561f808?wid=1200&hei=1200&qlt=85 | https://target.scene7.com/is/image/Target/GUEST_a30115f7-ab80-41d8-a7f0-281accf2f445?wid=1200&hei=1200&qlt=85 | https://target.scene7.com/is/image/Target/GUEST_94ff4fdf-5878-4709-8f14-bde3fabfcc0c?wid=1200&hei=1200&qlt=85 | https://target.scene7.com/is/image/Target/GUEST_b86f67be-dad6-4b79-897d-b7692900684e?wid=1200&hei=1200&qlt=85,COMPACT YET SPACIOUS; STYLISH AND FUNCTIONAL; VERSATILE FOR EVERY OCCASION; THOUGHTFUL GIFT IDEA,,Polyester,"{""H"": ""4.9"", ""W"": ""6.7"", ""D"": ""1.4""}",4.9 inches (H) x 6.7 inches (W) x 1.4 inches (D),Lightweight,No Compartments or Pockets,No Compartments or Pockets,Zip Closure,No Handles or Straps,Novelty,Do Not Wash,imported,940763209602,,"{""Dimensions (Overall)"": ""4.9 inches (H) x 6.7 inches (W) x 1.4 inches (D)"", ""Shell Material"": ""Polyester"", ""Bag Structure"": ""Lightweight"", ""Interior Features"": ""No Compartments or Pockets"", ""Exterior Features"": ""No Compartments or Pockets"", ""Main Compartment Closure"": ""Zip Closure"", ""Handle Type"": ""No Handles or Straps"", ""Fabric Name"": ""Novelty"", ""Care & Cleaning"": ""Do Not Wash"", ""TCIN"": ""1009539183"", ""UPC"": ""940763209602"", ""Origin"": ""imported""}",True,2026-02-23T00:51:48.529073
1009535552,"Narwey Small Puffer Crossbody Bags for Women, Lightweight Nylon Quilted Shoulder Purse Handbag",https://www.target.com/p/narwey-small-puffer-crossbody-bags-for-women-lightweight-nylon-quilted-shoulder-purse-handbag/-/A-1009535552#lnk=sametab,Narwey,"Target > Clothing, Shoes & Accessories > Accessories > Handbags & Purses > Shoulder Bags",Shoulder Bags,53.99,69.99,22.9,True,0.0,0,,False,,,https://target.scene7.com/is/image/Target/GUEST_d874338e-f902-42ea-97ba-aebc5b6898ec?wid=1200&hei=1200&qlt=85 | https://target.scene7.com/is/image/Target/GUEST_8f296375-39a2-4851-b1c4-e21bdb4d3bfc?wid=1200&hei=1200&qlt=85 | https://target.scene7.com/is/image/Target/GUEST_b4d8b58f-c822-41d3-abcf-47aff8a82b70?wid=1200&hei=1200&qlt=85 | https://target.scene7.com/is/image/Target/GUEST_0e8dc763-4fe6-4c58-8fe3-a4b6988e09e0?wid=1200&hei=1200&qlt=85 | https://target.scene7.com/is/image/Target/GUEST_ab156243-1607-4f51-aa6c-f0f3fa2507b0?wid=1200&hei=1200&qlt=85,Classic Quilted Puffy Design; Cute Size & Multi-Pockets Structure; Multi-way to Carry; Light Weight & Comfortable,,100% Recycled Polyester,"{""H"": ""9.4"", ""W"": ""2.5"", ""D"": ""6.3""}",9.4 inches (H) x 2.5 inches (W) x 6.3 inches (D),Softside,Multiple Compartments,No Compartments or Pockets,Zip Closure,Adjustable Shoulder Strap,1 x 1 Rib,Clean With Water,imported,986883978905,,"{""Dimensions (Overall)"": ""9.4 inches (H) x 2.5 inches (W) x 6.3 inches (D)"", ""Shell Material"": ""100% Recycled Polyester"", ""Bag Structure"": ""Softside"", ""Interior Features"": ""Multiple Compartments"", ""Exterior Features"": ""No Compartments or Pockets"", ""Main Compartment Closure"": ""Zip Closure"", ""Handle Type"": ""Adjustable Shoulder Strap"", ""Fabric Name"": ""1 x 1 Rib"", ""Care & Cleaning"": ""Clean With Water"", ""TCIN"": ""1009535552"", ""UPC"": ""986883978905"", ""Origin"": ""imported""}",True,2026-02-23T00:51:48.529073
1009443474,Narwey Clear Purse Stadium Transparent Messenger Bag,https://www.target.com/p/narwey-clear-purse-stadium-transparent-messenger-bag/-/A-1009443474#lnk=sametab,Narwey,"Target > Clothing, Shoes & Accessories > Accessories > Handbags & Purses > Crossbody & Messenger Bags",Crossbody & Messenger Bags,40.99,69.99,41.4,True,0.0,0,,False,,,https://target.scene7.com/is/image/Target/GUEST_f4893430-0e51-4fc2-8344-5d018517f0f0?wid=1200&hei=1200&qlt=85 | https://target.scene7.com/is/image/Target/GUEST_611a0900-18b9-413d-b971-cf685f4242d1?wid=1200&hei=1200&qlt=85 | https://target.scene7.com/is/image/Target/GUEST_6caa98a2-1793-45ae-ab58-0496860401fe?wid=1200&hei=1200&qlt=85 | https://target.scene7.com/is/image/Target/GUEST_27e61a32-08fc-44aa-92d5-bf63fe0c797c?wid=1200&hei=1200&qlt=85 | https://target.scene7.com/is/image/Target/GUEST_0b916604-90bc-4064-977c-f101dd633dd6?wid=1200&hei=1200&qlt=85,【Stadium Approved Size】; 【Time-saving and Convenient】; 【Suitable Capacity】; 【Multiple Ways to Carry】,,PVC (Polyvinyl Chloride),"{""H"": ""8.43"", ""W"": "".98"", ""D"": ""10.59""}",8.43 inches (H) x .98 inches (W) x 10.59 inches (D),Lightweight,Multiple Compartments,No Compartments or Pockets,Zip Closure,Shoulder Strap,1 x 1 Rib,Hand Wash,imported,163518697213,,"{""Dimensions (Overall)"": ""8.43 inches (H) x .98 inches (W) x 10.59 inches (D)"", ""Shell Material"": ""PVC (Polyvinyl Chloride)"", ""Bag Structure"": ""Lightweight"", ""Interior Features"": ""Multiple Compartments"", ""Exterior Features"": ""No Compartments or Pockets"", ""Main Compartment Closure"": ""Zip Closure"", ""Handle Type"": ""Shoulder Strap"", ""Fabric Name"": ""1 x 1 Rib"", ""Care & Cleaning"": ""Hand Wash"", ""TCIN"": ""1009443474"", ""UPC"": ""163518697213"", ""Origin"": ""imported""}",True,2026-02-23T00:51:48.529073
1008460007,"Elegant Pleated Evening Clutch Bags Formal Handbags Purses for Wedding Party Prom with Sparkly Rhinestones White 9"" x 6"" x 1.5""",https://www.target.com/p/elegant-pleated-evening-clutch-bags-formal-handbags-purses-for-wedding-party-prom-with-sparkly-rhinestones/-/A-1008460007?preselect=1008460010#lnk=sametab,Empire DigiLabs,"Target > Clothing, Shoes & Accessories > Accessories > Handbags & Purses > Clutches",Clutches,74.97,149.94,50.0,True,0.0,0,,False,"size9"" x 6"" x 1.5""",,https://target.scene7.com/is/image/Target/GUEST_758848c9-0c2d-4211-b1c2-10d04b073e9d?wid=1200&hei=1200&qlt=85 | https://target.scene7.com/is/image/Target/GUEST_c9cf0f4a-09ce-46eb-8db9-30ca1097f03c?wid=1200&hei=1200&qlt=85 | https://target.scene7.com/is/image/Target/GUEST_41f8ea6e-b2b6-4399-a3c9-41de03c646d3?wid=1200&hei=1200&qlt=85 | https://target.scene7.com/is/image/Target/GUEST_9d04dbec-b7e7-4902-a79a-772d8964ff0d?wid=1200&hei=1200&qlt=85 | https://target.scene7.com/is/image/Target/GUEST_7b2b2721-b9f2-4c13-ba56-4770471e1edb?wid=1200&hei=1200&qlt=85,,,Polyester,"{""H"": ""6"", ""W"": ""9"", ""D"": ""1.5""}",6 inches (H) x 9 inches (W) x 1.5 inches (D),Structured,Multiple Compartments,Detachable Straps,Magnetic Closure,No Handles or Straps,Novelty,Spot or Wipe Clean,imported,661309792364,,"{""Dimensions (Overall)"": ""6 inches (H) x 9 inches (W) x 1.5 inches (D)"", ""Shell Material"": ""Polyester"", ""Bag Structure"": ""Structured"", ""Interior Features"": ""Multiple Compartments"", ""Exterior Features"": ""Detachable Straps"", ""Main Compartment Closure"": ""Magnetic Closure"", ""Handle Type"": ""No Handles or Straps"", ""Fabric Name"": ""Novelty"", ""Care & Cleaning"": ""Spot or Wipe Clean"", ""TCIN"": ""1008460010"", ""UPC"": ""661309792364"", ""Origin"": ""imported""}",True,2026-02-23T00:51:48.529073
1009443606,Narwey Crossbody Bag for Women Circle Purse Small Vegan Leather,https://www.target.com/p/narwey-crossbody-bag-for-women-circle-purse-small-vegan-leather/-/A-1009443606#lnk=sametab,Narwey,"Target > Clothing, Shoes & Accessories > Accessories > Handbags & Purses > Shoulder Bags",Shoulder Bags,49.99,69.99,28.6,True,0.0,0,,False,,,https://target.scene7.com/is/image/Target/GUEST_6a9bd3d7-629a-40b8-8208-af359adfb86c?wid=1200&hei=1200&qlt=85 | https://target.scene7.com/is/image/Target/GUEST_829fec80-53e0-4519-be54-e490b97afc71?wid=1200&hei=1200&qlt=85 | https://target.scene7.com/is/image/Target/GUEST_aee0562c-592a-4ec2-8328-313d1048114f?wid=1200&hei=1200&qlt=85 | https://target.scene7.com/is/image/Target/GUEST_b6f31d48-6b8b-4d6b-ac2f-afa3b6998822?wid=1200&hei=1200&qlt=85 | https://target.scene7.com/is/image/Target/GUEST_939ade47-2efc-4334-89ac-f8bc387cd93e?wid=1200&hei=1200&qlt=85,Latest Trends and Fashion; Stylish Design with Ample Storage; Perfect Size; Ideal for Any Occasion,,Leather,"{""H"": ""1.97"", ""W"": ""5.91"", ""D"": ""8.27""}",1.97 inches (H) x 5.91 inches (W) x 8.27 inches (D),Lightweight,Multiple Compartments,No Compartments or Pockets,Zip Closure,Shoulder Strap,1 x 1 Rib,Spot or Wipe Clean,imported,782843969927,,"{""Dimensions (Overall)"": ""1.97 inches (H) x 5.91 inches (W) x 8.27 inches (D)"", ""Shell Material"": ""Leather"", ""Bag Structure"": ""Lightweight"", ""Interior Features"": ""Multiple Compartments"", ""Exterior Features"": ""No Compartments or Pockets"", ""Main Compartment Closure"": ""Zip Closure"", ""Handle Type"": ""Shoulder Strap"", ""Fabric Name"": ""1 x 1 Rib"", ""Care & Cleaning"": ""Spot or Wipe Clean"", ""TCIN"": ""1009443606"", ""UPC"": ""782843969927"", ""Origin"": ""imported""}",True,2026-02-23T00:51:48.529073
1009503384,"Narwey Montana West Hobo Bags for Women Purses and Handbags Ladies Bucket Shoulder Bags,MWC-128BBK",https://www.target.com/p/narwey-montana-west-hobo-bags-for-women-purses-and-handbags-ladies-bucket-shoulder-bags-mwc-128bbk/-/A-1009503384#lnk=sametab,Narwey,"Target > Clothing, Shoes & Accessories > Accessories > Handbags & Purses > Totes",Totes,62.99,69.99,10.0,True,0.0,0,,False,,,https://target.scene7.com/is/image/Target/GUEST_14f62319-cf01-4317-9a51-7d7604ee7ded?wid=1200&hei=1200&qlt=85 | https://target.scene7.com/is/image/Target/GUEST_4848699a-93c9-4b1c-b59d-2a727af86e5b?wid=1200&hei=1200&qlt=85 | https://target.scene7.com/is/image/Target/GUEST_de9672b3-8660-454f-bed9-47d71fe9c55c?wid=1200&hei=1200&qlt=85 | https://target.scene7.com/is/image/Target/GUEST_bc68464e-2342-42da-868d-8915c1ad66f0?wid=1200&hei=1200&qlt=85 | https://target.scene7.com/is/image/Target/GUEST_2aef69af-44cd-4539-bbef-1fea9779934f?wid=1200&hei=1200&qlt=85,"14.56""(Opening L) x 5.11""(W) x 10.62""(H); Soft, slouchy, easy, and unstructured silhouettes; Very comfortable as a shoulder bag thanks to its wide handle; The roomy compartment secures all the day's essentials",,100% Recycled Polyester,"{""H"": ""11.4"", ""W"": ""5.11"", ""D"": ""10.62""}",11.4 inches (H) x 5.11 inches (W) x 10.62 inches (D),Dome,Multiple Compartments,Zip Pocket,Zip Closure,Carrying Handle,1 x 1 Rib,Do Not Wash,imported,670770801536,,"{""Dimensions (Overall)"": ""11.4 inches (H) x 5.11 inches (W) x 10.62 inches (D)"", ""Shell Material"": ""100% Recycled Polyester"", ""Bag Structure"": ""Dome"", ""Interior Features"": ""Multiple Compartments"", ""Exterior Features"": ""Zip Pocket"", ""Main Compartment Closure"": ""Zip Closure"", ""Handle Type"": ""Carrying Handle"", ""Fabric Name"": ""1 x 1 Rib"", ""Care & Cleaning"": ""Do Not Wash"", ""TCIN"": ""1009503384"", ""UPC"": ""670770801536"", ""Origin"": ""imported""}",True,2026-02-23T00:51:48.529073
1006851779,"Pavilion Gift Company - Vanessa Floral Cotton Bag - 13.25"" x 15"" Fuchsia Purse/Bag - Handbags",https://www.target.com/p/pavilion-gift-company-vanessa-floral-cotton-bag-13-25-x-15-fuchsia-purse-bag-handbags/-/A-1006851779#lnk=sametab,Pavilion Gift Company,"Target > Clothing, Shoes & Accessories > Accessories > Handbags & Purses",Handbags & Purses,44.0,0.0,0.0,False,0.0,0,,False,,,https://target.scene7.com/is/image/Target/GUEST_15316d98-2e71-4c61-925c-fc52e79a2d1e?wid=1200&hei=1200&qlt=85 | https://target.scene7.com/is/image/Target/GUEST_cf64d92b-57b4-4c47-9449-d0856b45fbaa?wid=1200&hei=1200&qlt=85,"PREMIUM QUALITY: Large bag, packaged in a plastic polybag, is made from cotton and polyester and features a zipper closure, snap closure, and two handles.; IN-HOUSE DESIGN: Floral design is printed onto the exterior of the bag.; BAG DETAILS: Interior of the bag features three pockets: two open and one zipper.; PERFECT GIFT: Great for gifting to a friend.; CARE INSTRUCTIONS: Wipe clean with a damp cloth.",,Cotton,"{""H"": ""2.75"", ""W"": ""15.0"", ""D"": ""13.25""}",2.75 inches (H) x 15.0 inches (W) x 13.25 inches (D),Structured,No Compartments or Pockets,No Compartments or Pockets,Snap closure,Shoulder Strap,Flat,Spot or Wipe Clean,imported,664843940031,,"{""Dimensions (Overall)"": ""2.75 inches (H) x 15.0 inches (W) x 13.25 inches (D)"", ""Shell Material"": ""Cotton"", ""Bag Structure"": ""Structured"", ""Interior Features"": ""No Compartments or Pockets"", ""Exterior Features"": ""No Compartments or Pockets"", ""Main Compartment Closure"": ""Snap closure"", ""Handle Type"": ""Shoulder Strap"", ""Fabric Name"": ""Flat"", ""Care & Cleaning"": ""Spot or Wipe Clean"", ""TCIN"": ""1006851779"", ""UPC"": ""664843940031"", ""Origin"": ""imported""}",True,2026-02-23T00:52:28.420351
1003529086,Signare USA Aztec Convertible Top Handle Purse Handbag,https://www.target.com/p/signare-usa-aztec-convertible-top-handle-purse-handbag/-/A-1003529086#lnk=sametab,Signare USA,"Target > Clothing, Shoes & Accessories > Accessories > Handbags & Purses",Handbags & Purses,66.0,0.0,0.0,False,0.0,0,,False,,,https://target.scene7.com/is/image/Target/GUEST_ca3b4df0-a90d-4d1f-a66f-5cc48cc0e909?wid=1200&hei=1200&qlt=85 | https://target.scene7.com/is/image/Target/GUEST_b96ad634-f7d4-4658-8349-0ec5f65253c2?wid=1200&hei=1200&qlt=85 | https://target.scene7.com/is/image/Target/GUEST_9f033652-05c8-4313-89b0-7493a80fa1f1?wid=1200&hei=1200&qlt=85 | https://target.scene7.com/is/image/Target/GUEST_65b60dbe-2d30-48bd-9fe2-1c5acbb0ca07?wid=1200&hei=1200&qlt=85 | https://target.scene7.com/is/image/Target/GUEST_a58c7e5d-1a91-46da-a50f-12a4d7308985?wid=1200&hei=1200&qlt=85,"Perfect as a day or night bag for all your essentials; With removable shoulder strap included, you have the option to wear it as a cross body or shoulder bag; Faux leather handle and detachable shoulder strap included; Shoulder drop length: 21”, Max strap length: 45”",,Polyester,"{""H"": ""9"", ""W"": ""14"", ""D"": ""5""}",9 inches (H) x 14 inches (W) x 5 inches (D),Structured,Slip Pocket,Detachable Straps,Zip Closure,Grab Handle,Woven,Spot or Wipe Clean,Imported,5060376422207,,"{""Dimensions (Overall)"": ""9 inches (H) x 14 inches (W) x 5 inches (D)"", ""Shell Material"": ""Polyester"", ""Bag Structure"": ""Structured"", ""Interior Features"": ""Slip Pocket"", ""Exterior Features"": ""Detachable Straps"", ""Main Compartment Closure"": ""Zip Closure"", ""Handle Type"": ""Grab Handle"", ""Fabric Name"": ""Woven"", ""Care & Cleaning"": ""Spot or Wipe Clean"", ""TCIN"": ""1003529086"", ""UPC"": ""5060376422207"", ""Origin"": ""Imported""}",True,2026-02-23T00:52:28.420351
1009495833,Narwey Women Vintage Flap Tote Top Handle Satchel Handbags PU Leather Clutch Purse Casual Messenger Chain,https://www.target.com/p/narwey-women-vintage-flap-tote-top-handle-satchel-handbags-pu-leather-clutch-purse-casual-messenger-chain/-/A-1009495833#lnk=sametab,Narwey,"Target > Clothing, Shoes & Accessories > Accessories > Handbags & Purses > Totes",Totes,54.99,59.99,8.3,True,0.0,0,,False,,,https://target.scene7.com/is/image/Target/GUEST_93b748f4-b8d7-4580-aff2-be0e72e0b099?wid=1200&hei=1200&qlt=85 | https://target.scene7.com/is/image/Target/GUEST_b398a3fd-4144-430a-8739-def14568e011?wid=1200&hei=1200&qlt=85 | https://target.scene7.com/is/image/Target/GUEST_3dc36152-892b-42b2-96f0-50e0e1f46490?wid=1200&hei=1200&qlt=85 | https://target.scene7.com/is/image/Target/GUEST_a5d790ee-cfde-4b16-9b78-ca5233e9f3b6?wid=1200&hei=1200&qlt=85 | https://target.scene7.com/is/image/Target/GUEST_a8b761e3-0679-4429-8b5f-5a845c64965a?wid=1200&hei=1200&qlt=85,"Purse Dimension (L*W*H): 29*6.5*18cm/11.4*2.6*7.; Materials: thick patent PU leather + soft polyester lining; The solid color design, classic and elegant; A magnetic snap, smooth zipper closure",,65% Recycled Polyester,"{""H"": ""11.4"", ""W"": ""2.6"", ""D"": ""7.1""}",11.4 inches (H) x 2.6 inches (W) x 7.1 inches (D),Dome,Multiple Compartments,No Compartments or Pockets,Zip Closure,Carrying Handle,2 x 2 Rib,Do Not Wash,imported,995138930612,,"{""Dimensions (Overall)"": ""11.4 inches (H) x 2.6 inches (W) x 7.1 inches (D)"", ""Shell Material"": ""65% Recycled Polyester"", ""Bag Structure"": ""Dome"", ""Interior Features"": ""Multiple Compartments"", ""Exterior Features"": ""No Compartments or Pockets"", ""Main Compartment Closure"": ""Zip Closure"", ""Handle Type"": ""Carrying Handle"", ""Fabric Name"": ""2 x 2 Rib"", ""Care & Cleaning"": ""Do Not Wash"", ""TCIN"": ""1009495833"", ""UPC"": ""995138930612"", ""Origin"": ""imported""}",True,2026-02-23T00:52:28.420351
1009523282,Narwey Crossbody Satchel Bag Small Top Handle Purse Barrel Handbag Tote Hobo Designer Brown Gift MWC-S041BR,https://www.target.com/p/narwey-crossbody-satchel-bag-small-top-handle-purse-barrel-handbag-tote-hobo-designer-brown-gift-mwc-s041br/-/A-1009523282#lnk=sametab,Narwey,"Target > Clothing, Shoes & Accessories > Accessories > Handbags & Purses > Shoulder Bags",Shoulder Bags,56.69,69.99,19.0,True,0.0,0,,False,,,https://target.scene7.com/is/image/Target/GUEST_a8ecd4e1-1d6f-4cc2-b09c-7ffd6558b52e?wid=1200&hei=1200&qlt=85 | https://target.scene7.com/is/image/Target/GUEST_0e52704b-a502-471a-872b-469cf30590d1?wid=1200&hei=1200&qlt=85 | https://target.scene7.com/is/image/Target/GUEST_1134a09b-4145-49b6-83bf-9a450de768b1?wid=1200&hei=1200&qlt=85 | https://target.scene7.com/is/image/Target/GUEST_ab64b715-7cda-47e2-9982-a0b99d1265de?wid=1200&hei=1200&qlt=85 | https://target.scene7.com/is/image/Target/GUEST_5afa205e-f688-4b50-85d5-5aaa04fe4e95?wid=1200&hei=1200&qlt=85,elegant; hand-carried or crossbody.,,Leather,"{""H"": ""4.2"", ""W"": ""8.8"", ""D"": ""12""}",4.2 inches (H) x 8.8 inches (W) x 12 inches (D),Lightweight,No Compartments or Pockets,No Compartments or Pockets,Zip Closure,No Handles or Straps,Novelty,Do Not Wash,imported,653906754074,,"{""Dimensions (Overall)"": ""4.2 inches (H) x 8.8 inches (W) x 12 inches (D)"", ""Shell Material"": ""Leather"", ""Bag Structure"": ""Lightweight"", ""Interior Features"": ""No Compartments or Pockets"", ""Exterior Features"": ""No Compartments or Pockets"", ""Main Compartment Closure"": ""Zip Closure"", ""Handle Type"": ""No Handles or Straps"", ""Fabric Name"": ""Novelty"", ""Care & Cleaning"": ""Do Not Wash"", ""TCIN"": ""1009523282"", ""UPC"": ""653906754074"", ""Origin"": ""imported""}",True,2026-02-23T00:52:28.420351
1007941852,Clutch Purse for Women - Evening Bags PU Leather Glitter Fashion Purse Handbag 1-black 11.5 x 7.5 x 2,https://www.target.com/p/clutch-purse-for-women-evening-bags-pu-leather-glitter-fashion-purse-handbag/-/A-1007941852?preselect=1007941851#lnk=sametab,Empire DigiLabs,"Target > Clothing, Shoes & Accessories > Accessories > Handbags & Purses > Clutches",Clutches,95.97,191.94,50.0,True,0.0,0,,False,size11.5 x 7.5 x 2,,https://target.scene7.com/is/image/Target/GUEST_34a4acbe-f1bc-4b13-b7ca-0bdefbc38203?wid=1200&hei=1200&qlt=85 | https://target.scene7.com/is/image/Target/GUEST_70036505-ed89-4676-9783-6acc3073b1ba?wid=1200&hei=1200&qlt=85 | https://target.scene7.com/is/image/Target/GUEST_99c5a075-860e-421d-8384-0929081b31d3?wid=1200&hei=1200&qlt=85 | https://target.scene7.com/is/image/Target/GUEST_e7644677-649d-46fb-9bec-7eccd94c13d7?wid=1200&hei=1200&qlt=85 | https://target.scene7.com/is/image/Target/GUEST_5fc41425-ee6d-46b0-85f8-cd7d7002d426?wid=1200&hei=1200&qlt=85,,,Leather,"{""H"": ""7.5"", ""W"": ""11.5"", ""D"": ""2""}",7.5 inches (H) x 11.5 inches (W) x 2 inches (D),Structured,Multiple Compartments,Detachable Straps,Magnetic Closure,Top Carrying Handle,Faux Leather,Spot or Wipe Clean,imported,661309847408,,"{""Dimensions (Overall)"": ""7.5 inches (H) x 11.5 inches (W) x 2 inches (D)"", ""Shell Material"": ""Leather"", ""Bag Structure"": ""Structured"", ""Interior Features"": ""Multiple Compartments"", ""Exterior Features"": ""Detachable Straps"", ""Main Compartment Closure"": ""Magnetic Closure"", ""Handle Type"": ""Top Carrying Handle"", ""Fabric Name"": ""Faux Leather"", ""Care & Cleaning"": ""Spot or Wipe Clean"", ""TCIN"": ""1007941851"", ""UPC"": ""661309847408"", ""Origin"": ""imported""}",True,2026-02-23T00:52:28.420351
93736187,FAO Schwarz Cliqs Plush Disco Ball Purse,https://www.target.com/p/fao-schwarz-cliqs-plush-disco-ball-purse/-/A-93736187#lnk=sametab,FAO Schwarz,"Target > Clothing, Shoes & Accessories > Accessories > Kids’ Accessories > Girls’ Accessories > Bags",Bags,14.99,0.0,0.0,False,4.7,6,,False,,,https://target.scene7.com/is/image/Target/GUEST_2dec9fde-7aae-4428-a65f-22fdb092a28f?wid=1200&hei=1200&qlt=85 | https://target.scene7.com/is/image/Target/GUEST_b0974ea8-963c-4e66-b7b2-aa553530a351?wid=1200&hei=1200&qlt=85 | https://target.scene7.com/is/image/Target/GUEST_d981ebfc-61a2-4aca-a4e3-6517dad6462e?wid=1200&hei=1200&qlt=85 | https://target.scene7.com/is/image/Target/GUEST_baf4b701-47ec-402b-a65d-e17c22672837?wid=1200&hei=1200&qlt=85 | https://target.scene7.com/is/image/Target/GUEST_caf802b7-7f17-4de0-94ec-3daad6a0a9e8?wid=1200&hei=1200&qlt=85 | https://target.scene7.com/is/image/Target/GUEST_b4630326-3386-4077-83ff-fa5b95de4f65?wid=1200&hei=1200&qlt=85,"Sparkly plush disco ball purse brings party-ready shine; Cute smiling face adds playful dance-floor vibes; Zipper pocket keeps your mini essentials close by; Signature FAO Schwarz print lining adds iconic flair; Fun fashion accessory to elevate your outfit instantly; F.A.O. Schwarz®, celebrating the wonder of childhood since 1862",,Polyester,"{""H"": ""3.54"", ""W"": ""9.45"", ""D"": ""3.45"", ""Maximum Strap Length"": ""36 Inches""}",3.54 Inches (H) x 9.45 Inches (W) x 3.45 Inches (D),Collapsible,Accessories Pocket,Zip Pocket,Zip Closure,Carrying Handle,Woven,Clean With Water and Mild Detergent,Imported,840397509911,086-13-2341,"{""Dimensions (Overall)"": ""3.54 Inches (H) x 9.45 Inches (W) x 3.45 Inches (D)"", ""Shell Material"": ""Polyester"", ""Bag Structure"": ""Collapsible"", ""Interior Features"": ""Accessories Pocket"", ""Exterior Features"": ""Zip Pocket"", ""Main Compartment Closure"": ""Zip Closure"", ""Handle Type"": ""Carrying Handle"", ""Fabric Name"": ""Woven"", ""Maximum Strap Length"": ""36 Inches"", ""Care & Cleaning"": ""Clean With Water and Mild Detergent"", ""TCIN"": ""93736187"", ""UPC"": ""840397509911"", ""Item Number (DPCI)"": ""086-13-2341"", ""Origin"": ""Imported""}",True,2026-02-23T00:52:28.420351
91793318,Willow & Ruby Kid’s Luxury Mini Handbag for Girls - Crossbody Purse for Girls (Youth) in Black,https://www.target.com/p/willow-ruby-kid-s-luxury-mini-handbag-for-girls-crossbody-purse-for-girls-youth/-/A-91793318?preselect=91793317#lnk=sametab,Willow & Ruby,"Target > Clothing, Shoes & Accessories > Accessories > Handbags & Purses > Mini Bags",Mini Bags,15.0,38.0,60.5,True,3.0,2,,False,black,,https://target.scene7.com/is/image/Target/GUEST_394aff73-df67-457c-91ea-6b9610477130?wid=1200&hei=1200&qlt=85 | https://target.scene7.com/is/image/Target/GUEST_efcc77c2-eb43-4fe3-bc46-ff54f636aa31?wid=1200&hei=1200&qlt=85 | https://target.scene7.com/is/image/Target/GUEST_d7a72b29-4741-4b6e-9759-830c8e72a142?wid=1200&hei=1200&qlt=85 | https://target.scene7.com/is/image/Target/GUEST_705b331f-65d1-45f0-a8c0-c073e64648e2?wid=1200&hei=1200&qlt=85 | https://target.scene7.com/is/image/Target/GUEST_ca3b0d18-4897-4b18-8d3b-7e5c80b71b43?wid=1200&hei=1200&qlt=85,"Elevate your child's style and confidence with our luxury mini handbag; Keep your child's belongings close by and organized in the mini sized crossbody purse; Spark creativity and expressiveness by choosing a handbag that matches your child's unique personality and style; Promote independence and responsibility by giving your child her own bag to carry; Make an unforgettable gift that will bring joy and excitement by choosing the Willow & Ruby Kids Luxury Mini Handbag, ideal for birthdays, holidays, or special occasions.",,PVC (Polyvinyl Chloride),"{""H"": ""5.2"", ""W"": ""2"", ""D"": ""4.2"", ""Maximum Strap Length"": ""43.6 inches"", ""Minimum Strap Length"": ""43.6 inches""}",5.2 inches (H) x 2 inches (W) x 4.2 inches (D),Structured,No Compartments or Pockets,No Compartments or Pockets,Buckle Closure,Shoulder Strap,,Care Instructions Not Provided,made in the USA or imported,840317584547,,"{""Dimensions (Overall)"": ""5.2 inches (H) x 2 inches (W) x 4.2 inches (D)"", ""Shell Material"": ""PVC (Polyvinyl Chloride)"", ""Bag Structure"": ""Structured"", ""Interior Features"": ""No Compartments or Pockets"", ""Exterior Features"": ""No Compartments or Pockets"", ""Main Compartment Closure"": ""Buckle Closure"", ""Handle Type"": ""Shoulder Strap"", ""Protective Qualities"": ""Tear-Resistant"", ""CPSC Choking Hazard Warnings"": ""Choking_hazard_small_parts"", ""Decorative Accents"": ""Accent Chain"", ""Fits Laptop"": ""No Laptop Pocket"", ""Maximum Strap Length"": ""43.6 inches"", ""Minimum Strap Length"": ""43.6 inches"", ""Care & Cleaning"": ""Care Instructions Not Provided"", ""TCIN"": ""91793317"", ""UPC"": ""840317584547"", ""Origin"": ""made in the USA or imported""}",True,2026-02-23T00:52:28.420351
1009405700,Narwey Crossbody Bags for Women Small Shoulder Travel Purses,https://www.target.com/p/narwey-crossbody-bags-for-women-small-shoulder-travel-purses/-/A-1009405700#lnk=sametab,Narwey,"Target > Clothing, Shoes & Accessories > Accessories > Handbags & Purses > Shoulder Bags",Shoulder Bags,42.99,59.99,28.3,True,0.0,0,,False,,,https://target.scene7.com/is/image/Target/GUEST_ff6770b4-1db0-4bc4-baca-d04e075d8d18?wid=1200&hei=1200&qlt=85 | https://target.scene7.com/is/image/Target/GUEST_f53ab06e-5180-484d-b19c-73cc3060331d?wid=1200&hei=1200&qlt=85 | https://target.scene7.com/is/image/Target/GUEST_51a9695b-f65e-4f72-aae6-a178367df3bd?wid=1200&hei=1200&qlt=85 | https://target.scene7.com/is/image/Target/GUEST_80e98ef9-9690-42dc-ba07-24a8dcade978?wid=1200&hei=1200&qlt=85 | https://target.scene7.com/is/image/Target/GUEST_70572d6c-860f-42d1-9045-bd38f2a67219?wid=1200&hei=1200&qlt=85,"Lightweight MULTI ZIPPER POCKETS crossbody bag; 9.6""H x 8.6""W (27.9""-51.5"" Drop); 5 Zipper pockets: Main*1, Front*2, Back*1, Inside*1; Essential for travel, work, and casual use",,20% Recycled Polyester,"{""H"": ""9.6"", ""W"": "".4"", ""D"": ""8.6""}",9.6 inches (H) x .4 inches (W) x 8.6 inches (D),Dome,Multiple Compartments,Adjustable Shoulder Strap,Zip Closure,Adjustable Shoulder Strap,1 x 1 Rib,Do Not Wash,imported,164294988274,,"{""Dimensions (Overall)"": ""9.6 inches (H) x .4 inches (W) x 8.6 inches (D)"", ""Shell Material"": ""20% Recycled Polyester"", ""Bag Structure"": ""Dome"", ""Interior Features"": ""Multiple Compartments"", ""Exterior Features"": ""Adjustable Shoulder Strap"", ""Main Compartment Closure"": ""Zip Closure"", ""Handle Type"": ""Adjustable Shoulder Strap"", ""Fabric Name"": ""1 x 1 Rib"", ""Care & Cleaning"": ""Do Not Wash"", ""TCIN"": ""1009405700"", ""UPC"": ""164294988274"", ""Origin"": ""imported""}",True,2026-02-23T00:52:28.420351
1008459848,Women Elegant Satin Bow Flap Evening Bag Rhinestone Clutch Purse Handbag Formal/Wedding/Prom/Party Green 8.5 x 1.75 x 5,https://www.target.com/p/women-elegant-satin-bow-flap-evening-bag-rhinestone-clutch-purse-handbag-formal-wedding-prom-party/-/A-1008459848?preselect=1008459850#lnk=sametab,Empire DigiLabs,"Target > Clothing, Shoes & Accessories > Accessories > Handbags & Purses > Clutches",Clutches,68.97,137.94,50.0,True,0.0,0,,False,size8.5 x 1.75 x 5,,https://target.scene7.com/is/image/Target/GUEST_60a66723-6162-4d13-be8e-e2758e274678?wid=1200&hei=1200&qlt=85 | https://target.scene7.com/is/image/Target/GUEST_30c473c5-5894-4b8c-839e-c26c7b6c1817?wid=1200&hei=1200&qlt=85 | https://target.scene7.com/is/image/Target/GUEST_fec73be8-3e3b-4187-9c2b-eac620904c77?wid=1200&hei=1200&qlt=85 | https://target.scene7.com/is/image/Target/GUEST_82cd0afb-6e14-4e5c-81d8-ae726b3488a6?wid=1200&hei=1200&qlt=85 | https://target.scene7.com/is/image/Target/GUEST_c4bb77b5-1389-416a-9570-92f1f2229290?wid=1200&hei=1200&qlt=85,,,Polyester,"{""H"": ""5"", ""W"": ""8.5"", ""D"": ""1.75""}",5 inches (H) x 8.5 inches (W) x 1.75 inches (D),Structured,Multiple Compartments,Detachable Straps,Snap closure,No Handles or Straps,Novelty,Spot or Wipe Clean,imported,661309792012,,"{""Dimensions (Overall)"": ""5 inches (H) x 8.5 inches (W) x 1.75 inches (D)"", ""Shell Material"": ""Polyester"", ""Bag Structure"": ""Structured"", ""Interior Features"": ""Multiple Compartments"", ""Exterior Features"": ""Detachable Straps"", ""Main Compartment Closure"": ""Snap closure"", ""Handle Type"": ""No Handles or Straps"", ""Fabric Name"": ""Novelty"", ""Care & Cleaning"": ""Spot or Wipe Clean"", ""TCIN"": ""1008459850"", ""UPC"": ""661309792012"", ""Origin"": ""imported""}",True,2026-02-23T00:52:28.420351
1009502621,Narwey Canvas Tote Bag for Women Large Hobo Shoulder Bag for Work Travel Casual Message Bag Tote Purse handbags,https://www.target.com/p/narwey-canvas-tote-bag-for-women-large-hobo-shoulder-bag-for-work-travel-casual-message-bag-tote-purse-handbags/-/A-1009502621#lnk=sametab,Narwey,"Target > Clothing, Shoes & Accessories > Accessories > Handbags & Purses > Totes",Totes,33.99,0.0,0.0,False,0.0,0,,False,,,https://target.scene7.com/is/image/Target/GUEST_d3d1be8e-64ef-49cb-8b9f-20235955db24?wid=1200&hei=1200&qlt=85 | https://target.scene7.com/is/image/Target/GUEST_ded22d6f-9d46-4db0-854e-31bc213de486?wid=1200&hei=1200&qlt=85 | https://target.scene7.com/is/image/Target/GUEST_42d0ab01-3496-497f-991f-c92f7de05647?wid=1200&hei=1200&qlt=85 | https://target.scene7.com/is/image/Target/GUEST_42007b7e-9019-4c72-8cf3-54f0839448ba?wid=1200&hei=1200&qlt=85 | https://target.scene7.com/is/image/Target/GUEST_8289f85c-7a00-4233-9f04-d7240c51a677?wid=1200&hei=1200&qlt=85 | https://target.scene7.com/is/image/Target/GUEST_537c73cc-eb3d-498f-afb6-612e79085160?wid=1200&hei=1200&qlt=85,QUALITY MATERIAL; PERFECT BAG DIMENSION; LARGE CAPACITY; ANTI-THEFT STRUCTURE,,Canvas,"{""H"": ""14.2"", ""W"": ""8.3"", ""D"": ""13.4""}",14.2 inches (H) x 8.3 inches (W) x 13.4 inches (D),Dome,Multiple Compartments,No Compartments or Pockets,Open Top,Carrying Handle,2 x 2 Rib,Machine Wash,imported,765639975579,,"{""Dimensions (Overall)"": ""14.2 inches (H) x 8.3 inches (W) x 13.4 inches (D)"", ""Shell Material"": ""Canvas"", ""Bag Structure"": ""Dome"", ""Interior Features"": ""Multiple Compartments"", ""Exterior Features"": ""No Compartments or Pockets"", ""Main Compartment Closure"": ""Open Top"", ""Handle Type"": ""Carrying Handle"", ""Fabric Name"": ""2 x 2 Rib"", ""Care & Cleaning"": ""Machine Wash"", ""TCIN"": ""1009502621"", ""UPC"": ""765639975579"", ""Origin"": ""imported""}",True,2026-02-23T00:52:28.420351
1009449340,Narwey Crossbody Bags for Women Hobo Purses Shoulder Handbags,https://www.target.com/p/narwey-crossbody-bags-for-women-hobo-purses-shoulder-handbags/-/A-1009449340#lnk=sametab,Narwey,"Target > Clothing, Shoes & Accessories > Accessories > Handbags & Purses > Shoulder Bags",Shoulder Bags,42.99,69.99,38.6,True,0.0,0,,False,,,https://target.scene7.com/is/image/Target/GUEST_69c4293b-205b-4a53-8e8e-bb581fe35933?wid=1200&hei=1200&qlt=85 | https://target.scene7.com/is/image/Target/GUEST_41d677e0-6944-4414-92cd-76d2cf62e51d?wid=1200&hei=1200&qlt=85 | https://target.scene7.com/is/image/Target/GUEST_754efbf7-59d1-4189-a496-bc36cc5a5f0d?wid=1200&hei=1200&qlt=85 | https://target.scene7.com/is/image/Target/GUEST_af1804c1-43c9-40f9-a3cb-adbfe67177fa?wid=1200&hei=1200&qlt=85 | https://target.scene7.com/is/image/Target/GUEST_951b3f27-dfc2-4352-bad8-c297182c9198?wid=1200&hei=1200&qlt=85,Purse Dimension; Multi-Pocket Womens Purse; Durable Crossbody Bags; Wide Strap Designed,,Leather,"{""H"": ""10.94"", ""W"": ""2.24"", ""D"": ""12.52""}",10.94 inches (H) x 2.24 inches (W) x 12.52 inches (D),Lightweight,Multiple Compartments,Zip Pocket,Zip Closure,Shoulder Strap,1 x 1 Rib,Spot or Wipe Clean,imported,137541157501,,"{""Dimensions (Overall)"": ""10.94 inches (H) x 2.24 inches (W) x 12.52 inches (D)"", ""Shell Material"": ""Leather"", ""Bag Structure"": ""Lightweight"", ""Interior Features"": ""Multiple Compartments"", ""Exterior Features"": ""Zip Pocket"", ""Main Compartment Closure"": ""Zip Closure"", ""Handle Type"": ""Shoulder Strap"", ""Fabric Name"": ""1 x 1 Rib"", ""Care & Cleaning"": ""Spot or Wipe Clean"", ""TCIN"": ""1009449340"", ""UPC"": ""137541157501"", ""Origin"": ""imported""}",True,2026-02-23T00:52:28.420351
1009497567,"Narwey Rhinestone Purse Sparkly Evening bag Silver Clutch Purses for Women Evening, Cross Body Handbags for Party Prom Club Wedding",https://www.target.com/p/narwey-rhinestone-purse-sparkly-evening-bag-silver-clutch-purses-for-women-evening-cross-body-handbags-for-party-prom-club-wedding/-/A-1009497567#lnk=sametab,Narwey,"Target > Clothing, Shoes & Accessories > Accessories > Handbags & Purses > Mini Bags",Mini Bags,71.39,89.99,20.7,True,0.0,0,,False,,,https://target.scene7.com/is/image/Target/GUEST_40549444-c8c5-412d-8730-a06fbc251e65?wid=1200&hei=1200&qlt=85 | https://target.scene7.com/is/image/Target/GUEST_ad569c19-aa97-4ade-883c-a69d0b436649?wid=1200&hei=1200&qlt=85 | https://target.scene7.com/is/image/Target/GUEST_8d6fa5d4-a762-4830-ba40-1637472eceba?wid=1200&hei=1200&qlt=85 | https://target.scene7.com/is/image/Target/GUEST_1941f4fb-29f1-46aa-bfec-dffefd5bcd57?wid=1200&hei=1200&qlt=85 | https://target.scene7.com/is/image/Target/GUEST_18540d78-77fa-4001-b9ce-d133f4ae0c5c?wid=1200&hei=1200&qlt=85,Size & Capacity; High Quality Material; Unique Shoulder Strap Design; Glitter Purse; Occasion,,Polyester,"{""H"": ""6.61"", ""W"": ""1.57"", ""D"": ""10.91""}",6.61 inches (H) x 1.57 inches (W) x 10.91 inches (D),Lightweight,No Compartments or Pockets,No Compartments or Pockets,Zip Closure,No Handles or Straps,Novelty,Do Not Wash,imported,813937407657,,"{""Dimensions (Overall)"": ""6.61 inches (H) x 1.57 inches (W) x 10.91 inches (D)"", ""Shell Material"": ""Polyester"", ""Bag Structure"": ""Lightweight"", ""Interior Features"": ""No Compartments or Pockets"", ""Exterior Features"": ""No Compartments or Pockets"", ""Main Compartment Closure"": ""Zip Closure"", ""Handle Type"": ""No Handles or Straps"", ""Fabric Name"": ""Novelty"", ""Care & Cleaning"": ""Do Not Wash"", ""TCIN"": ""1009497567"", ""UPC"": ""813937407657"", ""Origin"": ""imported""}",True,2026-02-23T00:52:28.420351
1009406020,Narwey Dressy Woven Clutch Purses for Women Evening Wedding Formal Occasion,https://www.target.com/p/narwey-dressy-woven-clutch-purses-for-women-evening-wedding-formal-occasion/-/A-1009406020#lnk=sametab,Narwey,"Target > Clothing, Shoes & Accessories > Accessories > Handbags & Purses > Shoulder Bags",Shoulder Bags,112.99,139.99,19.3,True,0.0,0,,False,,,https://target.scene7.com/is/image/Target/GUEST_f5b9e888-d596-4cb0-adac-5dd8b6975b85?wid=1200&hei=1200&qlt=85 | https://target.scene7.com/is/image/Target/GUEST_c91dd02a-c51e-4fe8-b0e8-a27f7722d12b?wid=1200&hei=1200&qlt=85 | https://target.scene7.com/is/image/Target/GUEST_9f3e682e-74ec-40bf-a311-6b60efa03a65?wid=1200&hei=1200&qlt=85 | https://target.scene7.com/is/image/Target/GUEST_10391995-8278-4a45-9694-ef939c2c80d5?wid=1200&hei=1200&qlt=85 | https://target.scene7.com/is/image/Target/GUEST_972efccc-c704-4c31-a3e8-79767e2682d8?wid=1200&hei=1200&qlt=85,Spacious Interior:; Versatile Carrying Options; Occasions; Ideal Gift,,Leather,"{""H"": ""7.05"", ""W"": ""3.43"", ""D"": ""10.08""}",7.05 inches (H) x 3.43 inches (W) x 10.08 inches (D),Lightweight,Multiple Compartments,No Compartments or Pockets,Clasp Closure,Shoulder Strap,1 x 1 Rib,Spot or Wipe Clean,imported,772203793293,,"{""Dimensions (Overall)"": ""7.05 inches (H) x 3.43 inches (W) x 10.08 inches (D)"", ""Shell Material"": ""Leather"", ""Bag Structure"": ""Lightweight"", ""Interior Features"": ""Multiple Compartments"", ""Exterior Features"": ""No Compartments or Pockets"", ""Main Compartment Closure"": ""Clasp Closure"", ""Handle Type"": ""Shoulder Strap"", ""Fabric Name"": ""1 x 1 Rib"", ""Care & Cleaning"": ""Spot or Wipe Clean"", ""TCIN"": ""1009406020"", ""UPC"": ""772203793293"", ""Origin"": ""imported""}",True,2026-02-23T00:52:28.420351
1009531081,"Narwey Small Crossbody Bag for Women,Cell Phone Purse Women's Shoulder",https://www.target.com/p/narwey-small-crossbody-bag-for-women-cell-phone-purse-women-s-shoulder/-/A-1009531081#lnk=sametab,Narwey,"Target > Clothing, Shoes & Accessories > Accessories > Handbags & Purses > Crossbody & Messenger Bags",Crossbody & Messenger Bags,48.99,54.99,10.9,True,0.0,0,,False,,,https://target.scene7.com/is/image/Target/GUEST_fda9fa4c-b55c-4712-b795-187d3cea50e8?wid=1200&hei=1200&qlt=85 | https://target.scene7.com/is/image/Target/GUEST_225736cb-d0eb-4f63-af11-4bf83f65b38a?wid=1200&hei=1200&qlt=85 | https://target.scene7.com/is/image/Target/GUEST_d8126194-8f55-40b7-a977-e23d9fea31cb?wid=1200&hei=1200&qlt=85 | https://target.scene7.com/is/image/Target/GUEST_94f2739f-b441-4f9b-afbe-1ee060f4f1b4?wid=1200&hei=1200&qlt=85,PREMUIM MATERIAL; CHIC AND SIMPLE DESIGN; SMALL SIZE BUT ROOMY SPACE; COME WITH LEATHER STRAP,,TPU (Thermoplastic Polyurethane),"{""H"": ""7.6"", ""W"": ""2"", ""D"": ""4.8""}",7.6 inches (H) x 2 inches (W) x 4.8 inches (D),Dome,Multiple Compartments,No Compartments or Pockets,Zip Closure,Adjustable Shoulder Strap,2 x 2 Rib,Do Not Wash,imported,859196297660,,"{""Dimensions (Overall)"": ""7.6 inches (H) x 2 inches (W) x 4.8 inches (D)"", ""Shell Material"": ""TPU (Thermoplastic Polyurethane)"", ""Bag Structure"": ""Dome"", ""Interior Features"": ""Multiple Compartments"", ""Exterior Features"": ""No Compartments or Pockets"", ""Main Compartment Closure"": ""Zip Closure"", ""Handle Type"": ""Adjustable Shoulder Strap"", ""Fabric Name"": ""2 x 2 Rib"", ""Care & Cleaning"": ""Do Not Wash"", ""TCIN"": ""1009531081"", ""UPC"": ""859196297660"", ""Origin"": ""imported""}",True,2026-02-23T00:52:28.420351
1009449675,Narwey Shoulder Bag for Women Cute Hobo and Tote Handbags Retro Clutch Underarm Purse,https://www.target.com/p/narwey-shoulder-bag-for-women-cute-hobo-and-tote-handbags-retro-clutch-underarm-purse/-/A-1009449675#lnk=sametab,Narwey,"Target > Clothing, Shoes & Accessories > Accessories > Handbags & Purses",Handbags & Purses,48.99,54.99,10.9,True,0.0,0,,False,,,https://target.scene7.com/is/image/Target/GUEST_c6c6260a-3b54-407f-acd9-0f8484f1d152?wid=1200&hei=1200&qlt=85 | https://target.scene7.com/is/image/Target/GUEST_4ca344d0-6941-4b99-8f82-fc0626999482?wid=1200&hei=1200&qlt=85 | https://target.scene7.com/is/image/Target/GUEST_1c062a4a-3ceb-4017-81cc-13e8550f9801?wid=1200&hei=1200&qlt=85 | https://target.scene7.com/is/image/Target/GUEST_bc6413bb-e411-4a4f-a8b2-d9ec3776f4b0?wid=1200&hei=1200&qlt=85 | https://target.scene7.com/is/image/Target/GUEST_22b1421e-491b-4795-8eac-6b8c866f1e61?wid=1200&hei=1200&qlt=85,Functional Design: This cute purse includes 3 card slot pockets; Premium Material: Crafted from high-quality PU leather; Versatile Straps: Equipped with a removable short leather shoulder strap; Stylish & Practical: Available in various beautiful colors,,TPU (Thermoplastic Polyurethane),"{""H"": ""10.3"", ""W"": ""3.4"", ""D"": ""7.5""}",10.3 inches (H) x 3.4 inches (W) x 7.5 inches (D),Dome,Multiple Compartments,No Compartments or Pockets,Zip Closure,Adjustable Shoulder Strap,2 x 2 Rib,Do Not Wash,imported,181713176258,,"{""Dimensions (Overall)"": ""10.3 inches (H) x 3.4 inches (W) x 7.5 inches (D)"", ""Shell Material"": ""TPU (Thermoplastic Polyurethane)"", ""Bag Structure"": ""Dome"", ""Interior Features"": ""Multiple Compartments"", ""Exterior Features"": ""No Compartments or Pockets"", ""Main Compartment Closure"": ""Zip Closure"", ""Handle Type"": ""Adjustable Shoulder Strap"", ""Fabric Name"": ""2 x 2 Rib"", ""Care & Cleaning"": ""Do Not Wash"", ""TCIN"": ""1009449675"", ""UPC"": ""181713176258"", ""Origin"": ""imported""}",True,2026-02-23T00:52:28.420351
1009408811,"Narwey Clutch Purse for Women, Suede Envelope Evening Purses",https://www.target.com/p/narwey-clutch-purse-for-women-suede-envelope-evening-purses/-/A-1009408811#lnk=sametab,Narwey,"Target > Clothing, Shoes & Accessories > Accessories > Handbags & Purses > Shoulder Bags",Shoulder Bags,42.99,59.99,28.3,True,0.0,0,,False,,,https://target.scene7.com/is/image/Target/GUEST_40938c5a-361a-442e-9742-11bb90538d0e?wid=1200&hei=1200&qlt=85 | https://target.scene7.com/is/image/Target/GUEST_593c49ab-a205-44fa-bf5c-66f231a65cff?wid=1200&hei=1200&qlt=85 | https://target.scene7.com/is/image/Target/GUEST_0b6f2943-a672-49da-a361-9b2bd5f08ca0?wid=1200&hei=1200&qlt=85 | https://target.scene7.com/is/image/Target/GUEST_8d69bd0f-7baf-4467-ac0e-efd4806e55cd?wid=1200&hei=1200&qlt=85 | https://target.scene7.com/is/image/Target/GUEST_b3a8a3e1-4b65-4f11-97cc-114ac0d8e210?wid=1200&hei=1200&qlt=85,【Material】; 【Feature】; 【Capacity】; 【Style】,,Suede,"{""H"": ""2.3"", ""W"": ""5.9"", ""D"": ""9.4""}",2.3 inches (H) x 5.9 inches (W) x 9.4 inches (D),Lightweight,Multiple Compartments,No Compartments or Pockets,Zip Closure,Shoulder Strap,1 x 1 Rib,Steam as Needed,imported,670807982832,,"{""Dimensions (Overall)"": ""2.3 inches (H) x 5.9 inches (W) x 9.4 inches (D)"", ""Shell Material"": ""Suede"", ""Bag Structure"": ""Lightweight"", ""Interior Features"": ""Multiple Compartments"", ""Exterior Features"": ""No Compartments or Pockets"", ""Main Compartment Closure"": ""Zip Closure"", ""Handle Type"": ""Shoulder Strap"", ""Fabric Name"": ""1 x 1 Rib"", ""Care & Cleaning"": ""Steam as Needed"", ""TCIN"": ""1009408811"", ""UPC"": ""670807982832"", ""Origin"": ""imported""}",True,2026-02-23T00:52:28.420351
1009407598,"Narwey Small Crossbody Bags for Women Trendy, Leather Crossbody Phone Purses Handbags",https://www.target.com/p/narwey-small-crossbody-bags-for-women-trendy-leather-crossbody-phone-purses-handbags/-/A-1009407598#lnk=sametab,Narwey,"Target > Clothing, Shoes & Accessories > Accessories > Handbags & Purses > Crossbody & Messenger Bags",Crossbody & Messenger Bags,42.99,69.99,38.6,True,0.0,0,,False,,,https://target.scene7.com/is/image/Target/GUEST_aa3733ec-9b12-472f-9686-4392e26976a5?wid=1200&hei=1200&qlt=85 | https://target.scene7.com/is/image/Target/GUEST_8e4934f4-eff5-4e56-a50a-128fa31c6849?wid=1200&hei=1200&qlt=85 | https://target.scene7.com/is/image/Target/GUEST_712c9392-216f-48ef-b0d7-660afa2e69ef?wid=1200&hei=1200&qlt=85 | https://target.scene7.com/is/image/Target/GUEST_5e55a3c2-a73b-4c10-a82e-a77cf4a8431c?wid=1200&hei=1200&qlt=85 | https://target.scene7.com/is/image/Target/GUEST_a29e3eb0-c810-42b7-a423-8f3394a03687?wid=1200&hei=1200&qlt=85,Sunflower Phone Purse; Front Phone Pocket; Compact Yet Spacious; Dimensions: Measuring 5.5” (L) x 1.21” (W) x 7.81” (H),,Leather,"{""H"": ""7.4"", ""W"": ""1.73"", ""D"": ""8.23""}",7.4 inches (H) x 1.73 inches (W) x 8.23 inches (D),Lightweight,Multiple Compartments,No Compartments or Pockets,Zip Closure,Shoulder Strap,2 x 2 Rib,Spot or Wipe Clean,imported,750769368582,,"{""Dimensions (Overall)"": ""7.4 inches (H) x 1.73 inches (W) x 8.23 inches (D)"", ""Shell Material"": ""Leather"", ""Bag Structure"": ""Lightweight"", ""Interior Features"": ""Multiple Compartments"", ""Exterior Features"": ""No Compartments or Pockets"", ""Main Compartment Closure"": ""Zip Closure"", ""Handle Type"": ""Shoulder Strap"", ""Fabric Name"": ""2 x 2 Rib"", ""Care & Cleaning"": ""Spot or Wipe Clean"", ""TCIN"": ""1009407598"", ""UPC"": ""750769368582"", ""Origin"": ""imported""}",True,2026-02-23T00:52:28.420351
1009498117,Narwey Women Crossbody Bag Leather Handbag Pocketbook Lightweight Shoulder Purse,https://www.target.com/p/narwey-women-crossbody-bag-leather-handbag-pocketbook-lightweight-shoulder-purse/-/A-1009498117#lnk=sametab,Narwey,"Target > Clothing, Shoes & Accessories > Accessories > Handbags & Purses",Handbags & Purses,81.99,89.99,8.9,True,0.0,0,,False,,,https://target.scene7.com/is/image/Target/GUEST_a600cd57-51ab-42af-ba46-2ec153e98184?wid=1200&hei=1200&qlt=85 | https://target.scene7.com/is/image/Target/GUEST_2b6efbb3-5b28-4780-aca0-5661acf14fbc?wid=1200&hei=1200&qlt=85 | https://target.scene7.com/is/image/Target/GUEST_7bb27cba-302d-49fb-a277-e28da9902482?wid=1200&hei=1200&qlt=85 | https://target.scene7.com/is/image/Target/GUEST_4477ce2f-9a29-42aa-9637-ab8ef77e2093?wid=1200&hei=1200&qlt=85 | https://target.scene7.com/is/image/Target/GUEST_6e0fb257-48cb-4019-a851-33a04b069806?wid=1200&hei=1200&qlt=85,Material: Made of soft and durable waterproof vegan leather; Dimension: 10.6*5.5*7.5 inches; This shoulder bag from MINTEGRA has 3 front zipper pockets; This stylish shoulder bag includes an adjustable long shoulder strap,,TPU (Thermoplastic Polyurethane),"{""H"": ""10.6"", ""W"": ""5.5"", ""D"": ""7.4""}",10.6 inches (H) x 5.5 inches (W) x 7.4 inches (D),Dome,Multiple Compartments,Front Pocket,Zip Closure,Adjustable Shoulder Strap,2 x 2 Rib,Do Not Wash,imported,995138930629,,"{""Dimensions (Overall)"": ""10.6 inches (H) x 5.5 inches (W) x 7.4 inches (D)"", ""Shell Material"": ""TPU (Thermoplastic Polyurethane)"", ""Bag Structure"": ""Dome"", ""Interior Features"": ""Multiple Compartments"", ""Exterior Features"": ""Front Pocket"", ""Main Compartment Closure"": ""Zip Closure"", ""Handle Type"": ""Adjustable Shoulder Strap"", ""Fabric Name"": ""2 x 2 Rib"", ""Care & Cleaning"": ""Do Not Wash"", ""TCIN"": ""1009498117"", ""UPC"": ""995138930629"", ""Origin"": ""imported""}",True,2026-02-23T00:52:28.420351
1009319341,Narwey Women Purses and Handbags,https://www.target.com/p/narwey-women-purses-and-handbags/-/A-1009319341#lnk=sametab,Narwey,"Target > Clothing, Shoes & Accessories > Accessories > Handbags & Purses > Mini Bags",Mini Bags,53.99,65.99,18.2,True,0.0,0,,False,,,https://target.scene7.com/is/image/Target/GUEST_f233c4f5-bf65-43d6-8cb9-3324e9558f45?wid=1200&hei=1200&qlt=85 | https://target.scene7.com/is/image/Target/GUEST_0e054285-185c-4e63-8187-4023bc270be7?wid=1200&hei=1200&qlt=85 | https://target.scene7.com/is/image/Target/GUEST_df36c51c-e012-4e32-8613-8bc6a3503dec?wid=1200&hei=1200&qlt=85 | https://target.scene7.com/is/image/Target/GUEST_fdfcba1f-993e-4634-8f0b-2977578cb927?wid=1200&hei=1200&qlt=85 | https://target.scene7.com/is/image/Target/GUEST_44fec454-20bf-42b7-bb4b-4026ad19d3a2?wid=1200&hei=1200&qlt=85,"UTILITY: Shoulder Purse, Handbag; DIMENSIONS:; INTERNAL:7 Pockets; OCCASION: Classic design",,Leather,"{""H"": ""5.1"", ""W"": ""8.3"", ""D"": ""11.8""}",5.1 inches (H) x 8.3 inches (W) x 11.8 inches (D),Lightweight,Multiple Compartments,No Compartments or Pockets,Zip Closure,Shoulder Strap,1 x 1 Rib,Dry Clean,imported,743873330521,,"{""Dimensions (Overall)"": ""5.1 inches (H) x 8.3 inches (W) x 11.8 inches (D)"", ""Shell Material"": ""Leather"", ""Bag Structure"": ""Lightweight"", ""Interior Features"": ""Multiple Compartments"", ""Exterior Features"": ""No Compartments or Pockets"", ""Main Compartment Closure"": ""Zip Closure"", ""Handle Type"": ""Shoulder Strap"", ""Fabric Name"": ""1 x 1 Rib"", ""Care & Cleaning"": ""Dry Clean"", ""TCIN"": ""1009319341"", ""UPC"": ""743873330521"", ""Origin"": ""imported""}",True,2026-02-23T00:52:28.420351
1009503029,Narwey Women Small Crossbody Bag Lightweight Shoulder Purses Multi Zipper Pockets Phone,https://www.target.com/p/narwey-women-small-crossbody-bag-lightweight-shoulder-purses-multi-zipper-pockets-phone/-/A-1009503029#lnk=sametab,Narwey,"Target > Clothing, Shoes & Accessories > Accessories > Handbags & Purses",Handbags & Purses,48.99,54.99,10.9,True,0.0,0,,False,,,https://target.scene7.com/is/image/Target/GUEST_fd98fc42-4e88-4aaf-adcb-c910756c4bf4?wid=1200&hei=1200&qlt=85 | https://target.scene7.com/is/image/Target/GUEST_fb9a14dd-916b-49cc-b938-0aeae62e184f?wid=1200&hei=1200&qlt=85 | https://target.scene7.com/is/image/Target/GUEST_552baa86-6922-4292-bf2c-c254982745ee?wid=1200&hei=1200&qlt=85 | https://target.scene7.com/is/image/Target/GUEST_edcef32f-e0df-4b53-9b60-c795b73ed8a2?wid=1200&hei=1200&qlt=85 | https://target.scene7.com/is/image/Target/GUEST_0903ee87-3c23-4520-bfd8-73cf024942d0?wid=1200&hei=1200&qlt=85,"This crossbody bag for women is made of Soft PU leather; 7""W x 9""H x 1.25""D; Exterior: 2x front zipper pockets; Interior; Zipper closure & gold-tone hardware & detachable long shoulder strap",,TPU (Thermoplastic Polyurethane),"{""H"": ""7"", ""W"": ""1.25"", ""D"": ""9""}",7 inches (H) x 1.25 inches (W) x 9 inches (D),Dome,Multiple Compartments,Adjustable Shoulder Strap,Zip Closure,Carrying Handle,2 x 2 Rib,Do Not Wash,imported,765639975586,,"{""Dimensions (Overall)"": ""7 inches (H) x 1.25 inches (W) x 9 inches (D)"", ""Shell Material"": ""TPU (Thermoplastic Polyurethane)"", ""Bag Structure"": ""Dome"", ""Interior Features"": ""Multiple Compartments"", ""Exterior Features"": ""Adjustable Shoulder Strap"", ""Main Compartment Closure"": ""Zip Closure"", ""Handle Type"": ""Carrying Handle"", ""Fabric Name"": ""2 x 2 Rib"", ""Care & Cleaning"": ""Do Not Wash"", ""TCIN"": ""1009503029"", ""UPC"": ""765639975586"", ""Origin"": ""imported""}",True,2026-02-23T00:52:28.420351
1009499776,"Narwey Small Crossbody Bags for Women Trendy, Leather Crossbody Phone Purses",https://www.target.com/p/narwey-small-crossbody-bags-for-women-trendy-leather-crossbody-phone-purses/-/A-1009499776#lnk=sametab,Narwey,"Target > Clothing, Shoes & Accessories > Accessories > Handbags & Purses > Crossbody & Messenger Bags",Crossbody & Messenger Bags,42.99,59.99,28.3,True,0.0,0,,False,,,https://target.scene7.com/is/image/Target/GUEST_f965af1e-4c5d-4a0e-b6ab-9489b7b646c0?wid=1200&hei=1200&qlt=85 | https://target.scene7.com/is/image/Target/GUEST_e8cfbcb5-5f68-425a-8b93-194d5966b3a8?wid=1200&hei=1200&qlt=85 | https://target.scene7.com/is/image/Target/GUEST_911c161a-54b4-4862-868d-9c83fe8e97d2?wid=1200&hei=1200&qlt=85 | https://target.scene7.com/is/image/Target/GUEST_ff9edd5b-e48d-4281-8a67-a1d5823f8c57?wid=1200&hei=1200&qlt=85 | https://target.scene7.com/is/image/Target/GUEST_de45dcaa-cda4-42e9-988d-766ceb1bfb21?wid=1200&hei=1200&qlt=85,Sunflower Phone Purse; Front Phone Pocket; Compact Yet Spacious; Dimensions,,Leather,"{""H"": ""7.2"", ""W"": ""1.73"", ""D"": ""8.31""}",7.2 inches (H) x 1.73 inches (W) x 8.31 inches (D),Lightweight,Multiple Compartments,No Compartments or Pockets,Zip Closure,Shoulder Strap,1 x 1 Rib,Spot or Wipe Clean,imported,681206536762,,"{""Dimensions (Overall)"": ""7.2 inches (H) x 1.73 inches (W) x 8.31 inches (D)"", ""Shell Material"": ""Leather"", ""Bag Structure"": ""Lightweight"", ""Interior Features"": ""Multiple Compartments"", ""Exterior Features"": ""No Compartments or Pockets"", ""Main Compartment Closure"": ""Zip Closure"", ""Handle Type"": ""Shoulder Strap"", ""Fabric Name"": ""1 x 1 Rib"", ""Care & Cleaning"": ""Spot or Wipe Clean"", ""TCIN"": ""1009499776"", ""UPC"": ""681206536762"", ""Origin"": ""imported""}",True,2026-02-23T00:53:05.690645
1009854697,Sherpani Mei Anti Theft Crossbody Purse,https://www.target.com/p/sherpani-mei-anti-theft-crossbody-purse/-/A-1009854697?preselect=1009801902#lnk=sametab,Sherpani,"Target > Clothing, Shoes & Accessories > Accessories > Handbags & Purses > Shoulder Bags",Shoulder Bags,80.0,0.0,0.0,False,0.0,0,,False,aloe mist,,https://target.scene7.com/is/image/Target/GUEST_60869a7a-c4c1-4f26-8e89-dde22a66ba0d?wid=1200&hei=1200&qlt=85 | https://target.scene7.com/is/image/Target/GUEST_991028c6-6853-4ced-8428-74b4dc023441?wid=1200&hei=1200&qlt=85 | https://target.scene7.com/is/image/Target/GUEST_a4671818-ade7-4eda-a813-1d4b97354aca?wid=1200&hei=1200&qlt=85 | https://target.scene7.com/is/image/Target/GUEST_81dfb7cc-da5a-4331-8eb2-7e6caa0817ae?wid=1200&hei=1200&qlt=85 | https://target.scene7.com/is/image/Target/GUEST_af242315-1f3d-4ca0-938b-1512736a7cc7?wid=1200&hei=1200&qlt=85,"FUNCTIONAL DESIGN - The Mei crossbody offers unbeatable organization with a front zipper pocket, two internal dividers, an interior zipper pocket, and a convenient key leash attachment. The sophisticated look of the Mei is even more elevated by stylish gunmetal hardware accents.; UNIQUE MATERIAL - 100% Recycled Dope Dyed Polyester fabric makes up this lightweight, water-resistant, and durable design. The light-colored interior lining allows for better visibility when rummaging inside. Each Mei repurposes 16 plastic bottles that were otherwise bound for the ocean!; COMFORT & FIT - The Mei's strap adjusts up to 56 inches, allowing you to effortlessly switch from a shoulder bag to a crossbody bag depending on where your day takes you. We offer our bags in a variety of expressive colors, allowing you to express yourself, whether you use them for vacation, work, travel, business, shopping, or daily activities. Perfect as a gift for family, friends, and colleagues.; ANTI THEFT FEATURES - This bag is equipped with RFID protection, tunnel locks for the exterior zipper pockets, a clip lock for the main compartment, and a wire-loop chair lock system. The bottom of the bag and the crossbody strap have been reinforced with wireless, anti-slash fabric for ultimate peace of mind; WARRANTY & DIMENSIONS - All Sherpani bags are covered by our Fearless Lifetime Warranty. Contact us for more information or to submit a warranty claim. Dimensions: 9.5'' x 7.5'' x 3.5"", Weight: 9 oz., Capacity: 4 L",,Polyester,"{""H"": ""9.5"", ""W"": ""3.5"", ""D"": ""7.5""}",9.5 inches (H) x 3.5 inches (W) x 7.5 inches (D),Lightweight,Multiple Compartments,Front Pocket,Zip Closure,Polyester,Canvas,Spot or Wipe Clean,imported,810149723827,,"{""Dimensions (Overall)"": ""9.5 inches (H) x 3.5 inches (W) x 7.5 inches (D)"", ""Shell Material"": ""100% Recycled Polyester"", ""Bag Structure"": ""Lightweight"", ""Interior Features"": ""Multiple Compartments"", ""Exterior Features"": ""Front Pocket"", ""Main Compartment Closure"": ""Zip Closure"", ""Handle Type"": ""Adjustable Shoulder Strap"", ""Fabric Name"": ""Canvas"", ""Handle Material"": ""Polyester"", ""Fits Laptop"": ""No Laptop Pocket"", ""Travel Security Features"": ""TSA Compliant"", ""Product Name"": ""Sherpani Mei Anti Theft Crossbody Purse"", ""Battery"": ""No Battery Used"", ""Care & Cleaning"": ""Spot or Wipe Clean"", ""TCIN"": ""1009801902"", ""UPC"": ""810149723827"", ""Origin"": ""imported""}",True,2026-02-23T00:53:05.690645
1009620251,"Narwey Small Purses for Women, Travel Purses Anti Theft Crossbody Bags",https://www.target.com/p/narwey-small-purses-for-women-travel-purses-anti-theft-crossbody-bags/-/A-1009620251#lnk=sametab,Narwey,"Target > Clothing, Shoes & Accessories > Accessories > Handbags & Purses > Shoulder Bags",Shoulder Bags,51.99,69.99,25.7,True,0.0,0,,False,,,https://target.scene7.com/is/image/Target/GUEST_a757b94c-268f-40bc-b109-d57f67ead310?wid=1200&hei=1200&qlt=85 | https://target.scene7.com/is/image/Target/GUEST_f467a6ef-5fc2-46c4-bebd-c78a729be24a?wid=1200&hei=1200&qlt=85 | https://target.scene7.com/is/image/Target/GUEST_1bf7cbe6-f2a5-467f-951c-fe7cd5fe8ee2?wid=1200&hei=1200&qlt=85 | https://target.scene7.com/is/image/Target/GUEST_6b874cfe-76c3-4064-b0f6-7679a189294c?wid=1200&hei=1200&qlt=85 | https://target.scene7.com/is/image/Target/GUEST_f8e81019-9749-444b-9b40-c0bcbd846231?wid=1200&hei=1200&qlt=85,Crossbody Purse Bag; Safe Zipper Closure; Adjustable & Detachable Strap; Great Practical Gifts,,Leather,"{""H"": ""7.13"", ""W"": ""2.64"", ""D"": ""10.28""}",7.13 inches (H) x 2.64 inches (W) x 10.28 inches (D),Lightweight,Magazine Pocket,Zip Pocket,Zip Closure,Shoulder Strap,1 x 1 Rib,Spot or Wipe Clean,imported,960483841166,,"{""Dimensions (Overall)"": ""7.13 inches (H) x 2.64 inches (W) x 10.28 inches (D)"", ""Shell Material"": ""Leather"", ""Bag Structure"": ""Lightweight"", ""Interior Features"": ""Magazine Pocket"", ""Exterior Features"": ""Zip Pocket"", ""Main Compartment Closure"": ""Zip Closure"", ""Handle Type"": ""Shoulder Strap"", ""Fabric Name"": ""1 x 1 Rib"", ""Care & Cleaning"": ""Spot or Wipe Clean"", ""TCIN"": ""1009620251"", ""UPC"": ""960483841166"", ""Origin"": ""imported""}",True,2026-02-23T00:53:05.690645
1009630805,Narwey Purses for Women Hobo Bags Tote Handbags Shoulder Satchel Bag for Gift Travel Casual Work MWC-047BR,https://www.target.com/p/narwey-purses-for-women-hobo-bags-tote-handbags-shoulder-satchel-bag-for-gift-travel-casual-work-mwc-047br/-/A-1009630805#lnk=sametab,Narwey,"Target > Clothing, Shoes & Accessories > Accessories > Handbags & Purses > Shoulder Bags",Shoulder Bags,43.99,49.99,12.0,True,0.0,0,,False,,,https://target.scene7.com/is/image/Target/GUEST_38ac84bb-c694-4723-8ec7-f5c110b7c46c?wid=1200&hei=1200&qlt=85 | https://target.scene7.com/is/image/Target/GUEST_f5762d0e-a44c-4586-bdfd-98116d58fac2?wid=1200&hei=1200&qlt=85 | https://target.scene7.com/is/image/Target/GUEST_712c15f3-d3f4-4c40-9ef1-a56a3f6bab4c?wid=1200&hei=1200&qlt=85 | https://target.scene7.com/is/image/Target/GUEST_b57c3201-67af-4d37-9c0f-13a8f0b95aa7?wid=1200&hei=1200&qlt=85 | https://target.scene7.com/is/image/Target/GUEST_f29e1597-a5c2-4f5e-bc15-69bb4d634c55?wid=1200&hei=1200&qlt=85,Chic & Stylish; Large Capacity; Quality Material; Multiple Occasions,,,{},,,,,,,,,imported,763145179405,,"{""TCIN"": ""1009630805"", ""UPC"": ""763145179405"", ""Origin"": ""imported""}",True,2026-02-23T00:53:05.690645
1009617678,Narwey Straw Clutch Purses for Women Formal Party Clutch Bags Cocktail,https://www.target.com/p/narwey-straw-clutch-purses-for-women-formal-party-clutch-bags-cocktail/-/A-1009617678#lnk=sametab,Narwey,"Target > Clothing, Shoes & Accessories > Accessories > Handbags & Purses > Shoulder Bags",Shoulder Bags,57.99,69.99,17.1,True,0.0,0,,False,,,https://target.scene7.com/is/image/Target/GUEST_7d99f8fe-b301-41a5-947d-365181be26e3?wid=1200&hei=1200&qlt=85 | https://target.scene7.com/is/image/Target/GUEST_59a819d1-946f-4275-bc73-857bb50945d6?wid=1200&hei=1200&qlt=85 | https://target.scene7.com/is/image/Target/GUEST_a314e8b7-199c-41b7-b018-5a40dca48833?wid=1200&hei=1200&qlt=85 | https://target.scene7.com/is/image/Target/GUEST_665fc17e-ec26-4eb3-a7b6-d664fc2ce0aa?wid=1200&hei=1200&qlt=85 | https://target.scene7.com/is/image/Target/GUEST_bcbb169f-893c-4151-a7e5-be2210a6d742?wid=1200&hei=1200&qlt=85,Premium Material; Versatile Carrying; Spacious Design; Perfect for Any Occasion,,Polyester,"{""H"": ""2"", ""W"": ""6.5"", ""D"": ""10""}",2 inches (H) x 6.5 inches (W) x 10 inches (D),Lightweight,Multiple Compartments,No Compartments or Pockets,Magnetic Closure,Shoulder Strap,1 x 1 Rib,Spot or Wipe Clean,imported,921133951338,,"{""Dimensions (Overall)"": ""2 inches (H) x 6.5 inches (W) x 10 inches (D)"", ""Shell Material"": ""Polyester"", ""Bag Structure"": ""Lightweight"", ""Interior Features"": ""Multiple Compartments"", ""Exterior Features"": ""No Compartments or Pockets"", ""Main Compartment Closure"": ""Magnetic Closure"", ""Handle Type"": ""Shoulder Strap"", ""Fabric Name"": ""1 x 1 Rib"", ""Care & Cleaning"": ""Spot or Wipe Clean"", ""TCIN"": ""1009617678"", ""UPC"": ""921133951338"", ""Origin"": ""imported""}",True,2026-02-23T00:53:05.690645
1009620942,"Narwey Black Genuine Leather Small Crossbody Bags for Women, Cell Phone Purse",https://www.target.com/p/narwey-black-genuine-leather-small-crossbody-bags-for-women-cell-phone-purse/-/A-1009620942#lnk=sametab,Narwey,"Target > Clothing, Shoes & Accessories > Accessories > Handbags & Purses",Handbags & Purses,56.99,0.0,0.0,False,0.0,0,,False,,,https://target.scene7.com/is/image/Target/GUEST_1d52d047-702d-4f9e-8c4c-74da55540451?wid=1200&hei=1200&qlt=85 | https://target.scene7.com/is/image/Target/GUEST_17ed336d-014c-4183-bd79-d490a2e2b812?wid=1200&hei=1200&qlt=85 | https://target.scene7.com/is/image/Target/GUEST_da3c86d7-1d9e-43f0-92f6-e74bde518e51?wid=1200&hei=1200&qlt=85 | https://target.scene7.com/is/image/Target/GUEST_22366fb6-8c33-45ee-a097-423259ece27a?wid=1200&hei=1200&qlt=85 | https://target.scene7.com/is/image/Target/GUEST_c07a7b1f-65ae-494e-9d51-2bb5f961f539?wid=1200&hei=1200&qlt=85,Leather Crossbody Cell Phone Purse; Genuine Leather Material; 3 Compartments in total; oduct Measure: 8 x 5 x 1.2 inch,,TPU (Thermoplastic Polyurethane),"{""H"": ""5"", ""W"": "".5"", ""D"": ""8""}",5 inches (H) x .5 inches (W) x 8 inches (D),Softside,Multiple Compartments,No Compartments or Pockets,Button Closure,Carrying Handle,2 x 2 Rib,Do Not Wash,imported,891081531978,,"{""Dimensions (Overall)"": ""5 inches (H) x .5 inches (W) x 8 inches (D)"", ""Shell Material"": ""TPU (Thermoplastic Polyurethane)"", ""Bag Structure"": ""Softside"", ""Interior Features"": ""Multiple Compartments"", ""Exterior Features"": ""No Compartments or Pockets"", ""Main Compartment Closure"": ""Button Closure"", ""Handle Type"": ""Carrying Handle"", ""Fabric Name"": ""2 x 2 Rib"", ""Care & Cleaning"": ""Do Not Wash"", ""TCIN"": ""1009620942"", ""UPC"": ""891081531978"", ""Origin"": ""imported""}",True,2026-02-23T00:53:05.690645
1009614227,Narwey Crossbody Bags for Women Quilted Design Puffer Bag Purse,https://www.target.com/p/narwey-crossbody-bags-for-women-quilted-design-puffer-bag-purse/-/A-1009614227#lnk=sametab,Narwey,"Target > Clothing, Shoes & Accessories > Accessories > Handbags & Purses > Totes",Totes,38.99,49.99,22.0,True,0.0,0,,False,,,https://target.scene7.com/is/image/Target/GUEST_ec33c279-13a9-43d4-9cef-1555be653f3e?wid=1200&hei=1200&qlt=85 | https://target.scene7.com/is/image/Target/GUEST_c1d2ac82-a33a-40f7-9f6e-c95baa11d4e1?wid=1200&hei=1200&qlt=85 | https://target.scene7.com/is/image/Target/GUEST_28ecb927-2f02-41ef-b7ea-238338786f69?wid=1200&hei=1200&qlt=85 | https://target.scene7.com/is/image/Target/GUEST_b50bf66c-c585-49ab-912a-d7341979b2c8?wid=1200&hei=1200&qlt=85 | https://target.scene7.com/is/image/Target/GUEST_776083cc-4cd7-4b12-9fcf-e254e6c01b4e?wid=1200&hei=1200&qlt=85,Durable and water-resistant; Long Adjustable Strap; Spacious Capacity; Stylish and Trendy,,Polyester,"{""H"": ""3"", ""W"": ""2.1"", ""D"": ""8.9""}",3 inches (H) x 2.1 inches (W) x 8.9 inches (D),Lightweight,Multiple Compartments,No Compartments or Pockets,Zip Closure,Shoulder Strap,1 x 1 Rib,Hand Wash,imported,168157201333,,"{""Dimensions (Overall)"": ""3 inches (H) x 2.1 inches (W) x 8.9 inches (D)"", ""Shell Material"": ""Polyester"", ""Bag Structure"": ""Lightweight"", ""Interior Features"": ""Multiple Compartments"", ""Exterior Features"": ""No Compartments or Pockets"", ""Main Compartment Closure"": ""Zip Closure"", ""Handle Type"": ""Shoulder Strap"", ""Fabric Name"": ""1 x 1 Rib"", ""Care & Cleaning"": ""Hand Wash"", ""TCIN"": ""1009614227"", ""UPC"": ""168157201333"", ""Origin"": ""imported""}",True,2026-02-23T00:53:05.690645
1009618318,"Narwey Small Crossbody Bags for Women, Lightweight Vegan Leather Cell Phone Purse",https://www.target.com/p/narwey-small-crossbody-bags-for-women-lightweight-vegan-leather-cell-phone-purse/-/A-1009618318#lnk=sametab,Narwey,"Target > Clothing, Shoes & Accessories > Accessories > Handbags & Purses > Shoulder Bags",Shoulder Bags,42.99,59.99,28.3,True,0.0,0,,False,,,https://target.scene7.com/is/image/Target/GUEST_308ec10f-ded0-4c33-8d7f-1e16bc649684?wid=1200&hei=1200&qlt=85 | https://target.scene7.com/is/image/Target/GUEST_fcb86e88-5fae-415a-b91d-aa2de3c752c6?wid=1200&hei=1200&qlt=85 | https://target.scene7.com/is/image/Target/GUEST_1e7003b8-6a2d-486c-9f61-fdf670fe78a1?wid=1200&hei=1200&qlt=85 | https://target.scene7.com/is/image/Target/GUEST_0692fd6a-18d3-4971-a5b8-41bad3a81724?wid=1200&hei=1200&qlt=85 | https://target.scene7.com/is/image/Target/GUEST_4e309594-3894-4094-a6cc-c96696c63a68?wid=1200&hei=1200&qlt=85,Upgraded Phone Purse; Front Phone Pocket Convenience; Spacious & Organized Design; Dimensions:,,Leather,"{""H"": ""7.01"", ""W"": ""1.73"", ""D"": ""8.27""}",7.01 inches (H) x 1.73 inches (W) x 8.27 inches (D),Lightweight,No Compartments or Pockets,No Compartments or Pockets,Zip Closure,Shoulder Strap,1 x 1 Rib,Spot or Wipe Clean,imported,351377145413,,"{""Dimensions (Overall)"": ""7.01 inches (H) x 1.73 inches (W) x 8.27 inches (D)"", ""Shell Material"": ""Leather"", ""Bag Structure"": ""Lightweight"", ""Interior Features"": ""No Compartments or Pockets"", ""Exterior Features"": ""No Compartments or Pockets"", ""Main Compartment Closure"": ""Zip Closure"", ""Handle Type"": ""Shoulder Strap"", ""Fabric Name"": ""1 x 1 Rib"", ""Care & Cleaning"": ""Spot or Wipe Clean"", ""TCIN"": ""1009618318"", ""UPC"": ""351377145413"", ""Origin"": ""imported""}",True,2026-02-23T00:53:05.690645
1009619671,"Narwey Purses and Handbags for Women, Trendy Satchel Tote Purse",https://www.target.com/p/narwey-purses-and-handbags-for-women-trendy-satchel-tote-purse/-/A-1009619671#lnk=sametab,Narwey,"Target > Clothing, Shoes & Accessories > Accessories > Handbags & Purses > Shoulder Bags",Shoulder Bags,76.99,89.99,14.4,True,0.0,0,,False,,,https://target.scene7.com/is/image/Target/GUEST_06fcbb8c-2df9-452e-bfc0-9a7308bd8467?wid=1200&hei=1200&qlt=85 | https://target.scene7.com/is/image/Target/GUEST_a31c5af8-0414-4f81-8e5b-8b603a308ea4?wid=1200&hei=1200&qlt=85 | https://target.scene7.com/is/image/Target/GUEST_7b978d9c-082d-4855-95e4-7ed925a4d31b?wid=1200&hei=1200&qlt=85 | https://target.scene7.com/is/image/Target/GUEST_ec7c7b82-14c8-4c95-bd1e-4c56774bc427?wid=1200&hei=1200&qlt=85 | https://target.scene7.com/is/image/Target/GUEST_7650e729-7846-4544-b7ec-dd80793e1ce7?wid=1200&hei=1200&qlt=85,Crafted for Effortless Elegance; Secure & Streamlined Access; Lightweight Spacious Interior; Every-Event Versatility,,Leather,"{""H"": ""11.5"", ""W"": ""2.4"", ""D"": ""14.4""}",11.5 inches (H) x 2.4 inches (W) x 14.4 inches (D),Lightweight,Multiple Compartments,No Compartments or Pockets,Zip Closure,Shoulder Strap,1 x 1 Rib,Spot or Wipe Clean,imported,329312220273,,"{""Dimensions (Overall)"": ""11.5 inches (H) x 2.4 inches (W) x 14.4 inches (D)"", ""Shell Material"": ""Leather"", ""Bag Structure"": ""Lightweight"", ""Interior Features"": ""Multiple Compartments"", ""Exterior Features"": ""No Compartments or Pockets"", ""Main Compartment Closure"": ""Zip Closure"", ""Handle Type"": ""Shoulder Strap"", ""Fabric Name"": ""1 x 1 Rib"", ""Care & Cleaning"": ""Spot or Wipe Clean"", ""TCIN"": ""1009619671"", ""UPC"": ""329312220273"", ""Origin"": ""imported""}",True,2026-02-23T00:53:05.690645
1009617818,Narwey Clutch Purse for Women Woven Evening Handbag Fashion PU Leather,https://www.target.com/p/narwey-clutch-purse-for-women-woven-evening-handbag-fashion-pu-leather/-/A-1009617818#lnk=sametab,Narwey,"Target > Clothing, Shoes & Accessories > Accessories > Handbags & Purses > Shoulder Bags",Shoulder Bags,51.99,69.99,25.7,True,0.0,0,,False,,,https://target.scene7.com/is/image/Target/GUEST_07a47234-9fb5-43e4-a61c-81e1e0022b73?wid=1200&hei=1200&qlt=85 | https://target.scene7.com/is/image/Target/GUEST_0b7814e4-f688-4b48-a24f-6516a16daee2?wid=1200&hei=1200&qlt=85 | https://target.scene7.com/is/image/Target/GUEST_03b8c98a-6139-495b-90c0-a9a9b72f6e0a?wid=1200&hei=1200&qlt=85 | https://target.scene7.com/is/image/Target/GUEST_8661830d-5c99-441f-8243-e0cdcc4ae2b8?wid=1200&hei=1200&qlt=85 | https://target.scene7.com/is/image/Target/GUEST_40174a46-163a-453b-aca7-206f0092d9c8?wid=1200&hei=1200&qlt=85,Elegant Woven Design; Seasonal and Carrying Versatility:; Size & Capacity; Versatile for Various Occasions,,Leather,"{""H"": ""8.7"", ""W"": ""1.7"", ""D"": ""13.7""}",8.7 inches (H) x 1.7 inches (W) x 13.7 inches (D),Lightweight,Multiple Compartments,No Compartments or Pockets,Button Closure,Shoulder Strap,1 x 1 Rib,Spot or Wipe Clean,imported,611957126578,,"{""Dimensions (Overall)"": ""8.7 inches (H) x 1.7 inches (W) x 13.7 inches (D)"", ""Shell Material"": ""Leather"", ""Bag Structure"": ""Lightweight"", ""Interior Features"": ""Multiple Compartments"", ""Exterior Features"": ""No Compartments or Pockets"", ""Main Compartment Closure"": ""Button Closure"", ""Handle Type"": ""Shoulder Strap"", ""Fabric Name"": ""1 x 1 Rib"", ""Care & Cleaning"": ""Spot or Wipe Clean"", ""TCIN"": ""1009617818"", ""UPC"": ""611957126578"", ""Origin"": ""imported""}",True,2026-02-23T00:53:05.690645
1009854695,Sherpani Zoom Small Crossbody Purse,https://www.target.com/p/sherpani-zoom-small-crossbody-purse/-/A-1009854695?preselect=1009815667#lnk=sametab,Sherpani,"Target > Clothing, Shoes & Accessories > Accessories > Handbags & Purses > Crossbody & Messenger Bags",Crossbody & Messenger Bags,60.0,0.0,0.0,False,0.0,0,,False,wasabi stone,,https://target.scene7.com/is/image/Target/GUEST_ea16bf06-f215-4486-abc8-b1aafd769bc8?wid=1200&hei=1200&qlt=85 | https://target.scene7.com/is/image/Target/GUEST_64813149-06a0-4545-897d-ebc898d012cd?wid=1200&hei=1200&qlt=85 | https://target.scene7.com/is/image/Target/GUEST_48d6f4d6-d801-4b8e-b001-2b01b0128db2?wid=1200&hei=1200&qlt=85 | https://target.scene7.com/is/image/Target/GUEST_97821ab6-c388-4f6b-9f99-d751db50f5a7?wid=1200&hei=1200&qlt=85 | https://target.scene7.com/is/image/Target/GUEST_86956e3c-b76e-4c69-b7c6-4af3b6c0890c?wid=1200&hei=1200&qlt=85,"FUNCTIONAL DESIGN - Compact yet organized, the Zoom features a main zip compartment with internal dividers, a front zippered pocket with a zipper lock and a slip pocket slip pocket for quick access. The Zoom wouldnâ€™t be complete without two interior zipper pockets and 2 slip pockets to keep your essentials in place; 100% RECYCLED MATERIALS - The Zoom was uniquely designed for your on-the-go lifestyle, with an ultra-compact size, bright hue, and smartly designed shape, this bag was made to move. With 100% recycled materials, the Zoom repurposes 11 plastic bottles.; COMFORT and FIT - Zoom is a little pouch and a crossbody! With RFID protection, a lot of compartments, and a removable shoulder strap, this cute little bag makes carrying our essentials as convenient as can be. The Zoom features modern color blocking and plenty of stylish color combos. Put a little pep in your step and Zoom on by; RFID PROTECTION - The interior zipper pocket at the front divider of the Zoom is equipped with RFID protection. This technology blocks the signals used in cyber theft and is the best way to protect your credit card and passport information; WARRANTY & DIMENSIONS - All of our bags come with Sherpani lifetime warranty. To submit a warranty claim or for more information contact us! Exterior Dimensions - 9"" x 6.75"" x 1"", 9.5 Oz, All-size iPhone Compatible, 1L capacity",,Polyester,"{""H"": ""9"", ""W"": ""1"", ""D"": ""6.75""}",9 inches (H) x 1 inches (W) x 6.75 inches (D),Lightweight,Multiple Compartments,Front Pocket,Zip Closure,Polyester,Canvas,Spot or Wipe Clean,imported,810149723179,,"{""Dimensions (Overall)"": ""9 inches (H) x 1 inches (W) x 6.75 inches (D)"", ""Shell Material"": ""100% Recycled Polyester"", ""Bag Structure"": ""Lightweight"", ""Interior Features"": ""Multiple Compartments"", ""Exterior Features"": ""Front Pocket"", ""Main Compartment Closure"": ""Zip Closure"", ""Handle Type"": ""Shoulder Strap"", ""Fabric Name"": ""Canvas"", ""Handle Material"": ""Polyester"", ""Fits Laptop"": ""No Laptop Pocket"", ""Travel Security Features"": ""TSA Compliant"", ""Product Name"": ""Sherpani Zoom Small Crossbody Purse"", ""Battery"": ""No Battery Used"", ""Care & Cleaning"": ""Spot or Wipe Clean"", ""TCIN"": ""1009815667"", ""UPC"": ""810149723179"", ""Origin"": ""imported""}",True,2026-02-23T00:53:05.690645
1009621537,Narwey Purses and Handbags for Women Leather Crossbody Bags Women's Tote Shoulder Bag,https://www.target.com/p/narwey-purses-and-handbags-for-women-leather-crossbody-bags-women-s-tote-shoulder-bag/-/A-1009621537#lnk=sametab,Narwey,"Target > Clothing, Shoes & Accessories > Accessories > Handbags & Purses > Shoulder Bags",Shoulder Bags,62.99,89.99,30.0,True,0.0,0,,False,,,https://target.scene7.com/is/image/Target/GUEST_66ae6db5-6318-4cbe-936b-a760cf6a0b79?wid=1200&hei=1200&qlt=85 | https://target.scene7.com/is/image/Target/GUEST_dfe83759-22e6-43db-a5e5-a1b183915224?wid=1200&hei=1200&qlt=85 | https://target.scene7.com/is/image/Target/GUEST_c71d835b-3ac9-44ac-b891-84358c51f943?wid=1200&hei=1200&qlt=85 | https://target.scene7.com/is/image/Target/GUEST_bfd32dc8-853b-4eaf-b918-b736401c0836?wid=1200&hei=1200&qlt=85 | https://target.scene7.com/is/image/Target/GUEST_2ae61169-145f-4911-9c07-f6b972d3de92?wid=1200&hei=1200&qlt=85,Different Ways to Carry; Synthetic Material; Handbags Dimensions,,Leather,"{""H"": ""9"", ""W"": ""12"", ""D"": ""5.2""}",9 inches (H) x 12 inches (W) x 5.2 inches (D),Lightweight,No Compartments or Pockets,No Compartments or Pockets,Zip Closure,No Handles or Straps,Novelty,Do Not Wash,imported,361207644429,,"{""Dimensions (Overall)"": ""9 inches (H) x 12 inches (W) x 5.2 inches (D)"", ""Shell Material"": ""Leather"", ""Bag Structure"": ""Lightweight"", ""Interior Features"": ""No Compartments or Pockets"", ""Exterior Features"": ""No Compartments or Pockets"", ""Main Compartment Closure"": ""Zip Closure"", ""Handle Type"": ""No Handles or Straps"", ""Fabric Name"": ""Novelty"", ""Care & Cleaning"": ""Do Not Wash"", ""TCIN"": ""1009621537"", ""UPC"": ""361207644429"", ""Origin"": ""imported""}",True,2026-02-23T00:53:05.690645
1009618091,"Narwey Small Puffer Crescent Shoulder Bag for Women, Nylon Quilted Shoulder Purses",https://www.target.com/p/narwey-small-puffer-crescent-shoulder-bag-for-women-nylon-quilted-shoulder-purses/-/A-1009618091#lnk=sametab,Narwey,"Target > Clothing, Shoes & Accessories > Accessories > Handbags & Purses > Shoulder Bags",Shoulder Bags,76.99,89.99,14.4,True,0.0,0,,False,,,https://target.scene7.com/is/image/Target/GUEST_3fef92f2-fef1-4fc1-8ce2-36b39c1ad8bc?wid=1200&hei=1200&qlt=85 | https://target.scene7.com/is/image/Target/GUEST_5c1d3b80-2623-43bb-8f38-a44f603ef68d?wid=1200&hei=1200&qlt=85 | https://target.scene7.com/is/image/Target/GUEST_110623e8-c954-4a68-8811-33741c941b5b?wid=1200&hei=1200&qlt=85 | https://target.scene7.com/is/image/Target/GUEST_304056ad-ca72-425c-bcd9-ed8aaa02e6dc?wid=1200&hei=1200&qlt=85 | https://target.scene7.com/is/image/Target/GUEST_c45d49cb-e610-461b-bec6-18ab166691e6?wid=1200&hei=1200&qlt=85,✅Premium Craftsmanship; ✅Comfy & Multi-Functional; ✅Trend-Setting Style; ✅Organized & Spacious,,Nylon,"{""H"": ""11.02"", ""W"": ""4.33"", ""D"": ""11.22""}",11.02 inches (H) x 4.33 inches (W) x 11.22 inches (D),Lightweight,Multiple Compartments,No Compartments or Pockets,Zip Closure,Shoulder Strap,1 x 1 Rib,Hand Wash,imported,611957126608,,"{""Dimensions (Overall)"": ""11.02 inches (H) x 4.33 inches (W) x 11.22 inches (D)"", ""Shell Material"": ""Nylon"", ""Bag Structure"": ""Lightweight"", ""Interior Features"": ""Multiple Compartments"", ""Exterior Features"": ""No Compartments or Pockets"", ""Main Compartment Closure"": ""Zip Closure"", ""Handle Type"": ""Shoulder Strap"", ""Fabric Name"": ""1 x 1 Rib"", ""Care & Cleaning"": ""Hand Wash"", ""TCIN"": ""1009618091"", ""UPC"": ""611957126608"", ""Origin"": ""imported""}",True,2026-02-23T00:53:05.690645
1009616733,"Narwey Clear Crossbody Bag Stadium Approved, Clear Purse for Women Men, Transparent Messenger Shoulder Handbag",https://www.target.com/p/narwey-clear-crossbody-bag-stadium-approved-clear-purse-for-women-men-transparent-messenger-shoulder-handbag/-/A-1009616733#lnk=sametab,Narwey,"Target > Clothing, Shoes & Accessories > Accessories > Handbags & Purses > Crossbody & Messenger Bags",Crossbody & Messenger Bags,16.79,28.99,42.1,True,0.0,0,,False,,,https://target.scene7.com/is/image/Target/GUEST_5c0aa81a-a1c1-4f39-b949-c75c86ae9143?wid=1200&hei=1200&qlt=85 | https://target.scene7.com/is/image/Target/GUEST_d9bbaf39-832d-45ef-8f82-1f70f741b8eb?wid=1200&hei=1200&qlt=85 | https://target.scene7.com/is/image/Target/GUEST_9e0f7add-081f-4e19-9b37-a12408e409bb?wid=1200&hei=1200&qlt=85 | https://target.scene7.com/is/image/Target/GUEST_e350ccf8-747a-4ceb-93c1-2506b947c37f?wid=1200&hei=1200&qlt=85,Adjustable Shoulder Strap; Stadium Approved Size; Quick and Easy Security Checks; Long-Lasting and Easy to Clean; Versatile Style Design,,PVC (Polyvinyl Chloride),"{""H"": ""5.5"", ""W"": ""1.5"", ""D"": ""8""}",5.5 inches (H) x 1.5 inches (W) x 8 inches (D),Lightweight,No Compartments or Pockets,No Compartments or Pockets,Zip Closure,No Handles or Straps,Novelty,Do Not Wash,imported,656547412594,,"{""Dimensions (Overall)"": ""5.5 inches (H) x 1.5 inches (W) x 8 inches (D)"", ""Shell Material"": ""PVC (Polyvinyl Chloride)"", ""Bag Structure"": ""Lightweight"", ""Interior Features"": ""No Compartments or Pockets"", ""Exterior Features"": ""No Compartments or Pockets"", ""Main Compartment Closure"": ""Zip Closure"", ""Handle Type"": ""No Handles or Straps"", ""Fabric Name"": ""Novelty"", ""Care & Cleaning"": ""Do Not Wash"", ""TCIN"": ""1009616733"", ""UPC"": ""656547412594"", ""Origin"": ""imported""}",True,2026-02-23T00:53:05.690645
1009614645,Narwey Women Elegant Faux Leather Evening Envelope Clutch Purse Foldover Bags,https://www.target.com/p/narwey-women-elegant-faux-leather-evening-envelope-clutch-purse-foldover-bags/-/A-1009614645#lnk=sametab,Narwey,"Target > Clothing, Shoes & Accessories > Accessories > Handbags & Purses > Shoulder Bags",Shoulder Bags,45.99,59.99,23.3,True,0.0,0,,False,,,https://target.scene7.com/is/image/Target/GUEST_82c9ac3a-c7c7-4f10-b9da-131384478f64?wid=1200&hei=1200&qlt=85 | https://target.scene7.com/is/image/Target/GUEST_4b165f3a-8956-49a0-aa40-04381891ea63?wid=1200&hei=1200&qlt=85 | https://target.scene7.com/is/image/Target/GUEST_b573a013-f4bf-4c72-ad09-51455c2a569b?wid=1200&hei=1200&qlt=85 | https://target.scene7.com/is/image/Target/GUEST_e6539d79-9ce7-41b9-adfa-1ebdfefe6f05?wid=1200&hei=1200&qlt=85 | https://target.scene7.com/is/image/Target/GUEST_7ce7f8a1-eb9d-4df0-819c-1e15505d2741?wid=1200&hei=1200&qlt=85,CLASSIC & SPACIOUS DESIGN; MATERIAL; DIMENSION; GREAT GIFT,,Leather,"{""H"": ""9"", ""W"": ""2"", ""D"": ""6.5""}",9 inches (H) x 2 inches (W) x 6.5 inches (D),Lightweight,Multiple Compartments,No Compartments or Pockets,Magnetic Closure,Shoulder Strap,1 x 1 Rib,Spot or Wipe Clean,imported,159230177799,,"{""Dimensions (Overall)"": ""9 inches (H) x 2 inches (W) x 6.5 inches (D)"", ""Shell Material"": ""Leather"", ""Bag Structure"": ""Lightweight"", ""Interior Features"": ""Multiple Compartments"", ""Exterior Features"": ""No Compartments or Pockets"", ""Main Compartment Closure"": ""Magnetic Closure"", ""Handle Type"": ""Shoulder Strap"", ""Fabric Name"": ""1 x 1 Rib"", ""Care & Cleaning"": ""Spot or Wipe Clean"", ""TCIN"": ""1009614645"", ""UPC"": ""159230177799"", ""Origin"": ""imported""}",True,2026-02-23T00:53:05.690645
1009614409,Narwey Crossbody Bag for Women Washed Soft Leather Multi Pocket Purses,https://www.target.com/p/narwey-crossbody-bag-for-women-washed-soft-leather-multi-pocket-purses/-/A-1009614409#lnk=sametab,Narwey,"Target > Clothing, Shoes & Accessories > Accessories > Handbags & Purses > Shoulder Bags",Shoulder Bags,63.99,79.99,20.0,True,0.0,0,,False,,,https://target.scene7.com/is/image/Target/GUEST_fffe73af-0740-4c41-b7eb-9c912d81ea02?wid=1200&hei=1200&qlt=85 | https://target.scene7.com/is/image/Target/GUEST_075e3aa6-f287-4787-9fc0-493eaa8adf1c?wid=1200&hei=1200&qlt=85 | https://target.scene7.com/is/image/Target/GUEST_87a4f76f-06d5-47e3-a8e5-d4ce513ca551?wid=1200&hei=1200&qlt=85 | https://target.scene7.com/is/image/Target/GUEST_913c6650-f58b-4ffb-92c4-83e8a37b6301?wid=1200&hei=1200&qlt=85 | https://target.scene7.com/is/image/Target/GUEST_0125a168-631f-4451-aba9-76eedae464ca?wid=1200&hei=1200&qlt=85,This multi-functional crossbody purse; Women's crossbody bag; Multibag crossbody purse; Cross-body bag,,Leather,"{""H"": ""10"", ""W"": ""1.5"", ""D"": ""10""}",10 inches (H) x 1.5 inches (W) x 10 inches (D),Lightweight,Multiple Compartments,Zip Pocket,Zip Closure,Shoulder Strap,1 x 1 Rib,Spot or Wipe Clean,imported,826927588861,,"{""Dimensions (Overall)"": ""10 inches (H) x 1.5 inches (W) x 10 inches (D)"", ""Shell Material"": ""Leather"", ""Bag Structure"": ""Lightweight"", ""Interior Features"": ""Multiple Compartments"", ""Exterior Features"": ""Zip Pocket"", ""Main Compartment Closure"": ""Zip Closure"", ""Handle Type"": ""Shoulder Strap"", ""Fabric Name"": ""1 x 1 Rib"", ""Care & Cleaning"": ""Spot or Wipe Clean"", ""TCIN"": ""1009614409"", ""UPC"": ""826927588861"", ""Origin"": ""imported""}",True,2026-02-23T00:53:05.690645
1009854689,Sherpani Zoom Small Crossbody Purse,https://www.target.com/p/sherpani-zoom-small-crossbody-purse/-/A-1009854689?preselect=1009815676#lnk=sametab,Sherpani,"Target > Clothing, Shoes & Accessories > Accessories > Handbags & Purses > Crossbody & Messenger Bags",Crossbody & Messenger Bags,60.0,0.0,0.0,False,0.0,0,,False,raven,,https://target.scene7.com/is/image/Target/GUEST_3e79979b-d696-4b97-9770-fed8999587fb?wid=1200&hei=1200&qlt=85 | https://target.scene7.com/is/image/Target/GUEST_4fc37ff0-3c94-4a0b-93e9-e93b1d4d314e?wid=1200&hei=1200&qlt=85 | https://target.scene7.com/is/image/Target/GUEST_1023d3c4-6ad4-4b79-91b4-47a28c923c3b?wid=1200&hei=1200&qlt=85 | https://target.scene7.com/is/image/Target/GUEST_a20a779b-ff20-4223-9001-ece239c05aa6?wid=1200&hei=1200&qlt=85 | https://target.scene7.com/is/image/Target/GUEST_4c1bc61f-8919-4761-aa3a-7f7a34f2b325?wid=1200&hei=1200&qlt=85,"FUNCTIONAL DESIGN - Compact yet organized, the Zoom features a main zip compartment with internal dividers, a front zippered pocket with a zipper lock and a slip pocket slip pocket for quick access. The Zoom wouldnâ€™t be complete without two interior zipper pockets and 2 slip pockets to keep your essentials in place; 100% RECYCLED MATERIALS - The Zoom was uniquely designed for your on-the-go lifestyle, with an ultra-compact size, bright hue, and smartly designed shape, this bag was made to move. With 100% recycled materials, the Zoom repurposes 11 plastic bottles.; COMFORT and FIT - Zoom is a little pouch and a crossbody! With RFID protection, a lot of compartments, and a removable shoulder strap, this cute little bag makes carrying our essentials as convenient as can be. The Zoom features modern color blocking and plenty of stylish color combos. Put a little pep in your step and Zoom on by; RFID PROTECTION - The interior zipper pocket at the front divider of the Zoom is equipped with RFID protection. This technology blocks the signals used in cyber theft and is the best way to protect your credit card and passport information; WARRANTY & DIMENSIONS - All of our bags come with Sherpani lifetime warranty. To submit a warranty claim or for more information contact us! Exterior Dimensions - 9"" x 6.75"" x 1"", 9.5 Oz, All-size iPhone Compatible, 1L capacity",,Polyester,"{""H"": ""9"", ""W"": ""1"", ""D"": ""6.75""}",9 inches (H) x 1 inches (W) x 6.75 inches (D),Lightweight,Multiple Compartments,Front Pocket,Zip Closure,Polyester,Canvas,Spot or Wipe Clean,imported,810149724589,,"{""Dimensions (Overall)"": ""9 inches (H) x 1 inches (W) x 6.75 inches (D)"", ""Shell Material"": ""100% Recycled Polyester"", ""Bag Structure"": ""Lightweight"", ""Interior Features"": ""Multiple Compartments"", ""Exterior Features"": ""Front Pocket"", ""Main Compartment Closure"": ""Zip Closure"", ""Handle Type"": ""Shoulder Strap"", ""Fabric Name"": ""Canvas"", ""Handle Material"": ""Polyester"", ""Fits Laptop"": ""No Laptop Pocket"", ""Travel Security Features"": ""TSA Compliant"", ""Product Name"": ""Sherpani Zoom Small Crossbody Purse"", ""Battery"": ""No Battery Used"", ""Care & Cleaning"": ""Spot or Wipe Clean"", ""TCIN"": ""1009815676"", ""UPC"": ""810149724589"", ""Origin"": ""imported""}",True,2026-02-23T00:53:05.690645
1009615937,Narwey Women's Handbag Flap-over Belt Shoulder Bag Top Handle Tote Satchel Purse Work Bag w/Matching Wristlet (Teal),https://www.target.com/p/narwey-women-s-handbag-flap-over-belt-shoulder-bag-top-handle-tote-satchel-purse-work-bag-w-matching-wristlet-teal/-/A-1009615937#lnk=sametab,Narwey,"Target > Clothing, Shoes & Accessories > Accessories > Handbags & Purses > Shoulder Bags",Shoulder Bags,96.59,129.99,25.7,True,0.0,0,,False,,,https://target.scene7.com/is/image/Target/GUEST_9567b166-cd81-45a7-b27b-f1806ffdf59d?wid=1200&hei=1200&qlt=85 | https://target.scene7.com/is/image/Target/GUEST_c5aa3a05-a1fa-4a86-9cc6-e6bf91c42270?wid=1200&hei=1200&qlt=85 | https://target.scene7.com/is/image/Target/GUEST_2c58c794-24e4-42b0-8d88-5dc877f91a18?wid=1200&hei=1200&qlt=85 | https://target.scene7.com/is/image/Target/GUEST_2d5fedd1-f61f-44f2-8d1c-370bf16b9163?wid=1200&hei=1200&qlt=85 | https://target.scene7.com/is/image/Target/GUEST_70e1b373-e144-4fcf-a039-cc3bd97c181c?wid=1200&hei=1200&qlt=85,MATERIALS; POCKETS; FEATURES; WHAT YOU GET,,Leather,"{""H"": ""10"", ""W"": ""14.5"", ""D"": ""5""}",10 inches (H) x 14.5 inches (W) x 5 inches (D),Lightweight,No Compartments or Pockets,No Compartments or Pockets,Zip Closure,No Handles or Straps,Novelty,Do Not Wash,imported,342277173927,,"{""Dimensions (Overall)"": ""10 inches (H) x 14.5 inches (W) x 5 inches (D)"", ""Shell Material"": ""Leather"", ""Bag Structure"": ""Lightweight"", ""Interior Features"": ""No Compartments or Pockets"", ""Exterior Features"": ""No Compartments or Pockets"", ""Main Compartment Closure"": ""Zip Closure"", ""Handle Type"": ""No Handles or Straps"", ""Fabric Name"": ""Novelty"", ""Care & Cleaning"": ""Do Not Wash"", ""TCIN"": ""1009615937"", ""UPC"": ""342277173927"", ""Origin"": ""imported""}",True,2026-02-23T00:53:05.690645
1009630305,Narwey Women PU Leather Satchel Purse Vintage Small Crossbody Messenger Bag,https://www.target.com/p/narwey-women-pu-leather-satchel-purse-vintage-small-crossbody-messenger-bag/-/A-1009630305#lnk=sametab,Narwey,"Target > Clothing, Shoes & Accessories > Accessories > Handbags & Purses > Mini Bags",Mini Bags,82.99,99.99,17.0,True,0.0,0,,False,,,https://target.scene7.com/is/image/Target/GUEST_914b9780-013b-4a76-9284-320af01e475d?wid=1200&hei=1200&qlt=85 | https://target.scene7.com/is/image/Target/GUEST_386957a8-ca0d-4266-be33-c2ca4267f0f5?wid=1200&hei=1200&qlt=85 | https://target.scene7.com/is/image/Target/GUEST_91fb7274-f7a5-4af3-9e3b-4c0705a58f9e?wid=1200&hei=1200&qlt=85 | https://target.scene7.com/is/image/Target/GUEST_f40734ce-db9a-4a18-ba68-d558c3f0c189?wid=1200&hei=1200&qlt=85 | https://target.scene7.com/is/image/Target/GUEST_c14999b0-a6da-4247-9f21-a1fc5b5212ab?wid=1200&hei=1200&qlt=85,Multiple Compartment Shoulder Purse; Dimensions of crossbody purses for women; Closure; A long adjustable,,Leather,"{""H"": ""3.5"", ""W"": ""8.2"", ""D"": ""11""}",3.5 inches (H) x 8.2 inches (W) x 11 inches (D),Lightweight,Multiple Compartments,No Compartments or Pockets,Hook Closure,Shoulder Strap,1 x 1 Rib,Spot or Wipe Clean,imported,763145179337,,"{""Dimensions (Overall)"": ""3.5 inches (H) x 8.2 inches (W) x 11 inches (D)"", ""Shell Material"": ""Leather"", ""Bag Structure"": ""Lightweight"", ""Interior Features"": ""Multiple Compartments"", ""Exterior Features"": ""No Compartments or Pockets"", ""Main Compartment Closure"": ""Hook Closure"", ""Handle Type"": ""Shoulder Strap"", ""Fabric Name"": ""1 x 1 Rib"", ""Care & Cleaning"": ""Spot or Wipe Clean"", ""TCIN"": ""1009630305"", ""UPC"": ""763145179337"", ""Origin"": ""imported""}",True,2026-02-23T00:53:05.690645
1009617024,Narwey Small Crossbody Bags for Women Trendy Vegan Leather Cell Phone Bag Embossed Flower Design Wallet Purses with Adjustable Strap Brown,https://www.target.com/p/narwey-small-crossbody-bags-for-women-trendy-vegan-leather-cell-phone-bag-embossed-flower-design-wallet-purses-with-adjustable-strap-brown/-/A-1009617024#lnk=sametab,Narwey,"Target > Clothing, Shoes & Accessories > Accessories > Handbags & Purses > Shoulder Bags",Shoulder Bags,49.99,59.99,16.7,True,0.0,0,,False,,,https://target.scene7.com/is/image/Target/GUEST_62d2e00e-67bf-43b5-9a8c-c6b9f4d02b50?wid=1200&hei=1200&qlt=85 | https://target.scene7.com/is/image/Target/GUEST_11f06661-9631-4330-b2e8-f2348362a6eb?wid=1200&hei=1200&qlt=85 | https://target.scene7.com/is/image/Target/GUEST_d44ace6d-d2cd-435a-9a0d-ad1195360b5e?wid=1200&hei=1200&qlt=85 | https://target.scene7.com/is/image/Target/GUEST_ce5d41f4-fd17-4e86-9684-42bd516d85dd?wid=1200&hei=1200&qlt=85 | https://target.scene7.com/is/image/Target/GUEST_88d0f7ab-e2f2-472f-80b8-50ccc898700f?wid=1200&hei=1200&qlt=85,Embossed Flower Phone Purse; Front Phone Pocket Design; Small but Spacious Cell Phone Purse; Compact Size：Measuring 5.5 X 1.2 X 8.1 inche,,100% Recycled Polyester,"{""H"": ""5.51"", ""W"": ""1.21"", ""D"": ""8.07""}",5.51 inches (H) x 1.21 inches (W) x 8.07 inches (D),Dome,Multiple Compartments,No Compartments or Pockets,Buckle Closure,Carrying Handle,2 x 2 Rib,Do Not Wash,imported,190807921711,,"{""Dimensions (Overall)"": ""5.51 inches (H) x 1.21 inches (W) x 8.07 inches (D)"", ""Shell Material"": ""100% Recycled Polyester"", ""Bag Structure"": ""Dome"", ""Interior Features"": ""Multiple Compartments"", ""Exterior Features"": ""No Compartments or Pockets"", ""Main Compartment Closure"": ""Buckle Closure"", ""Handle Type"": ""Carrying Handle"", ""Fabric Name"": ""2 x 2 Rib"", ""Care & Cleaning"": ""Do Not Wash"", ""TCIN"": ""1009617024"", ""UPC"": ""190807921711"", ""Origin"": ""imported""}",True,2026-02-23T00:53:05.690645
91761951,Reusable Bag medium Target Run Bag Red,https://www.target.com/p/medium-target-run-bag/-/A-91761951#lnk=sametab,,"Target > Clothing, Shoes & Accessories > Accessories > Handbags & Purses",Handbags & Purses,3.0,0.0,0.0,False,4.7,109,,False,,,https://target.scene7.com/is/image/Target/GUEST_500f9ab6-20ae-4040-8989-b85caea5cff1?wid=1200&hei=1200&qlt=85 | https://target.scene7.com/is/image/Target/GUEST_c2bbf8e9-ef31-4e9c-929b-8439253351fc?wid=1200&hei=1200&qlt=85 | https://target.scene7.com/is/image/Target/GUEST_1b5cee1a-fb61-4e77-ae53-ad9010647a8e?wid=1200&hei=1200&qlt=85 | https://target.scene7.com/is/image/Target/GUEST_af22575b-7b74-4f08-8b39-1a101e6f7157?wid=1200&hei=1200&qlt=85,Target reusable shopping bag; Sturdy woven construction for lasting use; Tested and compliant load capacity of 22 lb (10 kg); Double top handles allow for easy carrying; Foldable design with hook and loop closure; Dimensions 16 in L × 6 in W × 14 in H; Spot or wipe clean for easy care,,100% Recycled Polyester,"{""H"": ""14"", ""W"": ""16"", ""D"": ""6""}",14 Inches (H) x 16 Inches (W) x 6 Inches (D),Collapsible,No Compartments or Pockets,No Compartments or Pockets,Hook and Loop Flap Closure,"Shoulder Strap, Carrying Handle",Woven,Spot or Wipe Clean,Imported,856886005970,295-00-0086,"{""Dimensions (Overall)"": ""14 Inches (H) x 16 Inches (W) x 6 Inches (D)"", ""Shell Material"": ""100% Recycled Polyester"", ""Bag Structure"": ""Collapsible"", ""Interior Features"": ""No Compartments or Pockets"", ""Exterior Features"": ""No Compartments or Pockets"", ""Main Compartment Closure"": ""Hook and Loop Flap Closure"", ""Handle Type"": ""Shoulder Strap, Carrying Handle"", ""Fabric Name"": ""Woven"", ""Care & Cleaning"": ""Spot or Wipe Clean"", ""TCIN"": ""91761951"", ""UPC"": ""856886005970"", ""Item Number (DPCI)"": ""295-00-0086"", ""Origin"": ""Imported""}",True,2026-02-23T00:53:46.886037
89489964,"Flap Cell Phone Wallet - A New Day™ Black: Shell, Snap Closure, Solid Pattern",https://www.target.com/p/flap-cell-phone-wallet-a-new-day/-/A-89489964?preselect=89393183#lnk=sametab,A New Day,"Target > Clothing, Shoes & Accessories > Accessories > Handbags & Purses > Crossbody & Messenger Bags",Crossbody & Messenger Bags,15.0,0.0,0.0,False,4.6,159,,False,Black | Brown,,https://target.scene7.com/is/image/Target/GUEST_9f0ca3ee-2634-44a9-abe4-7a96c9a64ec2?wid=1200&hei=1200&qlt=85 | https://target.scene7.com/is/image/Target/GUEST_7964ce9e-0d78-485f-85ee-ddcb99bc7e96?wid=1200&hei=1200&qlt=85 | https://target.scene7.com/is/image/Target/GUEST_ab486164-0109-49fe-ba67-36e6340841dc?wid=1200&hei=1200&qlt=85 | https://target.scene7.com/is/image/Target/GUEST_f197d3dc-4a5e-47e4-a943-9f5530ad332e?wid=1200&hei=1200&qlt=85 | https://target.scene7.com/is/image/Target/GUEST_fa1bc84e-91bd-4fb1-be8d-8e848d9d2a10?wid=1200&hei=1200&qlt=85 | https://target.scene7.com/is/image/Target/GUEST_9eacef5a-8c27-4494-a228-0e7b5ea84eee?wid=1200&hei=1200&qlt=85 | https://target.scene7.com/is/image/Target/GUEST_055b08e2-751f-4578-896c-b27866b39ded?wid=1200&hei=1200&qlt=85,Flap cellphone wallet; Multiple interior pockets; Adjustable strap for wearing crossbody style; Faux-leather exterior,,Polyurethane,"{""H"": ""5"", ""W"": ""7.5"", ""D"": ""1"", ""Maximum Strap Length"": ""56 Inches""}",5 Inches (H) x 7.5 Inches (W) x 1 Inches (D),,"Cell Phone Pocket, Credit Card Pockets","No Compartments or Pockets, Adjustable Strap",Snap closure,,,Spot or Wipe Clean,Imported,197543797419,024-04-7552,"{""Dimensions (Overall)"": ""5 Inches (H) x 7.5 Inches (W) x 1 Inches (D)"", ""Shell Material"": ""Polyurethane"", ""Interior Features"": ""Cell Phone Pocket, Credit Card Pockets"", ""Exterior Features"": ""No Compartments or Pockets, Adjustable Strap"", ""Main Compartment Closure"": ""Snap closure"", ""Maximum Strap Length"": ""56 Inches"", ""Battery"": ""No Battery Used"", ""Care & Cleaning"": ""Spot or Wipe Clean"", ""TCIN"": ""89393183"", ""UPC"": ""197543797419"", ""Item Number (DPCI)"": ""024-04-7552"", ""Origin"": ""Imported""}",True,2026-02-23T00:53:46.886037
94310271,"Everyday Crossbody Bag - Universal Thread™ Black Clear: Removable Strap, TPU Shell, Vinyl Construction",https://www.target.com/p/everyday-crossbody-bag-universal-thread/-/A-94310271?preselect=92450025#lnk=sametab,Universal Thread,"Target > Clothing, Shoes & Accessories > Accessories > Handbags & Purses > Crossbody & Messenger Bags",Crossbody & Messenger Bags,20.0,0.0,0.0,False,4.3,88,,False,Black Clear,,https://target.scene7.com/is/image/Target/GUEST_39025d97-5030-4e55-baeb-b209305fe024?wid=1200&hei=1200&qlt=85 | https://target.scene7.com/is/image/Target/GUEST_26d4a6c0-9115-479b-8ef2-37a37c413446?wid=1200&hei=1200&qlt=85 | https://target.scene7.com/is/image/Target/GUEST_63f44c35-dd54-45b4-a5b9-295262edad48?wid=1200&hei=1200&qlt=85 | https://target.scene7.com/is/image/Target/GUEST_37ef7de5-c866-469f-95df-9375bcf6c22a?wid=1200&hei=1200&qlt=85 | https://target.scene7.com/is/image/Target/GUEST_d359c35c-4bca-496b-9ceb-3d5f97344a3b?wid=1200&hei=1200&qlt=85 | https://target.scene7.com/is/image/Target/GUEST_951e088f-1aac-4758-bf4c-a0d99236bb3a?wid=1200&hei=1200&qlt=85,Universal Thread crossbody bag; Transparent design; Zippered main compartment; Back pocket; Adjustable and detachable strap,,Polyester,"{""H"": ""7"", ""W"": ""6.25"", ""D"": ""2.5"", ""Maximum Strap Length"": ""57.25 Inches""}",7 Inches (H) x 6.25 Inches (W) x 2.5 Inches (D),Unstructured,No Compartments or Pockets,"Detachable Straps, Back Pocket",Zip Closure,Polyester,Vinyl,Spot or Wipe Clean,Imported,198420263171,024-00-1025,"{""Dimensions (Overall)"": ""7 Inches (H) x 6.25 Inches (W) x 2.5 Inches (D)"", ""Shell Material"": ""TPU (Thermoplastic Polyurethane)"", ""Bag Structure"": ""Unstructured"", ""Interior Features"": ""No Compartments or Pockets"", ""Exterior Features"": ""Detachable Straps, Back Pocket"", ""Main Compartment Closure"": ""Zip Closure"", ""Handle Type"": ""Removable Strap"", ""Fabric Name"": ""Vinyl"", ""Handle Material"": ""Polyester"", ""Maximum Strap Length"": ""57.25 Inches"", ""Care & Cleaning"": ""Spot or Wipe Clean"", ""TCIN"": ""92450025"", ""UPC"": ""198420263171"", ""Item Number (DPCI)"": ""024-00-1025"", ""Origin"": ""Imported""}",True,2026-02-23T00:53:46.886037
93344260,"Clear Pouch Wristlet - A New Day™ Black: Solid TPU Shell, Zip Closure, Faux Leather, Unstructured Design, 8.75"" x 6.375""",https://www.target.com/p/clear-pouch-wristlet-a-new-day/-/A-93344260?preselect=93178685#lnk=sametab,A New Day,"Target > Clothing, Shoes & Accessories > Accessories > Handbags & Purses > Clutches",Clutches,5.0,0.0,0.0,False,4.7,170,,False,Black,,https://target.scene7.com/is/image/Target/GUEST_df01ed1a-347a-48a2-9cbd-24eefd7af32f?wid=1200&hei=1200&qlt=85 | https://target.scene7.com/is/image/Target/GUEST_b4a45504-d281-4eac-ab7e-cc09f83ca0b7?wid=1200&hei=1200&qlt=85 | https://target.scene7.com/is/image/Target/GUEST_d1ed96fd-ec86-432b-97e1-086a29f4e472?wid=1200&hei=1200&qlt=85 | https://target.scene7.com/is/image/Target/GUEST_57e8c1fb-5d40-4d67-aaac-fa0db7a01772?wid=1200&hei=1200&qlt=85 | https://target.scene7.com/is/image/Target/GUEST_eb7120fe-2654-4764-80c0-f75e17e0b3f7?wid=1200&hei=1200&qlt=85,Clear wristlet pouch; Single main compartment; Unstructured design; Zipper closure,,TPU (Thermoplastic Polyurethane),"{""H"": "".5"", ""W"": ""6.38"", ""D"": ""8.75""}",.5 Inches (H) x 6.38 Inches (W) x 8.75 Inches (D),Unstructured,No Compartments or Pockets,No Compartments or Pockets,Zip Closure,,Faux Leather,Spot or Wipe Clean,Imported,198850099784,024-04-0099,"{""Dimensions (Overall)"": "".5 Inches (H) x 6.38 Inches (W) x 8.75 Inches (D)"", ""Shell Material"": ""TPU (Thermoplastic Polyurethane)"", ""Bag Structure"": ""Unstructured"", ""Interior Features"": ""No Compartments or Pockets"", ""Exterior Features"": ""No Compartments or Pockets"", ""Main Compartment Closure"": ""Zip Closure"", ""Fabric Name"": ""Faux Leather"", ""Battery"": ""No Battery Used"", ""Care & Cleaning"": ""Spot or Wipe Clean"", ""TCIN"": ""93178685"", ""UPC"": ""198850099784"", ""Item Number (DPCI)"": ""024-04-0099"", ""Origin"": ""Imported""}",True,2026-02-23T00:53:46.886037
94669905,5pk Mesh Zip Pouch - up&up™,https://www.target.com/p/5pk-mesh-zip-pouch-up-38-up-8482/-/A-94669905#lnk=sametab,up&up,"Target > Clothing, Shoes & Accessories > Accessories > Handbags & Purses",Handbags & Purses,9.99,0.0,0.0,False,5.0,3,,False,,,https://target.scene7.com/is/image/Target/GUEST_406bbaba-2c6a-4956-8d6a-9ed8bb111443?wid=1200&hei=1200&qlt=85 | https://target.scene7.com/is/image/Target/GUEST_7c5e168e-27d6-48e5-b725-20e767e6268f?wid=1200&hei=1200&qlt=85 | https://target.scene7.com/is/image/Target/GUEST_fa147c6f-5b99-46cb-a483-284552beca05?wid=1200&hei=1200&qlt=85 | https://target.scene7.com/is/image/Target/GUEST_20bff7be-c2be-493a-a5ff-639f830b26a0?wid=1200&hei=1200&qlt=85,5ct zip-up pouches; Various colors; Mesh design; Zippered main compartment; Gold-tone zipper pull; Side loop tab; 5.5in H x 7.5in W x 2.36in D,,Nylon,"{""H"": ""5.5"", ""W"": ""7.5"", ""D"": ""2.36""}",5.5 Inches (H) x 7.5 Inches (W) x 2.36 Inches (D),Pouch,No Compartments or Pockets,No Compartments or Pockets,Zip Closure,No Handles or Straps,Mesh,Clean With Water,Imported,843718077847,081-08-8198,"{""Dimensions (Overall)"": ""5.5 Inches (H) x 7.5 Inches (W) x 2.36 Inches (D)"", ""Shell Material"": ""Nylon"", ""Bag Structure"": ""Pouch"", ""Interior Features"": ""No Compartments or Pockets"", ""Exterior Features"": ""No Compartments or Pockets"", ""Main Compartment Closure"": ""Zip Closure"", ""Handle Type"": ""No Handles or Straps"", ""Fabric Name"": ""Mesh"", ""Care & Cleaning"": ""Clean With Water"", ""TCIN"": ""94669905"", ""UPC"": ""843718077847"", ""Item Number (DPCI)"": ""081-08-8198"", ""Origin"": ""Imported""}",True,2026-02-23T00:53:46.886037
94175104,Bogg Bag Bitty Bogg Tote Bag - Beach Hydrangea: Hardside Double Handle Vinyl Bag,https://www.target.com/p/bitty-bogg-bag-tote-bag/-/A-94175104?preselect=93526156#lnk=sametab,Bogg Bag,"Target > Clothing, Shoes & Accessories > Accessories > Handbags & Purses",Handbags & Purses,55.0,0.0,0.0,False,4.7,562,,False,Beach Hydrangea,,https://target.scene7.com/is/image/Target/GUEST_0214e08c-8be6-454a-8f4e-08b26a93ddf7?wid=1200&hei=1200&qlt=85 | https://target.scene7.com/is/image/Target/GUEST_4067451e-0057-4f30-a56e-d997953e9098?wid=1200&hei=1200&qlt=85 | https://target.scene7.com/is/image/Target/GUEST_85a1e8a5-7617-4b36-99d1-106c1125b7bb?wid=1200&hei=1200&qlt=85 | https://target.scene7.com/is/image/Target/GUEST_a0cf4776-4a4e-46dd-8dce-4b3caf75b486?wid=1200&hei=1200&qlt=85 | https://target.scene7.com/is/image/Target/GUEST_36c0ad74-9cdc-4349-8dd2-c2f7b44ade9c?wid=1200&hei=1200&qlt=85 | https://target.scene7.com/is/image/Target/GUEST_bc618745-7f20-4070-83eb-58e5399e5cd0?wid=1200&hei=1200&qlt=85,"Smallest Bogg Bag, perfect for your little one to carry with ease; Light in weight with maximum durability; Ribbed, tip-proof bottom makes this bag perfect for any and all adventures; Dimensions: 11” x 9” x 4.5”",,Plastic,"{""H"": ""8.5"", ""W"": ""11"", ""D"": ""4.5"", ""Maximum Strap Length"": ""6.5 Inches""}",8.5 Inches (H) x 11 Inches (W) x 4.5 Inches (D),Hardside,Removable Pouch,No Compartments or Pockets,"Open, No Closure",Double Handle,Vinyl,"Clean With Water, Rinse Clean, Hand Wash, Spot or Wipe Clean, Wash With Soap and Water",Imported,810159596336,337-04-1272,"{""Dimensions (Overall)"": ""8.5 Inches (H) x 11 Inches (W) x 4.5 Inches (D)"", ""Shell Material"": ""Plastic"", ""Bag Structure"": ""Hardside"", ""Interior Features"": ""Removable Pouch"", ""Exterior Features"": ""No Compartments or Pockets"", ""Main Compartment Closure"": ""Open, No Closure"", ""Handle Type"": ""Double Handle"", ""Fabric Name"": ""Vinyl"", ""CPSC Choking Hazard Warnings"": ""Choking_hazard_balloon"", ""Decorative Accents"": ""Removable Pouch"", ""Maximum Strap Length"": ""6.5 Inches"", ""Care & Cleaning"": ""Clean With Water, Rinse Clean, Hand Wash, Spot or Wipe Clean, Wash With Soap and Water"", ""TCIN"": ""93526156"", ""UPC"": ""810159596336"", ""Item Number (DPCI)"": ""337-04-1272"", ""Origin"": ""Imported""}",True,2026-02-23T00:53:46.886037
