product_id,source,brand,product_name,leaf_category,price,original_price,discount_percent,is_on_sale,rating,review_count,description,material_text,dimensions,image_url,color_count,timestamp,product_url
94687138,target,A New Day,Kiss Lock Clutch Bag - A New Day™ Black,Clutches,30,,0,FALSE,4.4,90,Twill fabric clutch bag; Kiss lock clasp closure; Main compartment with credit card slip pocket; Kiss lock metal clasp closure; Detachable carrying handle; Bag structure: Unstructured; Interior features: Credit Card Pockets; Exterior features: Detachable Handle,Polyurethane,7 Inches (H) x 13.5 Inches (W) x 5 Inches (D),https://target.scene7.com/is/image/Target/GUEST_c81ce67f-222a-4e84-967e-6fe3dc83c1fe?wid=1200&hei=1200&qlt=85,2,2026-02-23T16:44:52.645735,https://www.target.com/p/kiss-lock-clutch-bag-a-new-day/-/A-94705891?preselect=94687138#lnk=sametab
94776900,target,Universal Thread,Quilted Drawstring Tote Handbag - Universal Thread™ Pink,Shoulder Bags,35,,0,FALSE,3.9,11,Universal Thread quilted tote handbag; Woven with recycled polyester fabric; Interior zip pocket; Double shoulder straps; Drawstring closure; Bag structure: Softside; Interior features: Zip Pocket; Exterior features: No Compartments or Pockets,100% Recycled Polyester,14.72 Inches (H) x 19.31 Inches (W) x 5 Inches (D),https://target.scene7.com/is/image/Target/GUEST_5e168547-8dac-457c-8f8c-dd363f529a80?wid=1200&hei=1200&qlt=85,4,2026-02-23T16:44:52.646741,https://www.target.com/p/quilted-drawstring-tote-handbag-universal-thread/-/A-94776901?preselect=94776900#lnk=sametab
94794411,target,A New Day,Conversation Heart Bag Charm - A New Day™,Bag Charms & Straps,8.5,10,15,TRUE,4.8,29,Gold-tone chain bag charm; Metal construction; Five heart-shaped charms with printed phrases; Additional small gold-tone heart charms; Lobster claw clasp closure; Suggested for ages 15 and up,Zinc Alloy,"11.42 Inches (L), 1.36 Inches (W)",https://target.scene7.com/is/image/Target/GUEST_faba82f4-1b2d-4a51-8bea-67318e006232?wid=1200&hei=1200&qlt=85,,2026-02-23T16:44:52.646741,https://www.target.com/p/conversation-heart-bag-charm-a-new-day-8482/-/A-94794411#lnk=sametab
94742363,target,A New Day,Kiss Lip Clutch - A New Day™ Red,Clutches,25.5,30,15,TRUE,4.6,14,Kiss structured clutch; Red polyurethane shell with vinyl finish; Zip-closure main compartment; Detachable metal shoulder strap; Bag structure: Structured; Interior features: No Compartments or Pockets; Exterior features: Detachable Straps,Metal,5.75 Inches (H) x 8.5 Inches (W) x 2.75 Inches (D),https://target.scene7.com/is/image/Target/GUEST_82702f88-fb01-4f54-af1c-b284eeacb30e?wid=1200&hei=1200&qlt=85,,2026-02-23T16:44:52.646741,https://www.target.com/p/kiss-lip-clutch-a-new-day-8482-red/-/A-94742363#lnk=sametab
94742362,target,A New Day,Conversation Heart Wristlet - A New Day™ Pink,Clutches,12.75,15,15,TRUE,4.6,16,Conversation heart wristlet wallet; Polyurethane construction; Zip closure; Detachable loop strap; Bag structure: Unstructured; Interior features: No Compartments or Pockets; Exterior features: No Compartments or Pockets,Polyurethane,4.5 Inches (H) x 4.75 Inches (W) x .75 Inches (D),https://target.scene7.com/is/image/Target/GUEST_c3bcb3dd-0448-4197-8fb6-6c8c4ea780b6?wid=1200&hei=1200&qlt=85,4,2026-02-23T16:44:52.646741,https://www.target.com/p/conversation-heart-wristlet-a-new-day/-/A-94781667?preselect=94742362#lnk=sametab
94742370,target,A New Day,Crescent Marble Minaudiere Clutch - A New Day™ Pink,Clutches,40,,0,FALSE,3.9,9,"Crescent-shape minaudiere clutch; Crafted from acrylic shell; Clasp closure; Top carrying handle; Bag structure: Hardside, Structured; Interior features: No Compartments or Pockets; Exterior features: No Compartments or Pockets",Acrylic,8.62 Inches (H) x 9.05 Inches (W) x 1.96 Inches (D),https://target.scene7.com/is/image/Target/GUEST_2383dd5a-cb9c-4806-bd55-6769489211e9?wid=1200&hei=1200&qlt=85,3,2026-02-23T16:44:52.646741,https://www.target.com/p/crescent-marble-minaudiere-clutch-a-new-day/-/A-94781668?preselect=94742370#lnk=sametab
94172689,target,Universal Thread,Oversized Slouchy Shoulder Bag - Universal Thread™ Black,Shoulder Bags,35,,0,FALSE,4.3,390,Faux leather slouchy shoulder bag; Polyurethane shell; Unstructured; No interior or exterior compartments; Magnetic closure; Carrying handle; 10.5in H 15.75in W x 5in D; Bag structure: Unstructured; Interior features: No Compartments or Pockets; Exterior features: No Compartments or Pockets,Polyurethane,10.5 Inches (H) x 15.75 Inches (W) x 5 Inches (D),https://target.scene7.com/is/image/Target/GUEST_21c648d2-b83a-49d5-ad4a-bee5938769eb?wid=1200&hei=1200&qlt=85,4,2026-02-23T16:44:52.646741,https://www.target.com/p/oversized-slouchy-shoulder-bag-universal-thread/-/A-94248767?preselect=94172689#lnk=sametab
92450022,target,Universal Thread,"Foundational Weekender Bag - Universal Thread™ Pucker Brown: 90% Recycled Nylon, Double Handle, Removable Strap, 48 Linear Inches",Weekender Bags,40,,0,FALSE,4.6,133,"Keep yourself ready for quick trips with the Foundational Weekender Bag from Universal Thread™. This unstructured weekender bag features interior and exterior pockets to help provide ample space for your essential items. Designed with a removable strap and double handles, it offers multiple carrying options for your convenience. Universal Thread™: Found exclusively at Target.; Bag structure: Unstructured; Interior features: Zip Pocket, Accessories Pocket; Exterior features: Detachable Strap, Front Zip Pocket",Polyester,15 Inches (H) x 23 Inches (W) x 9 Inches (D),https://target.scene7.com/is/image/Target/GUEST_b2e9698f-b9d1-4304-a4c7-a312383c87ec?wid=1200&hei=1200&qlt=85,1,2026-02-23T16:44:52.646741,https://www.target.com/p/foundational-weekender-bag-universal-thread/-/A-92750865?preselect=92450022#lnk=sametab
90367010,target,A New Day,"Triple Compartment Work Tote Handbag - A New Day™ Black: Shell, Double Shoulder Handles",Shoulder Bags,35,,0,FALSE,4.1,236,Triple compartment tote handbag; Main compartment with zipper closure; Interior pocket; Double handles; Bag structure: Unstructured; Interior features: Accessories Pocket; Exterior features: No Compartments or Pockets,Polyurethane,13.39 Inches (H) x 21.26 Inches (W) x 6.3 Inches (D),https://target.scene7.com/is/image/Target/GUEST_fbb80f99-6aed-4e26-8c6c-83e57f76035a?wid=1200&hei=1200&qlt=85,2,2026-02-23T16:44:52.646741,https://www.target.com/p/triple-compartment-work-tote-handbag-a-new-day/-/A-90564596?preselect=90367010#lnk=sametab
90862916,target,Wild Fable,Puffer Hobo Shoulder Bag - Wild Fable™ Black,Shoulder Bags,25,,0,FALSE,4.7,406,"Hobo bag with single strap handle; Boxed puffer design; Lightweight construction; Zippered compartment; Inner zip-up pocket; Recycled polyester; Bag structure: Softside, Lightweight; Interior features: Zip Pocket; Exterior features: No Compartments or Pockets",100% Recycled Polyester,14 Inches (H) x 17 Inches (W) x 6.5 Inches (D),https://target.scene7.com/is/image/Target/GUEST_3751241b-b8ba-4345-81d5-d8bbd0db785c?wid=1200&hei=1200&qlt=85,7,2026-02-23T16:44:52.646741,https://www.target.com/p/puffer-hobo-bag-wild-fable/-/A-90864021?preselect=90862916#lnk=sametab
94969933,target,Universal Thread,Mini Slouchy Chain Handbag - Universal Thread™ Brown,Mini Bags,30,,0,FALSE,3.9,8,Universal Thread mini handbag in brown; Slouchy design; Polyester shell; Magnetic closure main compartment; Removable chain; Top carrying handle; Bag structure: Miniature; Interior features: No Compartments or Pockets; Exterior features: No Compartments or Pockets,Polyester,5.33 Inches (H) x 9.25 Inches (W) x 3 Inches (D),https://target.scene7.com/is/image/Target/GUEST_1205b8b2-8153-43fa-bbb1-bf16b6a2afba?wid=1200&hei=1200&qlt=85,,2026-02-23T16:44:52.646741,https://www.target.com/p/mini-slouchy-chain-handbag-universal-thread-8482-brown/-/A-94969933#lnk=sametab
94742376,target,A New Day,Straw XL Tote Bag - A New Day™ Natural,Shoulder Bags,40,,0,FALSE,2,1,XL straw tote bag; Open design; Double handles; Unstructured; Forest Stewardship Council Certified; Bag structure: Unstructured; Interior features: No Compartments or Pockets; Exterior features: No Compartments or Pockets,Paper,13.39 Inches (H) x 16.93 Inches (W) x 7.09 Inches (D),https://target.scene7.com/is/image/Target/GUEST_d43b2e33-d6fe-4ea1-9d55-a682e79d44a8?wid=1200&hei=1200&qlt=85,2,2026-02-23T16:44:52.646741,https://www.target.com/p/straw-xl-tote-bag-a-new-day/-/A-94781669?preselect=94742376#lnk=sametab
94780226,target,Wild Fable,Floral Print Puffer Hobo Shoulder Bag - Wild Fable™ Pink,Shoulder Bags,30,,0,FALSE,4.7,9,Hobo bag with single strap handle; Boxed puffer design; Lightweight construction; Zippered compartment; Inner zip-up pocket; Recycled polyester; Bag structure: Softside; Interior features: Zip Pocket; Exterior features: No Compartments or Pockets,100% Recycled Polyester,14 Inches (H) x 6.5 Inches (W) x 17 Inches (D),https://target.scene7.com/is/image/Target/GUEST_619f0e09-74a5-4410-9842-9e591590a50a?wid=1200&hei=1200&qlt=85,,2026-02-23T16:44:52.646741,https://www.target.com/p/floral-print-puffer-hobo-shoulder-bag-wild-fable-8482-pink/-/A-94780226#lnk=sametab
94742374,target,A New Day,Straw Caning Crossbody Bag - A New Day™ Natural,Satchels,30,,0,FALSE,5,3,Straw crossbody bag; Cane design; White trim detailing; Polyethylene shell; Spacious main compartment; Popper flap with magnetic closure; Shoulder strap; Bag structure: Structured; Interior features: No Compartments or Pockets; Exterior features: No Compartments or Pockets,Polyethylene,5 Inches (H) x 8.5 Inches (W) x 2.75 Inches (D),https://target.scene7.com/is/image/Target/GUEST_6d37a024-3606-4c35-ab82-307979ec1c39?wid=1200&hei=1200&qlt=85,,2026-02-23T16:44:52.646741,https://www.target.com/p/straw-caning-crossbody-bag-a-new-day-8482-natural/-/A-94742374#lnk=sametab
94742389,target,Shade & Shore,Packable Zip Top Mesh Tote Handbag - Shade & Shore™ Brown,Beach Bags,18,,0,FALSE,5,2,"Packable tote handbag; 100% recycled polyester mesh shell; Zippered main compartment; 2 exterior mesh pockets; Double shoulder handles; 12in H x 21.5in W x 12in D; Bag structure: Unstructured; Interior features: No Compartments or Pockets; Exterior features: Front Pocket, Mesh Pocket",100% Recycled Polyester,12 Inches (H) x 21.5 Inches (W) x 12 Inches (D),https://target.scene7.com/is/image/Target/GUEST_39521f7f-2e9b-4be7-99f7-68707e050e45?wid=1200&hei=1200&qlt=85,2,2026-02-23T16:44:52.646741,https://www.target.com/p/packable-zip-top-mesh-tote-handbag-shade-shore/-/A-94800765?preselect=94742389#lnk=sametab
94832341,target,Universal Thread,Western Soft Saddle Crossbody Bag Purse - Universal Thread™ Brown,Crossbody & Messenger Bags,30,,0,FALSE,5,1,Bag structure: Lightweight; Interior features: Zip Pocket; Exterior features: Adjustable Strap,Polyurethane,7.5 Inches (H) x 9 Inches (W) x 2.75 Inches (D),https://target.scene7.com/is/image/Target/GUEST_073cd41e-5e4e-41d8-baa7-da242fc2eff7?wid=1200&hei=1200&qlt=85,,2026-02-23T16:44:52.646741,https://www.target.com/p/western-soft-saddle-crossbody-bag-purse-universal-thread-8482-brown/-/A-94832341#lnk=sametab
94832340,target,Universal Thread,Western Faux Suede Fringe Shoulder Bag Purse - Universal Thread™ Brown,Shoulder Bags,35,,0,FALSE,3.7,6,Bag structure: Softside; Interior features: Zip Pocket; Exterior features: Adjustable Strap,Polyester,4.75 Inches (H) x 8.25 Inches (W) x 2.5 Inches (D),https://target.scene7.com/is/image/Target/GUEST_039226b7-b600-4848-8407-b1fd316b5e7f?wid=1200&hei=1200&qlt=85,3,2026-02-23T16:44:52.646741,https://www.target.com/p/western-faux-suede-fringe-shoulder-bag-purse-universal-thread/-/A-94894923?preselect=94832340#lnk=sametab
94832338,target,Universal Thread,Western Faux Suede with Tassel Shoulder Bag Purse - Universal Thread™ Tan,Shoulder Bags,40,,0,FALSE,5,1,Bag structure: Lightweight; Interior features: Zip Pocket; Exterior features: No Compartments or Pockets,Polyester,16 Inches (H) x 16.25 Inches (W) x 2 Inches (D),https://target.scene7.com/is/image/Target/GUEST_e48ca886-f959-458c-946a-9270218020b8?wid=1200&hei=1200&qlt=85,2,2026-02-23T16:44:52.646741,https://www.target.com/p/western-faux-suede-with-tassel-shoulder-bag-purse-universal-thread/-/A-94894924?preselect=94832338#lnk=sametab
90367018,target,A New Day,"Kate Tote Handbag - A New Day™ Black: Double Shoulder Handles, Magnetic Closure, Recycled Nylon",Shoulder Bags,30,,0,FALSE,4.5,247,"Quilted tote handbag; Unstructured design; Magnetic closure on main compartment; Features interior and exterior pockets; Double shoulder and grab handles; Bag structure: Unstructured; Interior features: Accessories Pocket, Zip Pocket; Exterior features: Side Pockets","Polyurethane, Nylon",13 Inches (H) x 18 Inches (W) x 6.25 Inches (D),https://target.scene7.com/is/image/Target/GUEST_92897fbb-2131-4ff5-a979-4fa08111046c?wid=1200&hei=1200&qlt=85,2,2026-02-23T16:44:52.646741,https://www.target.com/p/kate-tote-handbag-a-new-day/-/A-90564600?preselect=90367018#lnk=sametab
94780336,target,A New Day,Satchel Crossbody Bag - A New Day™ Tan,Crossbody & Messenger Bags,30,,0,FALSE,4.3,7,"Satchel crossbody bag; Woven from polyurethane; Main zip closure; Cell phone and zippered pockets; Padded handle; Detachable, adjustable strap; Unstructured design; Bag structure: Unstructured; Interior features: Cell Phone Pocket, Zip Pocket; Exterior features: Detachable Straps, Adjustable Strap",Polyester,8 Inches (H) x 12 Inches (W) x 4 Inches (D),https://target.scene7.com/is/image/Target/GUEST_ac24bb23-ec00-4d70-b20f-a223551963b5?wid=1200&hei=1200&qlt=85,2,2026-02-23T16:44:52.646741,https://www.target.com/p/satchel-crossbody-bag-a-new-day/-/A-94810415?preselect=94780336#lnk=sametab
94742390,target,Shade & Shore,Packable Cut Out Mesh Tote Handbag - Shade & Shore™ White,Beach Bags,15,,0,FALSE,4.5,14,Unstructured packable tote handbag; 100% recycled polyester shell; Open main compartment; 2 exterior mesh pockets; Double handles; 18in H x 24in W x 6.5in D; Bag structure: Unstructured; Interior features: No Compartments or Pockets; Exterior features: Side Pockets,100% Recycled Polyester,18 Inches (H) x 24 Inches (W) x 6.5 Inches (D),https://target.scene7.com/is/image/Target/GUEST_df2c6490-b7c6-4dd1-9edf-696530d4fbe6?wid=1200&hei=1200&qlt=85,5,2026-02-23T16:44:52.646741,https://www.target.com/p/packable-cut-out-mesh-tote-handbag-shade-shore/-/A-94800766?preselect=94742390#lnk=sametab
94742398,target,Universal Thread,Straw Mini Slouchy Shoulder Bag - Universal Thread™ Natural,Crossbody & Messenger Bags,30,,0,FALSE,1,1,Universal Thread mini shoulder bag in beige hue; Straw paper shell; Crochet exterior; Spacious main compartment with magnetic closure; Faux-leather handle; Detachable linked chain; Forest Stewardship Council Certified; Bag structure: Unstructured; Interior features: No Compartments or Pockets; Exterior features: Detachable Straps,Paper,12.75 Inches (H) x 9.25 Inches (W) x 3 Inches (D),https://target.scene7.com/is/image/Target/GUEST_c8258c63-4fdf-4a0c-a8c5-fe69832d0caf?wid=1200&hei=1200&qlt=85,,2026-02-23T16:44:52.646741,https://www.target.com/p/straw-mini-slouchy-shoulder-bag-universal-thread-8482-natural/-/A-94742398#lnk=sametab
94742415,target,Universal Thread,Straw Scallop Woven Tote Handbag - Universal Thread™ Natural,Shoulder Bags,35,,0,FALSE,0,0,Universal Thread tote handbag in beige; Straw paper shell; Crochet exterior with scalloped design; Spacious main compartment; Double handles; Forest Stewardship Council Certified; Bag structure: Unstructured; Interior features: No Compartments or Pockets; Exterior features: No Compartments or Pockets,Paper,10.6 Inches (H) x 18.5 Inches (W) x 5.12 Inches (D),https://target.scene7.com/is/image/Target/GUEST_ca9e2f7e-4a09-4dca-98a5-2599bbba2fbd?wid=1200&hei=1200&qlt=85,,2026-02-23T16:44:52.646741,https://www.target.com/p/straw-scallop-woven-tote-handbag-universal-thread-8482-natural/-/A-94742415#lnk=sametab
93859885,target,Wild Fable,Simple Shoulder Bag - Wild Fable™ Black,Shoulder Bags,18,,0,FALSE,4.2,38,Lightweight shoulder bag; Interior pocket; Zipper closure; Single strap; Bag structure: Lightweight; Interior features: Zip Pocket; Exterior features: No Compartments or Pockets,100% Recycled Polyester,5 Inches (H) x 10 Inches (W) x 2.38 Inches (D),https://target.scene7.com/is/image/Target/GUEST_f54c11d1-bc0c-4d1f-8516-2331f5a95961?wid=1200&hei=1200&qlt=85,,2026-02-23T16:44:52.646741,https://www.target.com/p/simple-shoulder-bag-wild-fable-8482-black/-/A-93859885#lnk=sametab
94780225,target,Wild Fable,Gingham Cherry & Bow Print Puffer Hobo Shoulder Bag - Wild Fable™ Blue,Shoulder Bags,30,,0,FALSE,5,4,Hobo bag with single strap handle; Boxed puffer design; Lightweight construction; Zippered compartment; Inner zip-up pocket; Recycled polyester; Bag structure: Softside; Interior features: Zip Pocket; Exterior features: No Compartments or Pockets,100% Recycled Polyester,14 Inches (H) x 6.5 Inches (W) x 17 Inches (D),https://target.scene7.com/is/image/Target/GUEST_a16ea970-d389-44be-a6ed-708a75272ae0?wid=1200&hei=1200&qlt=85,,2026-02-23T16:45:09.898384,https://www.target.com/p/gingham-cherry-38-bow-print-puffer-hobo-shoulder-bag-wild-fable-8482-blue/-/A-94780225#lnk=sametab
94780222,target,Universal Thread,Magazine Tote Handbag - Universal Thread™ Green/Pink/Yellow,Shoulder Bags,15,,0,FALSE,4.5,4,Universal Thread magazine tote handbag; Recycled cotton canvas fabric; Features an open top; Double shoulder handles; Bag structure: Lightweight; Interior features: No Compartments or Pockets; Exterior features: No Compartments or Pockets,100% Recycled Cotton,12.99 Inches (H) x .18 Inches (W) x 17.32 Inches (D),https://target.scene7.com/is/image/Target/GUEST_fc165e91-0d76-435c-8f17-60d17374c06a?wid=1200&hei=1200&qlt=85,5,2026-02-23T16:45:09.898384,https://www.target.com/p/magazine-tote-handbag-universal-thread/-/A-94810392?preselect=94780222#lnk=sametab
92467847,target,Universal Thread,"Essential Belt Crossbody Bag - Universal Thread™ Clear/Black: TPU Shell, Adjustable Strap, Crossbody Style, Solid Pattern",Crossbody & Messenger Bags,10,,0,FALSE,4.6,318,"Universal Thread belt crossbody bag; Features exterior pocket; Zipper closure; Adjustable strap with buckle closure; Bag structure: Lightweight; Interior features: No Compartments or Pockets; Exterior features: Adjustable Strap, Zip Pocket",TPU (Thermoplastic Polyurethane),4.8 Inches (H) x 7.28 Inches (W) x 2.04 Inches (D),https://target.scene7.com/is/image/Target/GUEST_f325c316-7ea2-427d-a299-05b8e05da250?wid=1200&hei=1200&qlt=85,1,2026-02-23T16:45:09.898384,https://www.target.com/p/essential-belt-crossbody-bag-universal-thread/-/A-92750861?preselect=92467847#lnk=sametab
89393183,target,A New Day,"Flap Cell Phone Wallet - A New Day™ Black: Shell, Snap Closure, Solid Pattern",Crossbody & Messenger Bags,15,,0,FALSE,4.6,159,"Flap cellphone wallet; Multiple interior pockets; Adjustable strap for wearing crossbody style; Faux-leather exterior; Interior features: Cell Phone Pocket, Credit Card Pockets; Exterior features: No Compartments or Pockets, Adjustable Strap",Polyurethane,5 Inches (H) x 7.5 Inches (W) x 1 Inches (D),https://target.scene7.com/is/image/Target/GUEST_9f0ca3ee-2634-44a9-abe4-7a96c9a64ec2?wid=1200&hei=1200&qlt=85,2,2026-02-23T16:45:09.898384,https://www.target.com/p/flap-cell-phone-wallet-a-new-day/-/A-89489964?preselect=89393183#lnk=sametab
92450025,target,Universal Thread,"Everyday Crossbody Bag - Universal Thread™ Black Clear: Removable Strap, TPU Shell, Vinyl Construction",Crossbody & Messenger Bags,20,,0,FALSE,4.3,88,"Universal Thread crossbody bag; Transparent design; Zippered main compartment; Back pocket; Adjustable and detachable strap; Bag structure: Unstructured; Interior features: No Compartments or Pockets; Exterior features: Detachable Straps, Back Pocket",Polyester,7 Inches (H) x 6.25 Inches (W) x 2.5 Inches (D),https://target.scene7.com/is/image/Target/GUEST_39025d97-5030-4e55-baeb-b209305fe024?wid=1200&hei=1200&qlt=85,1,2026-02-23T16:45:09.898384,https://www.target.com/p/everyday-crossbody-bag-universal-thread/-/A-94310271?preselect=92450025#lnk=sametab
93178685,target,A New Day,"Clear Pouch Wristlet - A New Day™ Black: Solid TPU Shell, Zip Closure, Faux Leather, Unstructured Design, 8.75"" x 6.375""",Clutches,5,,0,FALSE,4.7,170,Clear wristlet pouch; Single main compartment; Unstructured design; Zipper closure; Bag structure: Unstructured; Interior features: No Compartments or Pockets; Exterior features: No Compartments or Pockets,TPU (Thermoplastic Polyurethane),.5 Inches (H) x 6.38 Inches (W) x 8.75 Inches (D),https://target.scene7.com/is/image/Target/GUEST_df01ed1a-347a-48a2-9cbd-24eefd7af32f?wid=1200&hei=1200&qlt=85,1,2026-02-23T16:45:09.898384,https://www.target.com/p/clear-pouch-wristlet-a-new-day/-/A-93344260?preselect=93178685#lnk=sametab
94745584,target,A New Day,Straw Caning Tote Bag - A New Day™ Natural,Shoulder Bags,40,,0,FALSE,0,0,Straw tote bag; Cane design; White trim detailing; Polyethylene shell; Spacious main compartment; Double handles; Bag structure: Structured; Interior features: No Compartments or Pockets; Exterior features: No Compartments or Pockets,Polyethylene,10.5 Inches (H) x 19.5 Inches (W) x 3.75 Inches (D),https://target.scene7.com/is/image/Target/GUEST_7c5c9ad5-2102-437b-a5c6-e182cdb71d6f?wid=1200&hei=1200&qlt=85,,2026-02-23T16:45:09.898384,https://www.target.com/p/straw-caning-tote-bag-a-new-day-8482-natural/-/A-94745584#lnk=sametab
94780327,target,A New Day,Woven Mini Bowler Crossbody bag - A New Day™ Brown,Crossbody & Messenger Bags,30,,0,FALSE,4.2,5,"Mini bowler crossbody bag; Polyurethane shell; Zippered main compartment; Detachable and adjustable strap; Double handles; Bag structure: Unstructured; Interior features: No Compartments or Pockets; Exterior features: Detachable Straps, Adjustable Shoulder Strap",Polyurethane,5.5 Inches (H) x 8.25 Inches (W) x 3.5 Inches (D),https://target.scene7.com/is/image/Target/GUEST_a450babf-571e-4587-8542-3e8da6499b9e?wid=1200&hei=1200&qlt=85,3,2026-02-23T16:45:09.898384,https://www.target.com/p/woven-mini-bowler-crossbody-bag-a-new-day/-/A-94810405?preselect=94780327#lnk=sametab
93657296,target,Wild Fable,"Puffer Crossbody Handbag - Wild Fable™ Taupe: Softside Woven Bag, Single Strap, Solid Pattern",Crossbody & Messenger Bags,20,,0,FALSE,4.4,167,Softside crossbody bag; Puffer design; 100% recycled polyester shell material; Zippered main compartment; 23in single strap; Bag structure: Softside; Interior features: Zip Pocket; Exterior features: No Compartments or Pockets,100% Recycled Polyester,8.32 Inches (H) x 11.24 Inches (W) x 3 Inches (D),https://target.scene7.com/is/image/Target/GUEST_189c5713-a9f9-4846-af74-3f02e7d81e94?wid=1200&hei=1200&qlt=85,7,2026-02-23T16:45:09.898384,https://www.target.com/p/puffer-crossbody-handbag-wild-fable/-/A-93723382?preselect=93657296#lnk=sametab
94788201,target,Universal Thread,Canvas Double Zip Camera Crossbody Handbag - Universal Thread™ Off-White,Crossbody & Messenger Bags,30,,0,FALSE,4.6,61,"Universal Thread camera handbag; Features an interior pocket; Double zipper closure; Adjustable shoulder strap; Bag structure: Unstructured; Interior features: Zip Pocket; Exterior features: Adjustable Shoulder Strap, Detachable Straps",Polyester,5 Inches (H) x 8.25 Inches (W) x 2.75 Inches (D),https://target.scene7.com/is/image/Target/GUEST_2e56d35e-05d8-455c-871e-790051287d3b?wid=1200&hei=1200&qlt=85,1,2026-02-23T16:45:09.898384,https://www.target.com/p/double-zip-camera-crossbody-handbag-universal-thread/-/A-94594859?preselect=94788201#lnk=sametab
94780201,target,Universal Thread,Woven Modern Belt Handbag - Universal Thread™ Brown,Crossbody & Messenger Bags,25,,0,FALSE,5,3,Universal Thread belt handbag; Polyurethane material; Zippered main compartment; Removable and adjustable strap; Bag structure: Unstructured; Interior features: No Compartments or Pockets; Exterior features: Back Pocket,Polyurethane,6 Inches (H) x 12.75 Inches (W) x 2.75 Inches (D),https://target.scene7.com/is/image/Target/GUEST_8535cef8-c872-46a2-970a-84bb5ef6150e?wid=1200&hei=1200&qlt=85,3,2026-02-23T16:45:09.898384,https://www.target.com/p/modern-belt-handbag-universal-thread/-/A-94837651?preselect=94780201#lnk=sametab
94269884,target,A New Day,Mini Tulip Tote Handbag with Crossbody Strap - A New Day™ Brown,Shoulder Bags,25,,0,FALSE,4.4,64,Mini tulip tote bag; Made from polyurethane; Strap accent with buckle; Double handles; Removable crossbody strap; Magnetic closure; Bag structure: Unstructured; Interior features: No Compartments or Pockets; Exterior features: No Compartments or Pockets,Polyurethane,6.5 Inches (H) x 9 Inches (W) x 4.75 Inches (D),https://target.scene7.com/is/image/Target/GUEST_fa6e2d25-49c1-4142-b969-3fab3db3e50c?wid=1200&hei=1200&qlt=85,3,2026-02-23T16:45:09.898384,https://www.target.com/p/mini-tulip-tote-handbag-with-crossbody-strap-a-new-day/-/A-94436052?preselect=94269884#lnk=sametab
90367006,target,A New Day,"Travel Pouch - A New Day™ Taupe: Top Handle Bag, Unstructured, Woven, Handle",Handbags & Purses,15,,0,FALSE,4.6,260,Travel pouch; Woven design in plastic; See-through sides for visible contents; Unstructured with single compartment; Zipper closure; Top handle; Bag structure: Unstructured; Interior features: No Compartments or Pockets; Exterior features: No Compartments or Pockets,Polyurethane,5.5 Inches (H) x 8.5 Inches (W) x 3.4 Inches (D),https://target.scene7.com/is/image/Target/GUEST_5d89a195-c7f0-41d8-8f89-9053cf09c34e?wid=1200&hei=1200&qlt=85,3,2026-02-23T16:45:09.898384,https://www.target.com/p/travel-pouch-a-new-day/-/A-90564597?preselect=90367006#lnk=sametab
94744290,target,A New Day,Straw Small Satchel Bag - A New Day™ Brown,Shoulder Bags,30,,0,FALSE,0,0,"Small satchel bag in brown; Straw paper shell; Crochet exterior; Zippered main compartment; Double handle; Detachable and adjustable faux-leather strap; Forest Stewardship Council Certified; Bag structure: Unstructured; Interior features: No Compartments or Pockets; Exterior features: Detachable Straps, Adjustable Shoulder Strap",Paper,5.5 Inches (H) x 10.23 Inches (W) x 3.15 Inches (D),https://target.scene7.com/is/image/Target/GUEST_60763823-9abf-4b7b-a277-ba63db44ab6a?wid=1200&hei=1200&qlt=85,,2026-02-23T16:45:09.898384,https://www.target.com/p/straw-small-satchel-bag-a-new-day-8482-brown/-/A-94744290#lnk=sametab
94755267,target,Universal Thread,Straw Crescent XL Tote Handbag - Universal Thread™ Natural,Shoulder Bags,35,,0,FALSE,2,2,Universal Thread crescent handbag; Paper straw shell; Crocheted exterior; Zippered main compartment; Single handle; Bag structure: Structured; Interior features: No Compartments or Pockets; Exterior features: No Compartments or Pockets,Paper Straw,22 Inches (H) x 17 Inches (W) x 10 Inches (D),https://target.scene7.com/is/image/Target/GUEST_4cf2071b-f1f5-4be6-96da-0d09a7c8a33a?wid=1200&hei=1200&qlt=85,,2026-02-23T16:45:09.898384,https://www.target.com/p/straw-crescent-xl-tote-handbag-universal-thread-8482-natural/-/A-94755267#lnk=sametab
94780337,target,A New Day,Bucket Shoulder Bag - A New Day™ Dark Brown,Shoulder Bags,35,,0,FALSE,3,2,Bucket shoulder bag; Polyurethane woven material; Magnetic closure; Adjustable strap; Unstructured; Bag structure: Unstructured; Interior features: No Compartments or Pockets; Exterior features: No Compartments or Pockets,Polyurethane,11.5 Inches (H) x 12 Inches (W) x 5.25 Inches (D),https://target.scene7.com/is/image/Target/GUEST_b9ab15ed-5f97-4714-ae53-660fd4434b10?wid=1200&hei=1200&qlt=85,2,2026-02-23T16:45:09.898384,https://www.target.com/p/bucket-shoulder-bag-a-new-day/-/A-94810417?preselect=94780337#lnk=sametab
1004118866,target,A New Day,Winged Tote Bag - A New Day™ White,Shoulder Bags,35,,0,FALSE,5,1,"Winged tote bag in a white; Cotton shell; Spacious main compartment with magnetic closure; Zippered inner pocket and accessories pocket; Exterior pocket with flap closure; Polyurethane double handles; Bag structure: Unstructured; Interior features: Accessories Pocket, Zip Pocket; Exterior features: Front Pocket",Polyurethane,11.5 Inches (H) x 21.5 Inches (W) x 7.25 Inches (D),https://target.scene7.com/is/image/Target/GUEST_ebe197ee-296f-4b3d-a2a8-d38473d37365?wid=1200&hei=1200&qlt=85,,2026-02-23T16:45:09.898384,https://www.target.com/p/winged-tote-bag-a-new-day-8482-white/-/A-1004118866#lnk=sametab
94269889,target,A New Day,Quilted Vanity Crossbody Bag - A New Day™ Black,Crossbody & Messenger Bags,20,,0,FALSE,4.8,55,Crossbody vanity bag; Quilted polyurethane construction; Zipper closure; Padded top handle; Detachable shoulder strap; Bag structure: Unstructured; Interior features: No Compartments or Pockets; Exterior features: Detachable Straps,Polyurethane,4.5 Inches (H) x 7.5 Inches (W) x 2.75 Inches (D),https://target.scene7.com/is/image/Target/GUEST_c4751f50-f9a1-4bbf-aa7e-39f08791abc9?wid=1200&hei=1200&qlt=85,3,2026-02-23T16:45:09.898384,https://www.target.com/p/quilted-vanity-crossbody-bag-a-new-day/-/A-94436057?preselect=94269889#lnk=sametab
90779633,target,Universal Thread,"Double Gusset Crossbody Bag - Universal Thread™ Black: Removable Adjustable Strap, Twill",Crossbody & Messenger Bags,20,,0,FALSE,4.3,66,Universal Thread double gusset crossbody bag; Faux leather design; Credit card pockets; Zip closure; Removable adjustable strap; Bag structure: Unstructured; Interior features: Accessories Pocket; Exterior features: No Compartments or Pockets,Polyurethane,5 Inches (H) x 9.5 Inches (W) x 1.5 Inches (D),https://target.scene7.com/is/image/Target/GUEST_5c32376b-0886-485d-a6b3-7d8f8de8bc9a?wid=1200&hei=1200&qlt=85,2,2026-02-23T16:45:09.898384,https://www.target.com/p/double-gusset-crossbody-bag-universal-thread/-/A-91030307?preselect=90779633#lnk=sametab
94780355,target,A New Day,Woven Tote Bag - A New Day™ Brown,Shoulder Bags,40,,0,FALSE,4,1,Woven tote bag; Polyurethane shell; Open main compartment; Magnetic closure; Shoulder straps; Bag structure: Unstructured; Interior features: No Compartments or Pockets; Exterior features: No Compartments or Pockets,Polyurethane,11.5 Inches (H) x 18 Inches (W) x 4.75 Inches (D),https://target.scene7.com/is/image/Target/GUEST_bdc10bd0-6ac3-4db0-a5aa-d648bc06d864?wid=1200&hei=1200&qlt=85,2,2026-02-23T16:45:09.898384,https://www.target.com/p/woven-tote-bag-a-new-day/-/A-94810396?preselect=94780355#lnk=sametab
90780561,target,Universal Thread,"Essential Zip Tote Handbag - Universal Thread™ Black: Nylon Twill, Unstructured, 18.75"" Width",Shoulder Bags,20,,0,FALSE,4.3,51,Universal Thread tote handbag; Nylon twill material; Zippered pocket; Front pocket; Zip closure; Carrying handle; Bag structure: Unstructured; Interior features: Zip Pocket; Exterior features: Front Pocket,Nylon,12 Inches (H) x 18.75 Inches (W) x 5.5 Inches (D),https://target.scene7.com/is/image/Target/GUEST_5c1563e8-8e54-474a-ba7a-dc5d0fb81e91?wid=1200&hei=1200&qlt=85,1,2026-02-23T16:44:52.649734,https://www.target.com/p/essential-zip-tote-handbag-universal-thread/-/A-91030310?preselect=90780561#lnk=sametab
92449937,target,A New Day,"Quilted Camera Crossbody Bag - A New Day™ Black: Faux Leather, Chain Strap, Softside, Zip Closure, 22.83"" Strap Length",Crossbody & Messenger Bags,25,,0,FALSE,4.7,79,Faux-leather crossbody bag; Features interior pocket; Softside structure; Zipper closure; Chain strap handle; Bag structure: Softside; Interior features: Zip Pocket; Exterior features: No Compartments or Pockets,Polyurethane,4.72 Inches (H) x 7.48 Inches (W) x 1.97 Inches (D),https://target.scene7.com/is/image/Target/GUEST_3f95ca26-f69c-4b3c-aaa7-c2909dc3b70a?wid=1200&hei=1200&qlt=85,1,2026-02-23T16:44:52.649734,https://www.target.com/p/elevated-camera-crossbody-bag-a-new-day/-/A-92710285?preselect=92449937#lnk=sametab
89393333,target,Universal Thread,"Belt Crossbody Bag - Universal Thread™ Beige: Cotton Canvas, Adjustable Strap, Solid Pattern, Zip Closure",Crossbody & Messenger Bags,15,20,25,TRUE,4.4,641,"Universal Thread belt bag; Semi-circle shape; Interior and exterior pockets; Zipper closure; Belt-style adjustable, removable strap; Bag structure: Unstructured; Interior features: Zip Pocket; Exterior features: Zip Pocket, Adjustable Shoulder Strap",Cotton,6.12 Inches (H) x 10.25 Inches (W) x 3.5 Inches (D),https://target.scene7.com/is/image/Target/GUEST_fce194cb-e9cc-4eb6-a271-70193a32b3dc?wid=1200&hei=1200&qlt=85,1,2026-02-23T16:44:52.649734,https://www.target.com/p/belt-bag-universal-thread/-/A-89489985?preselect=89393333#lnk=sametab
93719956,target,Universal Thread,Foundational Mini Tote Handbag - Universal Thread™ Cream/Clear,Shoulder Bags,20,,0,FALSE,4.6,190,"Universal Thread tote handbag; Double handles; Zipper closure; Adjustable, detachable straps; Bag structure: Unstructured; Interior features: No Compartments or Pockets; Exterior features: Adjustable Shoulder Strap, Detachable Straps",Polyester,5.5 Inches (H) x 9.5 Inches (W) x 3.75 Inches (D),https://target.scene7.com/is/image/Target/GUEST_e067c89a-b6c7-4108-a35e-81010635beab?wid=1200&hei=1200&qlt=85,1,2026-02-23T16:44:52.649734,https://www.target.com/p/foundational-mini-tote-handbag-universal-thread/-/A-92750862?preselect=93719956#lnk=sametab
94742414,target,Universal Thread,Straw Fringe Small Detachable Strap Crossbody Tote Handbag - Universal Thread™ Natural,Crossbody & Messenger Bags,35,,0,FALSE,0,0,"Universal Thread crossbody tote handbag; Straw paper shell; Crochet exterior with side fringes; Spacious main compartment with magnetic closure; Double handles; Detachable and adjustable strap; Forest Stewardship Council Certified; Bag structure: Unstructured; Interior features: No Compartments or Pockets; Exterior features: Detachable Straps, Adjustable Strap",Paper,8 Inches (H) x 10.25 Inches (W) x 3.25 Inches (D),https://target.scene7.com/is/image/Target/GUEST_bf7ac9ae-3e4e-4943-bb5c-b72ce6d0cefe?wid=1200&hei=1200&qlt=85,,2026-02-23T16:44:52.649734,https://www.target.com/p/straw-fringe-small-detachable-strap-crossbody-tote-handbag-universal-thread-8482-natural/-/A-94742414#lnk=sametab
94780204,target,Universal Thread,Sport Cord Medium Satchel Handbag - Universal Thread™ Black,Satchels,30,,0,FALSE,3.3,3,Universal Thread medium satchel handbag; Polyurethane shell; Zippered main compartment; Zippered interior pocket; Detachable and adjustable shoulder strap; Double shoulder handles; Sport cord accent with carabiner hook; Bag structure: Structured; Interior features: Zip Pocket; Exterior features: No Compartments or Pockets,Polyurethane,9.05 Inches (H) x 3.93 Inches (W) x 13.38 Inches (D),https://target.scene7.com/is/image/Target/GUEST_8f2f106b-02bd-4986-9f4d-0a9d0eadff8c?wid=1200&hei=1200&qlt=85,2,2026-02-23T16:44:52.649734,https://www.target.com/p/sport-cord-medium-satchel-handbag-universal-thread/-/A-94810391?preselect=94780204#lnk=sametab
94780224,target,Universal Thread,Nylon Carry-All Tote Handbag - Universal Thread™ Black,Shoulder Bags,35,,0,FALSE,4.5,2,"Universal Thread carry-all tote handbag; 100% recycled nylon shell; Zippered main compartment; Interior zippered pocket and sleeves; Double handle; Bag structure: Unstructured; Interior features: Accessories Pocket, Zip Pocket; Exterior features: No Compartments or Pockets",Polyurethane,11.5 Inches (H) x 18 Inches (W) x 6 Inches (D),https://target.scene7.com/is/image/Target/GUEST_2883457b-526b-4aa5-8e6a-27d5d07ee00e?wid=1200&hei=1200&qlt=85,3,2026-02-23T16:44:52.649734,https://www.target.com/p/nylon-carry-all-tote-handbag-universal-thread/-/A-95144170?preselect=94780224#lnk=sametab
94780207,target,Universal Thread,Small Satchel Handbag - Universal Thread™ Brown,Satchels,25,,0,FALSE,5,3,Universal Thread small satchel handbag; Recycled polyester and polyurethane shell; Zippered main compartment; Zippered interior pocket; Detachable and adjustable shoulder strap; Double shoulder handles; Decorative faux-leather fob; Bag structure: Structured; Interior features: Zip Pocket; Exterior features: No Compartments or Pockets,Polyurethane,5.9 Inches (H) x 2.75 Inches (W) x 10 Inches (D),https://target.scene7.com/is/image/Target/GUEST_5dd1bdc5-9a51-4f53-96d6-12000554dee9?wid=1200&hei=1200&qlt=85,4,2026-02-23T16:44:52.649734,https://www.target.com/p/small-satchel-handbag-universal-thread/-/A-94810388?preselect=94780207#lnk=sametab
94780345,target,A New Day,Gathered Pochette Handbag - A New Day™ Light Brown,Clutches,20,,0,FALSE,4.8,4,Gathered pochette handbag; Polyester shell; Open main compartment; Detachable and adjustable strap; Double strap handles; Metallic linked chain accent with ring; Bag structure: Structured; Interior features: No Compartments or Pockets; Exterior features: No Compartments or Pockets,Polyester,13.5 Inches (H) x 8 Inches (W) x 5 Inches (D),https://target.scene7.com/is/image/Target/GUEST_0dcd75d2-bcdd-4852-9694-0daefa3a9c7b?wid=1200&hei=1200&qlt=85,2,2026-02-23T16:44:52.649734,https://www.target.com/p/gathered-pochette-handbag-a-new-day/-/A-94810400?preselect=94780345#lnk=sametab
89956736,target,Universal Thread,Straw Detail Belt Crossbody Bag - Universal Thread™ Black,Crossbody & Messenger Bags,20,,0,FALSE,4.8,121,"Universal Thread crossbody bag; Straw detailing; Interior zip pocket; Zipper closure; Adjustable strap; Bag structure: Structured; Interior features: Zip Pocket; Exterior features: No Compartments or Pockets, Detachable Straps",Polyethylene,5.12 Inches (H) x 9.45 Inches (W) x 3.94 Inches (D),https://target.scene7.com/is/image/Target/GUEST_0ac25fbe-89f5-4aca-9347-9bbbf6330563?wid=1200&hei=1200&qlt=85,1,2026-02-23T16:44:52.649734,https://www.target.com/p/straw-detail-belt-crossbody-bag-universal-thread/-/A-94741230?preselect=89956736#lnk=sametab
94742369,target,A New Day,Straw Mini Boxy Barrel Shoulder Bag - A New Day™ Natural,Shoulder Bags,25,,0,FALSE,0,0,Boxy barrel shoulder bag; Straw paper shell; Crochet exterior; Zippered main compartment; Adjustable shoulder strap; Forest Stewardship Council Certified; Bag structure: Unstructured; Interior features: No Compartments or Pockets; Exterior features: Adjustable Shoulder Strap,Paper,4.25 Inches (H) x 8 Inches (W) x 3.5 Inches (D),https://target.scene7.com/is/image/Target/GUEST_c9376eb5-98d0-4804-af9d-101bd0195df9?wid=1200&hei=1200&qlt=85,,2026-02-23T16:44:52.649734,https://www.target.com/p/straw-mini-boxy-barrel-shoulder-bag-a-new-day-8482-natural/-/A-94742369#lnk=sametab
90777938,target,Wild Fable,"Camera Crossbody Bag - Wild Fable™ Black: Adjustable Strap, Solid Pattern, Zip Closure",Crossbody & Messenger Bags,18,,0,FALSE,4.7,126,Camera bag; Crossbody style; Interior and exterior pockets; Fold-over top and zipper closure; Adjustable strap; Bag structure: Fold Over Top; Interior features: Zip Pocket; Exterior features: Front Pocket,100% Recycled Polyester,5.5 Inches (H) x 8.25 Inches (W) x 3.75 Inches (D),https://target.scene7.com/is/image/Target/GUEST_1e398e04-890d-4b92-b96f-a6a023323a9b?wid=1200&hei=1200&qlt=85,1,2026-02-23T16:44:52.649734,https://www.target.com/p/camera-crossbody-bag-wild-fable/-/A-91029296?preselect=90777938#lnk=sametab
92449952,target,A New Day,"Flap Shoulder Bag - A New Day™ Black: Shell, Adjustable Strap, Lightweight Design",Shoulder Bags,25,,0,FALSE,4.5,34,Lightweight shoulder bag; Made with canvas fabric; Interior pocket; Flap closure; Adjustable strap; Bag structure: Lightweight; Interior features: Zip Pocket; Exterior features: Adjustable Shoulder Strap,Polyurethane,7.5 Inches (H) x 9.5 Inches (W) x 2.5 Inches (D),https://target.scene7.com/is/image/Target/GUEST_4a94a143-9c47-4c8f-a14f-3a31d27fcbee?wid=1200&hei=1200&qlt=85,1,2026-02-23T16:44:52.649734,https://www.target.com/p/flap-shoulder-bag-a-new-day/-/A-92710288?preselect=92449952#lnk=sametab
90251889,target,Wild Fable,"Flap Sling Crossbody Bag - Wild Fable™ Clear: Lightweight TPU Handbag with Adjustable Strap, Zip Closure, 26"" Max Length",Crossbody & Messenger Bags,18,,0,FALSE,4.7,128,Flap sling crossbody bag; Clear design with black strap and edging; Features exterior pocket; Adjustable strap and loop handle; Zipper closure; Bag structure: Lightweight; Interior features: No Compartments or Pockets; Exterior features: Zip Pocket,TPU (Thermoplastic Polyurethane),12.25 Inches (H) x 7 Inches (W) x 3.75 Inches (D),https://target.scene7.com/is/image/Target/GUEST_7239a67c-f0cf-4d0a-8e08-6fe3cfba9905?wid=1200&hei=1200&qlt=85,,2026-02-23T16:44:52.649734,https://www.target.com/p/flap-sling-crossbody-bag-wild-fable-8482-clear/-/A-90251889#lnk=sametab
94780350,target,A New Day,Snake Print Frame Satchel Handbag - A New Day™ Brown,Satchels,25,,0,FALSE,0,0,Frame satchel handbag; Polyurethane shell; Snake print in brown; Spacious main compartment; Cinched closure; Double handle; Bag structure: Unstructured; Interior features: No Compartments or Pockets; Exterior features: No Compartments or Pockets,Polyurethane,8.75 Inches (H) x 6.75 Inches (W) x 3.25 Inches (D),https://target.scene7.com/is/image/Target/GUEST_db58e4d2-ec00-4e59-97fd-11ed969ef0ca?wid=1200&hei=1200&qlt=85,,2026-02-23T16:44:52.649734,https://www.target.com/p/snake-print-frame-satchel-handbag-a-new-day-8482-brown/-/A-94780350#lnk=sametab
94780328,target,A New Day,Winged Tote Bag - A New Day™ Black,Shoulder Bags,35,,0,FALSE,5,1,Winged tote bag in black; Made from polyurethane; Interior accessories pocket; Magnetic closure; Double handle; Bag structure: Unstructured; Interior features: Accessories Pocket; Exterior features: No Compartments or Pockets,Polyurethane,11.5 Inches (H) x 21.5 Inches (W) x 7.25 Inches (D),https://target.scene7.com/is/image/Target/GUEST_c79d3048-e24c-44fb-9fa3-63e2aa9e47b2?wid=1200&hei=1200&qlt=85,,2026-02-23T16:44:52.649734,https://www.target.com/p/winged-tote-bag-a-new-day-8482-black/-/A-94780328#lnk=sametab
94780338,target,A New Day,Flower Frame Satchel Handbag - A New Day™ White,Satchels,25,,0,FALSE,4,3,Frame satchel handbag in off-white; Polyurethane shell; Raised flowers applique; Spacious main compartment; Cinched closure; Double handle; Bag structure: Unstructured; Interior features: No Compartments or Pockets; Exterior features: No Compartments or Pockets,Polyurethane,8.75 Inches (H) x 6.75 Inches (W) x 3.25 Inches (D),https://target.scene7.com/is/image/Target/GUEST_e469df6e-72d3-4257-b3f2-a61c984c28c6?wid=1200&hei=1200&qlt=85,,2026-02-23T16:44:52.649734,https://www.target.com/p/flower-frame-satchel-handbag-a-new-day-8482-white/-/A-94780338#lnk=sametab
94270080,target,A New Day,Clear Minaudiere Crossbody Bag - A New Day™,Crossbody & Messenger Bags,25,,0,FALSE,3.9,13,Clear acrylic crossbody bag; Golden frame and accents; 22.83in chain strap handle; Single compartment; Snap closure; Bag structure: Structured; Interior features: No Compartments or Pockets; Exterior features: No Compartments or Pockets,Acrylic,4.33 Inches (H) x 7.08 Inches (W) x 1.97 Inches (D),https://target.scene7.com/is/image/Target/GUEST_fda50f16-1f2b-4b8f-b490-bed116f27c42?wid=1200&hei=1200&qlt=85,,2026-02-23T16:44:52.649734,https://www.target.com/p/clear-minaudiere-crossbody-bag-a-new-day-8482/-/A-94270080#lnk=sametab
94439808,target,A New Day,Faux Suede Soft Shoulder Bag - A New Day™ Tan,Shoulder Bags,35,,0,FALSE,4.7,73,"Soft shoulder bag in a solid color; Spacious zippered compartment; Zippered interior pocket and cell phone sleeve; Round single handle; Bag structure: Unstructured; Interior features: Cell Phone Pocket, Zip Pocket; Exterior features: No Compartments or Pockets",Polyester,17 Inches (H) x 16.25 Inches (W) x 4 Inches (D),https://target.scene7.com/is/image/Target/GUEST_a881ae80-4b51-49fa-9b4b-0db60536d55a?wid=1200&hei=1200&qlt=85,3,2026-02-23T16:44:52.649734,https://www.target.com/p/soft-shoulder-bag-a-new-day/-/A-94594852?preselect=94439808#lnk=sametab
94581665,target,A New Day,Mini Boxy Barrel Bag - A New Day™ Black,Shoulder Bags,25,,0,FALSE,4.4,17,"Mini barrel handbag; Boxy design; Woven design; Single, adjustable handle; Bag structure: Unstructured; Interior features: No Compartments or Pockets; Exterior features: No Compartments or Pockets",Polyurethane,3.5 Inches (H) x 7.75 Inches (W) x 2 Inches (D),https://target.scene7.com/is/image/Target/GUEST_125925d4-6932-41f2-b6de-57cc98304777?wid=1200&hei=1200&qlt=85,1,2026-02-23T16:44:52.649734,https://www.target.com/p/mini-boxy-barrel-handbag-a-new-day/-/A-94600429?preselect=94581665#lnk=sametab
94804393,target,Shade & Shore,Straw Weave XL Tote Bag - Shade & Shore™ Natural,Beach Bags,35,,0,FALSE,0,0,Structured tote bag; Pandan material; Straw woven design; Open main compartment; Shoulder straps; Bag structure: Structured; Interior features: No Compartments or Pockets; Exterior features: No Compartments or Pockets,Pandan,39 Inches (H) x 18 Inches (W) x 6.75 Inches (D),https://target.scene7.com/is/image/Target/GUEST_21b19898-1542-4789-9253-d14473da0a85?wid=1200&hei=1200&qlt=85,2,2026-02-23T16:44:52.649734,https://www.target.com/p/straw-weave-xl-tote-bag-shade-shore/-/A-94837568?preselect=94804393#lnk=sametab
90251888,target,Wild Fable,"Flap Sling Crossbody Bag - Wild Fable™ Black: Adjustable Strap, Lightweight, Woven Material",Crossbody & Messenger Bags,18,,0,FALSE,4.5,190,"Flap sling crossbody bag; 100% recycled polyester; Side pocket, zip pocket; Zipper closure; ̐ Adjustable strap and loop handle; Bag structure: Lightweight; Interior features: Zip Pocket; Exterior features: Side Pockets, Zip Pocket",100% Recycled Polyester,12.25 Inches (H) x 7 Inches (W) x 3.75 Inches (D),https://target.scene7.com/is/image/Target/GUEST_2f8d4a13-3e17-4bda-9033-99467ca77458?wid=1200&hei=1200&qlt=85,3,2026-02-23T16:44:52.649734,https://www.target.com/p/flap-sling-crossbody-bag-wild-fable/-/A-90259913?preselect=90251888#lnk=sametab
94180145,target,A New Day,Woven Bucket Bag - A New Day™ Black,Shoulder Bags,30,,0,FALSE,4.4,49,Woven bucket bag; Unstructured design; Interior pocket; Magnetic closure; Single strap; Bag structure: Unstructured; Interior features: Zip Pocket; Exterior features: Adjustable Shoulder Strap,Polyurethane,12 Inches (H) x 12 Inches (W) x 4.5 Inches (D),https://target.scene7.com/is/image/Target/GUEST_99ca77ae-8b4e-4d2b-9d8e-03e84f72ad80?wid=1200&hei=1200&qlt=85,3,2026-02-23T16:44:52.649734,https://www.target.com/p/woven-bucket-shoulder-bag-a-new-day/-/A-94247992?preselect=94180145#lnk=sametab
94780329,target,A New Day,Slouchy Satchel Handbag - A New Day™ Black,Satchels,35,,0,FALSE,5,1,"Slouchy satchel handbag; Polyurethane shell; Zippered main compartment; Interior zippered pocket and sleeves; Strap with metal snap hook; Double shoulder handles; Bag structure: Unstructured; Interior features: Cell Phone Pocket, Zip Pocket; Exterior features: No Compartments or Pockets",Polyurethane,7.5 Inches (H) x 13.5 Inches (W) x 6.25 Inches (D),https://target.scene7.com/is/image/Target/GUEST_b4a9a323-7f6c-4791-b97d-fcc4f11c90c0?wid=1200&hei=1200&qlt=85,2,2026-02-23T16:44:52.649734,https://www.target.com/p/slouchy-satchel-handbag-a-new-day/-/A-94810414?preselect=94780329#lnk=sametab
94439831,target,A New Day,Flap Crossbody Bag - A New Day™ Brown,Crossbody & Messenger Bags,30,,0,FALSE,4.2,18,"Faux-leather crossbody bag; Structured rectangular silhouette; Flap with magnetic snap closure; 2 compartments and 1 interior zip pocket; Adjustable buckled strap; Polyurethane shell material; Bag structure: Structured; Interior features: Zip Pocket, Multiple Compartments; Exterior features: Adjustable Shoulder Strap",Polyurethane,5.75 Inches (H) x 9.25 Inches (W) x 2.25 Inches (D),https://target.scene7.com/is/image/Target/GUEST_6574748a-6092-4d7e-95fa-1e64a16c5c96?wid=1200&hei=1200&qlt=85,2,2026-02-23T16:45:36.750988,https://www.target.com/p/flap-crossbody-bag-a-new-day/-/A-94742804?preselect=94439831#lnk=sametab
94451124,target,A New Day,Organic Minaudiere Clutch - A New Day™ Pearl,Clutches,35,,0,FALSE,3.6,10,Organic minaudiere clutch in pearl hue; Acrylic novelty material; Hardside; Snap closure; Removable chain strap handle; Bag structure: Hardside; Interior features: No Compartments or Pockets; Exterior features: No Compartments or Pockets,Acrylic,4.33 Inches (H) x 8.66 Inches (W) x 2.95 Inches (D),https://target.scene7.com/is/image/Target/GUEST_9928b2d7-180b-4255-83b0-8e8fccff0752?wid=1200&hei=1200&qlt=85,,2026-02-23T16:45:36.750988,https://www.target.com/p/organic-minaudiere-clutch-a-new-day-8482-pearl/-/A-94451124#lnk=sametab
94269876,target,A New Day,Belted Pinched Handle Tote Handbag - A New Day™ Brown,Shoulder Bags,35,,0,FALSE,4.2,21,Belted tote bag; Made from polyurethane; Features belt accent with buckle; Pinched shoulder straps; Magnetic closure; Bag structure: Unstructured; Interior features: No Compartments or Pockets; Exterior features: No Compartments or Pockets,Polyurethane,11.5 Inches (H) x 15.75 Inches (W) x 7.5 Inches (D),https://target.scene7.com/is/image/Target/GUEST_07996fc1-8824-4be9-b0c2-2d6ff4401a75?wid=1200&hei=1200&qlt=85,2,2026-02-23T16:45:36.750988,https://www.target.com/p/belted-pinched-handle-tote-handbag-a-new-day/-/A-94436051?preselect=94269876#lnk=sametab
89232044,target,Shade & Shore,Mesh Tote Handbag - Shade & Shore™ Pink: Polyester Unstructured Beach Bag,Beach Bags,8.5,10,15,TRUE,4.8,1031,"Open top tote handbag; Mesh design; Front and side pockets; Double handles; Bag structure: Unstructured; Interior features: No Compartments or Pockets; Exterior features: Front Pocket, Side Pockets",Polyester,16.5 Inches (H) x 18.5 Inches (W) x 6.62 Inches (D),https://target.scene7.com/is/image/Target/GUEST_cb259549-d94d-464b-86d7-98236b291489?wid=1200&hei=1200&qlt=85,1,2026-02-23T16:45:36.750988,https://www.target.com/p/mesh-tote-handbag-shade-shore/-/A-89399430?preselect=89232044#lnk=sametab
94269887,target,A New Day,Belted Shoulder Handbag - A New Day™ Black,Shoulder Bags,25,,0,FALSE,4.6,38,"Belted shoulder bag; Made from polyurethane; Belt accent down front; Interior zip and credit card pockets; Adjustable shoulder strap; Magnetic closure; Bag structure: Unstructured; Interior features: Zip Pocket, Credit Card Pockets; Exterior features: No Compartments or Pockets",Polyurethane,7.5 Inches (H) x 10 Inches (W) x 2.5 Inches (D),https://target.scene7.com/is/image/Target/GUEST_f24e946b-476e-4324-88b5-b2428878fc04?wid=1200&hei=1200&qlt=85,3,2026-02-23T16:45:36.750988,https://www.target.com/p/belted-shoulder-bag-a-new-day/-/A-94436056?preselect=94269887#lnk=sametab
94780206,target,Universal Thread,Barrel Shoulder Handbag - Universal Thread™ Black,Shoulder Bags,25,,0,FALSE,5,1,Universal Thread barrel handbag; Polyurethane shell; Zippered main compartment; Zippered interior pocket; Shoulder strap; Bag structure: Unstructured; Interior features: Zip Pocket; Exterior features: No Compartments or Pockets,Polyurethane,5.25 Inches (H) x 10.25 Inches (W) x 4 Inches (D),https://target.scene7.com/is/image/Target/GUEST_9b02579c-61b0-4272-b0f5-03ba20faf8f6?wid=1200&hei=1200&qlt=85,2,2026-02-23T16:45:36.750988,https://www.target.com/p/barrel-shoulder-handbag-universal-thread/-/A-94810387?preselect=94780206#lnk=sametab
94339710,target,A New Day,Mini Tote Crossbody Bag - A New Day™ Black,Crossbody & Messenger Bags,25,,0,FALSE,4.7,59,Mini crossbody bag; Main compartment; Made with faux leather; Flap with easy-close fastener; Double handles and an adjustable strap; Bag structure: Softside; Interior features: No Compartments or Pockets; Exterior features: No Compartments or Pockets,Polyethylene,7.4 Inches (H) x 5.12 Inches (W) x 8.87 Inches (D),https://target.scene7.com/is/image/Target/GUEST_3dadb4ec-c3bb-4915-b70e-b57b536e0179?wid=1200&hei=1200&qlt=85,2,2026-02-23T16:45:36.750988,https://www.target.com/p/mini-tote-crossbody-bag-a-new-day/-/A-94372642?preselect=94339710#lnk=sametab
94687161,target,Universal Thread,Square Patchwork Mini Slouchy Chain Handbag - Universal Thread™ Black,Mini Bags,30,,0,FALSE,5,4,"Universal Thread mini slouchy handbag; Square patchwork pattern; Knitted polyurethane fabric; Interior accessory and zip pockets; Magnetic closure; Double carrying handles; Removable chain strap handle; Bag structure: Miniature; Interior features: Zip Pocket, Credit Card Pockets; Exterior features: No Compartments or Pockets",Polyurethane,5.33 Inches (H) x 9.25 Inches (W) x 3 Inches (D),https://target.scene7.com/is/image/Target/GUEST_22aa6b95-70ea-48ee-a08c-5d9d658d228a?wid=1200&hei=1200&qlt=85,,2026-02-23T16:45:36.750988,https://www.target.com/p/square-patchwork-mini-slouchy-chain-handbag-universal-thread-8482-black/-/A-94687161#lnk=sametab
94269886,target,A New Day,Studded Oversized Clutch - A New Day™ Black,Clutches,25.5,30,15,TRUE,4.7,59,Oversized clutch; Made from polyurethane with allover studded design; Unstructured; Cinch closure; Removable chain strap; Bag structure: Unstructured; Interior features: No Compartments or Pockets; Exterior features: Detachable Straps,Polyurethane,7.25 Inches (H) x 12 Inches (W) x 3.5 Inches (D),https://target.scene7.com/is/image/Target/GUEST_ddd159d3-7634-4993-ab23-dbf704de6eb9?wid=1200&hei=1200&qlt=85,4,2026-02-23T16:45:36.750988,https://www.target.com/p/oversized-clutch-a-new-day/-/A-94436055?preselect=94269886#lnk=sametab
94439815,target,A New Day,Shoulder Bucket Bag - A New Day™ Black,Shoulder Bags,29.75,35,15,TRUE,4.3,51,Bucket shoulder bag; Faux-suede fabric; Unstructured; Magnetic closure; Adjustable shoulder strap; Bag structure: Unstructured; Interior features: No Compartments or Pockets; Exterior features: No Compartments or Pockets,Polyurethane,12 Inches (H) x 9.25 Inches (W) x 6.25 Inches (D),https://target.scene7.com/is/image/Target/GUEST_88a58131-f212-4dc8-a02c-f3a4ac22922c?wid=1200&hei=1200&qlt=85,2,2026-02-23T16:45:36.750988,https://www.target.com/p/shoulder-bucket-bag-a-new-day/-/A-94594846?preselect=94439815#lnk=sametab
94687135,target,A New Day,Belted Top Handle Satchel Handbag - A New Day™ Black,Handbags & Purses,40,,0,FALSE,4.5,8,"Belted satchel handbag; Woven polyurethane fabric; Unstructured; Accessories and zip pocket; Magnetic closure; Double top handles; Adjustable shoulder strap; Bag structure: Unstructured; Interior features: Cell Phone Pocket, Zip Pocket; Exterior features: Detachable Straps, Front Pocket, Adjustable Shoulder Strap","Polyurethane, Polyester",9 Inches (H) x 12 Inches (W) x 6.25 Inches (D),https://target.scene7.com/is/image/Target/GUEST_1feee4fd-bc24-4c0f-aa63-1119864f1a1f?wid=1200&hei=1200&qlt=85,2,2026-02-23T16:45:36.750988,https://www.target.com/p/belted-top-handle-satchel-handbag-a-new-day/-/A-94705889?preselect=94687135#lnk=sametab
94780332,target,A New Day,Floral Embellished Beaded Flap Shoulder Bag - A New Day™ Yellow,Shoulder Bags,35,,0,FALSE,5,1,Beaded shoulder bag; Decorative embellished flap; Cotton-polyester blend shell; Magnetic snap; Single handle; Bag structure: Unstructured; Interior features: No Compartments or Pockets; Exterior features: No Compartments or Pockets,"Cotton, Polyester",5.59 Inches (H) x 9.76 Inches (W) x 2.16 Inches (D),https://target.scene7.com/is/image/Target/GUEST_a9411461-7bd4-4c24-8826-136fdef465f8?wid=1200&hei=1200&qlt=85,4,2026-02-23T16:45:36.750988,https://www.target.com/p/embellished-beaded-flap-shoulder-bag-a-new-day/-/A-94810413?preselect=94780332#lnk=sametab
94269200,target,Wild Fable,Game Day Clear Crossbody Bag - Wild Fable™ Navy Blue,Crossbody & Messenger Bags,15,,0,FALSE,4.8,24,Clear crossbody bag; Transparent design in solid color; Made from vinyl; Spacious main compartment with zip closure; Adjustable shoulder strap; Bag structure: Lightweight; Interior features: No Compartments or Pockets; Exterior features: Adjustable Strap,TPU (Thermoplastic Polyurethane),5.38 Inches (H) x 8.62 Inches (W) x 3.12 Inches (D),https://target.scene7.com/is/image/Target/GUEST_3e878346-9482-46e6-8c8a-9e66af458f1f?wid=1200&hei=1200&qlt=85,15,2026-02-23T16:45:36.750988,https://www.target.com/p/game-day-clear-crossbody-bag-wild-fable/-/A-94425756?preselect=94269200#lnk=sametab
89956534,target,A New Day,"Elongated Refined Crossbody Bag - A New Day™ Clear: Shell, Adjustable Strap, Structured Design",Crossbody & Messenger Bags,30,,0,FALSE,4.7,94,"Elongated crossbody bag; Exterior and interior pockets; Pushlock closure; Adjustable shoulder strap; Bag structure: Structured; Interior features: Zip Pocket; Exterior features: Adjustable Strap, Slip Pocket, Back Pocket",Polyurethane,5.5 Inches (H) x 9 Inches (W) x 2.5 Inches (D),https://target.scene7.com/is/image/Target/GUEST_eee9abe7-5512-4924-9759-b3f654df0586?wid=1200&hei=1200&qlt=85,,2026-02-23T16:45:36.750988,https://www.target.com/p/elongated-refined-crossbody-bag-a-new-day-8482-clear/-/A-89956534#lnk=sametab
94780334,target,A New Day,Drawstring Bucket Shoulder Bag - A New Day™ White,Shoulder Bags,35,,0,FALSE,4,1,Bucket bag in white; Polyurethane shell; Spacious main compartment; Magnetic closure and drawstring; Adjustable shoulder strap; Bag structure: Unstructured; Interior features: No Compartments or Pockets; Exterior features: No Compartments or Pockets,Polyurethane,12 Inches (H) x 9.5 Inches (W) x 5.25 Inches (D),https://target.scene7.com/is/image/Target/GUEST_e0b8df1d-072c-4278-b6ae-7a661113efed?wid=1200&hei=1200&qlt=85,,2026-02-23T16:45:36.750988,https://www.target.com/p/drawstring-bucket-shoulder-bag-a-new-day-8482-white/-/A-94780334#lnk=sametab
93719493,target,A New Day,Woven Minaudiere Clutch Crossbody Bag - A New Day™ Black,Crossbody & Messenger Bags,30,,0,FALSE,4.3,22,Woven crossbody clutch bag with chain strap handle; Polyurethane shell; Hardside bag structure; No interior or exterior compartments; Clasp closure; 22.83in max. strap length; 4.53in H 8.66in W x 1.97in D; Bag structure: Hardside; Interior features: No Compartments or Pockets; Exterior features: No Compartments or Pockets,Polyurethane,4.53 Inches (H) x 8.66 Inches (W) x 1.97 Inches (D),https://target.scene7.com/is/image/Target/GUEST_7a31f73e-c512-41c3-a5dd-bd1b4591b9a9?wid=1200&hei=1200&qlt=85,3,2026-02-23T16:45:36.750988,https://www.target.com/p/woven-minaudiere-clutch-crossbody-bag-a-new-day/-/A-94097219?preselect=93719493#lnk=sametab
94686078,target,Universal Thread,Soft Fringe Crescent Handbag - Universal Thread™ Brown,Shoulder Bags,30,,0,FALSE,4.2,31,"Universal Thread crescent handbag; Features fringe detailing; Interior pocket; Made of faux suede fabric; Lightweight design; Double handles; Bag structure: Softside, Lightweight; Interior features: Zip Pocket; Exterior features: No Compartments or Pockets",Polyester,8.62 Inches (H) x 11.75 Inches (W) x 3 Inches (D),https://target.scene7.com/is/image/Target/GUEST_af85a4a3-fb8d-4ce4-9f2f-51b7967a6c2a?wid=1200&hei=1200&qlt=85,2,2026-02-23T16:45:36.750988,https://www.target.com/p/soft-fringe-crescent-handbag-universal-thread/-/A-94686073?preselect=94686078#lnk=sametab
94439816,target,A New Day,Belted Satchel Handbag - A New Day™ Black,Satchels,35,,0,FALSE,3.7,10,"Belted satchel handbag in black; Woven polyurethane fabric; Unstructured; Accessories and zip pocket; Zip closure; Double top handles; Adjustable shoulder strap; Bag structure: Unstructured; Interior features: Accessories Pocket, Zip Pocket; Exterior features: Detachable Straps, No Compartments or Pockets, Adjustable Shoulder Strap",Polyurethane,9.75 Inches (H) x 16 Inches (W) x 5.5 Inches (D),https://target.scene7.com/is/image/Target/GUEST_6a728068-0f5f-4b15-bdb8-c51390872b6a?wid=1200&hei=1200&qlt=85,,2026-02-23T16:45:36.750988,https://www.target.com/p/belted-satchel-handbag-a-new-day-8482-black/-/A-94439816#lnk=sametab
94780356,target,A New Day,Straw Ruffle Crochet Fan Tote Bag - A New Day™ Natural,Shoulder Bags,40,,0,FALSE,5,1,Bag structure: Unstructured; Interior features: No Compartments or Pockets; Exterior features: No Compartments or Pockets,Paper Straw,12 Inches (H) x 24.5 Inches (W) x 5.5 Inches (D),https://target.scene7.com/is/image/Target/GUEST_f2846fae-28fe-469c-bc06-f9de4cbc96d8?wid=1200&hei=1200&qlt=85,,2026-02-23T16:45:36.750988,https://www.target.com/p/straw-ruffle-crochet-fan-tote-bag-a-new-day-8482-natural/-/A-94780356#lnk=sametab
94440032,target,Universal Thread,Curved Shoulder Bag - Universal Thread™ Black,Shoulder Bags,16.25,25,35,TRUE,4.5,32,Universal Thread curved shoulder bag; Vinyl fabric; Unstructured; Magnetic closure; Single carrying handle; Bag structure: Unstructured; Interior features: No Compartments or Pockets; Exterior features: No Compartments or Pockets,Polyurethane,10.5 Inches (H) x 11 Inches (W) x 2.5 Inches (D),https://target.scene7.com/is/image/Target/GUEST_269a5799-f51b-4430-bcaa-bf02687b6ccf?wid=1200&hei=1200&qlt=85,3,2026-02-23T16:45:36.750988,https://www.target.com/p/curved-shoulder-bag-universal-thread/-/A-94594861?preselect=94440032#lnk=sametab
94439807,target,A New Day,Gathered Bracelet Handbag - A New Day™ Black,Handbags & Purses,15,20,25,TRUE,4.7,27,Unstructured handbag; Gathered detailing; Woven design; Single handle; Bag structure: Unstructured; Interior features: No Compartments or Pockets; Exterior features: No Compartments or Pockets,Polyurethane,7 Inches (H) x 9 Inches (W) x 4.75 Inches (D),https://target.scene7.com/is/image/Target/GUEST_8f4f99f9-ba8c-49b0-aa3d-6cf9b88112dd?wid=1200&hei=1200&qlt=85,2,2026-02-23T16:45:36.750988,https://www.target.com/p/gathered-bracelet-handbag-a-new-day/-/A-94594849?preselect=94439807#lnk=sametab
94780199,target,Universal Thread,Studded Handle Mini Bucket Crossbody Handbag - Universal Thread™ Brown,Crossbody & Messenger Bags,25,,0,FALSE,5,1,Universal Thread mini bucket crossbody handbag; Faux-leather fabric; Spacious interior with magnetic closure; Carrying handle; Removable strap; Unstructured design; Bag structure: Unstructured; Interior features: No Compartments or Pockets; Exterior features: No Compartments or Pockets,Polyester,7.25 Inches (H) x 8.75 Inches (W) x 3 Inches (D),https://target.scene7.com/is/image/Target/GUEST_6e0a1afb-c350-4a2e-bc4c-10eaf8c469c5?wid=1200&hei=1200&qlt=85,3,2026-02-23T16:45:36.750988,https://www.target.com/p/handle-mini-bucket-crossbody-handbag-universal-thread/-/A-94810394?preselect=94780199#lnk=sametab
94747208,target,A New Day,Straw Floral Embroidered Bucket Top Handle Bag - A New Day™ Natural,Shoulder Bags,30,,0,FALSE,0,0,Bag structure: Unstructured; Interior features: No Compartments or Pockets; Exterior features: No Compartments or Pockets,Paper,10.5 Inches (H) x 8.5 Inches (W) x 5.5 Inches (D),https://target.scene7.com/is/image/Target/GUEST_0136068a-4b2b-4fc0-8c6d-6183f4f46901?wid=1200&hei=1200&qlt=85,,2026-02-23T16:45:36.750988,https://www.target.com/p/straw-floral-embroidered-bucket-top-handle-bag-a-new-day-8482-natural/-/A-94747208#lnk=sametab
94687144,target,A New Day,Embellished Flap Shoulder Bag - A New Day™ Black,Shoulder Bags,28,35,20,TRUE,4.7,20,Embellished flap shoulder bag; Black hue; Made from polyester velvet fabric; Single handle; Flap closure; Unstructured; Bag structure: Unstructured; Interior features: No Compartments or Pockets; Exterior features: No Compartments or Pockets,Polyester,5.59 Inches (H) x 9.76 Inches (W) x 2.16 Inches (D),https://target.scene7.com/is/image/Target/GUEST_35d010bb-faf4-48ce-89ac-28f2279b201e?wid=1200&hei=1200&qlt=85,,2026-02-23T16:45:36.750988,https://www.target.com/p/embellished-flap-shoulder-bag-a-new-day-8482-black/-/A-94687144#lnk=sametab
94755266,target,Universal Thread,Straw Drawstring Bucket Handbag - Universal Thread™ Natural,Shoulder Bags,25,,0,FALSE,5,3,Bag structure: Structured; Interior features: No Compartments or Pockets; Exterior features: No Compartments or Pockets,Paper,7.1 Inches (H) x 6.3 Inches (W) x 5 Inches (D),https://target.scene7.com/is/image/Target/GUEST_32bda9ef-1e0d-46ff-9cce-21380d955c2e?wid=1200&hei=1200&qlt=85,,2026-02-23T16:45:31.455708,https://www.target.com/p/straw-drawstring-bucket-handbag-universal-thread-8482-natural/-/A-94755266#lnk=sametab
92450026,target,Universal Thread,"Essential Sling Crossbody Bag - Universal Thread™ Off-White: Detachable Strap, 45.5"" Max Length",Crossbody & Messenger Bags,13,20,35,TRUE,4.4,51,Universal Thread sling crossbody bag; Features interior pocket; Zipper closure; Removable strap; Bag structure: Unstructured; Interior features: Zip Pocket; Exterior features: Detachable Straps,Polyurethane,7 Inches (H) x 14.5 Inches (W) x 3.25 Inches (D),https://target.scene7.com/is/image/Target/GUEST_629a321d-e79b-45b9-92b9-818e3fffab69?wid=1200&hei=1200&qlt=85,1,2026-02-23T16:45:31.455708,https://www.target.com/p/elevated-sling-crossbody-bag-universal-thread/-/A-92750859?preselect=92450026#lnk=sametab
94742368,target,A New Day,Straw Oval Shoulder Bag - A New Day™ Tan,Shoulder Bags,30,,0,FALSE,0,0,Bag structure: Unstructured; Interior features: No Compartments or Pockets; Exterior features: No Compartments or Pockets,Paper,16.5 Inches (H) x 12.75 Inches (W) x 2 Inches (D),https://target.scene7.com/is/image/Target/GUEST_16569acb-158d-4552-9846-3a8fd78352d6?wid=1200&hei=1200&qlt=85,,2026-02-23T16:45:31.455708,https://www.target.com/p/straw-oval-shoulder-bag-a-new-day-8482-tan/-/A-94742368#lnk=sametab
94780331,target,A New Day,Woven Fold Over Clutch - A New Day™ Off-White,Clutches,25,,0,FALSE,5,1,"Foldover clutch; Polyurethane vinyl fabric; Unstructured; Interior zipper pocket; Detachable metal chain; Magnetic closure; Bag structure: Unstructured; Interior features: Zip Pocket; Exterior features: No Compartments or Pockets, Detachable Straps",Polyurethane,7 Inches (H) x 11.25 Inches (W) x 3.25 Inches (D),https://target.scene7.com/is/image/Target/GUEST_83dc0297-00ca-464f-b596-d57a1e87f6de?wid=1200&hei=1200&qlt=85,3,2026-02-23T16:45:31.455708,https://www.target.com/p/fold-over-clutch-a-new-day/-/A-94810412?preselect=94780331#lnk=sametab
94451127,target,A New Day,Organic Minaudiere Clutch - A New Day™ Black/Gold,Clutches,35,,0,FALSE,5,4,Organic minaudiere clutch; Acrylic fabric; Hardside; Snap closure; Removable chain strap handle; Bag structure: Hardside; Interior features: No Compartments or Pockets; Exterior features: No Compartments or Pockets,Acrylic,4.33 Inches (H) x 8.66 Inches (W) x 2.95 Inches (D),https://target.scene7.com/is/image/Target/GUEST_434f0c63-651b-4a09-918e-3dba35c7da99?wid=1200&hei=1200&qlt=85,,2026-02-23T16:45:31.455708,https://www.target.com/p/organic-minaudiere-clutch-a-new-day-8482-black-gold/-/A-94451127#lnk=sametab
94451126,target,A New Day,Minaudiere Clutch Crossbody Bag - A New Day™ Leopard,Clutches,30,,0,FALSE,3.9,10,Minaudiere clutch crossbody bag; Leopard pattern; Polyester woven fabric; Hardside; Latch closure; Removable chain strap handle; Bag structure: Hardside; Interior features: No Compartments or Pockets; Exterior features: No Compartments or Pockets,Polyester,4.53 Inches (H) x 8.66 Inches (W) x 1.97 Inches (D),https://target.scene7.com/is/image/Target/GUEST_eceed7b1-d812-494f-99c8-2853bd7a4657?wid=1200&hei=1200&qlt=85,,2026-02-23T16:45:31.455708,https://www.target.com/p/minaudiere-clutch-crossbody-bag-a-new-day-8482-leopard/-/A-94451126#lnk=sametab
94407650,target,Universal Thread,Essential Crescent Sling Crossbody Bag - Universal Thread™ Leopard,Crossbody & Messenger Bags,12.75,15,15,TRUE,4.5,97,Crescent sling bag; Features interior pocket; Zipper closure; Lightweight design; Adjustable strap; Bag structure: Lightweight; Interior features: Zip Pocket; Exterior features: No Compartments or Pockets,100% Recycled Polyester,7.08 Inches (H) x 10.98 Inches (W) x 3.94 Inches (D),https://target.scene7.com/is/image/Target/GUEST_a795c5c8-5059-487b-9311-c0cb5e47a1ab?wid=1200&hei=1200&qlt=85,1,2026-02-23T16:45:31.455708,https://www.target.com/p/elevated-crescent-sling-crossbody-bag-universal-thread/-/A-92750858?preselect=94407650#lnk=sametab
94439820,target,A New Day,Metal Handle Crescent Saddle Handbag - A New Day™ Black,Shoulder Bags,19.5,30,35,TRUE,4.6,31,Metal handle bag; Crescent shape; Zipper closure; Single handle; Bag structure: Unstructured; Interior features: No Compartments or Pockets; Exterior features: No Compartments or Pockets,Metal,10.25 Inches (H) x 13 Inches (W) x 3.5 Inches (D),https://target.scene7.com/is/image/Target/GUEST_f40ea3a1-34f3-438d-affd-36f22840eabd?wid=1200&hei=1200&qlt=85,3,2026-02-23T16:45:31.455708,https://www.target.com/p/metal-handle-crescent-handbag-a-new-day/-/A-94594850?preselect=94439820#lnk=sametab
94687156,target,Universal Thread,Faux Suede Mini Studded Slouchy Chain Handbag - Universal Thread™ Tan,Mini Bags,30,,0,FALSE,5,5,"Universal Thread mini slouchy handbag; Studded detailing; Faux-suede fabric; Accessory and zip pockets; Magnetic closure; Double carrying handles; Removable chain strap handle; Bag structure: Miniature; Interior features: Zip Pocket, Credit Card Pockets; Exterior features: No Compartments or Pockets",Polyester,5.33 Inches (H) x 9.25 Inches (W) x 3 Inches (D),https://target.scene7.com/is/image/Target/GUEST_ad81dbc2-5020-48d9-8846-89c2becea968?wid=1200&hei=1200&qlt=85,,2026-02-23T16:45:31.455708,https://www.target.com/p/faux-suede-mini-studded-slouchy-chain-handbag-universal-thread-8482-tan/-/A-94687156#lnk=sametab
94780335,target,A New Day,Straw Caning Honey Comb Clutch - A New Day™ Natural,Clutches,40,,0,FALSE,4.7,3,Bag structure: Structured; Interior features: No Compartments or Pockets; Exterior features: No Compartments or Pockets,Paper Straw,9 Inches (H) x 10 Inches (W) x 4 Inches (D),https://target.scene7.com/is/image/Target/GUEST_98a8e09a-3c60-4651-8a9f-52291f71352c?wid=1200&hei=1200&qlt=85,,2026-02-23T16:45:31.455708,https://www.target.com/p/straw-caning-honey-comb-clutch-a-new-day-8482-natural/-/A-94780335#lnk=sametab
94440037,target,Universal Thread,Oversized Crescent Shoulder Bag - Universal Thread™ Black,Shoulder Bags,35,,0,FALSE,4.7,19,Universal Thread shoulder bag; Crescent moon shape; Interior pocket; Oversized; Zipper closure; Single handle; Bag structure: Unstructured; Interior features: Zip Pocket; Exterior features: No Compartments or Pockets,Polyurethane,14.5 Inches (H) x 15.25 Inches (W) x 6 Inches (D),https://target.scene7.com/is/image/Target/GUEST_35c65967-cefb-47f8-859c-bb8f2ad3806f?wid=1200&hei=1200&qlt=85,3,2026-02-23T16:45:31.455708,https://www.target.com/p/oversized-crescent-shoulder-bag-universal-thread/-/A-94594862?preselect=94440037#lnk=sametab
94284333,target,Universal Thread,Studded Shoulder Bag - Universal Thread™ Brown,Shoulder Bags,25,,0,FALSE,4.7,42,Universal Thread shoulder bag; Studded design; Interior pocket; Single handle; Bag structure: Unstructured; Interior features: Zip Pocket; Exterior features: No Compartments or Pockets,Polyurethane,6.5 Inches (H) x 11 Inches (W) x 2.75 Inches (D),https://target.scene7.com/is/image/Target/GUEST_1abda424-5859-4204-8797-29363ad4ad1a?wid=1200&hei=1200&qlt=85,1,2026-02-23T16:45:31.455708,https://www.target.com/p/studded-shoulder-bag-universal-thread/-/A-94492254?preselect=94284333#lnk=sametab
92157982,target,Shade & Shore,"Wipeable Tote Handbag - Shade & Shore™ Black: Double Handle, TPU Material, Solid Pattern, Unstructured Design",Beach Bags,25,,0,FALSE,4.8,95,Open tote handbag; Clear brown design; Plastic construction; Double handles; Bag structure: Unstructured; Interior features: No Compartments or Pockets; Exterior features: No Compartments or Pockets,TPU (Thermoplastic Polyurethane),13 Inches (H) x 20.4 Inches (W) x 7.9 Inches (D),https://target.scene7.com/is/image/Target/GUEST_367280eb-3f03-4625-8681-04326aa89a1e?wid=1200&hei=1200&qlt=85,3,2026-02-23T16:45:31.455708,https://www.target.com/p/tpu-clear-tote-handbag-shade-shore/-/A-92519178?preselect=92157982#lnk=sametab
89935529,target,Wild Fable,"Mini Tote Crossbody Bag - Wild Fable™ Black/Clear: Structured Faux Leather Handbag, Adjustable Strap",Crossbody & Messenger Bags,18,,0,FALSE,4.5,157,"Crossbody mini tote bag; Main compartment with interior and exterior pockets; Zipper closure; Adjustable shoulder strap and double handles; Bag structure: Miniature, Structured; Interior features: No Compartments or Pockets; Exterior features: Detachable Straps, No Compartments or Pockets",PVC (Polyvinyl Chloride),6.12 Inches (H) x 7 Inches (W) x 2.38 Inches (D),https://target.scene7.com/is/image/Target/GUEST_1578bc2b-a2bb-4b47-a1a3-d8ae996916be?wid=1200&hei=1200&qlt=85,5,2026-02-23T16:45:31.455708,https://www.target.com/p/mini-tote-crossbody-bag-wild-fable/-/A-89490171?preselect=89935529#lnk=sametab
92467984,target,Universal Thread,"Travel Bag Pouch System - Universal Thread™ Clear: Solid TPU Vinyl Clutch, Zip Closure, 10.25"" x 7"" x 3.25""",Clutches,12.75,15,15,TRUE,4.8,79,Universal Thread 2pk travel bag pouches; Varying sizes and prints; Made of canvas; Zipper closures; Bag structure: Pouch; Interior features: No Compartments or Pockets; Exterior features: No Compartments or Pockets,TPU (Thermoplastic Polyurethane),7 Inches (H) x 10.25 Inches (W) x 3.25 Inches (D),https://target.scene7.com/is/image/Target/GUEST_16550e9b-2dab-42d6-9828-7deb6787ca3b?wid=1200&hei=1200&qlt=85,1,2026-02-23T16:45:31.455708,https://www.target.com/p/travel-bag-pouch-system-universal-thread/-/A-92750867?preselect=92467984#lnk=sametab
94439833,target,A New Day,Soft Mini Handbag - A New Day Black,Shoulder Bags,20,25,20,TRUE,4.7,6,Mini soft saddle handbag in black; Vinyl fabric; Unstructured; Zip closure; Single handle; Bag structure: Unstructured; Interior features: No Compartments or Pockets; Exterior features: No Compartments or Pockets,Polyurethane,7.88 Inches (H) x 11.88 Inches (W) x 2.5 Inches (D),https://target.scene7.com/is/image/Target/GUEST_64195320-6e8a-4e0d-8812-e874a1b393bd?wid=1200&hei=1200&qlt=85,,2026-02-23T16:45:31.455708,https://www.target.com/p/mini-soft-saddle-handbag-a-new-day-8482-black/-/A-94439833#lnk=sametab
93859763,target,A New Day,Soft Shoulder Bag - A New Day™ Clear,Shoulder Bags,20,,0,FALSE,4.4,23,Softside shoulder bag; Main compartment; Zipper closure; Single handle; Bag structure: Unstructured; Interior features: No Compartments or Pockets; Exterior features: No Compartments or Pockets,Polyurethane,6.5 Inches (H) x 9.5 Inches (W) x 4 Inches (D),https://target.scene7.com/is/image/Target/GUEST_e18481d5-c4e3-4a1c-9145-d2d19bd63fea?wid=1200&hei=1200&qlt=85,2,2026-02-23T16:45:31.455708,https://www.target.com/p/soft-shoulder-bag-a-new-day/-/A-94097220?preselect=93859763#lnk=sametab
91676168,target,A New Day,"Ball Chain Shoulder Handbag Strap - A New Day™ Gold: Purse Chain Accessory, Lobster Claw Clasp, Iron & Zinc Alloy, 33.5"" Length",Bag Charms & Straps,7.5,10,25,TRUE,4.4,24,Shoulder chain strap for handbag; Features a ball chain; Metal construction; Lobster claw clasp closures,"Zinc Alloy, Iron","33.5 Inches (L), .7 Inches (W)",https://target.scene7.com/is/image/Target/GUEST_cd885e9a-ed23-4d48-8dc5-e976bdcd26ba?wid=1200&hei=1200&qlt=85,1,2026-02-23T16:45:31.455708,https://www.target.com/p/ball-chain-shoulder-handbag-strap-a-new-day/-/A-91717096?preselect=91676168#lnk=sametab
94451125,target,A New Day,Woven Minaudiere Clutch Crossbody Bag - A New Day™ Dark Red,Clutches,30,,0,FALSE,2.3,3,Woven minaudiere clutch crossbody bag; Dark red hue; Polyurethane material; Hardside; Latch closure; Removable chain strap handle; Bag structure: Hardside; Interior features: No Compartments or Pockets; Exterior features: No Compartments or Pockets,Polyurethane,4.53 Inches (H) x 8.66 Inches (W) x 1.97 Inches (D),https://target.scene7.com/is/image/Target/GUEST_586ea6fa-fcf8-48fd-af43-aa92eeb69200?wid=1200&hei=1200&qlt=85,,2026-02-23T16:45:31.455708,https://www.target.com/p/woven-minaudiere-clutch-crossbody-bag-a-new-day-8482-dog-dark-red/-/A-94451125#lnk=sametab
94687137,target,A New Day,Embellished Leopard Print Flap Shoulder Bag - A New Day™ Black/Brown,Shoulder Bags,29.75,35,15,TRUE,4.3,19,Embellished leopard flap shoulder bag; Velvet fabric; Unstructured; Flap closure; Single handle; Bag structure: Unstructured; Interior features: No Compartments or Pockets; Exterior features: No Compartments or Pockets,Polyester,5.59 Inches (H) x 9.76 Inches (W) x 2.16 Inches (D),https://target.scene7.com/is/image/Target/GUEST_1583103e-9c95-4714-a476-22d18118a945?wid=1200&hei=1200&qlt=85,,2026-02-23T16:45:31.455708,https://www.target.com/p/embellished-leopard-print-flap-shoulder-bag-a-new-day-8482-black-brown/-/A-94687137#lnk=sametab
94780325,target,A New Day,Straw Crochet Fan Tote Bag - A New Day™ Natural,Shoulder Bags,40,,0,FALSE,4,1,Bag structure: Unstructured; Interior features: No Compartments or Pockets; Exterior features: No Compartments or Pockets,Paper Straw,12 Inches (H) x 23.5 Inches (W) x 5.5 Inches (D),https://target.scene7.com/is/image/Target/GUEST_dfbb665b-8849-4647-9432-97aba69d5463?wid=1200&hei=1200&qlt=85,,2026-02-23T16:45:31.455708,https://www.target.com/p/straw-crochet-fan-tote-bag-a-new-day-8482-natural/-/A-94780325#lnk=sametab
94269201,target,Wild Fable,Game Day Clear Pouchette Crossbody Bag - Wild Fable™ Gold,Crossbody & Messenger Bags,15,,0,FALSE,4.3,19,Pouchette crossbody bag; Transparent design; Made from vinyl; Zipper closure; Adjustable shoulder strap; Bag structure: Lightweight; Interior features: No Compartments or Pockets; Exterior features: No Compartments or Pockets,TPU (Thermoplastic Polyurethane),4.5 Inches (H) x 9.25 Inches (W) x 2.75 Inches (D),https://target.scene7.com/is/image/Target/GUEST_45da01e3-7dd0-4c53-a806-1a82ffbbb1d8?wid=1200&hei=1200&qlt=85,15,2026-02-23T16:45:31.455708,https://www.target.com/p/game-day-clear-pouchette-crossbody-bag-wild-fable/-/A-94425758?preselect=94269201#lnk=sametab
89925525,target,Shade & Shore,Woven Cage Tote Handbag - Shade & Shore™ Pink,Beach Bags,30,,0,FALSE,2.1,100,Structured tote handbag; Double tote handles; Single compartment; Open-weave design in a solid hue; Bag structure: Structured; Interior features: No Compartments or Pockets; Exterior features: No Compartments or Pockets,Polyethylene,13 Inches (H) x 15.5 Inches (W) x 7 Inches (D),https://target.scene7.com/is/image/Target/GUEST_7e9f8ee3-0f8b-42b6-acf6-5c87e600569a?wid=1200&hei=1200&qlt=85,4,2026-02-23T16:45:31.455708,https://www.target.com/p/woven-cage-tote-bag-shade-shore/-/A-90073220?preselect=89925525#lnk=sametab
94269186,target,Wild Fable,Game Day Clear Wristlet Clutch - Wild Fable™ Gold,Clutches,10,,0,FALSE,4.7,15,Clear wristlet clutch; Transparent design; Made from vinyl; Zipper closure; Detachable wrist strap; Bag structure: Lightweight; Interior features: No Compartments or Pockets; Exterior features: Detachable Handle,TPU (Thermoplastic Polyurethane),7 Inches (H) x 10 Inches (W) x .12 Inches (D),https://target.scene7.com/is/image/Target/GUEST_3cdc8701-1287-4c82-b347-5086f47cfe55?wid=1200&hei=1200&qlt=85,15,2026-02-23T16:45:31.455708,https://www.target.com/p/game-day-clear-wristlet-clutch-wild-fable/-/A-94425757?preselect=94269186#lnk=sametab
89219512,target,Universal Thread,"Crochet Tote Handbag - Universal Thread™ Blue/Green Striped Straw: Paper Shell, Double Handle, Unstructured",Beach Bags,25,,0,FALSE,4.3,67,Universal Thread straw crochet tote handbag; Striped design; Single open compartment; Double handle; Forest Stewardship Council Certified; Bag structure: Unstructured; Interior features: No Compartments or Pockets; Exterior features: No Compartments or Pockets,Paper,15 Inches (H) x 14.5 Inches (W) x 3.5 Inches (D),https://target.scene7.com/is/image/Target/GUEST_c48a80d7-0ebc-4bad-a4d9-b1d0bd3d2875?wid=1200&hei=1200&qlt=85,7,2026-02-23T16:45:23.545904,https://www.target.com/p/crochet-tote-handbag-universal-thread/-/A-89399885?preselect=89219512#lnk=sametab
94742391,target,Shade & Shore,EVA Splash Tote Bag - Shade & Shore™ Cream,Beach Bags,40,,0,FALSE,0,0,Structured tote bag; EVA material; Open main compartment; Double handle; Bag structure: Structured; Interior features: No Compartments or Pockets; Exterior features: No Compartments or Pockets,EVA (Ethylene Vinyl Acetate),11.81 Inches (H) x 19.69 Inches (W) x 5.9 Inches (D),https://target.scene7.com/is/image/Target/GUEST_7afcc3bc-1d9a-4347-8b4a-b6a0e5a48f4e?wid=1200&hei=1200&qlt=85,3,2026-02-23T16:45:23.545904,https://www.target.com/p/eva-splash-tote-bag-shade-shore/-/A-94837567?preselect=94742391#lnk=sametab
94473882,target,A New Day,Basic Card Case Wallet - A New Day™ Jet Black,Wallets,5,,0,FALSE,4.5,99,Card case wallet; Multiple compartments; Made of plastic; Open closure; Interior features: No Compartments or Pockets; Exterior features: Credit Card Pockets,Polyurethane,3.12 Inches (H) x 4.25 Inches (W) x .5 Inches (D),https://target.scene7.com/is/image/Target/GUEST_a7de67bd-7cfa-4404-be63-e9dc0e74d18d?wid=1200&hei=1200&qlt=85,5,2026-02-23T16:45:23.545904,https://www.target.com/p/basic-card-case-wallet-a-new-day/-/A-92710374?preselect=94473882#lnk=sametab
94871312,target,Shade & Shore,Netted Crochet Tote Bag - Shade & Shore™ Cream,Beach Bags,30,,0,FALSE,0,0,Bag structure: Collapsible; Interior features: No Compartments or Pockets; Exterior features: No Compartments or Pockets,Cotton,16 Inches (H) x 16 Inches (W) x 6 Inches (D),https://target.scene7.com/is/image/Target/GUEST_d442864d-aaa7-49d0-b458-180c63204261?wid=1200&hei=1200&qlt=85,1,2026-02-23T16:45:23.546904,https://www.target.com/p/netted-crochet-tote-bag-shade-shore/-/A-94898633?preselect=94871312#lnk=sametab
94783504,target,A New Day,Sport Mesh Net Tote Bag - A New Day™ Yellow,Shoulder Bags,25,,0,FALSE,0,0,Bag structure: Unstructured; Interior features: No Compartments or Pockets; Exterior features: No Compartments or Pockets,Polyurethane,14.75 Inches (H) x 23 Inches (W) x 6 Inches (D),https://target.scene7.com/is/image/Target/GUEST_e6980416-127a-4b40-8760-359bb540cc5e?wid=1200&hei=1200&qlt=85,1,2026-02-23T16:45:23.546904,https://www.target.com/p/sport-mesh-net-tote-bag-a-new-day/-/A-94810399?preselect=94783504#lnk=sametab
94783499,target,A New Day,Travel Zip Pouch Set 2pc - A New Day™ Pink,Handbags & Purses,20,,0,FALSE,0,0,,,4.62 Inches (H) x 8.62 Inches (W) x 4.88 Inches (D),https://target.scene7.com/is/image/Target/GUEST_3427b75e-e65c-4c2f-9844-c3f31270b14f?wid=1200&hei=1200&qlt=85,1,2026-02-23T16:45:23.546904,https://www.target.com/p/travel-zip-pouch-set-2pc-a-new-day/-/A-94810398?preselect=94783499#lnk=sametab
94778646,target,A New Day,Valentine's Day Girl Dinner Bag Charm - A New Day™ Pink/Black,Bag Charms & Straps,8.5,10,15,TRUE,5,3,Valentine's day dinner bag charm; Made of metal; Lobster claw clasp closure; 5.4in L x 2.58in W; Suitable for ages 15+,Zinc Alloy,"5.4 Inches (L), 2.58 Inches (W)",https://target.scene7.com/is/image/Target/GUEST_cb89f75e-d6fd-4d20-9af9-f9a55c8cd1f9?wid=1200&hei=1200&qlt=85,,2026-02-23T16:45:23.546904,https://www.target.com/p/valentine-39-s-day-girl-dinner-bag-charm-a-new-day-8482/-/A-94778646#lnk=sametab
94778644,target,A New Day,Valentine's Day Press for Champagne & Sweets Bag Charm - A New Day™ Pink/Gold,Bag Charms & Straps,8.5,10,15,TRUE,4.7,6,Valentine's Day Press for Champagne & sweets bag charm; Made of metal; Lobster claw clasp closure; 6.89in L x 1.42in W; Suitable for ages 15+,Zinc Alloy,"6.89 Inches (L), 1.42 Inches (W)",https://target.scene7.com/is/image/Target/GUEST_6b77dfbe-baad-43b7-9966-3df304b17567?wid=1200&hei=1200&qlt=85,,2026-02-23T16:45:23.546904,https://www.target.com/p/valentine-39-s-day-press-for-champagne-38-sweets-bag-charm-a-new-day-8482/-/A-94778644#lnk=sametab
89538831,target,A New Day,"Small Zip Wallet - A New Day™ Smooth Black:  Shell, Solid Pattern, 3.5"" Height, 4.375"" Width",Wallets,10,,0,FALSE,4.5,744,"Small wallet; Faux-leather design; Interior zip pocket and credit card pocket; Zipper closure; Interior features: Coin Purse, Credit Card Pockets; Exterior features: No Compartments or Pockets",Polyurethane,3.5 Inches (H) x 4.38 Inches (W) x 1 Inches (D),https://target.scene7.com/is/image/Target/GUEST_274828bd-e94d-4c6d-b8ea-8f35a2ee3885?wid=1200&hei=1200&qlt=85,14,2026-02-23T16:45:23.546904,https://www.target.com/p/small-zip-wallet-a-new-day/-/A-85793665?preselect=89538831#lnk=sametab
94780220,target,Universal Thread,Puffer Backpack - Universal Thread™ Black,Fashion Backpacks,40,,0,FALSE,4.2,5,"Universal Thread puffer backpack; 100% recycled polyester shell; Zippered main compartment; Sleeve fits up to 11in laptop; Exterior zipper pocket; Side pockets with clip-on closure; Adjustable shoulder straps and top loop; 16.6ltr capacity; Bag structure: Lightweight; Interior features: Zip Pocket, Laptop Sleeve; Exterior features: Side Pockets, Zip Pocket",100% Recycled Polyester,15 Inches (H) x 5.75 Inches (W) x 11.75 Inches (D),https://target.scene7.com/is/image/Target/GUEST_00d1e281-bc59-467e-82b4-1d00b2fca76d?wid=1200&hei=1200&qlt=85,2,2026-02-23T16:45:23.546904,https://www.target.com/p/puffer-backpack-universal-thread/-/A-94810389?preselect=94780220#lnk=sametab
87712183,target,Wild Fable,"10.5"" Mini Dome Backpack - Wild Fable™ Clear: College Use, Zip Closure",Fashion Backpacks,20,,0,FALSE,4.6,353,"Mini backpack; Dome shape; Clear design; Top handle and double straps; Bag structure: Dome, Miniature; Interior features: Zip Pocket; Exterior features: Front Zip Pocket",PVC (Polyvinyl Chloride),10.5 Inches (H) x 9 Inches (W) x 4 Inches (D),https://target.scene7.com/is/image/Target/GUEST_a7b72904-12f3-4441-a72b-0c9115cf0813?wid=1200&hei=1200&qlt=85,,2026-02-23T16:45:23.546904,https://www.target.com/p/10-5-34-mini-dome-backpack-wild-fable-8482-clear/-/A-87712183#lnk=sametab
89457633,target,A New Day,L-Zip Card Case - A New Day™ Black: Solid Wallet,Wallets,8,,0,FALSE,4.6,406,"Large card case; Features an L shape; 3 card slots; Zipper closure; Attached ""O"" ring; Interior features: Credit Card Pockets; Exterior features: Credit Card Pockets",Polyurethane,3.25 Inches (H) x 5 Inches (W) x .62 Inches (D),https://target.scene7.com/is/image/Target/GUEST_f6e59526-cfba-4788-a827-abbe90db1970?wid=1200&hei=1200&qlt=85,10,2026-02-23T16:45:23.546904,https://www.target.com/p/l-zip-card-case-a-new-day/-/A-89489967?preselect=89457633#lnk=sametab
88889008,target,A New Day,Handheld Mini Handbag Strap - A New Day™ White: Solid Acrylic & Zinc Alloy Bag Accessory with Lobster Claw Clasp,Bag Charms & Straps,5,,0,FALSE,4.1,147,White mini handbag strap; Made of white faux-pearl string; Handheld style; Lobster claw clasps; 11in L; Spot or wipe clean; Bag structure: Miniature,"Zinc Alloy, Acrylic","11.4 Inches (L), .7 Inches (W)",https://target.scene7.com/is/image/Target/GUEST_13afe551-f195-461d-b8ed-4e0c2be9108b?wid=1200&hei=1200&qlt=85,,2026-02-23T16:45:23.546904,https://www.target.com/p/handheld-mini-handbag-strap-a-new-day-8482-white/-/A-88889008#lnk=sametab
94270109,target,Universal Thread,Quilted Dome Backpack - Universal Thread™ Black,Fashion Backpacks,35,,0,FALSE,4.5,50,"Universal Thread dome backpack with laptop pocket; Features a quilted pattern; Interior, exterior and side pockets; Zipper closure; Top handle and adjustable straps; Bag structure: Dome; Interior features: Accessories Pocket; Exterior features: 2-Bottle Holders, Front Zip Pocket",100% Recycled Nylon,18 Inches (H) x 12 Inches (W) x 6.25 Inches (D),https://target.scene7.com/is/image/Target/GUEST_481f79c0-83ed-4140-9026-58160d7b60e3?wid=1200&hei=1200&qlt=85,4,2026-02-23T16:45:23.546904,https://www.target.com/p/quilted-dome-backpack-universal-thread/-/A-94416290?preselect=94270109#lnk=sametab
89393179,target,A New Day,"Large Around Zip Wallet - A New Day™ Black: Shell, Solid Pattern, 8"" Width",Wallets,15,,0,FALSE,4.7,220,"Zipper wallet; Faux-leather design; Interior zip pocket and credit card pocket; Built-in loop; Interior features: Zip Pocket, Credit Card Pockets; Exterior features: No Compartments or Pockets",Polyurethane,4 Inches (H) x 8 Inches (W) x 1 Inches (D),https://target.scene7.com/is/image/Target/GUEST_5934b416-f743-4e07-ab9b-b7cf414d3183?wid=1200&hei=1200&qlt=85,8,2026-02-23T16:45:23.546904,https://www.target.com/p/large-around-zip-wallet-a-new-day/-/A-89489966?preselect=89393179#lnk=sametab
90366998,target,Universal Thread,"Sling Pack Crossbody Bag - Universal Thread™ Black: Adjustable Strap, Vinyl Construction, 57"" Max Length",Adult Backpacks,25,,0,FALSE,4.4,253,"Universal Thread sling bag; Main compartment with interior and exterior pockets; Unstructured design; Adjustable strap; Bag structure: Unstructured; Interior features: Credit Card Pockets; Exterior features: Slip Pocket, Front Zip Pocket",Polyester,9.5 Inches (H) x 5.5 Inches (W) x 3.25 Inches (D),https://target.scene7.com/is/image/Target/GUEST_d2f62459-eb35-4ae3-aee9-a607f76aaf65?wid=1200&hei=1200&qlt=85,4,2026-02-23T16:45:23.546904,https://www.target.com/p/sling-pack-handbag-universal-thread/-/A-90564756?preselect=90366998#lnk=sametab
92450028,target,Universal Thread,"Essential Packable Weekender Duffel Bag - Universal Thread™ Black: Lightweight, Collapsible, 32L Capacity",Weekender Bags,30,,0,FALSE,4.5,74,"Get yourself ready for the weekend or other short trips by carrying your essentials in the Essential Packable Weekender Duffel Bag from Universal Thread™. This duffel bag features a removable zip pouch inside and an exterior pocket to provide ample space for your items. Showcasing a collapsible design, this lightweight duffel bag can be conveniently packed away when not in use for space-saving storage, and it's easy to carry with the double handles. Universal Thread™: Found exclusively at Target.; Bag structure: Lightweight, Collapsible, Unstructured; Interior features: Removable Pouch; Exterior features: Slip Pocket",Nylon,"13 Inches (H), 17 Inches (W), 7.5 Inches (D)",https://target.scene7.com/is/image/Target/GUEST_498cb1d4-cd66-449f-b018-5108f9ba589d?wid=1200&hei=1200&qlt=85,3,2026-02-23T16:45:23.546904,https://www.target.com/p/essential-packable-weekender-duffel-bag-universal-thread/-/A-92750860?preselect=92450028#lnk=sametab
90367003,target,Universal Thread,"Square Backpack - Universal Thread™ Black: Recycled Nylon, Fits 14"" Laptop, College, Double Handle, 33.5"" Strap Length",Fashion Backpacks,35,,0,FALSE,4.3,140,"Universal Thread square backpack in solid color; Cotton canvas material; Laptop pocket, interior and exterior pockets; Top handles and adjustable straps; Unstructured design with zip closures; Fits laptop up to 14in; Bag structure: Unstructured, Square; Interior features: Accessories Pocket, Zip Pocket; Exterior features: Slip Pocket, Side Pockets, Front Zip Pocket",100% Recycled Polyester,14.75 Inches (H) x 12.5 Inches (W) x 4.25 Inches (D),https://target.scene7.com/is/image/Target/GUEST_153d4c4f-9900-4492-924e-edfbe8a8ecbf?wid=1200&hei=1200&qlt=85,6,2026-02-23T16:45:23.546904,https://www.target.com/p/square-backpack-universal-thread/-/A-90564757?preselect=90367003#lnk=sametab
94778645,target,A New Day,Valentine's Day BFF Beaded Heart Bag Charm - A New Day™ Red/Gold,Bag Charms & Straps,8.5,10,15,TRUE,1,2,Valentine's Day BFF beaded heart bag charm; Made of metal; Lobster claw clasp closure; 6.2in L x 1.36in W; Suitable for ages 15+,Zinc Alloy,"6.2 Inches (L), 1.36 Inches (W)",https://target.scene7.com/is/image/Target/GUEST_b860abd5-6370-47db-9ee5-4c9b5faebf05?wid=1200&hei=1200&qlt=85,,2026-02-23T16:45:23.546904,https://www.target.com/p/valentine-39-s-day-bff-beaded-heart-bag-charm-a-new-day-8482/-/A-94778645#lnk=sametab
93750656,target,A New Day,"Initial ""A"" and Simulated Pearl Bag Charm - A New Day™ Gold: Lobster Claw Clasp, Iron, Acrylic, Zinc Alloy",Bag Charms & Straps,10,,0,FALSE,4.3,123,"Mother's Day handbag charm in gold; Features initial ""M"" and simulated pearls; Lobster claw clasp closure; Made of metal","Zinc Alloy, Iron, Acrylic","2.5 Inches (L), .26 Inches (W)",https://target.scene7.com/is/image/Target/GUEST_925d622b-9b10-4b44-958f-45af16d5d8af?wid=1200&hei=1200&qlt=85,1,2026-02-23T16:45:23.546904,https://www.target.com/p/initial-and-simulated-pearl-handbag-charm-a-new-day/-/A-93891624?preselect=93750656#lnk=sametab
94832348,target,Universal Thread,Cowboy Teddy Bear Bag Charm - Universal Thread™,Bag Charms & Straps,10,,0,FALSE,4.6,10,,Polyester,"4.7 Inches (L), 2 Inches (W)",https://target.scene7.com/is/image/Target/GUEST_0425215c-1f1e-42e3-97b3-de7d7da39484?wid=1200&hei=1200&qlt=85,,2026-02-23T16:45:23.546904,https://www.target.com/p/cowboy-teddy-bear-bag-charm-universal-thread-8482/-/A-94832348#lnk=sametab
94687154,target,Universal Thread,Velvet Weekender Duffel Bag - Universal Thread™ Pink,Weekender Bags,35,,0,FALSE,4.5,74,"Travel in style with this Velvet Essential Packable Weekender Duffel Bag from Universal Thread™. Designed with polyester velvet shell, this duffel bag blends everyday comfort with a touch of texture. It features a spacious zippered main compartment with an interior zip pocket and sleeves to keep your essentials secure and organized while on the go. Plus, the double-strap handles provide a comfortable grip for easy carrying around. Scan the care tag QR code to follow the journey of your item—materials, care, styling, resale & more—through the digital product passport. Universal Thread™: Found exclusively at Target.; Bag structure: Lightweight; Interior features: Zip Pocket; Exterior features: No Compartments or Pockets",Polyester,"13.5 Inches (H), 13.5 Inches (W), 7.75 Inches (D)",https://target.scene7.com/is/image/Target/GUEST_9f8f5f92-660d-4f7c-9adc-93141de52e36?wid=1200&hei=1200&qlt=85,3,2026-02-23T16:45:23.546904,https://www.target.com/p/velvet-essential-packable-weekender-duffel-bag-universal-thread/-/A-95040652?preselect=94687154#lnk=sametab
90366993,target,Universal Thread,"Square Convertible Backpack - Universal Thread™ Brown: Fits 15"" Laptop, Shell, College-Ready Design",Fashion Backpacks,35,,0,FALSE,4.6,126,"Universal Thread square convertible backpack in a solid hue; Effortlessly switches to a tote bag and back; Single zip compartment with interior zip pocket and mobile pockets; Exterior pockets; Adjustable back straps; Double tote handles; Fits laptop up to 15in; Bag structure: Square, Unstructured; Interior features: Cell Phone Pocket, Zip Pocket; Exterior features: Front Zip Pocket, Backpack Straps, Side Pockets, Convertible",Polyurethane,14.5 Inches (H) x 12 Inches (W) x 5.25 Inches (D),https://target.scene7.com/is/image/Target/GUEST_6557ace2-2372-44d7-9f13-bd23d00dfe51?wid=1200&hei=1200&qlt=85,4,2026-02-23T16:45:23.546904,https://www.target.com/p/square-convertible-backpack-universal-thread/-/A-90564789?preselect=90366993#lnk=sametab
94569116,target,A New Day,Mixed Western and Horse Bag Charm - A New Day™ Gold/Silver,Bag Charms & Straps,10,,0,FALSE,4,13,"Mixed horse handbag charms on chain; Features silver- and gold-tone charms; Horse head, horseshoe, ""Not My First Rodeo"" and more; Made of metal; Lobster claw clasp closure","Iron, Zinc Alloy","6.5 Inches (L), 2.6 Inches (W)",https://target.scene7.com/is/image/Target/GUEST_290fba57-c4ee-43e7-bd36-c6f47100a17b?wid=1200&hei=1200&qlt=85,,2026-02-23T16:45:23.546904,https://www.target.com/p/mixed-western-and-horse-bag-charm-a-new-day-8482-gold-silver/-/A-94569116#lnk=sametab
94338716,target,Universal Thread,Quilted Weekender Duffel Bag - Universal Thread™ Leopard Print,Weekender Bags,30,,0,FALSE,4.5,43,"Get yourself ready for weekend trips or longer vacations with the Quilted Weekender Duffel Bag from Universal Thread™. This weekender duffel bag features a quilted pattern for a cool, textured look and an exterior pocket to give you extra space for your essentials. The collapsible design helps you save storage space while it's not being used, and double handles allow for easy carrying. Universal Thread™: Found exclusively at Target.; Bag structure: Collapsible; Interior features: No Compartments or Pockets; Exterior features: Slip Pocket",Cotton,"13 Inches (H), 17 Inches (W), 7.25 Inches (D)",https://target.scene7.com/is/image/Target/GUEST_bf731811-432b-4655-9174-f77e2fe052b0?wid=1200&hei=1200&qlt=85,1,2026-02-23T16:46:05.794252,https://www.target.com/p/quilted-weekender-duffel-bag-universal-thread/-/A-94416286?preselect=94338716#lnk=sametab
90366954,target,Wild Fable,"Square Backpack - Wild Fable™ Clear: TPU Shell, Fits 16"" Laptop, College Use",Fashion Backpacks,25,,0,FALSE,4.5,192,"Square backpack with padded laptop pocket; Interior, exterior and side pockets; Backpack straps and top handle; Zipper closure; Fits laptop up to 16in; Bag structure: Lightweight, Square; Interior features: Padded Laptop Pocket; Exterior features: Slip Pocket, Backpack Straps, Front Accessory Pocket, Front Zip Pocket",TPU (Thermoplastic Polyurethane),15.25 Inches (H) x 12 Inches (W) x 5 Inches (D),https://target.scene7.com/is/image/Target/GUEST_52c5d814-52e6-4c61-8d35-8617a6f996c4?wid=1200&hei=1200&qlt=85,4,2026-02-23T16:46:05.794252,https://www.target.com/p/square-backpack-wild-fable/-/A-90564992?preselect=90366954#lnk=sametab
90987398,target,A New Day,Facile Frame Glasses Case - A New Day™ Slate Black: Eyewear Accessory,Sunglasses & Eyeglasses,10,,0,FALSE,4.8,512,Faux-leather eyeglasses case makes it easy to carry your eyeglasses; Padded construction helps prevent eyeglasses from bumps or scratches; Structured top with hinged corners ensures eyeglasses stay secure inside; Faux-leather design in a black hue for a touch of style,Polyurethane,7 Inches (H) x 4 Inches (W) x .25 Inches (D),https://target.scene7.com/is/image/Target/GUEST_4ce61292-3a77-4715-a378-ea998fda948c?wid=1200&hei=1200&qlt=85,11,2026-02-23T16:46:05.794252,https://www.target.com/p/facile-frame-glasses-case-a-new-day/-/A-83665817?preselect=90987398#lnk=sametab
81424020,target,A New Day,"Clam Shell Glasses Case - A New Day™ Black: Solid Eyewear Accessory, Adult Use, 6.5"" Width, 3"" Height",Sunglasses & Eyeglasses,10,,0,FALSE,4.6,294,Clamshell glasses case makes a handy accessory to carry and safely store your eyewear; Black pebbled finish gives it a classic textured look; Hard shell outer makes for durable use; Lightweight design is easily portable,Polyurethane,3 Inches (H) x 6.5 Inches (W) x 2.5 Inches (D),https://target.scene7.com/is/image/Target/GUEST_0212b347-1ae1-41bc-9a06-a69ef96ad658?wid=1200&hei=1200&qlt=85,7,2026-02-23T16:46:05.794252,https://www.target.com/p/clam-shell-glasses-case-a-new-day/-/A-84266691?preselect=81424020#lnk=sametab
88922424,target,A New Day,Chain Crossbody Handbag Strap - A New Day™ Gold,Bag Charms & Straps,10,,0,FALSE,4.5,111,Chain handbag strap; Shiny metallic finish; Attaches to any crossbody handbag; Lobster claw clasps; 47in; Spot or wipe clean,Zinc Alloy,"46.8 Inches (L), .7 Inches (W)",https://target.scene7.com/is/image/Target/GUEST_c1fd03ee-8718-4b64-a811-825737071f0e?wid=1200&hei=1200&qlt=85,2,2026-02-23T16:46:05.794252,https://www.target.com/p/crossbody-handbag-strap-a-new-day/-/A-88996085?preselect=88922424#lnk=sametab
94788214,target,Universal Thread,Cosmetic Pouch 2pc Set - Universal Thread™ Clear,Makeup Bags & Organizers,15,,0,FALSE,0,0,"Keep your essentials organized in style with the 2-Piece Cosmetic Pouch Set from Universal Thread™. This pouch set comes in two different sizes to give you smart options for carrying cosmetics and other items. Compact in size, the set comes in a transparent zipper pouch for easy packing and maximizing space in your luggage. Universal Thread™: Found exclusively at Target.",TPU (Thermoplastic Polyurethane),5.07 Inches (H) x 3.74 Inches (W) x 7.28 Inches (D),https://target.scene7.com/is/image/Target/GUEST_63d363df-83a2-4814-84e9-5fea1c3a9ba0?wid=1200&hei=1200&qlt=85,,2026-02-23T16:46:05.794252,https://www.target.com/p/cosmetic-pouch-2pc-set-universal-thread-8482-clear/-/A-94788214#lnk=sametab
94440045,target,Universal Thread,Sport Cord Bag Charm - Universal Thread™ Green,Bag Charms & Straps,10,,0,FALSE,4.6,7,Universal Thread sport cord bag charm; Polyester material; Lobster claw clasp closure; 16in L x 1.35in W,Polyester,"16 Inches (L), 1.35 Inches (W)",https://target.scene7.com/is/image/Target/GUEST_169f7615-1970-4a46-836e-adb6a904e80f?wid=1200&hei=1200&qlt=85,2,2026-02-23T16:46:05.794252,https://www.target.com/p/sport-cord-bag-charm-universal-thread/-/A-94594860?preselect=94440045#lnk=sametab
94780341,target,A New Day,Zipper Wallet Wristlet - A New Day™ Cream,Wallets,12,,0,FALSE,4,4,Zipper wallet wristlet; Polyurethane material; Multiple inner card slots; Detachable loop strap; Interior features: Credit Card Pockets; Exterior features: No Compartments or Pockets,Polyurethane,3 Inches (H) x 4.5 Inches (W) x 2 Inches (D),https://target.scene7.com/is/image/Target/GUEST_c1cc1b8e-a49b-4d00-82d6-8ba80301b387?wid=1200&hei=1200&qlt=85,3,2026-02-23T16:46:05.794252,https://www.target.com/p/zipper-wallet-wristlet-a-new-day/-/A-94810395?preselect=94780341#lnk=sametab
94269198,target,Wild Fable,Nylon Collegiate Dome Backpack - Wild Fable™ Black,Fashion Backpacks,25,,0,FALSE,4.5,11,"Woven dome backpack with laptop pocket; Interior and exterior pockets; 2 bottle holders; Zipper closure; Fits up to 12in laptop; Adjustable straps; Top handle; Bag structure: Dome; Interior features: Laptop Pocket; Exterior features: 2-Bottle Holders, Adjustable Strap, Zip Pocket",100% Recycled Polyester,16.25 Inches (H) x 12.5 Inches (W) x 5.25 Inches (D),https://target.scene7.com/is/image/Target/GUEST_eae9d9c7-acf5-42bf-8c64-ecb025c459c9?wid=1200&hei=1200&qlt=85,2,2026-02-23T16:46:05.794252,https://www.target.com/p/nylon-collegiate-dome-backpack-wild-fable/-/A-94897247?preselect=94269198#lnk=sametab
94780213,target,Universal Thread,Micro Satchel Bag Charm - Universal Thread™ Cream,Bag Charms & Straps,12,,0,FALSE,4.3,4,Universal Thread micro satchel bag; Polyester material; Zipper closure; Loop charm strap,Cotton,"4.33 Inches (L), 1.18 Inches (W)",https://target.scene7.com/is/image/Target/GUEST_be58f7e5-8cf1-4b6f-a931-1854f648ee17?wid=1200&hei=1200&qlt=85,4,2026-02-23T16:46:05.794252,https://www.target.com/p/micro-satchel-bag-charm-universal-thread/-/A-94810390?preselect=94780213#lnk=sametab
94686817,target,Wild Fable,Micro Quilted Pouch Bag Charm - Wild Fable™ Cream,Bag Charms & Straps,10,,0,FALSE,4.4,25,Micro quilted pouch bag charm; Quilted pouch with zipper closure; Heart-shaped charm; Metal clasp closure,Polyester,"7 Inches (L), 4.25 Inches (W)",https://target.scene7.com/is/image/Target/GUEST_eacd6f1d-55b0-4eb0-9a66-9618398ae442?wid=1200&hei=1200&qlt=85,4,2026-02-23T16:46:05.794252,https://www.target.com/p/micro-quilted-pouch-bag-charm-wild-fable/-/A-94713227?preselect=94686817#lnk=sametab
90784361,target,A New Day,Gold Chain with Faux Leather Crossbody Handbag Strap - A New Day™ Black/Gold: Metal Accessory,Bag Charms & Straps,10,,0,FALSE,4.6,16,Chain with faux leather crossbody handbag strap; Metal gold-tone chain and black faux leather; Lobster claw clasps; Attaches to any handbag; Spot or wipe clean,"Polyurethane, Metal","49 Inches (L), .38 Inches (W)",https://target.scene7.com/is/image/Target/GUEST_6c6f3aa2-16ee-4e5a-89d0-ee30e1d3c9a3?wid=1200&hei=1200&qlt=85,,2026-02-23T16:46:05.794252,https://www.target.com/p/gold-chain-with-faux-leather-crossbody-handbag-strap-a-new-day-8482-black-gold/-/A-90784361#lnk=sametab
89956724,target,Universal Thread,Adjustable Buckle Crossbody Handbag Strap - Universal Thread™ Brown: Bag Accessory,Bag Charms & Straps,6.5,,0,FALSE,4.8,36,Universal Thread solid-color crossbody handbag strap; Faux-leather construction; Adjustable buckle for customizable length; Lobster-claw clasps; Spot or wipe clean,Polyurethane,"47.5 Inches (L), 1 Inches (W)",https://target.scene7.com/is/image/Target/GUEST_4b827149-6ac0-48bd-9173-8ad1ec13b7e0?wid=1200&hei=1200&qlt=85,2,2026-02-23T16:46:05.794252,https://www.target.com/p/adjustable-buckle-crossbody-handbag-strap-universal-thread/-/A-91870646?preselect=89956724#lnk=sametab
94440156,target,Universal Thread,Faux Suede Fringe Bag Charm - Universal Thread™ Cream,Bag Charms & Straps,10,,0,FALSE,4,3,Faux-suede fringe bag charm; Acrylic and polyester material; Lobster claw clasp closure; 6.25in L x 1.5in W; Suitable for ages 15+,"Zinc Alloy, Polyester, Acrylic","6.25 Inches (L), 1.5 Inches (W)",https://target.scene7.com/is/image/Target/GUEST_819a153b-9dba-4ca6-a877-9183d9c2b95c?wid=1200&hei=1200&qlt=85,,2026-02-23T16:46:05.794252,https://www.target.com/p/faux-suede-fringe-bag-charm-universal-thread-8482-cream/-/A-94440156#lnk=sametab
91725093,target,A New Day,"Croissant Clip On Pouch - A New Day™ Black: Solid Coin Purse, Unstructured Design",Wallets,10,,0,FALSE,4.1,43,Unstructured clip-on pouch; Croissant shape; Made with faux leather; Zipper closure; Bag structure: Unstructured; Interior features: No Compartments or Pockets; Exterior features: No Compartments or Pockets,Polyurethane,3 Inches (H) x 5.25 Inches (W) x 2 Inches (D),https://target.scene7.com/is/image/Target/GUEST_929b75db-23cc-4d20-be63-8be6aa20695d?wid=1200&hei=1200&qlt=85,1,2026-02-23T16:46:05.794252,https://www.target.com/p/croissant-clip-on-pouch-a-new-day/-/A-91980196?preselect=91725093#lnk=sametab
88922425,target,A New Day,"Chain Crossbody Handbag Strap - A New Day™ Clear/Crystal: Lobster Claw Clasp, Zinc Alloy, Solid Pattern",Bag Charms & Straps,6.5,10,35,TRUE,4.5,108,Chain handbag strap; Embellished with clear crystals; Double-chain style; Lobster-claw clasps; 46.8in L,Zinc Alloy,"46.8 Inches (L), .79 Inches (W)",https://target.scene7.com/is/image/Target/GUEST_b94b1723-851a-460a-9e6d-1f82bc3c45b1?wid=1200&hei=1200&qlt=85,,2026-02-23T16:46:05.794252,https://www.target.com/p/chain-crossbody-handbag-strap-a-new-day-8482-clear-crystal/-/A-88922425#lnk=sametab
94821620,target,A New Day,Flower Bag Charm - A New Day™,Bag Charms & Straps,10,,0,FALSE,5,1,,Polyurethane,"5.38 Inches (L), 1 Inches (W)",https://target.scene7.com/is/image/Target/GUEST_980a9843-e699-4435-bb6b-56c10cabb680?wid=1200&hei=1200&qlt=85,,2026-02-23T16:46:05.794252,https://www.target.com/p/flower-bag-charm-a-new-day-8482/-/A-94821620#lnk=sametab
94844331,target,A New Day,Straw Mini Tote Bag Charm - A New Day™,Bag Charms & Straps,10,,0,FALSE,5,1,,Paper,"8.75 Inches (L), 2.5 Inches (W)",https://target.scene7.com/is/image/Target/GUEST_8fc95494-fcca-47f0-a35c-699152a23c98?wid=1200&hei=1200&qlt=85,,2026-02-23T16:46:05.794252,https://www.target.com/p/straw-mini-tote-bag-charm-a-new-day-8482/-/A-94844331#lnk=sametab
94440157,target,Universal Thread,Chain Fringe Dangle Bag Charm - Universal Thread™ Gold,Bag Charms & Straps,10,,0,FALSE,4.9,11,Universal Thread bag charm; Mixed metals; Fringe chain design; Lobster claw clasp closure; 7.75in L x 1.5in W,"Acrylic, Iron, Zinc Alloy","7.75 Inches (L), 1.5 Inches (W)",https://target.scene7.com/is/image/Target/GUEST_8f4d3aa8-2f96-4184-a2f2-27148a93b3f4?wid=1200&hei=1200&qlt=85,2,2026-02-23T16:46:05.794252,https://www.target.com/p/chain-fringe-dangle-bag-charm-universal-thread/-/A-94686074?preselect=94440157#lnk=sametab
94269228,target,Wild Fable,Collegiate Zip Pouch - Wild Fable™ Clear,Handbags & Purses,8.5,10,15,TRUE,4.8,28,Collegiate pouch; Zip closure; Cotton construction; Side handle with stripes,TPU (Thermoplastic Polyurethane),"8.5 Inches (L), 5 Inches (W)",https://target.scene7.com/is/image/Target/GUEST_fdedadb4-765d-4d26-a921-062a9997472f?wid=1200&hei=1200&qlt=85,6,2026-02-23T16:46:05.794252,https://www.target.com/p/collegiate-zip-pouch-wild-fable/-/A-94425753?preselect=94269228#lnk=sametab
94832344,target,Universal Thread,Sport Cord & Chili Pepper Bag Charm - Universal Thread™,Bag Charms & Straps,10,,0,FALSE,0,0,,"Acrylic, Polyester","8.25 Inches (L), 2 Inches (W)",https://target.scene7.com/is/image/Target/GUEST_d91d9541-24a8-4cc8-a3ac-d59eb5ab0bbc?wid=1200&hei=1200&qlt=85,,2026-02-23T16:46:05.794252,https://www.target.com/p/sport-cord-38-chili-pepper-bag-charm-universal-thread-8482/-/A-94832344#lnk=sametab
94844279,target,Universal Thread,NY Handbag Charm Floral Print Keychain - Universal Thread™ Brown/Pink,Bag Charms & Straps,10,,0,FALSE,0,0,,"Zinc Alloy, Iron, Acrylic","5.81 Inches (L), 1.55 Inches (W)",https://target.scene7.com/is/image/Target/GUEST_e5bc1c5b-d08a-46f3-890f-1bc3e2626e4e?wid=1200&hei=1200&qlt=85,,2026-02-23T16:46:05.794252,https://www.target.com/p/floral-print-ny-bag-charm-universal-thread-8482/-/A-94844279#lnk=sametab
94844278,target,Universal Thread,LA Handbag Charm Tortoise Print Keychain - Universal Thread™ Blue/Green,Bag Charms & Straps,10,,0,FALSE,0,0,,"Zinc Alloy, Acrylic, Iron","5.81 Inches (L), 1.55 Inches (W)",https://target.scene7.com/is/image/Target/GUEST_89b339e4-2454-442e-a944-189c36267fb0?wid=1200&hei=1200&qlt=85,,2026-02-23T16:46:05.794252,https://www.target.com/p/tortoise-print-la-bag-charm-universal-thread-8482/-/A-94844278#lnk=sametab
94844333,target,A New Day,Straw Strawberry Bag Charm - A New Day™,Bag Charms & Straps,10,,0,FALSE,0,0,,Paper,"9 Inches (L), 2 Inches (W)",https://target.scene7.com/is/image/Target/GUEST_bc0a1fa4-5776-488c-9be0-423d78bc2cb5?wid=1200&hei=1200&qlt=85,,2026-02-23T16:46:05.794252,https://www.target.com/p/straw-strawberry-bag-charm-a-new-day-8482/-/A-94844333#lnk=sametab
94821621,target,A New Day,Cherry Bag Charm - A New Day™,Bag Charms & Straps,10,,0,FALSE,5,2,,Polyurethane,"5.11 Inches (L), 1.38 Inches (W)",https://target.scene7.com/is/image/Target/GUEST_0aa9308f-2cb3-490c-82b2-8a58df88cae4?wid=1200&hei=1200&qlt=85,,2026-02-23T16:45:57.790652,https://www.target.com/p/cherry-bag-charm-a-new-day-8482/-/A-94821621#lnk=sametab
94849083,target,A New Day,Straw Mushroom Bag Charm - A New Day™,Bag Charms & Straps,10,,0,FALSE,0,0,,Paper,"3.75 Inches (L), 2.3 Inches (W)",https://target.scene7.com/is/image/Target/GUEST_554cf493-fb72-4b03-a2c7-772a5843c2ed?wid=1200&hei=1200&qlt=85,,2026-02-23T16:45:57.790652,https://www.target.com/p/straw-mushroom-bag-charm-a-new-day-8482/-/A-94849083#lnk=sametab
94304619,target,Wild Fable,Game Day Bear Bag Charm - Wild Fable™ Blue,Bag Charms & Straps,10,,0,FALSE,4.6,21,Game Day bear handbag charm; Cute bear in sports jersey; Made from polyester fabric; Clip-on style,Polyester,"5 Inches (L), 3.88 Inches (W)",https://target.scene7.com/is/image/Target/GUEST_c7a463b9-7fa7-4619-911d-bc0b9e2bfa11?wid=1200&hei=1200&qlt=85,15,2026-02-23T16:45:57.790652,https://www.target.com/p/game-day-bear-handbag-charm-wild-fable/-/A-94425754?preselect=94304619#lnk=sametab
90779615,target,Universal Thread,Belt Bag Clip On Pouch - Universal Thread™ Silver: Solid Vinyl Wallet Accessory,Bag Charms & Straps,8,,0,FALSE,4.5,65,Universal Thread belt bag; Semi-circle shape; Interior and exterior pockets; Zipper closure; Attached D-ring; Bag structure: Pouch,Polyurethane,"5.12 Inches (L), 5.12 Inches (W)",https://target.scene7.com/is/image/Target/GUEST_d99b78f7-0f43-4ce1-8dc0-bb567dec143f?wid=1200&hei=1200&qlt=85,4,2026-02-23T16:45:57.790652,https://www.target.com/p/belt-bag-pouch-wristlet-universal-thread/-/A-93128475?preselect=90779615#lnk=sametab
94844332,target,A New Day,Straw Grape Bag Charm - A New Day™,Bag Charms & Straps,10,,0,FALSE,0,0,,Paper,"9.5 Inches (L), 1.5 Inches (W)",https://target.scene7.com/is/image/Target/GUEST_e892a1ef-9d72-4a10-ad47-6211e3f7b554?wid=1200&hei=1200&qlt=85,,2026-02-23T16:45:57.790652,https://www.target.com/p/straw-grape-bag-charm-a-new-day-8482/-/A-94844332#lnk=sametab
94270016,target,Universal Thread,Adaptable Backpack - Universal Thread™ Black,Fashion Backpacks,35,,0,FALSE,0,0,"Universal Thread adaptable backpack; Made of 100% recycled polyester; Zippered exterior pocket, main compartment and back compartment; Inner mesh pocket; 2 bottle holders; Adjustable straps and removable backpack straps; Top handle; Bag structure: Lightweight; Interior features: Mesh Pocket; Exterior features: 2-Bottle Holders, Adjustable Strap, Front Accessory Pocket, Backpack Straps, Zipper Pulls",100% Recycled Polyester,15.75 Inches (H) x 11.5 Inches (W) x 6.25 Inches (D),https://target.scene7.com/is/image/Target/GUEST_40075974-d78a-4081-bca6-046ef64c883d?wid=1200&hei=1200&qlt=85,,2026-02-23T16:45:57.790652,https://www.target.com/p/adaptable-backpack-universal-thread-8482-black/-/A-94270016#lnk=sametab
94821522,target,A New Day,Miami Bag Charm - A New Day™,Bag Charms & Straps,10,,0,FALSE,0,0,,Acrylic,"3 Inches (L), 2.5 Inches (W)",https://target.scene7.com/is/image/Target/GUEST_7401d94f-e28b-4a5c-8f40-e59f64893434?wid=1200&hei=1200&qlt=85,,2026-02-23T16:45:57.790652,https://www.target.com/p/miami-bag-charm-a-new-day-8482/-/A-94821522#lnk=sametab
94821521,target,A New Day,LA Bag Charm - A New Day™,Bag Charms & Straps,10,,0,FALSE,0,0,,Acrylic,"3 Inches (L), 2 Inches (W)",https://target.scene7.com/is/image/Target/GUEST_485f63d9-5d48-4255-8ea1-efc443b92de2?wid=1200&hei=1200&qlt=85,,2026-02-23T16:45:57.790652,https://www.target.com/p/la-bag-charm-a-new-day-8482/-/A-94821521#lnk=sametab
94821520,target,A New Day,Waikiki Bag Charm - A New Day™,Bag Charms & Straps,10,,0,FALSE,0,0,,Acrylic,"3.38 Inches (L), 2 Inches (W)",https://target.scene7.com/is/image/Target/GUEST_63708aff-b8cd-41b6-9088-ec5a3487eac0?wid=1200&hei=1200&qlt=85,,2026-02-23T16:45:57.790652,https://www.target.com/p/waikiki-bag-charm-a-new-day-8482/-/A-94821520#lnk=sametab
